rank,lemma,pos,total_count,doc_frequency
1,come,VERB,3129,18
2,know,VERB,2928,18
3,man,NOUN,2792,18
4,time,NOUN,2688,18
5,day,NOUN,2423,18
6,like,ADP,2297,18
7,think,VERB,2244,18
8,look,VERB,2041,18
9,thing,NOUN,1857,18
10,little,ADJ,1525,18
11,good,ADJ,1508,17
12,way,NOUN,1499,18
13,tell,VERB,1386,18
14,year,NOUN,1347,18
15,old,ADJ,1341,18
16,find,VERB,1283,17
17,life,NOUN,1226,18
18,work,NOUN,1194,18
19,house,NOUN,1131,18
20,hand,NOUN,1129,18
21,people,NOUN,1111,17
22,away,ADV,1094,18
23,great,ADJ,1073,18
24,face,NOUN,1053,16
25,want,VERB,1052,18
26,hear,VERB,1048,18
27,feel,VERB,1024,18
28,word,NOUN,1008,17
29,eye,NOUN,996,18
30,begin,VERB,959,18
31,moment,NOUN,955,17
32,leave,VERB,953,18
33,night,NOUN,919,17
34,girl,NOUN,910,14
35,money,NOUN,900,16
36,stand,VERB,882,18
37,kind,NOUN,874,18
38,woman,NOUN,870,16
39,place,NOUN,863,17
40,turn,VERB,854,18
41,let,VERB,811,17
42,write,VERB,799,17
43,long,ADV,786,18
44,live,VERB,785,17
45,sit,VERB,779,15
46,hour,NOUN,771,17
47,room,NOUN,764,15
48,happen,VERB,757,18
49,mean,VERB,740,17
50,morning,NOUN,735,18
51,head,NOUN,717,16
52,shall,AUX,706,17
53,talk,VERB,686,16
54,long,ADJ,684,18
55,book,NOUN,663,16
56,child,NOUN,659,17
57,bad,ADJ,659,18
58,oh,INTJ,651,15
59,boy,NOUN,643,15
60,young,ADJ,639,17
61,soon,ADV,639,18
62,mind,NOUN,638,18
63,ask,VERB,636,18
64,small,ADJ,628,18
65,course,NOUN,626,18
66,world,NOUN,620,18
67,speak,VERB,616,17
68,week,NOUN,614,15
69,remember,VERB,602,17
70,try,VERB,600,18
71,read,VERB,599,17
72,believe,VERB,595,17
73,door,NOUN,590,15
74,water,NOUN,588,16
75,friend,NOUN,584,17
76,bring,VERB,580,18
77,new,ADJ,566,17
78,foot,NOUN,566,16
79,voice,NOUN,565,17
80,end,NOUN,551,18
81,war,NOUN,545,16
82,pay,VERB,540,16
83,work,VERB,539,17
84,bed,NOUN,528,15
85,walk,VERB,526,17
86,grow,VERB,522,18
87,lie,VERB,519,18
88,pass,VERB,518,17
89,street,NOUN,504,15
90,white,ADJ,498,17
91,have,VERB,496,18
92,send,VERB,495,18
93,thought,NOUN,491,18
94,paper,NOUN,488,18
95,fall,VERB,483,18
96,line,NOUN,483,17
97,till,SCONJ,478,16
98,yes,INTJ,476,16
99,school,NOUN,472,15
100,run,VERB,472,18
101,arm,NOUN,470,15
102,appear,VERB,453,16
103,evening,NOUN,448,14
104,poor,ADJ,448,17
105,set,VERB,446,18
106,air,NOUN,445,18
107,job,NOUN,445,15
108,like,VERB,440,16
109,father,NOUN,437,14
110,letter,NOUN,437,14
111,fact,NOUN,437,17
112,meet,VERB,436,17
113,suddenly,ADV,435,18
114,month,NOUN,432,15
115,suppose,VERB,431,16
116,feeling,NOUN,427,18
117,animal,NOUN,426,14
118,sort,NOUN,422,17
119,country,NOUN,421,18
120,table,NOUN,420,16
121,follow,VERB,418,18
122,heart,NOUN,416,17
123,minute,NOUN,409,16
124,understand,VERB,408,16
125,stop,VERB,408,18
126,start,VERB,408,18
127,hold,VERB,407,16
128,town,NOUN,405,15
129,body,NOUN,403,17
130,break,VERB,390,17
131,wear,VERB,384,16
132,window,NOUN,382,15
133,black,ADJ,380,16
134,business,NOUN,380,16
135,mother,NOUN,379,15
136,true,ADJ,379,17
137,tree,NOUN,378,16
138,large,ADJ,377,17
139,lose,VERB,375,17
140,light,NOUN,374,16
141,class,NOUN,372,17
142,different,ADJ,370,18
143,die,VERB,370,18
144,fire,NOUN,366,16
145,case,NOUN,365,18
146,wood,NOUN,364,14
147,learn,VERB,362,16
148,right,ADJ,361,17
149,high,ADJ,355,16
150,matter,NOUN,354,18
151,half,DET,354,16
152,idea,NOUN,353,16
153,wait,VERB,351,17
154,certain,ADJ,350,18
155,carry,VERB,350,17
156,simply,ADV,349,16
157,spend,VERB,347,17
158,death,NOUN,347,16
159,food,NOUN,345,15
160,dead,ADJ,342,18
161,shop,NOUN,339,12
162,probably,ADV,338,17
163,forget,VERB,337,17
164,home,NOUN,329,18
165,dark,ADJ,329,14
166,buy,VERB,327,14
167,bit,NOUN,326,15
168,law,NOUN,324,18
169,hair,NOUN,322,12
170,later,ADV,322,14
171,stay,VERB,321,16
172,order,NOUN,321,17
173,nearly,ADV,316,17
174,expect,VERB,315,18
175,low,ADJ,313,16
176,human,ADJ,313,17
177,cry,VERB,311,16
178,point,NOUN,311,17
179,number,NOUN,311,18
180,big,ADJ,310,13
181,remain,VERB,308,17
182,wish,VERB,307,16
183,need,VERB,307,17
184,cold,ADJ,307,14
185,tea,NOUN,305,13
186,ground,NOUN,301,18
187,eat,VERB,300,16
188,draw,VERB,300,15
189,catch,VERB,297,17
190,hardly,ADV,296,17
191,question,NOUN,294,17
192,lot,NOUN,293,15
193,watch,VERB,293,16
194,road,NOUN,291,15
195,person,NOUN,288,17
196,piece,NOUN,288,18
197,home,ADV,287,16
198,throw,VERB,287,18
199,clothe,NOUN,287,15
200,merely,ADV,287,17
201,wife,NOUN,286,14
202,sun,NOUN,282,17
203,term,NOUN,281,18
204,state,NOUN,280,17
205,possible,ADJ,279,17
206,power,NOUN,279,17
207,use,NOUN,278,17
208,course,ADV,277,14
209,afternoon,NOUN,277,15
210,yard,NOUN,277,13
211,sleep,VERB,276,15
212,red,ADJ,274,16
213,wall,NOUN,273,14
214,rise,VERB,270,17
215,sound,NOUN,270,15
216,help,VERB,269,16
217,love,VERB,268,15
218,ought,AUX,267,18
219,near,ADP,267,15
220,bear,VERB,266,16
221,reason,NOUN,265,17
222,thousand,NUM,265,16
223,lead,VERB,264,18
224,return,VERB,264,16
225,open,VERB,263,17
226,round,ADV,262,16
227,free,ADJ,260,16
228,change,VERB,260,18
229,actually,ADV,260,17
230,marry,VERB,258,13
231,doctor,NOUN,258,12
232,answer,VERB,258,16
233,cut,VERB,258,17
234,family,NOUN,257,15
235,usual,ADJ,256,15
236,rest,NOUN,255,16
237,thirty,NUM,255,14
238,play,VERB,254,15
239,short,ADJ,254,18
240,mile,NOUN,253,13
241,earth,NOUN,251,17
242,dog,NOUN,251,16
243,right,ADV,250,16
244,open,ADJ,250,18
245,sight,NOUN,249,16
246,pound,NOUN,249,12
247,village,NOUN,249,14
248,ago,ADV,248,16
249,sense,NOUN,248,18
250,deep,ADJ,246,17
251,floor,NOUN,244,15
252,real,ADJ,242,18
253,listen,VERB,242,15
254,necessary,ADJ,242,17
255,discover,VERB,242,16
256,exist,VERB,241,17
257,able,ADJ,237,18
258,dinner,NOUN,235,13
259,trouble,NOUN,234,17
260,lay,VERB,234,18
261,allow,VERB,233,17
262,car,NOUN,233,11
263,continue,VERB,233,18
264,dear,ADJ,232,14
265,ice,NOUN,232,12
266,public,ADJ,232,18
267,love,NOUN,231,17
268,impossible,ADJ,231,16
269,receive,VERB,231,17
270,gun,NOUN,231,14
271,sure,ADJ,230,18
272,round,ADJ,230,14
273,member,NOUN,229,14
274,pick,VERB,228,15
275,nature,NOUN,228,18
276,age,NOUN,227,18
277,pocket,NOUN,226,14
278,corner,NOUN,226,16
279,presently,ADV,226,14
280,wonder,VERB,225,17
281,party,NOUN,225,16
282,strike,VERB,225,17
283,produce,VERB,225,18
284,manner,NOUN,225,17
285,wind,NOUN,225,14
286,field,NOUN,225,17
287,notice,VERB,224,15
288,shoulder,NOUN,223,16
289,bloody,ADJ,223,13
290,bread,NOUN,221,13
291,happy,ADJ,220,17
292,drive,VERB,220,17
293,hope,NOUN,219,16
294,arrive,VERB,218,16
295,reach,VERB,218,17
296,early,ADV,217,18
297,mouth,NOUN,217,16
298,distance,NOUN,217,16
299,winter,NOUN,216,13
300,story,NOUN,216,17
301,church,NOUN,216,16
302,finally,ADV,216,16
303,agree,VERB,215,16
304,care,VERB,215,14
305,glass,NOUN,215,14
306,round,VERB,214,14
307,right,NOUN,213,17
308,manage,VERB,213,15
309,general,ADJ,211,18
310,fill,VERB,211,16
311,farm,NOUN,211,12
312,summer,NOUN,210,14
313,half,NOUN,210,15
314,kill,VERB,210,17
315,stone,NOUN,210,16
316,second,ADJ,209,18
317,etc,X,209,12
318,instead,ADV,208,17
319,memory,NOUN,207,16
320,enter,VERB,207,15
321,immediately,ADV,206,17
322,horse,NOUN,206,16
323,quarter,NOUN,205,16
324,account,NOUN,204,16
325,half,ADJ,204,16
326,hill,NOUN,204,14
327,leg,NOUN,204,14
328,raise,VERB,204,17
329,add,VERB,204,16
330,office,NOUN,203,15
331,hard,ADJ,203,17
332,certainly,ADV,202,16
333,laugh,VERB,201,18
334,pond,NOUN,199,4
335,creature,NOUN,198,16
336,purpose,NOUN,197,17
337,green,ADJ,197,14
338,blue,ADJ,197,14
339,form,NOUN,197,17
340,seven,NUM,197,14
341,ah,INTJ,195,15
342,chance,NOUN,194,17
343,drop,VERB,194,15
344,strong,ADJ,194,17
345,pain,NOUN,193,16
346,truth,NOUN,193,15
347,history,NOUN,192,14
348,copy,NOUN,192,14
349,consider,VERB,192,18
350,imagine,VERB,191,17
351,drink,VERB,191,15
352,effort,NOUN,191,17
353,step,NOUN,190,17
354,electronic,ADJ,189,7
355,sing,VERB,189,15
356,chair,NOUN,189,14
357,pull,VERB,187,14
358,common,ADJ,186,17
359,ear,NOUN,185,18
360,easy,ADJ,185,17
361,hotel,NOUN,185,7
362,fish,NOUN,185,12
363,son,NOUN,184,14
364,cover,VERB,184,16
365,clear,ADJ,183,18
366,leaf,NOUN,183,15
367,interest,NOUN,182,18
368,awfully,ADV,181,5
369,hang,VERB,181,14
370,especially,ADV,180,17
371,effect,NOUN,180,15
372,spirit,NOUN,179,17
373,tramp,NOUN,179,10
374,save,VERB,178,17
375,sell,VERB,178,14
376,franc,NOUN,177,1
377,lesson,NOUN,176,13
378,officer,NOUN,176,13
379,single,ADJ,176,17
380,conversation,NOUN,176,15
381,forward,ADV,176,17
382,shoot,VERB,176,16
383,bottle,NOUN,176,14
384,provide,VERB,175,14
385,ready,ADJ,175,17
386,society,NOUN,174,15
387,present,ADJ,174,17
388,explain,VERB,173,16
389,hot,ADJ,173,14
390,enemy,NOUN,173,15
391,exactly,ADV,172,15
392,police,NOUN,172,11
393,yesterday,NOUN,171,13
394,sleep,NOUN,171,16
395,natural,ADJ,171,17
396,include,VERB,170,17
397,finish,VERB,170,16
398,instance,NOUN,170,16
399,machine,NOUN,170,16
400,subject,NOUN,169,15
401,fear,NOUN,169,15
402,building,NOUN,169,13
403,parent,NOUN,168,14
404,picture,NOUN,168,15
405,meal,NOUN,168,13
406,dare,VERB,167,15
407,occur,VERB,167,17
408,soul,NOUN,167,16
409,past,NOUN,167,13
410,warm,ADJ,167,14
411,sink,VERB,167,16
412,rifle,NOUN,166,6
413,brother,NOUN,165,16
414,teach,VERB,165,15
415,worth,ADJ,165,17
416,finger,NOUN,165,13
417,fine,ADJ,164,16
418,knee,NOUN,164,16
419,change,NOUN,164,18
420,yellow,ADJ,164,13
421,afraid,ADJ,163,17
422,rate,NOUN,163,16
423,nice,ADJ,162,10
424,look,NOUN,162,14
425,strange,ADJ,162,15
426,rich,ADJ,162,16
427,shut,VERB,161,15
428,youth,NOUN,161,15
429,matter,VERB,160,13
430,agreement,NOUN,160,13
431,meaning,NOUN,160,16
432,middle,NOUN,160,17
433,shake,VERB,160,16
434,spring,NOUN,159,14
435,scene,NOUN,159,16
436,waiter,NOUN,159,9
437,crowd,NOUN,159,14
438,tear,VERB,158,15
439,generally,ADV,158,17
440,train,NOUN,158,11
441,refuse,VERB,158,16
442,forth,ADV,158,17
443,early,ADJ,158,16
444,master,NOUN,157,16
445,huge,ADJ,157,14
446,glad,ADJ,156,16
447,thin,ADJ,156,14
448,newspaper,NOUN,156,13
449,thick,ADJ,156,15
450,noise,NOUN,156,16
451,fight,VERB,156,15
452,choose,VERB,155,17
453,contain,VERB,155,17
454,pig,NOUN,155,13
455,wild,ADJ,155,15
456,length,NOUN,155,14
457,enormous,ADJ,155,13
458,bird,NOUN,155,11
459,lady,NOUN,154,13
460,flower,NOUN,154,15
461,cigarette,NOUN,154,9
462,opinion,NOUN,154,18
463,grass,NOUN,154,13
464,distribute,VERB,153,13
465,view,NOUN,153,17
466,dozen,NOUN,153,15
467,self,NOUN,153,16
468,frightfully,ADV,152,2
469,affair,NOUN,152,16
470,servant,NOUN,152,12
471,language,NOUN,152,15
472,service,NOUN,152,17
473,dream,NOUN,152,14
474,smell,NOUN,152,11
475,fail,VERB,151,18
476,rain,NOUN,151,15
477,repeat,VERB,151,17
478,build,VERB,151,14
479,lovely,ADJ,150,12
480,note,NOUN,150,16
481,easily,ADV,150,16
482,suffer,VERB,150,17
483,serve,VERB,150,16
484,pleasure,NOUN,149,16
485,position,NOUN,149,16
486,stick,VERB,148,13
487,existence,NOUN,148,15
488,tooth,NOUN,147,14
489,decide,VERB,147,18
490,dreadful,ADJ,147,12
491,sea,NOUN,147,14
492,appearance,NOUN,147,16
493,company,NOUN,146,15
494,degree,NOUN,146,16
495,dress,VERB,146,15
496,fresh,ADJ,146,17
497,fly,VERB,146,15
498,fellow,NOUN,146,15
499,realize,VERB,146,12
500,nose,NOUN,145,12
501,lip,NOUN,145,15
502,miserable,ADJ,145,15
503,shore,NOUN,145,8
504,hat,NOUN,144,13
505,coat,NOUN,144,13
506,answer,NOUN,144,16
507,steal,VERB,144,14
508,burn,VERB,143,15
509,half,ADV,143,14
510,beer,NOUN,143,10
511,hole,NOUN,143,13
512,shout,VERB,143,15
513,land,NOUN,143,15
514,direction,NOUN,143,15
515,bomb,NOUN,143,6
516,thank,VERB,142,12
517,awful,ADJ,142,9
518,chap,NOUN,142,10
519,difficulty,NOUN,142,16
520,like,ADJ,142,13
521,figure,NOUN,141,18
522,blood,NOUN,141,16
523,joy,NOUN,141,15
524,political,ADJ,141,10
525,expression,NOUN,140,18
526,seize,VERB,140,14
527,hide,VERB,140,14
528,dirty,ADJ,140,13
529,enjoy,VERB,139,13
530,copyright,NOUN,139,9
531,important,ADJ,139,18
532,beginning,NOUN,139,17
533,accept,VERB,139,17
534,stuff,NOUN,139,15
535,pretend,VERB,138,16
536,private,ADJ,138,17
537,fat,ADJ,138,10
538,difference,NOUN,138,16
539,kitchen,NOUN,138,14
540,somebody,PRON,138,15
541,page,NOUN,137,15
542,burst,VERB,137,13
543,tear,NOUN,137,15
544,hope,VERB,136,15
545,row,NOUN,136,13
546,past,ADP,136,15
547,difficult,ADJ,136,16
548,couple,NOUN,136,14
549,form,VERB,136,15
550,box,NOUN,135,13
551,wrong,ADJ,135,16
552,breakfast,NOUN,135,15
553,news,NOUN,135,16
554,sky,NOUN,134,13
555,escape,VERB,134,15
556,inside,ADP,134,13
557,movement,NOUN,134,12
558,ill,ADJ,133,15
559,baby,NOUN,133,11
560,garden,NOUN,133,14
561,character,NOUN,133,16
562,end,VERB,133,16
563,quickly,ADV,132,15
564,outside,ADP,132,16
565,heavy,ADJ,132,16
566,notice,NOUN,132,17
567,describe,VERB,132,17
568,skin,NOUN,132,13
569,beautiful,ADJ,131,16
570,round,NOUN,131,15
571,curious,ADJ,131,15
572,disappear,VERB,131,15
573,promise,VERB,130,15
574,particular,ADJ,130,15
575,hard,ADV,130,15
576,simple,ADJ,130,17
577,english,ADJ,130,13
578,slowly,ADV,130,17
579,river,NOUN,130,12
580,type,NOUN,130,15
581,face,VERB,130,15
582,angry,ADJ,129,14
583,cheek,NOUN,129,14
584,pale,ADJ,129,14
585,speech,NOUN,129,17
586,touch,VERB,129,16
587,settle,VERB,129,15
588,dust,NOUN,129,14
589,wise,ADJ,129,15
590,gentleman,NOUN,128,15
591,belong,VERB,128,17
592,attention,NOUN,128,15
593,knowledge,NOUN,128,17
594,destroy,VERB,128,15
595,demand,VERB,128,17
596,writing,NOUN,127,17
597,surely,ADV,127,15
598,blow,VERB,127,15
599,library,NOUN,127,14
600,gate,NOUN,127,14
601,perfectly,ADV,126,16
602,fool,NOUN,126,16
603,middle,ADJ,126,16
604,rule,NOUN,126,18
605,passage,NOUN,126,14
606,darkness,NOUN,126,14
607,comrade,NOUN,126,10
608,boot,NOUN,125,13
609,danger,NOUN,125,14
610,sister,NOUN,124,12
611,care,NOUN,124,15
612,intend,VERB,124,16
613,bar,NOUN,124,11
614,ai,VERB,124,4
615,militia,NOUN,124,5
616,dull,ADJ,123,15
617,kiss,VERB,123,11
618,mean,NOUN,123,16
619,experience,NOUN,123,15
620,mere,ADJ,123,15
621,object,NOUN,123,15
622,phrase,NOUN,122,16
623,join,VERB,122,15
624,alive,ADJ,122,16
625,afford,VERB,122,15
626,circumstance,NOUN,122,15
627,fighting,NOUN,122,9
628,horrible,ADJ,121,10
629,inch,NOUN,121,12
630,virtue,NOUN,121,13
631,late,ADJ,120,15
632,neck,NOUN,120,14
633,seek,VERB,120,14
634,government,NOUN,120,10
635,pool,NOUN,120,10
636,path,NOUN,120,14
637,brown,ADJ,119,11
638,fair,ADJ,119,14
639,occasion,NOUN,119,16
640,avoid,VERB,119,18
641,trade,NOUN,119,11
642,sweet,ADJ,118,13
643,likely,ADJ,118,15
644,mention,VERB,118,16
645,outside,ADV,118,12
646,duty,NOUN,118,16
647,partly,ADV,118,15
648,roof,NOUN,118,13
649,wander,VERB,118,14
650,silence,NOUN,118,16
651,reflect,VERB,118,15
652,fee,NOUN,117,12
653,bell,NOUN,117,13
654,obtain,VERB,117,12
655,art,NOUN,117,16
656,light,VERB,117,14
657,possess,VERB,117,16
658,edge,NOUN,116,15
659,tiny,ADJ,116,12
660,wine,NOUN,116,12
661,devil,NOUN,116,13
662,vast,ADJ,116,13
663,surface,NOUN,116,12
664,possibly,ADV,115,16
665,sound,VERB,115,15
666,cross,VERB,115,14
667,tomorrow,NOUN,115,12
668,act,NOUN,115,16
669,habit,NOUN,115,17
670,slip,VERB,115,14
671,tall,ADJ,114,14
672,deal,NOUN,114,16
673,engage,VERB,114,14
674,bind,VERB,114,16
675,safe,ADJ,114,16
676,asleep,ADJ,114,15
677,drink,NOUN,114,14
678,approach,VERB,114,15
679,instant,NOUN,114,15
680,fascist,ADJ,114,3
681,push,VERB,113,13
682,heat,NOUN,113,12
683,stir,VERB,113,17
684,camp,NOUN,113,12
685,spot,NOUN,113,14
686,interesting,ADJ,112,16
687,lie,NOUN,112,16
688,plan,NOUN,112,14
689,breast,NOUN,112,12
690,fire,VERB,112,13
691,sorry,ADJ,111,15
692,attend,VERB,111,15
693,beat,VERB,111,15
694,fix,VERB,111,16
695,kid,NOUN,111,10
696,doubt,NOUN,111,16
697,music,NOUN,110,12
698,visit,VERB,110,12
699,close,ADV,110,16
700,cheap,ADJ,110,12
701,step,VERB,110,14
702,poverty,NOUN,110,12
703,secret,NOUN,109,14
704,station,NOUN,109,15
705,hold,NOUN,109,15
706,offer,VERB,109,15
707,coffee,NOUN,109,12
708,clean,ADJ,109,14
709,donation,NOUN,108,7
710,good,NOUN,108,14
711,wake,VERB,108,13
712,weather,NOUN,108,14
713,reality,NOUN,108,17
714,roll,VERB,108,13
715,shilling,NOUN,108,7
716,force,NOUN,108,15
717,express,VERB,108,16
718,city,NOUN,108,13
719,frightful,ADJ,107,8
720,example,NOUN,107,13
721,poem,NOUN,107,13
722,create,VERB,107,15
723,hurry,VERB,107,13
724,atmosphere,NOUN,107,14
725,period,NOUN,107,16
726,completely,ADV,107,14
727,grasp,VERB,107,14
728,chapter,NOUN,107,11
729,struggle,VERB,107,15
730,gaze,VERB,107,12
731,daughter,NOUN,106,12
732,admit,VERB,106,17
733,prove,VERB,106,16
734,hat,VERB,106,15
735,event,NOUN,106,14
736,bright,ADJ,106,14
737,cease,VERB,106,16
738,morrow,NOUN,105,5
739,proper,ADJ,105,14
740,army,NOUN,105,13
741,sheet,NOUN,105,15
742,meeting,NOUN,105,16
743,press,VERB,105,15
744,snow,NOUN,105,11
745,accord,VERB,105,16
746,concern,VERB,104,14
747,prevent,VERB,104,17
748,act,VERB,104,16
749,sign,NOUN,104,17
750,horror,NOUN,104,14
751,board,NOUN,104,12
752,perceive,VERB,104,13
753,cloud,NOUN,104,14
754,pavement,NOUN,104,8
755,telescreen,NOUN,104,1
756,husband,NOUN,103,13
757,talk,NOUN,103,15
758,miss,VERB,103,15
759,tired,ADJ,103,14
760,place,VERB,103,14
761,shoe,NOUN,103,13
762,peace,NOUN,103,14
763,cause,NOUN,103,15
764,suggest,VERB,103,15
765,absolutely,ADV,102,15
766,pretty,ADV,102,13
767,grey,ADJ,102,10
768,song,NOUN,102,15
769,remind,VERB,102,15
770,mountain,NOUN,102,10
771,secret,ADJ,102,15
772,boat,NOUN,102,12
773,modern,ADJ,102,15
774,spring,VERB,102,15
775,evil,NOUN,102,12
776,result,NOUN,102,16
777,interval,NOUN,101,12
778,information,NOUN,101,14
779,past,ADJ,101,14
780,charge,NOUN,101,16
781,hungry,ADJ,101,14
782,print,VERB,101,16
783,mind,VERB,101,15
784,succeed,VERB,101,15
785,success,NOUN,101,16
786,stranger,NOUN,100,15
787,silent,ADJ,100,16
788,rest,VERB,100,15
789,e,NOUN,100,15
790,aware,ADJ,100,13
791,observe,VERB,100,12
792,fishing,NOUN,100,10
793,travel,VERB,99,13
794,cat,NOUN,99,12
795,pot,NOUN,99,13
796,season,NOUN,99,14
797,drag,VERB,99,13
798,usually,ADV,99,15
799,exclaim,VERB,99,13
800,penny,NOUN,99,9
801,present,NOUN,98,16
802,win,VERB,98,15
803,perfect,ADJ,98,17
804,treat,VERB,98,15
805,ordinary,ADJ,98,15
806,hop,VERB,98,15
807,future,NOUN,98,16
808,require,VERB,98,12
809,fear,VERB,98,15
810,breath,NOUN,98,13
811,bill,NOUN,98,12
812,soldier,NOUN,98,13
813,misery,NOUN,98,12
814,terrible,ADJ,97,15
815,game,NOUN,97,13
816,whisper,VERB,97,13
817,suit,NOUN,97,13
818,stick,NOUN,97,13
819,lean,VERB,97,12
820,stream,NOUN,97,13
821,tin,NOUN,97,10
822,desire,NOUN,97,13
823,bag,NOUN,96,13
824,respect,NOUN,96,14
825,wash,VERB,96,12
826,study,NOUN,96,11
827,waste,VERB,96,15
828,condition,NOUN,96,17
829,market,NOUN,96,13
830,fling,VERB,96,12
831,cup,NOUN,96,11
832,advantage,NOUN,96,14
833,native,ADJ,96,12
834,luck,NOUN,95,12
835,paragraph,NOUN,95,10
836,order,VERB,95,16
837,examine,VERB,95,17
838,drunk,ADJ,95,14
839,flat,ADJ,95,14
840,troop,NOUN,95,10
841,century,NOUN,95,14
842,living,NOUN,95,13
843,colour,NOUN,94,12
844,close,ADJ,94,16
845,poet,NOUN,94,10
846,spite,NOUN,94,15
847,apart,ADV,94,15
848,obviously,ADV,94,13
849,action,NOUN,94,14
850,argument,NOUN,94,16
851,float,VERB,94,12
852,recognize,VERB,94,12
853,splendid,ADJ,93,11
854,directly,ADV,93,13
855,owe,VERB,93,16
856,prepare,VERB,93,15
857,tale,NOUN,93,16
858,pair,NOUN,93,12
859,beneath,ADP,93,14
860,belly,NOUN,93,11
861,nowadays,ADV,93,11
862,restaurant,NOUN,93,5
863,sir,NOUN,93,9
864,cousin,NOUN,92,9
865,beg,VERB,92,14
866,spectacle,NOUN,92,16
867,tongue,NOUN,92,15
868,group,NOUN,92,12
869,cause,VERB,92,14
870,need,NOUN,92,16
871,impression,NOUN,92,17
872,race,NOUN,92,16
873,farmer,NOUN,92,7
874,iss,VERB,92,1
875,trademark,NOUN,91,7
876,copy,VERB,91,15
877,sake,NOUN,91,16
878,obvious,ADJ,91,15
879,glance,NOUN,91,13
880,practically,ADV,91,15
881,surprise,NOUN,91,15
882,physical,ADJ,91,15
883,hop,NOUN,91,5
884,occasionally,ADV,91,13
885,smell,VERB,91,13
886,cell,NOUN,91,9
887,jail,NOUN,91,9
888,worker,NOUN,91,6
889,stupid,ADJ,90,13
890,trust,VERB,90,15
891,date,NOUN,90,16
892,late,ADV,90,14
893,rush,VERB,90,15
894,naked,ADJ,90,12
895,wide,ADJ,90,14
896,entirely,ADV,90,14
897,utter,VERB,90,13
898,dress,NOUN,89,14
899,hospital,NOUN,89,8
900,sick,ADJ,89,14
901,o,NOUN,89,13
902,share,VERB,89,17
903,journey,NOUN,89,15
904,bury,VERB,89,13
905,straight,ADV,89,12
906,bank,NOUN,89,11
907,today,NOUN,89,13
908,moon,NOUN,89,13
909,narrow,ADJ,89,12
910,anybody,PRON,89,11
911,detail,NOUN,89,15
912,remark,NOUN,89,15
913,bone,NOUN,89,11
914,situation,NOUN,89,15
915,point,VERB,89,14
916,gather,VERB,89,14
917,near,ADV,89,15
918,principle,NOUN,89,12
919,holiday,NOUN,88,13
920,study,VERB,88,14
921,throat,NOUN,88,17
922,opportunity,NOUN,88,16
923,labour,NOUN,88,10
924,vague,ADJ,88,12
925,march,VERB,88,12
926,bend,VERB,88,13
927,confess,VERB,88,13
928,shirt,NOUN,88,11
929,prison,NOUN,88,13
930,crown,NOUN,87,12
931,dangerous,ADJ,87,16
932,everybody,PRON,87,14
933,court,NOUN,87,12
934,guard,NOUN,87,14
935,milk,NOUN,87,13
936,prayer,NOUN,87,13
937,cottage,NOUN,87,9
938,pile,NOUN,87,13
939,second,NOUN,87,12
940,sudden,ADJ,86,15
941,lamp,NOUN,86,13
942,clerk,NOUN,86,13
943,tobacco,NOUN,86,12
944,candle,NOUN,86,14
945,dig,VERB,86,10
946,near,ADJ,86,15
947,reckon,VERB,86,7
948,bare,ADJ,86,13
949,shape,NOUN,86,12
950,sand,NOUN,86,11
951,goodness,NOUN,85,11
952,staff,NOUN,85,13
953,pity,NOUN,85,14
954,beauty,NOUN,85,13
955,left,ADJ,85,13
956,mud,NOUN,85,11
957,stretch,VERB,85,13
958,prisoner,NOUN,85,10
959,hate,VERB,84,15
960,particularly,ADV,84,16
961,wonderful,ADJ,84,14
962,happiness,NOUN,84,13
963,light,ADJ,84,15
964,hit,VERB,84,12
965,pink,ADJ,84,13
966,inhabitant,NOUN,84,13
967,increase,VERB,84,14
968,earn,VERB,84,11
969,sweep,VERB,84,14
970,spanish,ADJ,84,5
971,bullet,NOUN,84,9
972,revolution,NOUN,84,9
973,seldom,ADV,83,13
974,turn,NOUN,83,16
975,quiet,ADJ,83,14
976,method,NOUN,83,15
977,iron,NOUN,83,14
978,vanish,VERB,83,14
979,slight,ADJ,83,14
980,rid,VERB,83,15
981,packet,NOUN,83,9
982,gold,NOUN,82,14
983,forest,NOUN,82,8
984,aunt,NOUN,82,10
985,section,NOUN,82,14
986,military,ADJ,82,14
987,style,NOUN,82,15
988,swear,VERB,82,14
989,worry,VERB,82,12
990,lift,VERB,82,14
991,pure,ADJ,82,16
992,remove,VERB,82,14
993,ship,NOUN,82,15
994,arrest,VERB,82,13
995,conscious,ADJ,82,16
996,proceed,VERB,82,11
997,search,VERB,82,13
998,mistake,NOUN,81,15
999,endure,VERB,81,12
1000,companion,NOUN,81,12
1001,imagination,NOUN,81,14
1002,strength,NOUN,81,16
1003,swallow,VERB,81,14
1004,affection,NOUN,81,12
1005,improve,VERB,81,15
1006,mark,VERB,81,16
1007,level,NOUN,81,12
1008,faint,ADJ,81,12
1009,oblige,VERB,81,15
1010,quick,ADJ,81,16
1011,complete,ADJ,81,16
1012,starve,VERB,81,11
1013,dry,ADJ,81,13
1014,attitude,NOUN,81,14
1015,pub,NOUN,81,7
1016,jungle,NOUN,81,4
1017,teacher,NOUN,80,13
1018,walk,NOUN,80,15
1019,hurt,VERB,80,13
1020,hand,VERB,80,15
1021,force,VERB,80,14
1022,fast,ADV,80,15
1023,gradually,ADV,80,14
1024,list,NOUN,80,15
1025,regular,ADJ,80,16
1026,egg,NOUN,80,12
1027,smile,VERB,80,13
1028,pause,VERB,80,13
1029,store,NOUN,80,12
1030,fond,ADJ,79,10
1031,silly,ADJ,79,12
1032,fetch,VERB,79,13
1033,marriage,NOUN,79,12
1034,bath,NOUN,79,12
1035,declare,VERB,79,16
1036,special,ADJ,79,17
1037,soft,ADJ,79,15
1038,sensation,NOUN,79,13
1039,dirt,NOUN,79,12
1040,support,VERB,79,15
1041,poster,NOUN,79,7
1042,creep,VERB,79,13
1043,rod,NOUN,79,7
1044,comply,VERB,78,7
1045,cost,VERB,78,11
1046,sentence,NOUN,78,14
1047,weak,ADJ,78,15
1048,honour,NOUN,78,10
1049,attack,NOUN,78,13
1050,post,NOUN,78,16
1051,star,VERB,78,14
1052,smoke,NOUN,78,14
1053,spread,VERB,78,16
1054,occupy,VERB,78,12
1055,pipe,NOUN,78,10
1056,practice,NOUN,78,13
1057,bench,NOUN,77,11
1058,ring,NOUN,77,13
1059,access,NOUN,77,8
1060,protect,VERB,77,15
1061,tax,NOUN,77,12
1062,o,INTJ,77,11
1063,possession,NOUN,77,14
1064,tone,NOUN,77,15
1065,pine,NOUN,77,8
1066,cow,NOUN,77,13
1067,brain,NOUN,77,15
1068,instantly,ADV,77,15
1069,peculiar,ADJ,77,15
1070,surround,VERB,77,10
1071,pour,VERB,77,12
1072,track,NOUN,77,12
1073,foreign,ADJ,77,14
1074,supper,NOUN,76,11
1075,anxious,ADJ,76,13
1076,arrange,VERB,76,16
1077,visit,NOUN,76,15
1078,edition,NOUN,76,15
1079,opposite,ADJ,76,14
1080,chiefly,ADV,76,12
1081,gentle,ADJ,76,13
1082,wretched,ADJ,76,12
1083,clock,NOUN,76,12
1084,decent,ADJ,76,11
1085,bitter,ADJ,76,16
1086,evidently,ADV,76,14
1087,feed,VERB,76,11
1088,desire,VERB,76,10
1089,indian,ADJ,76,10
1090,revolutionary,ADJ,76,6
1091,diary,NOUN,75,5
1092,rage,NOUN,75,13
1093,return,NOUN,75,15
1094,furniture,NOUN,75,13
1095,expense,NOUN,75,13
1096,inside,ADV,75,12
1097,close,VERB,75,14
1098,courage,NOUN,75,13
1099,commit,VERB,75,17
1100,bedroom,NOUN,75,12
1101,filthy,ADJ,75,10
1102,queer,NOUN,75,9
1103,evil,ADJ,75,13
1104,poetry,NOUN,75,12
1105,pursue,VERB,75,12
1106,wound,VERB,75,12
1107,angle,NOUN,75,10
1108,murder,NOUN,75,15
1109,wisdom,NOUN,75,13
1110,rat,NOUN,75,9
1111,uncle,NOUN,74,10
1112,fault,NOUN,74,15
1113,utterly,ADV,74,14
1114,main,ADJ,74,15
1115,clearly,ADV,74,15
1116,taste,NOUN,74,13
1117,perform,VERB,74,17
1118,propose,VERB,74,11
1119,attempt,NOUN,74,17
1120,mass,NOUN,74,13
1121,shot,NOUN,74,12
1122,faith,NOUN,74,13
1123,de,X,74,10
1124,somewhat,ADV,74,12
1125,smile,NOUN,74,10
1126,article,NOUN,74,13
1127,crime,NOUN,74,12
1128,patron,NOUN,74,3
1129,bother,VERB,73,12
1130,official,ADJ,73,12
1131,fairly,ADV,73,15
1132,wave,NOUN,73,13
1133,useless,ADJ,73,13
1134,ahead,ADV,73,11
1135,sport,NOUN,73,7
1136,customer,NOUN,73,7
1137,dollar,NOUN,73,7
1138,report,NOUN,72,14
1139,project,NOUN,72,11
1140,generation,NOUN,72,15
1141,rank,NOUN,72,12
1142,seat,NOUN,72,15
1143,colour,VERB,72,9
1144,count,VERB,72,13
1145,alter,VERB,72,17
1146,wire,NOUN,72,10
1147,collect,VERB,72,14
1148,represent,VERB,72,15
1149,carefully,ADV,72,15
1150,broad,ADJ,72,14
1151,persuade,VERB,72,16
1152,capable,ADJ,72,14
1153,sufficient,ADJ,72,16
1154,despair,NOUN,72,11
1155,retire,VERB,71,12
1156,knock,VERB,71,14
1157,mix,VERB,71,13
1158,conceal,VERB,71,16
1159,control,NOUN,71,12
1160,stair,NOUN,71,13
1161,thy,PRON,71,10
1162,hut,NOUN,71,11
1163,boil,VERB,71,13
1164,wage,NOUN,71,9
1165,potato,NOUN,71,10
1166,flow,VERB,71,11
1167,slave,NOUN,71,13
1168,battle,NOUN,71,15
1169,sweat,NOUN,71,11
1170,resolve,VERB,71,9
1171,windmill,NOUN,71,2
1172,neighbor,NOUN,71,4
1173,tremendous,ADJ,70,13
1174,naturally,ADV,70,13
1175,false,ADJ,70,16
1176,fruit,NOUN,70,15
1177,jump,VERB,70,15
1178,midnight,NOUN,70,12
1179,surprised,ADJ,70,16
1180,apply,VERB,70,14
1181,present,VERB,70,15
1182,god,NOUN,70,8
1183,wing,NOUN,70,11
1184,beastly,ADV,70,9
1185,tail,NOUN,70,12
1186,determine,VERB,70,12
1187,useful,ADJ,70,15
1188,brick,NOUN,70,12
1189,scarcely,ADV,70,12
1190,hatred,NOUN,70,12
1191,trench,NOUN,70,5
1192,smoke,VERB,69,13
1193,doubt,VERB,69,14
1194,grant,VERB,69,15
1195,influence,NOUN,69,16
1196,familiar,ADJ,69,15
1197,unable,ADJ,69,13
1198,hunger,NOUN,69,10
1199,borrow,VERB,69,13
1200,parapet,NOUN,69,3
1201,aside,ADV,69,14
1202,distant,ADJ,69,11
1203,endeavour,VERB,69,4
1204,leader,NOUN,69,11
1205,king,NOUN,69,11
1206,hell,NOUN,69,10
1207,silk,NOUN,68,12
1208,associate,VERB,68,11
1209,original,ADJ,68,14
1210,health,NOUN,68,14
1211,promise,NOUN,68,14
1212,future,ADJ,68,14
1213,suspect,VERB,68,14
1214,mark,NOUN,68,13
1215,badly,ADV,68,11
1216,shadow,NOUN,68,13
1217,size,NOUN,68,15
1218,wet,ADJ,68,13
1219,belief,NOUN,68,15
1220,glance,VERB,68,11
1221,aspidistra,NOUN,68,3
1222,governor,NOUN,68,4
1223,twice,ADV,67,16
1224,charge,VERB,67,16
1225,french,ADJ,67,11
1226,beast,NOUN,67,14
1227,knife,NOUN,67,11
1228,star,NOUN,67,12
1229,plate,NOUN,67,13
1230,price,NOUN,67,14
1231,social,ADJ,67,13
1232,wooden,ADJ,67,10
1233,employ,VERB,67,11
1234,hundred,NOUN,67,16
1235,extent,NOUN,67,16
1236,notion,NOUN,67,13
1237,attempt,VERB,67,13
1238,vision,NOUN,67,12
1239,system,NOUN,67,12
1240,process,NOUN,67,14
1241,shell,NOUN,67,9
1242,union,NOUN,67,9
1243,butler,NOUN,67,3
1244,quid,NOUN,67,4
1245,operation,NOUN,66,12
1246,pleased,ADJ,66,13
1247,veranda,NOUN,66,3
1248,forth,ADP,66,13
1249,taxi,NOUN,66,7
1250,friendly,ADJ,66,14
1251,doorway,NOUN,66,10
1252,accident,NOUN,66,15
1253,greatly,ADV,66,15
1254,aged,ADJ,66,14
1255,sharp,ADJ,66,13
1256,curiously,ADV,66,11
1257,deeply,ADV,66,13
1258,consist,VERB,66,13
1259,fish,VERB,66,9
1260,bush,NOUN,66,12
1261,suit,VERB,65,13
1262,german,ADJ,65,11
1263,betray,VERB,65,11
1264,away,ADP,65,17
1265,peasant,NOUN,65,8
1266,publish,VERB,65,13
1267,straw,NOUN,65,13
1268,doubt,ADV,65,11
1269,string,NOUN,65,13
1270,maybe,ADV,65,7
1271,trouser,NOUN,65,11
1272,thousand,NOUN,65,13
1273,glorious,ADJ,64,13
1274,sum,NOUN,64,13
1275,photograph,NOUN,64,9
1276,apparently,ADV,64,14
1277,altogether,ADV,64,16
1278,control,VERB,64,11
1279,kick,VERB,64,13
1280,weep,VERB,64,10
1281,considerable,ADJ,64,14
1282,writer,NOUN,64,13
1283,cook,NOUN,64,7
1284,ruin,VERB,64,13
1285,argue,VERB,64,15
1286,apple,NOUN,64,11
1287,deadly,ADJ,64,11
1288,cellar,NOUN,64,11
1289,acquire,VERB,64,11
1290,behold,VERB,64,7
1291,friendship,NOUN,63,11
1292,unhappy,ADJ,63,10
1293,absurd,ADJ,63,14
1294,joke,NOUN,63,8
1295,acquaintance,NOUN,63,11
1296,ride,VERB,63,12
1297,lonely,ADJ,63,12
1298,uniform,NOUN,63,11
1299,mood,NOUN,63,11
1300,vaguely,ADV,63,13
1301,material,NOUN,63,12
1302,shade,NOUN,63,12
1303,interested,ADJ,63,16
1304,sharply,ADV,63,12
1305,attack,VERB,63,13
1306,breathe,VERB,63,14
1307,deliver,VERB,63,15
1308,reply,VERB,63,13
1309,constant,ADJ,63,15
1310,halt,VERB,63,11
1311,inquire,VERB,63,11
1312,fashion,NOUN,63,15
1313,equal,ADJ,63,13
1314,intention,NOUN,63,14
1315,rapidly,ADV,63,12
1316,flag,NOUN,63,9
1317,smart,ADJ,62,11
1318,ashamed,ADJ,62,13
1319,moustache,NOUN,62,8
1320,plenty,NOUN,62,15
1321,fortnight,NOUN,62,12
1322,pray,VERB,62,13
1323,press,NOUN,62,8
1324,rub,VERB,62,14
1325,pay,NOUN,62,14
1326,curiosity,NOUN,62,15
1327,rock,NOUN,62,13
1328,climb,VERB,62,13
1329,assure,VERB,62,14
1330,fade,VERB,62,13
1331,prospect,NOUN,62,12
1332,lodging,NOUN,62,6
1333,gas,NOUN,62,7
1334,violent,ADJ,62,12
1335,reflection,NOUN,62,11
1336,lake,NOUN,62,4
1337,communist,ADJ,62,3
1338,russian,ADJ,62,6
1339,invite,VERB,61,11
1340,cost,NOUN,61,17
1341,loose,ADJ,61,14
1342,tie,VERB,61,14
1343,fortune,NOUN,61,13
1344,mean,ADJ,61,14
1345,proud,ADJ,61,15
1346,permit,VERB,61,11
1347,hen,NOUN,61,11
1348,mental,ADJ,61,15
1349,invent,VERB,61,15
1350,hedge,NOUN,61,9
1351,ragged,ADJ,61,11
1352,bean,NOUN,61,6
1353,working,NOUN,61,11
1354,instruction,NOUN,61,11
1355,american,ADJ,61,10
1356,birthday,NOUN,60,6
1357,mistress,NOUN,60,9
1358,pretty,ADJ,60,14
1359,stage,NOUN,60,13
1360,thank,NOUN,60,14
1361,disease,NOUN,60,12
1362,fun,NOUN,60,11
1363,expensive,ADJ,60,14
1364,ticket,NOUN,60,11
1365,quarrel,NOUN,60,12
1366,ring,VERB,60,14
1367,start,NOUN,60,17
1368,reading,NOUN,60,13
1369,ugly,ADJ,60,12
1370,check,VERB,60,17
1371,property,NOUN,60,13
1372,struggle,NOUN,60,16
1373,owner,NOUN,60,15
1374,kneel,VERB,60,12
1375,scent,NOUN,60,9
1376,singing,NOUN,60,11
1377,busy,ADJ,60,14
1378,address,VERB,60,15
1379,extraordinary,ADJ,60,13
1380,tonight,NOUN,60,9
1381,root,NOUN,60,11
1382,drift,VERB,60,12
1383,progress,NOUN,60,10
1384,rent,NOUN,60,9
1385,loud,ADJ,60,16
1386,victory,NOUN,60,12
1387,commonly,ADV,60,5
1388,branch,NOUN,60,9
1389,accordingly,ADV,60,8
1390,assume,VERB,60,15
1391,pleasant,ADJ,60,11
1392,card,NOUN,59,16
1393,hall,NOUN,59,12
1394,laughter,NOUN,59,12
1395,like,INTJ,59,14
1396,deny,VERB,59,16
1397,fit,ADJ,59,13
1398,introduce,VERB,59,13
1399,display,VERB,59,12
1400,awake,ADJ,59,11
1401,elephant,NOUN,59,9
1402,grave,NOUN,59,14
1403,failure,NOUN,59,14
1404,touch,NOUN,59,14
1405,consciousness,NOUN,59,14
1406,problem,NOUN,59,15
1407,arise,VERB,59,14
1408,despise,VERB,59,11
1409,constantly,ADV,59,13
1410,normal,ADJ,59,12
1411,cry,NOUN,59,14
1412,quality,NOUN,59,14
1413,slow,ADJ,59,13
1414,smash,VERB,59,8
1415,oil,NOUN,59,10
1416,presence,NOUN,59,10
1417,procure,VERB,59,10
1418,funny,ADJ,58,9
1419,tremble,VERB,58,13
1420,permission,NOUN,58,12
1421,clear,VERB,58,15
1422,paint,VERB,58,15
1423,basket,NOUN,58,13
1424,reduce,VERB,58,15
1425,cast,VERB,58,12
1426,ancient,ADJ,58,13
1427,smooth,ADJ,58,11
1428,lunch,NOUN,58,10
1429,compare,VERB,58,15
1430,conceive,VERB,58,12
1431,yield,VERB,58,13
1432,establish,VERB,58,11
1433,rebellion,NOUN,58,5
1434,citizen,NOUN,58,7
1435,evidence,NOUN,58,9
1436,prole,NOUN,58,2
1437,student,NOUN,57,7
1438,mad,ADJ,57,14
1439,conduct,NOUN,57,11
1440,relation,NOUN,57,12
1441,distinguish,VERB,57,14
1442,yell,VERB,57,11
1443,heel,NOUN,57,14
1444,delight,NOUN,57,13
1445,ghost,NOUN,57,12
1446,preserve,VERB,57,14
1447,perish,VERB,57,9
1448,comfortable,ADJ,57,14
1449,mist,NOUN,57,9
1450,invisible,ADJ,57,12
1451,match,NOUN,57,12
1452,improvement,NOUN,57,11
1453,guilty,ADJ,57,13
1454,shelf,NOUN,57,9
1455,seed,NOUN,57,8
1456,cave,NOUN,57,6
1457,innocent,ADJ,56,9
1458,dream,VERB,56,11
1459,chief,ADJ,56,12
1460,post,VERB,56,16
1461,depend,VERB,56,15
1462,satisfied,ADJ,56,12
1463,sympathy,NOUN,56,12
1464,shock,NOUN,56,13
1465,powerful,ADJ,56,13
1466,silver,NOUN,56,13
1467,excellent,ADJ,56,13
1468,announce,VERB,56,15
1469,policeman,NOUN,56,8
1470,solid,ADJ,56,13
1471,labor,NOUN,56,4
1472,militiaman,NOUN,56,1
1473,novel,NOUN,55,9
1474,forgive,VERB,55,12
1475,passion,NOUN,55,11
1476,wave,VERB,55,12
1477,cool,ADJ,55,13
1478,previous,ADJ,55,16
1479,value,NOUN,55,13
1480,author,NOUN,55,16
1481,gain,VERB,55,14
1482,overcoat,NOUN,55,6
1483,emerge,VERB,55,12
1484,slightly,ADV,55,12
1485,gin,NOUN,55,6
1486,flash,NOUN,55,11
1487,equally,ADV,55,14
1488,compose,VERB,55,13
1489,similar,ADJ,55,13
1490,corn,NOUN,55,8
1491,spike,NOUN,55,5
1492,message,NOUN,55,11
1493,countenance,NOUN,55,7
1494,agony,NOUN,55,10
1495,disturb,VERB,54,12
1496,noble,ADJ,54,9
1497,continually,ADV,54,10
1498,frightened,ADJ,54,13
1499,properly,ADV,54,13
1500,develop,VERB,54,14
1501,priest,NOUN,54,13
1502,shame,NOUN,54,14
1503,contact,NOUN,54,16
1504,shelter,NOUN,54,12
1505,judge,VERB,54,14
1506,monstrous,ADJ,54,12
1507,stall,NOUN,54,10
1508,alas,INTJ,54,10
1509,past,ADV,54,10
1510,eh,INTJ,54,8
1511,depart,VERB,54,11
1512,mysterious,ADJ,54,14
1513,flight,NOUN,54,14
1514,space,NOUN,54,14
1515,sheep,NOUN,54,10
1516,murder,VERB,54,11
1517,fence,NOUN,54,8
1518,barricade,NOUN,54,3
1519,quit,VERB,54,4
1520,melancholy,ADJ,53,10
1521,nonsense,NOUN,53,16
1522,collection,NOUN,53,12
1523,forbid,VERB,53,15
1524,cart,NOUN,53,8
1525,upper,ADJ,53,13
1526,blade,NOUN,53,11
1527,explanation,NOUN,53,16
1528,cap,NOUN,53,11
1529,justice,NOUN,53,12
1530,science,NOUN,53,10
1531,sugar,NOUN,53,13
1532,swell,VERB,53,14
1533,slide,VERB,53,12
1534,relate,VERB,53,11
1535,dry,VERB,53,12
1536,deal,VERB,53,15
1537,share,NOUN,53,12
1538,dim,ADJ,53,11
1539,elbow,NOUN,53,10
1540,theory,NOUN,53,12
1541,overcome,VERB,53,10
1542,discovery,NOUN,53,11
1543,counter,NOUN,53,10
1544,circle,NOUN,53,11
1545,rumour,NOUN,53,8
1546,experiment,NOUN,53,8
1547,render,VERB,53,9
1548,patch,NOUN,53,11
1549,motion,NOUN,53,12
1550,forever,ADV,53,6
1551,fall,NOUN,53,11
1552,gesture,NOUN,53,10
1553,professor,NOUN,52,8
1554,locate,VERB,52,8
1555,desk,NOUN,52,10
1556,judge,NOUN,52,10
1557,carriage,NOUN,52,12
1558,plain,ADJ,52,15
1559,freely,ADV,52,14
1560,sign,VERB,52,12
1561,funeral,NOUN,52,13
1562,fate,NOUN,52,14
1563,set,NOUN,52,12
1564,education,NOUN,52,14
1565,barely,ADV,52,11
1566,rag,NOUN,52,12
1567,dash,VERB,52,11
1568,butter,NOUN,52,9
1569,beggar,NOUN,52,10
1570,wonder,NOUN,52,9
1571,direct,VERB,52,10
1572,majority,NOUN,52,12
1573,frequently,ADV,52,13
1574,pigeon,NOUN,52,7
1575,organization,NOUN,52,6
1576,favourite,ADJ,51,9
1577,dance,VERB,51,9
1578,ribbon,NOUN,51,12
1579,leather,NOUN,51,12
1580,religion,NOUN,51,11
1581,prefer,VERB,51,14
1582,warn,VERB,51,13
1583,straight,ADJ,51,15
1584,trick,NOUN,51,15
1585,willing,ADJ,51,15
1586,recover,VERB,51,13
1587,shabby,ADJ,51,9
1588,defence,NOUN,51,13
1589,eighteen,NUM,51,12
1590,income,NOUN,51,8
1591,local,ADJ,51,8
1592,actual,ADJ,51,13
1593,pint,NOUN,51,9
1594,limb,NOUN,51,11
1595,traveller,NOUN,51,8
1596,issue,VERB,51,11
1597,want,NOUN,51,7
1598,honest,ADJ,51,11
1599,cake,NOUN,50,12
1600,address,NOUN,50,15
1601,pack,VERB,50,14
1602,play,NOUN,50,13
1603,support,NOUN,50,12
1604,accent,NOUN,50,11
1605,cook,VERB,50,11
1606,seriously,ADV,50,12
1607,accompany,VERB,50,12
1608,indicate,VERB,50,14
1609,freedom,NOUN,50,14
1610,monster,NOUN,50,11
1611,sermon,NOUN,50,8
1612,descend,VERB,50,12
1613,occasional,ADJ,50,12
1614,alley,NOUN,50,9
1615,divide,VERB,50,13
1616,meadow,NOUN,50,6
1617,ignorant,ADJ,50,14
1618,terror,NOUN,50,12
1619,ruin,NOUN,50,12
1620,importance,NOUN,50,13
1621,feature,NOUN,50,15
1622,emotion,NOUN,50,10
1623,nation,NOUN,50,9
1624,philosophy,NOUN,50,9
1625,furious,ADJ,49,15
1626,refund,NOUN,49,7
1627,drown,VERB,49,13
1628,insist,VERB,49,13
1629,captain,NOUN,49,12
1630,frame,NOUN,49,11
1631,swing,VERB,49,12
1632,double,ADJ,49,14
1633,immediate,ADJ,49,12
1634,description,NOUN,49,15
1635,truly,ADV,49,14
1636,valley,NOUN,49,10
1637,claim,VERB,49,15
1638,agent,NOUN,49,13
1639,search,NOUN,49,14
1640,picker,NOUN,49,2
1641,tune,NOUN,49,11
1642,meat,NOUN,49,10
1643,ash,NOUN,49,11
1644,exercise,NOUN,49,11
1645,weed,NOUN,49,9
1646,flee,VERB,49,11
1647,weight,NOUN,49,13
1648,blow,NOUN,49,12
1649,instrument,NOUN,49,11
1650,destruction,NOUN,49,11
1651,rain,VERB,48,11
1652,careful,ADJ,48,14
1653,volunteer,NOUN,48,10
1654,behave,VERB,48,13
1655,individual,ADJ,48,13
1656,intellectual,ADJ,48,14
1657,storm,NOUN,48,8
1658,favour,NOUN,48,12
1659,divine,ADJ,48,11
1660,reader,NOUN,48,11
1661,interrupt,VERB,48,15
1662,kind,ADV,48,8
1663,literature,NOUN,48,10
1664,refer,VERB,48,17
1665,relief,NOUN,48,11
1666,suspicion,NOUN,48,13
1667,dusty,ADJ,48,9
1668,sole,ADJ,48,14
1669,lack,NOUN,48,11
1670,widow,NOUN,48,9
1671,trial,NOUN,48,10
1672,bob,NOUN,48,5
1673,crawl,VERB,48,11
1674,quantity,NOUN,48,13
1675,armed,ADJ,48,7
1676,european,ADJ,48,10
1677,civilization,NOUN,48,10
1678,bug,NOUN,48,8
1679,clever,ADJ,47,14
1680,kind,ADJ,47,11
1681,temper,NOUN,47,13
1682,lock,VERB,47,14
1683,promptly,ADV,47,10
1684,lucky,ADJ,47,14
1685,fly,NOUN,47,11
1686,nasty,ADJ,47,8
1687,scream,VERB,47,12
1688,scandal,NOUN,47,9
1689,pride,NOUN,47,13
1690,encourage,VERB,47,14
1691,entire,ADJ,47,12
1692,guess,VERB,47,13
1693,pause,NOUN,47,14
1694,wound,NOUN,47,14
1695,instinct,NOUN,47,13
1696,dish,NOUN,47,12
1697,thrust,VERB,47,11
1698,version,NOUN,47,15
1699,survive,VERB,47,14
1700,statement,NOUN,47,12
1701,ad,NOUN,47,10
1702,meaningless,ADJ,47,8
1703,fully,ADV,47,14
1704,educate,VERB,47,14
1705,resist,VERB,47,11
1706,cheese,NOUN,47,9
1707,series,NOUN,47,10
1708,conclude,VERB,47,11
1709,population,NOUN,47,12
1710,cent,NOUN,47,8
1711,incident,NOUN,47,12
1712,noon,NOUN,47,10
1713,eagerly,ADV,47,11
1714,drop,NOUN,47,10
1715,convince,VERB,47,11
1716,witness,NOUN,47,9
1717,induce,VERB,46,10
1718,complain,VERB,46,12
1719,sad,ADJ,46,9
1720,title,NOUN,46,16
1721,distribution,NOUN,46,9
1722,visitor,NOUN,46,11
1723,medium,NOUN,46,10
1724,blame,VERB,46,11
1725,collar,NOUN,46,10
1726,exchange,VERB,46,11
1727,frighten,VERB,46,13
1728,loss,NOUN,46,16
1729,respectable,ADJ,46,12
1730,addition,NOUN,46,14
1731,trouble,VERB,46,12
1732,blind,ADJ,46,12
1733,ball,NOUN,46,14
1734,affect,VERB,46,16
1735,debt,NOUN,46,7
1736,violently,ADV,46,11
1737,sail,VERB,46,11
1738,fragment,NOUN,46,12
1739,stock,NOUN,46,15
1740,bicycle,NOUN,46,8
1741,cold,NOUN,46,11
1742,expose,VERB,46,11
1743,command,VERB,46,13
1744,pursuit,NOUN,46,9
1745,rare,ADJ,46,13
1746,foreigner,NOUN,46,8
1747,hero,NOUN,46,10
1748,stroll,VERB,46,10
1749,printing,NOUN,46,5
1750,barn,NOUN,46,7
1751,luxury,NOUN,46,11
1752,glimpse,NOUN,46,13
1753,philosopher,NOUN,46,6
1754,necessity,NOUN,46,10
1755,impulse,NOUN,46,11
1756,rupee,NOUN,46,2
1757,torture,NOUN,46,7
1758,grief,NOUN,46,6
1759,rose,NOUN,45,11
1760,suppress,VERB,45,13
1761,pin,NOUN,45,11
1762,aeroplane,NOUN,45,6
1763,dawn,NOUN,45,10
1764,chest,NOUN,45,14
1765,pin,VERB,45,11
1766,little,ADV,45,15
1767,square,ADJ,45,13
1768,clergyman,NOUN,45,10
1769,comfort,NOUN,45,12
1770,sack,NOUN,45,9
1771,shove,VERB,45,9
1772,ignorance,NOUN,45,13
1773,deep,ADV,45,12
1774,seventy,NUM,45,10
1775,factory,NOUN,45,8
1776,accuse,VERB,45,12
1777,remarkable,ADJ,45,12
1778,melt,VERB,45,12
1779,warmth,NOUN,45,10
1780,rabbit,NOUN,45,12
1781,inform,VERB,45,13
1782,gang,NOUN,45,8
1783,volume,NOUN,45,11
1784,lump,NOUN,45,12
1785,contemplate,VERB,45,10
1786,wheel,NOUN,45,13
1787,restore,VERB,45,10
1788,weapon,NOUN,45,10
1789,slogan,NOUN,45,5
1790,policy,NOUN,45,10
1791,whisky,NOUN,45,5
1792,cartridge,NOUN,45,5
1793,burmese,ADJ,45,2
1794,mainly,ADV,45,7
1795,sweet,NOUN,44,5
1796,luckily,ADV,44,9
1797,excited,ADJ,44,14
1798,drawing,NOUN,44,10
1799,horribly,ADV,44,9
1800,chocolate,NOUN,44,10
1801,dining,NOUN,44,11
1802,license,NOUN,44,7
1803,consequence,NOUN,44,12
1804,compliance,NOUN,44,9
1805,upstairs,ADV,44,10
1806,artist,NOUN,44,11
1807,electric,ADJ,44,12
1808,credit,NOUN,44,12
1809,treasure,NOUN,44,7
1810,uncomfortable,ADJ,44,8
1811,conscience,NOUN,44,10
1812,cover,NOUN,44,13
1813,extra,ADJ,44,13
1814,proportion,NOUN,44,10
1815,wealth,NOUN,44,12
1816,admire,VERB,44,15
1817,bleed,VERB,44,13
1818,warm,VERB,44,9
1819,daily,ADJ,44,9
1820,delicate,ADJ,44,11
1821,moral,ADJ,44,10
1822,custom,NOUN,44,12
1823,bough,NOUN,44,8
1824,obey,VERB,44,10
1825,helpless,ADJ,44,13
1826,toe,NOUN,44,9
1827,bet,VERB,44,7
1828,pace,NOUN,44,12
1829,skull,NOUN,44,8
1830,leisure,NOUN,44,9
1831,depth,NOUN,44,11
1832,advance,VERB,44,9
1833,remark,VERB,44,14
1834,chase,VERB,44,11
1835,workhouse,NOUN,44,5
1836,mankind,NOUN,44,6
1837,ofthe,NOUN,44,1
1838,color,NOUN,44,4
1839,pupil,NOUN,43,11
1840,wish,NOUN,43,12
1841,vulgar,ADJ,43,11
1842,dear,NOUN,43,7
1843,alike,ADV,43,15
1844,lecture,NOUN,43,10
1845,payment,NOUN,43,12
1846,amusement,NOUN,43,14
1847,rot,VERB,43,10
1848,manager,NOUN,43,13
1849,possibility,NOUN,43,14
1850,reference,NOUN,43,13
1851,measure,NOUN,43,13
1852,lover,NOUN,43,12
1853,official,NOUN,43,7
1854,adventure,NOUN,43,11
1855,leave,NOUN,43,10
1856,deliberately,ADV,43,11
1857,creation,NOUN,43,10
1858,charity,NOUN,43,12
1859,handwriting,NOUN,43,10
1860,religious,ADJ,43,12
1861,curse,VERB,43,8
1862,desperate,ADJ,43,13
1863,blanket,NOUN,43,12
1864,simultaneously,ADV,43,10
1865,chimney,NOUN,43,12
1866,score,NOUN,43,12
1867,cheer,VERB,43,11
1868,sex,NOUN,43,11
1869,individual,NOUN,43,9
1870,murderer,NOUN,43,9
1871,general,NOUN,43,8
1872,block,NOUN,43,10
1873,misfortune,NOUN,43,5
1874,apartment,NOUN,43,7
1875,bestow,VERB,43,6
1876,firm,NOUN,43,6
1877,authority,NOUN,43,11
1878,married,ADJ,42,10
1879,suitable,ADJ,42,12
1880,confirm,VERB,42,10
1881,harm,NOUN,42,14
1882,format,NOUN,42,7
1883,hideous,ADJ,42,13
1884,royalty,NOUN,42,7
1885,fourteen,NUM,42,10
1886,lend,VERB,42,10
1887,choke,VERB,42,13
1888,hunt,VERB,42,12
1889,freeze,VERB,42,8
1890,help,NOUN,42,13
1891,shave,VERB,42,10
1892,sorrow,NOUN,42,10
1893,file,NOUN,42,13
1894,active,ADJ,42,15
1895,childhood,NOUN,42,12
1896,cloth,NOUN,42,10
1897,brass,NOUN,42,12
1898,excitement,NOUN,42,12
1899,deed,NOUN,42,11
1900,cheerful,ADJ,42,12
1901,steel,NOUN,42,10
1902,neglect,VERB,42,12
1903,liberty,NOUN,42,11
1904,final,ADJ,42,14
1905,procession,NOUN,42,11
1906,coal,NOUN,42,10
1907,scrap,NOUN,42,9
1908,amid,ADP,42,12
1909,bundle,NOUN,42,9
1910,wit,NOUN,42,13
1911,remote,ADJ,42,14
1912,casual,ADJ,42,8
1913,endless,ADJ,42,13
1914,stiff,ADJ,42,13
1915,queer,ADJ,42,7
1916,taste,VERB,42,12
1917,broken,ADJ,42,13
1918,island,NOUN,42,10
1919,hunter,NOUN,42,5
1920,duck,NOUN,42,10
1921,lawn,NOUN,42,7
1922,civilized,ADJ,42,8
1923,triumph,NOUN,42,11
1924,ration,NOUN,42,8
1925,resolution,NOUN,42,7
1926,lad,NOUN,42,8
1927,jacket,NOUN,42,9
1928,fight,NOUN,42,10
1929,plongeur,NOUN,42,1
1930,autumn,NOUN,41,11
1931,fit,NOUN,41,11
1932,confession,NOUN,41,11
1933,fearful,ADJ,41,7
1934,offend,VERB,41,10
1935,lest,ADP,41,15
1936,wipe,VERB,41,11
1937,fit,VERB,41,14
1938,disgusting,ADJ,41,10
1939,shape,VERB,41,13
1940,image,NOUN,41,13
1941,weigh,VERB,41,13
1942,cling,VERB,41,9
1943,firm,ADJ,41,11
1944,nerve,NOUN,41,12
1945,inhabit,VERB,41,11
1946,abruptly,ADV,41,10
1947,retain,VERB,41,8
1948,heap,NOUN,41,11
1949,square,NOUN,41,12
1950,personal,ADJ,41,13
1951,crack,VERB,41,12
1952,mighty,ADJ,41,8
1953,solitary,ADJ,41,10
1954,urge,VERB,41,10
1955,benefit,NOUN,41,13
1956,suffering,NOUN,41,11
1957,industry,NOUN,41,8
1958,soil,NOUN,41,10
1959,heaven,NOUN,41,9
1960,tennis,NOUN,40,6
1961,quarrel,VERB,40,9
1962,fourth,ADJ,40,11
1963,chain,NOUN,40,15
1964,recently,ADV,40,17
1965,watch,NOUN,40,10
1966,ill,ADV,40,13
1967,furnish,VERB,40,10
1968,enthusiasm,NOUN,40,12
1969,spy,NOUN,40,10
1970,gently,ADV,40,13
1971,mystery,NOUN,40,11
1972,revenge,NOUN,40,6
1973,nod,VERB,40,10
1974,pistol,NOUN,40,9
1975,vegetable,NOUN,40,13
1976,pitch,NOUN,40,9
1977,flesh,NOUN,40,15
1978,aid,NOUN,40,12
1979,invariably,ADV,40,13
1980,murmur,VERB,40,11
1981,innumerable,ADJ,40,11
1982,faintly,ADV,40,10
1983,tray,NOUN,40,7
1984,twist,VERB,40,10
1985,worm,NOUN,40,8
1986,conduct,VERB,40,11
1987,thee,PRON,40,7
1988,range,NOUN,40,12
1989,minister,NOUN,40,9
1990,standard,NOUN,40,12
1991,bitterly,ADV,40,11
1992,visible,ADJ,40,11
1993,hook,NOUN,40,10
1994,birth,NOUN,40,12
1995,convey,VERB,40,13
1996,superior,ADJ,40,14
1997,crash,NOUN,40,12
1998,oak,NOUN,40,9
1999,acquaint,VERB,40,3
2000,waist,NOUN,39,8
2001,cross,NOUN,39,10
2002,quietly,ADV,39,14
2003,ignore,VERB,39,8
2004,advance,NOUN,39,13
2005,load,NOUN,39,10
2006,handle,NOUN,39,11
2007,mirror,NOUN,39,12
2008,question,VERB,39,14
2009,motor,NOUN,39,9
2010,imply,VERB,39,15
2011,advice,NOUN,39,9
2012,employee,NOUN,39,14
2013,provision,NOUN,39,7
2014,clean,VERB,39,13
2015,satisfaction,NOUN,39,13
2016,hollow,ADJ,39,12
2017,hire,VERB,39,8
2018,rotten,ADJ,39,9
2019,defend,VERB,39,13
2020,print,NOUN,39,14
2021,halfpenny,NOUN,39,4
2022,capital,NOUN,39,13
2023,hesitate,VERB,39,10
2024,bazaar,NOUN,39,4
2025,reveal,VERB,39,9
2026,solitude,NOUN,39,8
2027,awake,VERB,39,9
2028,kindness,NOUN,39,6
2029,british,ADJ,39,8
2030,literary,ADJ,39,11
2031,stream,VERB,39,11
2032,enterprise,NOUN,39,8
2033,scale,NOUN,39,11
2034,victim,NOUN,39,8
2035,farmhouse,NOUN,39,4
2036,record,NOUN,39,9
2037,command,NOUN,39,12
2038,undertake,VERB,39,7
2039,native,NOUN,39,4
2040,aim,NOUN,39,8
2041,garage,NOUN,39,5
2042,afterward,ADV,39,4
2043,unfortunately,ADV,38,12
2044,excuse,VERB,38,11
2045,angel,NOUN,38,8
2046,arithmetic,ADJ,38,5
2047,disagreeable,ADJ,38,8
2048,handsome,ADJ,38,12
2049,nervous,ADJ,38,11
2050,spare,VERB,38,13
2051,status,NOUN,38,14
2052,limited,ADJ,38,9
2053,error,NOUN,38,9
2054,district,NOUN,38,10
2055,sneak,VERB,38,9
2056,crush,VERB,38,12
2057,grey,NOUN,38,10
2058,left,NOUN,38,11
2059,report,VERB,38,15
2060,dreary,ADJ,38,12
2061,assist,VERB,38,7
2062,strain,NOUN,38,13
2063,strip,NOUN,38,11
2064,intolerable,ADJ,38,13
2065,rubbish,NOUN,38,10
2066,ginger,NOUN,38,3
2067,copper,NOUN,38,11
2068,practise,VERB,38,12
2069,harsh,ADJ,38,13
2070,element,NOUN,38,10
2071,speed,NOUN,38,10
2072,pronounce,VERB,38,11
2073,disappointment,NOUN,38,11
2074,clasp,VERB,38,9
2075,absence,NOUN,38,11
2076,stove,NOUN,38,12
2077,nut,NOUN,38,9
2078,cultivate,VERB,38,10
2079,merchant,NOUN,38,8
2080,detect,VERB,38,12
2081,plunge,VERB,38,11
2082,savage,NOUN,38,9
2083,overall,NOUN,38,4
2084,task,NOUN,38,9
2085,wholly,ADV,38,9
2086,sahib,NOUN,38,2
2087,log,NOUN,38,5
2088,railroad,NOUN,38,3
2089,stocking,NOUN,37,10
2090,chicken,NOUN,37,11
2091,enable,VERB,37,6
2092,cigar,NOUN,37,9
2093,advise,VERB,37,11
2094,mission,NOUN,37,11
2095,kick,NOUN,37,10
2096,trace,NOUN,37,12
2097,regularly,ADV,37,11
2098,beetle,NOUN,37,9
2099,torment,VERB,37,7
2100,stamp,VERB,37,12
2101,famous,ADJ,37,13
2102,literally,ADV,37,12
2103,guest,NOUN,37,9
2104,shout,NOUN,37,11
2105,attract,VERB,37,10
2106,wretch,NOUN,37,10
2107,attach,VERB,37,12
2108,maintain,VERB,37,12
2109,teaching,NOUN,37,7
2110,pinch,VERB,37,8
2111,understanding,NOUN,37,13
2112,din,NOUN,37,11
2113,hasten,VERB,37,9
2114,exact,ADJ,37,12
2115,washing,NOUN,37,9
2116,decency,NOUN,37,6
2117,lodge,VERB,37,8
2118,razor,NOUN,37,8
2119,abandon,VERB,37,11
2120,gut,NOUN,37,7
2121,colony,NOUN,37,7
2122,democracy,NOUN,37,7
2123,certainty,NOUN,37,12
2124,leap,VERB,37,11
2125,stroke,NOUN,37,13
2126,tool,NOUN,37,10
2127,portion,NOUN,37,9
2128,bark,NOUN,37,6
2129,condemn,VERB,37,8
2130,workman,NOUN,37,8
2131,delighted,ADJ,36,8
2132,strip,VERB,36,10
2133,prize,NOUN,36,11
2134,spoil,VERB,36,13
2135,astonish,VERB,36,15
2136,link,NOUN,36,10
2137,elect,VERB,36,10
2138,bunch,NOUN,36,13
2139,worthy,ADJ,36,12
2140,curtain,NOUN,36,13
2141,separate,VERB,36,10
2142,view,VERB,36,11
2143,distinction,NOUN,36,11
2144,crack,NOUN,36,9
2145,roar,VERB,36,12
2146,club,NOUN,36,9
2147,genius,NOUN,36,10
2148,breed,VERB,36,10
2149,hurriedly,ADV,36,10
2150,appoint,VERB,36,9
2151,profit,NOUN,36,13
2152,organ,NOUN,36,12
2153,head,VERB,36,11
2154,sack,VERB,36,7
2155,saucepan,NOUN,36,6
2156,demand,NOUN,36,9
2157,beef,NOUN,36,6
2158,mouse,NOUN,36,6
2159,needle,NOUN,36,9
2160,sixpence,NOUN,36,6
2161,peaceful,ADJ,36,10
2162,shortly,ADV,36,12
2163,vice,NOUN,36,10
2164,hay,NOUN,36,9
2165,land,VERB,36,10
2166,sixteen,NUM,36,11
2167,rear,NOUN,36,9
2168,object,VERB,36,14
2169,vote,NOUN,36,6
2170,complete,VERB,36,11
2171,acre,NOUN,36,9
2172,timber,NOUN,36,6
2173,supply,VERB,36,11
2174,devote,VERB,36,8
2175,pony,NOUN,36,4
2176,construct,VERB,36,9
2177,shallow,ADJ,36,7
2178,translate,VERB,35,10
2179,warranty,NOUN,35,7
2180,cruel,ADJ,35,10
2181,extremely,ADV,35,10
2182,arrangement,NOUN,35,14
2183,discuss,VERB,35,14
2184,damage,NOUN,35,13
2185,yell,NOUN,35,6
2186,upright,ADJ,35,14
2187,civil,ADJ,35,9
2188,utter,ADJ,35,13
2189,knot,NOUN,35,12
2190,replace,VERB,35,13
2191,fare,NOUN,35,7
2192,golden,ADJ,35,10
2193,aim,VERB,35,16
2194,calculate,VERB,35,14
2195,r,NOUN,35,6
2196,rob,VERB,35,13
2197,source,NOUN,35,13
2198,content,NOUN,35,13
2199,province,NOUN,35,5
2200,bosom,NOUN,35,12
2201,hopeless,ADJ,35,11
2202,rail,NOUN,35,9
2203,agreeable,ADJ,35,9
2204,million,NUM,35,10
2205,rough,ADJ,35,12
2206,foundation,NOUN,35,9
2207,lawyer,NOUN,35,11
2208,request,NOUN,35,9
2209,bin,NOUN,35,6
2210,map,NOUN,35,9
2211,dimly,ADV,35,9
2212,parson,NOUN,35,5
2213,practical,ADJ,35,10
2214,fatigue,NOUN,35,10
2215,definitely,ADV,35,9
2216,waste,NOUN,35,11
2217,landscape,NOUN,35,9
2218,desert,VERB,35,13
2219,opening,NOUN,35,14
2220,driver,NOUN,35,11
2221,column,NOUN,35,10
2222,hoof,NOUN,35,4
2223,doctrine,NOUN,35,8
2224,italian,ADJ,35,8
2225,horizon,NOUN,35,11
2226,activity,NOUN,35,13
2227,employment,NOUN,35,5
2228,respect,VERB,35,9
2229,birthmark,NOUN,35,1
2230,frontier,NOUN,35,9
2231,fiend,NOUN,35,3
2232,mode,NOUN,35,5
2233,lieutenant,NOUN,34,6
2234,bow,VERB,34,10
2235,upset,VERB,34,9
2236,wedding,NOUN,34,9
2237,handkerchief,NOUN,34,11
2238,deserve,VERB,34,11
2239,holder,NOUN,34,9
2240,interest,VERB,34,14
2241,venture,VERB,34,12
2242,haired,ADJ,34,10
2243,lately,ADV,34,12
2244,key,NOUN,34,10
2245,regard,NOUN,34,9
2246,sentiment,NOUN,34,11
2247,intelligence,NOUN,34,13
2248,tip,NOUN,34,12
2249,idle,ADJ,34,11
2250,stump,NOUN,34,9
2251,choice,NOUN,34,14
2252,plant,VERB,34,10
2253,pasture,NOUN,34,6
2254,connect,VERB,34,13
2255,unfortunate,ADJ,34,10
2256,govern,VERB,34,11
2257,impose,VERB,34,15
2258,non,ADJ,34,14
2259,thumb,NOUN,34,9
2260,backwards,ADV,34,7
2261,haunt,VERB,34,13
2262,neat,ADJ,34,11
2263,panic,NOUN,34,9
2264,presumably,ADV,34,8
2265,rouse,VERB,34,13
2266,quote,VERB,34,11
2267,damned,ADJ,34,6
2268,record,VERB,34,10
2269,abroad,ADV,34,10
2270,accusation,NOUN,34,7
2271,seventeen,NUM,34,11
2272,corpse,NOUN,34,11
2273,appeal,VERB,34,11
2274,unlike,ADP,34,12
2275,bless,VERB,34,7
2276,drinking,NOUN,34,9
2277,midst,NOUN,34,8
2278,plan,VERB,34,11
2279,sect,NOUN,34,7
2280,bridge,NOUN,34,11
2281,ambition,NOUN,34,12
2282,accomplish,VERB,34,9
2283,centre,NOUN,34,10
2284,engine,NOUN,34,9
2285,grain,NOUN,34,10
2286,roar,NOUN,34,9
2287,bathroom,NOUN,34,8
2288,calm,ADJ,34,4
2289,issue,NOUN,34,9
2290,vessel,NOUN,34,3
2291,hint,NOUN,33,12
2292,additional,ADJ,33,8
2293,shin,VERB,33,12
2294,alteration,NOUN,33,11
2295,gay,ADJ,33,10
2296,painful,ADJ,33,10
2297,bald,ADJ,33,9
2298,hateful,ADJ,33,8
2299,amuse,VERB,33,14
2300,alarm,NOUN,33,14
2301,admiration,NOUN,33,9
2302,essential,ADJ,33,11
2303,tart,NOUN,33,6
2304,neighbour,NOUN,33,10
2305,occupation,NOUN,33,11
2306,steadily,ADV,33,14
2307,relieve,VERB,33,12
2308,found,VERB,33,10
2309,sacrifice,VERB,33,12
2310,tie,NOUN,33,9
2311,responsible,ADJ,33,12
2312,solemn,ADJ,33,10
2313,contrary,NOUN,33,13
2314,height,NOUN,33,13
2315,institution,NOUN,33,9
2316,reputation,NOUN,33,11
2317,liable,ADJ,33,13
2318,mcelligot,NOUN,33,1
2319,bacon,NOUN,33,6
2320,congregation,NOUN,33,7
2321,twopence,NOUN,33,4
2322,drum,NOUN,33,10
2323,lane,NOUN,33,10
2324,energy,NOUN,33,11
2325,beam,NOUN,33,12
2326,principal,ADJ,33,10
2327,eastern,ADJ,33,11
2328,stout,ADJ,33,9
2329,sound,ADJ,33,13
2330,state,VERB,33,11
2331,damn,VERB,33,8
2332,precious,ADJ,33,12
2333,daylight,NOUN,33,11
2334,communicate,VERB,33,10
2335,crop,NOUN,33,6
2336,capture,VERB,33,9
2337,arrival,NOUN,33,9
2338,dimension,NOUN,33,7
2339,crowd,VERB,33,14
2340,leopard,NOUN,33,2
2341,tend,VERB,33,10
2342,patrol,NOUN,33,3
2343,pamphlet,NOUN,33,4
2344,annoy,VERB,32,6
2345,performance,NOUN,32,11
2346,secretly,ADV,32,11
2347,sin,NOUN,32,10
2348,nurse,NOUN,32,8
2349,defect,NOUN,32,7
2350,fever,NOUN,32,9
2351,cure,VERB,32,10
2352,permanent,ADJ,32,12
2353,laugh,NOUN,32,12
2354,estate,NOUN,32,8
2355,gloomy,ADJ,32,11
2356,precisely,ADV,32,11
2357,secretary,NOUN,32,11
2358,interfere,VERB,32,12
2359,reasonable,ADJ,32,15
2360,promote,VERB,32,12
2361,forehead,NOUN,32,9
2362,split,VERB,32,12
2363,pattern,NOUN,32,11
2364,glory,NOUN,32,10
2365,rise,NOUN,32,14
2366,neighborhood,NOUN,32,5
2367,echo,VERB,32,10
2368,wrap,VERB,32,13
2369,following,ADJ,32,12
2370,variety,NOUN,32,10
2371,bastard,NOUN,32,7
2372,damp,ADJ,32,10
2373,plaster,NOUN,32,9
2374,penetrate,VERB,32,10
2375,fro,VERB,32,11
2376,tap,VERB,32,11
2377,sprawl,VERB,32,11
2378,inner,ADJ,32,10
2379,petty,ADJ,32,11
2380,grab,VERB,32,9
2381,button,NOUN,32,8
2382,nest,NOUN,32,6
2383,insect,NOUN,32,9
2384,powder,NOUN,32,11
2385,reach,NOUN,32,13
2386,intelligent,ADJ,32,10
2387,loneliness,NOUN,32,8
2388,extreme,ADJ,32,9
2389,lightning,NOUN,32,10
2390,flutter,VERB,32,9
2391,glitter,VERB,32,9
2392,magistrate,NOUN,32,6
2393,wide,ADV,32,14
2394,thou,NOUN,32,11
2395,scheme,NOUN,32,10
2396,tempt,VERB,32,11
2397,brute,NOUN,32,11
2398,high,ADV,32,11
2399,ceiling,NOUN,32,10
2400,hiding,NOUN,32,8
2401,thunder,NOUN,32,10
2402,commission,NOUN,32,8
2403,foresee,VERB,32,10
2404,prevail,VERB,32,6
2405,dodge,VERB,32,7
2406,whistle,NOUN,32,8
2407,recommend,VERB,32,7
2408,confine,VERB,32,6
2409,voyage,NOUN,32,5
2410,pirate,NOUN,32,2
2411,thro,NOUN,32,2
2412,fright,NOUN,31,9
2413,examination,NOUN,31,11
2414,piano,NOUN,31,7
2415,red,NOUN,31,11
2416,telephone,NOUN,31,6
2417,fancy,NOUN,31,11
2418,appetite,NOUN,31,10
2419,aloud,ADV,31,13
2420,excite,VERB,31,10
2421,uneasy,ADJ,31,13
2422,dismal,ADJ,31,10
2423,thoroughly,ADV,31,11
2424,threaten,VERB,31,12
2425,attain,VERB,31,13
2426,burden,NOUN,31,14
2427,committee,NOUN,31,7
2428,sensible,ADJ,31,8
2429,measure,VERB,31,13
2430,pretext,NOUN,31,12
2431,brief,ADJ,31,8
2432,eye,VERB,31,11
2433,platform,NOUN,31,11
2434,run,NOUN,31,13
2435,closely,ADV,31,14
2436,assistance,NOUN,31,11
2437,mount,VERB,31,11
2438,soap,NOUN,31,8
2439,chin,NOUN,31,10
2440,shrink,VERB,31,10
2441,north,NOUN,31,9
2442,privilege,NOUN,31,11
2443,definite,ADJ,31,9
2444,far,ADJ,31,10
2445,seemingly,ADV,31,10
2446,whisper,NOUN,31,11
2447,opposite,ADP,31,11
2448,conclusion,NOUN,31,11
2449,squalid,ADJ,31,7
2450,coarse,ADJ,31,12
2451,consideration,NOUN,31,10
2452,arrest,NOUN,31,6
2453,strongly,ADV,31,12
2454,anti,ADJ,31,7
2455,raw,ADJ,31,9
2456,perch,NOUN,31,5
2457,barrel,NOUN,31,9
2458,daily,ADV,31,10
2459,satisfy,VERB,31,9
2460,dwelling,NOUN,31,4
2461,charming,ADJ,30,8
2462,cemetery,NOUN,30,7
2463,intimate,ADJ,30,7
2464,frock,NOUN,30,9
2465,thinking,NOUN,30,12
2466,bite,VERB,30,9
2467,requirement,NOUN,30,8
2468,dance,NOUN,30,10
2469,train,VERB,30,13
2470,withdraw,VERB,30,8
2471,corridor,NOUN,30,6
2472,equipment,NOUN,30,11
2473,upwards,ADV,30,10
2474,anxiety,NOUN,30,10
2475,standing,NOUN,30,12
2476,haste,NOUN,30,9
2477,eternal,ADJ,30,12
2478,innocence,NOUN,30,6
2479,bore,VERB,30,10
2480,round,ADP,30,11
2481,hearing,NOUN,30,12
2482,restless,ADJ,30,10
2483,gratitude,NOUN,30,9
2484,handle,VERB,30,12
2485,soothe,VERB,30,11
2486,dread,VERB,30,9
2487,tight,ADJ,30,11
2488,necessarily,ADV,30,13
2489,nail,NOUN,30,8
2490,suburb,NOUN,30,5
2491,pile,VERB,30,10
2492,conception,NOUN,30,11
2493,trail,VERB,30,9
2494,sunlight,NOUN,30,8
2495,imaginary,ADJ,30,14
2496,vile,ADJ,30,11
2497,sigh,VERB,30,7
2498,destiny,NOUN,30,7
2499,bloke,NOUN,30,5
2500,recall,VERB,30,11
2501,involve,VERB,30,10
2502,magazine,NOUN,30,10
2503,explore,VERB,30,10
2504,thirteen,NUM,30,9
2505,groan,VERB,30,9
2506,safety,NOUN,30,9
2507,extend,VERB,30,10
2508,comparatively,ADV,30,8
2509,bent,ADJ,30,9
2510,sober,ADJ,30,9
2511,propaganda,NOUN,30,7
2512,trap,NOUN,30,10
2513,shudder,VERB,30,8
2514,confidence,NOUN,30,13
2515,adopt,VERB,30,8
2516,execution,NOUN,30,7
2517,resemble,VERB,30,11
2518,exhibit,VERB,30,7
2519,departure,NOUN,30,7
2520,cattle,NOUN,30,8
2521,arm,VERB,30,7
2522,vocabulary,NOUN,30,3
2523,smuggle,VERB,30,6
2524,lodger,NOUN,30,2
2525,ward,NOUN,30,4
2526,inthe,DET,30,1
2527,commence,VERB,30,5
2528,sustain,VERB,30,3
2529,metre,NOUN,30,2
2530,waggon,NOUN,30,1
2531,nuisance,NOUN,29,10
2532,fancy,VERB,29,11
2533,ebook,NOUN,29,15
2534,pen,NOUN,29,10
2535,mess,NOUN,29,10
2536,ache,VERB,29,11
2537,drive,NOUN,29,6
2538,openly,ADV,29,11
2539,oath,NOUN,29,9
2540,experience,VERB,29,10
2541,disgrace,NOUN,29,11
2542,medicine,NOUN,29,13
2543,derive,VERB,29,12
2544,contribution,NOUN,29,11
2545,flame,NOUN,29,12
2546,jam,NOUN,29,9
2547,squirrel,NOUN,29,6
2548,typical,ADJ,29,8
2549,ocean,NOUN,29,10
2550,mild,ADJ,29,10
2551,incapable,ADJ,29,10
2552,escape,NOUN,29,11
2553,anger,NOUN,29,10
2554,trunk,NOUN,29,10
2555,text,NOUN,29,13
2556,bushel,NOUN,29,4
2557,ave,VERB,29,4
2558,worship,NOUN,29,9
2559,sod,NOUN,29,6
2560,routine,NOUN,29,10
2561,sink,NOUN,29,8
2562,pew,NOUN,29,5
2563,ease,NOUN,29,10
2564,regret,VERB,29,10
2565,temptation,NOUN,29,9
2566,flit,VERB,29,9
2567,sour,ADJ,29,8
2568,brush,NOUN,29,9
2569,loaf,NOUN,29,9
2570,coin,NOUN,29,9
2571,pretence,NOUN,29,11
2572,constable,NOUN,29,7
2573,burst,NOUN,29,11
2574,sergeant,NOUN,29,5
2575,gleam,VERB,29,7
2576,villager,NOUN,29,5
2577,valuable,ADJ,29,9
2578,horn,NOUN,29,11
2579,subscription,NOUN,29,7
2580,charm,NOUN,29,11
2581,flock,NOUN,29,8
2582,verse,NOUN,29,8
2583,youthful,ADJ,29,8
2584,audience,NOUN,29,8
2585,nearer,NOUN,29,12
2586,bar,VERB,29,10
2587,shooting,NOUN,29,8
2588,bus,NOUN,29,6
2589,bowl,NOUN,29,9
2590,plane,NOUN,29,9
2591,million,NOUN,29,8
2592,muscle,NOUN,29,10
2593,primitive,ADJ,29,7
2594,equality,NOUN,29,6
2595,vain,ADJ,29,11
2596,scatter,VERB,29,12
2597,inspire,VERB,29,9
2598,sacred,ADJ,29,10
2599,penalty,NOUN,29,7
2600,numerous,ADJ,29,10
2601,nigger,NOUN,29,2
2602,vivid,ADJ,29,9
2603,metal,NOUN,29,10
2604,secure,VERB,29,6
2605,marble,NOUN,29,6
2606,precede,VERB,29,7
2607,printer,NOUN,29,1
2608,skate,VERB,28,4
2609,theatre,NOUN,28,12
2610,illness,NOUN,28,7
2611,skirt,NOUN,28,9
2612,composition,NOUN,28,8
2613,goose,NOUN,28,7
2614,slip,NOUN,28,11
2615,grand,ADJ,28,8
2616,talent,NOUN,28,9
2617,offence,NOUN,28,11
2618,tumble,VERB,28,10
2619,website,NOUN,28,7
2620,computer,NOUN,28,7
2621,pencil,NOUN,28,11
2622,casually,ADV,28,10
2623,excuse,NOUN,28,13
2624,savage,ADJ,28,10
2625,drawer,NOUN,28,10
2626,successful,ADJ,28,13
2627,perpetual,ADJ,28,13
2628,gift,NOUN,28,14
2629,puzzle,VERB,28,12
2630,corrupt,VERB,28,7
2631,profession,NOUN,28,9
2632,concern,NOUN,28,11
2633,design,NOUN,28,8
2634,mercy,NOUN,28,12
2635,salt,NOUN,28,9
2636,insult,VERB,28,9
2637,oppose,VERB,28,11
2638,joint,NOUN,28,11
2639,brandy,NOUN,28,9
2640,guide,NOUN,28,11
2641,cooking,NOUN,28,9
2642,kindly,ADV,28,11
2643,adore,VERB,28,10
2644,clothe,VERB,28,9
2645,current,ADJ,28,14
2646,glue,NOUN,28,2
2647,neighbourhood,NOUN,28,9
2648,preach,VERB,28,9
2649,beach,NOUN,28,9
2650,assistant,NOUN,28,7
2651,mat,NOUN,28,8
2652,trip,NOUN,28,8
2653,sweat,VERB,28,11
2654,inside,NOUN,28,8
2655,separate,ADJ,28,11
2656,greasy,NOUN,28,8
2657,direct,ADJ,28,9
2658,plant,NOUN,28,8
2659,rarely,ADV,28,10
2660,astonishing,ADJ,28,11
2661,lorry,NOUN,28,3
2662,surprising,ADJ,28,10
2663,discipline,NOUN,28,10
2664,continuous,ADJ,28,7
2665,chamber,NOUN,28,10
2666,distress,NOUN,28,10
2667,accord,NOUN,28,9
2668,desolate,ADJ,28,9
2669,rope,NOUN,28,10
2670,steady,ADJ,28,10
2671,guard,VERB,28,10
2672,criminal,NOUN,28,10
2673,frequent,VERB,28,8
2674,glide,VERB,28,9
2675,rubber,NOUN,28,7
2676,scientific,ADJ,28,9
2677,scholar,NOUN,28,3
2678,horrid,ADJ,27,5
2679,fancy,ADJ,27,9
2680,crazy,ADJ,27,6
2681,cream,NOUN,27,9
2682,satisfactory,ADJ,27,11
2683,development,NOUN,27,11
2684,roll,NOUN,27,10
2685,reserve,VERB,27,11
2686,wrong,NOUN,27,12
2687,band,NOUN,27,11
2688,frog,NOUN,27,11
2689,grace,NOUN,27,11
2690,contempt,NOUN,27,8
2691,pang,NOUN,27,8
2692,envelope,NOUN,27,7
2693,railway,NOUN,27,8
2694,training,NOUN,27,10
2695,bye,INTJ,27,8
2696,punish,VERB,27,12
2697,ridiculous,ADJ,27,12
2698,mate,NOUN,27,8
2699,amount,VERB,27,9
2700,dispute,NOUN,27,9
2701,suck,VERB,27,10
2702,unnecessary,ADJ,27,11
2703,male,ADJ,27,9
2704,boredom,NOUN,27,9
2705,uncertain,ADJ,27,12
2706,proof,NOUN,27,12
2707,beloved,ADJ,27,6
2708,commercial,ADJ,27,14
2709,code,NOUN,27,11
2710,household,NOUN,27,7
2711,dew,NOUN,27,8
2712,momentary,ADJ,27,10
2713,fatal,ADJ,27,11
2714,banner,NOUN,27,8
2715,heavily,ADV,27,11
2716,entitle,VERB,27,11
2717,vary,VERB,27,10
2718,confused,ADJ,27,9
2719,protest,VERB,27,10
2720,long,VERB,27,8
2721,prostitute,NOUN,27,6
2722,proprietor,NOUN,27,9
2723,cage,NOUN,27,7
2724,swift,ADJ,27,11
2725,undoubtedly,ADV,27,10
2726,ink,NOUN,27,10
2727,multitude,NOUN,27,11
2728,firmly,ADV,27,12
2729,swarm,VERB,27,8
2730,absorb,VERB,27,10
2731,menacing,ADJ,27,7
2732,roughly,ADV,27,11
2733,chinese,ADJ,27,7
2734,hound,NOUN,27,5
2735,scream,NOUN,27,8
2736,feeble,ADJ,27,9
2737,shortage,NOUN,27,5
2738,ha,INTJ,27,5
2739,assemble,VERB,27,7
2740,cheat,VERB,27,8
2741,accustomed,ADJ,27,10
2742,structure,NOUN,27,9
2743,sail,NOUN,27,8
2744,unknown,ADJ,27,12
2745,squeeze,VERB,27,8
2746,meantime,NOUN,27,7
2747,judgment,NOUN,27,8
2748,beater,NOUN,27,1
2749,polo,NOUN,27,2
2750,earthquake,NOUN,27,6
2751,tick,NOUN,27,5
2752,universal,ADJ,27,9
2753,sailor,NOUN,27,10
2754,bistro,NOUN,27,1
2755,endeavor,VERB,27,4
2756,darling,NOUN,26,6
2757,jolly,ADV,26,6
2758,console,VERB,26,9
2759,magnificent,ADJ,26,10
2760,portrait,NOUN,26,10
2761,rude,ADJ,26,8
2762,porter,NOUN,26,6
2763,behaviour,NOUN,26,11
2764,newly,ADV,26,11
2765,bore,NOUN,26,12
2766,injustice,NOUN,26,9
2767,b,NOUN,26,11
2768,solicit,VERB,26,7
2769,introduction,NOUN,26,11
2770,diet,NOUN,26,10
2771,cock,NOUN,26,10
2772,unusual,ADJ,26,10
2773,traitor,NOUN,26,7
2774,distinctly,ADV,26,11
2775,spiritual,ADJ,26,8
2776,absolute,ADJ,26,9
2777,flash,VERB,26,9
2778,convert,VERB,26,14
2779,production,NOUN,26,11
2780,harmless,ADJ,26,15
2781,chant,VERB,26,7
2782,fourpence,NOUN,26,5
2783,got,VERB,26,6
2784,nineteen,NUM,26,6
2785,minded,ADJ,26,10
2786,noisy,ADJ,26,10
2787,thread,NOUN,26,7
2788,bound,VERB,26,10
2789,shopkeeper,NOUN,26,4
2790,approve,VERB,26,11
2791,pan,NOUN,26,9
2792,holy,ADJ,26,6
2793,preparation,NOUN,26,8
2794,scarlet,ADJ,26,10
2795,relative,NOUN,26,7
2796,rush,NOUN,26,9
2797,faced,ADJ,26,10
2798,plot,NOUN,26,9
2799,comparison,NOUN,26,10
2800,gloom,NOUN,26,7
2801,twilight,NOUN,26,6
2802,raid,NOUN,26,6
2803,dart,VERB,26,10
2804,signal,NOUN,26,11
2805,linger,VERB,26,10
2806,disgust,NOUN,26,11
2807,shed,NOUN,26,7
2808,circulate,VERB,26,7
2809,previously,ADV,26,9
2810,instruct,VERB,26,7
2811,breeze,NOUN,26,6
2812,vengeance,NOUN,26,4
2813,shine,VERB,26,8
2814,suicide,NOUN,26,11
2815,approach,NOUN,26,8
2816,firing,NOUN,26,6
2817,soup,NOUN,26,8
2818,confusion,NOUN,26,11
2819,thither,NOUN,26,5
2820,rule,VERB,26,6
2821,genuine,ADJ,26,9
2822,distinct,ADJ,26,9
2823,consolation,NOUN,26,5
2824,globe,NOUN,26,6
2825,college,NOUN,26,6
2826,region,NOUN,26,4
2827,upward,ADV,26,7
2828,defense,NOUN,26,2
2829,frantically,ADV,25,5
2830,doll,NOUN,25,6
2831,tickle,VERB,25,7
2832,tram,NOUN,25,5
2833,likely,ADV,25,10
2834,praise,VERB,25,11
2835,sacrifice,NOUN,25,9
2836,stifle,VERB,25,9
2837,defective,ADJ,25,10
2838,paint,NOUN,25,11
2839,surprise,VERB,25,10
2840,wicked,ADJ,25,9
2841,honestly,ADV,25,13
2842,inspect,VERB,25,14
2843,snap,VERB,25,10
2844,grateful,ADJ,25,10
2845,fox,NOUN,25,3
2846,envy,NOUN,25,10
2847,stomach,NOUN,25,11
2848,lung,NOUN,25,10
2849,objection,NOUN,25,9
2850,stamp,NOUN,25,11
2851,generous,ADJ,25,10
2852,suggestion,NOUN,25,12
2853,brave,ADJ,25,9
2854,accumulate,VERB,25,11
2855,lower,VERB,25,9
2856,boast,VERB,25,12
2857,current,NOUN,25,8
2858,organize,VERB,25,11
2859,hymn,NOUN,25,7
2860,orchard,NOUN,25,4
2861,bucket,NOUN,25,9
2862,hip,NOUN,25,7
2863,threepence,NOUN,25,4
2864,county,NOUN,25,7
2865,discomfort,NOUN,25,8
2866,dread,NOUN,25,11
2867,elm,NOUN,25,8
2868,mingle,VERB,25,10
2869,suspicious,ADJ,25,11
2870,palm,NOUN,25,9
2871,wreck,NOUN,25,9
2872,chip,NOUN,25,7
2873,slice,NOUN,25,10
2874,alternative,NOUN,25,8
2875,aisle,NOUN,25,5
2876,linen,NOUN,25,10
2877,short,ADV,25,11
2878,opposite,NOUN,25,11
2879,ray,NOUN,25,9
2880,race,VERB,25,8
2881,threat,NOUN,25,8
2882,overhead,ADV,25,9
2883,vein,NOUN,25,8
2884,haul,VERB,25,9
2885,entertain,VERB,25,9
2886,blaze,VERB,25,8
2887,area,NOUN,25,9
2888,loyalty,NOUN,25,7
2889,impress,VERB,25,10
2890,fulfil,VERB,25,9
2891,insult,NOUN,25,7
2892,glare,NOUN,25,7
2893,pity,VERB,25,7
2894,proposal,NOUN,25,4
2895,heroic,ADJ,25,9
2896,slavery,NOUN,25,8
2897,guilt,NOUN,25,8
2898,execute,VERB,25,8
2899,indifferent,ADJ,25,12
2900,consent,VERB,25,7
2901,apology,NOUN,25,7
2902,ass,NOUN,25,6
2903,bamboo,NOUN,25,3
2904,highbrow,NOUN,25,3
2905,swim,VERB,25,8
2906,desert,NOUN,25,6
2907,mob,NOUN,25,6
2908,domestic,ADJ,25,6
2909,humanity,NOUN,25,5
2910,omit,VERB,25,5
2911,cottager,NOUN,25,2
2912,sentry,NOUN,25,3
2913,perchance,ADV,25,1
2914,beard,NOUN,24,10
2915,h,NOUN,24,5
2916,vanity,NOUN,24,7
2917,eld,ADJ,24,8
2918,inspection,NOUN,24,9
2919,bath,VERB,24,8
2920,greet,VERB,24,8
2921,keen,ADJ,24,10
2922,base,VERB,24,9
2923,correct,VERB,24,8
2924,career,NOUN,24,12
2925,mistake,VERB,24,11
2926,pillow,NOUN,24,9
2927,toast,NOUN,24,7
2928,offer,NOUN,24,10
2929,concept,NOUN,24,10
2930,sexual,ADJ,24,5
2931,sicken,VERB,24,8
2932,treachery,NOUN,24,8
2933,downstairs,ADV,24,9
2934,lock,NOUN,24,12
2935,passenger,NOUN,24,9
2936,sunshine,NOUN,24,12
2937,moonlight,NOUN,24,7
2938,decay,VERB,24,12
2939,frost,NOUN,24,5
2940,sheer,ADJ,24,11
2941,notwithstanding,ADP,24,5
2942,store,VERB,24,11
2943,treatment,NOUN,24,11
2944,picking,NOUN,24,2
2945,m,VERB,24,5
2946,can,NOUN,24,5
2947,tradesman,NOUN,24,8
2948,election,NOUN,24,4
2949,midday,NOUN,24,7
2950,bang,VERB,24,7
2951,advertisement,NOUN,24,8
2952,feminine,ADJ,24,10
2953,unwilling,ADJ,24,8
2954,dripping,ADJ,24,11
2955,reassure,VERB,24,10
2956,lick,VERB,24,9
2957,scar,VERB,24,9
2958,essentially,ADV,24,8
2959,decision,NOUN,24,9
2960,incredible,ADJ,24,11
2961,glow,VERB,24,8
2962,inquiry,NOUN,24,9
2963,application,NOUN,24,7
2964,buffalo,NOUN,24,6
2965,towel,NOUN,24,6
2966,delay,NOUN,24,11
2967,supply,NOUN,24,10
2968,balance,VERB,24,10
2969,clumsy,ADJ,24,10
2970,march,NOUN,24,7
2971,thief,NOUN,24,7
2972,gutter,NOUN,24,8
2973,gap,NOUN,24,11
2974,basin,NOUN,24,9
2975,feather,NOUN,24,9
2976,calf,NOUN,24,8
2977,unconscious,ADJ,24,9
2978,appreciate,VERB,24,10
2979,capacity,NOUN,24,12
2980,sock,NOUN,24,8
2981,base,NOUN,24,9
2982,startle,VERB,24,12
2983,purity,NOUN,24,4
2984,highly,ADV,24,9
2985,weakness,NOUN,24,11
2986,film,NOUN,24,7
2987,riot,NOUN,24,7
2988,universe,NOUN,24,4
2989,association,NOUN,24,10
2990,statue,NOUN,24,7
2991,harvest,NOUN,24,7
2992,whip,NOUN,24,7
2993,achieve,VERB,24,8
2994,rapid,ADJ,24,10
2995,tendency,NOUN,24,10
2996,apparent,ADJ,24,10
2997,imprisonment,NOUN,24,8
2998,inconceivable,ADJ,24,10
2999,popular,ADJ,24,10
3000,assert,VERB,24,11
3001,lounge,NOUN,24,3
3002,dark,NOUN,24,9
3003,rhyme,NOUN,24,6
3004,kite,NOUN,24,5
3005,plain,NOUN,24,8
3006,insurance,NOUN,24,7
3007,palace,NOUN,24,9
3008,bait,NOUN,24,5
3009,queue,NOUN,24,4
3010,coast,NOUN,24,9
3011,centime,NOUN,24,2
3012,memorable,ADJ,24,7
3013,anguish,NOUN,24,2
3014,romantic,ADJ,24,6
3015,folly,NOUN,24,6
3016,secondly,ADV,23,6
3017,kiss,NOUN,23,8
3018,oneself,PRON,23,7
3019,inspector,NOUN,23,6
3020,boarding,NOUN,23,8
3021,break,NOUN,23,10
3022,hurry,NOUN,23,10
3023,idiot,NOUN,23,7
3024,spit,VERB,23,10
3025,wrist,NOUN,23,5
3026,grandfather,NOUN,23,8
3027,healthy,ADJ,23,9
3028,pious,ADJ,23,9
3029,carpet,NOUN,23,8
3030,applicable,ADJ,23,7
3031,temperature,NOUN,23,10
3032,brow,NOUN,23,8
3033,trifle,NOUN,23,9
3034,inclined,ADJ,23,11
3035,patient,NOUN,23,7
3036,transfer,VERB,23,8
3037,legal,ADJ,23,10
3038,editor,NOUN,23,10
3039,cut,NOUN,23,11
3040,coloured,ADJ,23,8
3041,sword,NOUN,23,11
3042,revive,VERB,23,9
3043,scrap,VERB,23,9
3044,sens,NOUN,23,8
3045,imitate,VERB,23,9
3046,identify,VERB,23,11
3047,regulate,VERB,23,9
3048,jackboot,NOUN,23,2
3049,willy,ADV,23,2
3050,fag,NOUN,23,5
3051,sub,NOUN,23,7
3052,sleepy,ADJ,23,8
3053,genuinely,ADV,23,7
3054,groan,NOUN,23,7
3055,strike,NOUN,23,7
3056,dislike,VERB,23,11
3057,warfare,NOUN,23,4
3058,refuge,NOUN,23,7
3059,pole,NOUN,23,10
3060,privately,ADV,23,9
3061,ultimately,ADV,23,9
3062,mill,NOUN,23,8
3063,low,ADV,23,9
3064,bowler,NOUN,23,6
3065,mention,NOUN,23,9
3066,devour,VERB,23,12
3067,division,NOUN,23,6
3068,jet,NOUN,23,8
3069,deprive,VERB,23,8
3070,pierce,VERB,23,10
3071,hastily,ADV,23,10
3072,mixture,NOUN,23,11
3073,economy,NOUN,23,8
3074,cheque,NOUN,23,6
3075,mortal,ADJ,23,9
3076,largely,ADV,23,8
3077,sandy,ADJ,23,8
3078,eager,ADJ,23,12
3079,slender,ADJ,23,8
3080,anonymous,ADJ,23,4
3081,consume,VERB,23,9
3082,drench,VERB,23,8
3083,manuscript,NOUN,23,5
3084,inevitable,ADJ,23,12
3085,regiment,NOUN,23,5
3086,smoking,NOUN,23,7
3087,inclination,NOUN,23,6
3088,grocer,NOUN,23,8
3089,speaker,NOUN,23,9
3090,climate,NOUN,23,10
3091,disaster,NOUN,23,10
3092,defeat,VERB,23,7
3093,purchase,VERB,23,8
3094,benevolent,ADJ,23,6
3095,twig,NOUN,23,6
3096,unexpected,ADJ,23,10
3097,select,VERB,23,10
3098,renew,VERB,23,8
3099,prejudice,NOUN,23,11
3100,extract,VERB,23,10
3101,release,VERB,23,9
3102,line,VERB,23,8
3103,chuck,VERB,23,6
3104,community,NOUN,23,8
3105,socialism,NOUN,23,5
3106,protection,NOUN,23,7
3107,clay,NOUN,23,6
3108,barrack,NOUN,23,4
3109,average,ADJ,23,8
3110,crowded,ADJ,23,8
3111,litre,NOUN,23,3
3112,cabin,NOUN,23,5
3113,disposition,NOUN,23,3
3114,capitalism,NOUN,23,3
3115,witch,NOUN,22,7
3116,entrance,NOUN,22,11
3117,university,NOUN,22,9
3118,ankle,NOUN,22,7
3119,corrupt,ADJ,22,11
3120,polite,ADJ,22,10
3121,colonel,NOUN,22,8
3122,derivative,ADJ,22,7
3123,entity,NOUN,22,7
3124,replacement,NOUN,22,8
3125,worried,ADJ,22,5
3126,sort,ADV,22,8
3127,glove,NOUN,22,8
3128,shiver,VERB,22,10
3129,exception,NOUN,22,9
3130,apron,NOUN,22,6
3131,available,ADJ,22,11
3132,accordance,NOUN,22,11
3133,consequently,ADV,22,12
3134,delight,VERB,22,9
3135,snatch,VERB,22,6
3136,drunken,ADJ,22,8
3137,female,ADJ,22,12
3138,flat,NOUN,22,5
3139,sigh,NOUN,22,8
3140,inherit,VERB,22,9
3141,punishment,NOUN,22,12
3142,extinguish,VERB,22,7
3143,celebrate,VERB,22,11
3144,belt,NOUN,22,9
3145,rag,VERB,22,11
3146,inflict,VERB,22,11
3147,trace,VERB,22,9
3148,imitation,NOUN,22,14
3149,sausage,NOUN,22,7
3150,sewing,NOUN,22,7
3151,de,NOUN,22,8
3152,collapse,VERB,22,9
3153,fund,NOUN,22,7
3154,wither,VERB,22,7
3155,sub,ADJ,22,6
3156,sticky,ADJ,22,7
3157,semi,ADJ,22,8
3158,offensive,ADJ,22,11
3159,pane,NOUN,22,8
3160,blank,ADJ,22,8
3161,futile,ADJ,22,7
3162,totally,ADV,22,7
3163,admirable,ADJ,22,8
3164,beam,VERB,22,11
3165,decade,NOUN,22,8
3166,awaken,VERB,22,9
3167,crust,NOUN,22,8
3168,rattle,VERB,22,7
3169,hillside,NOUN,22,9
3170,graf,NOUN,22,9
3171,praise,NOUN,22,9
3172,northern,ADJ,22,9
3173,profound,ADJ,22,9
3174,stricken,VERB,22,11
3175,grave,ADJ,22,12
3176,league,NOUN,22,8
3177,wind,VERB,22,11
3178,communication,NOUN,22,6
3179,outer,ADJ,22,8
3180,trembling,NOUN,22,10
3181,west,NOUN,22,11
3182,vine,NOUN,22,7
3183,witness,VERB,22,8
3184,agitation,NOUN,22,7
3185,stale,ADJ,22,10
3186,bubble,NOUN,22,5
3187,aspect,NOUN,22,9
3188,eightpence,NOUN,22,3
3189,skip,VERB,22,8
3190,risk,NOUN,22,11
3191,expand,VERB,22,8
3192,exercise,VERB,22,12
3193,pressure,NOUN,22,10
3194,murmur,NOUN,22,8
3195,oppress,VERB,22,8
3196,fellow,ADJ,22,6
3197,immortal,ADJ,22,10
3198,wheat,NOUN,22,8
3199,retreat,NOUN,22,7
3200,achievement,NOUN,22,9
3201,explosion,NOUN,22,7
3202,faculty,NOUN,22,7
3203,product,NOUN,22,10
3204,contrive,VERB,22,9
3205,formation,NOUN,22,7
3206,denounce,VERB,22,8
3207,reward,NOUN,22,8
3208,converse,VERB,22,5
3209,injury,NOUN,22,9
3210,politic,NOUN,22,9
3211,discourse,NOUN,22,6
3212,opposition,NOUN,22,8
3213,pagoda,NOUN,22,2
3214,short,NOUN,22,5
3215,merit,NOUN,22,7
3216,pawn,VERB,22,3
3217,eurasian,ADJ,22,2
3218,convenience,NOUN,22,10
3219,bond,NOUN,22,7
3220,temporary,ADJ,22,9
3221,ammunition,NOUN,22,4
3222,casualty,NOUN,22,5
3223,patent,NOUN,22,8
3224,ingenious,ADJ,22,5
3225,compel,VERB,22,7
3226,sphere,ADV,22,1
3227,wealthy,ADJ,22,6
3228,immense,ADJ,22,8
3229,undertaking,NOUN,22,3
3230,recollect,VERB,22,5
3231,fuel,NOUN,22,6
3232,entertainment,NOUN,22,5
3233,grandmother,NOUN,21,5
3234,positively,ADV,21,8
3235,terribly,ADV,21,7
3236,chill,NOUN,21,10
3237,salute,VERB,21,9
3238,furiously,ADV,21,8
3239,decorate,VERB,21,8
3240,plainly,ADV,21,7
3241,rip,VERB,21,10
3242,niece,NOUN,21,4
3243,bid,VERB,21,11
3244,extraordinarily,ADV,21,9
3245,user,NOUN,21,7
3246,donate,VERB,21,7
3247,disclaimer,NOUN,21,7
3248,limitation,NOUN,21,7
3249,restriction,NOUN,21,11
3250,chip,VERB,21,7
3251,geography,NOUN,21,7
3252,essay,NOUN,21,7
3253,bow,NOUN,21,8
3254,lack,VERB,21,12
3255,absent,ADJ,21,11
3256,thou,ADJ,21,9
3257,research,NOUN,21,9
3258,date,VERB,21,9
3259,warning,NOUN,21,11
3260,awhile,ADV,21,4
3261,free,VERB,21,10
3262,dustbin,NOUN,21,6
3263,southern,ADJ,21,9
3264,convenient,ADJ,21,7
3265,invention,NOUN,21,9
3266,bored,ADJ,21,8
3267,dumb,ADJ,21,9
3268,dial,NOUN,21,3
3269,barber,NOUN,21,8
3270,folk,NOUN,21,8
3271,matter,ADV,21,12
3272,expedition,NOUN,21,7
3273,wash,NOUN,21,11
3274,deceive,VERB,21,13
3275,check,NOUN,21,14
3276,altar,NOUN,21,4
3277,wrench,VERB,21,5
3278,water,VERB,21,8
3279,saying,NOUN,21,10
3280,mechanical,ADJ,21,9
3281,purely,ADV,21,8
3282,margarine,NOUN,21,4
3283,weekly,ADJ,21,9
3284,momentarily,ADV,21,10
3285,lift,NOUN,21,6
3286,stew,NOUN,21,5
3287,litter,NOUN,21,9
3288,van,NOUN,21,4
3289,spot,VERB,21,9
3290,correct,ADJ,21,12
3291,solely,ADV,21,7
3292,automatically,ADV,21,9
3293,careless,ADJ,21,10
3294,sufficiently,ADV,21,9
3295,plaster,VERB,21,9
3296,clothing,NOUN,21,5
3297,conceivable,ADJ,21,6
3298,appeal,NOUN,21,12
3299,willow,NOUN,21,6
3300,prestige,NOUN,21,6
3301,dingy,ADJ,21,6
3302,tip,VERB,21,8
3303,design,VERB,21,12
3304,fortunately,ADV,21,9
3305,flap,VERB,21,9
3306,terrific,ADJ,21,9
3307,earnest,ADJ,21,7
3308,independent,ADJ,21,6
3309,obscure,ADJ,21,9
3310,probable,ADJ,21,9
3311,dive,VERB,21,9
3312,hostile,ADJ,21,10
3313,increase,NOUN,21,10
3314,plead,VERB,21,9
3315,plank,NOUN,21,8
3316,garment,NOUN,21,7
3317,foolish,ADJ,21,12
3318,rusty,ADJ,21,8
3319,rattle,NOUN,21,6
3320,significant,ADJ,21,8
3321,hardship,NOUN,21,8
3322,bolt,NOUN,21,9
3323,painfully,ADV,21,8
3324,mistaken,ADJ,21,9
3325,accuser,NOUN,21,1
3326,simplicity,NOUN,21,9
3327,pukka,NOUN,21,1
3328,blue,NOUN,21,6
3329,mutter,VERB,21,9
3330,deck,NOUN,21,9
3331,temple,NOUN,21,8
3332,ghastly,ADJ,21,7
3333,blessing,NOUN,21,6
3334,downward,ADV,21,5
3335,radio,NOUN,21,5
3336,carp,NOUN,21,1
3337,dispose,VERB,21,8
3338,extremity,NOUN,21,8
3339,ofthe,DET,21,1
3340,diameter,NOUN,21,4
3341,gray,ADJ,21,3
3342,erect,VERB,21,7
3343,creator,NOUN,21,2
3344,upset,ADJ,20,4
3345,recite,VERB,20,4
3346,horrid,NOUN,20,7
3347,switch,VERB,20,6
3348,intimacy,NOUN,20,8
3349,fuss,NOUN,20,8
3350,swing,NOUN,20,9
3351,fur,NOUN,20,9
3352,stroke,VERB,20,7
3353,awkward,ADJ,20,9
3354,breech,NOUN,20,6
3355,chatter,VERB,20,9
3356,dressing,NOUN,20,9
3357,sew,VERB,20,7
3358,parcel,NOUN,20,8
3359,translation,NOUN,20,8
3360,utmost,ADJ,20,10
3361,roman,ADJ,20,8
3362,elegant,ADJ,20,8
3363,stand,NOUN,20,10
3364,lantern,NOUN,20,8
3365,await,VERB,20,9
3366,defeat,NOUN,20,6
3367,coffin,NOUN,20,9
3368,ing,NOUN,20,4
3369,sailing,NOUN,20,6
3370,behalf,NOUN,20,10
3371,proprietary,ADJ,20,7
3372,gross,ADJ,20,8
3373,catholic,ADJ,20,7
3374,sale,NOUN,20,7
3375,swindle,NOUN,20,6
3376,shock,VERB,20,8
3377,nostril,NOUN,20,8
3378,wriggle,VERB,20,6
3379,bum,NOUN,20,7
3380,ninety,NUM,20,7
3381,tower,NOUN,20,7
3382,pack,NOUN,20,9
3383,bargain,NOUN,20,9
3384,bold,ADJ,20,7
3385,mantelpiece,NOUN,20,6
3386,forearm,NOUN,20,7
3387,spade,NOUN,20,7
3388,connexion,NOUN,20,6
3389,eagerness,NOUN,20,7
3390,cabbage,NOUN,20,7
3391,fireplace,NOUN,20,8
3392,handful,NOUN,20,9
3393,persist,VERB,20,10
3394,litter,VERB,20,7
3395,ditch,NOUN,20,6
3396,neighbouring,NOUN,20,8
3397,crockery,NOUN,20,4
3398,frown,VERB,20,6
3399,lively,ADJ,20,8
3400,bully,VERB,20,5
3401,stretch,NOUN,20,9
3402,illustration,NOUN,20,11
3403,undo,VERB,20,9
3404,intellect,NOUN,20,5
3405,porch,NOUN,20,5
3406,remainder,NOUN,20,8
3407,darken,VERB,20,8
3408,loiter,VERB,20,10
3409,overwhelm,VERB,20,8
3410,specie,NOUN,20,6
3411,startling,ADJ,20,8
3412,t,NOUN,20,5
3413,board,VERB,20,8
3414,skill,NOUN,20,10
3415,squat,VERB,20,6
3416,grocery,NOUN,20,7
3417,fasten,VERB,20,7
3418,mask,NOUN,20,7
3419,trumpet,NOUN,20,6
3420,pathetic,ADJ,20,8
3421,rice,NOUN,20,6
3422,lecturer,NOUN,20,3
3423,selfish,ADJ,20,11
3424,countryman,NOUN,20,6
3425,dignity,NOUN,20,10
3426,slum,NOUN,20,6
3427,survey,VERB,20,6
3428,recent,ADJ,20,10
3429,overwhelming,ADJ,20,7
3430,strictly,ADV,20,12
3431,public,NOUN,20,10
3432,internal,ADJ,20,7
3433,proclaim,VERB,20,9
3434,tradition,NOUN,20,9
3435,oracle,NOUN,20,2
3436,elevate,VERB,20,7
3437,sepoy,NOUN,20,1
3438,shutter,NOUN,20,7
3439,herd,NOUN,20,5
3440,eighty,NUM,20,8
3441,hover,VERB,20,7
3442,serene,ADJ,20,5
3443,stillness,NOUN,20,8
3444,outbreak,NOUN,20,4
3445,errand,NOUN,20,5
3446,grasp,NOUN,20,9
3447,fisherman,NOUN,20,4
3448,poplar,NOUN,20,3
3449,tube,NOUN,20,6
3450,route,NOUN,20,7
3451,ability,NOUN,20,7
3452,ami,NOUN,20,1
3453,kilometre,NOUN,20,3
3454,contribute,VERB,20,8
3455,journalist,NOUN,20,5
3456,mutual,ADJ,20,6
3457,decline,VERB,20,6
3458,frequent,ADJ,20,7
3459,dug,NOUN,20,2
3460,axe,NOUN,20,4
3461,proprietary,NOUN,20,1
3462,townsman,NOUN,20,1
3463,woodchuck,NOUN,20,1
3464,annoyed,ADJ,19,2
3465,asylum,NOUN,19,5
3466,sofa,NOUN,19,8
3467,flush,VERB,19,8
3468,medical,ADJ,19,9
3469,jealous,ADJ,19,9
3470,cherry,NOUN,19,7
3471,spy,VERB,19,6
3472,schoolmaster,NOUN,19,9
3473,christian,ADJ,19,7
3474,model,NOUN,19,10
3475,connection,NOUN,19,6
3476,redistribute,VERB,19,10
3477,grammar,NOUN,19,7
3478,cane,NOUN,19,6
3479,underneath,ADP,19,10
3480,velvet,NOUN,19,10
3481,note,VERB,19,12
3482,switch,NOUN,19,10
3483,landlady,NOUN,19,5
3484,resign,VERB,19,9
3485,intercourse,NOUN,19,8
3486,minor,ADJ,19,10
3487,shade,VERB,19,8
3488,softly,ADV,19,7
3489,readily,ADV,19,8
3490,cotton,NOUN,19,7
3491,brush,VERB,19,8
3492,succession,NOUN,19,12
3493,expectation,NOUN,19,5
3494,subject,ADJ,19,11
3495,following,NOUN,19,11
3496,marmalade,NOUN,19,3
3497,butcher,NOUN,19,4
3498,libel,NOUN,19,4
3499,perpetually,ADV,19,8
3500,kettle,NOUN,19,5
3501,b,X,19,6
3502,childish,ADJ,19,8
3503,swiftly,ADV,19,8
3504,worship,VERB,19,10
3505,vote,VERB,19,7
3506,angrily,ADV,19,6
3507,efficiency,NOUN,19,5
3508,whistle,VERB,19,11
3509,south,ADJ,19,10
3510,weary,ADJ,19,7
3511,poke,VERB,19,7
3512,partially,ADV,19,10
3513,nightmare,NOUN,19,8
3514,hammer,VERB,19,7
3515,nip,VERB,19,7
3516,double,VERB,19,9
3517,comfort,VERB,19,8
3518,empty,VERB,19,8
3519,normally,ADV,19,6
3520,bump,VERB,19,7
3521,foliage,NOUN,19,7
3522,thread,VERB,19,7
3523,unmistakable,ADJ,19,7
3524,slow,VERB,19,8
3525,apprehend,VERB,19,4
3526,physically,ADV,19,9
3527,indoor,NOUN,19,8
3528,tough,ADJ,19,10
3529,hearted,ADJ,19,7
3530,brilliant,ADJ,19,8
3531,illustrate,VERB,19,11
3532,saint,NOUN,19,6
3533,bloom,NOUN,19,10
3534,outward,ADJ,19,5
3535,sized,ADJ,19,8
3536,amiable,ADJ,19,6
3537,subtle,ADJ,19,9
3538,account,VERB,19,9
3539,ecstasy,NOUN,19,9
3540,channel,NOUN,19,8
3541,tent,NOUN,19,7
3542,pluck,VERB,19,9
3543,fowl,NOUN,19,9
3544,encounter,VERB,19,8
3545,beech,NOUN,19,4
3546,grease,NOUN,19,9
3547,pail,NOUN,19,8
3548,underground,ADV,19,6
3549,block,VERB,19,9
3550,dump,VERB,19,8
3551,permanently,ADV,19,10
3552,parade,NOUN,19,8
3553,summit,NOUN,19,4
3554,rib,NOUN,19,7
3555,disappoint,VERB,19,11
3556,substitute,NOUN,19,11
3557,toil,VERB,19,8
3558,abolish,VERB,19,4
3559,file,VERB,19,8
3560,contrary,ADJ,19,6
3561,mug,NOUN,19,5
3562,trample,VERB,19,9
3563,silently,ADV,19,9
3564,wagon,NOUN,19,5
3565,profess,VERB,19,9
3566,feebly,ADV,19,9
3567,picture,VERB,19,7
3568,tolerate,VERB,19,11
3569,torture,VERB,19,7
3570,bull,NOUN,19,6
3571,surrender,VERB,19,6
3572,recollection,NOUN,19,5
3573,accidental,ADJ,19,7
3574,motive,NOUN,19,9
3575,compound,NOUN,19,4
3576,saddle,NOUN,19,4
3577,kit,NOUN,19,4
3578,carve,VERB,19,5
3579,snake,NOUN,19,8
3580,circle,VERB,19,6
3581,clearing,NOUN,19,6
3582,western,ADJ,19,10
3583,echo,NOUN,19,9
3584,chop,VERB,19,7
3585,lemon,NOUN,19,6
3586,wretchedness,NOUN,19,5
3587,clutch,VERB,19,7
3588,flick,VERB,19,6
3589,violence,NOUN,19,8
3590,suitcase,NOUN,19,4
3591,motif,NOUN,19,7
3592,cubicle,NOUN,19,3
3593,phenomenon,NOUN,19,7
3594,enjoyment,NOUN,19,6
3595,dæmon,NOUN,19,1
3596,toil,NOUN,19,3
3597,exertion,NOUN,19,3
3598,team,NOUN,19,4
3599,dispute,VERB,19,5
3600,matriculation,NOUN,18,1
3601,excursion,NOUN,18,4
3602,favourite,NOUN,18,5
3603,lace,NOUN,18,4
3604,faint,VERB,18,4
3605,distinguished,ADJ,18,7
3606,glare,VERB,18,7
3607,corps,NOUN,18,9
3608,greek,ADJ,18,6
3609,host,NOUN,18,8
3610,tour,NOUN,18,9
3611,whatsoever,ADV,18,9
3612,document,NOUN,18,5
3613,tread,VERB,18,9
3614,fury,NOUN,18,7
3615,terrify,VERB,18,8
3616,combine,VERB,18,11
3617,transparent,ADJ,18,9
3618,breach,NOUN,18,7
3619,spoon,NOUN,18,9
3620,dump,NOUN,18,7
3621,jaw,NOUN,18,8
3622,gypsy,NOUN,18,7
3623,rightly,ADV,18,11
3624,disgraceful,ADJ,18,10
3625,berry,NOUN,18,5
3626,fashioned,ADJ,18,10
3627,slap,VERB,18,8
3628,trust,NOUN,18,11
3629,recur,VERB,18,9
3630,toss,VERB,18,8
3631,positive,ADJ,18,11
3632,vacant,ADJ,18,10
3633,owl,NOUN,18,5
3634,like,NOUN,18,5
3635,empire,NOUN,18,9
3636,tribe,NOUN,18,11
3637,cautiously,ADV,18,8
3638,lead,NOUN,18,9
3639,circus,NOUN,18,6
3640,luncheon,NOUN,18,6
3641,thereabout,NOUN,18,9
3642,sodden,ADJ,18,6
3643,uncomfortably,ADV,18,7
3644,scrub,VERB,18,6
3645,worn,ADJ,18,10
3646,master,VERB,18,9
3647,silence,VERB,18,7
3648,inscribe,VERB,18,9
3649,shift,VERB,18,11
3650,futility,NOUN,18,8
3651,eternity,NOUN,18,7
3652,starvation,NOUN,18,7
3653,penniless,ADJ,18,6
3654,dismay,NOUN,18,8
3655,discourage,VERB,18,8
3656,onwards,ADV,18,6
3657,appropriate,ADJ,18,7
3658,odd,ADJ,18,8
3659,strangely,ADV,18,7
3660,whisker,NOUN,18,8
3661,risk,VERB,18,9
3662,council,NOUN,18,6
3663,detective,NOUN,18,7
3664,dense,ADJ,18,8
3665,intense,ADJ,18,8
3666,oriental,ADJ,18,5
3667,grimy,ADJ,18,6
3668,yawn,VERB,18,7
3669,lazy,ADJ,18,7
3670,lap,NOUN,18,9
3671,tin,ADJ,18,6
3672,foe,NOUN,18,6
3673,chaos,NOUN,18,9
3674,exaggerate,VERB,18,7
3675,loyal,ADJ,18,7
3676,mattress,NOUN,18,7
3677,swimming,NOUN,18,7
3678,earnestly,ADV,18,7
3679,admission,NOUN,18,12
3680,occasion,VERB,18,6
3681,swam,VERB,18,9
3682,orange,NOUN,18,6
3683,value,VERB,18,9
3684,muck,NOUN,18,8
3685,filth,NOUN,18,7
3686,blame,NOUN,18,7
3687,concerned,ADJ,18,11
3688,hammer,NOUN,18,9
3689,consult,VERB,18,7
3690,worth,NOUN,18,8
3691,damn,NOUN,18,6
3692,guide,VERB,18,8
3693,chalk,NOUN,18,7
3694,footstep,NOUN,18,11
3695,infant,NOUN,18,6
3696,swamp,NOUN,18,3
3697,frozen,ADJ,18,8
3698,lavatory,NOUN,18,5
3699,verb,NOUN,18,5
3700,bait,VERB,18,7
3701,bay,NOUN,18,6
3702,illusion,NOUN,18,7
3703,hunting,NOUN,18,7
3704,chew,VERB,18,8
3705,successfully,ADV,18,10
3706,complicated,ADJ,18,6
3707,conquer,VERB,18,6
3708,dwell,VERB,18,5
3709,artillery,NOUN,18,5
3710,astonishment,NOUN,18,8
3711,hitherto,NOUN,18,7
3712,liberal,ADJ,18,8
3713,prosperous,ADJ,18,9
3714,entreat,VERB,18,4
3715,differ,VERB,18,8
3716,headman,NOUN,18,1
3717,peg,NOUN,18,5
3718,tiger,NOUN,18,6
3719,beat,NOUN,18,7
3720,fist,NOUN,18,6
3721,overhead,NOUN,18,8
3722,cough,VERB,18,5
3723,ant,NOUN,18,7
3724,bayonet,NOUN,18,4
3725,flood,VERB,18,8
3726,culture,NOUN,18,6
3727,westward,ADV,18,6
3728,load,VERB,18,9
3729,lecture,VERB,18,7
3730,gallery,NOUN,18,8
3731,apprentice,NOUN,18,4
3732,sincere,ADJ,18,8
3733,alliance,NOUN,18,5
3734,ripple,VERB,18,7
3735,basis,NOUN,18,8
3736,hoe,VERB,18,2
3737,shed,VERB,18,6
3738,truncheon,NOUN,18,2
3739,dissolve,VERB,18,8
3740,vital,ADJ,18,6
3741,profitable,ADJ,18,3
3742,range,VERB,18,7
3743,reverence,NOUN,18,7
3744,aid,VERB,18,5
3745,acquainted,ADJ,18,3
3746,sincerely,ADV,18,3
3747,raft,NOUN,18,4
3748,discharge,NOUN,18,4
3749,deserter,NOUN,18,2
3750,phone,NOUN,18,3
3751,garret,NOUN,18,4
3752,tavern,NOUN,18,3
3753,actor,NOUN,17,7
3754,goodbye,NOUN,17,4
3755,idiotic,ADJ,17,8
3756,couch,NOUN,17,4
3757,sob,VERB,17,7
3758,howl,VERB,17,8
3759,subscribe,VERB,17,10
3760,delightful,ADJ,17,8
3761,sandwich,NOUN,17,6
3762,patience,NOUN,17,8
3763,fifth,ADJ,17,11
3764,safely,ADV,17,9
3765,mischief,NOUN,17,8
3766,shy,ADJ,17,7
3767,latin,ADJ,17,9
3768,stew,VERB,17,6
3769,pudding,NOUN,17,7
3770,stupidity,NOUN,17,7
3771,spar,VERB,17,9
3772,er,INTJ,17,5
3773,c,NOUN,17,10
3774,dreadfully,ADV,17,7
3775,receipt,NOUN,17,7
3776,stuff,VERB,17,9
3777,outline,NOUN,17,9
3778,graceful,ADJ,17,10
3779,wreath,NOUN,17,8
3780,row,VERB,17,7
3781,peep,VERB,17,10
3782,pro,ADJ,17,4
3783,correspondence,NOUN,17,4
3784,explode,VERB,17,8
3785,complaint,NOUN,17,7
3786,costume,NOUN,17,4
3787,bolt,VERB,17,7
3788,appal,VERB,17,9
3789,seat,VERB,17,5
3790,impressive,ADJ,17,11
3791,scratch,VERB,17,9
3792,refrain,VERB,17,10
3793,sleeve,NOUN,17,9
3794,abide,VERB,17,11
3795,display,NOUN,17,11
3796,taxis,NOUN,17,11
3797,damage,VERB,17,12
3798,critical,ADJ,17,11
3799,bine,NOUN,17,1
3800,wid,VERB,17,3
3801,broom,NOUN,17,6
3802,tap,NOUN,17,5
3803,oo,NOUN,17,3
3804,ye,NOUN,17,6
3805,humour,NOUN,17,5
3806,stiffen,VERB,17,7
3807,interminable,ADJ,17,6
3808,de,ADP,17,4
3809,hopeful,ADJ,17,9
3810,icy,ADJ,17,8
3811,entrail,NOUN,17,4
3812,shudder,NOUN,17,9
3813,lifetime,NOUN,17,7
3814,expert,NOUN,17,7
3815,bud,NOUN,17,9
3816,rebel,VERB,17,6
3817,stuffy,ADJ,17,6
3818,human,NOUN,17,9
3819,spear,NOUN,17,5
3820,twentieth,ADJ,17,5
3821,regularity,NOUN,17,8
3822,item,NOUN,17,5
3823,edge,VERB,17,9
3824,needless,ADJ,17,9
3825,artificial,ADJ,17,10
3826,slaughter,NOUN,17,9
3827,restrain,VERB,17,9
3828,unexpectedly,ADV,17,8
3829,excitedly,ADV,17,7
3830,reappear,VERB,17,9
3831,infer,VERB,17,6
3832,gramophone,NOUN,17,5
3833,flannel,NOUN,17,8
3834,fat,NOUN,17,7
3835,wing,VERB,17,7
3836,peer,VERB,17,9
3837,drug,NOUN,17,8
3838,foul,ADJ,17,8
3839,welcome,VERB,17,9
3840,gossip,NOUN,17,7
3841,lifeless,ADJ,17,9
3842,ascend,VERB,17,5
3843,helplessly,ADV,17,6
3844,tedious,ADJ,17,7
3845,hospitality,NOUN,17,7
3846,precaution,NOUN,17,11
3847,conviction,NOUN,17,10
3848,drunk,NOUN,17,7
3849,delay,VERB,17,8
3850,cavalry,NOUN,17,5
3851,hey,INTJ,17,5
3852,daytime,NOUN,17,4
3853,discussion,NOUN,17,9
3854,peculiarly,ADV,17,9
3855,evident,ADJ,17,7
3856,attraction,NOUN,17,10
3857,devilish,ADJ,17,7
3858,desirable,ADJ,17,7
3859,trivial,ADJ,17,7
3860,fierce,ADJ,17,8
3861,follower,NOUN,17,9
3862,soak,VERB,17,7
3863,boundary,NOUN,17,6
3864,voluntary,ADJ,17,7
3865,origin,NOUN,17,10
3866,injure,VERB,17,7
3867,exile,NOUN,17,6
3868,indulge,VERB,17,6
3869,conjecture,VERB,17,5
3870,veranda,ADJ,17,2
3871,crocodile,NOUN,17,2
3872,dah,NOUN,17,2
3873,nurse,VERB,17,5
3874,chestnut,NOUN,17,5
3875,motionless,NOUN,17,9
3876,avert,VERB,17,6
3877,moth,NOUN,17,5
3878,abhor,VERB,17,2
3879,embrace,VERB,17,7
3880,straggle,VERB,17,9
3881,claim,NOUN,17,8
3882,fold,VERB,17,5
3883,dame,NOUN,17,3
3884,significance,NOUN,17,7
3885,fashionable,ADJ,17,8
3886,function,NOUN,17,7
3887,chance,VERB,17,7
3888,trotskyist,NOUN,17,2
3889,chess,NOUN,17,4
3890,leaflet,NOUN,17,3
3891,truck,NOUN,17,6
3892,compassion,NOUN,17,4
3893,tion,NOUN,17,1
3894,breadth,NOUN,17,2
3895,humble,ADJ,17,5
3896,honor,NOUN,17,4
3897,resume,VERB,17,6
3898,remorse,NOUN,17,2
3899,protector,NOUN,17,2
3900,skiff,NOUN,17,2
3901,resentment,NOUN,17,7
3902,territory,NOUN,17,3
3903,capitalist,NOUN,17,3
3904,actress,NOUN,16,3
3905,headache,NOUN,16,3
3906,humbug,NOUN,16,6
3907,beautifully,ADV,16,6
3908,reproach,VERB,16,7
3909,engagement,NOUN,16,6
3910,envy,VERB,16,7
3911,landlord,NOUN,16,6
3912,abuse,VERB,16,9
3913,strict,ADJ,16,9
3914,operate,VERB,16,8
3915,exciting,ADJ,16,9
3916,unpleasant,ADJ,16,7
3917,update,VERB,16,9
3918,caution,NOUN,16,9
3919,implore,VERB,16,10
3920,exceedingly,ADV,16,9
3921,champagne,NOUN,16,6
3922,correspond,VERB,16,8
3923,continual,ADJ,16,5
3924,dancing,NOUN,16,10
3925,dislike,NOUN,16,7
3926,domain,NOUN,16,9
3927,lieu,NOUN,16,8
3928,readable,ADJ,16,8
3929,fountain,NOUN,16,8
3930,scoundrel,NOUN,16,7
3931,outside,ADJ,16,7
3932,revolver,NOUN,16,5
3933,observation,NOUN,16,6
3934,lofty,ADJ,16,6
3935,security,NOUN,16,10
3936,eyed,ADJ,16,8
3937,learning,NOUN,16,6
3938,justify,VERB,16,9
3939,spare,ADJ,16,9
3940,swine,NOUN,16,7
3941,stop,NOUN,16,9
3942,poison,VERB,16,8
3943,lounge,VERB,16,8
3944,smooth,VERB,16,9
3945,slope,NOUN,16,7
3946,contradict,VERB,16,8
3947,rum,NOUN,16,6
3948,voluntarily,ADV,16,10
3949,expend,VERB,16,10
3950,limit,VERB,16,11
3951,remedy,NOUN,16,11
3952,schoolroom,NOUN,16,3
3953,wheel,VERB,16,7
3954,kip,NOUN,16,3
3955,pea,NOUN,16,6
3956,cafe,NOUN,16,4
3957,historical,ADJ,16,7
3958,decently,ADV,16,7
3959,grin,VERB,16,7
3960,exhausted,ADJ,16,8
3961,ay,INTJ,16,4
3962,cash,NOUN,16,6
3963,boring,ADJ,16,6
3964,redeem,VERB,16,6
3965,dismay,VERB,16,7
3966,pitch,VERB,16,9
3967,bachelor,NOUN,16,5
3968,consciously,ADV,16,7
3969,dismiss,VERB,16,10
3970,underneath,ADV,16,8
3971,firewood,NOUN,16,4
3972,adorn,VERB,16,5
3973,cheerfully,ADV,16,7
3974,tuck,VERB,16,9
3975,interior,NOUN,16,5
3976,instinctively,ADV,16,8
3977,brim,NOUN,16,8
3978,promising,ADJ,16,8
3979,nosed,ADJ,16,6
3980,curse,NOUN,16,8
3981,shrill,ADJ,16,8
3982,closing,NOUN,16,9
3983,fascination,NOUN,16,8
3984,ham,NOUN,16,9
3985,sway,VERB,16,9
3986,labyrinth,NOUN,16,9
3987,central,ADJ,16,7
3988,barmaid,NOUN,16,3
3989,shiny,ADJ,16,7
3990,doom,NOUN,16,7
3991,severe,ADJ,16,8
3992,overhang,VERB,16,6
3993,outside,NOUN,16,8
3994,doom,VERB,16,5
3995,devoted,ADJ,16,6
3996,partnership,NOUN,16,4
3997,incessantly,ADV,16,7
3998,stable,ADJ,16,8
3999,inferior,ADJ,16,10
4000,wicker,NOUN,16,5
4001,reject,VERB,16,9
4002,prickly,ADJ,16,3
4003,draught,NOUN,16,9
4004,unspeakable,ADJ,16,11
4005,din,VERB,16,7
4006,bowel,NOUN,16,7
4007,canoe,NOUN,16,5
4008,miracle,NOUN,16,6
4009,extinct,ADJ,16,7
4010,ruler,NOUN,16,6
4011,partridge,NOUN,16,4
4012,soar,VERB,16,9
4013,neatly,ADV,16,8
4014,clamour,VERB,16,7
4015,oftener,NOUN,16,7
4016,syllable,NOUN,16,5
4017,flatten,VERB,16,7
4018,define,VERB,16,8
4019,ceremony,NOUN,16,10
4020,jerk,VERB,16,10
4021,traffic,NOUN,16,7
4022,premise,NOUN,16,6
4023,sparrow,NOUN,16,6
4024,disciple,NOUN,16,6
4025,streak,NOUN,16,9
4026,strain,VERB,16,9
4027,incline,VERB,16,10
4028,successive,ADJ,16,8
4029,sledge,NOUN,16,3
4030,live,ADJ,16,9
4031,boom,VERB,16,8
4032,balance,NOUN,16,10
4033,orator,NOUN,16,5
4034,benefactor,NOUN,16,6
4035,anticipation,NOUN,16,9
4036,anna,NOUN,16,1
4037,hiss,ADJ,16,1
4038,longyi,NOUN,16,1
4039,mosquito,NOUN,16,4
4040,screen,NOUN,16,3
4041,black,NOUN,16,9
4042,loaf,VERB,16,4
4043,fool,VERB,16,4
4044,primrose,NOUN,16,2
4045,bent,VERB,16,6
4046,shower,NOUN,16,8
4047,retreat,VERB,16,8
4048,inconvenience,NOUN,16,5
4049,liquor,NOUN,16,5
4050,tub,NOUN,16,6
4051,discharge,VERB,16,6
4052,flour,NOUN,16,6
4053,humiliation,NOUN,16,8
4054,neutral,ADJ,16,5
4055,fender,NOUN,16,4
4056,growth,NOUN,16,8
4057,secure,ADJ,16,9
4058,refugee,NOUN,16,4
4059,café,NOUN,16,2
4060,harmony,NOUN,16,6
4061,l,NOUN,16,4
4062,exceed,VERB,16,6
4063,tranquillity,NOUN,16,3
4064,impatient,ADJ,16,7
4065,port,NOUN,16,4
4066,vaporize,VERB,16,1
4067,rocket,NOUN,16,1
4068,madly,ADV,15,2
4069,strawberry,NOUN,15,5
4070,farewell,NOUN,15,7
4071,mourning,NOUN,15,5
4072,purse,NOUN,15,5
4073,stare,VERB,15,8
4074,faithful,ADJ,15,9
4075,silver,ADJ,15,7
4076,steam,NOUN,15,7
4077,exclude,VERB,15,8
4078,umbrella,NOUN,15,5
4079,differently,ADV,15,6
4080,detain,VERB,15,7
4081,loudly,ADV,15,11
4082,provincial,ADJ,15,7
4083,indirectly,ADV,15,8
4084,liability,NOUN,15,7
4085,refund,VERB,15,7
4086,exempt,ADJ,15,7
4087,shoulder,VERB,15,9
4088,conspiracy,NOUN,15,7
4089,grind,VERB,15,12
4090,looking,ADJ,15,10
4091,major,ADJ,15,5
4092,reason,VERB,15,7
4093,green,NOUN,15,8
4094,sentimental,ADJ,15,7
4095,unmarried,ADJ,15,6
4096,coldly,ADV,15,6
4097,coward,NOUN,15,8
4098,diamond,NOUN,15,8
4099,paperweight,NOUN,15,2
4100,noticeable,ADJ,15,8
4101,meanness,NOUN,15,6
4102,inspiration,NOUN,15,9
4103,turning,NOUN,15,10
4104,enthusiastic,ADJ,15,8
4105,anxiously,ADV,15,8
4106,sunny,ADJ,15,8
4107,kipper,NOUN,15,2
4108,breastplate,NOUN,15,3
4109,plantation,NOUN,15,6
4110,solicitor,NOUN,15,5
4111,fry,VERB,15,7
4112,ceaseless,NOUN,15,6
4113,prick,VERB,15,5
4114,smack,VERB,15,5
4115,remarkably,ADV,15,5
4116,lean,ADJ,15,5
4117,urgent,ADJ,15,7
4118,atheist,NOUN,15,5
4119,accustom,VERB,15,5
4120,rap,VERB,15,7
4121,greyish,ADJ,15,7
4122,shuffle,VERB,15,8
4123,picturesque,ADJ,15,8
4124,calmly,ADV,15,7
4125,pump,NOUN,15,6
4126,brothel,NOUN,15,6
4127,profoundly,ADV,15,7
4128,bye,NOUN,15,5
4129,dusk,NOUN,15,8
4130,juice,NOUN,15,6
4131,farthing,NOUN,15,5
4132,embrace,NOUN,15,9
4133,nose,VERB,15,6
4134,pyramid,NOUN,15,10
4135,villa,NOUN,15,7
4136,straighten,VERB,15,7
4137,bake,VERB,15,9
4138,gallop,VERB,15,6
4139,cock,VERB,15,7
4140,unroll,VERB,15,6
4141,response,NOUN,15,10
4142,sullen,ADJ,15,8
4143,handy,ADJ,15,9
4144,trip,VERB,15,8
4145,limit,NOUN,15,8
4146,s,NOUN,15,6
4147,dip,VERB,15,8
4148,rejoice,VERB,15,8
4149,slab,NOUN,15,8
4150,uncertainty,NOUN,15,9
4151,brightness,NOUN,15,6
4152,sag,VERB,15,7
4153,furtively,ADV,15,7
4154,grating,NOUN,15,7
4155,nickname,VERB,15,7
4156,divine,VERB,15,7
4157,elaborate,ADJ,15,7
4158,irony,NOUN,15,5
4159,whip,VERB,15,8
4160,hum,VERB,15,8
4161,characteristic,ADJ,15,7
4162,infinitely,ADV,15,8
4163,intervene,VERB,15,8
4164,dictate,VERB,15,10
4165,persuasion,NOUN,15,6
4166,try,NOUN,15,7
4167,stumble,VERB,15,6
4168,shouting,NOUN,15,7
4169,grope,VERB,15,5
4170,bend,NOUN,15,7
4171,submit,VERB,15,9
4172,circular,ADJ,15,9
4173,ramble,VERB,15,9
4174,navvy,NOUN,15,4
4175,bloom,VERB,15,6
4176,doubtful,ADJ,15,11
4177,total,ADJ,15,10
4178,contrast,NOUN,15,8
4179,cardboard,NOUN,15,7
4180,eighteenth,ADJ,15,6
4181,writhe,VERB,15,8
4182,delirium,NOUN,15,7
4183,madden,VERB,15,7
4184,formidable,ADJ,15,8
4185,imprison,VERB,15,7
4186,polish,VERB,15,7
4187,greenish,ADJ,15,6
4188,blossom,NOUN,15,9
4189,temporarily,ADV,15,8
4190,bearded,ADJ,15,6
4191,external,ADJ,15,5
4192,weave,VERB,15,5
4193,machinery,NOUN,15,5
4194,perch,VERB,15,6
4195,overthrow,VERB,15,4
4196,theirs,PRON,15,9
4197,flourish,VERB,15,9
4198,whirl,VERB,15,7
4199,residence,NOUN,15,4
4200,rock,VERB,15,8
4201,longing,NOUN,15,9
4202,agency,NOUN,15,5
4203,rustle,VERB,15,6
4204,overlook,VERB,15,7
4205,trickle,VERB,15,8
4206,birch,NOUN,15,4
4207,politician,NOUN,15,5
4208,overtake,VERB,15,5
4209,opponent,NOUN,15,6
4210,contradiction,NOUN,15,4
4211,wail,VERB,15,7
4212,fast,ADJ,15,9
4213,punkah,NOUN,15,1
4214,bullock,NOUN,15,1
4215,pwe,NOUN,15,1
4216,oriental,NOUN,15,3
4217,rebel,NOUN,15,6
4218,drill,NOUN,15,6
4219,grotesque,ADJ,15,6
4220,lapse,NOUN,15,6
4221,coat,VERB,15,7
4222,southward,ADV,15,5
4223,thirst,NOUN,15,7
4224,wad,VERB,15,7
4225,mixed,ADJ,15,8
4226,revolt,NOUN,15,4
4227,pardon,VERB,15,6
4228,ornament,NOUN,15,5
4229,excess,NOUN,15,5
4230,revelation,NOUN,15,8
4231,higher,ADV,15,8
4232,despair,VERB,15,6
4233,automatic,ADJ,15,5
4234,virtuous,ADJ,15,7
4235,scared,ADJ,15,5
4236,intensity,NOUN,15,6
4237,muddy,ADJ,15,6
4238,vitality,NOUN,15,7
4239,frightening,ADJ,15,4
4240,landing,NOUN,15,7
4241,proceeding,NOUN,15,6
4242,regret,NOUN,15,8
4243,content,VERB,15,6
4244,robber,NOUN,15,3
4245,recognition,NOUN,15,7
4246,exert,VERB,15,8
4247,onthe,DET,15,1
4248,ancestor,NOUN,15,7
4249,posterity,NOUN,15,5
4250,comprehend,VERB,15,8
4251,animate,VERB,15,5
4252,elapse,VERB,15,5
4253,traverse,VERB,15,4
4254,hovel,NOUN,15,1
4255,request,VERB,15,3
4256,scarce,ADJ,15,4
4257,footnote,ADJ,15,1
4258,battery,NOUN,15,5
4259,hoe,NOUN,15,2
4260,helicopter,NOUN,15,1
4261,auntie,NOUN,15,1
4262,preacher,NOUN,15,3
4263,tax,VERB,15,3
4264,loon,NOUN,15,1
4265,blouse,NOUN,14,2
4266,recognise,VERB,14,3
4267,encyclopedia,NOUN,14,4
4268,infect,VERB,14,5
4269,photo,NOUN,14,6
4270,closet,NOUN,14,5
4271,maid,NOUN,14,6
4272,contract,NOUN,14,7
4273,heartily,ADV,14,7
4274,confirmation,NOUN,14,9
4275,refined,ADJ,14,5
4276,online,NOUN,14,7
4277,south,NOUN,14,6
4278,horrify,VERB,14,7
4279,means,NOUN,14,8
4280,registered,ADJ,14,7
4281,redistribution,NOUN,14,7
4282,prominently,ADV,14,7
4283,specify,VERB,14,7
4284,electronically,ADV,14,7
4285,federal,ADJ,14,7
4286,email,NOUN,14,7
4287,identity,NOUN,14,5
4288,painting,NOUN,14,7
4289,n,CCONJ,14,4
4290,illuminate,VERB,14,8
4291,flatter,VERB,14,6
4292,cool,VERB,14,6
4293,eyebrow,NOUN,14,5
4294,nag,VERB,14,7
4295,attendant,NOUN,14,6
4296,tolerable,ADJ,14,7
4297,frantic,ADJ,14,9
4298,toy,NOUN,14,8
4299,equal,VERB,14,7
4300,madness,NOUN,14,5
4301,harden,VERB,14,7
4302,reserve,NOUN,14,7
4303,fine,NOUN,14,6
4304,embarrassment,NOUN,14,7
4305,shelter,VERB,14,8
4306,obsolete,ADJ,14,11
4307,uniform,ADJ,14,9
4308,bendigo,NOUN,14,1
4309,anglo,ADJ,14,5
4310,hag,NOUN,14,4
4311,boom,NOUN,14,7
4312,screw,VERB,14,5
4313,solution,NOUN,14,8
4314,depressing,ADJ,14,5
4315,torment,NOUN,14,6
4316,blasphemy,NOUN,14,5
4317,forlorn,ADJ,14,9
4318,damn,ADJ,14,6
4319,probability,NOUN,14,7
4320,cadge,VERB,14,7
4321,stain,VERB,14,7
4322,gild,VERB,14,9
4323,thigh,NOUN,14,6
4324,lid,NOUN,14,7
4325,briefly,ADV,14,9
4326,disguise,VERB,14,6
4327,solve,VERB,14,6
4328,attendance,NOUN,14,7
4329,readiness,NOUN,14,6
4330,pulpit,NOUN,14,7
4331,cupboard,NOUN,14,7
4332,knuckle,NOUN,14,7
4333,arouse,VERB,14,9
4334,ninepence,NOUN,14,3
4335,hoist,VERB,14,8
4336,theoretically,ADV,14,7
4337,den,NOUN,14,7
4338,industrious,ADJ,14,6
4339,attractive,ADJ,14,8
4340,biscuit,NOUN,14,8
4341,u,NOUN,14,6
4342,drift,NOUN,14,6
4343,endeavour,NOUN,14,3
4344,scenery,NOUN,14,6
4345,bodily,ADJ,14,6
4346,maxim,NOUN,14,4
4347,armchair,NOUN,14,5
4348,decoration,NOUN,14,9
4349,architecture,NOUN,14,6
4350,blast,VERB,14,8
4351,symbol,NOUN,14,5
4352,exceptional,ADJ,14,7
4353,remembrance,NOUN,14,4
4354,avenge,VERB,14,8
4355,uproar,NOUN,14,7
4356,jug,NOUN,14,8
4357,disappointed,ADJ,14,10
4358,bleak,ADJ,14,8
4359,taking,NOUN,14,7
4360,football,NOUN,14,8
4361,revolve,VERB,14,7
4362,infinite,ADJ,14,5
4363,vicious,ADJ,14,8
4364,bully,NOUN,14,5
4365,nineteenth,ADJ,14,5
4366,gentleness,NOUN,14,5
4367,lion,NOUN,14,9
4368,messenger,NOUN,14,6
4369,backward,ADV,14,7
4370,disregard,VERB,14,7
4371,stool,NOUN,14,6
4372,eloquence,NOUN,14,6
4373,malice,NOUN,14,7
4374,technique,NOUN,14,7
4375,subdue,VERB,14,8
4376,motto,NOUN,14,8
4377,minority,NOUN,14,6
4378,hush,NOUN,14,7
4379,drain,VERB,14,7
4380,outlook,NOUN,14,7
4381,symptom,NOUN,14,8
4382,soften,VERB,14,9
4383,arrow,NOUN,14,7
4384,quarry,NOUN,14,4
4385,dung,NOUN,14,5
4386,determined,ADJ,14,7
4387,sum,VERB,14,9
4388,degrade,VERB,14,6
4389,headquarters,NOUN,14,4
4390,generosity,NOUN,14,7
4391,clip,VERB,14,6
4392,fantastic,ADJ,14,7
4393,wag,VERB,14,5
4394,obedience,NOUN,14,7
4395,disperse,VERB,14,7
4396,limestone,NOUN,14,4
4397,alarm,VERB,14,9
4398,intently,ADV,14,7
4399,impart,VERB,14,5
4400,herb,NOUN,14,6
4401,remain,NOUN,14,6
4402,denial,NOUN,14,6
4403,reply,NOUN,14,7
4404,desirous,ADJ,14,4
4405,narrative,NOUN,14,5
4406,confident,ADJ,14,8
4407,fame,NOUN,14,6
4408,grieve,VERB,14,5
4409,blind,VERB,14,7
4410,paddy,NOUN,14,2
4411,cooly,NOUN,14,3
4412,disapprove,VERB,14,6
4413,dazzle,VERB,14,6
4414,click,VERB,14,6
4415,loathe,VERB,14,6
4416,net,NOUN,14,5
4417,bitterness,NOUN,14,4
4418,slop,VERB,14,7
4419,postpone,VERB,14,7
4420,decay,NOUN,14,7
4421,stink,NOUN,14,6
4422,recede,VERB,14,7
4423,cocktail,NOUN,14,4
4424,deliberate,ADJ,14,5
4425,oar,NOUN,14,5
4426,grove,NOUN,14,5
4427,underground,ADJ,14,7
4428,whitewash,VERB,14,6
4429,rue,X,14,2
4430,skim,VERB,14,10
4431,concrete,ADJ,14,6
4432,unwillingly,ADV,14,8
4433,mortar,NOUN,14,4
4434,magic,NOUN,14,8
4435,steep,ADJ,14,8
4436,except,VERB,14,4
4437,rely,VERB,14,7
4438,adversary,NOUN,14,5
4439,blast,NOUN,14,6
4440,accidentally,ADV,14,10
4441,tackle,NOUN,14,3
4442,float,NOUN,14,2
4443,reaction,NOUN,14,7
4444,keeper,NOUN,14,7
4445,proletarian,ADJ,14,5
4446,cafeterie,NOUN,14,1
4447,cocaine,NOUN,14,1
4448,cafés,NOUN,14,3
4449,diminish,VERB,14,8
4450,unite,VERB,14,7
4451,manifest,VERB,14,5
4452,integrity,NOUN,14,6
4453,fog,NOUN,14,6
4454,anarchist,ADJ,14,1
4455,metaphor,NOUN,14,3
4456,super,NOUN,14,1
4457,hello,INTJ,14,2
4458,fort,NOUN,14,2
4459,highway,NOUN,14,1
4460,postcard,NOUN,13,4
4461,wax,NOUN,13,4
4462,violet,NOUN,13,6
4463,congratulate,VERB,13,5
4464,venereal,ADJ,13,4
4465,immensely,ADV,13,7
4466,sore,ADJ,13,4
4467,tiresome,ADJ,13,5
4468,hint,VERB,13,8
4469,walking,NOUN,13,7
4470,cross,ADJ,13,8
4471,fiery,ADJ,13,7
4472,mourn,VERB,13,5
4473,surname,NOUN,13,6
4474,inscription,NOUN,13,7
4475,commandment,NOUN,13,5
4476,goal,NOUN,13,10
4477,jewel,NOUN,13,7
4478,wholesome,ADJ,13,7
4479,pitiful,ADJ,13,8
4480,ravish,VERB,13,7
4481,quart,NOUN,13,8
4482,gold,ADJ,13,8
4483,tender,NOUN,13,7
4484,loathing,NOUN,13,7
4485,undergo,VERB,13,8
4486,intentionally,ADV,13,7
4487,vain,NOUN,13,6
4488,wretche,VERB,13,8
4489,constitution,NOUN,13,5
4490,artistic,ADJ,13,7
4491,cure,NOUN,13,8
4492,cushion,NOUN,13,7
4493,cunning,ADJ,13,7
4494,hurried,ADJ,13,8
4495,emphasis,NOUN,13,9
4496,painter,NOUN,13,7
4497,dangle,VERB,13,8
4498,whichever,DET,13,8
4499,justly,ADV,13,7
4500,mail,NOUN,13,10
4501,corporation,NOUN,13,7
4502,charitable,ADJ,13,9
4503,measurer,NOUN,13,1
4504,rheumatism,NOUN,13,3
4505,curate,NOUN,13,3
4506,belfry,NOUN,13,3
4507,ole,ADJ,13,5
4508,dwindle,VERB,13,6
4509,ye,PRON,13,4
4510,amen,INTJ,13,6
4511,complex,ADJ,13,5
4512,abominable,ADJ,13,6
4513,furtive,ADJ,13,5
4514,chilly,ADJ,13,7
4515,twice,DET,13,8
4516,skeleton,NOUN,13,7
4517,repair,NOUN,13,7
4518,quicken,VERB,13,7
4519,staircase,NOUN,13,8
4520,burglar,NOUN,13,5
4521,whereat,NOUN,13,4
4522,pal,NOUN,13,4
4523,cheer,NOUN,13,7
4524,ardently,ADV,13,3
4525,agitated,ADJ,13,8
4526,harass,VERB,13,6
4527,knowing,NOUN,13,6
4528,watery,ADJ,13,7
4529,revolt,VERB,13,7
4530,tighten,VERB,13,6
4531,register,VERB,13,7
4532,ride,NOUN,13,7
4533,teapot,NOUN,13,4
4534,ale,NOUN,13,5
4535,dark,ADV,13,7
4536,travel,NOUN,13,5
4537,picnic,NOUN,13,4
4538,sniff,VERB,13,7
4539,unbearable,ADJ,13,6
4540,shrub,NOUN,13,4
4541,sniff,NOUN,13,6
4542,wilderness,NOUN,13,8
4543,substance,NOUN,13,9
4544,castle,NOUN,13,4
4545,batter,VERB,13,5
4546,perfection,NOUN,13,8
4547,rapture,NOUN,13,7
4548,jar,NOUN,13,5
4549,soda,NOUN,13,7
4550,estimate,VERB,13,8
4551,mend,VERB,13,7
4552,honey,NOUN,13,5
4553,patriot,NOUN,13,6
4554,purple,ADJ,13,8
4555,eminent,ADJ,13,7
4556,duly,ADV,13,10
4557,illiterate,ADJ,13,8
4558,ooze,VERB,13,8
4559,abject,ADJ,13,6
4560,uneasiness,NOUN,13,8
4561,golf,NOUN,13,6
4562,management,NOUN,13,7
4563,fiercely,ADV,13,8
4564,bang,NOUN,13,6
4565,unfamiliar,ADJ,13,3
4566,surly,ADJ,13,5
4567,recreation,NOUN,13,7
4568,horde,NOUN,13,7
4569,refresh,VERB,13,7
4570,miserably,ADV,13,6
4571,raid,VERB,13,5
4572,criminal,ADJ,13,6
4573,deaf,ADJ,13,7
4574,medal,NOUN,13,6
4575,turtle,NOUN,13,5
4576,magic,ADJ,13,8
4577,stink,VERB,13,7
4578,chunk,NOUN,13,6
4579,pauper,NOUN,13,4
4580,mould,NOUN,13,6
4581,ripe,ADJ,13,6
4582,passport,NOUN,13,5
4583,sure,ADV,13,10
4584,bribe,NOUN,13,2
4585,spelling,NOUN,13,6
4586,droop,VERB,13,6
4587,illegal,ADJ,13,6
4588,reasonably,ADV,13,9
4589,depress,VERB,13,5
4590,unintelligible,ADJ,13,9
4591,contentment,NOUN,13,6
4592,ex,NOUN,13,5
4593,resistance,NOUN,13,7
4594,background,NOUN,13,7
4595,perceptible,ADJ,13,7
4596,desolation,NOUN,13,7
4597,tiptoe,VERB,13,6
4598,disorder,NOUN,13,7
4599,electricity,NOUN,13,5
4600,plough,VERB,13,8
4601,furnace,NOUN,13,7
4602,pick,NOUN,13,5
4603,famine,NOUN,13,7
4604,roam,VERB,13,9
4605,exchange,NOUN,13,6
4606,speed,VERB,13,7
4607,doubtless,ADJ,13,8
4608,criticism,NOUN,13,8
4609,moderate,ADJ,13,7
4610,testimony,NOUN,13,7
4611,tragic,ADJ,13,6
4612,hearer,NOUN,13,6
4613,result,VERB,13,6
4614,deem,VERB,13,6
4615,persecution,NOUN,13,7
4616,eloquent,ADJ,13,5
4617,later,ADJ,13,9
4618,esteem,VERB,13,4
4619,chokra,NOUN,13,1
4620,pike,ADV,13,2
4621,snub,VERB,13,3
4622,dove,NOUN,13,6
4623,curve,VERB,13,6
4624,trot,VERB,13,6
4625,sickly,ADJ,13,3
4626,clip,NOUN,13,5
4627,cylinder,NOUN,13,6
4628,cricket,NOUN,13,6
4629,barbarous,ADJ,13,5
4630,nibble,VERB,13,4
4631,tender,ADJ,13,6
4632,abuse,NOUN,13,7
4633,creak,VERB,13,8
4634,continent,NOUN,13,7
4635,systematically,ADV,13,6
4636,pine,ADJ,13,3
4637,cherish,VERB,13,4
4638,paste,NOUN,13,2
4639,bark,VERB,13,5
4640,irregular,ADJ,13,7
4641,ineffectual,ADJ,13,7
4642,bat,NOUN,13,6
4643,farth,ADJ,13,7
4644,accurately,ADV,13,8
4645,gasp,VERB,13,8
4646,solemnity,NOUN,13,6
4647,sponge,VERB,13,4
4648,invitation,NOUN,13,8
4649,obligation,NOUN,13,7
4650,mumble,VERB,13,6
4651,spasm,NOUN,13,6
4652,unfold,VERB,13,6
4653,brewery,NOUN,13,1
4654,bombing,NOUN,13,3
4655,ghastly,ADV,13,6
4656,racket,NOUN,13,6
4657,tackle,VERB,13,3
4658,sensitive,ADJ,13,6
4659,grim,ADJ,13,5
4660,abode,NOUN,13,3
4661,hearth,NOUN,13,4
4662,lever,NOUN,13,5
4663,pawnshop,NOUN,13,1
4664,cartoon,NOUN,13,3
4665,servile,ADJ,13,6
4666,strew,VERB,13,5
4667,favourable,ADJ,13,4
4668,thunder,VERB,13,7
4669,economic,ADJ,13,6
4670,overflow,VERB,13,6
4671,contract,VERB,13,5
4672,offspring,NOUN,13,3
4673,utterance,NOUN,13,4
4674,ascertain,VERB,13,5
4675,construction,NOUN,13,6
4676,demonstration,NOUN,13,3
4677,superfluous,ADJ,13,6
4678,destine,VERB,13,6
4679,precision,NOUN,13,6
4680,recess,NOUN,13,4
4681,content,ADJ,13,6
4682,irresistible,ADJ,13,6
4683,considerably,ADV,13,5
4684,utility,NOUN,13,3
4685,monument,NOUN,13,4
4686,pleasing,ADJ,13,4
4687,seizure,NOUN,13,4
4688,strategic,ADJ,13,3
4689,sabotage,NOUN,13,2
4690,crisis,NOUN,13,7
4691,shingle,NOUN,13,3
4692,conspicuous,ADJ,13,4
4693,speakwrite,NOUN,13,1
4694,prose,NOUN,13,2
4695,tint,NOUN,13,2
4696,cove,NOUN,13,1
4697,blush,VERB,12,3
4698,tremendously,ADV,12,4
4699,bathe,VERB,12,4
4700,copybook,NOUN,12,3
4701,heavenly,ADJ,12,4
4702,improper,ADJ,12,5
4703,expel,VERB,12,6
4704,telephone,VERB,12,2
4705,wonderfully,ADV,12,7
4706,overhear,VERB,12,4
4707,pardon,NOUN,12,5
4708,elder,NOUN,12,6
4709,complexion,NOUN,12,7
4710,border,NOUN,12,6
4711,wait,NOUN,12,6
4712,schoolboy,NOUN,12,7
4713,monkey,NOUN,12,8
4714,doorstep,NOUN,12,8
4715,bitch,NOUN,12,5
4716,cruelty,NOUN,12,7
4717,curl,VERB,12,8
4718,nobility,NOUN,12,8
4719,knock,NOUN,12,5
4720,ardent,ADJ,12,4
4721,everlastingly,ADV,12,7
4722,liar,NOUN,12,5
4723,everyday,ADJ,12,4
4724,cough,NOUN,12,7
4725,incense,NOUN,12,5
4726,yearn,VERB,12,6
4727,fro,NOUN,12,7
4728,wink,NOUN,12,9
4729,splash,VERB,12,6
4730,consent,NOUN,12,8
4731,lost,ADJ,12,9
4732,brutal,ADJ,12,7
4733,enlighten,VERB,12,9
4734,torch,NOUN,12,6
4735,pension,NOUN,12,6
4736,willingly,ADV,12,8
4737,distressed,ADJ,12,7
4738,sash,NOUN,12,3
4739,spin,VERB,12,7
4740,queen,NOUN,12,9
4741,throng,VERB,12,6
4742,deserted,ADJ,12,6
4743,cliff,NOUN,12,6
4744,wink,VERB,12,8
4745,beware,VERB,12,6
4746,purchase,NOUN,12,7
4747,repair,VERB,12,7
4748,sadness,NOUN,12,8
4749,modify,VERB,12,10
4750,legally,ADV,12,9
4751,incomplete,ADJ,12,9
4752,interpret,VERB,12,9
4753,promotion,NOUN,12,9
4754,ensure,VERB,12,9
4755,international,ADJ,12,10
4756,hopfield,NOUN,12,1
4757,cockney,NOUN,12,3
4758,investment,NOUN,12,5
4759,ole,NOUN,12,5
4760,engraving,NOUN,12,4
4761,exhausting,ADJ,12,6
4762,dem,ADJ,12,2
4763,loom,VERB,12,7
4764,demon,NOUN,12,5
4765,elderly,ADJ,12,6
4766,squander,VERB,12,5
4767,rickety,NOUN,12,6
4768,rosy,ADJ,12,5
4769,underclothe,NOUN,12,5
4770,chorus,NOUN,12,6
4771,daze,VERB,12,5
4772,feud,NOUN,12,5
4773,magnify,VERB,12,6
4774,rendezvous,NOUN,12,6
4775,impenetrable,ADJ,12,6
4776,characteristic,NOUN,12,9
4777,sinister,NOUN,12,6
4778,lurk,VERB,12,8
4779,grip,NOUN,12,5
4780,amazed,ADJ,12,8
4781,frenzy,NOUN,12,4
4782,backside,NOUN,12,5
4783,sleeper,NOUN,12,4
4784,ennui,NOUN,12,5
4785,exclamation,NOUN,12,5
4786,prop,VERB,12,6
4787,lime,NOUN,12,5
4788,disgust,VERB,12,8
4789,misty,ADJ,12,7
4790,sleek,ADJ,12,4
4791,ghostly,ADJ,12,7
4792,housekeeper,NOUN,12,4
4793,mournful,ADJ,12,6
4794,whispering,NOUN,12,5
4795,wickedness,NOUN,12,6
4796,going,NOUN,12,7
4797,vegetation,NOUN,12,6
4798,feverish,ADJ,12,6
4799,trash,NOUN,12,5
4800,stalk,VERB,12,8
4801,good,INTJ,12,5
4802,gladly,ADV,12,7
4803,frankly,ADV,12,7
4804,vainly,ADV,12,7
4805,fore,NOUN,12,8
4806,adult,NOUN,12,6
4807,acute,ADJ,12,7
4808,fairy,NOUN,12,7
4809,hm,INTJ,12,3
4810,employer,NOUN,12,6
4811,patiently,ADV,12,8
4812,surprisingly,ADV,12,7
4813,flood,NOUN,12,9
4814,disgrace,VERB,12,5
4815,hail,VERB,12,5
4816,gloomily,ADV,12,6
4817,sorrowful,ADJ,12,6
4818,client,NOUN,12,8
4819,flog,VERB,12,5
4820,quiver,VERB,12,7
4821,bandage,NOUN,12,4
4822,sickness,NOUN,12,6
4823,drowsy,NOUN,12,7
4824,maker,NOUN,12,5
4825,breed,NOUN,12,7
4826,ideal,NOUN,12,7
4827,victor,NOUN,12,7
4828,speculation,NOUN,12,7
4829,provoke,VERB,12,9
4830,lettering,NOUN,12,7
4831,impatiently,ADV,12,6
4832,accommodation,NOUN,12,3
4833,situate,VERB,12,5
4834,trade,VERB,12,7
4835,countryside,NOUN,12,8
4836,chatter,NOUN,12,4
4837,shift,NOUN,12,8
4838,slop,NOUN,12,6
4839,rhythm,NOUN,12,8
4840,wreck,VERB,12,6
4841,slate,NOUN,12,5
4842,whore,NOUN,12,6
4843,bun,NOUN,12,5
4844,tomb,NOUN,12,5
4845,continuously,ADV,12,6
4846,dialogue,NOUN,12,7
4847,texture,NOUN,12,6
4848,hawk,NOUN,12,3
4849,reform,NOUN,12,6
4850,comment,NOUN,12,9
4851,alert,ADJ,12,8
4852,speciman,NOUN,12,8
4853,leak,VERB,12,7
4854,tumult,NOUN,12,9
4855,device,NOUN,12,7
4856,unconsciously,ADV,12,8
4857,hasty,ADJ,12,5
4858,near,VERB,12,8
4859,orchestra,NOUN,12,3
4860,liquid,ADJ,12,5
4861,barley,NOUN,12,5
4862,chaff,NOUN,12,3
4863,rafter,NOUN,12,5
4864,infancy,NOUN,12,4
4865,shirk,VERB,12,6
4866,majestic,ADJ,12,4
4867,bearer,NOUN,12,6
4868,adapt,VERB,12,8
4869,assembly,NOUN,12,6
4870,paw,NOUN,12,5
4871,level,VERB,12,5
4872,rash,ADJ,12,6
4873,chink,NOUN,12,6
4874,particular,NOUN,12,6
4875,sure,INTJ,12,6
4876,demeanour,NOUN,12,6
4877,tug,VERB,12,6
4878,anew,ADV,12,7
4879,reasoning,NOUN,12,5
4880,reside,VERB,12,4
4881,ambitious,ADJ,12,8
4882,interruption,NOUN,12,7
4883,ample,ADJ,12,6
4884,pleasantly,ADV,12,6
4885,rickshaw,NOUN,12,2
4886,fan,VERB,12,3
4887,garlic,NOUN,12,4
4888,pant,VERB,12,5
4889,oval,NOUN,12,7
4890,obscene,ADJ,12,6
4891,anecdote,NOUN,12,3
4892,stagnant,ADJ,12,5
4893,ashore,ADV,12,5
4894,rot,NOUN,12,6
4895,membership,NOUN,12,4
4896,lamplight,NOUN,12,6
4897,wildly,ADV,12,7
4898,bounce,VERB,12,7
4899,liquid,NOUN,12,6
4900,appalling,ADJ,12,8
4901,slack,NOUN,12,5
4902,thrush,NOUN,12,5
4903,splash,NOUN,12,6
4904,shave,NOUN,12,5
4905,gravely,ADV,12,6
4906,paddle,VERB,12,5
4907,eating,NOUN,12,6
4908,forsake,VERB,12,4
4909,stagger,VERB,12,8
4910,divert,VERB,12,6
4911,national,ADJ,12,8
4912,commissioner,NOUN,12,3
4913,critic,NOUN,12,5
4914,woe,NOUN,12,3
4915,hopelessly,ADV,12,8
4916,annual,ADJ,12,4
4917,dart,NOUN,12,6
4918,entry,NOUN,12,7
4919,department,NOUN,12,7
4920,snowy,ADJ,12,4
4921,unusually,ADV,12,5
4922,bound,NOUN,12,6
4923,singular,ADJ,12,4
4924,ripple,NOUN,12,5
4925,anticipate,VERB,12,5
4926,wounded,ADJ,12,4
4927,exhaust,VERB,12,5
4928,bike,NOUN,12,1
4929,dace,NOUN,12,4
4930,boss,NOUN,12,3
4931,jerk,NOUN,12,5
4932,arch,NOUN,12,7
4933,east,NOUN,12,7
4934,wart,NOUN,12,2
4935,resent,VERB,12,5
4936,originally,ADV,12,4
4937,dot,VERB,12,6
4938,obliterate,VERB,12,7
4939,screever,NOUN,12,1
4940,basement,NOUN,12,3
4941,making,NOUN,12,8
4942,compliment,NOUN,12,6
4943,ravine,NOUN,12,5
4944,chauffeur,NOUN,12,3
4945,distort,VERB,12,7
4946,prey,NOUN,12,5
4947,independence,NOUN,12,6
4948,dawn,VERB,12,4
4949,bythe,ADP,12,1
4950,illustrious,ADJ,12,4
4951,sphere,NOUN,12,5
4952,discern,VERB,12,3
4953,barrier,NOUN,12,5
4954,amidst,ADP,12,3
4955,neighboring,NOUN,12,4
4956,apprehension,NOUN,12,3
4957,celestial,ADJ,12,2
4958,pulse,NOUN,12,4
4959,indispensable,ADJ,12,4
4960,avenue,NOUN,12,4
4961,anarchist,NOUN,12,1
4962,capitalist,ADJ,12,2
4963,espionage,NOUN,12,2
4964,personality,NOUN,12,6
4965,rewrite,VERB,12,2
4966,canteen,NOUN,12,1
4967,ling,NOUN,12,1
4968,sumach,NOUN,12,2
4969,coupé,NOUN,12,1
4970,perchance,NOUN,12,1
4971,gymnastic,ADJ,11,2
4972,outing,NOUN,11,2
4973,chum,NOUN,11,3
4974,appendicitis,NOUN,11,3
4975,cloak,NOUN,11,5
4976,realise,VERB,11,4
4977,infernal,ADJ,11,4
4978,diligence,NOUN,11,4
4979,mathematic,NOUN,11,6
4980,aha,INTJ,11,4
4981,nun,NOUN,11,7
4982,puff,VERB,11,5
4983,annoyance,NOUN,11,7
4984,grape,NOUN,11,6
4985,sow,VERB,11,5
4986,proverb,NOUN,11,6
4987,abominably,ADV,11,6
4988,unjust,ADJ,11,6
4989,gown,NOUN,11,5
4990,politely,ADV,11,3
4991,engineer,NOUN,11,6
4992,nickname,NOUN,11,6
4993,enormously,ADV,11,7
4994,aspire,VERB,11,5
4995,journal,NOUN,11,5
4996,trifling,NOUN,11,6
4997,test,NOUN,11,7
4998,jealousy,NOUN,11,8
4999,right,INTJ,11,10
5000,scribble,VERB,11,6
5001,two,NOUN,11,9
5002,luggage,NOUN,11,5
5003,scented,ADJ,11,6
5004,embarrassed,ADJ,11,5
5005,spark,NOUN,11,6
5006,tyranny,NOUN,11,9
5007,instinct,ADJ,11,7
5008,roast,NOUN,11,6
5009,sample,NOUN,11,6
5010,heave,VERB,11,5
5011,shalt,NOUN,11,7
5012,gathering,NOUN,11,8
5013,hook,VERB,11,5
5014,backward,ADJ,11,8
5015,donkey,NOUN,11,5
5016,apparatus,NOUN,11,5
5017,gracious,ADJ,11,5
5018,technical,ADJ,11,4
5019,windy,ADJ,11,8
5020,desperately,ADV,11,7
5021,penance,NOUN,11,4
5022,station,VERB,11,4
5023,correction,NOUN,11,7
5024,mule,NOUN,11,4
5025,prepared,ADJ,11,4
5026,whilst,SCONJ,11,3
5027,ambulance,NOUN,11,4
5028,link,VERB,11,8
5029,solicitation,NOUN,11,7
5030,gratefully,ADV,11,9
5031,parish,NOUN,11,2
5032,conservatory,NOUN,11,2
5033,armour,NOUN,11,4
5034,slice,VERB,11,6
5035,arithmetic,NOUN,11,5
5036,meditate,VERB,11,6
5037,mechanically,ADV,11,5
5038,gardener,NOUN,11,4
5039,pumpkin,NOUN,11,3
5040,good,ADV,11,5
5041,pear,NOUN,11,6
5042,stir,NOUN,11,5
5043,exhaustion,NOUN,11,6
5044,shaving,NOUN,11,4
5045,fringe,NOUN,11,6
5046,verge,NOUN,11,6
5047,creditor,NOUN,11,5
5048,prod,VERB,11,7
5049,sling,VERB,11,5
5050,passionate,ADJ,11,8
5051,ready,ADV,11,7
5052,drama,NOUN,11,6
5053,fundamental,ADJ,11,6
5054,snore,VERB,11,5
5055,bite,NOUN,11,6
5056,fork,NOUN,11,6
5057,plume,NOUN,11,6
5058,swearing,NOUN,11,4
5059,presume,VERB,11,5
5060,mentally,ADV,11,7
5061,slipper,NOUN,11,6
5062,diffuse,VERB,11,7
5063,concrete,NOUN,11,6
5064,envelop,VERB,11,5
5065,thorn,NOUN,11,4
5066,bubble,VERB,11,5
5067,sulkily,ADV,11,5
5068,shocking,ADJ,11,8
5069,habitually,ADV,11,6
5070,mysteriously,ADV,11,5
5071,untrue,ADJ,11,8
5072,belly,VERB,11,4
5073,sting,VERB,11,5
5074,peacefully,ADV,11,7
5075,fle,VERB,11,7
5076,read,NOUN,11,9
5077,hunk,NOUN,11,6
5078,yer,NOUN,11,5
5079,vividly,ADV,11,7
5080,prowl,VERB,11,7
5081,mechanic,NOUN,11,7
5082,pince,NOUN,11,5
5083,afflict,VERB,11,7
5084,keeping,NOUN,11,6
5085,chemical,NOUN,11,4
5086,cowardly,ADV,11,4
5087,ultimate,ADJ,11,5
5088,detest,VERB,11,4
5089,involuntarily,ADV,11,7
5090,tailor,NOUN,11,5
5091,gilt,NOUN,11,7
5092,socialist,ADJ,11,4
5093,fitting,ADJ,11,8
5094,reek,NOUN,11,4
5095,unclean,ADJ,11,6
5096,countless,ADJ,11,5
5097,apt,ADJ,11,8
5098,dome,NOUN,11,5
5099,stain,NOUN,11,8
5100,carelessly,ADV,11,8
5101,crop,VERB,11,7
5102,resemblance,NOUN,11,8
5103,grin,NOUN,11,6
5104,twitch,VERB,11,6
5105,laborious,ADJ,11,7
5106,narrow,VERB,11,7
5107,ounce,NOUN,11,6
5108,insufficient,ADJ,11,9
5109,shatter,VERB,11,9
5110,ember,NOUN,11,6
5111,mound,NOUN,11,7
5112,flock,VERB,11,8
5113,hoarse,ADJ,11,7
5114,slant,VERB,11,6
5115,tortoise,NOUN,11,4
5116,publicly,ADV,11,7
5117,coco,ADJ,11,3
5118,turnip,NOUN,11,5
5119,stench,NOUN,11,6
5120,stow,VERB,11,5
5121,indifference,NOUN,11,7
5122,inexhaustible,ADJ,11,6
5123,plum,NOUN,11,6
5124,odious,ADJ,11,7
5125,strive,VERB,11,7
5126,indefinitely,ADV,11,6
5127,gleam,NOUN,11,5
5128,helplessness,NOUN,11,4
5129,audible,ADJ,11,9
5130,sulky,ADJ,11,6
5131,instant,ADJ,11,8
5132,pellet,NOUN,11,4
5133,democratic,ADJ,11,6
5134,cynical,ADJ,11,7
5135,genial,ADJ,11,5
5136,tame,ADJ,11,7
5137,ascribe,VERB,11,4
5138,refusal,NOUN,11,7
5139,stab,VERB,11,5
5140,trotter,NOUN,11,3
5141,expulsion,NOUN,11,4
5142,hind,NOUN,11,5
5143,debate,NOUN,11,3
5144,alcohol,NOUN,11,5
5145,prosperity,NOUN,11,6
5146,ladder,NOUN,11,6
5147,muzzle,NOUN,11,6
5148,plough,NOUN,11,4
5149,sturdy,ADJ,11,5
5150,hatch,VERB,11,4
5151,retirement,NOUN,11,6
5152,protest,NOUN,11,6
5153,sill,NOUN,11,6
5154,enmity,NOUN,11,4
5155,thrash,VERB,11,6
5156,reign,NOUN,11,8
5157,signify,VERB,11,9
5158,selfishness,NOUN,11,7
5159,sympathise,VERB,11,2
5160,publican,NOUN,11,4
5161,grip,VERB,11,5
5162,troubled,ADJ,11,7
5163,merry,ADJ,11,6
5164,repose,NOUN,11,7
5165,indignation,NOUN,11,4
5166,attribute,VERB,11,7
5167,mid,NOUN,11,5
5168,shriek,VERB,11,5
5169,personally,ADV,11,8
5170,poison,NOUN,11,6
5171,waft,VERB,11,4
5172,everlasting,ADJ,11,6
5173,contend,VERB,11,5
5174,indictment,NOUN,11,1
5175,sincerity,NOUN,11,6
5176,thankful,ADJ,11,7
5177,carelessness,NOUN,11,7
5178,player,NOUN,11,4
5179,commander,NOUN,11,6
5180,padre,NOUN,11,1
5181,tepid,NOUN,11,3
5182,orchid,NOUN,11,4
5183,intrigue,NOUN,11,5
5184,seditious,ADJ,11,4
5185,damn,ADV,11,5
5186,profit,VERB,11,5
5187,clap,VERB,11,5
5188,pillar,NOUN,11,6
5189,suspect,NOUN,11,3
5190,studio,NOUN,11,3
5191,superintendent,NOUN,11,3
5192,booze,NOUN,11,4
5193,ugliness,NOUN,11,5
5194,stake,NOUN,11,4
5195,crash,VERB,11,5
5196,horseback,NOUN,11,5
5197,shrug,VERB,11,5
5198,builder,NOUN,11,3
5199,approximately,ADV,11,4
5200,palpable,ADJ,11,7
5201,fleet,NOUN,11,4
5202,diabolical,ADJ,11,5
5203,plug,VERB,11,5
5204,expressive,ADJ,11,5
5205,pyjama,NOUN,11,5
5206,dignified,ADJ,11,7
5207,witty,ADJ,11,5
5208,theme,NOUN,11,6
5209,resource,NOUN,11,6
5210,weaken,VERB,11,7
5211,bookshop,NOUN,11,3
5212,patriotism,NOUN,11,6
5213,dialect,NOUN,11,6
5214,separately,ADV,11,5
5215,knob,NOUN,11,6
5216,dominion,NOUN,11,6
5217,sob,NOUN,11,5
5218,orthodox,ADJ,11,4
5219,click,NOUN,11,4
5220,contemptuous,ADJ,11,6
5221,occurrence,NOUN,11,3
5222,brood,VERB,11,7
5223,calm,VERB,11,4
5224,fold,NOUN,11,7
5225,vigorous,ADJ,11,7
5226,prince,NOUN,11,5
5227,lunatic,NOUN,11,5
5228,trough,NOUN,11,2
5229,whiz,VERB,11,5
5230,spanner,NOUN,11,2
5231,saloon,ADJ,11,3
5232,lodge,NOUN,11,3
5233,swindle,VERB,11,3
5234,saving,NOUN,11,6
5235,outskirt,NOUN,11,4
5236,professional,ADJ,11,6
5237,trotskyist,ADJ,11,2
5238,graveyard,NOUN,11,4
5239,swan,NOUN,11,4
5240,breathing,NOUN,11,9
5241,subscriber,NOUN,11,4
5242,fiver,NOUN,11,3
5243,hostel,NOUN,11,4
5244,lunatic,ADJ,11,5
5245,sous,ADJ,11,1
5246,chef,NOUN,11,2
5247,dormitory,NOUN,11,2
5248,et,NOUN,11,3
5249,imbecile,NOUN,11,4
5250,deputy,NOUN,11,4
5251,barman,NOUN,11,3
5252,cellar,ADJ,11,2
5253,puddle,NOUN,11,4
5254,repay,VERB,11,4
5255,south,ADV,11,5
5256,luxurious,ADJ,11,4
5257,unemployed,ADJ,11,3
5258,elude,VERB,11,4
5259,manufacture,VERB,11,6
5260,deposit,VERB,11,5
5261,color,VERB,11,3
5262,suffice,VERB,11,3
5263,endow,VERB,11,5
5264,hue,NOUN,11,4
5265,supersede,VERB,11,5
5266,dim,VERB,11,6
5267,annually,ADV,11,4
5268,effectually,ADV,11,5
5269,heresy,NOUN,11,3
5270,kingdom,NOUN,11,6
5271,determination,NOUN,11,4
5272,dissipate,VERB,11,3
5273,sublime,ADJ,11,2
5274,prolong,VERB,11,4
5275,crevice,NOUN,11,4
5276,tide,NOUN,11,5
5277,precept,NOUN,11,3
5278,gunner,NOUN,11,1
5279,stretcher,NOUN,11,2
5280,bourgeois,NOUN,11,3
5281,tank,NOUN,11,4
5282,taximan,NOUN,11,1
5283,mansion,NOUN,11,4
5284,doublethink,NOUN,11,1
5285,mum,NOUN,11,1
5286,ferryboat,NOUN,11,2
5287,publick,NOUN,11,1
5288,lordship,NOUN,11,1
5289,contemporary,NOUN,11,2
5290,oxen,NOUN,11,1
5291,pickerel,NOUN,11,1
5292,embroider,VERB,10,3
5293,fearfully,ADV,10,4
5294,bookcase,NOUN,10,4
5295,grown,NOUN,10,3
5296,abnormal,ADJ,10,5
5297,brat,NOUN,10,4
5298,cancer,NOUN,10,6
5299,manoeuvre,NOUN,10,4
5300,academy,NOUN,10,2
5301,spell,VERB,10,5
5302,spray,NOUN,10,6
5303,greeting,NOUN,10,6
5304,musical,ADJ,10,8
5305,guardian,NOUN,10,5
5306,napkin,NOUN,10,8
5307,secrecy,NOUN,10,8
5308,tombstone,NOUN,10,6
5309,unconcerned,ADJ,10,5
5310,educational,ADJ,10,9
5311,testify,VERB,10,6
5312,untidy,ADJ,10,6
5313,reward,VERB,10,7
5314,dragon,NOUN,10,7
5315,fiendish,ADJ,10,4
5316,dodge,NOUN,10,7
5317,aback,ADV,10,8
5318,lark,NOUN,10,5
5319,disclose,VERB,10,5
5320,enthusiastically,ADV,10,6
5321,curly,ADJ,10,5
5322,bedside,NOUN,10,8
5323,terrified,ADJ,10,8
5324,poisonous,ADJ,10,6
5325,receiver,NOUN,10,5
5326,chat,NOUN,10,7
5327,combination,NOUN,10,6
5328,everlaste,VERB,10,5
5329,v,NOUN,10,6
5330,chemistry,NOUN,10,4
5331,comfortably,ADV,10,7
5332,bee,NOUN,10,6
5333,superstition,NOUN,10,6
5334,sympathetic,ADJ,10,7
5335,sauce,NOUN,10,6
5336,plain,ADV,10,7
5337,successor,NOUN,10,7
5338,sharp,ADV,10,8
5339,affectionate,ADJ,10,5
5340,brook,NOUN,10,4
5341,descent,NOUN,10,6
5342,prophesy,VERB,10,6
5343,unprotected,ADJ,10,8
5344,representation,NOUN,10,7
5345,compress,VERB,10,8
5346,disk,NOUN,10,7
5347,negligence,NOUN,10,8
5348,violate,VERB,10,9
5349,synonymous,ADJ,10,8
5350,widespread,ADJ,10,9
5351,web,NOUN,10,7
5352,facility,NOUN,10,7
5353,cassock,NOUN,10,3
5354,laurel,NOUN,10,4
5355,scrutinize,VERB,10,5
5356,chronic,ADJ,10,5
5357,scullery,NOUN,10,5
5358,tanner,NOUN,10,3
5359,daddy,NOUN,10,3
5360,textbook,NOUN,10,3
5361,typewriter,NOUN,10,3
5362,labourer,NOUN,10,6
5363,smallish,ADJ,10,6
5364,desperation,NOUN,10,6
5365,scramble,VERB,10,6
5366,alternately,ADV,10,3
5367,especial,ADJ,10,6
5368,bladder,NOUN,10,6
5369,overseer,NOUN,10,3
5370,vagueness,NOUN,10,4
5371,visibly,ADV,10,5
5372,leaden,ADJ,10,6
5373,gigantic,ADJ,10,4
5374,celebrated,ADJ,10,5
5375,harmonium,NOUN,10,3
5376,stalk,NOUN,10,5
5377,unequal,ADJ,10,7
5378,defy,VERB,10,6
5379,blot,VERB,10,8
5380,baker,NOUN,10,3
5381,score,VERB,10,4
5382,orthodoxy,NOUN,10,3
5383,pre,ADJ,10,5
5384,repulsive,ADJ,10,6
5385,random,ADJ,10,8
5386,unreasonable,ADJ,10,6
5387,preference,NOUN,10,7
5388,inevitably,ADV,10,6
5389,tick,VERB,10,6
5390,emptiness,NOUN,10,6
5391,dungeon,NOUN,10,3
5392,surge,VERB,10,4
5393,customary,ADJ,10,5
5394,storm,VERB,10,4
5395,bearing,NOUN,10,5
5396,publicity,NOUN,10,5
5397,noisily,ADV,10,5
5398,programme,NOUN,10,4
5399,cradle,NOUN,10,7
5400,ruinous,ADJ,10,7
5401,site,NOUN,10,5
5402,concentrate,VERB,10,6
5403,tinkle,VERB,10,7
5404,age,VERB,10,5
5405,allowance,NOUN,10,6
5406,ton,NOUN,10,5
5407,dim,NOUN,10,7
5408,imperfect,ADJ,10,6
5409,snub,NOUN,10,3
5410,scorch,VERB,10,6
5411,stoop,VERB,10,6
5412,reign,VERB,10,6
5413,creeper,NOUN,10,2
5414,beastly,ADJ,10,4
5415,godless,ADJ,10,5
5416,devotion,NOUN,10,7
5417,blunt,ADJ,10,7
5418,honourable,ADJ,10,4
5419,clue,NOUN,10,6
5420,hunt,NOUN,10,6
5421,remnant,NOUN,10,6
5422,swap,VERB,10,6
5423,insert,VERB,10,5
5424,stem,NOUN,10,6
5425,cunning,NOUN,10,8
5426,formula,NOUN,10,7
5427,resolve,NOUN,10,6
5428,partition,NOUN,10,6
5429,odd,NOUN,10,5
5430,outright,ADV,10,7
5431,unnatural,ADJ,10,7
5432,shy,VERB,10,7
5433,mare,NOUN,10,5
5434,claw,NOUN,10,7
5435,porcelain,NOUN,10,5
5436,uncover,VERB,10,4
5437,shaft,NOUN,10,6
5438,pore,NOUN,10,7
5439,flame,VERB,10,5
5440,track,VERB,10,3
5441,hush,VERB,10,6
5442,reception,NOUN,10,7
5443,thump,NOUN,10,5
5444,accurate,ADJ,10,5
5445,tightly,ADV,10,3
5446,privacy,NOUN,10,8
5447,malignity,NOUN,10,4
5448,campaign,NOUN,10,6
5449,peculiarity,NOUN,10,6
5450,prophecy,NOUN,10,8
5451,thrill,NOUN,10,7
5452,aside,ADP,10,7
5453,advertise,VERB,10,6
5454,welcome,ADJ,10,7
5455,dealing,NOUN,10,9
5456,vicar,NOUN,10,3
5457,acquit,VERB,10,4
5458,wintry,NOUN,10,5
5459,leadership,NOUN,10,4
5460,instinctive,ADJ,10,6
5461,cockerel,NOUN,10,2
5462,boar,NOUN,10,3
5463,lash,VERB,10,6
5464,unanimously,ADV,10,4
5465,confer,VERB,10,6
5466,rigid,ADJ,10,7
5467,implement,NOUN,10,5
5468,ripen,VERB,10,5
5469,cement,NOUN,10,5
5470,stirring,NOUN,10,7
5471,universally,ADV,10,6
5472,usefulness,NOUN,10,6
5473,fertile,ADJ,10,7
5474,lord,NOUN,10,8
5475,preliminary,ADJ,10,5
5476,theirs,NOUN,10,7
5477,stable,NOUN,10,5
5478,tramp,VERB,10,6
5479,transport,VERB,10,6
5480,manure,NOUN,10,3
5481,gnaw,VERB,10,4
5482,shiver,NOUN,10,7
5483,murmur,ADJ,10,5
5484,browse,VERB,10,5
5485,malignant,ADJ,10,6
5486,credit,VERB,10,5
5487,applause,NOUN,10,5
5488,divinity,NOUN,10,3
5489,convict,VERB,10,7
5490,acknowledge,VERB,10,7
5491,allusion,NOUN,10,6
5492,mythology,NOUN,10,4
5493,precise,ADJ,10,9
5494,elevation,NOUN,10,5
5495,reformer,NOUN,10,3
5496,zeal,NOUN,10,6
5497,neglect,NOUN,10,5
5498,shameful,ADJ,10,5
5499,fain,VERB,10,2
5500,bungalow,NOUN,10,3
5501,trigger,NOUN,10,4
5502,buttock,NOUN,10,5
5503,apologize,VERB,10,4
5504,petrol,NOUN,10,5
5505,bout,NOUN,10,5
5506,thirsty,ADJ,10,4
5507,spill,VERB,10,6
5508,flatly,ADV,10,4
5509,timid,ADJ,10,6
5510,erect,ADJ,10,4
5511,cheekbone,NOUN,10,3
5512,hare,NOUN,10,4
5513,insane,ADJ,10,6
5514,metallic,ADJ,10,5
5515,curve,NOUN,10,8
5516,fun,ADJ,10,5
5517,fret,VERB,10,6
5518,throne,NOUN,10,5
5519,thrill,VERB,10,5
5520,planet,NOUN,10,6
5521,fake,VERB,10,4
5522,tribute,NOUN,10,7
5523,abstract,ADJ,10,6
5524,secondary,ADJ,10,6
5525,dictionary,NOUN,10,6
5526,waiting,NOUN,10,5
5527,finger,VERB,10,5
5528,scrubby,NOUN,10,5
5529,cavern,NOUN,10,4
5530,subsequent,ADJ,10,7
5531,scrawl,VERB,10,6
5532,myriad,NOUN,10,4
5533,delusion,NOUN,10,6
5534,postmaster,NOUN,10,4
5535,administration,NOUN,10,3
5536,hollow,NOUN,10,3
5537,novelty,NOUN,10,5
5538,laundry,NOUN,10,4
5539,establishment,NOUN,10,6
5540,rival,NOUN,10,5
5541,desolate,VERB,10,5
5542,viewpoint,NOUN,10,2
5543,conceivably,ADV,10,6
5544,cloudy,ADJ,10,7
5545,marvellous,ADJ,10,7
5546,rustling,NOUN,10,6
5547,whimpering,NOUN,10,3
5548,adjective,NOUN,10,5
5549,catapult,NOUN,10,3
5550,snob,NOUN,10,7
5551,fabulous,ADJ,10,3
5552,indifferently,ADV,10,5
5553,waver,VERB,10,6
5554,weeping,NOUN,10,7
5555,eastward,ADV,10,7
5556,heroism,NOUN,10,6
5557,pump,VERB,10,7
5558,glow,NOUN,10,5
5559,dough,NOUN,10,3
5560,gosh,INTJ,10,4
5561,barbed,ADJ,10,4
5562,blackberry,NOUN,10,3
5563,split,NOUN,10,4
5564,boyhood,NOUN,10,6
5565,junk,NOUN,10,4
5566,relative,ADJ,10,6
5567,cork,NOUN,10,5
5568,mint,NOUN,10,5
5569,war,ADJ,10,5
5570,hermit,NOUN,10,3
5571,chief,NOUN,10,8
5572,guess,NOUN,10,7
5573,seal,VERB,10,7
5574,annihilate,VERB,10,5
5575,crude,ADJ,10,5
5576,pave,VERB,10,4
5577,grenade,NOUN,10,3
5578,watchful,ADJ,10,6
5579,messieur,VERB,10,1
5580,personnel,NOUN,10,1
5581,tay,NOUN,10,1
5582,duke,NOUN,10,3
5583,cleanliness,NOUN,10,3
5584,layer,NOUN,10,6
5585,adventurous,ADJ,10,6
5586,review,VERB,10,4
5587,contradictory,ADJ,10,4
5588,noun,NOUN,10,4
5589,iwa,VERB,10,1
5590,era,NOUN,10,5
5591,suppression,NOUN,10,4
5592,pointed,ADJ,10,5
5593,frail,NOUN,10,5
5594,favor,NOUN,10,4
5595,devise,VERB,10,6
5596,favorable,ADJ,10,4
5597,ensue,VERB,10,4
5598,assent,NOUN,10,5
5599,encouragement,NOUN,10,5
5600,inequality,NOUN,10,5
5601,decisive,ADJ,10,4
5602,repetition,NOUN,10,6
5603,ardour,NOUN,10,2
5604,banish,VERB,10,2
5605,habitation,NOUN,10,3
5606,destroyer,NOUN,10,3
5607,augment,VERB,10,2
5608,tenderness,NOUN,10,6
5609,approbation,NOUN,10,2
5610,gratify,VERB,10,3
5611,suspend,VERB,10,5
5612,prudent,ADJ,10,3
5613,telescope,NOUN,10,4
5614,transmit,VERB,10,6
5615,transaction,NOUN,10,3
5616,frame,VERB,10,6
5617,founder,NOUN,10,6
5618,transport,NOUN,10,3
5619,blackness,NOUN,10,5
5620,mañana,NOUN,10,1
5621,observatory,NOUN,10,2
5622,politically,ADV,10,2
5623,dictatorship,NOUN,10,3
5624,enlist,VERB,10,4
5625,likewise,ADV,10,4
5626,reprint,VERB,10,5
5627,marvel,NOUN,10,3
5628,chappie,NOUN,10,1
5629,hike,NOUN,10,2
5630,publication,NOUN,10,2
5631,purge,NOUN,10,2
5632,becuz,ADJ,10,1
5633,pap,NOUN,10,3
5634,trustee,NOUN,10,1
5635,woodchopper,NOUN,10,1
5636,splendid,VERB,9,2
5637,admirer,NOUN,9,4
5638,splendidly,ADV,9,3
5639,comma,NOUN,9,3
5640,dramatic,ADJ,9,5
5641,communion,NOUN,9,3
5642,concert,NOUN,9,7
5643,pearl,NOUN,9,4
5644,divorce,NOUN,9,5
5645,relapse,NOUN,9,4
5646,specialist,NOUN,9,5
5647,supper,VERB,9,5
5648,periodic,ADJ,9,7
5649,tease,VERB,9,6
5650,rent,VERB,9,5
5651,notebook,NOUN,9,5
5652,seriousness,NOUN,9,6
5653,disgusted,ADJ,9,7
5654,suspense,NOUN,9,5
5655,aristocratic,ADJ,9,7
5656,swarm,NOUN,9,8
5657,rainy,ADJ,9,5
5658,vigorously,ADV,9,8
5659,grumble,VERB,9,6
5660,tower,VERB,9,6
5661,fork,VERB,9,6
5662,chick,NOUN,9,5
5663,slam,VERB,9,8
5664,feast,NOUN,9,4
5665,millionaire,NOUN,9,6
5666,de,ADJ,9,5
5667,candidate,NOUN,9,7
5668,heretic,NOUN,9,2
5669,lash,NOUN,9,4
5670,tenth,NOUN,9,8
5671,nymph,NOUN,9,6
5672,exquisite,ADJ,9,4
5673,inconvenient,ADJ,9,5
5674,nobleman,NOUN,9,5
5675,post,ADJ,9,6
5676,intimately,ADV,9,6
5677,dentist,NOUN,9,6
5678,import,VERB,9,4
5679,agricultural,ADJ,9,7
5680,subject,VERB,9,6
5681,appointment,NOUN,9,8
5682,fraction,NOUN,9,5
5683,curl,NOUN,9,5
5684,comb,NOUN,9,5
5685,museum,NOUN,9,8
5686,abash,VERB,9,5
5687,forsooth,NOUN,9,4
5688,schoolmistress,NOUN,9,3
5689,unseen,ADJ,9,6
5690,blessed,ADJ,9,5
5691,witted,ADJ,9,6
5692,tyrant,NOUN,9,6
5693,mar,VERB,9,5
5694,influence,VERB,9,6
5695,louder,ADV,9,7
5696,charm,VERB,9,7
5697,brand,NOUN,9,9
5698,confound,VERB,9,7
5699,online,ADV,9,9
5700,download,VERB,9,9
5701,alternate,ADJ,9,8
5702,notify,VERB,9,7
5703,contact,VERB,9,9
5704,transcription,NOUN,9,8
5705,disclaim,VERB,9,8
5706,exclusion,NOUN,9,8
5707,identification,NOUN,9,9
5708,license,VERB,9,9
5709,accessible,ADJ,9,8
5710,committed,ADJ,9,8
5711,swamp,VERB,9,8
5712,network,NOUN,9,9
5713,piety,NOUN,9,3
5714,satyr,NOUN,9,4
5715,choir,NOUN,9,3
5716,immoral,ADJ,9,4
5717,ail,VERB,9,3
5718,paste,VERB,9,5
5719,helmet,NOUN,9,3
5720,bishop,NOUN,9,5
5721,dere,ADV,9,2
5722,alf,NOUN,9,3
5723,greengrocer,NOUN,9,3
5724,drudgery,NOUN,9,5
5725,misgiving,NOUN,9,4
5726,derelict,NOUN,9,4
5727,dresser,NOUN,9,3
5728,unwise,ADJ,9,4
5729,colourless,ADJ,9,5
5730,onion,NOUN,9,4
5731,thee,NOUN,9,6
5732,sly,ADJ,9,6
5733,jest,NOUN,9,5
5734,le,X,9,4
5735,wass,VERB,9,3
5736,humiliate,VERB,9,4
5737,exhort,VERB,9,4
5738,rake,VERB,9,5
5739,clatter,NOUN,9,4
5740,filter,VERB,9,5
5741,slowness,NOUN,9,7
5742,stay,NOUN,9,5
5743,adequate,ADJ,9,6
5744,unlikely,ADJ,9,5
5745,pop,VERB,9,5
5746,mince,VERB,9,7
5747,shocked,ADJ,9,6
5748,kerb,NOUN,9,4
5749,odour,NOUN,9,5
5750,feature,VERB,9,6
5751,ceaselessly,ADV,9,5
5752,intelligible,ADJ,9,4
5753,caress,VERB,9,4
5754,tiptoe,NOUN,9,6
5755,abyss,NOUN,9,6
5756,jack,NOUN,9,5
5757,slippery,ADJ,9,5
5758,doze,VERB,9,6
5759,uncontrollably,ADV,9,4
5760,figure,VERB,9,5
5761,labyrinthine,ADJ,9,4
5762,toad,NOUN,9,4
5763,discolour,VERB,9,5
5764,gravel,NOUN,9,4
5765,loathsome,ADJ,9,4
5766,merciless,NOUN,9,6
5767,spell,NOUN,9,5
5768,diversion,NOUN,9,4
5769,drunkard,NOUN,9,6
5770,exhortation,NOUN,9,5
5771,irish,ADJ,9,5
5772,musty,ADJ,9,7
5773,wandering,NOUN,9,5
5774,transient,ADJ,9,4
5775,peel,VERB,9,6
5776,vegetable,ADJ,9,3
5777,antique,ADJ,9,7
5778,damp,NOUN,9,6
5779,breakfast,VERB,9,6
5780,idle,VERB,9,4
5781,majesty,NOUN,9,5
5782,unfair,ADJ,9,7
5783,abstractedly,ADV,9,5
5784,recapture,VERB,9,6
5785,liver,NOUN,9,7
5786,verify,VERB,9,5
5787,corruption,NOUN,9,6
5788,refinement,NOUN,9,6
5789,firmness,NOUN,9,6
5790,hazel,ADJ,9,5
5791,sufferer,NOUN,9,5
5792,bookseller,NOUN,9,4
5793,bliss,NOUN,9,7
5794,urine,NOUN,9,7
5795,hum,NOUN,9,5
5796,rich,NOUN,9,6
5797,vacancy,NOUN,9,5
5798,gesticulate,VERB,9,6
5799,discontent,NOUN,9,6
5800,bellow,VERB,9,6
5801,voluptuous,ADJ,9,7
5802,topic,NOUN,9,8
5803,burning,NOUN,9,6
5804,debate,VERB,9,8
5805,orbit,NOUN,9,5
5806,speculate,VERB,9,5
5807,alert,NOUN,9,3
5808,ten,NOUN,9,5
5809,easy,ADV,9,6
5810,recovery,NOUN,9,6
5811,coarse,NOUN,9,5
5812,strap,VERB,9,4
5813,lice,NOUN,9,3
5814,pal,VERB,9,6
5815,unquestionably,ADV,9,4
5816,boiling,NOUN,9,5
5817,recognizable,ADJ,9,6
5818,interrogate,VERB,9,5
5819,haggard,ADJ,9,6
5820,quail,VERB,9,5
5821,worry,NOUN,9,6
5822,mangy,ADJ,9,6
5823,wake,NOUN,9,6
5824,swirl,NOUN,9,7
5825,m,NOUN,9,5
5826,brake,NOUN,9,5
5827,thin,VERB,9,6
5828,surrounding,NOUN,9,5
5829,scarf,NOUN,9,4
5830,slimy,ADJ,9,5
5831,doubtfully,ADV,9,5
5832,hurl,VERB,9,6
5833,motion,VERB,9,5
5834,multiply,VERB,9,9
5835,tropical,ADJ,9,6
5836,serviceable,ADJ,9,3
5837,chastity,NOUN,9,5
5838,submerge,VERB,9,4
5839,roller,NOUN,9,7
5840,antiquity,NOUN,9,5
5841,disobey,VERB,9,8
5842,whine,VERB,9,6
5843,persistent,ADJ,9,5
5844,irritate,VERB,9,6
5845,reluctant,ADJ,9,4
5846,efficient,ADJ,9,4
5847,locked,ADJ,9,7
5848,exact,VERB,9,8
5849,feat,NOUN,9,5
5850,martyr,NOUN,9,7
5851,quake,VERB,9,5
5852,wolf,NOUN,9,6
5853,recoil,VERB,9,4
5854,periodical,ADJ,9,7
5855,cord,NOUN,9,5
5856,register,NOUN,9,6
5857,rout,VERB,9,6
5858,sandal,NOUN,9,4
5859,distract,VERB,9,7
5860,bleat,VERB,9,4
5861,milk,VERB,9,3
5862,produce,NOUN,9,4
5863,unalterable,ADJ,9,5
5864,drain,NOUN,9,7
5865,plentiful,ADJ,9,5
5866,pace,VERB,9,7
5867,slay,VERB,9,7
5868,crystal,NOUN,9,5
5869,convinced,ADJ,9,4
5870,female,NOUN,9,4
5871,defensive,ADJ,9,6
5872,hiss,VERB,9,6
5873,manifestly,ADV,9,7
5874,conjure,VERB,9,3
5875,sordid,VERB,9,7
5876,extravagant,ADJ,9,7
5877,reconcile,VERB,9,7
5878,pervade,VERB,9,6
5879,cower,VERB,9,6
5880,bribe,VERB,9,5
5881,splinter,NOUN,9,5
5882,repose,VERB,9,4
5883,boldly,ADV,9,8
5884,solemnly,ADV,9,6
5885,heal,VERB,9,6
5886,demonstrate,VERB,9,6
5887,revolutionary,NOUN,9,5
5888,corrupter,NOUN,9,1
5889,demigod,NOUN,9,2
5890,comic,ADJ,9,4
5891,accuracy,NOUN,9,5
5892,villainous,ADJ,9,6
5893,habitual,ADJ,9,6
5894,nameless,NOUN,9,6
5895,unimportant,ADJ,9,5
5896,resignation,NOUN,9,7
5897,avail,VERB,9,5
5898,excellence,NOUN,9,5
5899,playing,NOUN,9,6
5900,oppressive,ADJ,9,6
5901,petition,VERB,9,3
5902,advanced,ADJ,9,6
5903,shikoe,VERB,9,1
5904,ingyi,NOUN,9,1
5905,peepul,NOUN,9,1
5906,thakin,ADJ,9,1
5907,san,ADJ,9,1
5908,betel,NOUN,9,2
5909,teak,ADJ,9,2
5910,cur,NOUN,9,3
5911,despotism,NOUN,9,3
5912,khaki,NOUN,9,4
5913,fan,NOUN,9,5
5914,salmon,NOUN,9,4
5915,perverse,ADJ,9,3
5916,slender,NOUN,9,5
5917,idleness,NOUN,9,6
5918,upright,ADV,9,5
5919,gorgeous,ADJ,9,4
5920,spire,NOUN,9,6
5921,forefinger,NOUN,9,6
5922,tragedy,NOUN,9,6
5923,parch,VERB,9,3
5924,manly,ADJ,9,5
5925,project,VERB,9,4
5926,revert,VERB,9,7
5927,deafen,VERB,9,5
5928,irregularity,NOUN,9,7
5929,vehicle,NOUN,9,7
5930,sunset,NOUN,9,5
5931,hanging,NOUN,9,5
5932,trader,NOUN,9,3
5933,manual,ADJ,9,5
5934,battalion,NOUN,9,4
5935,shoal,NOUN,9,6
5936,venerable,ADJ,9,5
5937,substitute,VERB,9,4
5938,monotonous,ADJ,9,6
5939,backbone,NOUN,9,5
5940,perpendicular,ADJ,9,5
5941,pannikin,NOUN,9,3
5942,swallow,NOUN,9,4
5943,decanter,NOUN,9,6
5944,fluctuate,VERB,9,7
5945,phase,NOUN,9,6
5946,dedicate,VERB,9,5
5947,specimen,NOUN,9,6
5948,clump,NOUN,9,5
5949,conflict,NOUN,9,7
5950,lessen,VERB,9,5
5951,flick,NOUN,9,4
5952,smother,VERB,9,5
5953,landmark,NOUN,9,3
5954,slot,NOUN,9,4
5955,torn,ADJ,9,5
5956,swear,ADJ,9,2
5957,saccharine,NOUN,9,3
5958,peach,NOUN,9,4
5959,beating,NOUN,9,5
5960,f,NOUN,9,4
5961,besiege,VERB,9,5
5962,open,NOUN,9,6
5963,unbroken,ADJ,9,7
5964,excessive,ADJ,9,7
5965,inseparable,ADJ,9,5
5966,apologetically,ADV,9,4
5967,steeple,NOUN,9,6
5968,streamlined,ADJ,9,1
5969,sainfoin,NOUN,9,1
5970,peppermint,NOUN,9,1
5971,gentle,NOUN,9,1
5972,salesman,NOUN,9,2
5973,whale,NOUN,9,2
5974,director,NOUN,9,4
5975,threepenny,NOUN,9,3
5976,variation,NOUN,9,6
5977,patriotic,ADJ,9,5
5978,dock,NOUN,9,5
5979,howl,NOUN,9,5
5980,partial,ADJ,9,5
5981,shovel,NOUN,9,3
5982,fifty,NOUN,9,2
5983,fringe,VERB,9,5
5984,lower,ADV,9,7
5985,cannon,NOUN,9,4
5986,breaking,NOUN,9,5
5987,modesty,NOUN,9,5
5988,sane,ADJ,9,3
5989,watchman,NOUN,9,3
5990,rye,NOUN,9,2
5991,feller,NOUN,9,3
5992,venture,NOUN,9,5
5993,unavoidable,ADJ,9,5
5994,bourgeoisie,NOUN,9,4
5995,formality,NOUN,9,5
5996,reproduce,VERB,9,6
5997,north,ADV,9,4
5998,sinister,ADJ,9,5
5999,degradation,NOUN,9,5
6000,sion,NOUN,9,1
6001,itis,NOUN,9,1
6002,n,NOUN,9,2
6003,tablet,NOUN,9,2
6004,yonder,NOUN,9,3
6005,robust,ADJ,9,4
6006,manifest,ADJ,9,5
6007,confuse,VERB,9,5
6008,emergency,NOUN,9,6
6009,exasperate,VERB,9,6
6010,disadvantage,NOUN,9,5
6011,vacation,NOUN,9,4
6012,labor,VERB,9,4
6013,varied,ADJ,9,6
6014,sensibly,ADV,9,5
6015,surpass,VERB,9,4
6016,moral,NOUN,9,5
6017,contemplation,NOUN,9,4
6018,deformity,NOUN,9,2
6019,precipice,NOUN,9,2
6020,stature,NOUN,9,3
6021,benevolence,NOUN,9,3
6022,laboratory,NOUN,9,3
6023,gaiety,NOUN,9,3
6024,peak,NOUN,9,3
6025,chill,VERB,9,5
6026,relinquish,VERB,9,5
6027,vale,NOUN,9,3
6028,massacre,VERB,9,3
6029,grandeur,NOUN,9,3
6030,vexation,NOUN,9,3
6031,mule,ADJ,9,1
6032,olive,ADJ,9,1
6033,widely,ADV,9,4
6034,paralyse,VERB,9,4
6035,isolated,ADJ,9,5
6036,objective,ADJ,9,3
6037,allegiance,NOUN,9,3
6038,furrow,NOUN,9,3
6039,marsh,NOUN,9,5
6040,necessary,NOUN,9,3
6041,magnanimity,NOUN,9,3
6042,drunkenness,NOUN,9,2
6043,classic,NOUN,9,2
6044,fleeting,ADJ,9,4
6045,cast,NOUN,9,6
6046,expressionless,NOUN,9,2
6047,sensuality,NOUN,9,3
6048,scrape,NOUN,9,4
6049,burrow,NOUN,9,2
6050,hesitation,NOUN,9,5
6051,sanity,NOUN,9,1
6052,heretical,ADJ,9,1
6053,pneumatic,ADJ,9,2
6054,gasp,NOUN,9,3
6055,mighty,ADV,9,1
6056,dono,X,9,1
6057,widder,NOUN,9,1
6058,lonesome,ADJ,9,2
6059,sidewalk,NOUN,9,3
6060,perennial,ADJ,9,2
6061,almanac,NOUN,9,2
6062,harbor,NOUN,9,2
6063,settler,NOUN,9,3
6064,fable,NOUN,9,2
6065,legislator,NOUN,9,2
6066,muskrat,NOUN,9,1
6067,huckleberry,NOUN,9,1
6068,hoeing,NOUN,9,1
6069,deceitful,ADJ,8,1
6070,exam,NOUN,8,2
6071,jolly,ADJ,8,3
6072,scold,VERB,8,2
6073,giggle,VERB,8,3
6074,enquire,VERB,8,4
6075,conceited,ADJ,8,5
6076,trim,VERB,8,4
6077,pester,VERB,8,3
6078,impudent,NOUN,8,5
6079,funk,NOUN,8,4
6080,rummage,VERB,8,3
6081,unworthy,ADJ,8,5
6082,speechless,ADJ,8,6
6083,jewish,ADJ,8,5
6084,modification,NOUN,8,7
6085,swollen,ADJ,8,4
6086,emperor,NOUN,8,4
6087,salute,NOUN,8,5
6088,count,NOUN,8,6
6089,shopping,NOUN,8,4
6090,bead,NOUN,8,5
6091,paralysed,ADJ,8,5
6092,nicely,ADV,8,4
6093,dressed,ADJ,8,4
6094,wrath,NOUN,8,5
6095,alarmed,ADJ,8,5
6096,signature,NOUN,8,6
6097,passionately,ADV,8,6
6098,impudence,NOUN,8,6
6099,twin,NOUN,8,6
6100,lovingly,ADV,8,6
6101,copying,NOUN,8,7
6102,riddle,NOUN,8,4
6103,glisten,VERB,8,4
6104,fiddle,VERB,8,4
6105,tack,VERB,8,6
6106,convulsion,NOUN,8,7
6107,bog,NOUN,8,2
6108,enquiry,NOUN,8,5
6109,twinkle,VERB,8,6
6110,bearable,ADJ,8,5
6111,tile,NOUN,8,7
6112,extensive,ADJ,8,4
6113,hate,NOUN,8,4
6114,convent,NOUN,8,5
6115,flute,NOUN,8,4
6116,blunder,NOUN,8,4
6117,stripe,NOUN,8,6
6118,need,AUX,8,5
6119,treat,NOUN,8,7
6120,luminous,ADJ,8,5
6121,discretion,NOUN,8,5
6122,lament,VERB,8,4
6123,bronze,NOUN,8,4
6124,orange,ADJ,8,7
6125,amusing,ADJ,8,5
6126,blackboard,NOUN,8,4
6127,anchor,NOUN,8,5
6128,fast,VERB,8,6
6129,baggage,NOUN,8,4
6130,delicious,ADJ,8,5
6131,torrent,NOUN,8,5
6132,pink,NOUN,8,6
6133,veil,NOUN,8,5
6134,distress,VERB,8,6
6135,cocoa,NOUN,8,4
6136,officially,ADV,8,6
6137,sixth,ADJ,8,4
6138,sadly,ADV,8,4
6139,ally,NOUN,8,5
6140,eagle,NOUN,8,6
6141,unjustly,ADV,8,5
6142,doubly,ADV,8,6
6143,orphan,NOUN,8,5
6144,rename,VERB,8,8
6145,compilation,NOUN,8,8
6146,perform,NOUN,8,8
6147,export,VERB,8,7
6148,discontinue,VERB,8,8
6149,despite,SCONJ,8,7
6150,datum,NOUN,8,8
6151,virus,NOUN,8,7
6152,maximum,ADJ,8,8
6153,financial,ADJ,8,8
6154,secure,NOUN,8,7
6155,array,NOUN,8,7
6156,location,NOUN,8,7
6157,unsolicited,ADJ,8,7
6158,donor,NOUN,8,8
6159,jumble,ADJ,8,1
6160,poke,NOUN,8,1
6161,payer,NOUN,8,1
6162,omelette,NOUN,8,2
6163,doughnut,NOUN,8,2
6164,pinch,NOUN,8,3
6165,hail,NOUN,8,4
6166,bum,VERB,8,4
6167,unlimited,ADJ,8,5
6168,ere,NOUN,8,3
6169,telegraph,NOUN,8,3
6170,p,NOUN,8,5
6171,tremulous,ADJ,8,5
6172,grate,NOUN,8,4
6173,amateur,ADJ,8,3
6174,bricklayer,NOUN,8,3
6175,exceptionally,ADV,8,4
6176,virtually,ADV,8,4
6177,literal,ADJ,8,4
6178,gritty,ADJ,8,3
6179,squat,NOUN,8,4
6180,accost,VERB,8,4
6181,burrow,VERB,8,3
6182,hundredweight,NOUN,8,3
6183,scanty,NOUN,8,6
6184,chariot,NOUN,8,5
6185,contemptible,ADJ,8,6
6186,shapely,ADV,8,5
6187,crow,NOUN,8,5
6188,attentive,ADJ,8,5
6189,disengage,VERB,8,5
6190,sham,NOUN,8,5
6191,weed,VERB,8,5
6192,fivepence,NOUN,8,4
6193,invasion,NOUN,8,6
6194,damn,INTJ,8,4
6195,stony,NOUN,8,3
6196,twin,ADJ,8,5
6197,fascinated,ADJ,8,4
6198,elbow,VERB,8,4
6199,witte,VERB,8,5
6200,novelist,NOUN,8,5
6201,dearest,NOUN,8,5
6202,homeward,NOUN,8,6
6203,sham,VERB,8,4
6204,acceptable,ADJ,8,4
6205,protrude,VERB,8,4
6206,admonish,VERB,8,5
6207,orgy,NOUN,8,4
6208,stride,VERB,8,4
6209,dye,VERB,8,5
6210,slink,VERB,8,6
6211,snivel,VERB,8,6
6212,abrupt,ADJ,8,6
6213,fidget,VERB,8,6
6214,tight,ADV,8,5
6215,pant,NOUN,8,6
6216,virgin,NOUN,8,6
6217,mildly,ADV,8,6
6218,impressed,ADJ,8,6
6219,incurable,ADJ,8,6
6220,perception,NOUN,8,5
6221,tobacconist,NOUN,8,4
6222,partner,NOUN,8,4
6223,twopenny,ADJ,8,3
6224,seller,NOUN,8,4
6225,awkwardly,ADV,8,6
6226,signal,VERB,8,4
6227,liking,NOUN,8,5
6228,nebulous,ADJ,8,4
6229,exhibit,NOUN,8,6
6230,squeal,NOUN,8,5
6231,interview,VERB,8,5
6232,flicker,NOUN,8,5
6233,crooked,ADJ,8,6
6234,clergy,NOUN,8,3
6235,fortunate,ADJ,8,3
6236,knight,NOUN,8,3
6237,new,ADV,8,5
6238,clarity,NOUN,8,3
6239,blacken,VERB,8,5
6240,formulate,VERB,8,4
6241,muffle,VERB,8,6
6242,tinny,ADJ,8,5
6243,intermittently,ADV,8,4
6244,pie,NOUN,8,5
6245,flap,NOUN,8,7
6246,conscientious,ADJ,8,5
6247,catalogue,NOUN,8,7
6248,sting,NOUN,8,5
6249,instalment,NOUN,8,5
6250,extreme,NOUN,8,6
6251,cutting,NOUN,8,5
6252,softness,NOUN,8,5
6253,temper,VERB,8,6
6254,jammed,ADJ,8,6
6255,graze,VERB,8,5
6256,humorous,ADJ,8,5
6257,churchyard,NOUN,8,3
6258,propriety,NOUN,8,6
6259,seam,NOUN,8,5
6260,boyish,ADJ,8,5
6261,responsibility,NOUN,8,6
6262,close,NOUN,8,4
6263,indecent,NOUN,8,4
6264,flurry,NOUN,8,6
6265,pose,NOUN,8,6
6266,spirited,ADJ,8,5
6267,refuse,NOUN,8,6
6268,flimsy,ADJ,8,7
6269,sol,NOUN,8,5
6270,crouch,VERB,8,5
6271,duck,VERB,8,5
6272,cluster,NOUN,8,8
6273,abundance,NOUN,8,6
6274,lull,VERB,8,5
6275,focus,VERB,8,4
6276,courtesy,NOUN,8,5
6277,woollen,ADJ,8,5
6278,foot,VERB,8,5
6279,lightly,ADV,8,5
6280,identical,ADJ,8,6
6281,passer,NOUN,8,4
6282,group,VERB,8,4
6283,vulture,NOUN,8,5
6284,allotment,NOUN,8,2
6285,chain,VERB,8,6
6286,pass,NOUN,8,4
6287,suffocate,VERB,8,7
6288,ticking,NOUN,8,6
6289,wad,NOUN,8,6
6290,jam,VERB,8,6
6291,chuckle,NOUN,8,5
6292,accursed,ADJ,8,5
6293,disbelieve,VERB,8,8
6294,qualified,ADJ,8,4
6295,dismally,ADV,8,6
6296,relic,NOUN,8,6
6297,flank,NOUN,8,6
6298,punctuality,NOUN,8,4
6299,guidance,NOUN,8,7
6300,stanzas,NOUN,8,3
6301,mid,ADJ,8,6
6302,pounce,VERB,8,6
6303,killer,NOUN,8,3
6304,thorough,ADJ,8,7
6305,faithfully,ADV,8,3
6306,scripture,NOUN,8,4
6307,yellowish,ADJ,8,5
6308,advert,NOUN,8,3
6309,principal,NOUN,8,5
6310,leapt,VERB,8,6
6311,reluctantly,ADV,8,6
6312,shaky,ADJ,8,5
6313,scare,NOUN,8,4
6314,logic,NOUN,8,5
6315,respite,NOUN,8,4
6316,nagging,ADJ,8,5
6317,happily,ADV,8,6
6318,encounter,NOUN,8,7
6319,humane,ADJ,8,4
6320,gait,NOUN,8,6
6321,footing,NOUN,8,3
6322,gust,NOUN,8,4
6323,hath,VERB,8,5
6324,hi,INTJ,8,4
6325,hearty,ADJ,8,7
6326,concentration,NOUN,8,5
6327,tiding,NOUN,8,5
6328,geese,ADJ,8,3
6329,cutter,NOUN,8,3
6330,slaughter,VERB,8,5
6331,paw,VERB,8,5
6332,announcement,NOUN,8,2
6333,tactic,NOUN,8,2
6334,mournfully,ADV,8,5
6335,lain,VERB,8,6
6336,plait,VERB,8,4
6337,comradeship,NOUN,8,4
6338,leap,NOUN,8,5
6339,stray,ADJ,8,4
6340,alight,VERB,8,5
6341,honour,VERB,8,6
6342,gravity,NOUN,8,4
6343,outweigh,VERB,8,7
6344,four,NOUN,8,6
6345,compensate,VERB,8,6
6346,resort,VERB,8,5
6347,bloodshed,NOUN,8,4
6348,swish,VERB,8,5
6349,formal,ADJ,8,5
6350,skulk,VERB,8,4
6351,strategy,NOUN,8,4
6352,legend,NOUN,8,6
6353,forgery,NOUN,8,3
6354,schoolhouse,NOUN,8,2
6355,crown,VERB,8,6
6356,indignantly,ADV,8,5
6357,equal,NOUN,8,5
6358,hostility,NOUN,8,4
6359,improver,NOUN,8,1
6360,wherefore,ADV,8,4
6361,prosecute,VERB,8,4
6362,gain,NOUN,8,5
6363,falsify,VERB,8,3
6364,proposition,NOUN,8,3
6365,superiority,NOUN,8,6
6366,insolent,ADJ,8,7
6367,allege,VERB,8,4
6368,disturbance,NOUN,8,5
6369,ludicrous,ADJ,8,6
6370,dacoit,NOUN,8,1
6371,warder,NOUN,8,1
6372,topi,NOUN,8,1
6373,sampan,NOUN,8,1
6374,thakin,NOUN,8,1
6375,sedition,NOUN,8,2
6376,giant,NOUN,8,4
6377,martial,ADJ,8,3
6378,kitten,NOUN,8,4
6379,alien,ADJ,8,4
6380,sullenly,ADV,8,4
6381,coolie,NOUN,8,2
6382,rhythmic,ADJ,8,4
6383,hotter,ADJ,8,5
6384,white,NOUN,8,6
6385,businessman,NOUN,8,3
6386,jolt,VERB,8,5
6387,brisk,ADJ,8,5
6388,gap,VERB,8,5
6389,veritable,ADJ,8,3
6390,outward,NOUN,8,3
6391,pound,VERB,8,5
6392,debauch,NOUN,8,5
6393,target,NOUN,8,6
6394,eyelid,NOUN,8,3
6395,flinch,VERB,8,6
6396,unthinkable,ADJ,8,3
6397,hack,VERB,8,4
6398,sidelong,ADJ,8,4
6399,regulation,NOUN,8,5
6400,slim,ADJ,8,4
6401,thump,VERB,8,4
6402,awed,ADJ,8,4
6403,surer,NOUN,8,6
6404,mirror,VERB,8,6
6405,coolness,NOUN,8,6
6406,hallucination,NOUN,8,3
6407,honesty,NOUN,8,5
6408,meditation,NOUN,8,4
6409,interview,NOUN,8,5
6410,psalm,NOUN,8,4
6411,thaw,VERB,8,2
6412,discontent,VERB,8,6
6413,lick,NOUN,8,5
6414,stimulate,VERB,8,5
6415,beget,VERB,8,5
6416,parallel,ADJ,8,6
6417,haunted,ADJ,8,3
6418,intermittent,ADJ,8,5
6419,censor,VERB,8,3
6420,tripe,NOUN,8,3
6421,sensibility,NOUN,8,4
6422,scope,NOUN,8,4
6423,depressed,ADJ,8,4
6424,slumber,VERB,8,3
6425,infallible,ADJ,8,5
6426,outcast,NOUN,8,4
6427,provocateur,NOUN,8,2
6428,elevated,ADJ,8,4
6429,pad,NOUN,8,6
6430,burst,ADJ,8,5
6431,number,VERB,8,5
6432,guiltily,ADV,8,5
6433,upward,ADJ,8,4
6434,vomit,VERB,8,5
6435,smoky,ADJ,8,7
6436,paradise,NOUN,8,4
6437,nerve,VERB,8,5
6438,en,X,8,4
6439,jeer,VERB,8,5
6440,provocation,NOUN,8,6
6441,peril,NOUN,8,5
6442,hitherto,VERB,8,6
6443,volley,NOUN,8,2
6444,humility,NOUN,8,4
6445,incredulous,ADJ,8,4
6446,invade,VERB,8,6
6447,refine,VERB,8,5
6448,casual,NOUN,8,2
6449,bomber,NOUN,8,1
6450,towpath,NOUN,8,2
6451,bream,NOUN,8,2
6452,trout,NOUN,8,2
6453,saw,VERB,8,2
6454,copse,NOUN,8,3
6455,wrinkle,VERB,8,4
6456,atrocity,NOUN,8,4
6457,strap,NOUN,8,3
6458,dot,NOUN,8,4
6459,architect,NOUN,8,3
6460,thirty,NOUN,8,4
6461,poetic,ADJ,8,3
6462,branch,VERB,8,5
6463,mortgage,VERB,8,5
6464,hire,NOUN,8,4
6465,foolishness,NOUN,8,4
6466,gateleg,NOUN,8,3
6467,photographer,NOUN,8,3
6468,shepherd,NOUN,8,4
6469,clause,NOUN,8,2
6470,statistic,NOUN,8,3
6471,proletariat,NOUN,8,4
6472,mooch,VERB,8,2
6473,doorkeeper,NOUN,8,1
6474,yer,PRON,8,1
6475,sewer,NOUN,8,3
6476,dun,NOUN,8,3
6477,wolf,VERB,8,3
6478,pawn,NOUN,8,3
6479,cobble,NOUN,8,4
6480,compensation,NOUN,8,5
6481,lavender,NOUN,8,2
6482,chessboard,NOUN,8,3
6483,wedge,NOUN,8,6
6484,tis,VERB,8,3
6485,amend,VERB,8,4
6486,compositor,NOUN,8,3
6487,bourgeois,ADJ,8,2
6488,recommendation,NOUN,8,3
6489,morality,NOUN,8,4
6490,civility,NOUN,8,3
6491,tenth,ADJ,8,4
6492,prosecution,NOUN,8,5
6493,sideways,ADV,8,6
6494,tothe,DET,8,1
6495,itwa,VERB,8,1
6496,henceforth,ADV,8,3
6497,trifle,VERB,8,5
6498,statesman,NOUN,8,3
6499,assign,VERB,8,5
6500,undulation,NOUN,8,3
6501,eliminate,VERB,8,4
6502,estimate,NOUN,8,5
6503,obscurity,NOUN,8,5
6504,frivolous,ADJ,8,7
6505,clearness,NOUN,8,3
6506,catastrophe,NOUN,8,5
6507,consumption,NOUN,8,3
6508,obstacle,NOUN,8,4
6509,nightfall,NOUN,8,3
6510,artery,NOUN,8,4
6511,speck,NOUN,8,4
6512,speedily,ADV,8,2
6513,animation,NOUN,8,2
6514,agitate,VERB,8,2
6515,hellish,ADJ,8,2
6516,irksome,ADJ,8,3
6517,transitory,ADJ,8,3
6518,inflame,VERB,8,3
6519,wildness,NOUN,8,3
6520,uncommon,ADJ,8,3
6521,stupendous,ADJ,8,5
6522,unexplored,ADJ,8,4
6523,oblivion,NOUN,8,5
6524,ting,VERB,8,4
6525,nook,NOUN,8,3
6526,fisher,NOUN,8,3
6527,commerce,NOUN,8,3
6528,modest,ADJ,8,3
6529,vicinity,NOUN,8,4
6530,observer,NOUN,8,5
6531,fascist,NOUN,8,1
6532,centralized,ADJ,8,2
6533,loophole,NOUN,8,3
6534,draft,NOUN,8,3
6535,mass,VERB,8,5
6536,alignment,NOUN,8,3
6537,rosemary,ADJ,8,2
6538,practicable,ADJ,8,4
6539,bluebell,NOUN,8,3
6540,squirm,VERB,8,5
6541,known,ADJ,8,3
6542,subside,VERB,8,5
6543,moneyed,ADJ,8,1
6544,fruity,NOUN,8,2
6545,stanza,NOUN,8,3
6546,president,NOUN,8,4
6547,unorthodox,ADJ,8,2
6548,stile,NOUN,8,3
6549,counsel,NOUN,8,3
6550,getting,NOUN,8,4
6551,ulcer,NOUN,8,1
6552,thoughtcrime,NOUN,8,1
6553,ideological,ADJ,8,1
6554,outlet,NOUN,8,3
6555,brute,ADJ,8,2
6556,definition,NOUN,8,3
6557,stationer,NOUN,8,2
6558,conformity,NOUN,8,4
6559,splendor,NOUN,8,2
6560,hogshead,NOUN,8,2
6561,mirth,NOUN,8,2
6562,handsomely,ADV,8,3
6563,wharf,NOUN,8,3
6564,vigor,NOUN,8,3
6565,shanty,NOUN,8,2
6566,frugality,NOUN,8,1
6567,satire,NOUN,8,2
6568,drugstore,NOUN,8,1
6569,incessant,ADJ,8,2
6570,laborer,NOUN,8,1
6571,hickory,NOUN,8,1
6572,alder,NOUN,8,1
6573,kernel,NOUN,8,1
6574,shiner,NOUN,8,1
6575,inlet,NOUN,8,1
6576,marzipan,NOUN,7,1
6577,skating,NOUN,7,2
6578,second,ADV,7,3
6579,sweetly,ADV,7,3
6580,practice,VERB,7,3
6581,protestant,NOUN,7,3
6582,schoolfellow,NOUN,7,3
6583,postman,NOUN,7,4
6584,stitch,NOUN,7,3
6585,snail,NOUN,7,3
6586,telegram,NOUN,7,4
6587,veal,NOUN,7,3
6588,tweed,NOUN,7,4
6589,clink,VERB,7,3
6590,park,NOUN,7,4
6591,lottery,NOUN,7,3
6592,tablecloth,NOUN,7,4
6593,festival,NOUN,7,5
6594,sketch,NOUN,7,5
6595,laughing,NOUN,7,4
6596,key,ADJ,7,2
6597,conquest,NOUN,7,2
6598,resort,NOUN,7,5
6599,housewife,NOUN,7,3
6600,parting,NOUN,7,4
6601,mealtime,NOUN,7,5
6602,superstitious,ADJ,7,4
6603,indignant,ADJ,7,5
6604,peel,NOUN,7,5
6605,summon,VERB,7,5
6606,whim,NOUN,7,6
6607,gem,NOUN,7,4
6608,relationship,NOUN,7,6
6609,tourist,NOUN,7,4
6610,top,VERB,7,5
6611,undressed,ADJ,7,6
6612,catch,NOUN,7,7
6613,muddle,NOUN,7,6
6614,seventh,ADJ,7,5
6615,tenant,NOUN,7,5
6616,ending,NOUN,7,6
6617,dust,VERB,7,5
6618,select,ADJ,7,5
6619,affectionately,ADV,7,6
6620,thinker,NOUN,7,4
6621,infuriate,VERB,7,5
6622,surgeon,NOUN,7,6
6623,grey,VERB,7,5
6624,specially,ADV,7,5
6625,hidden,ADJ,7,5
6626,wet,NOUN,7,4
6627,thoughtless,ADJ,7,5
6628,insight,NOUN,7,6
6629,vex,VERB,7,5
6630,sin,VERB,7,5
6631,predict,VERB,7,5
6632,limp,ADJ,7,5
6633,ache,NOUN,7,5
6634,horsehair,NOUN,7,5
6635,fraud,NOUN,7,4
6636,racing,NOUN,7,5
6637,turf,NOUN,7,6
6638,greatness,NOUN,7,5
6639,administer,VERB,7,5
6640,illegitimate,ADJ,7,6
6641,burial,NOUN,7,5
6642,distraction,NOUN,7,5
6643,offender,NOUN,7,5
6644,unhappiness,NOUN,7,4
6645,rug,NOUN,7,5
6646,fortify,VERB,7,6
6647,inquisitive,ADJ,7,5
6648,exaggerated,ADJ,7,5
6649,detestable,ADJ,7,5
6650,tolerably,ADV,7,6
6651,limp,VERB,7,4
6652,newcomer,NOUN,7,5
6653,adherent,NOUN,7,4
6654,ironical,ADJ,7,3
6655,reverently,ADV,7,6
6656,affectionate,VERB,7,6
6657,copyright,ADJ,7,7
6658,access,VERB,7,7
6659,unlink,VERB,7,7
6660,detach,NOUN,7,7
6661,binary,ADJ,7,7
6662,nonproprietary,ADJ,7,7
6663,processing,NOUN,7,7
6664,hypertext,NOUN,7,7
6665,transcribe,VERB,7,7
6666,proofread,ADV,7,7
6667,inaccurate,NOUN,7,7
6668,infringement,NOUN,7,7
6669,provided,NOUN,7,7
6670,distributor,NOUN,7,7
6671,liable,NOUN,7,7
6672,incidental,ADV,7,7
6673,damages,ADJ,7,7
6674,implied,NOUN,7,7
6675,invalidity,NOUN,7,7
6676,unenforceability,NOUN,7,7
6677,void,VERB,7,7
6678,indemnify,VERB,7,7
6679,deletion,NOUN,7,7
6680,profit,ADJ,7,7
6681,deductible,ADJ,7,7
6682,outdated,ADJ,7,7
6683,paperwork,NOUN,7,7
6684,prohibition,NOUN,7,7
6685,online,ADJ,7,7
6686,originator,NOUN,7,7
6687,newsletter,NOUN,7,7
6688,memo,NOUN,7,1
6689,pageant,NOUN,7,1
6690,mulligatawny,NOUN,7,1
6691,skipper,VERB,7,1
6692,prospectus,NOUN,7,1
6693,pothook,NOUN,7,1
6694,reminiscently,ADV,7,2
6695,unbelief,NOUN,7,3
6696,hopping,NOUN,7,3
6697,ow,VERB,7,3
6698,coax,VERB,7,4
6699,parrot,NOUN,7,3
6700,runner,NOUN,7,3
6701,blowsy,NOUN,7,3
6702,fennel,NOUN,7,2
6703,schoolchildren,NOUN,7,3
6704,oilstove,NOUN,7,2
6705,scissor,NOUN,7,4
6706,nosy,ADJ,7,2
6707,snuff,NOUN,7,2
6708,bleeding,NOUN,7,3
6709,unto,ADP,7,4
6710,forgiveness,NOUN,7,4
6711,starling,NOUN,7,3
6712,east,ADJ,7,3
6713,chapel,NOUN,7,3
6714,pry,VERB,7,4
6715,mutton,NOUN,7,4
6716,periodically,ADV,7,4
6717,unbearably,ADV,7,3
6718,tiredness,NOUN,7,4
6719,fume,NOUN,7,5
6720,spur,NOUN,7,4
6721,controversy,NOUN,7,4
6722,manoeuvre,VERB,7,4
6723,mess,VERB,7,4
6724,trudge,VERB,7,5
6725,confidentially,ADV,7,5
6726,sleepless,ADJ,7,4
6727,bookie,NOUN,7,3
6728,pennyworth,NOUN,7,4
6729,real,ADV,7,4
6730,upside,ADV,7,4
6731,vous,ADJ,7,4
6732,womb,NOUN,7,4
6733,hypocrite,NOUN,7,3
6734,nagging,NOUN,7,5
6735,strand,NOUN,7,6
6736,blonde,ADJ,7,3
6737,falter,VERB,7,5
6738,lapel,NOUN,7,4
6739,spontaneously,ADV,7,5
6740,focus,NOUN,7,4
6741,slummy,ADJ,7,4
6742,aloof,ADJ,7,4
6743,scrape,VERB,7,5
6744,gaze,NOUN,7,4
6745,species,NOUN,7,6
6746,inexperienced,ADJ,7,5
6747,gnarl,VERB,7,5
6748,vividness,NOUN,7,4
6749,damp,VERB,7,6
6750,foam,NOUN,7,4
6751,tow,NOUN,7,3
6752,slit,VERB,7,5
6753,cope,VERB,7,5
6754,roast,VERB,7,5
6755,victorious,ADJ,7,5
6756,talking,NOUN,7,4
6757,confide,VERB,7,2
6758,exaggeration,NOUN,7,4
6759,coldness,NOUN,7,5
6760,bewilder,VERB,7,3
6761,brown,NOUN,7,5
6762,hopefully,ADV,7,5
6763,shin,NOUN,7,3
6764,sore,NOUN,7,4
6765,collapse,NOUN,7,6
6766,root,VERB,7,5
6767,armful,NOUN,7,6
6768,spongy,ADJ,7,4
6769,weary,VERB,7,5
6770,lousy,ADJ,7,3
6771,earning,NOUN,7,5
6772,hawker,NOUN,7,3
6773,apathy,NOUN,7,5
6774,pit,NOUN,7,4
6775,doleful,ADJ,7,6
6776,darn,VERB,7,5
6777,whisky,ADJ,7,3
6778,beak,NOUN,7,5
6779,damnable,ADJ,7,5
6780,spinster,NOUN,7,2
6781,reporter,NOUN,7,4
6782,disapproval,NOUN,7,5
6783,drivel,NOUN,7,4
6784,evoke,VERB,7,5
6785,hack,NOUN,7,5
6786,companionship,NOUN,7,5
6787,parlour,NOUN,7,4
6788,worldly,ADJ,7,4
6789,reverent,ADJ,7,6
6790,whiff,NOUN,7,5
6791,shrubbery,NOUN,7,4
6792,conservative,ADJ,7,6
6793,settlement,NOUN,7,4
6794,wearily,ADV,7,5
6795,abhorrence,NOUN,7,2
6796,calm,NOUN,7,6
6797,equivalent,NOUN,7,5
6798,inwardly,ADV,7,4
6799,sweep,NOUN,7,5
6800,precedent,NOUN,7,7
6801,scare,VERB,7,4
6802,detachment,NOUN,7,7
6803,veil,VERB,7,6
6804,sallow,ADJ,7,3
6805,pain,VERB,7,5
6806,impel,VERB,7,5
6807,fester,VERB,7,5
6808,abortive,ADJ,7,6
6809,lumpy,ADJ,7,4
6810,powerless,ADJ,7,6
6811,strengthen,VERB,7,6
6812,mystical,ADJ,7,3
6813,west,ADJ,7,5
6814,combat,NOUN,7,4
6815,entangle,VERB,7,7
6816,hideously,ADV,7,5
6817,telling,NOUN,7,5
6818,terrifying,ADJ,7,4
6819,flicker,VERB,7,5
6820,tremor,NOUN,7,5
6821,plump,ADJ,7,4
6822,frank,ADJ,7,5
6823,military,NOUN,7,7
6824,skilfully,ADV,7,6
6825,saw,NOUN,7,5
6826,temperament,NOUN,7,6
6827,skilly,ADV,7,2
6828,huddle,VERB,7,6
6829,roof,VERB,7,5
6830,yelp,NOUN,7,4
6831,imaginable,ADJ,7,6
6832,silvery,ADJ,7,4
6833,walnut,NOUN,7,4
6834,sluggish,ADJ,7,4
6835,scoop,VERB,7,4
6836,quart,ADJ,7,4
6837,pheasant,NOUN,7,4
6838,blissful,ADJ,7,4
6839,sevenpence,NOUN,7,2
6840,glassy,NOUN,7,5
6841,saunter,VERB,7,4
6842,clink,NOUN,7,3
6843,bunk,NOUN,7,4
6844,dishonest,ADJ,7,7
6845,notorious,ADJ,7,5
6846,peal,NOUN,7,5
6847,hairy,ADJ,7,5
6848,tuft,NOUN,7,5
6849,geranium,NOUN,7,3
6850,bedstead,NOUN,7,5
6851,packing,NOUN,7,4
6852,flop,VERB,7,5
6853,remoter,NOUN,7,6
6854,roaring,NOUN,7,4
6855,obstruct,VERB,7,3
6856,swirl,VERB,7,6
6857,laden,ADJ,7,7
6858,booze,VERB,7,3
6859,pigsty,NOUN,7,5
6860,bass,NOUN,7,7
6861,dearly,ADV,7,3
6862,rolling,ADJ,7,7
6863,undisturbed,ADJ,7,7
6864,menace,VERB,7,5
6865,whoop,NOUN,7,4
6866,miner,NOUN,7,5
6867,deafening,ADJ,7,5
6868,wild,NOUN,7,5
6869,homeless,ADJ,7,5
6870,destitute,ADJ,7,4
6871,enforce,VERB,7,4
6872,downstair,NOUN,7,5
6873,befall,VERB,7,4
6874,despairing,ADJ,7,5
6875,collector,NOUN,7,6
6876,unutterable,ADJ,7,5
6877,respective,ADJ,7,3
6878,forty,NOUN,7,4
6879,beneficent,ADJ,7,4
6880,succumb,VERB,7,6
6881,unanswerable,ADJ,7,5
6882,prompt,VERB,7,6
6883,nod,NOUN,7,4
6884,primarily,ADV,7,3
6885,popularity,NOUN,7,4
6886,outburst,NOUN,7,5
6887,principally,ADV,7,4
6888,outrage,NOUN,7,5
6889,muse,VERB,7,5
6890,bustle,NOUN,7,7
6891,melancholy,NOUN,7,4
6892,pretentious,ADJ,7,5
6893,puzzle,NOUN,7,5
6894,respond,VERB,7,5
6895,glaze,VERB,7,6
6896,mindedness,NOUN,7,3
6897,rumour,VERB,7,6
6898,forcibly,ADV,7,5
6899,dying,NOUN,7,5
6900,intent,NOUN,7,6
6901,brink,NOUN,7,4
6902,realization,NOUN,7,6
6903,refreshment,NOUN,7,3
6904,swiftness,NOUN,7,4
6905,enlarge,VERB,7,7
6906,docile,ADJ,7,5
6907,weariness,NOUN,7,6
6908,knoll,NOUN,7,2
6909,sunday,NOUN,7,6
6910,brood,NOUN,7,3
6911,welfare,NOUN,7,4
6912,stack,VERB,7,4
6913,stun,VERB,7,6
6914,disagreement,NOUN,7,5
6915,faction,NOUN,7,4
6916,baying,NOUN,7,5
6917,ploughing,NOUN,7,4
6918,fence,VERB,7,3
6919,minimum,NOUN,7,5
6920,confinement,NOUN,7,5
6921,overnight,ADV,7,5
6922,lamb,NOUN,7,5
6923,awe,NOUN,7,5
6924,worthless,ADJ,7,7
6925,scorn,VERB,7,6
6926,triumphant,ADJ,7,7
6927,bankrupt,ADJ,7,4
6928,sty,NOUN,7,4
6929,perspective,NOUN,7,5
6930,gale,NOUN,7,3
6931,thickly,ADV,7,6
6932,decree,VERB,7,6
6933,amazement,NOUN,7,6
6934,bruise,VERB,7,6
6935,completion,NOUN,7,3
6936,counsel,VERB,7,5
6937,punctually,ADV,7,4
6938,booming,NOUN,7,6
6939,healing,NOUN,7,5
6940,reduction,NOUN,7,3
6941,spontaneous,ADJ,7,4
6942,poultry,NOUN,7,4
6943,removal,NOUN,7,5
6944,crate,NOUN,7,3
6945,generate,VERB,7,6
6946,mingled,ADJ,7,5
6947,assuredly,ADV,7,2
6948,prophetic,ADJ,7,3
6949,conceit,NOUN,7,5
6950,commonplace,NOUN,7,6
6951,interpretation,NOUN,7,4
6952,falsehood,NOUN,7,4
6953,falsely,ADV,7,5
6954,facetious,ADJ,7,5
6955,incur,VERB,7,5
6956,commence,NOUN,7,4
6957,analogy,NOUN,7,4
6958,involuntary,ADJ,7,4
6959,immortality,NOUN,7,4
6960,effect,VERB,7,5
6961,joke,VERB,7,3
6962,benefit,VERB,7,6
6963,individually,ADV,7,5
6964,deter,VERB,7,3
6965,assertion,NOUN,7,6
6966,entreaty,NOUN,7,4
6967,sweeper,NOUN,7,1
6968,memsahib,NOUN,7,1
6969,pagri,NOUN,7,1
6970,snipe,NOUN,7,2
6971,opium,NOUN,7,3
6972,adjust,VERB,7,3
6973,waddle,VERB,7,3
6974,missionary,NOUN,7,3
6975,lout,NOUN,7,4
6976,debauchery,NOUN,7,4
6977,knot,VERB,7,4
6978,clank,NOUN,7,3
6979,sluttish,ADJ,7,3
6980,evaporate,VERB,7,5
6981,posture,NOUN,7,4
6982,rotate,VERB,7,2
6983,infantry,NOUN,7,4
6984,superior,NOUN,7,5
6985,male,NOUN,7,4
6986,yellow,NOUN,7,5
6987,cave,VERB,7,4
6988,plague,NOUN,7,5
6989,passive,ADJ,7,5
6990,magical,ADJ,7,5
6991,dribble,VERB,7,5
6992,grease,VERB,7,4
6993,prevalent,ADJ,7,5
6994,eyeball,NOUN,7,5
6995,climax,NOUN,7,3
6996,robe,NOUN,7,4
6997,jostle,VERB,7,5
6998,intricate,ADJ,7,4
6999,agonizing,ADJ,7,3
7000,trail,NOUN,7,3
7001,arab,ADJ,7,2
7002,riding,NOUN,7,4
7003,parasite,NOUN,7,3
7004,enumerate,VERB,7,6
7005,friction,NOUN,7,4
7006,villain,NOUN,7,3
7007,blond,ADJ,7,5
7008,scum,NOUN,7,4
7009,criticize,VERB,7,6
7010,concede,VERB,7,7
7011,gorge,VERB,7,4
7012,butt,NOUN,7,3
7013,handed,ADJ,7,5
7014,stare,NOUN,7,4
7015,listening,NOUN,7,5
7016,aloft,ADV,7,4
7017,garish,ADJ,7,4
7018,creed,NOUN,7,4
7019,sweeping,ADJ,7,7
7020,mushroom,NOUN,7,5
7021,chinless,ADJ,7,3
7022,wring,VERB,7,6
7023,grovel,VERB,7,5
7024,sprout,VERB,7,5
7025,darkish,ADJ,7,3
7026,underfoot,NOUN,7,4
7027,marching,NOUN,7,4
7028,freight,NOUN,7,3
7029,remoteness,NOUN,7,4
7030,peg,VERB,7,4
7031,lustrous,ADJ,7,3
7032,shadowy,ADJ,7,6
7033,shorten,VERB,7,6
7034,folly,ADJ,7,4
7035,daunt,VERB,7,4
7036,murderous,ADJ,7,5
7037,heartless,ADJ,7,3
7038,swab,VERB,7,4
7039,truthful,ADJ,7,4
7040,tangle,VERB,7,5
7041,gracefully,ADV,7,7
7042,intensely,ADV,7,5
7043,alibi,NOUN,7,3
7044,freshly,ADV,7,4
7045,rustle,NOUN,7,6
7046,evade,VERB,7,5
7047,uninterested,ADJ,7,5
7048,waxwork,NOUN,7,5
7049,bullfinch,NOUN,7,2
7050,wasp,NOUN,7,2
7051,roach,NOUN,7,3
7052,grub,NOUN,7,3
7053,squirt,VERB,7,3
7054,bluebottle,NOUN,7,4
7055,stockbroker,NOUN,7,2
7056,reed,NOUN,7,3
7057,till,NOUN,7,2
7058,fumble,VERB,7,4
7059,blasted,ADJ,7,3
7060,kiosk,NOUN,7,3
7061,password,NOUN,7,4
7062,gulp,VERB,7,5
7063,rainbow,NOUN,7,2
7064,whack,NOUN,7,2
7065,sawdust,NOUN,7,4
7066,courtyard,NOUN,7,4
7067,essential,NOUN,7,5
7068,cosy,ADJ,7,3
7069,hush,ADJ,7,4
7070,cultivation,NOUN,7,4
7071,plus,CCONJ,7,4
7072,survivor,NOUN,7,4
7073,genteel,ADJ,7,3
7074,suddenness,NOUN,7,6
7075,cookery,NOUN,7,4
7076,draughty,ADJ,7,4
7077,seal,NOUN,7,5
7078,improbable,ADJ,7,6
7079,alongside,ADV,7,3
7080,stevedore,NOUN,7,1
7081,monsieur,X,7,2
7082,lame,ADJ,7,3
7083,similarly,ADV,7,3
7084,railing,NOUN,7,3
7085,attic,NOUN,7,3
7086,bathing,NOUN,7,5
7087,haunt,NOUN,7,4
7088,scour,VERB,7,4
7089,murky,ADJ,7,5
7090,clung,ADJ,7,4
7091,lay,NOUN,7,4
7092,flake,NOUN,7,4
7093,cornice,NOUN,7,4
7094,slither,VERB,7,3
7095,souvenir,NOUN,7,3
7096,perpetuate,VERB,7,3
7097,madman,NOUN,7,4
7098,sprinkle,VERB,7,5
7099,steer,VERB,7,4
7100,despicable,ADJ,7,5
7101,unarmed,ADJ,7,4
7102,existent,ADJ,7,3
7103,deception,NOUN,7,3
7104,g,NOUN,7,4
7105,realm,NOUN,7,5
7106,ascent,NOUN,7,4
7107,idiom,NOUN,7,2
7108,breeding,NOUN,7,5
7109,abundant,ADJ,7,4
7110,nay,INTJ,7,3
7111,constitute,VERB,7,6
7112,mockery,NOUN,7,2
7113,loveliness,NOUN,7,4
7114,nigh,NOUN,7,4
7115,wondrous,ADJ,7,1
7116,begone,NOUN,7,1
7117,ramble,NOUN,7,2
7118,narration,NOUN,7,2
7119,placid,ADJ,7,2
7120,fortitude,NOUN,7,3
7121,belove,VERB,7,3
7122,decline,NOUN,7,4
7123,cheerfulness,NOUN,7,3
7124,gratification,NOUN,7,4
7125,us,NOUN,7,3
7126,exultation,NOUN,7,3
7127,insanity,NOUN,7,3
7128,sparkle,VERB,7,3
7129,tumultuous,ADJ,7,3
7130,hardy,ADJ,7,4
7131,reproach,NOUN,7,4
7132,beneath,ADV,7,3
7133,supple,ADJ,7,4
7134,setting,NOUN,7,5
7135,forced,ADJ,7,3
7136,expanse,NOUN,7,5
7137,cape,NOUN,7,3
7138,effectual,ADJ,7,3
7139,philosophical,ADJ,7,4
7140,insurrection,NOUN,7,4
7141,comprise,VERB,7,3
7142,judgement,NOUN,7,4
7143,astounding,ADJ,7,4
7144,spectator,NOUN,7,3
7145,serenity,NOUN,7,2
7146,slumber,NOUN,7,3
7147,mortification,NOUN,7,3
7148,ridge,NOUN,7,3
7149,dissuade,VERB,7,3
7150,coincidence,NOUN,7,4
7151,chasm,NOUN,7,4
7152,spaniard,NOUN,7,1
7153,delegation,NOUN,7,1
7154,recruit,NOUN,7,2
7155,delegate,NOUN,7,2
7156,excrement,NOUN,7,3
7157,fortress,NOUN,7,3
7158,morale,NOUN,7,2
7159,repudiate,VERB,7,3
7160,proletarian,NOUN,7,3
7161,hoarding,NOUN,7,3
7162,prominent,ADJ,7,4
7163,deepen,VERB,7,3
7164,delicately,ADV,7,4
7165,soggy,ADJ,7,4
7166,forecast,NOUN,7,2
7167,snap,NOUN,7,5
7168,agreeably,ADV,7,2
7169,widen,VERB,7,6
7170,calendar,NOUN,7,3
7171,teashop,NOUN,7,1
7172,jorrigoo,NOUN,7,1
7173,toori,X,7,1
7174,flutter,NOUN,7,3
7175,drip,NOUN,7,3
7176,auction,NOUN,7,3
7177,oblong,ADJ,7,3
7178,blush,NOUN,7,3
7179,contemporary,ADJ,7,5
7180,intent,ADJ,7,4
7181,vital,NOUN,7,3
7182,movie,NOUN,7,2
7183,canvas,NOUN,7,3
7184,obstruction,NOUN,7,4
7185,encumbrance,NOUN,7,2
7186,husky,ADJ,7,2
7187,nobler,NOUN,7,2
7188,resettle,VERB,7,1
7189,atomic,ADJ,7,1
7190,microphone,NOUN,7,1
7191,hierarchical,ADJ,7,1
7192,bulletin,NOUN,7,2
7193,distinguishable,ADJ,7,3
7194,verbal,ADJ,7,3
7195,vestibule,NOUN,7,4
7196,currency,NOUN,7,2
7197,moan,VERB,7,1
7198,ferry,NOUN,7,2
7199,tallow,NOUN,7,3
7200,withal,NOUN,7,3
7201,attorney,NOUN,7,3
7202,fragrance,NOUN,7,2
7203,melodious,ADJ,7,3
7204,felicity,NOUN,7,2
7205,spider,NOUN,7,2
7206,butterfly,NOUN,7,2
7207,potter,NOUN,7,3
7208,forenoon,NOUN,7,2
7209,twine,NOUN,7,2
7210,journeyman,NOUN,7,1
7211,chuse,VERB,7,1
7212,lbs,NOUN,7,1
7213,temperance,NOUN,7,2
7214,mast,NOUN,7,2
7215,pecuniary,ADJ,7,2
7216,husbandry,NOUN,7,2
7217,naturalist,NOUN,7,2
7218,automobile,NOUN,7,1
7219,wigwam,NOUN,7,1
7220,endeavor,NOUN,7,1
7221,expediency,NOUN,7,1
7222,parlor,NOUN,7,1
7223,lobe,NOUN,7,1
7224,deceitfulness,NOUN,6,1
7225,matriculate,VERB,6,1
7226,toboggan,VERB,6,1
7227,mining,NOUN,6,2
7228,bag,VERB,6,4
7229,palpitation,NOUN,6,4
7230,flirt,VERB,6,3
7231,necklace,NOUN,6,4
7232,mayor,NOUN,6,2
7233,forgot,VERB,6,5
7234,gooseberry,NOUN,6,4
7235,sneak,NOUN,6,4
7236,elementary,ADJ,6,5
7237,condescend,VERB,6,5
7238,commissionaire,NOUN,6,2
7239,major,NOUN,6,5
7240,puppy,NOUN,6,4
7241,ill,NOUN,6,4
7242,straightforward,ADJ,6,5
7243,astonished,ADJ,6,4
7244,civilian,NOUN,6,4
7245,fascinating,ADJ,6,5
7246,admirably,ADV,6,4
7247,north,ADJ,6,4
7248,preface,NOUN,6,3
7249,stratum,NOUN,6,3
7250,disposal,NOUN,6,4
7251,bust,NOUN,6,5
7252,raspberry,NOUN,6,4
7253,ingratitude,NOUN,6,4
7254,flower,VERB,6,4
7255,chit,NOUN,6,3
7256,footpath,NOUN,6,4
7257,suited,ADJ,6,5
7258,volunteer,VERB,6,4
7259,tissue,NOUN,6,5
7260,lilac,NOUN,6,4
7261,touching,ADJ,6,5
7262,spiteful,ADJ,6,3
7263,storey,NOUN,6,5
7264,conqueror,NOUN,6,3
7265,smite,VERB,6,4
7266,bedclothe,NOUN,6,4
7267,enclose,VERB,6,5
7268,enclosure,NOUN,6,4
7269,token,NOUN,6,5
7270,racquet,NOUN,6,2
7271,pet,NOUN,6,5
7272,pledge,NOUN,6,5
7273,supervision,NOUN,6,4
7274,lucid,ADJ,6,6
7275,deer,NOUN,6,4
7276,maternity,NOUN,6,2
7277,bonnet,NOUN,6,6
7278,awkwardness,NOUN,6,6
7279,entertaining,ADJ,6,2
7280,poorly,ADV,6,4
7281,foreboding,NOUN,6,5
7282,quay,NOUN,6,4
7283,prompt,ADJ,6,6
7284,dispense,VERB,6,5
7285,undress,VERB,6,5
7286,outfit,NOUN,6,4
7287,reconciliation,NOUN,6,6
7288,coming,NOUN,6,5
7289,growl,VERB,6,4
7290,glue,VERB,6,3
7291,blindly,ADV,6,4
7292,review,NOUN,6,4
7293,nip,NOUN,6,5
7294,en,ADP,6,4
7295,rearrange,VERB,6,4
7296,obstinate,NOUN,6,6
7297,wilful,ADJ,6,4
7298,reverse,NOUN,6,5
7299,emerald,NOUN,6,3
7300,clown,NOUN,6,3
7301,impertinence,NOUN,6,6
7302,impertinent,NOUN,6,4
7303,ecstatic,ADJ,6,4
7304,vestment,NOUN,6,1
7305,cripe,NOUN,6,1
7306,costerwoman,NOUN,6,1
7307,dan,NOUN,6,1
7308,cing,NOUN,6,1
7309,surplice,NOUN,6,2
7310,bicycle,VERB,6,2
7311,fried,ADJ,6,2
7312,clerical,ADJ,6,3
7313,uncharitable,ADJ,6,3
7314,reek,VERB,6,3
7315,shear,NOUN,6,3
7316,reflectively,ADV,6,2
7317,drum,VERB,6,3
7318,dong,NOUN,6,3
7319,copperplate,NOUN,6,3
7320,chart,NOUN,6,3
7321,slide,NOUN,6,2
7322,punctual,ADJ,6,4
7323,beet,NOUN,6,3
7324,brigade,NOUN,6,3
7325,coverlet,NOUN,6,4
7326,unaware,ADJ,6,3
7327,festoon,NOUN,6,3
7328,baptize,VERB,6,4
7329,calmness,NOUN,6,3
7330,widower,NOUN,6,4
7331,unhappily,ADV,6,3
7332,seduce,VERB,6,4
7333,overwhelmingly,ADV,6,4
7334,sleeplessness,NOUN,6,3
7335,stride,NOUN,6,3
7336,interlude,NOUN,6,4
7337,toff,NOUN,6,3
7338,skinny,ADJ,6,3
7339,cop,VERB,6,3
7340,upbringing,NOUN,6,4
7341,gaunt,NOUN,6,4
7342,piping,NOUN,6,5
7343,eighth,ADJ,6,4
7344,gum,NOUN,6,4
7345,sketch,VERB,6,5
7346,accountant,NOUN,6,4
7347,euphemism,NOUN,6,4
7348,gentry,NOUN,6,5
7349,urgently,ADV,6,5
7350,broker,NOUN,6,4
7351,nail,VERB,6,5
7352,cluster,VERB,6,4
7353,ironmonger,NOUN,6,3
7354,assault,NOUN,6,4
7355,believer,NOUN,6,5
7356,mending,NOUN,6,4
7357,talkative,ADJ,6,3
7358,passably,ADV,6,4
7359,drape,VERB,6,5
7360,disgustedly,ADV,6,4
7361,confidently,ADV,6,5
7362,reinforce,VERB,6,3
7363,jeweller,NOUN,6,5
7364,briskly,ADV,6,4
7365,indefinite,ADJ,6,4
7366,boy,INTJ,6,4
7367,relish,NOUN,6,5
7368,acid,NOUN,6,4
7369,wet,VERB,6,4
7370,eel,NOUN,6,4
7371,pore,VERB,6,4
7372,irrelevant,ADJ,6,5
7373,crumple,VERB,6,4
7374,tar,NOUN,6,4
7375,nauseous,ADJ,6,4
7376,hallway,NOUN,6,4
7377,de,VERB,6,5
7378,shut,NOUN,6,4
7379,gravestone,NOUN,6,4
7380,canary,NOUN,6,2
7381,chattering,NOUN,6,4
7382,roundabout,NOUN,6,3
7383,rescue,VERB,6,4
7384,ruthlessly,ADV,6,4
7385,wardrobe,NOUN,6,4
7386,beseech,VERB,6,5
7387,obediently,ADV,6,5
7388,beastliness,NOUN,6,4
7389,boarder,NOUN,6,4
7390,quieter,NOUN,6,4
7391,indistinctly,ADV,6,5
7392,muffled,ADJ,6,4
7393,poise,VERB,6,4
7394,welcome,NOUN,6,6
7395,caterpillar,NOUN,6,4
7396,unimaginable,ADJ,6,4
7397,splendour,NOUN,6,5
7398,draper,NOUN,6,2
7399,marked,ADJ,6,5
7400,decidedly,ADV,6,6
7401,grandson,NOUN,6,4
7402,untouched,ADJ,6,4
7403,disconcert,VERB,6,6
7404,labour,VERB,6,4
7405,irritation,NOUN,6,5
7406,carpenter,NOUN,6,5
7407,hoot,VERB,6,5
7408,favour,VERB,6,4
7409,sidelong,NOUN,6,5
7410,pose,VERB,6,5
7411,semi,NOUN,6,4
7412,grade,NOUN,6,6
7413,cramp,VERB,6,5
7414,disbelief,NOUN,6,5
7415,patient,ADJ,6,5
7416,earthly,ADJ,6,4
7417,extravagantly,ADV,6,4
7418,steady,VERB,6,4
7419,ox,NOUN,6,4
7420,exhibition,NOUN,6,6
7421,muslin,ADJ,6,5
7422,circulation,NOUN,6,4
7423,nightly,ADV,6,4
7424,rear,VERB,6,5
7425,wistfully,ADV,6,3
7426,fondle,VERB,6,4
7427,troublesome,ADJ,6,4
7428,closed,ADJ,6,5
7429,hooting,NOUN,6,3
7430,strangeness,NOUN,6,4
7431,cheek,VERB,6,4
7432,nimble,ADJ,6,6
7433,open,ADV,6,4
7434,preoccupation,NOUN,6,4
7435,boast,NOUN,6,5
7436,scandalize,VERB,6,6
7437,spinney,NOUN,6,3
7438,stack,NOUN,6,6
7439,dizzy,ADJ,6,5
7440,sleeping,NOUN,6,5
7441,forge,VERB,6,4
7442,halfway,ADV,6,4
7443,plunder,VERB,6,6
7444,hide,NOUN,6,4
7445,pocket,VERB,6,5
7446,frying,NOUN,6,6
7447,quarter,VERB,6,4
7448,rotting,NOUN,6,4
7449,corrugated,ADJ,6,5
7450,supposedly,ADV,6,5
7451,ply,VERB,6,4
7452,blurred,ADJ,6,4
7453,multitudinous,ADJ,6,4
7454,banana,NOUN,6,2
7455,subterranean,ADJ,6,6
7456,dolle,VERB,6,3
7457,periodical,NOUN,6,4
7458,despairingly,ADV,6,5
7459,kennel,NOUN,6,6
7460,bundle,VERB,6,5
7461,massive,ADJ,6,6
7462,clod,NOUN,6,5
7463,knacker,NOUN,6,3
7464,fair,NOUN,6,5
7465,encouraging,ADJ,6,6
7466,pop,NOUN,6,5
7467,armpit,NOUN,6,4
7468,stead,NOUN,6,5
7469,shapeless,ADJ,6,5
7470,spittle,NOUN,6,3
7471,consecrate,VERB,6,3
7472,degenerate,VERB,6,4
7473,bulk,NOUN,6,4
7474,fashion,VERB,6,4
7475,steak,NOUN,6,3
7476,helpful,ADJ,6,4
7477,bristle,VERB,6,4
7478,prawn,NOUN,6,3
7479,dammit,VERB,6,2
7480,deference,NOUN,6,4
7481,sandalwood,NOUN,6,2
7482,siren,NOUN,6,5
7483,calculation,NOUN,6,5
7484,meanly,ADV,6,5
7485,detach,VERB,6,4
7486,detached,ADJ,6,3
7487,compunction,NOUN,6,5
7488,contemptuously,ADV,6,5
7489,adjoin,VERB,6,5
7490,mouthful,NOUN,6,4
7491,tentatively,ADV,6,4
7492,whereabouts,NOUN,6,6
7493,regime,NOUN,6,4
7494,shill,VERB,6,4
7495,canvass,VERB,6,4
7496,miser,NOUN,6,3
7497,guineas,NOUN,6,3
7498,sided,ADJ,6,4
7499,wallpaper,NOUN,6,4
7500,applaud,VERB,6,4
7501,amazing,ADJ,6,5
7502,dispatch,VERB,6,4
7503,brighten,VERB,6,4
7504,vocation,NOUN,6,4
7505,perturb,VERB,6,6
7506,scalp,NOUN,6,3
7507,voice,VERB,6,6
7508,doubtless,VERB,6,5
7509,competitor,NOUN,6,5
7510,test,VERB,6,5
7511,ostensibly,ADV,6,4
7512,drunkenness,ADJ,6,4
7513,unforgivable,ADJ,6,4
7514,languid,ADJ,6,5
7515,scrutiny,NOUN,6,5
7516,jade,VERB,6,4
7517,economize,VERB,6,5
7518,mature,ADJ,6,5
7519,colleague,NOUN,6,4
7520,rustic,ADJ,6,5
7521,dirty,NOUN,6,4
7522,clutch,NOUN,6,5
7523,downright,ADV,6,5
7524,livelihood,NOUN,6,4
7525,amicably,ADV,6,3
7526,rack,VERB,6,6
7527,reel,NOUN,6,3
7528,averse,ADJ,6,4
7529,ant,ADJ,6,5
7530,refill,VERB,6,6
7531,unutterably,ADV,6,5
7532,whisk,VERB,6,1
7533,snuff,VERB,6,1
7534,boulder,NOUN,6,2
7535,mane,NOUN,6,3
7536,bleating,NOUN,6,3
7537,talker,NOUN,6,4
7538,licence,NOUN,6,5
7539,tame,NOUN,6,4
7540,overthrow,NOUN,6,3
7541,clime,NOUN,6,3
7542,launch,VERB,6,3
7543,peck,VERB,6,4
7544,prance,VERB,6,4
7545,advocate,VERB,6,4
7546,mat,VERB,6,4
7547,rally,VERB,6,4
7548,frisk,VERB,6,3
7549,impending,ADJ,6,4
7550,treacherous,ADJ,6,3
7551,brace,VERB,6,4
7552,quack,VERB,6,2
7553,quarrelling,NOUN,6,3
7554,indefatigable,ADJ,6,4
7555,loft,NOUN,6,3
7556,exploit,NOUN,6,6
7557,foolishly,ADV,6,4
7558,preside,VERB,6,5
7559,semicircle,NOUN,6,3
7560,undesirable,ADJ,6,3
7561,finished,ADJ,6,4
7562,triumph,VERB,6,4
7563,frosty,ADJ,6,5
7564,sitting,NOUN,6,5
7565,impressively,ADV,6,6
7566,lumber,VERB,6,4
7567,disobedience,NOUN,6,4
7568,stiffly,NOUN,6,5
7569,doodle,NOUN,6,3
7570,surmount,VERB,6,3
7571,cowardice,NOUN,6,3
7572,detour,NOUN,6,4
7573,caption,NOUN,6,2
7574,fainter,NOUN,6,5
7575,elevator,NOUN,6,2
7576,diligently,ADV,6,4
7577,dispel,VERB,6,3
7578,subsist,VERB,6,3
7579,purple,NOUN,6,5
7580,doer,NOUN,6,1
7581,sophistry,NOUN,6,1
7582,rhetoric,NOUN,6,4
7583,refute,VERB,6,3
7584,contrast,VERB,6,5
7585,compound,VERB,6,5
7586,steed,NOUN,6,2
7587,hinder,VERB,6,3
7588,fanciful,ADJ,6,5
7589,calling,NOUN,6,3
7590,spurious,ADJ,6,4
7591,balanced,ADJ,6,5
7592,desertion,NOUN,6,5
7593,abstain,VERB,6,5
7594,aggravate,VERB,6,4
7595,associate,NOUN,6,5
7596,perfect,VERB,6,5
7597,inquisition,NOUN,6,4
7598,reckless,ADJ,6,5
7599,implicate,VERB,6,4
7600,kindre,VERB,6,4
7601,discourse,VERB,6,5
7602,deficiency,NOUN,6,5
7603,unconsciousness,NOUN,6,3
7604,pilgrimage,NOUN,6,3
7605,salaam,VERB,6,1
7606,bridle,NOUN,6,1
7607,bruise,NOUN,6,2
7608,ass,VERB,6,2
7609,imperial,ADJ,6,2
7610,curved,ADJ,6,3
7611,kneeling,NOUN,6,3
7612,nigger,ADJ,6,3
7613,degenerate,ADJ,6,3
7614,undergrowth,NOUN,6,3
7615,pineapple,NOUN,6,2
7616,prescription,NOUN,6,3
7617,divisional,ADJ,6,4
7618,curry,NOUN,6,2
7619,wall,VERB,6,4
7620,englishman,NOUN,6,4
7621,shriek,NOUN,6,4
7622,obliquely,ADV,6,4
7623,banal,ADJ,6,3
7624,creek,NOUN,6,3
7625,co,VERB,6,3
7626,triangular,NOUN,6,4
7627,throb,VERB,6,4
7628,wantonly,ADV,6,4
7629,skin,VERB,6,5
7630,superintend,VERB,6,3
7631,muslin,NOUN,6,3
7632,loosely,ADV,6,4
7633,hitch,VERB,6,4
7634,whitish,ADJ,6,4
7635,cringe,VERB,6,4
7636,covering,NOUN,6,4
7637,whack,VERB,6,3
7638,comment,VERB,6,5
7639,wail,NOUN,6,4
7640,confidential,ADJ,6,5
7641,quell,VERB,6,5
7642,whimper,VERB,6,5
7643,feel,NOUN,6,5
7644,loin,NOUN,6,5
7645,beckon,VERB,6,5
7646,chestnut,ADJ,6,3
7647,poodle,NOUN,6,3
7648,squadron,NOUN,6,4
7649,e,X,6,6
7650,inaccessible,ADJ,6,3
7651,blackmail,NOUN,6,3
7652,robbery,NOUN,6,3
7653,meditatively,ADV,6,5
7654,deposit,NOUN,6,4
7655,eyelash,NOUN,6,6
7656,biography,NOUN,6,5
7657,incorporate,VERB,6,3
7658,recurrent,ADJ,6,5
7659,parody,NOUN,6,6
7660,sneer,VERB,6,4
7661,competition,NOUN,6,5
7662,progress,VERB,6,6
7663,abbreviation,NOUN,6,4
7664,olive,NOUN,6,4
7665,clumsily,ADV,6,4
7666,terminate,VERB,6,4
7667,gambling,NOUN,6,3
7668,cursing,NOUN,6,5
7669,jeer,NOUN,6,4
7670,moodily,ADV,6,4
7671,camera,NOUN,6,4
7672,housekeeping,NOUN,6,3
7673,sweetness,NOUN,6,4
7674,butter,VERB,6,3
7675,unparalleled,ADJ,6,2
7676,listener,NOUN,6,4
7677,streak,VERB,6,4
7678,belonging,NOUN,6,4
7679,caste,NOUN,6,5
7680,reluctance,NOUN,6,4
7681,brittle,ADJ,6,6
7682,crimson,ADJ,6,5
7683,damnably,ADV,6,4
7684,deform,VERB,6,5
7685,clicking,NOUN,6,5
7686,howling,NOUN,6,5
7687,mentality,NOUN,6,4
7688,logical,ADJ,6,3
7689,credible,ADJ,6,5
7690,undermine,VERB,6,4
7691,massacre,NOUN,6,5
7692,inertia,NOUN,6,6
7693,sham,ADJ,6,5
7694,hang,NOUN,6,5
7695,course,VERB,6,3
7696,comparative,ADJ,6,5
7697,sever,VERB,6,3
7698,adoration,NOUN,6,5
7699,skirt,VERB,6,5
7700,jagged,ADJ,6,3
7701,joint,ADJ,6,4
7702,yawn,NOUN,6,4
7703,shield,NOUN,6,5
7704,nimbly,ADV,6,4
7705,fitness,NOUN,6,5
7706,romance,NOUN,6,5
7707,bugle,NOUN,6,3
7708,cruelly,ADV,6,5
7709,brace,NOUN,6,4
7710,conspire,VERB,6,6
7711,disastrous,ADJ,6,4
7712,caress,NOUN,6,3
7713,isolate,VERB,6,5
7714,mummy,NOUN,6,5
7715,shun,VERB,6,4
7716,triumphantly,ADV,6,5
7717,unheard,ADJ,6,5
7718,seedsman,NOUN,6,1
7719,backwater,NOUN,6,1
7720,sarazin,NOUN,6,1
7721,jolt,NOUN,6,2
7722,slick,ADJ,6,2
7723,middling,ADJ,6,3
7724,tumbler,NOUN,6,3
7725,burr,NOUN,6,2
7726,pewter,NOUN,6,4
7727,plug,NOUN,6,4
7728,sixpenny,NOUN,6,2
7729,egyptian,ADJ,6,3
7730,plunge,NOUN,6,5
7731,putty,NOUN,6,5
7732,axis,NOUN,6,3
7733,cabinet,NOUN,6,6
7734,draggle,VERB,6,3
7735,delivery,NOUN,6,4
7736,bushy,ADJ,6,4
7737,correspondent,NOUN,6,5
7738,wainscoting,NOUN,6,3
7739,etiquette,NOUN,6,4
7740,alight,NOUN,6,3
7741,gradual,ADJ,6,5
7742,clung,VERB,6,4
7743,discriminate,VERB,6,3
7744,fetter,NOUN,6,4
7745,wrinkle,NOUN,6,5
7746,strangle,VERB,6,4
7747,smashed,ADJ,6,4
7748,frosted,ADJ,6,5
7749,dreamy,ADJ,6,3
7750,hospitable,ADJ,6,5
7751,intellectually,ADV,6,4
7752,perseverance,NOUN,6,5
7753,peep,NOUN,6,4
7754,vault,NOUN,6,6
7755,rear,ADJ,6,5
7756,uninteresting,NOUN,6,5
7757,listless,ADJ,6,4
7758,revisit,VERB,6,4
7759,melt,NOUN,6,3
7760,haze,NOUN,6,4
7761,jump,NOUN,6,5
7762,du,X,6,1
7763,dishwasher,NOUN,6,1
7764,sou,NOUN,6,1
7765,bidon,NOUN,6,1
7766,jule,NOUN,6,1
7767,unshaven,ADJ,6,2
7768,singer,NOUN,6,2
7769,herd,VERB,6,2
7770,dice,NOUN,6,3
7771,salad,NOUN,6,3
7772,alley,ADJ,6,4
7773,vagabond,NOUN,6,4
7774,suspiciously,ADV,6,3
7775,synthetic,ADJ,6,3
7776,cobblestone,NOUN,6,3
7777,pantry,NOUN,6,3
7778,unlock,VERB,6,4
7779,incompetence,NOUN,6,4
7780,idleness,ADJ,6,4
7781,patch,VERB,6,3
7782,counterpane,NOUN,6,3
7783,varicose,ADJ,6,2
7784,vagrant,ADJ,6,2
7785,button,VERB,6,3
7786,inert,ADJ,6,5
7787,prey,VERB,6,3
7788,lastly,ADV,6,3
7789,sh,VERB,6,4
7790,encircle,VERB,6,4
7791,loot,VERB,6,3
7792,saloon,NOUN,6,5
7793,deaf,NOUN,6,4
7794,black,VERB,6,5
7795,smear,VERB,6,5
7796,nourish,VERB,6,5
7797,spout,NOUN,6,4
7798,dependent,ADJ,6,4
7799,hog,NOUN,6,5
7800,coveted,ADJ,6,5
7801,offlatland,NOUN,6,1
7802,ofyour,NOUN,6,1
7803,vertex,NOUN,6,1
7804,andthe,DET,6,1
7805,forthe,ADJ,6,1
7806,e,VERB,6,1
7807,atthe,DET,6,1
7808,deplore,VERB,6,3
7809,mathematical,ADJ,6,4
7810,deviation,NOUN,6,2
7811,impatience,NOUN,6,3
7812,spacious,ADJ,6,3
7813,compass,NOUN,6,3
7814,stationary,ADJ,6,5
7815,investigate,VERB,6,5
7816,truce,NOUN,6,5
7817,privileged,ADJ,6,5
7818,honorable,ADJ,6,4
7819,extract,NOUN,6,4
7820,accommodate,VERB,6,2
7821,trait,NOUN,6,5
7822,abolition,NOUN,6,4
7823,indulgence,NOUN,6,4
7824,submission,NOUN,6,4
7825,prescribe,VERB,6,4
7826,usage,NOUN,6,6
7827,incredulity,NOUN,6,5
7828,threshold,NOUN,6,5
7829,enhance,VERB,6,4
7830,keenly,ADV,6,4
7831,substantial,ADJ,6,4
7832,tremble,ADJ,6,1
7833,glacier,NOUN,6,1
7834,spurn,VERB,6,1
7835,attachment,NOUN,6,2
7836,apparition,NOUN,6,2
7837,vow,NOUN,6,2
7838,unacquainted,ADJ,6,2
7839,extinction,NOUN,6,3
7840,disdain,NOUN,6,4
7841,omnipotent,ADJ,6,2
7842,annihilation,NOUN,6,3
7843,revery,NOUN,6,4
7844,republic,NOUN,6,3
7845,inexpressible,ADJ,6,2
7846,singularly,ADV,6,3
7847,chemist,NOUN,6,4
7848,stony,ADJ,6,3
7849,guise,NOUN,6,4
7850,rift,NOUN,6,4
7851,bud,VERB,6,4
7852,airy,NOUN,6,2
7853,familiarity,NOUN,6,4
7854,advancement,NOUN,6,3
7855,raising,NOUN,6,4
7856,incantation,NOUN,6,2
7857,esteem,NOUN,6,3
7858,exalt,VERB,6,4
7859,magnitude,NOUN,6,5
7860,ease,VERB,6,4
7861,republican,ADJ,6,2
7862,core,NOUN,6,3
7863,facilitate,VERB,6,2
7864,securely,ADV,6,6
7865,conflict,VERB,6,3
7866,dwelt,VERB,6,3
7867,intimidate,VERB,6,4
7868,comparable,ADJ,6,4
7869,peseta,NOUN,6,1
7870,inter,ADJ,6,1
7871,party,ADJ,6,1
7872,sniper,NOUN,6,1
7873,unit,NOUN,6,2
7874,irreconcilable,ADJ,6,2
7875,disarm,VERB,6,2
7876,representative,NOUN,6,4
7877,armistice,NOUN,6,2
7878,breadcrust,NOUN,6,3
7879,influx,NOUN,6,3
7880,industrial,ADJ,6,2
7881,indirect,ADJ,6,3
7882,prostitution,NOUN,6,2
7883,cautious,ADJ,6,4
7884,purge,VERB,6,2
7885,bottomless,ADJ,6,3
7886,garrison,NOUN,6,2
7887,abound,VERB,6,5
7888,startled,ADJ,6,4
7889,woode,VERB,6,4
7890,combatant,NOUN,6,4
7891,compromise,VERB,6,3
7892,inward,ADJ,6,5
7893,flushed,ADJ,6,4
7894,slow,ADV,6,5
7895,snooty,ADJ,6,1
7896,advertising,NOUN,6,1
7897,doring,NOUN,6,1
7898,oori,X,6,1
7899,adultery,NOUN,6,2
7900,scholarly,ADJ,6,3
7901,sprout,NOUN,6,2
7902,stalagmite,NOUN,6,2
7903,edit,VERB,6,4
7904,jay,NOUN,6,2
7905,smoothly,ADV,6,3
7906,agriculture,NOUN,6,2
7907,absurdity,NOUN,6,4
7908,favor,VERB,6,4
7909,mote,NOUN,6,2
7910,varicose,NOUN,6,1
7911,gramme,NOUN,6,1
7912,sixty,NOUN,6,1
7913,falsification,NOUN,6,1
7914,rectify,VERB,6,1
7915,output,NOUN,6,1
7916,crimestop,NOUN,6,1
7917,session,NOUN,6,1
7918,hereditary,ADJ,6,2
7919,rigidly,ADV,6,2
7920,well,VERB,6,3
7921,despatch,NOUN,6,3
7922,emphasize,VERB,6,3
7923,standard,ADJ,6,4
7924,moisture,NOUN,6,3
7925,outlaw,NOUN,6,2
7926,wilder,NOUN,6,3
7927,trophy,NOUN,6,3
7928,behavior,NOUN,6,3
7929,goner,NOUN,6,1
7930,drownde,VERB,6,1
7931,bluff,NOUN,6,1
7932,inquest,NOUN,6,2
7933,petition,NOUN,6,3
7934,odor,NOUN,6,2
7935,profane,VERB,6,2
7936,elastic,ADJ,6,2
7937,offense,NOUN,6,2
7938,whippoorwill,NOUN,6,2
7939,diligent,ADJ,6,3
7940,plentifully,ADV,6,1
7941,jobb,NOUN,6,1
7942,grant,NOUN,6,1
7943,wheelbarrow,NOUN,6,2
7944,flavor,NOUN,6,2
7945,innocently,ADV,6,2
7946,prairie,NOUN,6,2
7947,occupant,NOUN,6,1
7948,molasse,NOUN,6,1
7949,maple,NOUN,6,1
7950,worthy,NOUN,6,1
7951,resound,VERB,6,1
7952,johnswort,NOUN,6,1
7953,sportsman,NOUN,6,1
7954,loud,ADV,5,1
7955,warth,NOUN,5,1
7956,anemic,ADJ,5,1
7957,raffle,NOUN,5,1
7958,castigation,NOUN,5,1
7959,fiance,NOUN,5,1
7960,lovely,ADV,5,2
7961,mannered,ADJ,5,2
7962,monogram,NOUN,5,2
7963,coronet,NOUN,5,2
7964,vase,NOUN,5,3
7965,dachshund,NOUN,5,2
7966,continuation,NOUN,5,3
7967,satchel,NOUN,5,2
7968,hem,VERB,5,3
7969,eruption,NOUN,5,3
7970,unsuitable,ADJ,5,3
7971,goodnight,NOUN,5,2
7972,scratch,NOUN,5,4
7973,notepaper,NOUN,5,3
7974,bridal,NOUN,5,4
7975,voce,NOUN,5,3
7976,nudge,NOUN,5,3
7977,safeguard,NOUN,5,3
7978,box,VERB,5,4
7979,locket,NOUN,5,3
7980,necktie,NOUN,5,3
7981,anniversary,NOUN,5,2
7982,puzzled,ADJ,5,4
7983,sinner,NOUN,5,4
7984,chime,VERB,5,4
7985,unlucky,ADJ,5,4
7986,wire,VERB,5,3
7987,stationmaster,NOUN,5,2
7988,renounce,VERB,5,3
7989,unintentionally,ADV,5,2
7990,scolding,NOUN,5,3
7991,confessor,NOUN,5,3
7992,influenza,NOUN,5,4
7993,savagely,ADV,5,4
7994,pelt,VERB,5,4
7995,hug,VERB,5,4
7996,brag,VERB,5,3
7997,dimple,NOUN,5,3
7998,unsatisfactory,ADJ,5,4
7999,pat,VERB,5,5
8000,unhealthy,ADJ,5,4
8001,firearm,NOUN,5,5
8002,vulgarity,NOUN,5,3
8003,opera,NOUN,5,5
8004,pup,NOUN,5,3
8005,inn,NOUN,5,5
8006,penholder,NOUN,5,3
8007,nuts,ADJ,5,4
8008,turkish,ADJ,5,4
8009,bolster,NOUN,5,3
8010,impertinent,ADJ,5,3
8011,fashionably,ADV,5,4
8012,rim,VERB,5,4
8013,daisy,NOUN,5,5
8014,ground,VERB,5,4
8015,room,VERB,5,5
8016,pastry,NOUN,5,5
8017,salary,NOUN,5,5
8018,fiction,NOUN,5,4
8019,retort,VERB,5,5
8020,arrogant,ADJ,5,4
8021,oats,NOUN,5,4
8022,relapse,VERB,5,5
8023,gypsy,ADJ,5,3
8024,moan,NOUN,5,4
8025,s,VERB,5,4
8026,thrashing,NOUN,5,3
8027,dainty,ADJ,5,3
8028,morsel,NOUN,5,4
8029,amused,ADJ,5,4
8030,decimal,NOUN,5,2
8031,amber,NOUN,5,2
8032,wear,NOUN,5,4
8033,trifle,ADV,5,3
8034,negro,NOUN,5,3
8035,granddaughter,NOUN,5,3
8036,overboard,ADV,5,4
8037,comedy,NOUN,5,4
8038,giddy,ADJ,5,2
8039,lurch,NOUN,5,4
8040,sudden,ADV,5,3
8041,politeness,NOUN,5,5
8042,royal,ADJ,5,3
8043,scarecrow,NOUN,5,4
8044,pigtail,NOUN,5,4
8045,hayfield,NOUN,5,2
8046,persecute,VERB,5,5
8047,merchandise,NOUN,5,4
8048,enlightened,ADJ,5,3
8049,tapeworm,NOUN,5,4
8050,unrestrained,ADJ,5,4
8051,salutation,NOUN,5,5
8052,scandalous,ADJ,5,3
8053,separation,NOUN,5,5
8054,grown,ADJ,5,5
8055,fascinate,VERB,5,5
8056,amend,NOUN,5,4
8057,curry,VERB,5,4
8058,unintentional,ADJ,5,3
8059,cuff,NOUN,5,4
8060,joyful,ADJ,5,5
8061,op,NOUN,5,1
8062,elope,VERB,5,1
8063,nark,VERB,5,1
8064,wilkin,NOUN,5,1
8065,sacrament,NOUN,5,2
8066,wafer,NOUN,5,2
8067,horrified,ADJ,5,2
8068,rehearsal,NOUN,5,2
8069,toby,NOUN,5,2
8070,parse,NOUN,5,2
8071,kip,VERB,5,2
8072,dearie,NOUN,5,2
8073,dearie,ADJ,5,2
8074,de,ADV,5,2
8075,clouded,ADJ,5,2
8076,pseudo,NOUN,5,3
8077,unbeliever,NOUN,5,3
8078,laundering,NOUN,5,3
8079,frond,NOUN,5,3
8080,precinct,NOUN,5,3
8081,frigid,ADJ,5,3
8082,haire,VERB,5,2
8083,skipper,NOUN,5,3
8084,dey,NOUN,5,2
8085,bloke,VERB,5,2
8086,tally,NOUN,5,3
8087,boozer,NOUN,5,3
8088,ead,NOUN,5,2
8089,multiplication,NOUN,5,3
8090,fangle,VERB,5,2
8091,clamour,NOUN,5,4
8092,snore,NOUN,5,2
8093,curtain,VERB,5,4
8094,senile,ADJ,5,3
8095,sexton,NOUN,5,3
8096,dairy,NOUN,5,2
8097,parliamentary,ADJ,5,3
8098,abstraction,NOUN,5,4
8099,grunt,NOUN,5,3
8100,persistently,ADV,5,3
8101,uselessness,NOUN,5,3
8102,herring,NOUN,5,3
8103,respectfully,ADV,5,4
8104,satin,NOUN,5,3
8105,pedal,NOUN,5,3
8106,gatepost,NOUN,5,3
8107,richness,NOUN,5,3
8108,tidy,ADJ,5,3
8109,clash,VERB,5,4
8110,restive,ADJ,5,4
8111,wig,NOUN,5,3
8112,visualize,VERB,5,3
8113,chafe,VERB,5,4
8114,tenor,NOUN,5,3
8115,boil,NOUN,5,4
8116,grudgingly,ADV,5,3
8117,absorbing,ADJ,5,3
8118,aversion,NOUN,5,4
8119,outstanding,ADJ,5,4
8120,hypnotic,ADJ,5,3
8121,stealing,NOUN,5,3
8122,tire,VERB,5,4
8123,halt,NOUN,5,2
8124,contort,VERB,5,2
8125,gruffly,NOUN,5,3
8126,vestige,NOUN,5,4
8127,cracker,NOUN,5,3
8128,friendless,NOUN,5,3
8129,discreet,ADJ,5,4
8130,gaslight,NOUN,5,2
8131,brim,VERB,5,3
8132,grisly,ADJ,5,4
8133,clot,VERB,5,3
8134,blot,NOUN,5,3
8135,sulk,VERB,5,4
8136,dismissal,NOUN,5,3
8137,mutinous,ADJ,5,4
8138,thou,VERB,5,3
8139,earnestness,NOUN,5,3
8140,toothbrush,NOUN,5,3
8141,dirty,VERB,5,5
8142,match,VERB,5,4
8143,overcast,ADJ,5,3
8144,cypress,NOUN,5,3
8145,stray,VERB,5,4
8146,pork,NOUN,5,4
8147,rivulet,NOUN,5,5
8148,proverbial,ADJ,5,4
8149,tingle,VERB,5,4
8150,matchless,NOUN,5,4
8151,planting,NOUN,5,3
8152,convulsive,ADJ,5,4
8153,unspeakably,ADV,5,5
8154,distaste,NOUN,5,5
8155,heir,NOUN,5,5
8156,elicit,VERB,5,4
8157,puff,NOUN,5,5
8158,evenly,ADV,5,4
8159,perceptibly,ADV,5,5
8160,cod,NOUN,5,3
8161,alarming,ADJ,5,5
8162,staggering,ADJ,5,5
8163,streamer,NOUN,5,4
8164,grade,VERB,5,5
8165,striped,ADJ,5,5
8166,ominous,ADJ,5,4
8167,severely,ADV,5,4
8168,naive,ADJ,5,4
8169,shepherd,VERB,5,4
8170,wend,VERB,5,3
8171,likeable,ADJ,5,4
8172,lank,ADJ,5,4
8173,stern,ADJ,5,3
8174,tinge,NOUN,5,3
8175,obscenity,NOUN,5,4
8176,sorry,INTJ,5,4
8177,hamlet,NOUN,5,4
8178,discouraging,ADJ,5,5
8179,wheedle,VERB,5,4
8180,honorary,ADJ,5,4
8181,basic,ADJ,5,5
8182,saturate,VERB,5,3
8183,quench,VERB,5,4
8184,equivalent,ADJ,5,4
8185,glorify,VERB,5,4
8186,humming,NOUN,5,4
8187,tangled,ADJ,5,4
8188,sly,ADV,5,3
8189,lunge,VERB,5,4
8190,drone,VERB,5,4
8191,forwards,ADV,5,3
8192,stitch,VERB,5,5
8193,fine,ADV,5,5
8194,scientist,NOUN,5,3
8195,rustic,NOUN,5,4
8196,bawl,VERB,5,4
8197,atom,NOUN,5,5
8198,congenial,ADJ,5,4
8199,mock,ADJ,5,5
8200,repent,VERB,5,5
8201,peaceably,ADV,5,5
8202,impersonal,ADJ,5,4
8203,hesitantly,ADV,5,4
8204,jubilant,ADJ,5,2
8205,string,VERB,5,5
8206,footsore,NOUN,5,2
8207,radiance,NOUN,5,3
8208,boldness,NOUN,5,5
8209,inferior,NOUN,5,4
8210,epitaph,NOUN,5,5
8211,debonair,NOUN,5,3
8212,lusty,ADJ,5,3
8213,successively,ADV,5,3
8214,damaged,ADJ,5,5
8215,bullying,NOUN,5,5
8216,blubber,VERB,5,3
8217,maze,NOUN,5,4
8218,rank,VERB,5,4
8219,shower,VERB,5,4
8220,ledger,NOUN,5,5
8221,unforgettable,ADJ,5,5
8222,yearly,ADJ,5,3
8223,badness,NOUN,5,5
8224,soil,VERB,5,4
8225,latrine,NOUN,5,4
8226,contented,ADJ,5,4
8227,theft,NOUN,5,3
8228,supine,ADJ,5,3
8229,impulse,ADJ,5,4
8230,fend,VERB,5,5
8231,northward,ADV,5,4
8232,cart,VERB,5,4
8233,erase,VERB,5,4
8234,rowdy,ADJ,5,4
8235,petal,NOUN,5,4
8236,shamble,VERB,5,5
8237,embarrassing,ADJ,5,4
8238,thrive,VERB,5,3
8239,foretaste,NOUN,5,5
8240,queer,VERB,5,4
8241,ree,NOUN,5,2
8242,muscular,ADJ,5,2
8243,chase,NOUN,5,4
8244,worm,VERB,5,5
8245,bony,NOUN,5,4
8246,gent,NOUN,5,3
8247,sow,NOUN,5,3
8248,marg,NOUN,5,2
8249,dancer,NOUN,5,3
8250,discard,VERB,5,5
8251,susceptible,ADJ,5,4
8252,trot,NOUN,5,4
8253,harp,NOUN,5,3
8254,uncontrollable,ADJ,5,4
8255,ave,NOUN,5,3
8256,unsteady,ADJ,5,5
8257,sleepily,ADV,5,4
8258,rinse,VERB,5,4
8259,monologue,NOUN,5,4
8260,slouch,VERB,5,4
8261,gentlemanly,ADV,5,4
8262,unreal,ADJ,5,5
8263,wrong,VERB,5,3
8264,disappearance,NOUN,5,3
8265,unprecedented,ADJ,5,5
8266,penniless,NOUN,5,4
8267,foresaw,VERB,5,4
8268,shutter,VERB,5,4
8269,blind,NOUN,5,3
8270,dusty,NOUN,5,4
8271,cash,VERB,5,4
8272,skivvy,NOUN,5,3
8273,yellow,VERB,5,4
8274,ghostly,ADV,5,4
8275,ref,NOUN,5,3
8276,subtract,VERB,5,3
8277,lumpish,ADJ,5,4
8278,gaily,ADV,5,5
8279,loop,VERB,5,5
8280,style,VERB,5,4
8281,scrub,NOUN,5,2
8282,book,VERB,5,5
8283,medieval,ADJ,5,5
8284,squeak,VERB,5,5
8285,commotion,NOUN,5,3
8286,approval,NOUN,5,5
8287,assurance,NOUN,5,4
8288,cynicism,NOUN,5,4
8289,realistic,ADJ,5,4
8290,impound,VERB,5,5
8291,nauseate,VERB,5,4
8292,vigour,NOUN,5,4
8293,dank,NOUN,5,5
8294,windless,ADJ,5,2
8295,extravagance,NOUN,5,3
8296,turkey,NOUN,5,5
8297,fungus,NOUN,5,3
8298,scorn,ADJ,5,4
8299,heedless,ADJ,5,5
8300,overgrow,VERB,5,4
8301,legged,ADJ,5,4
8302,phraseology,NOUN,5,4
8303,distasteful,ADJ,5,5
8304,broad,ADV,5,4
8305,wisp,NOUN,5,4
8306,musing,NOUN,5,2
8307,drill,VERB,5,4
8308,fidelity,NOUN,5,3
8309,downward,NOUN,5,4
8310,internecine,ADJ,5,3
8311,recount,VERB,5,5
8312,idealize,VERB,5,4
8313,deceiver,NOUN,5,2
8314,harness,ADJ,5,1
8315,raven,NOUN,5,2
8316,mash,NOUN,5,2
8317,celebration,NOUN,5,2
8318,porker,NOUN,5,3
8319,threshing,ADJ,5,3
8320,flagstaff,NOUN,5,3
8321,growl,NOUN,5,3
8322,gallon,NOUN,5,4
8323,troop,VERB,5,3
8324,oat,NOUN,5,4
8325,electrical,ADJ,5,3
8326,bravely,ADV,5,4
8327,marvel,VERB,5,4
8328,plot,VERB,5,4
8329,misunderstanding,NOUN,5,4
8330,attentively,ADV,5,3
8331,purer,NOUN,5,3
8332,underfeed,VERB,5,3
8333,unanimous,ADJ,5,4
8334,lowing,NOUN,5,3
8335,creamy,ADJ,5,3
8336,wastage,NOUN,5,4
8337,busy,VERB,5,3
8338,goat,NOUN,5,5
8339,flogging,NOUN,5,3
8340,disagree,VERB,5,5
8341,crank,NOUN,5,3
8342,articulate,ADJ,5,3
8343,interference,NOUN,5,4
8344,hardness,NOUN,5,4
8345,thoroughness,NOUN,5,5
8346,timidly,ADV,5,4
8347,diagram,NOUN,5,3
8348,investigation,NOUN,5,3
8349,award,VERB,5,4
8350,spine,NOUN,5,4
8351,sternly,ADV,5,5
8352,incite,VERB,5,5
8353,retribution,NOUN,5,5
8354,squeak,NOUN,5,4
8355,inexperience,NOUN,5,4
8356,originate,VERB,5,4
8357,pale,NOUN,5,4
8358,ferociously,ADV,5,4
8359,solemn,NOUN,5,4
8360,hearse,NOUN,5,4
8361,hungrily,ADV,5,4
8362,sapling,NOUN,5,3
8363,quiet,VERB,5,4
8364,subversive,ADJ,5,3
8365,minæ,NOUN,5,1
8366,acquittal,NOUN,5,2
8367,affirm,ADJ,5,2
8368,maintenance,NOUN,5,2
8369,calumny,NOUN,5,2
8370,obedient,ADJ,5,4
8371,brave,VERB,5,4
8372,irrational,ADJ,5,3
8373,ridicule,VERB,5,3
8374,pathos,NOUN,5,3
8375,historian,NOUN,5,3
8376,pastime,NOUN,5,3
8377,dead,NOUN,5,5
8378,sceptical,ADJ,5,4
8379,negative,NOUN,5,5
8380,pervert,VERB,5,5
8381,singular,NOUN,5,4
8382,friendliness,NOUN,5,4
8383,overshadow,VERB,5,4
8384,deteriorate,VERB,5,3
8385,particle,NOUN,5,4
8386,mischievous,ADJ,5,4
8387,bangle,NOUN,5,1
8388,gaungbaung,NOUN,5,1
8389,mohur,NOUN,5,1
8390,mosquito,ADJ,5,1
8391,dakbungalow,NOUN,5,1
8392,hass,NOUN,5,1
8393,iss,NOUN,5,1
8394,hass,VERB,5,1
8395,jasmine,NOUN,5,1
8396,subahdar,NOUN,5,1
8397,insolence,NOUN,5,2
8398,zinc,NOUN,5,2
8399,singlet,NOUN,5,2
8400,hyacinth,NOUN,5,2
8401,eave,NOUN,5,3
8402,cookhouse,NOUN,5,2
8403,crushed,ADJ,5,3
8404,glee,NOUN,5,2
8405,bareheade,VERB,5,3
8406,proof,ADJ,5,3
8407,convict,NOUN,5,3
8408,thatch,VERB,5,3
8409,hysterical,ADJ,5,3
8410,disappointing,ADJ,5,3
8411,lizard,NOUN,5,3
8412,anger,VERB,5,3
8413,dismount,VERB,5,3
8414,raincoat,NOUN,5,3
8415,idol,NOUN,5,4
8416,supporter,NOUN,5,3
8417,jointed,ADJ,5,3
8418,reassuring,ADJ,5,3
8419,florid,ADJ,5,3
8420,spew,VERB,5,2
8421,awe,VERB,5,4
8422,squad,NOUN,5,3
8423,cultured,ADJ,5,2
8424,cursed,ADJ,5,2
8425,bookshelf,NOUN,5,4
8426,outlandish,ADJ,5,3
8427,sweetmeat,NOUN,5,3
8428,jingle,NOUN,5,4
8429,extricate,VERB,5,4
8430,bison,NOUN,5,2
8431,crimson,NOUN,5,4
8432,graceless,ADJ,5,4
8433,launder,VERB,5,4
8434,incredibly,ADV,5,4
8435,respectability,NOUN,5,3
8436,waistcoat,NOUN,5,4
8437,elegance,NOUN,5,4
8438,certificate,NOUN,5,3
8439,heel,VERB,5,3
8440,serpent,NOUN,5,3
8441,unnerve,VERB,5,3
8442,muttering,NOUN,5,3
8443,lance,NOUN,5,4
8444,quiver,NOUN,5,4
8445,loot,NOUN,5,3
8446,belch,VERB,5,3
8447,ravenous,ADJ,5,4
8448,durable,ADJ,5,4
8449,buzz,VERB,5,2
8450,bloated,ADJ,5,4
8451,gazette,VERB,5,3
8452,sweaty,NOUN,5,4
8453,quotation,NOUN,5,4
8454,tin,VERB,5,3
8455,tape,NOUN,5,3
8456,veer,VERB,5,4
8457,administrator,NOUN,5,4
8458,man,VERB,5,4
8459,hamper,VERB,5,4
8460,delicacy,NOUN,5,5
8461,befriend,VERB,5,4
8462,clung,NOUN,5,4
8463,sunken,ADJ,5,3
8464,barren,ADJ,5,4
8465,descendant,NOUN,5,4
8466,couplet,NOUN,5,2
8467,swill,VERB,5,2
8468,silliness,NOUN,5,3
8469,skunk,NOUN,5,3
8470,wince,VERB,5,5
8471,unfurnished,ADJ,5,2
8472,stank,NOUN,5,4
8473,quivering,NOUN,5,4
8474,strut,VERB,5,3
8475,twisted,ADJ,5,4
8476,gleam,ADJ,5,5
8477,optimism,NOUN,5,4
8478,ferret,NOUN,5,3
8479,cheap,ADV,5,4
8480,warmly,ADV,5,4
8481,tenderly,ADV,5,3
8482,squint,VERB,5,5
8483,fluid,NOUN,5,5
8484,strident,ADJ,5,3
8485,powder,VERB,5,3
8486,dismayed,ADJ,5,3
8487,nephew,NOUN,5,3
8488,prime,ADJ,5,3
8489,stem,VERB,5,4
8490,african,ADJ,5,4
8491,orderly,ADJ,5,4
8492,premature,ADJ,5,4
8493,tolerant,ADJ,5,2
8494,eccentricity,NOUN,5,3
8495,sidle,VERB,5,5
8496,autobiography,NOUN,5,2
8497,fondness,NOUN,5,4
8498,judicious,ADJ,5,3
8499,menace,NOUN,5,4
8500,flourish,NOUN,5,4
8501,gharry,NOUN,5,2
8502,queerly,ADV,5,4
8503,sweetish,ADJ,5,4
8504,prise,VERB,5,4
8505,lapse,VERB,5,3
8506,crumble,VERB,5,5
8507,magnificence,NOUN,5,4
8508,pointless,ADJ,5,4
8509,outline,VERB,5,5
8510,guitar,NOUN,5,2
8511,enjoin,VERB,5,4
8512,portable,ADJ,5,5
8513,plausible,ADJ,5,4
8514,fibre,NOUN,5,3
8515,redemption,NOUN,5,3
8516,defiant,ADJ,5,4
8517,callous,ADJ,5,4
8518,rack,NOUN,5,4
8519,agony,ADJ,5,3
8520,tearful,ADJ,5,4
8521,sooty,ADJ,5,3
8522,sixteen,ADJ,5,2
8523,mindless,ADJ,5,4
8524,itinerant,ADJ,5,3
8525,vilely,ADV,5,4
8526,sentence,VERB,5,5
8527,peddle,VERB,5,3
8528,voting,NOUN,5,3
8529,quota,NOUN,5,4
8530,adhere,VERB,5,3
8531,mien,NOUN,5,4
8532,preoccupy,VERB,5,4
8533,pepper,NOUN,5,5
8534,murmurous,ADJ,5,4
8535,pebble,NOUN,5,4
8536,flounder,VERB,5,4
8537,wedge,VERB,5,5
8538,wrestle,VERB,5,4
8539,genially,ADV,5,4
8540,plateau,NOUN,5,3
8541,snort,NOUN,5,3
8542,wordless,NOUN,5,3
8543,indistinct,ADJ,5,3
8544,detailed,ADJ,5,5
8545,ineffectually,ADV,5,4
8546,precarious,ADJ,5,4
8547,prairie,ADJ,5,3
8548,oyster,NOUN,5,3
8549,chub,NOUN,5,1
8550,backyard,NOUN,5,2
8551,zoom,VERB,5,2
8552,mackintosh,NOUN,5,2
8553,wallop,VERB,5,3
8554,battlefield,NOUN,5,2
8555,grasshopper,NOUN,5,3
8556,annuity,NOUN,5,2
8557,plumber,NOUN,5,2
8558,fascism,NOUN,5,3
8559,paroxysm,NOUN,5,3
8560,thoughtful,ADJ,5,3
8561,undertaker,NOUN,5,2
8562,churn,VERB,5,3
8563,rumble,VERB,5,3
8564,fizzy,ADJ,5,2
8565,list,VERB,5,4
8566,crumb,NOUN,5,2
8567,slump,VERB,5,4
8568,assessment,NOUN,5,3
8569,mouthpiece,NOUN,5,3
8570,crutch,NOUN,5,3
8571,correctly,ADV,5,3
8572,stark,ADJ,5,4
8573,arc,NOUN,5,4
8574,parchment,NOUN,5,4
8575,lookout,NOUN,5,3
8576,cobbler,NOUN,5,3
8577,quick,ADV,5,5
8578,selling,NOUN,5,5
8579,rolling,NOUN,5,5
8580,scrounge,VERB,5,3
8581,opposite,ADV,5,3
8582,colossal,ADJ,5,2
8583,stole,VERB,5,4
8584,fathom,VERB,5,3
8585,epoch,NOUN,5,4
8586,grizzle,VERB,5,4
8587,revel,VERB,5,5
8588,snug,ADJ,5,4
8589,unquestionable,ADJ,5,5
8590,gravitate,VERB,5,4
8591,throw,NOUN,5,4
8592,trap,VERB,5,4
8593,tract,NOUN,5,4
8594,solidarity,NOUN,5,5
8595,striking,ADJ,5,5
8596,insensible,ADJ,5,4
8597,infest,VERB,5,5
8598,unsuccessful,ADJ,5,5
8599,soppy,ADJ,5,2
8600,inventory,NOUN,5,3
8601,forbidden,ADJ,5,5
8602,demolish,VERB,5,4
8603,dispatch,NOUN,5,3
8604,cube,NOUN,5,4
8605,shopman,NOUN,5,3
8606,possessor,NOUN,5,4
8607,pouch,NOUN,5,4
8608,florist,NOUN,5,2
8609,clang,NOUN,5,3
8610,maître,NOUN,5,1
8611,dishcloth,NOUN,5,2
8612,scullion,NOUN,5,2
8613,urn,NOUN,5,2
8614,clatter,VERB,5,3
8615,bootlace,NOUN,5,2
8616,representative,ADJ,5,4
8617,menu,NOUN,5,2
8618,aprone,VERB,5,3
8619,turmoil,NOUN,5,4
8620,barrow,NOUN,5,3
8621,drudge,NOUN,5,3
8622,communist,NOUN,5,2
8623,crew,NOUN,5,3
8624,derivation,NOUN,5,3
8625,missis,NOUN,5,2
8626,legislation,NOUN,5,3
8627,dimple,VERB,5,2
8628,publisher,NOUN,5,3
8629,bureau,NOUN,5,3
8630,thy,ADJ,5,4
8631,extort,VERB,5,4
8632,ceilinge,VERB,5,3
8633,coral,NOUN,5,3
8634,snatch,NOUN,5,3
8635,participate,VERB,5,3
8636,inherent,ADJ,5,4
8637,wholesale,ADJ,5,4
8638,slacken,VERB,5,4
8639,pottery,NOUN,5,3
8640,competent,ADJ,5,5
8641,inimical,ADJ,5,3
8642,greed,NOUN,5,2
8643,faded,ADJ,5,4
8644,abbreviate,VERB,5,3
8645,pallid,ADJ,5,4
8646,moody,ADJ,5,3
8647,alcove,NOUN,5,3
8648,intact,ADJ,5,5
8649,average,NOUN,5,5
8650,glimmer,NOUN,5,3
8651,twopenny,NOUN,5,3
8652,war,VERB,5,5
8653,habitable,ADJ,5,5
8654,sphere,ADJ,5,1
8655,polygonal,ADJ,5,1
8656,dimness,NOUN,5,1
8657,ing,ADJ,5,1
8658,ble,NOUN,5,2
8659,angle,VERB,5,2
8660,d,NOUN,5,2
8661,concur,VERB,5,2
8662,inanimate,ADJ,5,2
8663,imposture,NOUN,5,2
8664,attribute,NOUN,5,3
8665,progressive,ADJ,5,4
8666,feign,VERB,5,4
8667,irreparable,ADJ,5,2
8668,foremost,ADV,5,4
8669,vehemently,ADV,5,4
8670,proximity,NOUN,5,3
8671,consummate,VERB,5,2
8672,reiterate,VERB,5,3
8673,conjecture,NOUN,5,3
8674,merciful,ADJ,5,3
8675,thirst,VERB,5,2
8676,complacency,NOUN,5,4
8677,journey,VERB,5,3
8678,superfluity,NOUN,5,3
8679,advantageous,ADJ,5,3
8680,vivacity,NOUN,5,3
8681,portentous,ADJ,5,4
8682,od,NOUN,5,2
8683,dabble,VERB,5,4
8684,bride,NOUN,5,3
8685,encompass,VERB,5,2
8686,impassioned,ADJ,5,2
8687,speedy,ADJ,5,4
8688,physician,NOUN,5,4
8689,homage,NOUN,5,4
8690,emotional,ADJ,5,4
8691,precipitate,VERB,5,3
8692,mildness,NOUN,5,3
8693,inmate,NOUN,5,4
8694,esteemed,ADJ,5,4
8695,instigate,VERB,5,2
8696,puny,ADJ,5,3
8697,tinkling,NOUN,5,3
8698,creative,ADJ,5,4
8699,unfit,ADJ,5,4
8700,impossibility,NOUN,5,4
8701,dent,NOUN,5,2
8702,mortal,NOUN,5,3
8703,nightly,ADJ,5,5
8704,commencement,NOUN,5,1
8705,thirst,ADJ,5,1
8706,endue,VERB,5,1
8707,environ,NOUN,5,1
8708,guiltless,NOUN,5,1
8709,avalanche,NOUN,5,1
8710,deliverer,NOUN,5,1
8711,insurmountable,ADJ,5,1
8712,befit,VERB,5,2
8713,mock,VERB,5,2
8714,promontory,ADJ,5,2
8715,navigator,NOUN,5,2
8716,decrease,VERB,5,3
8717,disconsolate,ADJ,5,3
8718,invincible,ADJ,5,2
8719,joyous,ADJ,5,3
8720,radiant,ADJ,5,2
8721,deceit,NOUN,5,3
8722,gush,NOUN,5,2
8723,heath,NOUN,5,2
8724,senseless,ADJ,5,3
8725,southward,NOUN,5,3
8726,daydream,NOUN,5,2
8727,dejection,NOUN,5,3
8728,wanderer,NOUN,5,3
8729,dwell,NOUN,5,2
8730,harrowing,ADJ,5,4
8731,aerial,ADJ,5,3
8732,akin,ADJ,5,4
8733,preservation,NOUN,5,4
8734,fatigue,VERB,5,3
8735,derange,VERB,5,3
8736,hilarity,NOUN,5,3
8737,circumstantial,ADJ,5,4
8738,tranquil,NOUN,5,3
8739,accumulation,NOUN,5,3
8740,enchant,VERB,5,2
8741,stately,ADJ,5,3
8742,purport,NOUN,5,2
8743,kindle,VERB,5,3
8744,eradicate,VERB,5,3
8745,expiration,NOUN,5,2
8746,rocky,ADJ,5,3
8747,reverie,NOUN,5,3
8748,harbour,NOUN,5,2
8749,conductor,NOUN,5,4
8750,supposition,NOUN,5,2
8751,incoherent,ADJ,5,2
8752,release,NOUN,5,3
8753,boundless,ADJ,5,3
8754,slough,NOUN,5,2
8755,cordial,ADJ,5,3
8756,unwearied,ADJ,5,2
8757,monarchy,NOUN,5,4
8758,ay,NOUN,5,2
8759,ingenuity,NOUN,5,4
8760,ally,VERB,5,3
8761,constrain,VERB,5,5
8762,barricade,VERB,5,2
8763,sombre,ADJ,5,4
8764,purpose,VERB,5,3
8765,sport,VERB,5,2
8766,carpet,VERB,5,5
8767,appropriate,VERB,5,3
8768,lichen,NOUN,5,2
8769,perplexed,ADJ,5,2
8770,material,ADJ,5,4
8771,sunrise,NOUN,5,2
8772,populous,ADJ,5,4
8773,giant,ADJ,5,4
8774,compact,ADJ,5,3
8775,warrant,NOUN,5,4
8776,cleaning,NOUN,5,3
8777,despondent,ADJ,5,2
8778,wan,NOUN,5,2
8779,mislead,VERB,5,3
8780,flow,NOUN,5,4
8781,tempest,NOUN,5,3
8782,conflagration,NOUN,5,4
8783,collectivized,ADJ,5,1
8784,centuria,NOUN,5,1
8785,civilian,ADJ,5,1
8786,rambla,NOUN,5,1
8787,militiamen,NOUN,5,1
8788,quail,NOUN,5,1
8789,misleading,ADJ,5,2
8790,recruit,VERB,5,3
8791,sling,NOUN,5,2
8792,munition,NOUN,5,3
8793,stagnation,NOUN,5,3
8794,surrender,NOUN,5,3
8795,rival,ADJ,5,2
8796,sensational,ADJ,5,3
8797,specialize,VERB,5,3
8798,tension,NOUN,5,4
8799,ferocity,NOUN,5,3
8800,wool,NOUN,5,3
8801,nervously,ADV,5,4
8802,wick,NOUN,5,4
8803,scepticism,NOUN,5,3
8804,zealous,ADJ,5,3
8805,kaleidoscope,NOUN,5,3
8806,aristocracy,NOUN,5,3
8807,simplify,VERB,5,3
8808,rescue,NOUN,5,3
8809,outlive,VERB,5,3
8810,lump,VERB,5,5
8811,costly,ADJ,5,4
8812,gurgle,NOUN,5,2
8813,stealthy,ADJ,5,3
8814,saucer,NOUN,5,4
8815,starting,NOUN,5,4
8816,palisade,NOUN,5,2
8817,insignificant,ADJ,5,3
8818,assumption,NOUN,5,4
8819,tournament,NOUN,5,2
8820,millimetre,NOUN,5,3
8821,lunacy,NOUN,5,3
8822,kiddy,NOUN,5,1
8823,copywriter,NOUN,5,1
8824,bloodiness,NOUN,5,1
8825,frowzy,ADJ,5,1
8826,sare,VERB,5,1
8827,saith,ADP,5,2
8828,unkempt,ADJ,5,2
8829,devastating,ADJ,5,2
8830,titter,VERB,5,2
8831,homeward,ADV,5,2
8832,folio,NOUN,5,2
8833,mop,NOUN,5,3
8834,maiden,NOUN,5,4
8835,twinge,NOUN,5,2
8836,sober,VERB,5,4
8837,quarto,NOUN,5,3
8838,gaudy,ADJ,5,3
8839,stealthily,ADV,5,3
8840,intoxicate,VERB,5,3
8841,ideology,NOUN,5,2
8842,crisp,ADJ,5,4
8843,predecessor,NOUN,5,3
8844,sympathize,VERB,5,3
8845,yacht,NOUN,5,2
8846,scuttle,NOUN,5,4
8847,centimetre,NOUN,5,1
8848,unperson,NOUN,5,1
8849,chinless,NOUN,5,1
8850,interrogation,NOUN,5,1
8851,inflect,VERB,5,1
8852,archaic,ADJ,5,2
8853,ancestral,ADJ,5,2
8854,chopper,NOUN,5,2
8855,questioner,NOUN,5,2
8856,unendurable,ADJ,5,3
8857,thoughtfully,ADV,5,2
8858,toilet,NOUN,5,4
8859,specific,ADJ,5,4
8860,transformation,NOUN,5,3
8861,underlie,VERB,5,2
8862,vista,NOUN,5,3
8863,clarify,VERB,5,2
8864,paymaster,NOUN,5,2
8865,parade,VERB,5,3
8866,episode,NOUN,5,2
8867,treaty,NOUN,5,2
8868,tense,ADJ,5,3
8869,homely,ADV,5,3
8870,hookey,NOUN,5,1
8871,meow,VERB,5,1
8872,wisht,VERB,5,1
8873,whiskey,NOUN,5,1
8874,snuffle,VERB,5,1
8875,sycamore,NOUN,5,1
8876,tavern,ADJ,5,1
8877,depression,NOUN,5,2
8878,warily,ADV,5,2
8879,sheriff,NOUN,5,2
8880,chat,VERB,5,3
8881,rudely,ADV,5,4
8882,feeler,NOUN,5,2
8883,pantaloon,NOUN,5,2
8884,locust,NOUN,5,2
8885,decisively,ADV,5,2
8886,unfrequented,ADJ,5,2
8887,reproof,NOUN,5,3
8888,clamor,NOUN,5,3
8889,wisely,ADV,5,2
8890,sterling,NOUN,5,1
8891,scrivener,NOUN,5,1
8892,indenture,NOUN,5,1
8893,contest,NOUN,5,1
8894,amendment,NOUN,5,1
8895,surveyor,NOUN,5,1
8896,ax,NOUN,5,1
8897,satirical,ADJ,5,2
8898,stationery,NOUN,5,2
8899,purify,VERB,5,2
8900,husbandman,NOUN,5,2
8901,sled,NOUN,5,2
8902,methink,NOUN,5,2
8903,incredulously,ADV,5,1
8904,strained,ADJ,5,1
8905,owl,ADJ,5,1
8906,rounded,ADJ,5,2
8907,perspiration,NOUN,5,2
8908,midsummer,NOUN,5,2
8909,cleanse,VERB,5,1
8910,plastering,NOUN,5,1
8911,architectural,ADJ,5,1
8912,conform,VERB,5,1
8913,philanthropy,NOUN,5,1
8914,pygmy,NOUN,5,1
8915,freshet,NOUN,5,1
8916,creepy,ADJ,4,1
8917,sprain,VERB,4,1
8918,cram,NOUN,4,1
8919,gretl,VERB,4,1
8920,mezzanin,NOUN,4,1
8921,weiner,NOUN,4,1
8922,tutelage,NOUN,4,1
8923,segsual,ADJ,4,1
8924,memento,NOUN,4,1
8925,stepmother,NOUN,4,1
8926,album,NOUN,4,2
8927,viva,X,4,2
8928,earache,NOUN,4,2
8929,invalid,NOUN,4,2
8930,sanatorium,NOUN,4,2
8931,rave,VERB,4,2
8932,shawl,NOUN,4,2
8933,confectioner,NOUN,4,2
8934,heavenly,ADV,4,2
8935,nosegay,NOUN,4,2
8936,punctuation,NOUN,4,2
8937,accounting,NOUN,4,3
8938,swell,NOUN,4,3
8939,stopping,NOUN,4,3
8940,bother,NOUN,4,2
8941,extra,NOUN,4,3
8942,likeness,NOUN,4,2
8943,underline,VERB,4,2
8944,exquisitely,ADV,4,3
8945,countrifie,VERB,4,3
8946,japanese,ADJ,4,3
8947,almond,NOUN,4,3
8948,grudge,VERB,4,3
8949,fuss,VERB,4,3
8950,unwell,ADJ,4,3
8951,displeasure,NOUN,4,3
8952,rejoin,VERB,4,3
8953,impudent,ADJ,4,3
8954,dear,INTJ,4,3
8955,housemaid,NOUN,4,2
8956,rascal,NOUN,4,3
8957,sole,NOUN,4,3
8958,maturity,NOUN,4,3
8959,supreme,ADJ,4,3
8960,cone,NOUN,4,2
8961,padded,ADJ,4,3
8962,unwholesome,ADJ,4,4
8963,couple,VERB,4,2
8964,lighted,ADJ,4,3
8965,flare,VERB,4,4
8966,pull,NOUN,4,4
8967,spoonful,NOUN,4,3
8968,naughty,ADJ,4,3
8969,reap,VERB,4,4
8970,smack,NOUN,4,4
8971,garland,NOUN,4,2
8972,giving,NOUN,4,4
8973,cadet,NOUN,4,3
8974,boa,NOUN,4,3
8975,loosen,VERB,4,3
8976,compartment,NOUN,4,4
8977,der,NOUN,4,4
8978,trustworthy,ADJ,4,4
8979,reinstate,VERB,4,4
8980,blurt,VERB,4,4
8981,florin,NOUN,4,3
8982,overwork,VERB,4,4
8983,ordinarily,ADV,4,3
8984,rattling,NOUN,4,3
8985,allude,VERB,4,2
8986,jokingly,ADV,4,4
8987,environment,NOUN,4,3
8988,tact,NOUN,4,3
8989,changeable,ADJ,4,4
8990,amiss,ADJ,4,3
8991,boat,VERB,4,3
8992,compulsion,NOUN,4,4
8993,fix,NOUN,4,2
8994,punishable,ADJ,4,3
8995,pretended,ADJ,4,4
8996,seaside,NOUN,4,4
8997,preparatory,ADJ,4,4
8998,condition,VERB,4,4
8999,rowing,NOUN,4,3
9000,matter,ADJ,4,4
9001,sort,VERB,4,4
9002,cramp,NOUN,4,4
9003,looking,NOUN,4,3
9004,maniac,NOUN,4,4
9005,thunderstorm,NOUN,4,4
9006,farewell,INTJ,4,2
9007,handbag,NOUN,4,3
9008,kilte,VERB,4,3
9009,nap,NOUN,4,3
9010,lag,VERB,4,4
9011,budge,VERB,4,3
9012,boxing,NOUN,4,4
9013,pet,ADJ,4,3
9014,absent,NOUN,4,4
9015,nightdress,NOUN,4,1
9016,church,VERB,4,1
9017,contour,ADJ,4,1
9018,doublet,NOUN,4,1
9019,halting,NOUN,4,1
9020,ar,NOUN,4,1
9021,ud,INTJ,4,1
9022,faggot,NOUN,4,1
9023,foreman,NOUN,4,1
9024,headline,NOUN,4,1
9025,postmistress,NOUN,4,1
9026,eeze,NOUN,4,1
9027,drowsily,ADV,4,1
9028,agen,NOUN,4,1
9029,plasticine,NOUN,4,1
9030,irritable,ADJ,4,2
9031,baronet,NOUN,4,2
9032,alternate,VERB,4,2
9033,dullness,NOUN,4,2
9034,wince,NOUN,4,2
9035,thieving,NOUN,4,2
9036,bloody,VERB,4,2
9037,sulphurous,ADJ,4,2
9038,harry,VERB,4,2
9039,mystify,VERB,4,2
9040,smash,NOUN,4,2
9041,suburban,ADJ,4,2
9042,vilify,VERB,4,2
9043,ear,VERB,4,2
9044,flattie,NOUN,4,2
9045,reely,ADV,4,2
9046,escapade,NOUN,4,2
9047,guinea,NOUN,4,2
9048,moi,X,4,2
9049,dose,VERB,4,3
9050,bob,VERB,4,3
9051,anaemic,ADJ,4,3
9052,apprehensively,ADV,4,3
9053,creaking,NOUN,4,3
9054,blankness,NOUN,4,3
9055,greenness,NOUN,4,3
9056,ace,NOUN,4,3
9057,grunt,VERB,4,2
9058,anachronism,NOUN,4,3
9059,traditional,ADJ,4,3
9060,thick,NOUN,4,3
9061,coster,NOUN,4,3
9062,relay,NOUN,4,3
9063,revolting,NOUN,4,2
9064,foredoom,VERB,4,2
9065,dainty,NOUN,4,3
9066,deign,VERB,4,3
9067,cheering,NOUN,4,2
9068,brutally,ADV,4,3
9069,forthwith,ADV,4,2
9070,snip,VERB,4,2
9071,whine,NOUN,4,3
9072,plea,NOUN,4,3
9073,type,VERB,4,3
9074,instep,NOUN,4,3
9075,tactful,ADJ,4,3
9076,generously,ADV,4,3
9077,theology,NOUN,4,3
9078,jest,VERB,4,3
9079,exposure,NOUN,4,2
9080,twa,VERB,4,2
9081,dreamlike,ADJ,4,3
9082,alf,VERB,4,3
9083,pore,ADJ,4,3
9084,sunburn,NOUN,4,2
9085,continental,ADJ,4,2
9086,homesickness,NOUN,4,3
9087,unanswered,ADJ,4,3
9088,lethargic,ADJ,4,3
9089,mimic,VERB,4,3
9090,tile,VERB,4,3
9091,retire,NOUN,4,2
9092,lu,NOUN,4,2
9093,ole,VERB,4,2
9094,spud,NOUN,4,3
9095,onward,ADV,4,3
9096,clapping,NOUN,4,3
9097,consecutively,ADV,4,3
9098,saucy,NOUN,4,3
9099,sagacious,ADJ,4,2
9100,geometrical,ADJ,4,2
9101,bondage,NOUN,4,3
9102,charwoman,NOUN,4,2
9103,rigmarole,NOUN,4,3
9104,pepper,VERB,4,3
9105,untimely,ADV,4,3
9106,observance,NOUN,4,2
9107,miry,ADJ,4,3
9108,pride,VERB,4,3
9109,morbid,ADJ,4,2
9110,wriggling,NOUN,4,3
9111,tonic,NOUN,4,4
9112,crucifix,NOUN,4,3
9113,knelt,NOUN,4,4
9114,fastidious,ADJ,4,3
9115,ethereal,ADJ,4,3
9116,flavour,NOUN,4,4
9117,slobber,VERB,4,3
9118,dewy,NOUN,4,3
9119,elaborately,ADV,4,3
9120,abasement,NOUN,4,3
9121,undulate,VERB,4,3
9122,intolerably,ADV,4,4
9123,aquarium,ADJ,4,3
9124,fir,NOUN,4,3
9125,euphemistically,ADV,4,3
9126,witticism,NOUN,4,3
9127,conversational,ADJ,4,4
9128,exasperation,NOUN,4,4
9129,sour,VERB,4,3
9130,obstinately,ADV,4,3
9131,pod,NOUN,4,4
9132,tomato,NOUN,4,4
9133,sixteenth,ADJ,4,3
9134,surly,ADV,4,3
9135,marrow,NOUN,4,3
9136,plaintively,ADV,4,3
9137,irritated,ADJ,4,4
9138,shelve,VERB,4,3
9139,carrier,NOUN,4,3
9140,bust,VERB,4,3
9141,oblique,ADJ,4,3
9142,park,VERB,4,4
9143,malevolence,NOUN,4,3
9144,concubine,NOUN,4,2
9145,pornography,NOUN,4,3
9146,indiscretion,NOUN,4,3
9147,outrageous,ADJ,4,3
9148,libellous,ADJ,4,2
9149,perversion,NOUN,4,3
9150,mouthed,ADJ,4,4
9151,cloudless,ADJ,4,4
9152,chirrup,VERB,4,3
9153,drank,VERB,4,4
9154,endlessly,ADV,4,3
9155,defensive,NOUN,4,3
9156,unreasone,VERB,4,4
9157,cesspool,NOUN,4,3
9158,corduroy,NOUN,4,4
9159,parable,ADJ,4,2
9160,socket,NOUN,4,3
9161,summery,NOUN,4,3
9162,spice,NOUN,4,4
9163,shovel,ADJ,4,3
9164,speaking,NOUN,4,4
9165,dilapidated,ADJ,4,4
9166,excitable,ADJ,4,4
9167,tangle,NOUN,4,3
9168,harangue,VERB,4,3
9169,gurgle,VERB,4,4
9170,debar,VERB,4,3
9171,priesthood,NOUN,4,2
9172,tirade,NOUN,4,3
9173,mathematician,NOUN,4,4
9174,blooded,ADJ,4,3
9175,infidel,NOUN,4,4
9176,delightedly,ADV,4,4
9177,cleverness,NOUN,4,4
9178,eccentric,ADJ,4,2
9179,suspect,ADJ,4,3
9180,spectre,NOUN,4,2
9181,devoid,ADJ,4,3
9182,pencil,VERB,4,3
9183,counteract,VERB,4,4
9184,opaque,ADJ,4,3
9185,inanimate,VERB,4,3
9186,decipher,VERB,4,4
9187,ruddy,NOUN,4,3
9188,ambassador,NOUN,4,3
9189,gambol,VERB,4,2
9190,missing,ADJ,4,4
9191,shuddering,NOUN,4,4
9192,loll,VERB,4,3
9193,predicament,NOUN,4,4
9194,morosely,ADV,4,3
9195,ruffle,VERB,4,4
9196,rendering,NOUN,4,4
9197,wiser,NOUN,4,4
9198,sunburnt,ADJ,4,4
9199,ravenously,ADV,4,4
9200,sprinkling,NOUN,4,3
9201,mermaid,NOUN,4,3
9202,horizontal,ADJ,4,4
9203,numb,VERB,4,3
9204,reopen,VERB,4,3
9205,twist,NOUN,4,3
9206,warming,NOUN,4,3
9207,grossly,ADV,4,4
9208,bellow,NOUN,4,4
9209,charter,VERB,4,4
9210,shovel,VERB,4,4
9211,smoulder,VERB,4,4
9212,roasting,NOUN,4,4
9213,proceed,NOUN,4,4
9214,embarrass,VERB,4,4
9215,ravage,VERB,4,3
9216,systematic,ADJ,4,4
9217,thicken,VERB,4,3
9218,rape,NOUN,4,3
9219,truss,NOUN,4,4
9220,terrorem,NOUN,4,4
9221,dessay,VERB,4,3
9222,nark,NOUN,4,3
9223,dishonour,VERB,4,3
9224,friendless,ADJ,4,4
9225,assail,VERB,4,3
9226,momentous,ADJ,4,4
9227,boozing,NOUN,4,3
9228,invariable,ADJ,4,3
9229,bandit,NOUN,4,3
9230,flyblown,ADJ,4,2
9231,rouge,NOUN,4,3
9232,scarlet,NOUN,4,4
9233,lipstick,NOUN,4,3
9234,nudge,VERB,4,4
9235,scoot,VERB,4,3
9236,seance,NOUN,4,2
9237,react,VERB,4,3
9238,experienced,ADJ,4,4
9239,probe,VERB,4,4
9240,brazen,NOUN,4,4
9241,idler,NOUN,4,4
9242,technicality,NOUN,4,3
9243,fragrant,ADJ,4,4
9244,crossing,NOUN,4,4
9245,kidney,NOUN,4,3
9246,dat,NOUN,4,2
9247,corkscrew,NOUN,4,4
9248,est,X,4,3
9249,consultation,NOUN,4,4
9250,belch,NOUN,4,3
9251,gaiter,NOUN,4,4
9252,bob,ADJ,4,4
9253,constellation,NOUN,4,3
9254,thieve,VERB,4,4
9255,crab,NOUN,4,3
9256,exit,NOUN,4,4
9257,speckle,VERB,4,4
9258,ell,NOUN,4,3
9259,withered,ADJ,4,4
9260,swag,NOUN,4,2
9261,bear,NOUN,4,3
9262,clot,NOUN,4,3
9263,indiscriminately,ADV,4,4
9264,drowsiness,NOUN,4,3
9265,save,NOUN,4,3
9266,surplus,NOUN,4,2
9267,eat,NOUN,4,3
9268,steam,VERB,4,3
9269,swoon,VERB,4,3
9270,ere,VERB,4,3
9271,hullabaloo,NOUN,4,4
9272,scruple,NOUN,4,4
9273,grille,NOUN,4,3
9274,fruitless,ADJ,4,4
9275,sneaking,NOUN,4,4
9276,notoriety,NOUN,4,3
9277,verdict,NOUN,4,3
9278,tinkle,NOUN,4,3
9279,fin,VERB,4,4
9280,plague,VERB,4,3
9281,geyser,NOUN,4,3
9282,medium,ADJ,4,4
9283,paper,VERB,4,3
9284,bewilderment,NOUN,4,4
9285,antiquated,ADJ,4,3
9286,parisian,ADJ,4,4
9287,stunt,VERB,4,3
9288,willingness,NOUN,4,3
9289,sacrosanct,ADJ,4,4
9290,intrusion,NOUN,4,3
9291,mutilate,VERB,4,3
9292,joyless,ADJ,4,3
9293,avarice,NOUN,4,4
9294,purposeless,NOUN,4,2
9295,preposterous,ADJ,4,3
9296,analyse,VERB,4,4
9297,inadequate,ADJ,4,4
9298,breathlessly,ADV,4,2
9299,dull,VERB,4,3
9300,eminently,ADV,4,4
9301,conclave,NOUN,4,4
9302,repentance,NOUN,4,3
9303,humbly,ADV,4,4
9304,outwardly,ADV,4,4
9305,syntax,NOUN,4,4
9306,compete,VERB,4,3
9307,taint,NOUN,4,3
9308,routine,ADJ,4,2
9309,stupor,NOUN,4,3
9310,spiritless,ADJ,4,4
9311,irrevocably,ADV,4,3
9312,scraggy,ADJ,4,4
9313,corner,VERB,4,4
9314,imagining,NOUN,4,4
9315,mumbling,ADJ,4,3
9316,acquiesce,VERB,4,4
9317,lemonade,NOUN,4,4
9318,yacht,VERB,4,3
9319,spirit,VERB,4,4
9320,moss,NOUN,4,4
9321,reddish,ADJ,4,4
9322,brew,VERB,4,3
9323,crease,VERB,4,4
9324,piracy,NOUN,4,2
9325,clinch,VERB,4,3
9326,lukewarm,ADJ,4,3
9327,canal,NOUN,4,3
9328,happening,NOUN,4,4
9329,border,VERB,4,4
9330,diseased,ADJ,4,4
9331,fattish,NOUN,4,3
9332,oldish,ADJ,4,4
9333,crease,NOUN,4,2
9334,overwork,NOUN,4,4
9335,scrubbing,NOUN,4,4
9336,rust,VERB,4,4
9337,inscrutable,ADJ,4,2
9338,acceptance,NOUN,4,3
9339,deeping,NOUN,4,2
9340,horizontally,ADV,4,4
9341,hoisting,NOUN,4,1
9342,rebuild,VERB,4,1
9343,duckling,NOUN,4,2
9344,mangel,NOUN,4,2
9345,alphabet,NOUN,4,2
9346,twelfth,ADJ,4,2
9347,whimper,NOUN,4,2
9348,rein,NOUN,4,2
9349,unbelievable,ADJ,4,3
9350,supervise,VERB,4,3
9351,unchanged,ADJ,4,3
9352,stormy,ADJ,4,3
9353,windfall,NOUN,4,2
9354,overgrown,ADJ,4,3
9355,ignominious,ADJ,4,3
9356,dogcart,NOUN,4,2
9357,slicer,NOUN,4,2
9358,urinate,VERB,4,2
9359,ruling,NOUN,4,2
9360,decree,NOUN,4,3
9361,lantern,ADJ,4,3
9362,lurch,VERB,4,3
9363,cow,VERB,4,4
9364,astray,ADV,4,4
9365,low,VERB,4,3
9366,badge,NOUN,4,3
9367,tormentor,NOUN,4,4
9368,mow,VERB,4,4
9369,harness,VERB,4,3
9370,rake,NOUN,4,4
9371,mouthful,ADJ,4,3
9372,clockwork,NOUN,4,2
9373,harvest,VERB,4,2
9374,literate,ADJ,4,2
9375,rider,NOUN,4,3
9376,irrepressible,ADJ,4,4
9377,coo,VERB,4,3
9378,sorrowfully,ADV,4,3
9379,hawthorn,NOUN,4,4
9380,cable,NOUN,4,3
9381,soldierly,ADV,4,3
9382,absent,VERB,4,4
9383,topple,VERB,4,4
9384,laboriously,ADV,4,4
9385,capitulate,VERB,4,3
9386,disturbed,ADJ,4,4
9387,respectful,ADJ,4,4
9388,slunk,VERB,4,4
9389,bonfire,NOUN,4,3
9390,stretching,NOUN,4,4
9391,profile,NOUN,4,4
9392,distrust,VERB,4,3
9393,machination,NOUN,4,2
9394,nocturnal,ADJ,4,3
9395,explosive,NOUN,4,4
9396,forsook,VERB,4,3
9397,conciliatory,ADJ,4,3
9398,bay,VERB,4,3
9399,rejoicing,NOUN,4,3
9400,limply,ADV,4,3
9401,booklet,NOUN,4,4
9402,knowing,ADJ,4,4
9403,haunch,NOUN,4,4
9404,pleasant,NOUN,4,4
9405,wireless,ADJ,4,4
9406,respected,ADJ,4,3
9407,clash,NOUN,4,3
9408,working,ADJ,4,4
9409,gratified,ADJ,4,4
9410,intimate,VERB,4,4
9411,athenian,ADJ,4,1
9412,gadfly,ADV,4,1
9413,impiety,NOUN,4,1
9414,platonic,ADJ,4,2
9415,reprove,VERB,4,2
9416,inconsiderate,NOUN,4,2
9417,refutation,NOUN,4,2
9418,slander,NOUN,4,2
9419,senator,NOUN,4,2
9420,surety,NOUN,4,3
9421,socratic,ADJ,4,2
9422,affirm,VERB,4,3
9423,hither,ADV,4,2
9424,bid,NOUN,4,3
9425,embody,VERB,4,3
9426,supplement,VERB,4,4
9427,summary,NOUN,4,3
9428,ideal,ADJ,4,3
9429,consistent,ADJ,4,4
9430,characteristically,ADV,4,3
9431,incidentally,ADV,4,3
9432,aspiration,NOUN,4,4
9433,ancient,NOUN,4,3
9434,inconsistency,NOUN,4,3
9435,horsemanship,NOUN,4,2
9436,heap,VERB,4,4
9437,convincing,ADJ,4,4
9438,oligarchy,NOUN,4,2
9439,disable,VERB,4,2
9440,intimation,NOUN,4,4
9441,cropped,ADJ,4,1
9442,pice,NOUN,4,1
9443,mango,NOUN,4,1
9444,disloyalty,NOUN,4,1
9445,paso,NOUN,4,1
9446,birthmarked,ADJ,4,1
9447,cheroot,NOUN,4,1
9448,burra,NOUN,4,1
9449,havildar,NOUN,4,1
9450,lender,NOUN,4,1
9451,wallah,NOUN,4,1
9452,gyi,NOUN,4,1
9453,egret,NOUN,4,1
9454,sahiblog,NOUN,4,1
9455,marigold,NOUN,4,1
9456,topis,NOUN,4,1
9457,cactus,NOUN,4,1
9458,shiko,NOUN,4,1
9459,jodhpur,NOUN,4,1
9460,pagris,NOUN,4,1
9461,laterite,ADJ,4,1
9462,magenta,NOUN,4,2
9463,subordinate,NOUN,4,2
9464,crescent,NOUN,4,2
9465,pleader,NOUN,4,2
9466,phlox,NOUN,4,2
9467,libel,VERB,4,2
9468,silky,ADJ,4,2
9469,kicking,NOUN,4,2
9470,disgusting,NOUN,4,2
9471,laundress,ADJ,4,2
9472,nasal,ADJ,4,2
9473,madam,NOUN,4,2
9474,dravidian,ADJ,4,2
9475,hurtle,VERB,4,2
9476,horseman,NOUN,4,2
9477,invulnerable,ADJ,4,2
9478,atone,VERB,4,3
9479,intriguing,ADJ,4,2
9480,smelly,ADV,4,2
9481,notoriously,ADV,4,3
9482,mongolian,ADJ,4,2
9483,oil,VERB,4,3
9484,narrowly,ADV,4,3
9485,screaming,NOUN,4,3
9486,earthenware,NOUN,4,3
9487,cartwheel,NOUN,4,3
9488,loafer,NOUN,4,3
9489,slime,NOUN,4,2
9490,agonized,ADJ,4,3
9491,gardening,NOUN,4,3
9492,hull,NOUN,4,2
9493,triviality,NOUN,4,3
9494,nearer,ADJ,4,3
9495,disquiet,VERB,4,3
9496,repel,VERB,4,3
9497,meagre,NOUN,4,3
9498,abreast,NOUN,4,2
9499,seethe,VERB,4,3
9500,cascade,NOUN,4,2
9501,grubby,ADJ,4,3
9502,hobble,VERB,4,3
9503,puttee,NOUN,4,2
9504,right,VERB,4,3
9505,totter,VERB,4,3
9506,twitter,VERB,4,3
9507,career,VERB,4,3
9508,girth,NOUN,4,2
9509,unguarde,VERB,4,3
9510,swathe,VERB,4,3
9511,brilliantly,ADV,4,4
9512,levy,VERB,4,2
9513,taxation,NOUN,4,3
9514,discredit,VERB,4,2
9515,progeny,NOUN,4,3
9516,mutiny,NOUN,4,3
9517,battered,ADJ,4,3
9518,respectively,ADV,4,3
9519,wiry,ADJ,4,3
9520,sourly,ADV,4,2
9521,colt,NOUN,4,3
9522,oily,ADJ,4,2
9523,floorboard,NOUN,4,4
9524,purse,VERB,4,4
9525,passing,NOUN,4,3
9526,oven,NOUN,4,3
9527,cloudless,NOUN,4,2
9528,complication,NOUN,4,4
9529,tag,NOUN,4,4
9530,modernize,VERB,4,4
9531,pulp,NOUN,4,4
9532,louse,NOUN,4,3
9533,ignoble,ADJ,4,4
9534,recruiting,NOUN,4,3
9535,impervious,ADJ,4,3
9536,whiteness,NOUN,4,4
9537,floor,VERB,4,2
9538,slanting,ADJ,4,4
9539,sardine,NOUN,4,4
9540,stirring,ADJ,4,4
9541,treetops,NOUN,4,3
9542,wizene,VERB,4,3
9543,comb,VERB,4,2
9544,eatable,ADJ,4,2
9545,loan,NOUN,4,2
9546,demur,VERB,4,4
9547,scholarship,NOUN,4,3
9548,intrude,VERB,4,4
9549,imperialism,NOUN,4,2
9550,dutifully,ADV,4,3
9551,exploit,VERB,4,4
9552,creak,NOUN,4,4
9553,scar,NOUN,4,2
9554,gaunt,ADJ,4,4
9555,foolscap,NOUN,4,2
9556,conspicuously,ADV,4,3
9557,partisan,NOUN,4,3
9558,hatless,ADJ,4,2
9559,tallish,ADJ,4,4
9560,boulevard,NOUN,4,2
9561,warrior,NOUN,4,3
9562,regalia,NOUN,4,2
9563,dutch,ADJ,4,4
9564,loop,NOUN,4,4
9565,predominate,VERB,4,3
9566,banker,NOUN,4,4
9567,leprous,ADJ,4,3
9568,dearest,VERB,4,3
9569,porridge,NOUN,4,4
9570,jazz,NOUN,4,2
9571,smelly,ADJ,4,3
9572,languidly,ADV,4,4
9573,enrol,VERB,4,3
9574,grate,VERB,4,3
9575,evasion,NOUN,4,4
9576,interpreter,NOUN,4,4
9577,tom,NOUN,4,3
9578,bosh,ADV,4,3
9579,weedy,ADJ,4,4
9580,jingle,VERB,4,4
9581,intestine,NOUN,4,3
9582,clove,NOUN,4,2
9583,bargaining,NOUN,4,3
9584,pill,NOUN,4,4
9585,sneeze,NOUN,4,4
9586,barbarity,NOUN,4,3
9587,cram,VERB,4,4
9588,giraffe,NOUN,4,3
9589,grinning,NOUN,4,3
9590,sponge,NOUN,4,3
9591,drummer,NOUN,4,4
9592,dire,ADJ,4,4
9593,rushing,NOUN,4,4
9594,diffidence,NOUN,4,3
9595,sweating,NOUN,4,4
9596,dye,NOUN,4,3
9597,insulting,ADJ,4,4
9598,dare,NOUN,4,2
9599,salvation,NOUN,4,4
9600,cool,NOUN,4,3
9601,winding,ADJ,4,3
9602,speckled,ADJ,4,3
9603,mole,NOUN,4,3
9604,mucky,ADJ,4,3
9605,gush,VERB,4,3
9606,pier,NOUN,4,3
9607,topmost,ADJ,4,3
9608,leash,NOUN,4,2
9609,punctuate,VERB,4,4
9610,eare,VERB,4,4
9611,crippled,ADJ,4,3
9612,shone,NOUN,4,3
9613,crust,VERB,4,2
9614,unfinishe,VERB,4,4
9615,sick,NOUN,4,4
9616,cinema,NOUN,4,3
9617,meandering,NOUN,4,4
9618,triangle,NOUN,4,4
9619,critically,ADV,4,3
9620,smartly,ADV,4,3
9621,unaccountable,ADJ,4,4
9622,disc,NOUN,4,4
9623,sadden,VERB,4,4
9624,class,VERB,4,3
9625,illegally,ADV,4,2
9626,unpaid,ADJ,4,4
9627,springy,ADJ,4,4
9628,wilt,VERB,4,3
9629,expectantly,ADV,4,3
9630,wanna,VERB,4,2
9631,hawk,VERB,4,3
9632,abreast,VERB,4,2
9633,streaming,NOUN,4,4
9634,stank,VERB,4,3
9635,smear,NOUN,4,3
9636,peddler,NOUN,4,3
9637,restlessness,NOUN,4,4
9638,accurse,VERB,4,4
9639,pillow,VERB,4,3
9640,mature,VERB,4,3
9641,delude,VERB,4,4
9642,abdomen,NOUN,4,3
9643,armoury,NOUN,4,2
9644,barking,NOUN,4,4
9645,simile,NOUN,4,2
9646,embark,VERB,4,2
9647,sacrilege,NOUN,4,2
9648,unremitting,ADJ,4,3
9649,reprisal,NOUN,4,4
9650,trample,NOUN,4,4
9651,affray,NOUN,4,2
9652,fusillade,NOUN,4,2
9653,coolly,ADV,4,3
9654,lap,VERB,4,3
9655,stumpy,ADJ,4,4
9656,conquering,NOUN,4,3
9657,waterlogge,VERB,4,2
9658,cataract,NOUN,4,4
9659,unceasingly,ADV,4,4
9660,aboard,ADV,4,4
9661,clamorous,ADJ,4,4
9662,maniacal,ADJ,4,3
9663,sulphur,NOUN,4,4
9664,mercenary,ADJ,4,4
9665,aide,NOUN,4,4
9666,exhaustive,ADJ,4,4
9667,soap,VERB,4,1
9668,gloome,VERB,4,1
9669,weeker,NOUN,4,1
9670,hefty,ADJ,4,1
9671,commercial,NOUN,4,1
9672,tiddle,NOUN,4,1
9673,frankfurter,NOUN,4,1
9674,puke,VERB,4,1
9675,bike,VERB,4,1
9676,slump,NOUN,4,1
9677,whipcord,NOUN,4,1
9678,soapy,ADJ,4,2
9679,aspirin,NOUN,4,2
9680,hustle,VERB,4,2
9681,mealy,ADJ,4,2
9682,aitche,NOUN,4,2
9683,minnow,NOUN,4,2
9684,wrapper,NOUN,4,2
9685,away,NOUN,4,2
9686,bankruptcy,NOUN,4,2
9687,loudspeaker,NOUN,4,2
9688,hardware,NOUN,4,2
9689,accelerator,NOUN,4,2
9690,gossome,VERB,4,2
9691,shipwreck,NOUN,4,3
9692,poky,ADJ,4,2
9693,vacuum,NOUN,4,2
9694,cleaner,NOUN,4,2
9695,walker,NOUN,4,2
9696,crater,NOUN,4,2
9697,housework,NOUN,4,2
9698,mustard,NOUN,4,3
9699,ome,NOUN,4,3
9700,caretaker,NOUN,4,2
9701,headmaster,NOUN,4,2
9702,downhill,ADV,4,3
9703,treacle,NOUN,4,3
9704,bulrush,NOUN,4,2
9705,overflow,NOUN,4,2
9706,drove,NOUN,4,3
9707,gallant,ADJ,4,3
9708,indigestion,NOUN,4,3
9709,suet,NOUN,4,3
9710,dope,NOUN,4,3
9711,pavilion,NOUN,4,3
9712,knit,VERB,4,3
9713,trod,VERB,4,2
9714,outlying,ADJ,4,3
9715,cute,ADJ,4,2
9716,frowsy,NOUN,4,3
9717,trim,NOUN,4,3
9718,internally,ADV,4,3
9719,whizz,NOUN,4,3
9720,philosophic,ADJ,4,2
9721,decaying,NOUN,4,3
9722,buckle,VERB,4,3
9723,tidal,ADJ,4,3
9724,og,NOUN,4,2
9725,offering,NOUN,4,4
9726,ere,ADV,4,3
9727,vermin,NOUN,4,3
9728,novelette,NOUN,4,3
9729,ste,VERB,4,2
9730,circuit,NOUN,4,3
9731,reel,VERB,4,2
9732,unpleasantness,NOUN,4,3
9733,bulb,NOUN,4,3
9734,stock,VERB,4,3
9735,bump,NOUN,4,4
9736,alternatively,ADV,4,2
9737,ruffian,NOUN,4,3
9738,opulent,ADJ,4,3
9739,seeing,NOUN,4,3
9740,cripple,NOUN,4,2
9741,skilled,ADJ,4,4
9742,grandchild,NOUN,4,3
9743,armlet,NOUN,4,2
9744,labour,ADJ,4,2
9745,coil,NOUN,4,3
9746,lending,NOUN,4,2
9747,shoot,NOUN,4,3
9748,fantasy,NOUN,4,2
9749,hunch,VERB,4,3
9750,vague,NOUN,4,4
9751,eighteenpence,NOUN,4,3
9752,pact,NOUN,4,3
9753,betrayal,NOUN,4,3
9754,mellow,ADJ,4,4
9755,adventurer,NOUN,4,4
9756,crucify,VERB,4,4
9757,arbitrary,ADJ,4,3
9758,balmy,ADJ,4,4
9759,microscope,NOUN,4,3
9760,insure,VERB,4,3
9761,rind,NOUN,4,4
9762,pram,NOUN,4,2
9763,balloon,NOUN,4,4
9764,cobbled,ADJ,4,3
9765,batch,NOUN,4,3
9766,bene,NOUN,4,3
9767,hockey,NOUN,4,2
9768,three,NOUN,4,4
9769,haddock,NOUN,4,3
9770,dearer,NOUN,4,3
9771,milky,ADJ,4,3
9772,gravy,NOUN,4,3
9773,defile,VERB,4,3
9774,broadcast,NOUN,4,3
9775,procedure,NOUN,4,4
9776,tenement,NOUN,4,4
9777,lighting,NOUN,4,3
9778,squalor,NOUN,4,2
9779,débrouillard,NOUN,4,1
9780,cellarman,NOUN,4,1
9781,boulot,NOUN,4,1
9782,grinder,NOUN,4,1
9783,spike,ADJ,4,1
9784,screeve,VERB,4,1
9785,moocher,NOUN,4,1
9786,tramping,NOUN,4,1
9787,vagrancy,NOUN,4,1
9788,perfume,NOUN,4,2
9789,bakery,NOUN,4,2
9790,underfed,ADJ,4,2
9791,unemployment,NOUN,4,2
9792,nancy,NOUN,4,2
9793,meteor,NOUN,4,2
9794,rhyme,VERB,4,2
9795,handbill,NOUN,4,2
9796,quarrelsome,ADJ,4,2
9797,belgian,ADJ,4,2
9798,skylight,NOUN,4,3
9799,yelling,NOUN,4,3
9800,chambermaid,NOUN,4,3
9801,amass,VERB,4,3
9802,baize,NOUN,4,2
9803,pence,NOUN,4,3
9804,confiscate,VERB,4,3
9805,homosexuality,NOUN,4,2
9806,outnumber,VERB,4,3
9807,acutely,ADV,4,2
9808,demoralize,VERB,4,3
9809,municipal,ADJ,4,3
9810,house,VERB,4,2
9811,employ,NOUN,4,2
9812,belle,NOUN,4,4
9813,quilt,NOUN,4,2
9814,duration,NOUN,4,3
9815,nothingness,NOUN,4,3
9816,attic,ADJ,4,2
9817,engaged,ADJ,4,3
9818,obstinacy,NOUN,4,2
9819,altercation,NOUN,4,3
9820,deportation,NOUN,4,3
9821,finely,ADV,4,3
9822,uneasily,ADV,4,4
9823,grandly,ADV,4,3
9824,trumpery,NOUN,4,2
9825,thermometer,NOUN,4,2
9826,simultaneous,ADJ,4,3
9827,astonishingly,ADV,4,2
9828,essence,NOUN,4,4
9829,weakling,NOUN,4,4
9830,effective,ADJ,4,4
9831,cereal,NOUN,4,3
9832,skysign,NOUN,4,2
9833,notable,ADJ,4,4
9834,la,X,4,4
9835,xviii,NOUN,4,3
9836,serf,NOUN,4,4
9837,compost,NOUN,4,2
9838,scale,VERB,4,4
9839,enslave,VERB,4,3
9840,grime,NOUN,4,3
9841,assemblage,NOUN,4,2
9842,operative,NOUN,4,2
9843,rumbling,NOUN,4,4
9844,rove,VERB,4,4
9845,spyhole,NOUN,4,3
9846,numb,ADJ,4,2
9847,nourishment,NOUN,4,2
9848,limitless,ADJ,4,4
9849,elevenpence,NOUN,4,2
9850,unsteadily,ADV,4,2
9851,amputate,VERB,4,3
9852,barefoot,ADV,4,4
9853,productive,ADJ,4,3
9854,squeamish,ADJ,4,3
9855,rudeness,NOUN,4,3
9856,endurance,NOUN,4,4
9857,milkless,NOUN,4,4
9858,shortcoming,NOUN,4,4
9859,truer,NOUN,4,3
9860,obscure,VERB,4,3
9861,uneducated,ADJ,4,4
9862,furnished,ADJ,4,3
9863,soundly,ADV,4,4
9864,asyou,NOUN,4,1
9865,bythe,DET,4,1
9866,approximate,VERB,4,1
9867,duce,VERB,4,1
9868,fromthe,DET,4,1
9869,ment,NOUN,4,1
9870,aword,NOUN,4,1
9871,tobe,NOUN,4,1
9872,hinder,NOUN,4,1
9873,pedigree,NOUN,4,1
9874,omnividence,NOUN,4,1
9875,skilful,ADJ,4,3
9876,colorless,ADJ,4,2
9877,consequent,NOUN,4,3
9878,discord,NOUN,4,3
9879,diminution,NOUN,4,2
9880,o,X,4,2
9881,corporal,ADJ,4,3
9882,methought,NOUN,4,2
9883,meantime,ADV,4,2
9884,loving,ADJ,4,2
9885,aspire,NOUN,4,2
9886,defer,VERB,4,3
9887,digression,NOUN,4,3
9888,degraded,ADJ,4,2
9889,rabble,NOUN,4,2
9890,allure,VERB,4,3
9891,exterminate,VERB,4,3
9892,impotent,ADJ,4,3
9893,indescribable,ADJ,4,2
9894,retract,VERB,4,4
9895,stolid,ADJ,4,2
9896,discrimination,NOUN,4,4
9897,sanction,NOUN,4,3
9898,calamity,NOUN,4,4
9899,perplex,VERB,4,4
9900,task,VERB,4,3
9901,groping,NOUN,4,3
9902,margin,NOUN,4,4
9903,advocate,NOUN,4,4
9904,dashing,NOUN,4,2
9905,indebted,ADJ,4,3
9906,craft,NOUN,4,3
9907,destitute,NOUN,4,3
9908,forgetfulness,NOUN,4,2
9909,restrict,VERB,4,3
9910,uneven,ADJ,4,4
9911,expansion,NOUN,4,2
9912,rational,ADJ,4,3
9913,favorite,ADJ,4,3
9914,intersperse,VERB,4,3
9915,molest,VERB,4,2
9916,bor,NOUN,4,2
9917,measured,ADJ,4,3
9918,demoniacal,ADJ,4,2
9919,motionless,ADJ,4,3
9920,acting,NOUN,4,4
9921,eventful,ADJ,4,4
9922,interior,ADJ,4,3
9923,hast,NOUN,4,3
9924,proclamation,NOUN,4,3
9925,clew,NOUN,4,2
9926,acuteness,NOUN,4,4
9927,original,NOUN,4,4
9928,prophet,NOUN,4,4
9929,fervent,ADJ,4,3
9930,divest,VERB,4,2
9931,devouring,ADJ,4,2
9932,satiate,VERB,4,1
9933,rugged,ADJ,4,1
9934,gnash,VERB,4,1
9935,repose,ADJ,4,1
9936,tranquil,ADJ,4,1
9937,composure,NOUN,4,1
9938,swiss,ADJ,4,1
9939,imbue,VERB,4,1
9940,supernatural,ADJ,4,1
9941,consummation,NOUN,4,1
9942,unhallowed,ADJ,4,1
9943,raving,NOUN,4,1
9944,ignominy,NOUN,4,1
9945,wreak,VERB,4,1
9946,recommence,VERB,4,1
9947,despondency,NOUN,4,1
9948,inexorable,ADJ,4,2
9949,enchanting,ADJ,4,2
9950,repugnance,NOUN,4,2
9951,inquirer,NOUN,4,2
9952,presumption,NOUN,4,2
9953,infuse,VERB,4,2
9954,languor,NOUN,4,2
9955,severity,NOUN,4,2
9956,unfeele,VERB,4,2
9957,whirlwind,NOUN,4,2
9958,orb,NOUN,4,2
9959,replete,ADJ,4,2
9960,persecutor,NOUN,4,2
9961,affirmative,ADJ,4,2
9962,brutality,NOUN,4,3
9963,pleasurable,ADJ,4,2
9964,minute,ADJ,4,2
9965,inaction,NOUN,4,2
9966,rankle,VERB,4,2
9967,playfully,ADV,4,3
9968,chivalry,NOUN,4,3
9969,instructor,NOUN,4,3
9970,gladness,NOUN,4,2
9971,comforter,NOUN,4,3
9972,greedily,ADV,4,2
9973,grapple,VERB,4,3
9974,chord,NOUN,4,2
9975,connected,ADJ,4,2
9976,proficiency,NOUN,4,2
9977,breathless,ADJ,4,2
9978,vintage,NOUN,4,2
9979,accomplishment,NOUN,4,3
9980,sensitiveness,NOUN,4,3
9981,intended,ADJ,4,3
9982,candour,NOUN,4,3
9983,enormity,NOUN,4,3
9984,rend,VERB,4,3
9985,interrupted,ADJ,4,3
9986,beneficial,ADJ,4,2
9987,unearthly,ADJ,4,2
9988,mould,VERB,4,3
9989,verdure,NOUN,4,2
9990,oppression,NOUN,4,3
9991,sagacity,NOUN,4,3
9992,requisition,NOUN,4,2
9993,cle,VERB,4,3
9994,exult,VERB,4,3
9995,withstand,VERB,4,3
9996,capacious,ADJ,4,3
9997,prudence,NOUN,4,2
9998,latitude,NOUN,4,2
9999,metaphysical,ADJ,4,3
10000,semblance,NOUN,4,3
10001,beneficence,NOUN,4,2
10002,kindling,NOUN,4,3
10003,acquisition,NOUN,4,2
10004,treading,NOUN,4,4
10005,hindrance,NOUN,4,3
10006,hurricane,NOUN,4,3
10007,workshop,NOUN,4,3
10008,alloy,NOUN,4,3
10009,breathless,NOUN,4,3
10010,wretchedly,ADV,4,4
10011,coach,NOUN,4,4
10012,obscurely,ADV,4,3
10013,welcome,INTJ,4,4
10014,declaration,NOUN,4,3
10015,fatally,ADV,4,2
10016,prize,VERB,4,4
10017,mutability,NOUN,4,2
10018,width,NOUN,4,4
10019,brightly,ADV,4,4
10020,wallet,NOUN,4,2
10021,grievously,ADV,4,2
10022,adjacent,ADJ,4,3
10023,conveniently,ADV,4,3
10024,knelt,VERB,4,2
10025,hemisphere,NOUN,4,4
10026,disown,VERB,4,2
10027,affluence,NOUN,4,2
10028,tenet,NOUN,4,3
10029,scorn,NOUN,4,3
10030,recompense,NOUN,4,2
10031,withhold,VERB,4,4
10032,exempt,VERB,4,3
10033,smothered,ADJ,4,2
10034,gay,NOUN,4,2
10035,erroneous,ADJ,4,4
10036,vanquish,VERB,4,3
10037,tangible,ADJ,4,2
10038,legible,ADJ,4,4
10039,abortion,NOUN,4,2
10040,corduroy,VERB,4,1
10041,contingent,NOUN,4,1
10042,sector,NOUN,4,1
10043,stronghold,NOUN,4,1
10044,irrigation,NOUN,4,1
10045,cabaret,NOUN,4,1
10046,inflammatory,ADJ,4,1
10047,engineer,VERB,4,1
10048,coup,NOUN,4,1
10049,trotskyism,NOUN,4,1
10050,initial,NOUN,4,2
10051,fortified,ADJ,4,2
10052,tinder,NOUN,4,2
10053,inaccurate,ADJ,4,2
10054,mexican,ADJ,4,2
10055,collectivization,NOUN,4,2
10056,marxist,ADJ,4,2
10057,fuse,NOUN,4,2
10058,landowner,NOUN,4,2
10059,hoard,VERB,4,2
10060,provocative,ADJ,4,2
10061,ballad,NOUN,4,2
10062,fighter,NOUN,4,2
10063,blurry,ADJ,4,2
10064,defender,NOUN,4,3
10065,jelly,NOUN,4,3
10066,disguised,ADJ,4,3
10067,offensive,NOUN,4,2
10068,huddle,NOUN,4,3
10069,flint,NOUN,4,3
10070,initiative,NOUN,4,2
10071,torpedo,NOUN,4,3
10072,weight,VERB,4,3
10073,crackle,NOUN,4,2
10074,effectively,ADV,4,3
10075,privation,NOUN,4,2
10076,tempting,ADJ,4,3
10077,coincide,VERB,4,3
10078,technically,ADV,4,3
10079,shrivel,VERB,4,3
10080,little,NOUN,4,4
10081,sinecure,NOUN,4,3
10082,vest,NOUN,4,4
10083,prodigious,ADJ,4,3
10084,crocus,NOUN,4,3
10085,bomb,VERB,4,2
10086,overlap,VERB,4,2
10087,disguise,NOUN,4,4
10088,cobs,NOUN,4,3
10089,submarine,NOUN,4,2
10090,fitfully,ADV,4,3
10091,anvil,NOUN,4,2
10092,swoop,NOUN,4,3
10093,spray,VERB,4,3
10094,ferocious,ADJ,4,3
10095,corresponding,ADJ,4,2
10096,machine,ADJ,4,2
10097,non,NOUN,4,4
10098,ministry,NOUN,4,2
10099,capture,NOUN,4,2
10100,dissension,NOUN,4,3
10101,nearby,ADV,4,3
10102,tilt,VERB,4,4
10103,conspirator,NOUN,4,2
10104,serenade,VERB,4,2
10105,identifiable,ADJ,4,2
10106,totalitarian,ADJ,4,3
10107,questioning,NOUN,4,3
10108,incriminate,VERB,4,2
10109,moneyless,NOUN,4,1
10110,buck,VERB,4,1
10111,moneyless,ADJ,4,1
10112,perversely,ADV,4,1
10113,foreskin,NOUN,4,1
10114,antichrist,NOUN,4,1
10115,foetus,NOUN,4,1
10116,sare,NOUN,4,1
10117,salver,NOUN,4,1
10118,swish,ADJ,4,1
10119,mance,NOUN,4,1
10120,ironically,ADV,4,2
10121,octavo,NOUN,4,2
10122,deathly,ADV,4,2
10123,sexless,ADJ,4,2
10124,disorderly,ADJ,4,2
10125,dwarf,NOUN,4,2
10126,emit,VERB,4,2
10127,grievance,NOUN,4,3
10128,dully,ADV,4,3
10129,lust,NOUN,4,2
10130,monthly,ADJ,4,3
10131,rut,NOUN,4,2
10132,madame,NOUN,4,2
10133,divan,NOUN,4,3
10134,understandingly,ADV,4,3
10135,clang,VERB,4,2
10136,resolute,ADJ,4,4
10137,keyhole,NOUN,4,2
10138,squeeze,NOUN,4,3
10139,subtly,ADV,4,3
10140,unmistakably,ADV,4,3
10141,granite,NOUN,4,4
10142,irresistibly,ADV,4,4
10143,elect,NOUN,4,3
10144,servitude,NOUN,4,3
10145,stalactite,NOUN,4,3
10146,maggot,NOUN,4,2
10147,contributor,NOUN,4,2
10148,convention,NOUN,4,3
10149,tacitly,ADV,4,2
10150,flickering,NOUN,4,4
10151,harmonize,VERB,4,3
10152,nearness,NOUN,4,3
10153,evergreen,NOUN,4,2
10154,scornful,ADJ,4,3
10155,tricky,ADJ,4,2
10156,cargo,NOUN,4,4
10157,roundabout,ADJ,4,4
10158,dynasty,NOUN,4,2
10159,torpid,ADJ,4,3
10160,sward,NOUN,4,2
10161,windowless,ADJ,4,2
10162,freckled,ADJ,4,2
10163,saboteur,NOUN,4,1
10164,hysteria,NOUN,4,1
10165,entail,VERB,4,1
10166,alterable,ADJ,4,1
10167,documentary,NOUN,4,1
10168,quacking,NOUN,4,1
10169,regain,VERB,4,1
10170,washtub,NOUN,4,1
10171,eart,NOUN,4,1
10172,sye,VERB,4,1
10173,unconquerable,ADJ,4,1
10174,uniformed,ADJ,4,1
10175,collective,ADJ,4,1
10176,grammatical,ADJ,4,1
10177,newspeak,ADJ,4,1
10178,slit,NOUN,4,2
10179,composite,ADJ,4,2
10180,lackey,NOUN,4,2
10181,exaltation,NOUN,4,2
10182,distinguishing,NOUN,4,2
10183,adjective,ADJ,4,2
10184,primary,ADJ,4,3
10185,mocking,NOUN,4,3
10186,larynx,NOUN,4,3
10187,cavernous,ADJ,4,2
10188,ninth,ADJ,4,2
10189,memorize,VERB,4,3
10190,indestructible,ADJ,4,3
10191,equilibrium,NOUN,4,2
10192,uninhabited,ADJ,4,3
10193,pressing,ADJ,4,2
10194,startlingly,ADV,4,3
10195,drowning,NOUN,4,4
10196,treasurer,NOUN,4,2
10197,boo,NOUN,4,2
10198,commodity,NOUN,4,2
10199,ruby,NOUN,4,2
10200,earnest,NOUN,4,3
10201,germ,NOUN,4,2
10202,gnawing,NOUN,4,4
10203,oddly,ADV,4,3
10204,stern,NOUN,4,3
10205,harshly,ADV,4,4
10206,enact,VERB,4,4
10207,stubborn,ADJ,4,3
10208,bogge,VERB,4,2
10209,schoolmate,NOUN,4,1
10210,captivity,NOUN,4,1
10211,git,NOUN,4,1
10212,afeard,NOUN,4,1
10213,stairway,NOUN,4,1
10214,jing,NOUN,4,1
10215,spunk,ADJ,4,1
10216,spunk,NOUN,4,1
10217,witch,VERB,4,1
10218,dern,ADJ,4,1
10219,searcher,NOUN,4,1
10220,git,VERB,4,1
10221,thimble,ADJ,4,2
10222,hither,NOUN,4,2
10223,andiron,NOUN,4,2
10224,blanch,VERB,4,2
10225,aye,ADJ,4,2
10226,aye,NOUN,4,2
10227,straightway,NOUN,4,2
10228,ebook,VERB,4,2
10229,illustration,VERB,4,2
10230,astronomer,NOUN,4,2
10231,pomp,NOUN,4,3
10232,alacrity,NOUN,4,3
10233,benediction,NOUN,4,2
10234,mortify,VERB,4,2
10235,undefined,ADJ,4,3
10236,perplexity,NOUN,4,3
10237,watcher,NOUN,4,2
10238,eventually,ADV,4,2
10239,notch,VERB,4,2
10240,colored,ADJ,4,2
10241,tread,NOUN,4,4
10242,bible,NOUN,4,2
10243,sleigh,NOUN,4,3
10244,zephyr,NOUN,4,2
10245,fell,VERB,4,2
10246,twinkle,NOUN,4,3
10247,feast,VERB,4,3
10248,ingredient,NOUN,4,3
10249,swimmer,NOUN,4,3
10250,shady,ADJ,4,2
10251,absently,ADV,4,2
10252,don,VERB,4,2
10253,sediment,NOUN,4,2
10254,repeal,NOUN,4,1
10255,victual,NOUN,4,1
10256,extreamly,ADJ,4,1
10257,erratum,NOUN,4,1
10258,alehouse,NOUN,4,1
10259,query,NOUN,4,1
10260,hurtful,ADJ,4,1
10261,charter,NOUN,4,1
10262,impropriety,NOUN,4,2
10263,presbyterian,ADJ,4,2
10264,sounding,NOUN,4,2
10265,selectman,NOUN,4,2
10266,champion,NOUN,4,3
10267,dissipation,NOUN,4,2
10268,religiously,ADV,4,2
10269,iv,NOUN,4,2
10270,fast,NOUN,4,2
10271,cultivator,NOUN,4,2
10272,partake,VERB,4,3
10273,whimsical,ADJ,4,2
10274,imperfection,NOUN,4,2
10275,hydroplane,NOUN,4,1
10276,bootlegger,NOUN,4,1
10277,outdoors,ADV,4,2
10278,melody,NOUN,4,2
10279,ether,NOUN,4,2
10280,hazy,ADJ,4,2
10281,lustily,ADV,4,2
10282,shallow,NOUN,4,2
10283,walden,NOUN,4,1
10284,farming,NOUN,4,1
10285,peck,NOUN,4,1
10286,mink,NOUN,4,1
10287,reverence,VERB,4,1
10288,cornfield,NOUN,4,1
10289,utensil,NOUN,4,1
10290,dwelt,ADV,4,1
10291,stud,NOUN,4,1
10292,fertility,NOUN,4,1
10293,classic,ADJ,4,1
10294,tr,VERB,4,1
10295,oonk,ADJ,4,1
10296,azure,NOUN,4,1
10297,pout,NOUN,4,1
10298,congeal,VERB,4,1
10299,savor,NOUN,4,1
10300,trowel,NOUN,4,1
10301,hoo,NOUN,4,1
10302,rill,NOUN,4,1
10303,jailer,NOUN,4,1
10304,gatherer,NOUN,4,1
10305,thirteen,ADJ,3,1
10306,arbour,NOUN,3,1
10307,fiddle,NOUN,3,1
10308,screamingly,ADV,3,1
10309,spee,NOUN,3,1
10310,tattooed,NOUN,3,1
10311,tickling,NOUN,3,1
10312,fib,VERB,3,1
10313,dustcloak,NOUN,3,1
10314,marrie,NOUN,3,1
10315,waistband,NOUN,3,1
10316,openwork,NOUN,3,1
10317,grumpy,ADJ,3,1
10318,horrid,VERB,3,1
10319,pimple,NOUN,3,1
10320,viktor,NOUN,3,1
10321,undependable,ADJ,3,1
10322,cheeky,ADJ,3,1
10323,excellent,NOUN,3,1
10324,zerkwitz,NOUN,3,1
10325,mathematic,ADJ,3,1
10326,betrothal,ADJ,3,1
10327,preface,VERB,3,2
10328,psychologist,NOUN,3,2
10329,portmanteau,NOUN,3,2
10330,invalid,ADJ,3,2
10331,initial,ADJ,3,2
10332,illumination,NOUN,3,2
10333,eternally,ADV,3,2
10334,blab,VERB,3,2
10335,tidy,VERB,3,2
10336,prettily,ADV,3,2
10337,skate,NOUN,3,2
10338,bouquet,NOUN,3,2
10339,honeymoon,NOUN,3,2
10340,embryo,NOUN,3,2
10341,gym,NOUN,3,2
10342,councillor,NOUN,3,2
10343,det,ADJ,3,2
10344,excommunicate,VERB,3,2
10345,pet,VERB,3,2
10346,matron,NOUN,3,2
10347,ennoble,VERB,3,2
10348,beggary,NOUN,3,2
10349,overheard,VERB,3,2
10350,infatuate,VERB,3,2
10351,repartee,NOUN,3,2
10352,clammy,ADJ,3,2
10353,entrancingly,ADV,3,2
10354,translator,NOUN,3,3
10355,manifestation,NOUN,3,3
10356,dictation,NOUN,3,2
10357,hood,NOUN,3,3
10358,embroidered,ADJ,3,3
10359,recitation,NOUN,3,3
10360,squint,NOUN,3,3
10361,fume,VERB,3,3
10362,spoil,NOUN,3,3
10363,beaver,NOUN,3,2
10364,cleverer,NOUN,3,3
10365,sunburned,ADJ,3,2
10366,bedridden,ADJ,3,3
10367,worse,ADV,3,3
10368,shockingly,ADV,3,3
10369,liqueur,NOUN,3,3
10370,vineyard,NOUN,3,3
10371,hysteric,NOUN,3,3
10372,glutton,NOUN,3,3
10373,violin,NOUN,3,2
10374,clover,NOUN,3,2
10375,drawback,NOUN,3,3
10376,fruitful,ADJ,3,3
10377,confound,ADV,3,3
10378,significantly,ADV,3,3
10379,remotest,ADJ,3,3
10380,mammoth,NOUN,3,3
10381,rose,ADJ,3,3
10382,infamous,ADJ,3,3
10383,satellite,NOUN,3,2
10384,vulgar,NOUN,3,3
10385,pat,NOUN,3,3
10386,repentant,NOUN,3,3
10387,bead,VERB,3,3
10388,currant,NOUN,3,2
10389,sap,NOUN,3,3
10390,screw,NOUN,3,3
10391,flattering,ADJ,3,3
10392,undeveloped,ADJ,3,3
10393,fellowship,NOUN,3,3
10394,n,NUM,3,3
10395,courageous,ADJ,3,3
10396,toothache,NOUN,3,2
10397,inconceivably,ADV,3,2
10398,label,NOUN,3,3
10399,novel,ADJ,3,2
10400,omen,NOUN,3,2
10401,unseemly,ADJ,3,2
10402,foreground,NOUN,3,3
10403,dine,VERB,3,2
10404,intelligently,ADV,3,3
10405,emphasise,VERB,3,2
10406,tactless,ADJ,3,2
10407,spat,NOUN,3,3
10408,overawe,VERB,3,3
10409,squash,VERB,3,3
10410,instructive,ADJ,3,2
10411,ensign,NOUN,3,2
10412,linger,ADJ,3,3
10413,headed,ADJ,3,3
10414,commission,VERB,3,3
10415,cheating,NOUN,3,3
10416,pokerwork,NOUN,3,2
10417,promenade,NOUN,3,3
10418,affectation,NOUN,3,3
10419,awkward,ADV,3,3
10420,blossom,VERB,3,3
10421,bent,NOUN,3,3
10422,conveyance,NOUN,3,2
10423,blackguard,NOUN,3,2
10424,gallant,NOUN,3,3
10425,unsympathetic,ADJ,3,3
10426,slang,NOUN,3,2
10427,attache,NOUN,3,3
10428,entrust,VERB,3,2
10429,unexampled,ADJ,3,3
10430,misunderstood,NOUN,3,3
10431,purposely,ADV,3,3
10432,anthology,NOUN,3,3
10433,embroidery,NOUN,3,2
10434,lily,NOUN,3,3
10435,sweeten,VERB,3,3
10436,indiscreet,ADJ,3,3
10437,unfulfilled,ADJ,3,2
10438,isolation,NOUN,3,3
10439,crook,VERB,3,1
10440,oc,NOUN,3,1
10441,bindweed,NOUN,3,1
10442,spinsterish,ADJ,3,1
10443,mothball,NOUN,3,1
10444,chalice,NOUN,3,1
10445,refinery,NOUN,3,1
10446,chronically,ADV,3,1
10447,rasher,NOUN,3,1
10448,modernist,ADJ,3,1
10449,rector,NOUN,3,1
10450,maul,VERB,3,1
10451,scandalmonger,NOUN,3,1
10452,curly,NOUN,3,1
10453,ruthless,ADJ,3,1
10454,furry,ADJ,3,1
10455,messy,ADJ,3,1
10456,bellyful,NOUN,3,1
10457,dere,NOUN,3,1
10458,hooter,NOUN,3,1
10459,caravan,NOUN,3,1
10460,elopement,NOUN,3,1
10461,oo,INTJ,3,1
10462,perishing,NOUN,3,1
10463,passez,NOUN,3,1
10464,troubling,ADJ,3,2
10465,aluminium,NOUN,3,2
10466,blasphemous,ADJ,3,2
10467,sunless,ADJ,3,2
10468,distastefully,ADV,3,2
10469,unequally,ADV,3,2
10470,paler,NOUN,3,2
10471,diabolically,ADV,3,2
10472,sanctify,VERB,3,2
10473,convert,NOUN,3,2
10474,platitude,NOUN,3,2
10475,parishioner,NOUN,3,2
10476,dwarf,VERB,3,2
10477,unhelpful,ADJ,3,2
10478,perennially,ADV,3,2
10479,islet,NOUN,3,2
10480,defunct,ADJ,3,2
10481,trombone,NOUN,3,2
10482,gingham,NOUN,3,2
10483,sinful,ADJ,3,2
10484,embrocation,NOUN,3,2
10485,ebb,VERB,3,2
10486,tendril,NOUN,3,2
10487,knowledgeable,ADJ,3,2
10488,protestant,ADJ,3,2
10489,brazilian,ADJ,3,2
10490,moonlit,ADJ,3,2
10491,dither,VERB,3,2
10492,average,VERB,3,2
10493,cathedral,ADJ,3,2
10494,thicket,NOUN,3,2
10495,consecutive,ADJ,3,2
10496,witless,NOUN,3,2
10497,zigzag,VERB,3,2
10498,destitution,NOUN,3,2
10499,mornin,NOUN,3,2
10500,twas,VERB,3,2
10501,jack,VERB,3,2
10502,blur,VERB,3,2
10503,lard,NOUN,3,2
10504,intone,VERB,3,2
10505,ram,VERB,3,2
10506,cocoon,NOUN,3,2
10507,sixpence,VERB,3,2
10508,fortnight,ADJ,3,2
10509,cheese,VERB,3,2
10510,chilly,ADV,3,2
10511,diaphragm,NOUN,3,2
10512,hopper,NOUN,3,2
10513,miniature,ADJ,3,2
10514,powdered,ADJ,3,2
10515,shrewish,ADJ,3,2
10516,disparage,VERB,3,2
10517,and,NOUN,3,2
10518,gimme,VERB,3,2
10519,ere,ADJ,3,2
10520,fatherly,ADV,3,2
10521,angular,ADJ,3,2
10522,drudge,VERB,3,2
10523,rudiment,NOUN,3,2
10524,impress,NOUN,3,2
10525,curriculum,NOUN,3,2
10526,congenital,ADJ,3,2
10527,recuperate,VERB,3,2
10528,driving,NOUN,3,2
10529,recoil,NOUN,3,2
10530,hypocrisy,NOUN,3,2
10531,insidious,ADJ,3,3
10532,plural,NOUN,3,2
10533,distractedly,ADV,3,2
10534,snoring,NOUN,3,2
10535,immerse,VERB,3,3
10536,scrambled,ADJ,3,2
10537,toothpaste,NOUN,3,2
10538,irritably,ADV,3,3
10539,splinter,VERB,3,3
10540,nave,NOUN,3,2
10541,hassock,NOUN,3,2
10542,aloofness,NOUN,3,3
10543,harassed,ADJ,3,3
10544,quasi,ADJ,3,3
10545,legendary,ADJ,3,3
10546,radiate,VERB,3,3
10547,disapprovingly,ADV,3,2
10548,legion,NOUN,3,2
10549,conscientiously,ADV,3,3
10550,disjoint,VERB,3,2
10551,bloodless,ADJ,3,3
10552,downwards,ADV,3,2
10553,thankfully,ADV,3,3
10554,greenhouse,NOUN,3,3
10555,shadow,VERB,3,3
10556,digging,NOUN,3,3
10557,coconut,NOUN,3,3
10558,dissatisfied,ADJ,3,2
10559,despondently,ADV,3,2
10560,unfailing,ADJ,3,3
10561,fossil,NOUN,3,3
10562,trodden,ADJ,3,2
10563,alienate,VERB,3,3
10564,scrupulously,ADV,3,3
10565,fifth,NOUN,3,3
10566,retired,ADJ,3,3
10567,bequeath,VERB,3,3
10568,come,NOUN,3,3
10569,mute,VERB,3,3
10570,plaintive,ADJ,3,3
10571,dun,VERB,3,3
10572,inveterate,NOUN,3,2
10573,gambler,NOUN,3,3
10574,gamble,VERB,3,3
10575,lifelong,ADJ,3,3
10576,ver,NOUN,3,3
10577,lapdog,NOUN,3,2
10578,populace,NOUN,3,3
10579,rakish,ADJ,3,3
10580,appreciably,ADV,3,3
10581,presentable,ADJ,3,3
10582,consort,VERB,3,3
10583,shoddy,ADJ,3,3
10584,vigilance,NOUN,3,3
10585,taproom,NOUN,3,3
10586,heeled,ADJ,3,3
10587,juicy,ADJ,3,3
10588,unwillingness,NOUN,3,3
10589,loitering,NOUN,3,3
10590,gossip,VERB,3,3
10591,grime,VERB,3,2
10592,alm,NOUN,3,2
10593,feral,ADJ,3,3
10594,pebble,ADJ,3,3
10595,disintegrate,VERB,3,3
10596,motorcar,NOUN,3,3
10597,effusively,ADV,3,2
10598,rub,NOUN,3,3
10599,moist,ADJ,3,3
10600,droning,NOUN,3,3
10601,tee,NOUN,3,3
10602,bray,VERB,3,3
10603,shard,NOUN,3,2
10604,seventeenth,ADJ,3,3
10605,slangy,ADJ,3,2
10606,lace,VERB,3,3
10607,personate,VERB,3,2
10608,scabbard,NOUN,3,3
10609,pronounced,ADJ,3,3
10610,stave,NOUN,3,3
10611,spiky,NOUN,3,2
10612,cadging,NOUN,3,2
10613,handleless,NOUN,3,3
10614,manipulate,VERB,3,2
10615,straighter,ADV,3,2
10616,leprosy,NOUN,3,3
10617,conversion,NOUN,3,3
10618,reclaim,VERB,3,3
10619,walled,ADJ,3,3
10620,devolve,VERB,3,3
10621,shutting,NOUN,3,3
10622,largeness,NOUN,3,3
10623,fattish,ADJ,3,3
10624,pneumonia,NOUN,3,3
10625,horn,VERB,3,3
10626,dirtiness,NOUN,3,3
10627,youngish,ADJ,3,3
10628,smudge,VERB,3,3
10629,coarse,ADV,3,3
10630,kid,ADJ,3,2
10631,base,ADJ,3,3
10632,aloof,NOUN,3,3
10633,commonplace,ADJ,3,3
10634,stimulus,NOUN,3,3
10635,heartedly,ADV,3,3
10636,tansy,NOUN,3,2
10637,gorge,NOUN,3,3
10638,scald,VERB,3,3
10639,simian,ADJ,3,3
10640,comfortless,ADJ,3,3
10641,dishearten,VERB,3,3
10642,repulse,VERB,3,3
10643,grudge,NOUN,3,3
10644,revers,NOUN,3,3
10645,stud,VERB,3,3
10646,takin,NOUN,3,3
10647,smutty,ADJ,3,3
10648,appreciatively,ADV,3,3
10649,pilot,NOUN,3,2
10650,alluring,ADJ,3,3
10651,crackling,NOUN,3,3
10652,squat,ADJ,3,3
10653,forward,ADP,3,3
10654,mate,VERB,3,3
10655,mo,NOUN,3,3
10656,dried,ADJ,3,2
10657,unfairness,NOUN,3,3
10658,measuring,NOUN,3,3
10659,heat,VERB,3,3
10660,nightjar,NOUN,3,2
10661,pool,VERB,3,3
10662,traipse,VERB,3,3
10663,cleft,NOUN,3,3
10664,scurvy,NOUN,3,3
10665,stupefy,VERB,3,3
10666,unappetizing,NOUN,3,3
10667,blithely,ADV,3,3
10668,urgency,NOUN,3,3
10669,funk,VERB,3,3
10670,razzle,NOUN,3,2
10671,abide,NOUN,3,3
10672,medley,NOUN,3,2
10673,menial,ADJ,3,3
10674,retrieve,VERB,3,2
10675,smelling,NOUN,3,3
10676,persevere,VERB,3,3
10677,spiral,ADJ,3,3
10678,sweating,ADJ,3,3
10679,snigger,VERB,3,3
10680,unrestfully,ADV,3,3
10681,plenty,ADJ,3,2
10682,catty,ADJ,3,3
10683,motherly,ADJ,3,3
10684,speak,NOUN,3,3
10685,inquisitively,ADV,3,3
10686,chalk,VERB,3,3
10687,yew,NOUN,3,2
10688,thumb,VERB,3,3
10689,freezing,NOUN,3,2
10690,bash,VERB,3,3
10691,navel,NOUN,3,2
10692,ed,NOUN,3,3
10693,renowned,ADJ,3,3
10694,impediment,NOUN,3,2
10695,noise,VERB,3,3
10696,ouse,NOUN,3,2
10697,mingy,ADJ,3,3
10698,smoker,NOUN,3,3
10699,swaller,NOUN,3,2
10700,matchwood,NOUN,3,3
10701,missionary,ADJ,3,3
10702,teetotaller,NOUN,3,2
10703,abusive,ADJ,3,2
10704,temp,ADJ,3,2
10705,riff,NOUN,3,3
10706,raff,NOUN,3,3
10707,knee,VERB,3,3
10708,doze,NOUN,3,3
10709,dummy,ADJ,3,3
10710,heathen,ADV,3,2
10711,hob,NOUN,3,3
10712,grotesquely,ADV,3,2
10713,penetrate,NOUN,3,2
10714,unholy,ADJ,3,3
10715,pox,NOUN,3,3
10716,itch,NOUN,3,3
10717,rhythmically,ADV,3,3
10718,lassitude,NOUN,3,3
10719,condensed,ADJ,3,3
10720,stoutly,ADV,3,3
10721,asset,NOUN,3,3
10722,unnoticed,ADJ,3,3
10723,devil,VERB,3,2
10724,default,NOUN,3,3
10725,queerer,NOUN,3,3
10726,label,VERB,3,3
10727,passable,ADJ,3,3
10728,chivalrous,ADJ,3,3
10729,mitten,NOUN,3,2
10730,youngster,NOUN,3,3
10731,unqualified,ADJ,3,3
10732,premium,NOUN,3,3
10733,indistinguishably,ADV,3,3
10734,crossroad,NOUN,3,3
10735,untruthfully,ADV,3,3
10736,acorn,ADJ,3,3
10737,quilt,VERB,3,3
10738,greyer,NOUN,3,3
10739,ornamental,ADJ,3,3
10740,prosper,VERB,3,3
10741,unused,ADJ,3,3
10742,victorian,ADJ,3,2
10743,sway,NOUN,3,3
10744,briton,NOUN,3,3
10745,frenchman,NOUN,3,2
10746,tenpence,NOUN,3,2
10747,dexterity,NOUN,3,3
10748,shameface,VERB,3,3
10749,mortally,ADV,3,3
10750,restlessly,ADV,3,2
10751,sally,VERB,3,3
10752,haggle,VERB,3,3
10753,bloomer,NOUN,3,2
10754,outsider,NOUN,3,3
10755,finery,NOUN,3,3
10756,dock,VERB,3,2
10757,orgasm,NOUN,3,2
10758,grisly,ADV,3,2
10759,hazard,VERB,3,2
10760,innovation,NOUN,3,3
10761,schoolgirl,NOUN,3,3
10762,noticeably,ADV,3,3
10763,crackle,VERB,3,3
10764,spectacular,ADJ,3,3
10765,deputation,NOUN,3,3
10766,inquisitor,NOUN,3,2
10767,mobile,ADJ,3,3
10768,shorthand,NOUN,3,3
10769,harangue,NOUN,3,3
10770,aloud,ADJ,3,3
10771,cubic,ADJ,3,3
10772,funereal,ADJ,3,3
10773,undeceive,VERB,3,2
10774,insufferable,ADJ,3,2
10775,seedy,ADJ,3,3
10776,tremen,NOUN,3,2
10777,laziness,NOUN,3,3
10778,vow,VERB,3,2
10779,imbecile,ADJ,3,3
10780,misbehave,VERB,3,3
10781,hypocritical,ADJ,3,3
10782,resounding,ADJ,3,3
10783,perfunctory,NOUN,3,2
10784,holly,ADV,3,3
10785,drearily,ADV,3,3
10786,throng,NOUN,3,2
10787,corrupting,ADJ,3,2
10788,wearisome,ADJ,3,3
10789,warm,NOUN,3,3
10790,catechism,NOUN,3,3
10791,japanned,ADJ,3,3
10792,bucketful,ADJ,3,3
10793,mori,NOUN,3,2
10794,retch,VERB,3,3
10795,allot,VERB,3,3
10796,moribund,ADJ,3,3
10797,incompetent,ADJ,3,3
10798,righteous,ADJ,3,3
10799,cymbal,NOUN,3,3
10800,loudness,NOUN,3,3
10801,flu,NOUN,3,3
10802,roasted,ADJ,3,3
10803,pearly,ADJ,3,3
10804,boiler,NOUN,3,3
10805,gauge,VERB,3,3
10806,junction,NOUN,3,3
10807,jargon,NOUN,3,3
10808,septic,ADJ,3,3
10809,sameness,NOUN,3,2
10810,mannerism,NOUN,3,3
10811,seaside,ADJ,3,2
10812,emptiness,ADJ,3,3
10813,verminous,ADJ,3,2
10814,terra,NOUN,3,3
10815,unoccupied,ADJ,3,3
10816,vanishe,NOUN,3,3
10817,unguarded,ADJ,3,3
10818,flinching,NOUN,3,2
10819,thwart,VERB,3,3
10820,insignificance,NOUN,3,3
10821,paddock,NOUN,3,1
10822,organise,VERB,3,1
10823,butt,VERB,3,1
10824,snowball,NOUN,3,1
10825,forelock,NOUN,3,1
10826,cowshe,VERB,3,1
10827,crowbar,NOUN,3,1
10828,rebuilding,NOUN,3,1
10829,foal,NOUN,3,2
10830,purr,VERB,3,2
10831,lawsuit,NOUN,3,2
10832,tame,VERB,3,2
10833,ambush,NOUN,3,2
10834,gore,VERB,3,2
10835,manger,NOUN,3,2
10836,incubator,NOUN,3,2
10837,footprint,NOUN,3,2
10838,instal,VERB,3,2
10839,grazing,NOUN,3,2
10840,readjustment,NOUN,3,2
10841,crowing,NOUN,3,2
10842,banquet,NOUN,3,2
10843,cheep,VERB,3,3
10844,span,NOUN,3,3
10845,unity,NOUN,3,3
10846,dash,NOUN,3,3
10847,rat,VERB,3,3
10848,persuasive,ADJ,3,3
10849,expound,VERB,3,2
10850,uprising,NOUN,3,2
10851,croak,VERB,3,3
10852,caper,VERB,3,3
10853,lithograph,NOUN,3,3
10854,rung,NOUN,3,3
10855,wisps,NOUN,3,3
10856,institute,VERB,3,3
10857,humbler,NOUN,3,2
10858,wean,VERB,3,3
10859,woodland,NOUN,3,2
10860,shrewd,ADJ,3,3
10861,horseshoe,NOUN,3,2
10862,blackbird,NOUN,3,3
10863,harm,VERB,3,3
10864,cog,NOUN,3,3
10865,harrow,NOUN,3,2
10866,spurt,NOUN,3,3
10867,moonshine,NOUN,3,3
10868,gruff,NOUN,3,3
10869,persuasively,ADV,3,3
10870,plod,VERB,3,3
10871,shine,NOUN,3,3
10872,frost,VERB,3,3
10873,escort,NOUN,3,3
10874,outcry,NOUN,3,3
10875,snout,NOUN,3,3
10876,curdle,VERB,3,3
10877,uttering,ADJ,3,3
10878,squeal,VERB,3,3
10879,ringleader,NOUN,3,2
10880,ram,NOUN,3,2
10881,meddle,VERB,3,3
10882,thy,NOUN,3,3
10883,giver,NOUN,3,3
10884,negotiation,NOUN,3,3
10885,privy,ADJ,3,3
10886,censure,VERB,3,3
10887,discouragement,NOUN,3,2
10888,pensioner,NOUN,3,2
10889,deed,VERB,3,2
10890,sentinel,NOUN,3,3
10891,stinging,ADJ,3,3
10892,heed,VERB,3,2
10893,bodyguard,NOUN,3,3
10894,unaccountably,ADV,3,3
10895,smart,VERB,3,2
10896,escort,VERB,3,2
10897,wrong,ADV,3,3
10898,carrot,NOUN,3,3
10899,flea,NOUN,3,3
10900,disuse,VERB,3,3
10901,gill,NOUN,3,3
10902,satisfactorily,ADV,3,3
10903,dealer,NOUN,3,3
10904,oration,NOUN,3,3
10905,lamented,ADJ,3,3
10906,interment,NOUN,3,2
10907,filial,ADJ,3,3
10908,mill,VERB,3,3
10909,imperishable,ADJ,3,3
10910,tyrannical,ADJ,3,3
10911,shrill,NOUN,3,3
10912,stamping,NOUN,3,2
10913,jointly,ADV,3,3
10914,banging,NOUN,3,3
10915,pretender,NOUN,3,1
10916,affidavit,NOUN,3,1
10917,caricature,VERB,3,2
10918,socrate,NOUN,3,2
10919,trainer,NOUN,3,2
10920,superhuman,ADJ,3,2
10921,goddess,NOUN,3,2
10922,conciliate,VERB,3,2
10923,defiance,NOUN,3,3
10924,se,VERB,3,2
10925,adduce,VERB,3,2
10926,appendage,NOUN,3,3
10927,thesis,NOUN,3,2
10928,revenge,VERB,3,3
10929,discredit,NOUN,3,3
10930,category,NOUN,3,3
10931,oracular,ADJ,3,3
10932,truthfulness,NOUN,3,3
10933,threatening,ADJ,3,2
10934,antagonism,NOUN,3,3
10935,shameless,ADJ,3,3
10936,juvenile,ADJ,3,2
10937,beneath,NOUN,3,2
10938,challenge,NOUN,3,3
10939,impetuous,ADJ,3,3
10940,pretension,NOUN,3,3
10941,untimely,ADJ,3,2
10942,alien,NOUN,3,3
10943,untruth,NOUN,3,2
10944,sundry,ADJ,3,2
10945,lawless,ADJ,3,3
10946,disposed,ADJ,3,3
10947,pursuer,NOUN,3,2
10948,villainy,ADJ,3,2
10949,award,NOUN,3,3
10950,gift,VERB,3,3
10951,undisturbe,VERB,3,2
10952,numberless,ADJ,3,3
10953,clerkship,NOUN,3,1
10954,honoured,ADJ,3,1
10955,monastery,NOUN,3,1
10956,amble,VERB,3,1
10957,frangipani,NOUN,3,1
10958,tamarind,NOUN,3,1
10959,mildew,VERB,3,1
10960,disrespectful,ADJ,3,1
10961,babus,NOUN,3,1
10962,prisson,NOUN,3,1
10963,uprush,NOUN,3,1
10964,extortion,NOUN,3,1
10965,longyis,NOUN,3,1
10966,pyinkado,NOUN,3,1
10967,lank,NOUN,3,1
10968,mamootie,NOUN,3,1
10969,chili,NOUN,3,1
10970,zinnia,NOUN,3,1
10971,carcass,NOUN,3,1
10972,turmeric,NOUN,3,1
10973,stroll,NOUN,3,1
10974,weiksa,NOUN,3,1
10975,disfigured,ADJ,3,1
10976,nga,NOUN,3,1
10977,jetty,NOUN,3,1
10978,frangipani,ADJ,3,1
10979,rubbah,NOUN,3,1
10980,verrall,NOUN,3,1
10981,swab,NOUN,3,1
10982,verrall,VERB,3,1
10983,balsam,NOUN,3,1
10984,durbar,NOUN,3,1
10985,beaded,ADJ,3,2
10986,sighted,ADJ,3,2
10987,disloyal,ADJ,3,2
10988,bribery,NOUN,3,2
10989,swath,NOUN,3,2
10990,abnormally,ADV,3,2
10991,sideway,NOUN,3,2
10992,billiard,NOUN,3,2
10993,garlic,ADJ,3,2
10994,elongate,VERB,3,2
10995,squawk,NOUN,3,2
10996,waterfall,NOUN,3,2
10997,billycock,NOUN,3,2
10998,machan,NOUN,3,2
10999,lacquered,ADJ,3,2
11000,miry,NOUN,3,2
11001,yelp,VERB,3,2
11002,sickle,NOUN,3,2
11003,timorous,ADJ,3,2
11004,ye,X,3,2
11005,yap,VERB,3,2
11006,disregarded,ADJ,3,2
11007,ostrich,NOUN,3,2
11008,turpentine,NOUN,3,2
11009,torchlight,NOUN,3,2
11010,pandemonium,NOUN,3,2
11011,squalling,NOUN,3,2
11012,peanut,NOUN,3,2
11013,curtsy,NOUN,3,2
11014,raucous,ADJ,3,2
11015,incautiously,ADV,3,2
11016,lurid,ADJ,3,2
11017,overdue,ADJ,3,2
11018,sunstroke,NOUN,3,2
11019,modish,ADJ,3,2
11020,negligently,ADV,3,2
11021,rhinoceros,NOUN,3,2
11022,blackmail,VERB,3,2
11023,connivance,NOUN,3,2
11024,rape,VERB,3,2
11025,conjurer,NOUN,3,2
11026,calumniate,VERB,3,2
11027,rut,VERB,3,2
11028,arching,NOUN,3,2
11029,stubble,ADJ,3,2
11030,interminably,ADV,3,2
11031,ointment,NOUN,3,2
11032,swore,NOUN,3,2
11033,archly,ADV,3,2
11034,waylay,VERB,3,2
11035,wan,VERB,3,2
11036,streaming,ADJ,3,2
11037,swine,VERB,3,2
11038,ballot,NOUN,3,2
11039,cackle,VERB,3,2
11040,froth,NOUN,3,2
11041,miraculously,ADV,3,2
11042,unawares,ADV,3,2
11043,impartiality,NOUN,3,3
11044,revenue,NOUN,3,2
11045,excellently,ADV,3,3
11046,manifold,ADJ,3,3
11047,inspiring,ADJ,3,3
11048,kindly,ADJ,3,3
11049,sideboard,NOUN,3,3
11050,fatness,NOUN,3,3
11051,hideousness,NOUN,3,2
11052,citadel,NOUN,3,3
11053,mauve,NOUN,3,3
11054,riot,VERB,3,3
11055,watering,NOUN,3,3
11056,downy,NOUN,3,3
11057,ingenuous,ADJ,3,2
11058,prelude,NOUN,3,3
11059,perversity,NOUN,3,3
11060,smutty,NOUN,3,2
11061,geniality,NOUN,3,3
11062,exhaustedly,ADV,3,3
11063,arrear,NOUN,3,3
11064,stew,ADJ,3,3
11065,swelter,VERB,3,3
11066,malaise,NOUN,3,2
11067,festive,ADJ,3,3
11068,fuzzy,ADJ,3,3
11069,credulous,ADJ,3,3
11070,exterior,NOUN,3,3
11071,uplift,ADJ,3,2
11072,combat,VERB,3,3
11073,smallpox,NOUN,3,2
11074,hesitant,ADJ,3,3
11075,incalculable,ADJ,3,3
11076,equip,VERB,3,3
11077,mercury,NOUN,3,3
11078,teacup,NOUN,3,3
11079,yawning,NOUN,3,3
11080,suicidal,ADJ,3,2
11081,ivy,NOUN,3,3
11082,waxen,NOUN,3,3
11083,otter,NOUN,3,3
11084,web,VERB,3,2
11085,le,NOUN,3,2
11086,crow,VERB,3,2
11087,foresight,NOUN,3,2
11088,can,VERB,3,2
11089,eventless,ADJ,3,3
11090,morass,NOUN,3,2
11091,tail,VERB,3,2
11092,incongruous,ADJ,3,3
11093,outpost,NOUN,3,3
11094,sterile,ADJ,3,3
11095,rough,ADV,3,2
11096,gifted,ADJ,3,3
11097,contortion,NOUN,3,3
11098,ladle,VERB,3,3
11099,pinkish,ADJ,3,2
11100,invigorate,VERB,3,3
11101,cheeriness,NOUN,3,3
11102,pudgy,NOUN,3,2
11103,partisanship,NOUN,3,3
11104,prehistoric,ADJ,3,3
11105,trickle,NOUN,3,2
11106,sombre,NOUN,3,3
11107,blob,NOUN,3,3
11108,garbage,NOUN,3,3
11109,perpetrate,VERB,3,2
11110,optimistic,ADJ,3,3
11111,muddle,VERB,3,3
11112,satanic,ADJ,3,3
11113,rapt,ADJ,3,3
11114,brainy,ADJ,3,2
11115,besought,VERB,3,3
11116,heron,NOUN,3,3
11117,laundress,NOUN,3,2
11118,squall,VERB,3,3
11119,redden,VERB,3,3
11120,plaque,NOUN,3,2
11121,nodding,NOUN,3,3
11122,sinuous,ADJ,3,3
11123,independently,ADV,3,3
11124,warrant,VERB,3,2
11125,pantomime,NOUN,3,2
11126,centre,VERB,3,2
11127,girdle,VERB,3,2
11128,cosmetic,NOUN,3,3
11129,extraction,NOUN,3,3
11130,superficial,ADJ,3,3
11131,rapidity,NOUN,3,2
11132,seasonable,ADJ,3,3
11133,role,NOUN,3,3
11134,roadside,NOUN,3,3
11135,gudgeon,ADJ,3,2
11136,ch,NOUN,3,2
11137,homesick,NOUN,3,3
11138,grander,NOUN,3,3
11139,sackcloth,NOUN,3,2
11140,amputated,ADJ,3,3
11141,developed,ADJ,3,3
11142,melon,NOUN,3,3
11143,humor,NOUN,3,3
11144,sympathizer,NOUN,3,2
11145,impregnable,ADJ,3,2
11146,exhilarate,VERB,3,3
11147,vent,VERB,3,3
11148,drab,NOUN,3,3
11149,prostrate,NOUN,3,2
11150,gracelessness,NOUN,3,3
11151,lowness,NOUN,3,3
11152,footed,ADJ,3,3
11153,deprecate,VERB,3,3
11154,hollow,VERB,3,3
11155,paddle,NOUN,3,2
11156,cuff,VERB,3,2
11157,eater,NOUN,3,3
11158,densely,ADV,3,3
11159,knack,NOUN,3,3
11160,scuttle,VERB,3,2
11161,disquieting,ADJ,3,2
11162,hysterically,ADV,3,3
11163,exhilarating,ADJ,3,3
11164,dam,NOUN,3,2
11165,biggish,ADJ,3,3
11166,heathen,ADJ,3,2
11167,fearless,ADJ,3,3
11168,offensively,ADV,3,3
11169,tan,VERB,3,2
11170,inferiority,NOUN,3,2
11171,pink,ADV,3,3
11172,gruff,ADJ,3,3
11173,appealingly,ADV,3,3
11174,humiliating,ADJ,3,3
11175,heated,ADJ,3,3
11176,natured,ADJ,3,3
11177,indefinable,ADJ,3,3
11178,warily,NOUN,3,3
11179,incautious,ADJ,3,3
11180,shiver,ADJ,3,3
11181,recital,NOUN,3,3
11182,title,VERB,3,3
11183,outspoken,ADJ,3,3
11184,spending,NOUN,3,3
11185,orderly,NOUN,3,3
11186,rein,VERB,3,2
11187,blur,NOUN,3,3
11188,monopolize,VERB,3,3
11189,restless,NOUN,3,3
11190,tanned,ADJ,3,2
11191,crook,NOUN,3,3
11192,whir,VERB,3,3
11193,denunciation,NOUN,3,3
11194,utter,NOUN,3,3
11195,carrion,NOUN,3,2
11196,grub,VERB,3,3
11197,thriller,NOUN,3,2
11198,divine,NOUN,3,3
11199,fretful,ADJ,3,2
11200,apropos,NOUN,3,2
11201,tack,NOUN,3,3
11202,barge,NOUN,3,3
11203,meagre,ADJ,3,3
11204,onwards,ADP,3,3
11205,judicial,ADJ,3,2
11206,plump,VERB,3,2
11207,lined,ADJ,3,2
11208,german,NOUN,3,3
11209,sanguinary,ADJ,3,2
11210,disdain,VERB,3,3
11211,assault,VERB,3,2
11212,corroborate,VERB,3,2
11213,nervousness,NOUN,3,2
11214,irresolutely,ADV,3,3
11215,stove,VERB,3,3
11216,sharpen,VERB,3,3
11217,clamber,VERB,3,3
11218,bellowing,NOUN,3,3
11219,fat,VERB,3,3
11220,saviour,NOUN,3,3
11221,impassable,ADJ,3,3
11222,postage,NOUN,3,3
11223,inarticulate,NOUN,3,2
11224,rickshaw,ADJ,3,2
11225,expostulate,VERB,3,3
11226,hoot,NOUN,3,3
11227,discoloured,ADJ,3,3
11228,snigger,NOUN,3,3
11229,astounded,ADJ,3,3
11230,relax,VERB,3,3
11231,lethargy,NOUN,3,3
11232,weakly,ADJ,3,3
11233,timorously,ADV,3,3
11234,shattered,ADJ,3,2
11235,bedpost,NOUN,3,2
11236,unending,ADJ,3,3
11237,scroll,NOUN,3,3
11238,upright,NOUN,3,3
11239,subordinate,ADJ,3,3
11240,fatty,NOUN,3,1
11241,stuffing,NOUN,3,1
11242,admiral,NOUN,3,1
11243,baloney,NOUN,3,1
11244,streamline,VERB,3,1
11245,plastery,NOUN,3,1
11246,latakia,NOUN,3,1
11247,dumpling,NOUN,3,1
11248,saddler,NOUN,3,1
11249,squailer,NOUN,3,1
11250,blackbeetle,NOUN,3,1
11251,auctioneer,NOUN,3,1
11252,carter,NOUN,3,1
11253,tench,NOUN,3,1
11254,idiocy,NOUN,3,1
11255,yessir,NOUN,3,1
11256,chairman,NOUN,3,1
11257,loony,NOUN,3,1
11258,kid,VERB,3,2
11259,stucco,NOUN,3,2
11260,leech,NOUN,3,2
11261,bung,VERB,3,2
11262,householder,NOUN,3,2
11263,dive,NOUN,3,2
11264,winner,NOUN,3,2
11265,waistcoat,ADJ,3,2
11266,conference,NOUN,3,2
11267,refrigerator,NOUN,3,2
11268,bit,VERB,3,2
11269,terrier,NOUN,3,2
11270,munch,VERB,3,2
11271,tinker,NOUN,3,2
11272,parlour,NUM,3,2
11273,earwig,NOUN,3,2
11274,sanitary,ADJ,3,2
11275,ordeal,NOUN,3,2
11276,gag,NOUN,3,2
11277,zoom,NOUN,3,2
11278,boggy,NOUN,3,2
11279,everlasting,NOUN,3,2
11280,billet,VERB,3,2
11281,poplar,ADJ,3,2
11282,weekly,NOUN,3,2
11283,octopus,NOUN,3,2
11284,loafing,NOUN,3,2
11285,sand,VERB,3,2
11286,dole,NOUN,3,2
11287,battleship,NOUN,3,2
11288,lordly,ADV,3,2
11289,bramble,NOUN,3,2
11290,brushwood,NOUN,3,2
11291,fair,ADV,3,2
11292,pickle,NOUN,3,2
11293,yearning,NOUN,3,2
11294,dreamy,NOUN,3,2
11295,verity,NOUN,3,2
11296,dossier,NOUN,3,2
11297,fake,ADJ,3,2
11298,combine,NOUN,3,2
11299,bursting,NOUN,3,2
11300,astrology,NOUN,3,3
11301,bounce,NOUN,3,3
11302,tout,VERB,3,3
11303,double,ADV,3,3
11304,meek,NOUN,3,2
11305,punch,VERB,3,2
11306,ledge,NOUN,3,3
11307,admittedly,ADV,3,2
11308,ramrod,NOUN,3,2
11309,outward,VERB,3,3
11310,predominantly,ADV,3,2
11311,joiner,NOUN,3,2
11312,nearest,ADP,3,3
11313,cedar,NOUN,3,3
11314,fodder,NOUN,3,2
11315,sheepish,ADJ,3,3
11316,flung,ADJ,3,3
11317,bleach,VERB,3,3
11318,radius,NOUN,3,3
11319,mottle,VERB,3,3
11320,unbelievably,ADV,3,2
11321,polygamy,NOUN,3,3
11322,harem,NOUN,3,3
11323,rash,NOUN,3,2
11324,gutte,VERB,3,2
11325,buzzing,NOUN,3,3
11326,larder,NOUN,3,3
11327,spread,NOUN,3,3
11328,sun,VERB,3,3
11329,haul,NOUN,3,3
11330,cowhide,NOUN,3,3
11331,meadow,VERB,3,2
11332,pike,NOUN,3,3
11333,snobbish,ADJ,3,2
11334,plop,NOUN,3,3
11335,dampness,NOUN,3,2
11336,bronchitis,NOUN,3,2
11337,blunt,NOUN,3,3
11338,orderly,ADV,3,2
11339,ringing,NOUN,3,2
11340,tusk,NOUN,3,3
11341,lath,NOUN,3,2
11342,tinker,VERB,3,3
11343,soulless,ADJ,3,2
11344,locally,ADV,3,2
11345,cashier,NOUN,3,2
11346,commoner,NOUN,3,3
11347,overflowing,ADJ,3,3
11348,continuity,NOUN,3,2
11349,deathbed,NOUN,3,3
11350,underworld,NOUN,3,3
11351,leading,ADJ,3,3
11352,oatmeal,ADJ,3,3
11353,apathetic,ADJ,3,3
11354,cab,NOUN,3,3
11355,oceanic,ADJ,3,2
11356,corrugate,VERB,3,3
11357,rig,VERB,3,3
11358,conscript,NOUN,3,2
11359,fortification,NOUN,3,3
11360,junior,ADJ,3,3
11361,tunic,NOUN,3,3
11362,cutlery,NOUN,3,3
11363,bed,VERB,3,3
11364,punch,NOUN,3,3
11365,getter,NOUN,3,2
11366,wiping,NOUN,3,3
11367,negative,ADJ,3,2
11368,unfaithful,ADJ,3,2
11369,lettuce,NOUN,3,3
11370,unsuccessfully,ADV,3,2
11371,bestial,ADJ,3,2
11372,gospel,NOUN,3,3
11373,burn,NOUN,3,3
11374,constrictor,NOUN,3,2
11375,eddy,NOUN,3,3
11376,gorilla,NOUN,3,3
11377,stress,NOUN,3,3
11378,bonus,NOUN,3,3
11379,vibrate,VERB,3,3
11380,vibration,NOUN,3,2
11381,dental,ADJ,3,3
11382,foolery,NOUN,3,3
11383,gear,NOUN,3,3
11384,sage,NOUN,3,2
11385,gulp,NOUN,3,3
11386,seventeenth,NOUN,3,3
11387,blowing,NOUN,3,2
11388,silky,NOUN,3,2
11389,vindictive,ADJ,3,2
11390,memorial,NOUN,3,3
11391,riverside,NOUN,3,2
11392,lunch,VERB,3,3
11393,expensiveness,NOUN,3,2
11394,rail,VERB,3,2
11395,tripper,NOUN,3,2
11396,effigy,NOUN,3,2
11397,grill,VERB,3,3
11398,wavy,ADJ,3,3
11399,asphalt,NOUN,3,3
11400,thistle,NOUN,3,3
11401,wee,ADJ,3,3
11402,stratosphere,NOUN,3,2
11403,wireless,NOUN,3,2
11404,projectile,NOUN,3,3
11405,banister,NOUN,3,3
11406,directory,NOUN,3,3
11407,map,VERB,3,3
11408,vinegar,NOUN,3,3
11409,stonemason,NOUN,3,1
11410,monsieur,NOUN,3,1
11411,mon,NOUN,3,1
11412,rue,NOUN,3,1
11413,beetroot,NOUN,3,1
11414,cher,NOUN,3,1
11415,engueulade,NOUN,3,1
11416,starving,NOUN,3,1
11417,puller,NOUN,3,1
11418,nobber,NOUN,3,1
11419,acrobat,NOUN,3,1
11420,slummer,NOUN,3,1
11421,stowaway,NOUN,3,1
11422,atavism,NOUN,3,1
11423,declaim,VERB,3,2
11424,des,X,3,2
11425,interestingly,ADV,3,2
11426,rob,NOUN,3,2
11427,carte,NOUN,3,2
11428,swindler,NOUN,3,2
11429,benign,ADJ,3,2
11430,smartness,NOUN,3,2
11431,disease,VERB,3,2
11432,smuggling,NOUN,3,2
11433,unwashed,ADJ,3,2
11434,afore,ADV,3,2
11435,undressing,ADJ,3,2
11436,tug,NOUN,3,2
11437,embankment,ADJ,3,2
11438,merit,VERB,3,2
11439,variegate,VERB,3,3
11440,groove,NOUN,3,2
11441,dwarfish,ADJ,3,2
11442,buyer,NOUN,3,3
11443,methodically,ADV,3,2
11444,cheery,NOUN,3,3
11445,remittance,NOUN,3,2
11446,irrecoverable,ADJ,3,3
11447,wasteful,ADJ,3,3
11448,assess,VERB,3,3
11449,compute,VERB,3,3
11450,embezzlement,NOUN,3,2
11451,asking,NOUN,3,2
11452,influential,ADJ,3,2
11453,squabble,NOUN,3,2
11454,patronage,NOUN,3,2
11455,cuckoo,NOUN,3,3
11456,forestall,VERB,3,3
11457,hitch,NOUN,3,2
11458,reconnoitre,VERB,3,3
11459,ix,NOUN,3,3
11460,flush,NOUN,3,2
11461,jumble,VERB,3,3
11462,stifling,ADJ,3,3
11463,rang,VERB,3,3
11464,reliable,ADJ,3,2
11465,collision,NOUN,3,2
11466,cinder,NOUN,3,3
11467,permit,NOUN,3,3
11468,xiii,NOUN,3,2
11469,illicit,ADJ,3,3
11470,thick,ADV,3,3
11471,minister,VERB,3,3
11472,greasy,ADJ,3,3
11473,dilute,VERB,3,3
11474,cork,VERB,3,2
11475,priceless,ADJ,3,3
11476,cadaverous,ADJ,3,3
11477,funnel,NOUN,3,3
11478,challenge,VERB,3,3
11479,remember,NOUN,3,2
11480,banjo,NOUN,3,2
11481,hilarious,ADJ,3,3
11482,childbearing,NOUN,3,2
11483,oman,NOUN,3,3
11484,candlestick,NOUN,3,3
11485,drizzle,NOUN,3,2
11486,harrow,VERB,3,3
11487,groaning,NOUN,3,3
11488,coughing,NOUN,3,2
11489,leastway,NOUN,3,2
11490,chink,VERB,3,2
11491,clout,NOUN,3,2
11492,apiece,ADV,3,2
11493,fitter,NOUN,3,3
11494,residential,ADJ,3,3
11495,manhood,NOUN,3,3
11496,prohibit,VERB,3,3
11497,hopelessness,NOUN,3,2
11498,smartish,ADJ,3,2
11499,condense,VERB,3,3
11500,astronomy,NOUN,3,3
11501,embitter,VERB,3,3
11502,marvellously,ADV,3,3
11503,legitimate,ADJ,3,3
11504,beggar,ADJ,3,3
11505,tout,NOUN,3,2
11506,performer,NOUN,3,3
11507,chanter,NOUN,3,2
11508,shackle,NOUN,3,2
11509,scrupulous,ADJ,3,3
11510,rime,NOUN,3,2
11511,crane,NOUN,3,2
11512,scottish,ADJ,3,2
11513,survival,NOUN,3,2
11514,whore,VERB,3,2
11515,favouritism,NOUN,3,2
11516,dreary,NOUN,3,3
11517,packed,ADJ,3,3
11518,barn,ADJ,3,2
11519,cordially,ADV,3,3
11520,futile,NOUN,3,3
11521,celibacy,NOUN,3,2
11522,breaker,NOUN,3,3
11523,penalize,VERB,3,2
11524,ofpainting,NOUN,3,1
11525,ofour,NOUN,3,1
11526,worlds,NOUN,3,1
11527,ofspaceland,ADJ,3,1
11528,ofthing,NOUN,3,1
11529,cle,NOUN,3,1
11530,ous,ADJ,3,1
11531,bythis,NOUN,3,1
11532,cele,NOUN,3,1
11533,absolutelydestitute,NOUN,3,1
11534,ofthis,NOUN,3,1
11535,ofit,NOUN,3,1
11536,shallbe,NOUN,3,1
11537,oftheir,NOUN,3,1
11538,mayso,VERB,3,1
11539,oflife,NOUN,3,1
11540,ordain,VERB,3,1
11541,threefold,ADJ,3,1
11542,aboutthe,DET,3,1
11543,inflatland,NOUN,3,1
11544,ofsight,NOUN,3,1
11545,andwhat,DET,3,1
11546,asthe,DET,3,1
11547,bythe,NOUN,3,1
11548,havebeen,VERB,3,1
11549,measurement,NOUN,3,1
11550,perimeter,NOUN,3,1
11551,thetruth,NOUN,3,1
11552,hadno,NOUN,3,1
11553,musthave,VERB,3,1
11554,thatis,NOUN,3,1
11555,ofthis,ADJ,3,1
11556,ican,ADJ,3,1
11557,ofthree,ADJ,3,1
11558,ity,NOUN,3,1
11559,hadbeen,VERB,3,1
11560,icould,AUX,3,1
11561,thatwa,VERB,3,1
11562,mension,NOUN,3,1
11563,lateral,ADJ,3,2
11564,organism,NOUN,3,2
11565,transfix,VERB,3,2
11566,diminished,ADJ,3,2
11567,conformation,NOUN,3,2
11568,axiom,NOUN,3,2
11569,behold,NOUN,3,2
11570,hierarchy,NOUN,3,2
11571,audacious,ADJ,3,2
11572,hundredth,ADJ,3,2
11573,chirping,NOUN,3,2
11574,inside,ADJ,3,2
11575,plume,VERB,3,2
11576,denote,VERB,3,2
11577,terminal,NOUN,3,2
11578,ful,ADJ,3,2
11579,movable,ADJ,3,2
11580,thine,ADJ,3,2
11581,progression,NOUN,3,2
11582,tantalize,VERB,3,2
11583,s,PART,3,2
11584,cord,VERB,3,2
11585,necessitate,VERB,3,3
11586,modulate,VERB,3,3
11587,admired,ADJ,3,3
11588,lavish,ADJ,3,3
11589,assimilate,VERB,3,3
11590,shifting,NOUN,3,3
11591,perchance,VERB,3,2
11592,irregularly,ADV,3,3
11593,immure,VERB,3,2
11594,incompatible,ADJ,3,3
11595,sensuous,ADJ,3,3
11596,wax,VERB,3,3
11597,dividing,NOUN,3,3
11598,demoralization,NOUN,3,2
11599,artful,ADJ,3,2
11600,animosity,NOUN,3,3
11601,subdued,ADJ,3,3
11602,attest,VERB,3,3
11603,upwards,ADJ,3,2
11604,reverse,VERB,3,3
11605,certify,VERB,3,3
11606,bi,ADJ,3,3
11607,ai,NOUN,3,2
11608,courtship,NOUN,3,2
11609,vocal,ADJ,3,2
11610,rapt,VERB,3,3
11611,draught,ADJ,3,2
11612,bidding,NOUN,3,2
11613,gradation,NOUN,3,3
11614,thine,NOUN,3,3
11615,thrice,NOUN,3,3
11616,dreamed,ADJ,3,3
11617,miniature,NOUN,3,2
11618,inmost,NOUN,3,3
11619,thousandth,ADJ,3,3
11620,counsellor,NOUN,3,3
11621,quest,NOUN,3,2
11622,doubtless,ADV,3,2
11623,senseless,NOUN,3,3
11624,herald,NOUN,3,2
11625,ping,NOUN,3,2
11626,avow,VERB,3,2
11627,inspirit,VERB,3,1
11628,enticement,NOUN,3,1
11629,rashly,ADV,3,1
11630,fervour,NOUN,3,1
11631,console,NOUN,3,1
11632,pittance,NOUN,3,1
11633,fulfilment,NOUN,3,1
11634,immutable,ADJ,3,1
11635,mechanism,NOUN,3,1
11636,insupportable,ADJ,3,1
11637,proportionably,ADV,3,1
11638,unbounded,ADJ,3,1
11639,convalescence,NOUN,3,1
11640,deposition,NOUN,3,1
11641,papa,NOUN,3,1
11642,unmingled,ADJ,3,1
11643,scaffold,NOUN,3,1
11644,winding,NOUN,3,1
11645,detestation,NOUN,3,1
11646,glut,VERB,3,1
11647,intercept,VERB,3,1
11648,angelic,ADJ,3,1
11649,northward,NOUN,3,1
11650,undiscovered,ADJ,3,2
11651,imprint,VERB,3,2
11652,dauntless,ADJ,3,2
11653,tenderly,ADJ,3,2
11654,forbear,VERB,3,2
11655,poignant,ADJ,3,2
11656,acquirement,NOUN,3,2
11657,plaything,NOUN,3,2
11658,guardian,ADJ,3,2
11659,passionate,NOUN,3,2
11660,wandering,ADJ,3,2
11661,caprice,NOUN,3,2
11662,inclemency,NOUN,3,2
11663,unsatisfie,VERB,3,2
11664,dissect,VERB,3,2
11665,miraculous,ADJ,3,2
11666,seclude,VERB,3,2
11667,baffle,VERB,3,2
11668,moderation,NOUN,3,2
11669,unfinished,ADJ,3,2
11670,partiality,NOUN,3,2
11671,retard,VERB,3,2
11672,bade,NOUN,3,2
11673,garb,NOUN,3,2
11674,minutely,ADV,3,2
11675,execrate,VERB,3,2
11676,hapless,ADJ,3,2
11677,piny,NOUN,3,2
11678,pollute,VERB,3,2
11679,resting,NOUN,3,2
11680,acorn,NOUN,3,2
11681,nightingale,NOUN,3,2
11682,unperceived,ADJ,3,2
11683,enrage,VERB,3,2
11684,disquisition,NOUN,3,2
11685,destination,NOUN,3,2
11686,consternation,NOUN,3,2
11687,impotence,NOUN,3,2
11688,confine,NOUN,3,2
11689,interchange,NOUN,3,2
11690,blight,NOUN,3,2
11691,remonstrate,VERB,3,2
11692,squalidness,NOUN,3,2
11693,isle,NOUN,3,2
11694,utensil,VERB,3,2
11695,depose,VERB,3,2
11696,imminent,ADJ,3,2
11697,behold,ADJ,3,2
11698,contest,VERB,3,3
11699,seaman,NOUN,3,2
11700,imaginative,ADJ,3,3
11701,leak,NOUN,3,3
11702,elemental,ADJ,3,3
11703,heaving,NOUN,3,2
11704,faulty,ADJ,3,2
11705,halo,NOUN,3,2
11706,intonation,NOUN,3,2
11707,subsistence,NOUN,3,3
11708,concentrated,ADJ,3,3
11709,taint,VERB,3,3
11710,multifarious,ADJ,3,3
11711,distemper,NOUN,3,2
11712,chaise,NOUN,3,2
11713,locality,NOUN,3,3
11714,discoverer,NOUN,3,3
11715,transmute,VERB,3,3
11716,classification,NOUN,3,3
11717,fluctuating,NOUN,3,3
11718,anatomy,NOUN,3,2
11719,luxuriant,ADJ,3,2
11720,engross,VERB,3,2
11721,patter,VERB,3,3
11722,luxuriance,NOUN,3,2
11723,diffident,NOUN,3,3
11724,frown,NOUN,3,3
11725,uncommonly,ADV,3,3
11726,sorrow,VERB,3,3
11727,tranquilly,ADV,3,2
11728,peaked,ADJ,3,3
11729,carnage,NOUN,3,2
11730,fond,NOUN,3,2
11731,guile,NOUN,3,3
11732,tarnish,VERB,3,3
11733,croaking,NOUN,3,3
11734,cracking,NOUN,3,2
11735,intersect,VERB,3,2
11736,faintness,NOUN,3,2
11737,thyself,PRON,3,2
11738,equitable,ADJ,3,2
11739,commiserate,VERB,3,3
11740,dormant,ADJ,3,3
11741,assuage,VERB,3,2
11742,dropping,NOUN,3,3
11743,audibly,ADV,3,3
11744,pronunciation,NOUN,3,3
11745,coarser,NOUN,3,2
11746,admittance,NOUN,3,3
11747,captive,ADJ,3,2
11748,fugitive,NOUN,3,3
11749,dangerously,ADV,3,3
11750,similarity,NOUN,3,2
11751,blameless,ADJ,3,3
11752,appease,VERB,3,3
11753,gesticulation,NOUN,3,3
11754,secluded,ADJ,3,2
11755,finish,NOUN,3,2
11756,nought,ADJ,3,2
11757,impend,VERB,3,3
11758,absorbing,NOUN,3,2
11759,paternal,ADJ,3,2
11760,careless,NOUN,3,2
11761,shipping,NOUN,3,3
11762,materially,ADV,3,2
11763,elasticity,NOUN,3,2
11764,condescension,NOUN,3,3
11765,knell,NOUN,3,3
11766,keel,NOUN,3,2
11767,immeasurable,ADJ,3,2
11768,livid,ADV,3,3
11769,throbbing,NOUN,3,3
11770,jury,NOUN,3,2
11771,liberate,VERB,3,3
11772,concealment,NOUN,3,3
11773,remedy,VERB,3,2
11774,void,ADJ,3,3
11775,dictate,NOUN,3,3
11776,inheritance,NOUN,3,3
11777,dagger,NOUN,3,3
11778,artifice,NOUN,3,2
11779,expire,VERB,3,2
11780,flowery,NOUN,3,3
11781,auditor,NOUN,3,3
11782,mourner,NOUN,3,2
11783,repast,NOUN,3,3
11784,invoke,VERB,3,3
11785,mountainous,ADJ,3,3
11786,dusky,ADJ,3,2
11787,converse,NOUN,3,2
11788,forcible,ADJ,3,3
11789,projector,NOUN,3,2
11790,endanger,VERB,3,3
11791,listlessly,ADV,3,2
11792,unsupported,ADJ,3,3
11793,indecision,NOUN,3,3
11794,actuate,VERB,3,3
11795,transcendent,ADJ,3,3
11796,craving,NOUN,3,3
11797,bootblack,NOUN,3,1
11798,collectivize,VERB,3,1
11799,porrón,NOUN,3,1
11800,shell,VERB,3,1
11801,sierra,NOUN,3,1
11802,monarchist,NOUN,3,1
11803,swastika,NOUN,3,1
11804,classless,ADJ,3,1
11805,undisciplined,ADJ,3,1
11806,cataluña,ADJ,3,1
11807,reorganization,NOUN,3,1
11808,thirdly,ADV,3,1
11809,militarize,VERB,3,1
11810,censorship,NOUN,3,1
11811,unexploded,ADJ,3,1
11812,tortuous,ADJ,3,1
11813,sandbag,VERB,3,1
11814,redoubt,NOUN,3,1
11815,salient,NOUN,3,1
11816,guardia,NOUN,3,1
11817,observatory,ADJ,3,1
11818,goatskin,NOUN,3,1
11819,incommunicado,ADJ,3,1
11820,engineering,NOUN,3,1
11821,cathedral,NOUN,3,1
11822,pen,VERB,3,1
11823,virtual,ADJ,3,2
11824,idealistic,ADJ,3,2
11825,zipper,NOUN,3,2
11826,inefficiency,NOUN,3,2
11827,hew,VERB,3,2
11828,harmlessly,ADV,3,2
11829,photograph,VERB,3,2
11830,testicle,NOUN,3,2
11831,versus,ADP,3,2
11832,sporadic,ADJ,3,2
11833,keynote,NOUN,3,2
11834,wallow,VERB,3,2
11835,relieved,ADJ,3,2
11836,solidly,ADV,3,2
11837,broadcast,VERB,3,2
11838,strapped,ADJ,3,2
11839,feudal,ADJ,3,2
11840,casing,NOUN,3,2
11841,ineradicable,ADJ,3,2
11842,untried,ADJ,3,2
11843,brotherhood,NOUN,3,2
11844,piecemeal,ADV,3,3
11845,uniformity,NOUN,3,2
11846,wearer,NOUN,3,2
11847,indescribably,ADV,3,3
11848,muffler,NOUN,3,2
11849,iris,NOUN,3,3
11850,nonexistent,ADJ,3,3
11851,disseminate,VERB,3,2
11852,organized,ADJ,3,2
11853,drip,VERB,3,3
11854,counter,ADJ,3,3
11855,fundamentally,ADV,3,3
11856,preferable,ADJ,3,2
11857,damaging,ADJ,3,2
11858,jingo,NOUN,3,2
11859,accusingly,ADV,3,2
11860,hatchet,NOUN,3,3
11861,snake,VERB,3,2
11862,woody,NOUN,3,2
11863,chisel,NOUN,3,3
11864,velocity,NOUN,3,2
11865,whistling,NOUN,3,3
11866,lunge,NOUN,3,2
11867,cylindrical,ADJ,3,3
11868,encumber,VERB,3,3
11869,inaccurately,ADV,3,2
11870,snobbishness,NOUN,3,2
11871,mystique,NOUN,3,2
11872,innate,ADJ,3,3
11873,reassert,VERB,3,2
11874,rivalry,NOUN,3,3
11875,answering,NOUN,3,3
11876,sunlit,ADJ,3,2
11877,factor,NOUN,3,3
11878,scurry,VERB,3,3
11879,plausibly,ADV,3,3
11880,unfriendly,ADJ,3,3
11881,vastly,ADV,3,2
11882,scuffle,NOUN,3,3
11883,nineteenth,NOUN,3,2
11884,guesswork,NOUN,3,2
11885,pedantic,ADJ,3,3
11886,aggressive,ADJ,3,3
11887,time,VERB,3,3
11888,implication,NOUN,3,3
11889,purport,VERB,3,2
11890,weekend,NOUN,3,2
11891,puppet,NOUN,3,3
11892,whiten,VERB,3,3
11893,spherical,ADJ,3,2
11894,bather,NOUN,3,2
11895,rubble,NOUN,3,2
11896,masonry,NOUN,3,3
11897,jail,VERB,3,2
11898,snoop,VERB,3,3
11899,squeaking,NOUN,3,3
11900,fide,NOUN,3,2
11901,informer,NOUN,3,3
11902,consistency,NOUN,3,2
11903,pincher,NOUN,3,1
11904,rackhamesque,ADJ,3,1
11905,thirtieth,ADJ,3,1
11906,buckram,NOUN,3,1
11907,sneaky,ADJ,3,1
11908,lair,NOUN,3,1
11909,lino,NOUN,3,1
11910,aquarium,NOUN,3,1
11911,mantle,NOUN,3,1
11912,womanless,NOUN,3,1
11913,cit,NOUN,3,1
11914,anchorite,ADJ,3,1
11915,deodorant,NOUN,3,1
11916,aspidistral,ADJ,3,1
11917,effortless,NOUN,3,1
11918,halfpence,NOUN,3,1
11919,dore,VERB,3,1
11920,circumcise,VERB,3,1
11921,fo,NOUN,3,1
11922,beery,ADJ,3,1
11923,spittoon,NOUN,3,1
11924,rejection,NOUN,3,1
11925,reborn,ADJ,3,1
11926,steel,VERB,3,1
11927,quid,ADJ,3,1
11928,abjure,VERB,3,1
11929,undie,NOUN,3,1
11930,sexually,ADV,3,1
11931,garter,NOUN,3,1
11932,birchwood,NOUN,3,1
11933,gullet,NOUN,3,1
11934,booking,NOUN,3,1
11935,ho,X,3,1
11936,merry,VERB,3,1
11937,assorted,ADJ,3,1
11938,booth,NOUN,3,1
11939,registry,NOUN,3,1
11940,ding,NOUN,3,2
11941,heating,NOUN,3,2
11942,bracket,NOUN,3,2
11943,pushing,NOUN,3,2
11944,deadness,NOUN,3,2
11945,apologetic,ADJ,3,2
11946,hath,NOUN,3,2
11947,subjection,NOUN,3,2
11948,caddy,NOUN,3,2
11949,constrict,VERB,3,2
11950,torment,ADJ,3,2
11951,regardless,ADV,3,2
11952,jacket,VERB,3,2
11953,fatuous,ADJ,3,2
11954,lengthen,VERB,3,3
11955,deject,VERB,3,3
11956,dell,NOUN,3,2
11957,epic,ADJ,3,3
11958,discreetly,ADV,3,2
11959,frequenter,NOUN,3,2
11960,glamour,NOUN,3,3
11961,reverberation,NOUN,3,3
11962,flitting,NOUN,3,3
11963,drowse,VERB,3,3
11964,stammer,VERB,3,2
11965,avoidable,ADJ,3,2
11966,ware,NOUN,3,2
11967,canadian,ADJ,3,2
11968,defiantly,ADV,3,2
11969,silhouette,NOUN,3,2
11970,fornication,NOUN,3,2
11971,stalactite,ADJ,3,3
11972,immorality,NOUN,3,3
11973,scan,VERB,3,2
11974,theoretical,ADJ,3,3
11975,discomforte,VERB,3,2
11976,dilate,VERB,3,2
11977,sitting,ADJ,3,2
11978,belt,VERB,3,2
11979,underwear,NOUN,3,2
11980,magnanimous,ADJ,3,3
11981,absolute,VERB,3,3
11982,russet,NOUN,3,2
11983,settee,NOUN,3,2
11984,mossy,ADJ,3,3
11985,immobile,ADJ,3,2
11986,tunnel,NOUN,3,3
11987,assent,VERB,3,3
11988,bluish,ADJ,3,2
11989,fin,NOUN,3,2
11990,sparkle,NOUN,3,2
11991,clog,VERB,3,3
11992,stability,NOUN,3,2
11993,ineffable,ADJ,3,3
11994,bottle,VERB,3,3
11995,vomit,NOUN,3,2
11996,bail,VERB,3,2
11997,bedhead,NOUN,3,2
11998,irrevocable,ADJ,3,2
11999,firework,NOUN,3,2
12000,nucleus,NOUN,3,3
12001,visual,ADJ,3,2
12002,jewellery,NOUN,3,2
12003,parole,NOUN,3,2
12004,pyramidal,NOUN,3,1
12005,shoelace,NOUN,3,1
12006,snuffbox,NOUN,3,1
12007,hypnosis,NOUN,3,1
12008,lavatory,ADJ,3,1
12009,wispy,NOUN,3,1
12010,armament,NOUN,3,1
12011,bugger,NOUN,3,1
12012,instructress,NOUN,3,1
12013,fullwise,NOUN,3,1
12014,definitive,ADJ,3,1
12015,ideologically,ADV,3,1
12016,wither,NOUN,3,1
12017,unconnected,ADJ,3,1
12018,subsidiary,NOUN,3,1
12019,eyeless,ADJ,3,1
12020,nipper,NOUN,3,1
12021,inextricably,ADV,3,1
12022,unpunished,ADJ,3,1
12023,fanatic,NOUN,3,1
12024,relevant,ADJ,3,1
12025,speciality,NOUN,3,1
12026,seam,VERB,3,1
12027,controllable,ADJ,3,1
12028,embed,VERB,3,1
12029,mahogany,NOUN,3,1
12030,telescreen,ADJ,3,1
12031,diaper,NOUN,3,1
12032,flagstone,NOUN,3,1
12033,splitting,NOUN,3,1
12034,empirical,ADJ,3,1
12035,totalitarian,NOUN,3,1
12036,technician,NOUN,3,1
12037,safeguard,VERB,3,1
12038,emaciation,NOUN,3,1
12039,fallacy,NOUN,3,1
12040,solipsism,NOUN,3,1
12041,preterite,NOUN,3,1
12042,participle,NOUN,3,1
12043,terrace,NOUN,3,2
12044,ramification,NOUN,3,2
12045,itching,NOUN,3,2
12046,imperfectly,ADV,3,2
12047,equivocal,ADJ,3,2
12048,graduate,VERB,3,2
12049,anchor,VERB,3,2
12050,itch,VERB,3,2
12051,cancel,VERB,3,2
12052,rubbishy,ADJ,3,2
12053,rectification,NOUN,3,2
12054,commemorate,VERB,3,2
12055,musician,NOUN,3,2
12056,scarcity,NOUN,3,2
12057,flavour,VERB,3,2
12058,intellectual,NOUN,3,2
12059,absorption,NOUN,3,2
12060,summon,NOUN,3,2
12061,transform,VERB,3,2
12062,generality,NOUN,3,2
12063,collectively,ADV,3,2
12064,fixture,NOUN,3,2
12065,tamper,VERB,3,2
12066,shod,NOUN,3,2
12067,unrepentant,ADJ,3,2
12068,subtler,NOUN,3,2
12069,affix,NOUN,3,2
12070,pronounce,NOUN,3,2
12071,trampling,NOUN,3,2
12072,elimination,NOUN,3,2
12073,dummy,NOUN,3,3
12074,lug,VERB,3,2
12075,shake,NOUN,3,2
12076,chuckle,VERB,3,3
12077,seduction,NOUN,3,2
12078,validity,NOUN,3,2
12079,aggressively,ADV,3,2
12080,doubting,NOUN,3,2
12081,displace,VERB,3,2
12082,stunned,ADJ,3,3
12083,buzz,NOUN,3,2
12084,lighthouse,NOUN,3,2
12085,powdery,NOUN,3,3
12086,blackberry,VERB,3,2
12087,scent,VERB,3,2
12088,excel,VERB,3,2
12089,greedy,ADJ,3,3
12090,claw,VERB,3,2
12091,riotous,ADJ,3,2
12092,mineral,NOUN,3,3
12093,manufacture,NOUN,3,3
12094,sheaf,NOUN,3,3
12095,apex,NOUN,3,2
12096,nominate,VERB,3,2
12097,characterize,VERB,3,2
12098,luxuriously,ADV,3,2
12099,awakening,NOUN,3,2
12100,nakedness,NOUN,3,2
12101,forbearance,NOUN,3,3
12102,abundantly,ADV,3,2
12103,unappeasable,ADJ,3,2
12104,clamp,VERB,3,3
12105,morally,ADV,3,2
12106,cavity,NOUN,3,2
12107,resurrection,NOUN,3,3
12108,flag,VERB,3,3
12109,diverge,VERB,3,2
12110,toe,VERB,3,2
12111,competitive,ADJ,3,2
12112,inflate,VERB,3,3
12113,mewing,NOUN,3,3
12114,atmospheric,ADJ,3,2
12115,continuance,NOUN,3,3
12116,lumber,NOUN,3,3
12117,insincerity,NOUN,3,3
12118,mahout,NOUN,3,1
12119,spile,VERB,3,1
12120,whitewash,NOUN,3,1
12121,negro,ADJ,3,1
12122,skylark,VERB,3,1
12123,hove,VERB,3,1
12124,stabboard,NOUN,3,1
12125,chow,NOUN,3,1
12126,shuck,NOUN,3,1
12127,drowsing,NOUN,3,1
12128,whiz,NOUN,3,1
12129,titter,NOUN,3,1
12130,tittering,NOUN,3,1
12131,pinchbug,NOUN,3,1
12132,percussion,NOUN,3,1
12133,suspender,NOUN,3,1
12134,hesitatingly,ADV,3,1
12135,juvenile,NOUN,3,1
12136,woodshe,VERB,3,1
12137,afeard,ADJ,3,1
12138,hilt,NOUN,3,1
12139,gal,NOUN,3,1
12140,boding,NOUN,3,1
12141,mop,VERB,3,1
12142,ransack,VERB,3,1
12143,campfire,NOUN,3,1
12144,sandbar,NOUN,3,1
12145,gayly,ADV,3,1
12146,swim,NOUN,3,1
12147,pirate,VERB,3,1
12148,signpainter,NOUN,3,1
12149,courtroom,NOUN,3,1
12150,horsewhip,VERB,3,1
12151,innocent,NOUN,3,2
12152,derision,NOUN,3,2
12153,anyways,INTJ,3,2
12154,steamboat,NOUN,3,2
12155,deluge,NOUN,3,2
12156,originality,NOUN,3,2
12157,thunderbolt,NOUN,3,2
12158,tint,VERB,3,2
12159,hammering,NOUN,3,2
12160,sear,VERB,3,2
12161,quack,ADJ,3,2
12162,ejaculation,NOUN,3,2
12163,weird,ADJ,3,2
12164,soliloquize,VERB,3,2
12165,sheepishly,ADV,3,2
12166,unlocked,ADJ,3,2
12167,diplomacy,NOUN,3,2
12168,gauge,NOUN,3,3
12169,eminence,NOUN,3,2
12170,discordant,ADJ,3,3
12171,needy,ADJ,3,2
12172,gantlet,NOUN,3,2
12173,shorn,VERB,3,3
12174,plow,VERB,3,2
12175,inward,ADV,3,2
12176,reform,VERB,3,2
12177,electrify,VERB,3,3
12178,vogue,NOUN,3,2
12179,weighty,ADJ,3,2
12180,quack,NOUN,3,2
12181,ail,NOUN,3,2
12182,spree,NOUN,3,2
12183,inconsistent,ADJ,3,3
12184,woodpecker,NOUN,3,2
12185,hickory,ADJ,3,2
12186,fare,VERB,3,2
12187,blink,VERB,3,2
12188,latch,NOUN,3,2
12189,theatrical,ADJ,3,3
12190,tumbling,NOUN,3,2
12191,muster,VERB,3,3
12192,thanksgiving,NOUN,3,3
12193,serenely,ADV,3,2
12194,enchanted,ADJ,3,2
12195,ballroom,NOUN,3,2
12196,tempestuous,ADJ,3,2
12197,boisterous,ADJ,3,2
12198,lavishly,ADV,3,2
12199,straightway,VERB,3,2
12200,daub,VERB,3,2
12201,commune,VERB,3,2
12202,remotely,ADV,3,2
12203,circumference,NOUN,3,3
12204,sappy,ADJ,3,2
12205,snug,NOUN,3,2
12206,dead,ADV,3,3
12207,executor,NOUN,3,1
12208,said,ADJ,3,1
12209,chandler,NOUN,3,1
12210,providence,NOUN,3,1
12211,dyer,NOUN,3,1
12212,apprenticeship,NOUN,3,1
12213,smith,NOUN,3,1
12214,censure,NOUN,3,1
12215,scarce,ADV,3,1
12216,chapman,NOUN,3,1
12217,confute,VERB,3,1
12218,dropt,VERB,3,1
12219,inculcate,VERB,3,1
12220,dogmatical,ADJ,3,1
12221,candid,ADJ,3,1
12222,disputation,NOUN,3,1
12223,libeling,NOUN,3,1
12224,contrivance,NOUN,3,1
12225,errata,NOUN,3,1
12226,sloop,NOUN,3,1
12227,abate,VERB,3,1
12228,stopt,VERB,3,1
12229,remit,VERB,3,1
12230,defray,VERB,3,1
12231,mercantile,NOUN,3,1
12232,composing,NOUN,3,1
12233,dependence,NOUN,3,1
12234,pistole,NOUN,3,1
12235,pressman,NOUN,3,1
12236,gratis,NOUN,3,1
12237,extream,NOUN,3,1
12238,vest,VERB,3,1
12239,expressly,ADV,3,1
12240,scavenger,NOUN,3,1
12241,disputing,NOUN,3,1
12242,diem,NOUN,3,1
12243,valuation,NOUN,3,1
12244,dexterous,ADJ,3,1
12245,sue,VERB,3,1
12246,dropt,ADJ,3,1
12247,foremost,ADJ,3,2
12248,conventicle,NOUN,3,2
12249,reckoning,NOUN,3,2
12250,import,NOUN,3,2
12251,raisin,NOUN,3,2
12252,sociable,ADJ,3,2
12253,denomination,NOUN,3,2
12254,deity,NOUN,3,2
12255,gruel,NOUN,3,2
12256,warehouse,NOUN,3,2
12257,depreciate,VERB,3,2
12258,treasury,NOUN,3,2
12259,wager,NOUN,3,2
12260,lading,NOUN,3,2
12261,assessor,NOUN,3,2
12262,plow,NOUN,3,2
12263,transcript,NOUN,3,2
12264,runaway,ADJ,3,2
12265,counting,NOUN,3,2
12266,shoemaker,NOUN,3,2
12267,paltry,NOUN,3,2
12268,discomfiture,NOUN,3,2
12269,foggy,ADJ,3,2
12270,misconception,NOUN,3,3
12271,celebrity,NOUN,3,2
12272,cask,NOUN,3,2
12273,helm,NOUN,3,2
12274,clan,NOUN,3,1
12275,finnish,ADJ,3,1
12276,bizarre,ADJ,3,1
12277,blankly,ADV,3,1
12278,vigil,NOUN,3,1
12279,fella,NOUN,3,1
12280,undergraduate,NOUN,3,1
12281,alongshore,ADV,3,1
12282,timetable,NOUN,3,1
12283,flip,VERB,3,1
12284,limousine,NOUN,3,1
12285,gonnegtion,NOUN,3,1
12286,yeah,INTJ,3,1
12287,tut,ADJ,3,1
12288,thinning,NOUN,3,1
12289,ga,NOUN,3,1
12290,glistening,NOUN,3,2
12291,freshness,NOUN,3,2
12292,redolent,NOUN,3,2
12293,reserved,ADJ,3,2
12294,pastoral,ADJ,3,2
12295,regal,ADJ,3,2
12296,demoniac,NOUN,3,2
12297,combustion,NOUN,3,2
12298,needlessly,ADV,3,2
12299,preserve,NOUN,3,2
12300,walden,VERB,3,1
12301,factitious,ADJ,3,1
12302,fodder,VERB,3,1
12303,exclusively,ADV,3,1
12304,afford,NOUN,3,1
12305,calculator,NOUN,3,1
12306,cellular,ADJ,3,1
12307,dwelling,ADJ,3,1
12308,almshouse,NOUN,3,1
12309,homestead,NOUN,3,1
12310,stone,VERB,3,1
12311,nobleness,NOUN,3,1
12312,depot,NOUN,3,1
12313,vapor,NOUN,3,1
12314,outgoes,ADV,3,1
12315,yeast,NOUN,3,1
12316,knead,VERB,3,1
12317,proportionally,ADV,3,1
12318,philanthropic,ADJ,3,1
12319,philanthropist,NOUN,3,1
12320,quicksand,NOUN,3,1
12321,tseu,NOUN,3,1
12322,weather,VERB,3,1
12323,prank,NOUN,3,1
12324,blueberry,NOUN,3,1
12325,sedge,NOUN,3,1
12326,causeway,NOUN,3,1
12327,beholder,NOUN,3,1
12328,spruce,NOUN,3,1
12329,township,NOUN,3,1
12330,clangor,NOUN,3,1
12331,indigenous,ADJ,3,1
12332,upland,NOUN,3,1
12333,hive,NOUN,3,1
12334,reliance,NOUN,3,1
12335,anciently,ADV,3,1
12336,pinion,NOUN,3,1
12337,trope,NOUN,3,1
12338,evaporation,NOUN,3,1
12339,fluctuation,NOUN,3,1
12340,skim,NOUN,3,1
12341,skater,ADJ,3,1
12342,skater,NOUN,3,1
12343,impurity,NOUN,3,1
12344,impure,NOUN,3,1
12345,legislature,NOUN,3,1
12346,hoary,ADJ,3,1
12347,moist,NOUN,3,1
12348,venison,NOUN,3,1
12349,fowling,NOUN,3,1
12350,oftener,VERB,3,1
12351,apace,NOUN,3,1
12352,robin,NOUN,3,1
12353,eighth,NOUN,3,1
12354,icicle,NOUN,3,1
12355,geologist,NOUN,3,1
12356,firma,NOUN,3,1
12357,olit,ADJ,3,1
12358,wiss,VERB,3,1
12359,greener,NOUN,3,1
12360,expedient,NOUN,3,1
12361,ihn,NOUN,2,1
12362,cad,NOUN,2,1
12363,rogue,NOUN,2,1
12364,navy,NOUN,2,1
12365,voce,ADJ,2,1
12366,inspee,NOUN,2,1
12367,flapper,NOUN,2,1
12368,duffer,NOUN,2,1
12369,locker,NOUN,2,1
12370,carnival,NOUN,2,1
12371,sha,VERB,2,1
12372,imago,NOUN,2,1
12373,unluckily,ADV,2,1
12374,cramping,NOUN,2,1
12375,blotting,NOUN,2,1
12376,heller,NOUN,2,1
12377,hurt,NOUN,2,1
12378,fib,NOUN,2,1
12379,privy,NOUN,2,1
12380,minx,NOUN,2,1
12381,thank,INTJ,2,1
12382,horridly,ADV,2,1
12383,poetical,ADJ,2,1
12384,anemia,NOUN,2,1
12385,aerodome,NOUN,2,1
12386,unkindly,ADV,2,1
12387,insp,NOUN,2,1
12388,math,NOUN,2,1
12389,schemer,NOUN,2,1
12390,swotter,NOUN,2,1
12391,durch,NOUN,2,1
12392,lizzi,NOUN,2,1
12393,mad,VERB,2,1
12394,curtly,ADV,2,1
12395,fiancee,NOUN,2,1
12396,hungarian,ADJ,2,1
12397,dotty,ADV,2,1
12398,dora,NOUN,2,1
12399,jackanape,VERB,2,1
12400,earring,NOUN,2,1
12401,idiotic,NOUN,2,1
12402,foxy,ADJ,2,1
12403,loveable,ADJ,2,1
12404,excess,ADJ,2,1
12405,forget,NOUN,2,1
12406,cipher,NOUN,2,1
12407,goodness,VERB,2,1
12408,edelweiss,NOUN,2,1
12409,kerblunxed,ADJ,2,1
12410,insertion,NOUN,2,1
12411,bookmarker,NOUN,2,1
12412,tobogganing,NOUN,2,1
12413,cultural,ADJ,2,2
12414,incumbent,ADJ,2,2
12415,tone,VERB,2,2
12416,incapacity,NOUN,2,2
12417,trend,NOUN,2,2
12418,function,VERB,2,2
12419,aunt,VERB,2,2
12420,gobble,VERB,2,2
12421,parasol,NOUN,2,2
12422,lisp,VERB,2,2
12423,beacon,NOUN,2,2
12424,pulp,VERB,2,2
12425,governess,ADJ,2,2
12426,stuck,ADJ,2,2
12427,scowl,NOUN,2,2
12428,ladylike,ADJ,2,2
12429,egg,VERB,2,2
12430,washstand,NOUN,2,2
12431,elder,ADJ,2,2
12432,muff,NOUN,2,2
12433,acme,NOUN,2,2
12434,loose,ADV,2,2
12435,saga,NOUN,2,2
12436,manicure,NOUN,2,2
12437,aw,INTJ,2,2
12438,monitor,NOUN,2,2
12439,snort,VERB,2,2
12440,nice,ADV,2,2
12441,fledged,ADJ,2,2
12442,heading,NOUN,2,2
12443,plush,NOUN,2,2
12444,chine,ADJ,2,2
12445,snowdrop,NOUN,2,2
12446,shorter,ADV,2,2
12447,scornfully,ADV,2,2
12448,hallow,VERB,2,2
12449,rigor,NOUN,2,2
12450,tassel,NOUN,2,2
12451,upstairs,NOUN,2,2
12452,forward,ADJ,2,2
12453,civilly,ADV,2,2
12454,tong,NOUN,2,2
12455,maidservant,NOUN,2,2
12456,forgave,VERB,2,2
12457,rheumatic,ADJ,2,2
12458,scribble,ADJ,2,2
12459,spite,VERB,2,2
12460,unmannerly,ADJ,2,2
12461,compress,NOUN,2,2
12462,eclair,NOUN,2,2
12463,candy,VERB,2,2
12464,com,NOUN,2,2
12465,precautionary,ADJ,2,2
12466,tomboy,NOUN,2,2
12467,chic,ADJ,2,2
12468,nicer,ADJ,2,2
12469,di,NOUN,2,2
12470,handsomer,NOUN,2,2
12471,complimentary,ADJ,2,2
12472,brazen,VERB,2,2
12473,quartz,NOUN,2,2
12474,regimental,ADJ,2,2
12475,jewess,NOUN,2,2
12476,wag,NOUN,2,2
12477,gymnasium,NOUN,2,2
12478,school,VERB,2,2
12479,risky,ADJ,2,2
12480,plait,NOUN,2,2
12481,energetic,ADJ,2,2
12482,henceforward,NOUN,2,2
12483,flippant,ADJ,2,2
12484,infatuation,NOUN,2,2
12485,groom,NOUN,2,2
12486,consul,NOUN,2,2
12487,delightfully,ADV,2,2
12488,taller,NOUN,2,2
12489,suffocating,NOUN,2,2
12490,canst,NOUN,2,2
12491,cub,NOUN,2,2
12492,terminus,NOUN,2,2
12493,cycle,NOUN,2,2
12494,rumpus,NOUN,2,2
12495,ceremonious,ADJ,2,2
12496,hatefully,ADV,2,2
12497,footstool,NOUN,2,2
12498,giggling,NOUN,2,2
12499,manly,ADV,2,2
12500,pointedly,ADV,2,2
12501,exemplary,ADJ,2,2
12502,anonymously,ADV,2,2
12503,blushing,NOUN,2,2
12504,phenomenal,ADJ,2,2
12505,enjoyment,VERB,2,2
12506,funeral,ADJ,2,2
12507,misconduct,NOUN,2,2
12508,prematurely,ADV,2,2
12509,stork,NOUN,2,2
12510,overslept,ADV,2,2
12511,coral,ADJ,2,2
12512,cuttingly,ADV,2,2
12513,standoffish,NOUN,2,2
12514,overworked,ADJ,2,2
12515,disgustingly,ADV,2,2
12516,revision,NOUN,2,2
12517,makeshift,NOUN,2,2
12518,telegraph,VERB,2,2
12519,spinal,ADJ,2,2
12520,deplorably,ADV,2,2
12521,affected,ADJ,2,2
12522,hammock,NOUN,2,2
12523,bracelet,NOUN,2,2
12524,weekday,NOUN,2,2
12525,cut,ADJ,2,2
12526,shortness,NOUN,2,2
12527,finding,NOUN,2,2
12528,forgiving,ADJ,2,2
12529,belate,VERB,2,2
12530,presentable,NOUN,2,2
12531,package,NOUN,2,2
12532,prim,ADJ,2,2
12533,consort,NOUN,2,2
12534,polish,ADJ,2,2
12535,outvote,VERB,2,2
12536,foist,VERB,2,2
12537,gloriously,ADV,2,2
12538,serenade,NOUN,2,2
12539,motherless,ADJ,2,2
12540,omission,NOUN,2,2
12541,divorce,VERB,2,2
12542,austrian,ADJ,2,2
12543,classroom,NOUN,2,2
12544,provisional,ADJ,2,2
12545,facing,NOUN,2,2
12546,snag,NOUN,2,2
12547,enraged,ADJ,2,2
12548,postmark,NOUN,2,2
12549,en,ADJ,2,2
12550,rococo,ADJ,2,2
12551,interweave,VERB,2,2
12552,paperknife,NOUN,2,2
12553,connoisseur,NOUN,2,2
12554,rink,NOUN,2,2
12555,court,VERB,2,2
12556,unique,ADJ,2,2
12557,paralysis,NOUN,2,2
12558,funking,NOUN,2,1
12559,afresh,ADV,2,1
12560,masculine,ADJ,2,1
12561,sphinx,NOUN,2,1
12562,unswung,ADJ,2,1
12563,chancel,NOUN,2,1
12564,swaying,NOUN,2,1
12565,communicant,NOUN,2,1
12566,sacrilegious,ADJ,2,1
12567,pinpoint,NOUN,2,1
12568,joyfully,ADV,2,1
12569,repulsion,NOUN,2,1
12570,curate,VERB,2,1
12571,guerrilla,NOUN,2,1
12572,rehearse,VERB,2,1
12573,anchorite,NOUN,2,1
12574,reminiscent,ADJ,2,1
12575,snivelling,NOUN,2,1
12576,atop,ADP,2,1
12577,amorous,ADJ,2,1
12578,triumphal,ADJ,2,1
12579,paternally,ADV,2,1
12580,coop,NOUN,2,1
12581,blasphemer,NOUN,2,1
12582,pious,NOUN,2,1
12583,choirboy,NOUN,2,1
12584,premonition,NOUN,2,1
12585,condole,VERB,2,1
12586,remount,VERB,2,1
12587,theatrical,NOUN,2,1
12588,neckhole,NOUN,2,1
12589,armhole,NOUN,2,1
12590,sticki,ADJ,2,1
12591,roundhead,NOUN,2,1
12592,especial,NOUN,2,1
12593,silver,VERB,2,1
12594,baptist,ADJ,2,1
12595,abysmal,ADJ,2,1
12596,modernist,NOUN,2,1
12597,ritualism,NOUN,2,1
12598,sizzle,VERB,2,1
12599,glue,ADJ,2,1
12600,voluminously,ADV,2,1
12601,slacking,NOUN,2,1
12602,baritone,NOUN,2,1
12603,batty,VERB,2,1
12604,chum,VERB,2,1
12605,tommy,NOUN,2,1
12606,scran,NOUN,2,1
12607,ike,VERB,2,1
12608,damson,NOUN,2,1
12609,cauliflower,NOUN,2,1
12610,bedding,NOUN,2,1
12611,deir,ADJ,2,1
12612,leafy,ADJ,2,1
12613,curly,ADV,2,1
12614,papiermache,NOUN,2,1
12615,unpicked,ADJ,2,1
12616,scoop,NOUN,2,1
12617,appy,ADJ,2,1
12618,ou,INTJ,2,1
12619,ot,ADJ,2,1
12620,misable,ADJ,2,1
12621,sub,VERB,2,1
12622,jangle,NOUN,2,1
12623,leaded,ADJ,2,1
12624,pullulate,VERB,2,1
12625,stiff,ADV,2,1
12626,elopement,ADJ,2,1
12627,plight,NOUN,2,1
12628,nursery,NOUN,2,1
12629,governess,NOUN,2,1
12630,parlourmaid,NOUN,2,1
12631,proprietress,NOUN,2,1
12632,rouged,ADJ,2,1
12633,raider,NOUN,2,1
12634,chemise,NOUN,2,1
12635,gentlewoman,NOUN,2,1
12636,strop,VERB,2,1
12637,perisher,NOUN,2,1
12638,dig,NOUN,2,1
12639,unfrocked,ADJ,2,1
12640,bub,NOUN,2,1
12641,jeez,INTJ,2,1
12642,dere,ADJ,2,1
12643,topping,NOUN,2,1
12644,sotto,NOUN,2,1
12645,dis,NOUN,2,1
12646,crumpet,NOUN,2,1
12647,ad,VERB,2,1
12648,kin,NOUN,2,1
12649,kipp,NOUN,2,1
12650,er,NOUN,2,1
12651,qualm,NOUN,2,1
12652,obtuse,ADJ,2,1
12653,noiselessly,ADV,2,1
12654,pip,VERB,2,1
12655,qualification,NOUN,2,1
12656,fil,NOUN,2,1
12657,jardini,ADJ,2,1
12658,floweret,NOUN,2,1
12659,woodcut,NOUN,2,1
12660,skimp,VERB,2,1
12661,dustpan,NOUN,2,1
12662,atla,NOUN,2,1
12663,ominously,ADV,2,1
12664,plasticine,VERB,2,1
12665,outworn,NOUN,2,1
12666,baldness,NOUN,2,1
12667,dolore,NOUN,2,1
12668,bleaker,NOUN,2,1
12669,hypnotize,VERB,2,1
12670,hedonism,NOUN,2,1
12671,cosmo,NOUN,2,1
12672,greave,NOUN,2,1
12673,coating,NOUN,2,1
12674,dab,NOUN,2,2
12675,antiphonal,ADJ,2,2
12676,tentative,ADJ,2,2
12677,resolutely,ADV,2,2
12678,agonize,VERB,2,2
12679,thistledown,NOUN,2,2
12680,threadbare,VERB,2,2
12681,leaden,NOUN,2,2
12682,toll,VERB,2,2
12683,redshank,NOUN,2,2
12684,clump,VERB,2,2
12685,valid,ADJ,2,2
12686,discoverable,ADJ,2,2
12687,laud,VERB,2,2
12688,tottering,NOUN,2,2
12689,atlantic,ADJ,2,2
12690,ye,DET,2,2
12691,pivot,NOUN,2,2
12692,goldfish,NOUN,2,2
12693,trump,NOUN,2,2
12694,officious,ADJ,2,2
12695,sweeping,NOUN,2,2
12696,deface,VERB,2,2
12697,riffraff,NOUN,2,2
12698,regretfully,ADV,2,2
12699,tether,VERB,2,2
12700,outmoded,ADJ,2,2
12701,incurably,ADV,2,2
12702,spitefully,ADV,2,2
12703,untruly,ADV,2,2
12704,blazon,VERB,2,2
12705,pas,NOUN,2,2
12706,diarrhoea,NOUN,2,2
12707,meditative,ADJ,2,2
12708,numberless,VERB,2,2
12709,wheeled,ADJ,2,2
12710,laundry,ADJ,2,2
12711,solicitude,NOUN,2,2
12712,tweed,VERB,2,2
12713,libre,NOUN,2,2
12714,fortnightly,ADV,2,2
12715,refrain,NOUN,2,2
12716,pillare,VERB,2,2
12717,richly,ADV,2,2
12718,diffused,ADJ,2,2
12719,bewitch,VERB,2,2
12720,sizeable,ADJ,2,2
12721,cortege,NOUN,2,2
12722,unashamed,ADJ,2,2
12723,gentlemanly,ADJ,2,2
12724,daylight,ADJ,2,2
12725,sundown,VERB,2,2
12726,au,ADP,2,2
12727,revoir,NOUN,2,2
12728,entrench,VERB,2,2
12729,arabian,ADJ,2,2
12730,taker,NOUN,2,2
12731,slanderer,NOUN,2,2
12732,instrumental,ADJ,2,2
12733,cease,NOUN,2,2
12734,depravity,NOUN,2,2
12735,triangular,ADJ,2,2
12736,overripe,NOUN,2,2
12737,ironing,ADJ,2,2
12738,languish,VERB,2,2
12739,salty,ADJ,2,2
12740,impregnate,VERB,2,2
12741,skinned,ADJ,2,2
12742,job,VERB,2,2
12743,lintel,NOUN,2,2
12744,oppressively,ADV,2,2
12745,crucifixion,NOUN,2,2
12746,hundredfold,NOUN,2,2
12747,cooking,ADJ,2,2
12748,bucketful,NOUN,2,2
12749,actuality,NOUN,2,2
12750,vanilla,NOUN,2,2
12751,dreamily,ADV,2,2
12752,mingling,NOUN,2,2
12753,rotund,ADJ,2,2
12754,wrangle,VERB,2,2
12755,pastor,NOUN,2,2
12756,iridescent,NOUN,2,2
12757,boned,ADJ,2,2
12758,gesture,VERB,2,2
12759,squabble,VERB,2,2
12760,vehement,ADJ,2,2
12761,paraphernalia,NOUN,2,2
12762,tableaux,ADJ,2,2
12763,sweetie,NOUN,2,2
12764,unmade,NOUN,2,2
12765,ecclesiastical,ADJ,2,2
12766,truculent,NOUN,2,2
12767,correctness,NOUN,2,2
12768,chanting,NOUN,2,2
12769,averse,ADV,2,2
12770,tuneful,ADJ,2,2
12771,blest,ADJ,2,2
12772,aggrieved,ADJ,2,2
12773,sententiously,ADV,2,2
12774,deflect,VERB,2,2
12775,swipe,NOUN,2,2
12776,forefront,NOUN,2,2
12777,twiddle,VERB,2,2
12778,ritual,ADJ,2,2
12779,offended,ADJ,2,2
12780,unimpressed,ADJ,2,2
12781,ailment,NOUN,2,2
12782,prevaricate,VERB,2,2
12783,phalanx,NOUN,2,2
12784,helper,NOUN,2,2
12785,churchgoer,NOUN,2,2
12786,boer,ADJ,2,2
12787,revealing,ADJ,2,2
12788,lingering,NOUN,2,2
12789,kissing,NOUN,2,2
12790,chaplain,NOUN,2,2
12791,irrelevantly,ADV,2,2
12792,sterility,NOUN,2,2
12793,lighten,VERB,2,2
12794,wordlessly,ADV,2,2
12795,square,ADV,2,2
12796,narrow,ADV,2,2
12797,cheste,VERB,2,2
12798,snub,ADJ,2,2
12799,silly,ADV,2,2
12800,gambolling,NOUN,2,2
12801,cahoot,NOUN,2,2
12802,interregnum,NOUN,2,2
12803,nightmarish,ADJ,2,2
12804,merge,VERB,2,2
12805,mindedly,ADV,2,2
12806,pillage,VERB,2,2
12807,common,NOUN,2,2
12808,insipid,ADJ,2,2
12809,unremembered,ADJ,2,2
12810,uphill,ADJ,2,2
12811,halting,ADJ,2,2
12812,snack,NOUN,2,2
12813,hike,VERB,2,2
12814,eard,NOUN,2,2
12815,piece,VERB,2,2
12816,invalid,VERB,2,2
12817,discouraged,ADJ,2,2
12818,collar,VERB,2,2
12819,daresay,VERB,2,2
12820,meself,NOUN,2,2
12821,cowman,NOUN,2,2
12822,desultorily,ADV,2,2
12823,flare,NOUN,2,2
12824,climbing,NOUN,2,2
12825,alight,ADV,2,2
12826,warmer,NOUN,2,2
12827,voluptuously,ADV,2,2
12828,cobalt,NOUN,2,2
12829,leafless,ADJ,2,2
12830,thinly,ADV,2,2
12831,steamer,NOUN,2,2
12832,oafish,ADJ,2,2
12833,conundrum,NOUN,2,2
12834,cleverest,ADJ,2,2
12835,gnat,NOUN,2,2
12836,scholard,NOUN,2,2
12837,fallen,ADJ,2,2
12838,bawdy,ADJ,2,2
12839,worst,ADV,2,2
12840,studied,ADJ,2,2
12841,casualness,NOUN,2,2
12842,shrimp,NOUN,2,2
12843,gaunt,VERB,2,2
12844,heaviness,NOUN,2,2
12845,cake,VERB,2,2
12846,reawaken,VERB,2,2
12847,borrowing,NOUN,2,2
12848,blackish,ADJ,2,2
12849,smudgy,NOUN,2,2
12850,unsolved,ADJ,2,2
12851,robbing,NOUN,2,2
12852,firelit,ADJ,2,2
12853,hotter,ADV,2,2
12854,boo,VERB,2,2
12855,begging,NOUN,2,2
12856,succulent,ADJ,2,2
12857,repute,NOUN,2,2
12858,widow,VERB,2,2
12859,clandestine,ADJ,2,2
12860,nosing,NOUN,2,2
12861,thout,NOUN,2,2
12862,palpably,ADV,2,2
12863,lewdly,ADV,2,2
12864,ome,ADV,2,2
12865,assumed,ADJ,2,2
12866,frostily,ADV,2,2
12867,whispered,ADJ,2,2
12868,finch,NOUN,2,2
12869,set,ADJ,2,2
12870,flattery,NOUN,2,2
12871,backing,NOUN,2,2
12872,tenement,ADJ,2,2
12873,snotty,ADJ,2,2
12874,scotch,NOUN,2,2
12875,emaciate,VERB,2,2
12876,ineffably,ADV,2,2
12877,dishwater,NOUN,2,2
12878,deathlike,ADJ,2,2
12879,nil,ADJ,2,2
12880,alert,VERB,2,2
12881,vegetarianism,NOUN,2,2
12882,prying,NOUN,2,2
12883,bulge,VERB,2,2
12884,inquiringly,ADV,2,2
12885,hooked,ADJ,2,2
12886,eastward,NOUN,2,2
12887,gravitation,NOUN,2,2
12888,slumbering,NOUN,2,2
12889,irreproachable,ADJ,2,2
12890,oaken,VERB,2,2
12891,pensive,ADJ,2,2
12892,rumpsteak,NOUN,2,2
12893,adenoidal,ADJ,2,2
12894,neigh,VERB,2,2
12895,dat,ADJ,2,2
12896,kippered,ADJ,2,2
12897,pipe,VERB,2,2
12898,corpus,X,2,2
12899,un,ADJ,2,2
12900,ow,INTJ,2,2
12901,sup,NOUN,2,2
12902,polisher,NOUN,2,2
12903,sup,VERB,2,2
12904,catlap,NOUN,2,2
12905,dent,VERB,2,2
12906,plush,ADJ,2,2
12907,meself,PRON,2,2
12908,cadge,NOUN,2,2
12909,blackie,NOUN,2,2
12910,traction,NOUN,2,2
12911,dumple,VERB,2,2
12912,bold,ADV,2,2
12913,tomcat,NOUN,2,2
12914,monthly,ADV,2,2
12915,enema,NOUN,2,2
12916,majestically,ADV,2,2
12917,stead,ADV,2,2
12918,bracken,NOUN,2,2
12919,sporting,NOUN,2,2
12920,greatcoat,NOUN,2,2
12921,clinker,NOUN,2,2
12922,unfounded,ADJ,2,2
12923,fag,VERB,2,2
12924,wrap,NOUN,2,2
12925,chatty,ADJ,2,2
12926,smut,NOUN,2,2
12927,spawn,VERB,2,2
12928,writhing,NOUN,2,2
12929,declaiming,NOUN,2,2
12930,pule,VERB,2,2
12931,absolution,NOUN,2,2
12932,fill,NOUN,2,2
12933,sawdust,VERB,2,2
12934,toothless,ADJ,2,2
12935,let,NOUN,2,2
12936,stingy,ADJ,2,2
12937,da,NOUN,2,2
12938,ope,VERB,2,2
12939,godsend,NOUN,2,2
12940,momentum,NOUN,2,2
12941,stampede,VERB,2,2
12942,hokey,NOUN,2,2
12943,holler,VERB,2,2
12944,veg,NOUN,2,2
12945,ow,NOUN,2,2
12946,shillings,NOUN,2,2
12947,dimmer,NOUN,2,2
12948,deferential,ADJ,2,2
12949,gorn,ADJ,2,2
12950,unshaven,NOUN,2,2
12951,unpunctual,ADJ,2,2
12952,ninety,NOUN,2,2
12953,brainless,NOUN,2,2
12954,arthritis,NOUN,2,2
12955,consulting,NOUN,2,2
12956,aghast,ADJ,2,2
12957,amaze,VERB,2,2
12958,repellent,ADJ,2,2
12959,privet,NOUN,2,2
12960,shaped,ADJ,2,2
12961,commanding,NOUN,2,2
12962,protective,ADJ,2,2
12963,rap,NOUN,2,2
12964,largish,ADJ,2,2
12965,mausoleum,NOUN,2,2
12966,verge,VERB,2,2
12967,raggedness,NOUN,2,2
12968,know,ADJ,2,2
12969,ladylike,VERB,2,2
12970,jumper,NOUN,2,2
12971,plumb,VERB,2,2
12972,gape,VERB,2,2
12973,suitably,ADV,2,2
12974,nought,NOUN,2,2
12975,shyness,NOUN,2,2
12976,peaky,ADJ,2,2
12977,maltreat,VERB,2,2
12978,unfit,VERB,2,2
12979,dispirit,VERB,2,2
12980,tasteless,ADJ,2,2
12981,mischief,VERB,2,2
12982,avaricious,ADJ,2,2
12983,hobby,NOUN,2,2
12984,heighten,VERB,2,2
12985,secondhand,NOUN,2,2
12986,paraphrase,NOUN,2,2
12987,panorama,NOUN,2,2
12988,stupider,NOUN,2,2
12989,bashful,ADJ,2,2
12990,shamefacedly,ADV,2,2
12991,stimulant,NOUN,2,2
12992,anomalous,ADJ,2,2
12993,bombard,VERB,2,2
12994,disorganize,VERB,2,2
12995,skirmish,NOUN,2,2
12996,vulnerable,ADJ,2,2
12997,crest,NOUN,2,2
12998,charmed,ADJ,2,2
12999,grimly,ADV,2,2
13000,facile,ADJ,2,2
13001,venomous,ADJ,2,2
13002,crass,NOUN,2,2
13003,blunt,VERB,2,2
13004,rebuke,VERB,2,2
13005,reprimand,NOUN,2,2
13006,classy,ADJ,2,2
13007,typing,NOUN,2,2
13008,eleventh,ADJ,2,2
13009,oft,ADV,2,2
13010,cept,VERB,2,2
13011,at,NOUN,2,2
13012,astute,ADJ,2,2
13013,cloakroom,NOUN,2,2
13014,vegetate,VERB,2,2
13015,slash,VERB,2,2
13016,moi,NOUN,2,2
13017,toy,VERB,2,2
13018,cowdung,NOUN,2,2
13019,fail,NOUN,2,2
13020,slack,VERB,2,2
13021,crying,NOUN,2,2
13022,situated,ADJ,2,2
13023,bitterer,NOUN,2,2
13024,farce,NOUN,2,2
13025,tearfully,ADV,2,2
13026,strenuously,ADV,2,2
13027,grumbling,NOUN,2,2
13028,churchwarden,NOUN,2,2
13029,sprig,NOUN,2,2
13030,inhabited,ADJ,2,2
13031,blatant,ADJ,2,2
13032,hustling,NOUN,2,2
13033,banishment,NOUN,2,2
13034,flask,NOUN,2,2
13035,thrusting,NOUN,2,2
13036,vigilant,ADJ,2,2
13037,schoolmarm,NOUN,2,2
13038,graciously,ADV,2,2
13039,conflicting,ADJ,2,2
13040,comprehensively,ADV,2,2
13041,slander,VERB,2,2
13042,generalize,VERB,2,2
13043,shut,ADJ,2,2
13044,chaotic,ADJ,2,2
13045,luxuriate,VERB,2,2
13046,truism,NOUN,2,2
13047,reviving,NOUN,2,2
13048,painlessly,ADV,2,2
13049,advert,VERB,2,2
13050,consecrated,ADJ,2,2
13051,gangrene,NOUN,2,2
13052,eligible,ADJ,2,2
13053,slavish,NOUN,2,2
13054,dole,VERB,2,2
13055,repeat,NOUN,2,2
13056,visiting,NOUN,2,2
13057,comely,ADV,2,2
13058,debauch,VERB,2,2
13059,cajole,VERB,2,2
13060,massage,VERB,2,2
13061,musingly,ADV,2,2
13062,unopened,ADJ,2,2
13063,remake,VERB,2,2
13064,ecstatically,ADV,2,2
13065,illumine,VERB,2,2
13066,fabric,NOUN,2,2
13067,replenish,VERB,2,2
13068,cope,NOUN,2,2
13069,ruff,NOUN,2,2
13070,cocked,ADJ,2,2
13071,tactfully,ADV,2,2
13072,paregoric,ADJ,2,2
13073,foreleg,NOUN,2,1
13074,hearken,VERB,2,1
13075,harness,NOUN,2,1
13076,fierce,ADV,2,1
13077,linseed,NOUN,2,1
13078,theirs,ADJ,2,1
13079,cryptic,ADJ,2,1
13080,organisation,NOUN,2,1
13081,pig,VERB,2,1
13082,cannibalism,NOUN,2,1
13083,overtook,NOUN,2,1
13084,acreage,NOUN,2,1
13085,categorically,ADV,2,1
13086,league,VERB,2,1
13087,foodstuff,NOUN,2,1
13088,banknote,NOUN,2,1
13089,superannuated,ADJ,2,1
13090,veterinary,ADJ,2,1
13091,gallop,NOUN,2,1
13092,masthead,NOUN,2,1
13093,update,NOUN,2,2
13094,header,VERB,2,2
13095,ensconce,VERB,2,2
13096,steadiness,NOUN,2,2
13097,nestle,VERB,2,2
13098,daintily,ADV,2,2
13099,contentedly,ADV,2,2
13100,hen,VERB,2,2
13101,dissentient,NOUN,2,2
13102,trod,NOUN,2,2
13103,spur,VERB,2,2
13104,wildest,ADJ,2,2
13105,unison,NOUN,2,2
13106,vivacious,ADJ,2,2
13107,inventive,ADJ,2,2
13108,elaborate,VERB,2,2
13109,castrate,VERB,2,2
13110,halter,NOUN,2,2
13111,grudging,ADJ,2,2
13112,parasitical,ADJ,2,2
13113,setback,NOUN,2,2
13114,biting,ADJ,2,2
13115,spelt,VERB,2,2
13116,manipulation,NOUN,2,2
13117,seclusion,NOUN,2,2
13118,pleadingly,ADV,2,2
13119,distorted,ADJ,2,2
13120,rebelliousness,NOUN,2,2
13121,thresh,VERB,2,2
13122,viciously,ADV,2,2
13123,hobnail,VERB,2,2
13124,gateway,NOUN,2,2
13125,sentimentality,NOUN,2,2
13126,graveside,NOUN,2,2
13127,crucial,ADJ,2,2
13128,slag,NOUN,2,2
13129,reaper,NOUN,2,2
13130,marshal,VERB,2,2
13131,idle,NOUN,2,2
13132,outhouse,NOUN,2,2
13133,clawing,NOUN,2,2
13134,unforeseen,ADJ,2,2
13135,paraffin,NOUN,2,2
13136,neighbour,VERB,2,2
13137,championship,NOUN,2,2
13138,perpendicularity,NOUN,2,2
13139,squawk,VERB,2,2
13140,radish,NOUN,2,2
13141,envious,ADJ,2,2
13142,snowdrift,NOUN,2,2
13143,drastically,ADV,2,2
13144,edible,ADJ,2,2
13145,vitally,ADV,2,2
13146,ceremonial,ADJ,2,2
13147,nesting,ADJ,2,2
13148,season,VERB,2,2
13149,skip,NOUN,2,2
13150,wickedness,ADJ,2,2
13151,outdo,VERB,2,2
13152,lure,VERB,2,2
13153,graphically,ADV,2,2
13154,collaborate,VERB,2,2
13155,secrete,VERB,2,2
13156,tunefully,ADV,2,2
13157,killing,NOUN,2,2
13158,square,VERB,2,2
13159,retinue,NOUN,2,2
13160,doo,NOUN,2,2
13161,swill,NOUN,2,2
13162,negotiate,VERB,2,2
13163,masterpiece,NOUN,2,2
13164,wildfire,NOUN,2,2
13165,cowardly,ADJ,2,2
13166,lamentation,NOUN,2,2
13167,split,ADJ,2,2
13168,parentage,NOUN,2,2
13169,devotee,NOUN,2,2
13170,fluttering,NOUN,2,2
13171,stratagem,NOUN,2,2
13172,letter,VERB,2,2
13173,chorus,VERB,2,2
13174,canter,NOUN,2,2
13175,matchwood,VERB,2,2
13176,graphic,ADJ,2,2
13177,memorial,ADJ,2,2
13178,reminder,NOUN,2,2
13179,upstanding,ADJ,2,2
13180,invader,NOUN,2,2
13181,untrodden,ADJ,2,2
13182,haughty,NOUN,2,2
13183,huddling,NOUN,2,2
13184,criticise,VERB,2,2
13185,better,NOUN,2,2
13186,nuzzle,VERB,2,2
13187,legging,NOUN,2,2
13188,operative,ADJ,2,2
13189,dreg,NOUN,2,2
13190,changer,NOUN,2,1
13191,craftsman,NOUN,2,1
13192,atheism,NOUN,2,1
13193,anaxagora,NOUN,2,1
13194,uncorrupted,ADJ,2,1
13195,unrighteousness,NOUN,2,1
13196,charmide,NOUN,2,1
13197,vindication,NOUN,2,1
13198,heed,NOUN,2,1
13199,artisan,NOUN,2,1
13200,dishonour,NOUN,2,1
13201,dishonourable,ADJ,2,1
13202,unrighteous,ADJ,2,1
13203,rotunda,NOUN,2,1
13204,desultory,NOUN,2,2
13205,depict,VERB,2,2
13206,noticing,NOUN,2,2
13207,rebuke,NOUN,2,2
13208,counter,VERB,2,2
13209,unamuse,VERB,2,2
13210,materialism,NOUN,2,2
13211,repent,NOUN,2,2
13212,employing,NOUN,2,2
13213,sophism,NOUN,2,2
13214,foil,VERB,2,2
13215,compare,NOUN,2,2
13216,downright,NOUN,2,2
13217,ouch,ADJ,2,2
13218,fiercer,NOUN,2,2
13219,reproduction,NOUN,2,2
13220,conclusive,ADJ,2,2
13221,ornament,VERB,2,2
13222,impressible,ADJ,2,2
13223,disparagingly,ADV,2,2
13224,dissemble,VERB,2,2
13225,cite,VERB,2,2
13226,cognizance,NOUN,2,2
13227,emphatically,ADV,2,2
13228,plainer,ADJ,2,2
13229,wantonness,ADJ,2,2
13230,detraction,NOUN,2,2
13231,inasmuch,ADV,2,2
13232,know,NOUN,2,2
13233,whichever,PRON,2,2
13234,diver,NOUN,2,2
13235,impute,VERB,2,2
13236,kinsman,NOUN,2,2
13237,injurer,NOUN,2,2
13238,corrupted,ADJ,2,2
13239,perjury,NOUN,2,2
13240,overpower,VERB,2,2
13241,condemnation,NOUN,2,2
13242,magistracy,NOUN,2,2
13243,grievous,ADJ,2,2
13244,proportion,VERB,2,2
13245,unsaid,ADJ,2,2
13246,migration,NOUN,2,2
13247,pilgrim,NOUN,2,2
13248,infinite,NOUN,2,2
13249,tawny,ADJ,2,1
13250,lakh,NOUN,2,1
13251,pock,NOUN,2,1
13252,hardworking,ADJ,2,1
13253,uplift,VERB,2,1
13254,nationalism,NOUN,2,1
13255,accuse,NOUN,2,1
13256,ingaleik,NOUN,2,1
13257,woebegone,ADJ,2,1
13258,liverish,ADJ,2,1
13259,hollyhock,NOUN,2,1
13260,petunias,NOUN,2,1
13261,hibiscus,NOUN,2,1
13262,bilious,ADJ,2,1
13263,pout,VERB,2,1
13264,sot,NOUN,2,1
13265,missus,NOUN,2,1
13266,kneed,NOUN,2,1
13267,contourless,NOUN,2,1
13268,sighing,ADJ,2,1
13269,stiffly,VERB,2,1
13270,blackball,VERB,2,1
13271,colore,NOUN,2,1
13272,petal,ADJ,2,1
13273,bagpipe,NOUN,2,1
13274,planter,NOUN,2,1
13275,civilize,VERB,2,1
13276,cholera,NOUN,2,1
13277,was,VERB,2,1
13278,servility,NOUN,2,1
13279,slippery,NOUN,2,1
13280,woodfire,NOUN,2,1
13281,starch,VERB,2,1
13282,collarless,NOUN,2,1
13283,bo,NOUN,2,1
13284,lechery,NOUN,2,1
13285,recrosse,VERB,2,1
13286,shikoing,NOUN,2,1
13287,relighte,VERB,2,1
13288,thugyi,NOUN,2,1
13289,min,NOUN,2,1
13290,undersigned,ADJ,2,1
13291,formative,ADJ,2,1
13292,teak,NOUN,2,1
13293,acclimatize,VERB,2,1
13294,monsoon,NOUN,2,1
13295,covert,ADJ,2,1
13296,monk,NOUN,2,1
13297,bloc,NOUN,2,1
13298,stringy,ADJ,2,1
13299,eschew,VERB,2,1
13300,mottled,ADJ,2,1
13301,moustachioed,ADJ,2,1
13302,classifiable,ADJ,2,1
13303,poulterer,NOUN,2,1
13304,spinsterhood,NOUN,2,1
13305,jaldi,ADV,2,1
13306,maidan,NOUN,2,1
13307,gangway,NOUN,2,1
13308,missie,NOUN,2,1
13309,saurian,ADJ,2,1
13310,castanet,NOUN,2,1
13311,roadway,NOUN,2,1
13312,nasally,ADV,2,1
13313,pannier,NOUN,2,1
13314,twisting,NOUN,2,1
13315,marionette,NOUN,2,1
13316,seeking,NOUN,2,1
13317,cigar,ADJ,2,1
13318,handcart,NOUN,2,1
13319,obscene,VERB,2,1
13320,pucker,VERB,2,1
13321,stubble,NOUN,2,1
13322,jungle,ADJ,2,1
13323,forepaw,NOUN,2,1
13324,snarling,NOUN,2,1
13325,pegging,NOUN,2,1
13326,pigsticking,NOUN,2,1
13327,syce,NOUN,2,1
13328,rid,ADJ,2,1
13329,vulgarly,ADV,2,1
13330,wallah,ADJ,2,1
13331,dishonouring,NOUN,2,1
13332,agenda,NOUN,2,1
13333,rower,NOUN,2,1
13334,opt,VERB,2,1
13335,insolently,ADV,2,1
13336,min,X,2,1
13337,engulf,VERB,2,1
13338,obscene,NOUN,2,1
13339,shame,VERB,2,1
13340,shok,NOUN,2,1
13341,zenith,NOUN,2,2
13342,informal,ADJ,2,2
13343,lacquer,VERB,2,2
13344,eighty,NOUN,2,2
13345,coated,ADJ,2,2
13346,toll,NOUN,2,2
13347,buddhist,ADJ,2,2
13348,incarnation,NOUN,2,2
13349,barbaric,ADJ,2,2
13350,heroic,NOUN,2,2
13351,cinematograph,NOUN,2,2
13352,syphili,NOUN,2,2
13353,oversight,NOUN,2,2
13354,patchwork,NOUN,2,2
13355,dumpy,ADJ,2,2
13356,fakir,NOUN,2,2
13357,thumping,NOUN,2,2
13358,homesick,VERB,2,2
13359,ornament,ADJ,2,2
13360,lazily,ADV,2,2
13361,mousehole,NOUN,2,2
13362,sardonic,ADJ,2,2
13363,wade,VERB,2,2
13364,philosophically,ADV,2,2
13365,silly,VERB,2,2
13366,chewing,NOUN,2,2
13367,booming,ADJ,2,2
13368,tingle,ADJ,2,2
13369,jocosely,ADV,2,2
13370,bulky,ADJ,2,2
13371,model,VERB,2,2
13372,newt,NOUN,2,2
13373,discountenance,VERB,2,2
13374,consequent,ADJ,2,2
13375,hyena,ADJ,2,2
13376,stuffiness,NOUN,2,2
13377,stodgy,ADJ,2,2
13378,gallantly,ADV,2,2
13379,vermouth,NOUN,2,2
13380,concertina,ADJ,2,2
13381,bottom,VERB,2,2
13382,fanatically,ADV,2,2
13383,monopoly,NOUN,2,2
13384,instance,VERB,2,2
13385,misrepresentation,NOUN,2,2
13386,heartedness,NOUN,2,2
13387,degeneracy,NOUN,2,2
13388,defective,NOUN,2,2
13389,plotting,NOUN,2,2
13390,remarking,NOUN,2,2
13391,fetish,NOUN,2,2
13392,embroil,VERB,2,2
13393,barometer,NOUN,2,2
13394,underrate,VERB,2,2
13395,nest,VERB,2,2
13396,canopy,NOUN,2,2
13397,riddle,VERB,2,2
13398,lullaby,NOUN,2,2
13399,bungalow,ADJ,2,2
13400,bigamy,NOUN,2,2
13401,leaven,VERB,2,2
13402,tasting,NOUN,2,2
13403,scraping,NOUN,2,2
13404,coil,VERB,2,2
13405,ashame,VERB,2,2
13406,recline,VERB,2,2
13407,witchcraft,NOUN,2,2
13408,acrid,NOUN,2,2
13409,lifeless,NOUN,2,2
13410,disreputable,ADJ,2,2
13411,festoon,VERB,2,2
13412,spidery,NOUN,2,2
13413,hearten,VERB,2,2
13414,buttress,VERB,2,2
13415,jade,NOUN,2,2
13416,greenish,NOUN,2,2
13417,thatch,NOUN,2,2
13418,roost,VERB,2,2
13419,pariah,NOUN,2,2
13420,vulcanite,ADJ,2,2
13421,spineless,ADJ,2,2
13422,sandy,NOUN,2,2
13423,conker,NOUN,2,2
13424,footballer,NOUN,2,2
13425,underpaid,ADJ,2,2
13426,squall,NOUN,2,2
13427,vaporous,ADJ,2,2
13428,voraciously,ADV,2,2
13429,unenviable,ADJ,2,2
13430,unbreakable,ADJ,2,2
13431,prose,VERB,2,2
13432,swoop,VERB,2,2
13433,dumping,NOUN,2,2
13434,younger,ADV,2,2
13435,dimpled,ADJ,2,2
13436,beg,NOUN,2,2
13437,thaw,NOUN,2,2
13438,grab,NOUN,2,2
13439,overpoweringly,ADV,2,2
13440,harebell,NOUN,2,2
13441,smoothness,NOUN,2,2
13442,yokel,NOUN,2,2
13443,nostalgia,NOUN,2,2
13444,chintz,ADJ,2,2
13445,baked,ADJ,2,2
13446,exile,VERB,2,2
13447,subtilize,VERB,2,2
13448,poisoning,NOUN,2,2
13449,porpoise,NOUN,2,2
13450,enamel,ADJ,2,2
13451,arrowhead,NOUN,2,2
13452,phrase,VERB,2,2
13453,barefoote,VERB,2,2
13454,turbane,VERB,2,2
13455,propel,VERB,2,2
13456,foam,VERB,2,2
13457,whistle,ADJ,2,2
13458,patronize,VERB,2,2
13459,providential,NOUN,2,2
13460,putrid,ADJ,2,2
13461,elephantine,NOUN,2,2
13462,cobra,NOUN,2,2
13463,tempo,NOUN,2,2
13464,brassy,ADJ,2,2
13465,gala,NOUN,2,2
13466,noose,NOUN,2,2
13467,shipload,NOUN,2,2
13468,storage,NOUN,2,2
13469,clattering,NOUN,2,2
13470,efficiently,ADV,2,2
13471,bail,NOUN,2,2
13472,rioter,NOUN,2,2
13473,nursing,NOUN,2,2
13474,mashed,ADJ,2,2
13475,cockroach,NOUN,2,2
13476,stricture,NOUN,2,2
13477,incurious,ADJ,2,2
13478,toadstool,NOUN,2,2
13479,unquenchable,ADJ,2,2
13480,sing,NOUN,2,2
13481,cringing,NOUN,2,2
13482,twin,VERB,2,2
13483,peacock,NOUN,2,2
13484,toed,NOUN,2,2
13485,dunce,NOUN,2,2
13486,multi,ADJ,2,2
13487,dungaree,NOUN,2,2
13488,stocky,ADJ,2,2
13489,astride,ADP,2,2
13490,lobster,NOUN,2,2
13491,papi,ADJ,2,2
13492,mache,NOUN,2,2
13493,alligator,NOUN,2,2
13494,inaudibly,ADV,2,2
13495,blazer,NOUN,2,2
13496,smouldering,NOUN,2,2
13497,maize,NOUN,2,2
13498,bulging,NOUN,2,2
13499,admiring,ADJ,2,2
13500,nape,NOUN,2,2
13501,saliva,NOUN,2,2
13502,trash,VERB,2,2
13503,overt,ADJ,2,2
13504,homosexual,ADJ,2,2
13505,sequence,NOUN,2,2
13506,nick,NOUN,2,2
13507,blacker,NOUN,2,2
13508,wickedly,ADV,2,2
13509,queue,VERB,2,2
13510,fussy,ADJ,2,2
13511,compile,VERB,2,2
13512,fussily,ADV,2,2
13513,danse,NOUN,2,2
13514,edification,NOUN,2,2
13515,inexhaustibly,ADV,2,2
13516,hurrying,NOUN,2,2
13517,graceless,NOUN,2,2
13518,jeered,ADJ,2,2
13519,shamelessly,ADV,2,2
13520,disentangle,VERB,2,2
13521,profuse,NOUN,2,2
13522,interlace,VERB,2,2
13523,foothold,NOUN,2,2
13524,forego,VERB,2,2
13525,panting,NOUN,2,2
13526,thickness,NOUN,2,2
13527,gabbling,NOUN,2,2
13528,tapping,NOUN,2,2
13529,cluck,NOUN,2,2
13530,cluck,VERB,2,2
13531,bunch,VERB,2,2
13532,hurrah,NOUN,2,2
13533,pall,NOUN,2,2
13534,flat,ADV,2,2
13535,fang,NOUN,2,2
13536,fainting,NOUN,2,2
13537,skinning,NOUN,2,2
13538,morose,NOUN,2,2
13539,dubious,ADJ,2,2
13540,drivel,VERB,2,2
13541,symbolize,VERB,2,2
13542,gulf,NOUN,2,2
13543,remonstrance,NOUN,2,2
13544,devilishly,ADV,2,2
13545,aching,NOUN,2,2
13546,spiral,NOUN,2,2
13547,formally,ADV,2,2
13548,canter,VERB,2,2
13549,trop,X,2,2
13550,whelp,NOUN,2,2
13551,beatitude,NOUN,2,2
13552,breeder,NOUN,2,2
13553,usurp,VERB,2,2
13554,drunken,VERB,2,2
13555,bitch,VERB,2,2
13556,disobedient,ADJ,2,2
13557,figurine,NOUN,2,2
13558,ful,NOUN,2,2
13559,brier,NOUN,2,2
13560,hound,VERB,2,2
13561,vacate,VERB,2,2
13562,peer,NOUN,2,2
13563,writ,NOUN,2,2
13564,faking,NOUN,2,2
13565,protuberant,ADJ,2,2
13566,wanting,NOUN,2,2
13567,owing,ADJ,2,2
13568,ration,VERB,2,2
13569,wed,VERB,2,2
13570,prettiness,NOUN,2,2
13571,pitiless,NOUN,2,2
13572,seep,VERB,2,2
13573,oblivious,ADJ,2,2
13574,indefatigably,ADV,2,2
13575,pillowslip,NOUN,2,2
13576,martin,NOUN,2,2
13577,jerky,ADJ,2,2
13578,evocative,ADJ,2,2
13579,aura,NOUN,2,2
13580,soldiering,NOUN,2,2
13581,jar,VERB,2,2
13582,moonless,ADJ,2,2
13583,shoo,VERB,2,2
13584,stank,ADJ,2,2
13585,pleading,NOUN,2,2
13586,voiceless,ADJ,2,2
13587,shirt,VERB,2,2
13588,drinkable,ADJ,2,2
13589,dose,NOUN,2,2
13590,cornered,ADJ,2,2
13591,naively,ADV,2,2
13592,rival,VERB,2,2
13593,promptitude,NOUN,2,2
13594,venom,NOUN,2,2
13595,imagined,ADJ,2,2
13596,spiritually,ADV,2,2
13597,sentimentally,ADV,2,2
13598,afoot,ADJ,2,2
13599,ponderous,ADJ,2,2
13600,affront,NOUN,2,2
13601,oily,ADV,2,2
13602,disapproving,ADJ,2,2
13603,yellower,NOUN,2,2
13604,hot,NOUN,2,2
13605,launch,NOUN,2,2
13606,decimate,VERB,2,2
13607,malicious,ADJ,2,2
13608,swell,ADJ,2,2
13609,whereat,VERB,2,2
13610,mangy,VERB,2,2
13611,ineptly,ADV,2,2
13612,unprovoked,ADJ,2,2
13613,accepted,ADJ,2,2
13614,moon,VERB,2,2
13615,revoke,VERB,2,2
13616,pugnaciously,ADV,2,2
13617,perforate,VERB,2,2
13618,unnerving,ADJ,2,2
13619,ooze,NOUN,2,2
13620,deep,NOUN,2,2
13621,aimlessly,ADV,2,2
13622,uselessly,ADV,2,2
13623,viscous,ADJ,2,2
13624,lop,VERB,2,2
13625,retreating,NOUN,2,2
13626,thrust,NOUN,2,2
13627,studious,ADJ,2,2
13628,watertight,NOUN,2,2
13629,rainwater,NOUN,2,2
13630,whirling,NOUN,2,2
13631,bare,NOUN,2,2
13632,submissive,ADJ,2,2
13633,congratulation,NOUN,2,2
13634,grit,NOUN,2,2
13635,bright,ADV,2,2
13636,posterior,NOUN,2,2
13637,loathly,ADJ,2,2
13638,unbutton,VERB,2,2
13639,intrude,NOUN,2,2
13640,ferrule,NOUN,2,2
13641,overturn,VERB,2,2
13642,forlornly,ADV,2,2
13643,rainstorm,NOUN,2,2
13644,quaver,VERB,2,2
13645,rosebud,NOUN,2,2
13646,unmusical,ADJ,2,2
13647,sermon,ADJ,2,2
13648,burble,VERB,2,2
13649,fixedly,ADV,2,2
13650,revulsion,NOUN,2,2
13651,tutor,VERB,2,2
13652,mythical,ADJ,2,2
13653,tattered,ADJ,2,2
13654,endurable,ADJ,2,2
13655,translucent,ADJ,2,2
13656,unmitigated,ADJ,2,2
13657,mandalay,NOUN,2,2
13658,clinic,NOUN,2,2
13659,magnetos,NOUN,2,2
13660,accomplished,ADJ,2,2
13661,refill,NOUN,2,2
13662,neurotic,ADJ,2,2
13663,ingratiate,VERB,2,2
13664,accentuate,VERB,2,2
13665,privet,ADJ,2,1
13666,jockey,NOUN,2,1
13667,soapy,NOUN,2,1
13668,bunk,VERB,2,1
13669,semidetache,VERB,2,1
13670,canvasser,NOUN,2,1
13671,hulk,NOUN,2,1
13672,plonk,ADV,2,1
13673,peacefulness,NOUN,2,1
13674,plonk,ADJ,2,1
13675,chromium,NOUN,2,1
13676,toot,VERB,2,1
13677,waken,VERB,2,1
13678,serge,ADJ,2,1
13679,wheeze,NOUN,2,1
13680,colonnade,NOUN,2,1
13681,skewer,VERB,2,1
13682,shirtsleeve,NOUN,2,1
13683,ruminative,ADJ,2,1
13684,gastric,ADJ,2,1
13685,netting,NOUN,2,1
13686,eunuchs,NOUN,2,1
13687,serial,ADJ,2,1
13688,smelly,NOUN,2,1
13689,earthworm,NOUN,2,1
13690,bask,VERB,2,1
13691,gimp,NOUN,2,1
13692,mealworm,NOUN,2,1
13693,brandling,NOUN,2,1
13694,flop,NOUN,2,1
13695,salesmanship,NOUN,2,1
13696,turd,NOUN,2,1
13697,stripy,ADJ,2,1
13698,f,X,2,1
13699,dugout,NOUN,2,1
13700,hank,NOUN,2,1
13701,sandbucket,NOUN,2,1
13702,dauntless,NOUN,2,1
13703,suthe,VERB,2,1
13704,retail,ADJ,2,1
13705,livestock,NOUN,2,1
13706,jockey,VERB,2,1
13707,dwindle,NOUN,2,1
13708,lovegrove,VERB,2,1
13709,slap,NOUN,2,1
13710,tommie,NOUN,2,1
13711,blowflame,NOUN,2,1
13712,typist,NOUN,2,1
13713,pip,NOUN,2,1
13714,underling,NOUN,2,1
13715,trichinopoly,ADJ,2,1
13716,waitress,NOUN,2,1
13717,cheap,NOUN,2,1
13718,cotton,VERB,2,1
13719,executioner,NOUN,2,1
13720,dialectic,NOUN,2,1
13721,briar,ADJ,2,1
13722,oxfordy,ADJ,2,1
13723,porteous,ADJ,2,1
13724,smashing,NOUN,2,1
13725,hula,NOUN,2,1
13726,saunder,NOUN,2,1
13727,housing,NOUN,2,1
13728,fake,NOUN,2,1
13729,panel,NOUN,2,1
13730,boozed,ADJ,2,1
13731,arty,NOUN,2,1
13732,distingue,NOUN,2,1
13733,bessemer,NOUN,2,1
13734,loony,ADJ,2,1
13735,oven,ADV,2,1
13736,interloper,NOUN,2,1
13737,jerry,NOUN,2,1
13738,gramphone,NOUN,2,1
13739,bulldog,NOUN,2,1
13740,ge,NOUN,2,1
13741,gingery,NOUN,2,1
13742,oo,VERB,2,1
13743,pudgy,ADJ,2,2
13744,freckle,VERB,2,2
13745,athletic,ADJ,2,2
13746,ascendant,NOUN,2,2
13747,cot,NOUN,2,2
13748,uglier,ADJ,2,2
13749,socially,ADV,2,2
13750,quake,NOUN,2,2
13751,payable,ADJ,2,2
13752,downtrodden,ADJ,2,2
13753,sucker,NOUN,2,2
13754,sarcasm,NOUN,2,2
13755,stiff,NOUN,2,2
13756,tubby,ADJ,2,2
13757,hunchback,NOUN,2,2
13758,permanency,NOUN,2,2
13759,embankment,NOUN,2,2
13760,aircraft,ADJ,2,2
13761,aching,ADJ,2,2
13762,phantom,ADJ,2,2
13763,coldish,ADJ,2,2
13764,altered,ADJ,2,2
13765,serge,NOUN,2,2
13766,og,VERB,2,2
13767,dos,NOUN,2,2
13768,smote,VERB,2,2
13769,camel,NOUN,2,2
13770,sorrel,NOUN,2,2
13771,liquorice,NOUN,2,2
13772,clumping,NOUN,2,2
13773,overall,ADV,2,2
13774,hung,ADJ,2,2
13775,squealing,NOUN,2,2
13776,crush,NOUN,2,2
13777,fingering,NOUN,2,2
13778,conservative,NOUN,2,2
13779,cobble,VERB,2,2
13780,tallow,ADJ,2,2
13781,overwhelmed,ADJ,2,2
13782,bale,NOUN,2,2
13783,rite,NOUN,2,2
13784,decadent,ADJ,2,2
13785,roly,ADJ,2,2
13786,poly,ADJ,2,2
13787,colic,NOUN,2,2
13788,dismember,VERB,2,2
13789,heroine,NOUN,2,2
13790,bout,VERB,2,2
13791,longingly,ADV,2,2
13792,grownup,NOUN,2,2
13793,sid,INTJ,2,2
13794,nibble,ADJ,2,2
13795,mistaking,NOUN,2,2
13796,straining,NOUN,2,2
13797,gloat,VERB,2,2
13798,wallop,NOUN,2,2
13799,drilling,NOUN,2,2
13800,compulsory,ADJ,2,2
13801,inky,ADJ,2,2
13802,screwdriver,NOUN,2,2
13803,froze,VERB,2,2
13804,drag,NOUN,2,2
13805,barb,NOUN,2,2
13806,ticklish,ADJ,2,2
13807,craze,NOUN,2,2
13808,barbel,NOUN,2,2
13809,nettle,NOUN,2,2
13810,barb,VERB,2,2
13811,fate,ADJ,2,2
13812,wand,NOUN,2,2
13813,afloat,ADV,2,2
13814,surgical,ADJ,2,2
13815,flush,ADJ,2,2
13816,squashy,ADJ,2,2
13817,pi,NOUN,2,2
13818,buying,NOUN,2,2
13819,volcano,NOUN,2,2
13820,petrify,VERB,2,2
13821,cobwebs,NOUN,2,2
13822,bliss,ADJ,2,2
13823,preoccupied,ADJ,2,2
13824,upshot,NOUN,2,2
13825,tentacle,NOUN,2,2
13826,conditioning,NOUN,2,2
13827,firebrand,NOUN,2,2
13828,extempore,NOUN,2,2
13829,slick,VERB,2,2
13830,natty,ADJ,2,2
13831,steerage,NOUN,2,2
13832,spectacled,ADJ,2,2
13833,whirring,NOUN,2,2
13834,malleable,ADJ,2,2
13835,blackthorn,ADJ,2,2
13836,bankrupt,NOUN,2,2
13837,aloud,NOUN,2,2
13838,conscription,NOUN,2,2
13839,commandeer,VERB,2,2
13840,cruiser,NOUN,2,2
13841,decentish,ADJ,2,2
13842,tot,VERB,2,2
13843,meaninglessness,NOUN,2,2
13844,coke,NOUN,2,2
13845,accessory,NOUN,2,2
13846,unlearn,VERB,2,2
13847,hustling,ADJ,2,2
13848,executive,NOUN,2,2
13849,hearsay,NOUN,2,2
13850,word,VERB,2,2
13851,cyst,NOUN,2,2
13852,shellfish,NOUN,2,2
13853,decayed,ADJ,2,2
13854,vulgar,VERB,2,2
13855,cleverly,ADV,2,2
13856,maisonette,NOUN,2,2
13857,bracket,VERB,2,2
13858,theosophy,NOUN,2,2
13859,ectoplasm,NOUN,2,2
13860,stimulating,ADJ,2,2
13861,treason,NOUN,2,2
13862,bosh,ADJ,2,2
13863,droopy,NOUN,2,2
13864,badger,VERB,2,2
13865,comintern,ADJ,2,2
13866,diving,NOUN,2,2
13867,wriggle,NOUN,2,2
13868,imperialist,ADJ,2,2
13869,charging,NOUN,2,2
13870,arena,NOUN,2,2
13871,trident,NOUN,2,2
13872,galley,NOUN,2,2
13873,siege,NOUN,2,2
13874,lounging,NOUN,2,2
13875,casement,NOUN,2,2
13876,hump,NOUN,2,2
13877,cheery,ADJ,2,2
13878,seasonal,ADJ,2,2
13879,crinkly,ADV,2,2
13880,starter,NOUN,2,2
13881,flying,NOUN,2,2
13882,scramble,NOUN,2,2
13883,saver,NOUN,2,2
13884,tandem,NOUN,2,2
13885,anemone,NOUN,2,2
13886,larkspur,NOUN,2,2
13887,hereabouts,ADJ,2,2
13888,pansy,NOUN,2,2
13889,stab,NOUN,2,2
13890,chandelier,NOUN,2,2
13891,sweetish,NOUN,2,2
13892,diligent,NOUN,2,2
13893,sightseeing,NOUN,2,2
13894,fivish,NOUN,2,2
13895,sepulchral,ADJ,2,2
13896,choppy,ADJ,2,2
13897,slut,NOUN,2,2
13898,fitting,NOUN,2,2
13899,flyblown,NOUN,2,2
13900,likeliest,NOUN,2,2
13901,ur,VERB,2,2
13902,poking,NOUN,2,2
13903,antique,NOUN,2,2
13904,scout,NOUN,2,2
13905,hee,NOUN,2,2
13906,enrich,VERB,2,2
13907,drunk,VERB,2,2
13908,reflex,NOUN,2,2
13909,lynch,VERB,2,2
13910,varnish,VERB,2,2
13911,throb,NOUN,2,2
13912,finished,NOUN,2,2
13913,coupon,NOUN,2,2
13914,sabot,NOUN,2,1
13915,fantastically,ADV,2,1
13916,apéritif,NOUN,2,1
13917,forcément,NOUN,2,1
13918,ambiguous,ADJ,2,1
13919,apache,NOUN,2,1
13920,correspondingly,ADV,2,1
13921,margarine,VERB,2,1
13922,grandiose,ADJ,2,1
13923,fray,VERB,2,1
13924,une,NOUN,2,1
13925,seine,ADJ,2,1
13926,washer,NOUN,2,1
13927,sooner,SCONJ,2,1
13928,bleu,NOUN,2,1
13929,conspiratorial,ADJ,2,1
13930,iron,VERB,2,1
13931,évidemment,NOUN,2,1
13932,cheat,NOUN,2,1
13933,voucher,NOUN,2,1
13934,cafetier,NOUN,2,1
13935,cafeterie,ADJ,2,1
13936,brasswork,NOUN,2,1
13937,catering,NOUN,2,1
13938,pilfering,NOUN,2,1
13939,vieux,NOUN,2,1
13940,sous,NOUN,2,1
13941,afield,ADV,2,1
13942,à,NOUN,2,1
13943,enceinte,NOUN,2,1
13944,enceinte,VERB,2,1
13945,lancés,NOUN,2,1
13946,concierge,NOUN,2,1
13947,lazier,ADV,2,1
13948,bahinchut,NOUN,2,1
13949,auberge,ADJ,2,1
13950,doss,ADJ,2,1
13951,convex,ADJ,2,1
13952,sharing,NOUN,2,1
13953,lascar,NOUN,2,1
13954,interrupting,NOUN,2,1
13955,argue,NOUN,2,1
13956,spike,VERB,2,1
13957,fairness,NOUN,2,1
13958,billy,NOUN,2,1
13959,eightpenny,NOUN,2,1
13960,braid,NOUN,2,1
13961,bodied,ADJ,2,1
13962,malnutrition,NOUN,2,1
13963,palliasse,NOUN,2,1
13964,dat,VERB,2,1
13965,leam,VERB,2,1
13966,glim,NOUN,2,1
13967,paradox,NOUN,2,1
13968,annotator,NOUN,2,1
13969,glimme,VERB,2,1
13970,moochin,NOUN,2,1
13971,beggin,NOUN,2,1
13972,docker,NOUN,2,1
13973,scum,ADJ,2,1
13974,nomadic,ADJ,2,1
13975,donc,VERB,2,2
13976,rackety,NOUN,2,2
13977,warren,NOUN,2,2
13978,domesticate,VERB,2,2
13979,excessively,ADV,2,2
13980,behold,ADV,2,2
13981,bound,ADJ,2,2
13982,incomparable,ADJ,2,2
13983,savagery,NOUN,2,2
13984,duplicate,ADJ,2,2
13985,prosaically,ADV,2,2
13986,kilogram,NOUN,2,2
13987,wander,NOUN,2,2
13988,anodyne,NOUN,2,2
13989,moderately,ADV,2,2
13990,ink,VERB,2,2
13991,dost,VERB,2,2
13992,wouldst,ADJ,2,2
13993,pedantry,NOUN,2,2
13994,beaming,NOUN,2,2
13995,certainement,NOUN,2,2
13996,cramped,ADJ,2,2
13997,whir,NOUN,2,2
13998,draught,VERB,2,2
13999,inferno,NOUN,2,2
14000,clanging,NOUN,2,2
14001,unknowingly,ADV,2,2
14002,fous,ADJ,2,2
14003,probation,NOUN,2,2
14004,uncouth,NOUN,2,2
14005,spasmodic,ADJ,2,2
14006,voucher,ADJ,2,2
14007,pende,VERB,2,2
14008,lull,NOUN,2,2
14009,uninterrupte,VERB,2,2
14010,arctic,ADJ,2,2
14011,aristocrat,NOUN,2,2
14012,private,NOUN,2,2
14013,lingua,NOUN,2,2
14014,franca,NOUN,2,2
14015,teaspoonful,NOUN,2,2
14016,discreet,VERB,2,2
14017,socialist,NOUN,2,2
14018,reproachfully,ADV,2,2
14019,vin,NOUN,2,2
14020,repute,VERB,2,2
14021,la,NOUN,2,2
14022,prospective,ADJ,2,2
14023,sneeze,VERB,2,2
14024,emigrate,VERB,2,2
14025,blond,NOUN,2,2
14026,infamy,NOUN,2,2
14027,wield,VERB,2,2
14028,remedie,VERB,2,2
14029,nous,ADJ,2,2
14030,woodwork,NOUN,2,2
14031,cater,VERB,2,2
14032,scamp,VERB,2,2
14033,soprano,NOUN,2,2
14034,strainer,NOUN,2,2
14035,pettiness,NOUN,2,2
14036,sh,NOUN,2,2
14037,rebellious,ADJ,2,2
14038,equation,NOUN,2,2
14039,differentiate,VERB,2,2
14040,footnote,NOUN,2,2
14041,treadmill,NOUN,2,2
14042,très,ADJ,2,2
14043,invest,VERB,2,2
14044,downstairs,ADJ,2,2
14045,alongside,ADP,2,2
14046,pinnacle,NOUN,2,2
14047,shabbiness,NOUN,2,2
14048,etiolate,VERB,2,2
14049,senior,ADJ,2,2
14050,arbiter,NOUN,2,2
14051,winkle,NOUN,2,2
14052,east,ADV,2,2
14053,comelier,NOUN,2,2
14054,brandish,VERB,2,2
14055,curvature,NOUN,2,2
14056,shortsighted,ADJ,2,2
14057,dyspepsia,NOUN,2,2
14058,gory,ADJ,2,2
14059,indecently,ADV,2,2
14060,unspoken,ADJ,2,2
14061,fervently,ADV,2,2
14062,toothless,NOUN,2,2
14063,fetid,ADJ,2,2
14064,unshaven,ADV,2,2
14065,eject,VERB,2,2
14066,piss,ADJ,2,2
14067,lip,VERB,2,2
14068,sweetshop,NOUN,2,2
14069,jackal,NOUN,2,2
14070,clothed,ADJ,2,2
14071,babble,VERB,2,2
14072,backchat,DET,2,2
14073,omnibus,NOUN,2,2
14074,thrifty,ADJ,2,2
14075,surplus,ADJ,2,2
14076,daub,NOUN,2,2
14077,reputable,ADJ,2,2
14078,ethical,ADJ,2,2
14079,parasitic,ADJ,2,2
14080,gee,NOUN,2,2
14081,accomplice,NOUN,2,2
14082,safe,NOUN,2,2
14083,swallow,ADJ,2,2
14084,consistently,ADV,2,2
14085,dictionary,ADJ,2,2
14086,badinage,NOUN,2,2
14087,gibberish,NOUN,2,2
14088,parsimony,NOUN,2,2
14089,eke,VERB,2,2
14090,reverend,ADJ,2,2
14091,dredge,VERB,2,2
14092,shopwalker,NOUN,2,2
14093,mangle,VERB,2,2
14094,blister,VERB,2,2
14095,carthorse,NOUN,2,2
14096,copious,ADJ,2,2
14097,suffocation,NOUN,2,2
14098,noble,NOUN,2,2
14099,affliction,NOUN,2,2
14100,strand,VERB,2,2
14101,gruffness,NOUN,2,2
14102,shivering,NOUN,2,2
14103,connive,VERB,2,2
14104,tobaccoless,ADJ,2,2
14105,comfortless,NOUN,2,2
14106,stigma,NOUN,2,2
14107,impale,VERB,2,2
14108,facto,X,2,2
14109,sevenpence,VERB,2,2
14110,census,NOUN,2,2
14111,ness,NOUN,2,2
14112,humorously,ADV,2,2
14113,valet,NOUN,2,2
14114,cheaply,ADV,2,2
14115,barracks,NOUN,2,2
14116,informant,NOUN,2,2
14117,offlatland,ADP,2,1
14118,ιοι,NOUN,2,1
14119,ofspaceland,NOUN,2,1
14120,butto,NOUN,2,1
14121,powerof,NOUN,2,1
14122,youwill,NOUN,2,1
14123,atonce,NOUN,2,1
14124,straightline,NOUN,2,1
14125,tant,NOUN,2,1
14126,furlong,NOUN,2,1
14127,theirside,NOUN,2,1
14128,forthe,DET,2,1
14129,knownot,VERB,2,1
14130,theoryof,NOUN,2,1
14131,andforthe,DET,2,1
14132,second,VERB,2,1
14133,ure,NOUN,2,1
14134,andthis,DET,2,1
14135,doesnot,ADV,2,1
14136,inan,NOUN,2,1
14137,sidedness,NOUN,2,1
14138,forall,NOUN,2,1
14139,amost,ADJ,2,1
14140,acute,NOUN,2,1
14141,asto,ADJ,2,1
14142,approximate,ADJ,2,1
14143,intheir,ADJ,2,1
14144,init,NOUN,2,1
14145,ble,ADJ,2,1
14146,rabble,ADJ,2,1
14147,leaderless,NOUN,2,1
14148,thiskind,NOUN,2,1
14149,bere,VERB,2,1
14150,andyou,NOUN,2,1
14151,spectable,ADJ,2,1
14152,ofdeath,NOUN,2,1
14153,isfound,NOUN,2,1
14154,left,VERB,2,1
14155,isin,VERB,2,1
14156,ular,ADJ,2,1
14157,atleast,ADV,2,1
14158,anecessity,NOUN,2,1
14159,cretion,NOUN,2,1
14160,outof,ADJ,2,1
14161,resultis,NOUN,2,1
14162,redundant,ADJ,2,1
14163,saythat,VERB,2,1
14164,myreader,NOUN,2,1
14165,configuration,NOUN,2,1
14166,tween,NOUN,2,1
14167,thatthe,NOUN,2,1
14168,barbarism,NOUN,2,1
14169,diagonal,ADJ,2,1
14170,offeele,VERB,2,1
14171,ofangle,VERB,2,1
14172,ofnature,VERB,2,1
14173,thisis,NOUN,2,1
14174,imust,NOUN,2,1
14175,andit,NOUN,2,1
14176,thatthis,DET,2,1
14177,mymeane,VERB,2,1
14178,viz,ADJ,2,1
14179,aline,NOUN,2,1
14180,nate,NOUN,2,1
14181,inotherword,NOUN,2,1
14182,ofmy,ADJ,2,1
14183,andtwo,NOUN,2,1
14184,angularity,NOUN,2,1
14185,thetime,NOUN,2,1
14186,matician,NOUN,2,1
14187,ofcourse,ADJ,2,1
14188,resortto,VERB,2,1
14189,ofan,NOUN,2,1
14190,afew,NOUN,2,1
14191,ofmyreader,NOUN,2,1
14192,vince,VERB,2,1
14193,cat,VERB,2,1
14194,denythat,VERB,2,1
14195,pect,NOUN,2,1
14196,uponthe,NOUN,2,1
14197,wella,NOUN,2,1
14198,exceptthe,ADJ,2,1
14199,therewa,VERB,2,1
14200,itwas,PRON,2,1
14201,toyou,NOUN,2,1
14202,scribe,VERB,2,1
14203,parental,ADJ,2,1
14204,anoble,ADJ,2,1
14205,ishe,VERB,2,1
14206,concourse,NOUN,2,1
14207,forthemselve,NOUN,2,1
14208,thanthe,DET,2,1
14209,forwhich,NOUN,2,1
14210,ofit,ADJ,2,1
14211,ofa,ADP,2,1
14212,plead,NOUN,2,1
14213,figuration,NOUN,2,1
14214,ence,NOUN,2,1
14215,thewhole,NOUN,2,1
14216,lustre,NOUN,2,1
14217,lowvoice,NOUN,2,1
14218,sawbefore,VERB,2,1
14219,allwa,VERB,2,1
14220,k,NOUN,2,1
14221,myvoice,NOUN,2,1
14222,whichwa,VERB,2,1
14223,tospeak,ADJ,2,1
14224,ofhearing,ADJ,2,1
14225,tremitie,NOUN,2,1
14226,ofthe,VERB,2,1
14227,bly,ADV,2,1
14228,mation,NOUN,2,1
14229,endeavorto,VERB,2,1
14230,theking,NOUN,2,1
14231,mywive,NOUN,2,1
14232,atthis,DET,2,1
14233,offeeling,ADJ,2,1
14234,mustbe,NUM,2,1
14235,ofspace,ADV,2,1
14236,p,X,2,1
14237,d,X,2,1
14238,seeyou,VERB,2,1
14239,onthis,DET,2,1
14240,whichmaybe,ADV,2,1
14241,ofthree,NOUN,2,1
14242,everyway,NOUN,2,1
14243,mylife,NOUN,2,1
14244,listento,VERB,2,1
14245,allthing,NOUN,2,1
14246,ofyou,NOUN,2,1
14247,aslice,NOUN,2,1
14248,g,ADP,2,1
14249,juggler,NOUN,2,1
14250,tinue,VERB,2,1
14251,nextnumber,NOUN,2,1
14252,theseword,NOUN,2,1
14253,volition,NOUN,2,1
14254,arenot,ADV,2,1
14255,onset,NOUN,2,1
14256,pickpocket,NOUN,2,1
14257,nal,ADJ,2,1
14258,firsthour,NOUN,2,1
14259,millennial,ADJ,2,1
14260,onlyto,ADJ,2,1
14261,betoken,VERB,2,1
14262,saidthe,ADV,2,1
14263,hewa,VERB,2,1
14264,methe,DET,2,1
14265,myword,NOUN,2,1
14266,preclude,VERB,2,1
14267,notnorthward,ADJ,2,1
14268,itrie,VERB,2,1
14269,necessaryto,NOUN,2,1
14270,couldnot,VERB,2,1
14271,attime,VERB,2,1
14272,initiate,VERB,2,2
14273,projection,NOUN,2,2
14274,maximum,NOUN,2,2
14275,antecedent,NOUN,2,2
14276,intermarriage,NOUN,2,2
14277,ordinance,NOUN,2,2
14278,penetration,NOUN,2,2
14279,foment,VERB,2,2
14280,temperate,VERB,2,2
14281,rhythmical,ADJ,2,2
14282,destructiveness,NOUN,2,2
14283,avocation,NOUN,2,2
14284,suffice,NOUN,2,2
14285,inaudible,ADJ,2,2
14286,recall,NOUN,2,2
14287,reciprocal,ADJ,2,2
14288,legislative,ADJ,2,2
14289,toss,NOUN,2,2
14290,decease,NOUN,2,2
14291,fetter,VERB,2,2
14292,immovably,ADV,2,2
14293,zone,NOUN,2,2
14294,eulogy,NOUN,2,2
14295,y,NOUN,2,2
14296,impartially,ADV,2,2
14297,endowment,NOUN,2,2
14298,scion,NOUN,2,2
14299,avoidance,NOUN,2,2
14300,painless,ADJ,2,2
14301,will,VERB,2,2
14302,perish,ADJ,2,2
14303,deride,VERB,2,2
14304,beset,VERB,2,2
14305,extension,NOUN,2,2
14306,dietetic,ADJ,2,2
14307,verification,NOUN,2,2
14308,artistically,ADV,2,2
14309,variously,ADV,2,2
14310,camp,ADJ,2,2
14311,immunity,NOUN,2,2
14312,excepted,ADJ,2,2
14313,emanate,VERB,2,2
14314,familiarize,VERB,2,2
14315,abstinence,NOUN,2,2
14316,avowal,NOUN,2,2
14317,adoption,NOUN,2,2
14318,perdition,NOUN,2,2
14319,uttermost,NOUN,2,2
14320,visitation,NOUN,2,2
14321,violation,NOUN,2,2
14322,esoteric,ADJ,2,2
14323,exactness,NOUN,2,2
14324,progenitor,NOUN,2,2
14325,subordinate,VERB,2,2
14326,estimation,NOUN,2,2
14327,rectangle,NOUN,2,2
14328,choicest,NOUN,2,2
14329,dilemma,NOUN,2,2
14330,ordinate,VERB,2,2
14331,potential,ADJ,2,2
14332,deficient,ADJ,2,2
14333,devoutly,ADV,2,2
14334,maternal,ADJ,2,2
14335,perusal,NOUN,2,2
14336,blank,NOUN,2,2
14337,sweetest,NOUN,2,2
14338,exquisite,NOUN,2,2
14339,wonte,VERB,2,2
14340,pattering,ADJ,2,2
14341,parallel,NOUN,2,2
14342,prattle,NOUN,2,2
14343,incommode,VERB,2,2
14344,roughness,NOUN,2,2
14345,prolonged,ADJ,2,2
14346,arithmetical,ADJ,2,2
14347,apostle,NOUN,2,2
14348,convince,NOUN,2,2
14349,downward,ADJ,2,2
14350,convulsive,NOUN,2,2
14351,frustrated,ADJ,2,2
14352,harmonious,ADJ,2,2
14353,prostrate,VERB,2,2
14354,beheld,VERB,2,2
14355,continued,ADJ,2,2
14356,injunction,NOUN,2,2
14357,misguided,ADJ,2,2
14358,scourge,VERB,2,2
14359,consign,VERB,2,2
14360,methink,VERB,2,2
14361,moving,NOUN,2,2
14362,indoctrinate,VERB,2,2
14363,vantage,NOUN,2,2
14364,adorable,ADJ,2,2
14365,crave,VERB,2,2
14366,stake,VERB,2,2
14367,suggestive,NOUN,2,2
14368,precocious,ADJ,2,2
14369,essay,VERB,2,2
14370,unprepared,ADJ,2,2
14371,con,NOUN,2,2
14372,environ,VERB,2,2
14373,treatise,NOUN,2,2
14374,barred,ADJ,2,2
14375,fraternal,ADJ,2,2
14376,ward,VERB,2,2
14377,nay,NOUN,2,2
14378,prometheus,NOUN,2,1
14379,tranquillise,VERB,2,1
14380,embarkation,NOUN,2,1
14381,woeful,ADJ,2,1
14382,equalled,ADJ,2,1
14383,weakened,ADJ,2,1
14384,deduce,VERB,2,1
14385,lineament,NOUN,2,1
14386,sustenance,NOUN,2,1
14387,adversity,NOUN,2,1
14388,doting,NOUN,2,1
14389,recompense,VERB,2,1
14390,penury,NOUN,2,1
14391,babe,NOUN,2,1
14392,chamois,NOUN,2,1
14393,saintly,ADJ,2,1
14394,beheld,ADP,2,1
14395,elixir,NOUN,2,1
14396,exploded,ADJ,2,1
14397,fatality,NOUN,2,1
14398,deformed,ADJ,2,1
14399,appertaining,NOUN,2,1
14400,benignity,NOUN,2,1
14401,fortunate,VERB,2,1
14402,strove,NOUN,2,1
14403,alchemist,NOUN,2,1
14404,imbibe,VERB,2,1
14405,chimera,NOUN,2,1
14406,cursory,ADJ,2,1
14407,physiognomy,NOUN,2,1
14408,heartfelt,ADJ,2,1
14409,thenceforth,NOUN,2,1
14410,charnel,NOUN,2,1
14411,ardent,NOUN,2,1
14412,emaciated,ADJ,2,1
14413,palpitate,VERB,2,1
14414,cloud,VERB,2,1
14415,congratulatory,ADJ,2,1
14416,avail,NOUN,2,1
14417,verdant,ADJ,2,1
14418,assassin,NOUN,2,1
14419,indelible,ADJ,2,1
14420,alleviate,VERB,2,1
14421,apparel,NOUN,2,1
14422,anguish,ADJ,2,1
14423,fondly,ADV,2,1
14424,precipitous,ADJ,2,1
14425,vent,NOUN,2,1
14426,demeanour,ADJ,2,1
14427,despondence,NOUN,2,1
14428,signification,NOUN,2,1
14429,enrapture,VERB,2,1
14430,herbage,NOUN,2,1
14431,beheld,ADJ,2,1
14432,pleasure,VERB,2,1
14433,gall,NOUN,2,1
14434,compassionate,VERB,2,1
14435,inconstant,ADJ,2,1
14436,unprejudiced,ADJ,2,1
14437,visage,NOUN,2,1
14438,depart,NOUN,2,1
14439,solemnisation,NOUN,2,1
14440,despond,VERB,2,1
14441,chemical,ADJ,2,1
14442,highland,NOUN,2,1
14443,mainland,NOUN,2,1
14444,presentiment,NOUN,2,1
14445,northeast,ADJ,2,1
14446,rudder,NOUN,2,1
14447,mutable,ADJ,2,1
14448,debility,NOUN,2,1
14449,unfavourable,ADJ,2,1
14450,augury,NOUN,2,1
14451,turnkey,NOUN,2,1
14452,agonising,ADJ,2,1
14453,torpor,NOUN,2,1
14454,cling,NOUN,2,1
14455,scoff,VERB,2,1
14456,detail,VERB,2,1
14457,insatiable,ADJ,2,1
14458,humankind,NOUN,2,1
14459,inestimable,ADJ,2,2
14460,requisite,ADJ,2,2
14461,magnet,NOUN,2,2
14462,peruse,VERB,2,2
14463,effusion,NOUN,2,2
14464,naval,ADJ,2,2
14465,dross,NOUN,2,2
14466,mariner,NOUN,2,2
14467,suppliant,NOUN,2,2
14468,painstaking,ADJ,2,2
14469,springing,NOUN,2,2
14470,pathless,ADJ,2,2
14471,compass,VERB,2,2
14472,restoration,NOUN,2,2
14473,considerate,ADJ,2,2
14474,perilous,ADJ,2,2
14475,wise,ADV,2,2
14476,cultivated,ADJ,2,2
14477,evince,VERB,2,2
14478,starry,ADJ,2,2
14479,unequalled,ADJ,2,2
14480,ridicule,NOUN,2,2
14481,ameliorate,VERB,2,2
14482,imperatively,ADV,2,2
14483,toned,ADJ,2,2
14484,marrying,NOUN,2,2
14485,flourishing,ADJ,2,2
14486,mischance,NOUN,2,2
14487,strove,VERB,2,2
14488,hitherto,ADJ,2,2
14489,folding,NOUN,2,2
14490,moulding,NOUN,2,2
14491,body,VERB,2,2
14492,turbulence,NOUN,2,2
14493,masquerade,NOUN,2,2
14494,shrine,NOUN,2,2
14495,apathy,ADJ,2,2
14496,ignorantly,ADV,2,2
14497,blindness,NOUN,2,2
14498,preceptor,NOUN,2,2
14499,liberally,ADV,2,2
14500,betook,VERB,2,2
14501,potent,ADJ,2,2
14502,playmate,NOUN,2,2
14503,reprobate,VERB,2,2
14504,resident,NOUN,2,2
14505,experimentalist,NOUN,2,2
14506,comprehensive,ADJ,2,2
14507,frankness,NOUN,2,2
14508,protract,VERB,2,2
14509,receptacle,NOUN,2,2
14510,glimmering,NOUN,2,2
14511,arduous,ADJ,2,2
14512,complexity,NOUN,2,2
14513,minuteness,NOUN,2,2
14514,unrelaxed,ADJ,2,2
14515,resistless,NOUN,2,2
14516,trance,NOUN,2,2
14517,conceiving,NOUN,2,2
14518,shroud,NOUN,2,2
14519,convulse,VERB,2,2
14520,dreaded,ADJ,2,2
14521,glide,NOUN,2,2
14522,pertinacity,NOUN,2,2
14523,deserving,ADJ,2,2
14524,childless,ADJ,2,2
14525,unkindness,ADJ,2,2
14526,outstript,VERB,2,2
14527,annoying,ADJ,2,2
14528,pedestrian,NOUN,2,2
14529,blooming,NOUN,2,2
14530,mantel,NOUN,2,2
14531,prejudice,VERB,2,2
14532,aggravation,NOUN,2,2
14533,variable,ADJ,2,2
14534,protestation,NOUN,2,2
14535,pledge,VERB,2,2
14536,manacle,VERB,2,2
14537,confess,ADJ,2,2
14538,criminality,NOUN,2,2
14539,inapplicable,ADJ,2,2
14540,unquiet,ADJ,2,2
14541,desponding,ADJ,2,2
14542,reverberate,VERB,2,2
14543,congregate,VERB,2,2
14544,wilt,NOUN,2,2
14545,misdeed,NOUN,2,2
14546,multiplicity,NOUN,2,2
14547,offal,NOUN,2,2
14548,missile,NOUN,2,2
14549,purloin,VERB,2,2
14550,aught,NOUN,2,2
14551,overpowering,NOUN,2,2
14552,busily,ADV,2,2
14553,symmetry,NOUN,2,2
14554,viand,NOUN,2,2
14555,distressing,NOUN,2,2
14556,indication,NOUN,2,2
14557,sufficiency,NOUN,2,2
14558,moving,ADJ,2,2
14559,braid,VERB,2,2
14560,recurrence,NOUN,2,2
14561,slothful,ADJ,2,2
14562,godlike,ADJ,2,2
14563,agile,ADJ,2,2
14564,obnoxious,ADJ,2,2
14565,grated,ADJ,2,2
14566,meed,NOUN,2,2
14567,outrage,VERB,2,2
14568,unformed,ADJ,2,2
14569,peaceable,ADJ,2,2
14570,emblem,NOUN,2,2
14571,supplication,NOUN,2,2
14572,unreservedly,ADV,2,2
14573,antelope,NOUN,2,2
14574,havoc,NOUN,2,2
14575,balminess,NOUN,2,2
14576,people,VERB,2,2
14577,epithet,NOUN,2,2
14578,fairest,NOUN,2,2
14579,twinkling,NOUN,2,2
14580,readier,ADJ,2,2
14581,infirmity,NOUN,2,2
14582,covet,VERB,2,2
14583,unconscious,NOUN,2,2
14584,mute,NOUN,2,2
14585,indolence,NOUN,2,2
14586,fame,VERB,2,2
14587,transact,VERB,2,2
14588,remissness,NOUN,2,2
14589,fancied,ADJ,2,2
14590,termination,NOUN,2,2
14591,unplastere,VERB,2,2
14592,hinge,NOUN,2,2
14593,unmoleste,VERB,2,2
14594,intermix,VERB,2,2
14595,pest,NOUN,2,2
14596,profundity,NOUN,2,2
14597,precipitation,NOUN,2,2
14598,arrowy,ADJ,2,2
14599,contention,NOUN,2,2
14600,uninterrupted,ADJ,2,2
14601,buffet,VERB,2,2
14602,bounding,NOUN,2,2
14603,frowning,NOUN,2,2
14604,inhospitably,ADV,2,2
14605,construe,VERB,2,2
14606,energetically,ADV,2,2
14607,curb,VERB,2,2
14608,playfellow,NOUN,2,2
14609,futurity,NOUN,2,2
14610,conduce,VERB,2,2
14611,emulate,VERB,2,2
14612,coast,VERB,2,2
14613,glen,NOUN,2,2
14614,amphitheatre,NOUN,2,2
14615,relaxed,ADJ,2,2
14616,confusedly,ADV,2,2
14617,impracticable,ADJ,2,2
14618,haughty,ADJ,2,2
14619,rage,VERB,2,2
14620,seashore,NOUN,2,2
14621,destructive,ADJ,2,2
14622,scattered,ADJ,2,2
14623,aright,NOUN,2,2
14624,analysis,NOUN,2,2
14625,glimmer,VERB,2,2
14626,fireside,NOUN,2,2
14627,shamefully,ADV,2,2
14628,die,NOUN,2,2
14629,irretrievably,ADV,2,2
14630,lament,NOUN,2,2
14631,warbling,NOUN,2,2
14632,spanish,NOUN,2,1
14633,uste,VERB,2,1
14634,días,NOUN,2,1
14635,tipping,NOUN,2,1
14636,apprender,NOUN,2,1
14637,ametralladora,VERB,2,1
14638,recruitment,NOUN,2,1
14639,enlistment,NOUN,2,1
14640,quartermaster,NOUN,2,1
14641,aragónese,ADJ,2,1
14642,pannikinful,ADJ,2,1
14643,corrode,VERB,2,1
14644,maricone,NOUN,2,1
14645,airman,NOUN,2,1
14646,dud,NOUN,2,1
14647,errata,ADJ,2,1
14648,mechanized,ADJ,2,1
14649,equalitarian,ADJ,2,1
14650,conscript,ADJ,2,1
14651,mountainside,NOUN,2,1
14652,cordite,NOUN,2,1
14653,rifling,NOUN,2,1
14654,marksmanship,NOUN,2,1
14655,megaphone,NOUN,2,1
14656,conscript,VERB,2,1
14657,evacuate,VERB,2,1
14658,quo,NOUN,2,1
14659,antirevolutionary,ADJ,2,1
14660,extremist,NOUN,2,1
14661,differential,ADJ,2,1
14662,anarchism,NOUN,2,1
14663,standpoint,NOUN,2,1
14664,polemic,NOUN,2,1
14665,nationality,NOUN,2,1
14666,eyewash,NOUN,2,1
14667,reintroduction,NOUN,2,1
14668,muck,VERB,2,1
14669,jolting,NOUN,2,1
14670,practicante,NOUN,2,1
14671,zwe,VERB,2,1
14672,lever,VERB,2,1
14673,snip,NOUN,2,1
14674,spout,VERB,2,1
14675,small,NOUN,2,1
14676,tripod,NOUN,2,1
14677,terreeble,ADJ,2,1
14678,cauldron,NOUN,2,1
14679,predominance,NOUN,2,1
14680,lorry,VERB,2,1
14681,profiteer,VERB,2,1
14682,brawl,NOUN,2,1
14683,rioting,NOUN,2,1
14684,searching,NOUN,2,1
14685,trooper,NOUN,2,1
14686,warship,NOUN,2,1
14687,outlaw,VERB,2,1
14688,patrol,VERB,2,1
14689,sickle,VERB,2,1
14690,preconcerte,VERB,2,1
14691,extremist,ADJ,2,1
14692,arguable,ADJ,2,1
14693,cooperation,NOUN,2,1
14694,autonomy,NOUN,2,1
14695,incommunicado,NOUN,2,1
14696,bandage,VERB,2,1
14697,morphia,NOUN,2,1
14698,maim,VERB,2,1
14699,surgery,NOUN,2,1
14700,suerte,NOUN,2,1
14701,anaesthetic,NOUN,2,1
14702,buen,NOUN,2,1
14703,wobbly,ADJ,2,1
14704,bridge,VERB,2,2
14705,variant,NOUN,2,2
14706,amateur,NOUN,2,2
14707,gravel,VERB,2,2
14708,unpromising,ADJ,2,2
14709,bloodthirsty,ADJ,2,2
14710,raggedly,ADV,2,2
14711,impudently,ADV,2,2
14712,decry,VERB,2,2
14713,classify,VERB,2,2
14714,impartial,ADJ,2,2
14715,finder,NOUN,2,2
14716,hireling,NOUN,2,2
14717,zip,NOUN,2,2
14718,gun,VERB,2,2
14719,premier,NOUN,2,2
14720,transitional,ADJ,2,2
14721,imperialist,NOUN,2,2
14722,potential,NOUN,2,2
14723,premonitory,NOUN,2,2
14724,finance,VERB,2,2
14725,unified,ADJ,2,2
14726,sang,NOUN,2,2
14727,sawing,NOUN,2,2
14728,invective,NOUN,2,2
14729,geographically,ADV,2,2
14730,stray,NOUN,2,2
14731,fright,ADJ,2,2
14732,sole,VERB,2,2
14733,pitifully,ADV,2,2
14734,reedy,NOUN,2,2
14735,laced,ADJ,2,2
14736,duel,NOUN,2,2
14737,endemic,ADJ,2,2
14738,comer,NOUN,2,2
14739,scrabble,VERB,2,2
14740,cascade,VERB,2,2
14741,reinforcement,NOUN,2,2
14742,squib,NOUN,2,2
14743,fizzle,VERB,2,2
14744,flay,VERB,2,2
14745,petere,VERB,2,2
14746,microcosm,NOUN,2,2
14747,ladle,NOUN,2,2
14748,tatter,NOUN,2,2
14749,upper,NOUN,2,2
14750,forage,NOUN,2,2
14751,markedly,ADV,2,2
14752,reconstruct,VERB,2,2
14753,ceremoniously,ADV,2,2
14754,abnormality,NOUN,2,2
14755,camouflage,NOUN,2,2
14756,delicatessen,VERB,2,2
14757,barefooted,ADJ,2,2
14758,clamour,ADJ,2,2
14759,unofficial,ADJ,2,2
14760,undoubted,ADJ,2,2
14761,seething,ADJ,2,2
14762,splitting,ADJ,2,2
14763,ostentatiously,ADV,2,2
14764,dominate,VERB,2,2
14765,compromise,NOUN,2,2
14766,uninterruptedly,ADV,2,2
14767,sieve,NOUN,2,2
14768,paving,NOUN,2,2
14769,handing,NOUN,2,2
14770,submachine,NOUN,2,2
14771,clad,NOUN,2,2
14772,wrangle,NOUN,2,2
14773,untruthful,ADJ,2,2
14774,flagrant,ADJ,2,2
14775,intervention,NOUN,2,2
14776,inherently,ADV,2,2
14777,planned,ADJ,2,2
14778,assassination,NOUN,2,2
14779,marine,NOUN,2,2
14780,myth,NOUN,2,2
14781,reversal,NOUN,2,2
14782,fabrication,NOUN,2,2
14783,credibility,NOUN,2,2
14784,underestimate,VERB,2,2
14785,watchfully,ADV,2,2
14786,broadly,ADV,2,2
14787,reactionary,ADJ,2,2
14788,trump,VERB,2,2
14789,divided,ADJ,2,2
14790,tolerance,NOUN,2,2
14791,unpredictable,ADJ,2,2
14792,gliding,NOUN,2,2
14793,picturesquely,ADV,2,2
14794,proudly,ADV,2,2
14795,pernicious,ADJ,2,2
14796,coinage,NOUN,2,2
14797,purchasing,NOUN,2,2
14798,gangster,NOUN,2,2
14799,rarity,NOUN,2,2
14800,headquarter,NOUN,2,2
14801,oozy,ADJ,2,2
14802,intrigue,VERB,2,2
14803,crumbling,ADJ,2,2
14804,cardinal,NOUN,2,2
14805,hostage,NOUN,2,2
14806,chronicle,NOUN,2,2
14807,onslaught,NOUN,2,2
14808,competence,NOUN,2,2
14809,hunted,ADJ,2,2
14810,harbour,VERB,2,2
14811,unobtrusive,ADJ,2,2
14812,ante,NOUN,2,2
14813,index,NOUN,2,2
14814,buffet,NOUN,2,2
14815,distortion,NOUN,2,2
14816,smudge,NOUN,2,2
14817,suffereth,VERB,2,1
14818,seeketh,ADJ,2,1
14819,unsaleable,VERB,2,1
14820,leafless,NOUN,2,1
14821,sepia,NOUN,2,1
14822,vitamalt,NOUN,2,1
14823,afar,ADV,2,1
14824,deflower,VERB,2,1
14825,remainder,VERB,2,1
14826,lowbrow,NOUN,2,1
14827,spectacle,VERB,2,1
14828,epic,NOUN,2,1
14829,squibs,NOUN,2,1
14830,tumty,NOUN,2,1
14831,ballet,NOUN,2,1
14832,hanger,NOUN,2,1
14833,overall,ADJ,2,1
14834,feminist,NOUN,2,1
14835,luscious,ADJ,2,1
14836,decanter,ADV,2,1
14837,mousetrap,NOUN,2,1
14838,rightful,ADJ,2,1
14839,gutless,ADJ,2,1
14840,comstock,NOUN,2,1
14841,incubus,NOUN,2,1
14842,minimum,ADJ,2,1
14843,unwanted,ADJ,2,1
14844,darkish,NOUN,2,1
14845,unloveable,ADJ,2,1
14846,demonstrable,ADJ,2,1
14847,bleakly,ADV,2,1
14848,unseeing,ADJ,2,1
14849,fe,NOUN,2,1
14850,bottled,ADJ,2,1
14851,cutie,NOUN,2,1
14852,objectify,VERB,2,1
14853,alcoholic,ADJ,2,1
14854,halitosis,NOUN,2,1
14855,drage,NOUN,2,1
14856,spearhead,NOUN,2,1
14857,char,NOUN,2,1
14858,weakly,ADV,2,1
14859,purplish,ADJ,2,1
14860,strow,VERB,2,1
14861,signpost,NOUN,2,1
14862,overcharge,VERB,2,1
14863,tweak,VERB,2,1
14864,eightpence,VERB,2,1
14865,glitter,NOUN,2,1
14866,matily,ADV,2,1
14867,lyrically,ADV,2,1
14868,très,VERB,2,1
14869,vif,NOUN,2,1
14870,swam,NOUN,2,1
14871,embezzle,VERB,2,1
14872,peach,ADJ,2,1
14873,yellow,ADV,2,1
14874,crock,NOUN,2,1
14875,ro,NOUN,2,1
14876,midwifery,NOUN,2,1
14877,thyah,NOUN,2,1
14878,kitchenette,NOUN,2,1
14879,iniquity,NOUN,2,2
14880,chirp,VERB,2,2
14881,exclusive,ADJ,2,2
14882,vacuous,ADJ,2,2
14883,green,VERB,2,2
14884,debris,NOUN,2,2
14885,contour,NOUN,2,2
14886,prose,ADJ,2,2
14887,miscellaneous,ADJ,2,2
14888,clutter,VERB,2,2
14889,lettre,NOUN,2,2
14890,righteousness,NOUN,2,2
14891,affable,ADJ,2,2
14892,hiking,NOUN,2,2
14893,super,ADJ,2,2
14894,write,NOUN,2,2
14895,showing,NOUN,2,2
14896,observant,ADJ,2,2
14897,belted,ADJ,2,2
14898,inkstaine,VERB,2,2
14899,ajar,ADJ,2,2
14900,colder,NOUN,2,2
14901,prevalence,NOUN,2,2
14902,godly,ADJ,2,2
14903,unintended,ADJ,2,2
14904,fritter,VERB,2,2
14905,dingy,VERB,2,2
14906,ungainly,ADJ,2,2
14907,darning,NOUN,2,2
14908,statutory,ADJ,2,2
14909,sporadically,ADV,2,2
14910,volley,VERB,2,2
14911,personage,NOUN,2,2
14912,swine,ADJ,2,2
14913,unobtrusively,ADV,2,2
14914,naturedly,ADV,2,2
14915,sequel,NOUN,2,2
14916,unsought,ADJ,2,2
14917,bookish,ADJ,2,2
14918,abandonment,NOUN,2,2
14919,pouchy,NOUN,2,2
14920,springboard,NOUN,2,2
14921,frolic,NOUN,2,2
14922,dripping,NOUN,2,2
14923,resplendent,ADJ,2,2
14924,distantly,ADV,2,2
14925,related,ADJ,2,2
14926,neatness,NOUN,2,2
14927,croon,VERB,2,2
14928,jealously,ADV,2,2
14929,pansy,ADJ,2,2
14930,staleness,NOUN,2,2
14931,manoeuvring,NOUN,2,2
14932,frail,ADJ,2,2
14933,simper,VERB,2,2
14934,imbecility,NOUN,2,2
14935,fretfully,ADV,2,2
14936,abstract,NOUN,2,2
14937,gingerly,ADV,2,2
14938,communal,ADJ,2,2
14939,plenty,ADV,2,2
14940,altitude,NOUN,2,2
14941,gloved,ADJ,2,2
14942,ailing,ADJ,2,2
14943,embattle,VERB,2,2
14944,girlhood,NOUN,2,2
14945,committal,ADJ,2,2
14946,final,NOUN,2,2
14947,absurdly,ADV,2,2
14948,shrunken,ADJ,2,2
14949,unkempt,VERB,2,2
14950,flirt,NOUN,2,2
14951,hornbeam,NOUN,2,2
14952,autumnal,ADJ,2,2
14953,pleasanter,NOUN,2,2
14954,settle,NOUN,2,2
14955,air,VERB,2,2
14956,ashtray,NOUN,2,2
14957,impossibly,ADV,2,2
14958,claret,NOUN,2,2
14959,level,ADJ,2,2
14960,membrane,NOUN,2,2
14961,colder,ADJ,2,2
14962,abreast,ADJ,2,2
14963,hiker,NOUN,2,2
14964,misty,NOUN,2,2
14965,creep,ADJ,2,2
14966,smoothness,ADJ,2,2
14967,counterfeit,VERB,2,2
14968,banking,NOUN,2,2
14969,par,NOUN,2,2
14970,unbidden,ADJ,2,2
14971,metaphorically,ADV,2,2
14972,parable,NOUN,2,2
14973,niggle,VERB,2,2
14974,anchovy,NOUN,2,2
14975,bathe,NOUN,2,2
14976,sourish,ADJ,2,2
14977,arguing,NOUN,2,2
14978,deafeningly,ADV,2,2
14979,gout,NOUN,2,2
14980,wider,ADV,2,2
14981,nausea,NOUN,2,2
14982,snarl,VERB,2,2
14983,swagger,NOUN,2,2
14984,brewer,NOUN,2,2
14985,dishevelled,ADJ,2,2
14986,motorist,NOUN,2,2
14987,drinker,NOUN,2,2
14988,hatre,VERB,2,2
14989,sluggishly,ADV,2,2
14990,triumphing,NOUN,2,2
14991,dwelt,NOUN,2,2
14992,conventional,ADJ,2,2
14993,archway,NOUN,2,2
14994,ding,ADJ,2,2
14995,wrapping,NOUN,2,2
14996,giggle,NOUN,2,2
14997,feebleness,NOUN,2,2
14998,almanack,NOUN,2,2
14999,caricature,NOUN,2,2
15000,unborn,ADJ,2,2
15001,racketeering,NOUN,2,2
15002,office,ADJ,2,2
15003,inviolable,ADJ,2,2
15004,scrawny,ADJ,2,2
15005,roughen,VERB,2,1
15006,marbled,ADJ,2,1
15007,compromising,ADJ,2,1
15008,nib,NOUN,2,1
15009,stupidly,ADV,2,1
15010,kilo,NOUN,2,1
15011,clean,NOUN,2,1
15012,unorthodoxy,NOUN,2,1
15013,physique,NOUN,2,1
15014,unorthodoxy,ADJ,2,1
15015,hiss,NOUN,2,1
15016,asiatic,ADJ,2,1
15017,ll,AUX,2,1
15018,knocking,NOUN,2,1
15019,strenuousness,NOUN,2,1
15020,neckerchief,NOUN,2,1
15021,reporting,NOUN,2,1
15022,measurable,ADJ,2,1
15023,tis,NOUN,2,1
15024,newspeak,NOUN,2,1
15025,rasp,VERB,2,1
15026,statuesque,ADJ,2,1
15027,molehill,NOUN,2,1
15028,doublethink,VERB,2,1
15029,misprint,NOUN,2,1
15030,bb,DET,2,1
15031,dayorder,NOUN,2,1
15032,doubleplusungood,NOUN,2,1
15033,rewrite,NOUN,2,1
15034,upsub,NOUN,2,1
15035,antefile,VERB,2,1
15036,prediction,NOUN,2,1
15037,overfulfille,VERB,2,1
15038,biological,ADJ,2,1
15039,versificator,NOUN,2,1
15040,vaporization,NOUN,2,1
15041,relaxation,NOUN,2,1
15042,organizer,NOUN,2,1
15043,unpack,VERB,2,1
15044,pedant,NOUN,2,1
15045,doubleplusgood,NOUN,2,1
15046,quack,ADV,2,1
15047,favoured,ADJ,2,1
15048,stiffen,NOUN,2,1
15049,rigidity,NOUN,2,1
15050,therapy,NOUN,2,1
15051,inflexion,NOUN,2,1
15052,oh,NOUN,2,1
15053,puritanism,NOUN,2,1
15054,disprove,VERB,2,1
15055,pouched,ADJ,2,1
15056,airfield,NOUN,2,1
15057,stiffening,NOUN,2,1
15058,arst,VERB,2,1
15059,ealth,NOUN,2,1
15060,dono,VERB,2,1
15061,shove,NOUN,2,1
15062,urinal,ADJ,2,1
15063,answerable,ADJ,2,1
15064,rainwatery,NOUN,2,1
15065,rosewood,NOUN,2,1
15066,improvise,VERB,2,1
15067,whereabout,NOUN,2,1
15068,spoon,VERB,2,1
15069,eastasian,ADJ,2,1
15070,convoy,NOUN,2,1
15071,mike,NOUN,2,1
15072,undifferentiated,ADJ,2,1
15073,directive,NOUN,2,1
15074,intimate,NOUN,2,1
15075,brawny,ADJ,2,1
15076,opeless,NOUN,2,1
15077,awye,NOUN,2,1
15078,eal,NOUN,2,1
15079,acrorss,VERB,2,1
15080,codeword,NOUN,2,1
15081,thinness,NOUN,2,1
15082,confessing,NOUN,2,1
15083,shaded,ADJ,2,1
15084,handfuls,NOUN,2,1
15085,disproportionately,ADV,2,1
15086,looting,NOUN,2,1
15087,geographical,ADJ,2,1
15088,collectivism,NOUN,2,1
15089,subdivide,VERB,2,1
15090,upheaval,NOUN,2,1
15091,gyroscope,NOUN,2,1
15092,latent,ADJ,2,1
15093,neutralize,VERB,2,1
15094,biologist,NOUN,2,1
15095,inefficient,ADJ,2,1
15096,inviolate,NOUN,2,1
15097,cyclical,ADJ,2,1
15098,expropriate,VERB,2,1
15099,dislocation,NOUN,2,1
15100,stratify,VERB,2,1
15101,infallibility,NOUN,2,1
15102,statistical,ADJ,2,1
15103,thass,VERB,2,1
15104,rodent,NOUN,2,1
15105,syringe,NOUN,2,1
15106,nonsense,ADJ,2,1
15107,julia,NOUN,2,1
15108,staccato,NOUN,2,1
15109,adverb,ADJ,2,1
15110,etymological,ADJ,2,1
15111,adverb,NOUN,2,1
15112,pronounceable,ADJ,2,1
15113,bellyfeel,NOUN,2,1
15114,sexcrime,ADJ,2,1
15115,ambivalent,ADJ,2,1
15116,oldspeak,NOUN,2,1
15117,briefcase,NOUN,2,2
15118,goatee,NOUN,2,2
15119,dupe,NOUN,2,2
15120,clandestinely,ADV,2,2
15121,inexorably,ADV,2,2
15122,impact,NOUN,2,2
15123,apprehensive,ADJ,2,2
15124,agonizingly,ADV,2,2
15125,raspingly,ADV,2,2
15126,gory,NOUN,2,2
15127,myriad,ADJ,2,2
15128,zealot,NOUN,2,2
15129,fathom,NOUN,2,2
15130,categorical,ADJ,2,2
15131,garbled,ADJ,2,2
15132,producer,NOUN,2,2
15133,authentically,ADV,2,2
15134,gloating,NOUN,2,2
15135,authoritative,ADJ,2,2
15136,justification,NOUN,2,2
15137,appreciation,NOUN,2,2
15138,sterner,ADJ,2,2
15139,illiterate,NOUN,2,2
15140,edify,VERB,2,2
15141,mortality,NOUN,2,2
15142,intelligence,VERB,2,2
15143,midsummer,ADJ,2,2
15144,geological,ADJ,2,2
15145,resurrect,VERB,2,2
15146,frontispiece,NOUN,2,2
15147,array,VERB,2,2
15148,ship,VERB,2,2
15149,zig,NOUN,2,2
15150,mellow,VERB,2,2
15151,inviting,NOUN,2,2
15152,rectangular,ADJ,2,2
15153,unscrew,VERB,2,2
15154,peal,VERB,2,2
15155,detection,NOUN,2,2
15156,transit,NOUN,2,2
15157,sensitivity,NOUN,2,2
15158,transparency,NOUN,2,2
15159,minute,VERB,2,2
15160,near,NOUN,2,2
15161,fragmentary,ADJ,2,2
15162,credulity,NOUN,2,2
15163,dissent,NOUN,2,2
15164,gratuitous,ADJ,2,2
15165,contralto,NOUN,2,2
15166,predestined,ADJ,2,2
15167,rouge,VERB,2,2
15168,threadbare,ADJ,2,2
15169,countersign,NOUN,2,2
15170,coin,VERB,2,2
15171,curiously,ADJ,2,2
15172,inviolate,VERB,2,2
15173,stopper,NOUN,2,2
15174,elegantly,ADV,2,2
15175,swum,ADJ,2,2
15176,feed,NOUN,2,2
15177,outwit,VERB,2,2
15178,hybrid,ADJ,2,2
15179,indecipherable,ADJ,2,2
15180,deadly,ADV,2,2
15181,bulkiness,NOUN,2,2
15182,gelatinous,ADJ,2,2
15183,shred,NOUN,2,2
15184,prodigy,NOUN,2,2
15185,trolley,NOUN,2,2
15186,prevailing,ADJ,2,2
15187,slavery,VERB,2,2
15188,dominant,ADJ,2,2
15189,leisure,VERB,2,2
15190,ravage,NOUN,2,2
15191,stagnate,VERB,2,2
15192,austere,ADJ,2,2
15193,orgiastic,ADJ,2,2
15194,speculative,ADJ,2,2
15195,experimental,ADJ,2,2
15196,fragile,ADJ,2,2
15197,movable,NOUN,2,2
15198,darkest,ADJ,2,2
15199,ethic,NOUN,2,2
15200,biased,ADJ,2,2
15201,irresponsible,ADJ,2,2
15202,gag,VERB,2,2
15203,objective,NOUN,2,2
15204,historic,ADJ,2,2
15205,foreshadow,VERB,2,2
15206,key,VERB,2,2
15207,liken,VERB,2,2
15208,colonial,ADJ,2,2
15209,mutually,ADV,2,2
15210,inconvenient,NOUN,2,2
15211,concession,NOUN,2,2
15212,flowering,NOUN,2,2
15213,valiant,ADJ,2,2
15214,shaking,NOUN,2,2
15215,stampede,NOUN,2,2
15216,jowl,NOUN,2,2
15217,distil,VERB,2,2
15218,fading,ADJ,2,2
15219,regretful,ADJ,2,2
15220,wrung,VERB,2,2
15221,curable,ADJ,2,2
15222,wayward,ADJ,2,2
15223,humble,VERB,2,2
15224,clench,VERB,2,2
15225,flaw,NOUN,2,2
15226,reassuringly,ADV,2,2
15227,fleshy,ADJ,2,2
15228,reversible,ADJ,2,2
15229,reptile,NOUN,2,2
15230,renewal,NOUN,2,2
15231,intoxication,NOUN,2,2
15232,penitent,ADJ,2,2
15233,nobby,ADJ,2,2
15234,frivolity,NOUN,2,2
15235,fencing,NOUN,2,2
15236,carnivorous,ADJ,2,2
15237,interpose,VERB,2,2
15238,coarsely,ADV,2,2
15239,gum,VERB,2,2
15240,vertically,ADV,2,2
15241,reassurance,NOUN,2,2
15242,pelting,NOUN,2,2
15243,rout,NOUN,2,2
15244,pronoun,NOUN,2,2
15245,weld,VERB,2,2
15246,securing,NOUN,2,2
15247,decadence,NOUN,2,2
15248,utilitarian,ADJ,2,2
15249,archaism,NOUN,2,1
15250,slovenliness,NOUN,2,1
15251,drake,NOUN,2,1
15252,egregious,ADJ,2,1
15253,institutional,ADJ,2,1
15254,hotbe,VERB,2,1
15255,unjustifiable,ADJ,2,1
15256,radical,ADJ,2,1
15257,canker,NOUN,2,2
15258,virile,ADJ,2,2
15259,effete,ADJ,2,2
15260,dodged,ADJ,2,2
15261,grist,NOUN,2,2
15262,mend,NOUN,2,2
15263,clarion,NOUN,2,2
15264,oust,VERB,2,2
15265,plastic,NOUN,2,2
15266,aesthetic,ADJ,2,2
15267,commensurate,ADJ,2,2
15268,analyze,VERB,2,2
15269,melting,NOUN,2,2
15270,amply,ADV,2,2
15271,field,VERB,2,1
15272,palmleaf,NOUN,2,2
15273,trumpet,VERB,2,2
15274,tortured,ADJ,2,2
15275,adventures,NOUN,2,1
15276,beguile,VERB,2,1
15277,ai,INTJ,2,1
15278,smarty,NOUN,2,1
15279,tole,VERB,2,1
15280,dong,ADJ,2,1
15281,labboard,NOUN,2,1
15282,druther,NOUN,2,1
15283,whitewashing,NOUN,2,1
15284,injun,NOUN,2,1
15285,rearward,NOUN,2,1
15286,hypercritical,ADJ,2,1
15287,sid,ADV,2,1
15288,mightily,ADV,2,1
15289,blight,VERB,2,1
15290,stunning,ADJ,2,1
15291,festivity,NOUN,2,1
15292,straggler,NOUN,2,1
15293,monotonously,ADV,2,1
15294,impressiveness,NOUN,2,1
15295,dismantled,ADJ,2,1
15296,rearward,ADJ,2,1
15297,hoop,NOUN,2,1
15298,dern,NOUN,2,1
15299,becuz,ADP,2,1
15300,throne,VERB,2,1
15301,ferule,NOUN,2,1
15302,slather,NOUN,2,1
15303,sobbing,NOUN,2,1
15304,tight,NOUN,2,1
15305,cogitate,VERB,2,1
15306,lath,ADJ,2,1
15307,sperrit,NOUN,2,1
15308,hot,ADV,2,1
15309,cuss,VERB,2,1
15310,pard,NOUN,2,1
15311,headboard,NOUN,2,1
15312,weepon,NOUN,2,1
15313,fuddle,VERB,2,1
15314,lugubrious,ADJ,2,1
15315,lordy,NOUN,2,1
15316,consound,VERB,2,1
15317,bleeve,VERB,2,1
15318,whipping,NOUN,2,1
15319,revengeful,ADJ,2,1
15320,nerveless,ADJ,2,1
15321,cruelty,ADJ,2,1
15322,schoolyard,NOUN,2,1
15323,whoop,VERB,2,1
15324,brooding,NOUN,2,1
15325,pone,NOUN,2,1
15326,unavaile,VERB,2,1
15327,hearte,VERB,2,1
15328,scarum,NOUN,2,1
15329,firecracker,NOUN,2,1
15330,measureless,ADJ,2,1
15331,crybaby,NOUN,2,1
15332,hendere,VERB,2,1
15333,warwhoop,NOUN,2,1
15334,blinding,NOUN,2,1
15335,glimpse,VERB,2,1
15336,rubbage,NOUN,2,1
15337,somewhere,NOUN,2,1
15338,flinder,NOUN,2,1
15339,undecided,ADJ,2,1
15340,paralyze,VERB,2,1
15341,relentlessly,ADV,2,1
15342,mystic,ADJ,2,1
15343,measle,NOUN,2,1
15344,ketch,VERB,2,1
15345,hid,ADJ,2,1
15346,lightne,VERB,2,1
15347,halfbreed,NOUN,2,1
15348,panting,ADJ,2,1
15349,dime,NOUN,2,1
15350,bowie,NOUN,2,1
15351,foller,VERB,2,1
15352,lad,ADJ,2,1
15353,downtown,NOUN,2,1
15354,follere,VERB,2,1
15355,delirious,ADJ,2,1
15356,cheerily,ADV,2,1
15357,famished,ADJ,2,1
15358,ransom,NOUN,2,1
15359,slope,VERB,2,1
15360,initiation,NOUN,2,1
15361,retaliate,VERB,2,2
15362,fourth,NOUN,2,2
15363,whit,NOUN,2,2
15364,ambuscade,NOUN,2,2
15365,whitewashed,ADJ,2,2
15366,headway,NOUN,2,2
15367,bight,NOUN,2,2
15368,flavor,VERB,2,2
15369,fry,NOUN,2,2
15370,maid,ADJ,2,2
15371,dip,NOUN,2,2
15372,gird,VERB,2,2
15373,effeminate,VERB,2,2
15374,improved,ADJ,2,2
15375,restraint,NOUN,2,2
15376,incorruptible,ADJ,2,2
15377,subsidence,NOUN,2,2
15378,deck,VERB,2,2
15379,bred,ADJ,2,2
15380,comet,NOUN,2,2
15381,insensibly,ADV,2,2
15382,perspire,VERB,2,2
15383,caterwaul,VERB,2,2
15384,sublimity,NOUN,2,2
15385,sift,VERB,2,2
15386,bystander,NOUN,2,2
15387,coroner,NOUN,2,2
15388,experimenter,NOUN,2,2
15389,forsaken,ADJ,2,2
15390,transpire,VERB,2,2
15391,starlight,ADJ,2,2
15392,skillet,NOUN,2,2
15393,gouge,VERB,2,2
15394,waif,NOUN,2,2
15395,intruder,NOUN,2,2
15396,obtrude,VERB,2,2
15397,sturdily,ADV,2,2
15398,trill,VERB,2,2
15399,limpid,ADJ,2,2
15400,monarch,NOUN,2,2
15401,quicksilver,NOUN,2,2
15402,uncommitted,ADJ,2,2
15403,thwart,NOUN,2,2
15404,sumptuous,ADJ,2,2
15405,whooping,ADJ,2,2
15406,novice,NOUN,2,2
15407,bode,VERB,2,2
15408,culminate,VERB,2,2
15409,sheltered,ADJ,2,2
15410,pregnant,ADJ,2,2
15411,realism,NOUN,2,2
15412,flirtation,NOUN,2,2
15413,planning,NOUN,2,2
15414,dignitary,NOUN,2,2
15415,labored,ADJ,2,2
15416,clear,ADV,2,2
15417,votary,NOUN,2,2
15418,elysian,ADJ,2,2
15419,bluster,VERB,2,2
15420,intangible,ADJ,2,2
15421,pate,NOUN,2,2
15422,profanity,NOUN,2,2
15423,practise,NOUN,2,2
15424,minstrel,NOUN,2,2
15425,berth,NOUN,2,2
15426,athwart,VERB,2,2
15427,inhale,VERB,2,2
15428,refreshing,ADJ,2,2
15429,safest,ADJ,2,2
15430,bowlder,NOUN,2,2
15431,pleasantest,NOUN,2,2
15432,posse,NOUN,2,2
15433,dog,VERB,2,2
15434,searcher,ADV,2,2
15435,wailing,NOUN,2,2
15436,whet,VERB,2,2
15437,magnificently,ADV,2,2
15438,wasting,NOUN,2,2
15439,center,NOUN,2,2
15440,henry,NOUN,2,1
15441,diplomat,NOUN,2,1
15442,quagmire,NOUN,2,1
15443,inattention,NOUN,2,1
15444,reputably,ADV,2,1
15445,divisible,ADJ,2,1
15446,polemic,ADJ,2,1
15447,compleat,VERB,2,1
15448,bisket,NOUN,2,1
15449,argumentation,NOUN,2,1
15450,doubter,NOUN,2,1
15451,positiveness,NOUN,2,1
15452,concurrence,NOUN,2,1
15453,judiciously,ADV,2,1
15454,surff,NOUN,2,1
15455,staid,VERB,2,1
15456,cheapness,NOUN,2,1
15457,sophister,NOUN,2,1
15458,presswork,NOUN,2,1
15459,knave,NOUN,2,1
15460,extreamly,ADV,2,1
15461,sotte,VERB,2,1
15462,tutor,NOUN,2,1
15463,conveyancer,NOUN,2,1
15464,wherewith,NOUN,2,1
15465,compleat,ADJ,2,1
15466,laught,VERB,2,1
15467,subsist,NOUN,2,1
15468,muddling,NOUN,2,1
15469,imposition,NOUN,2,1
15470,chappel,NOUN,2,1
15471,porringer,NOUN,2,1
15472,nunnery,NOUN,2,1
15473,overture,NOUN,2,1
15474,chearfully,ADV,2,1
15475,cloath,NOUN,2,1
15476,crimp,NOUN,2,1
15477,satisfaction,VERB,2,1
15478,deist,NOUN,2,1
15479,insinuate,VERB,2,1
15480,willful,ADJ,2,1
15481,glazier,NOUN,2,1
15482,pun,VERB,2,1
15483,patria,NOUN,2,1
15484,acknowledgment,NOUN,2,1
15485,unkind,ADJ,2,1
15486,theological,ADJ,2,1
15487,extant,ADJ,2,1
15488,swimmingly,ADV,2,1
15489,barbadoe,NOUN,2,1
15490,tho,PRON,2,1
15491,memorandum,NOUN,2,1
15492,dullness,VERB,2,1
15493,habitude,NOUN,2,1
15494,foppery,NOUN,2,1
15495,obtaining,NOUN,2,1
15496,excellency,NOUN,2,1
15497,united,ADJ,2,1
15498,synod,NOUN,2,1
15499,compleate,VERB,2,1
15500,proportionately,ADV,2,1
15501,desiring,NOUN,2,1
15502,oratory,NOUN,2,1
15503,musick,NOUN,2,1
15504,associator,NOUN,2,1
15505,lawful,ADJ,2,1
15506,nomination,NOUN,2,1
15507,predominancy,NOUN,2,1
15508,moravian,ADJ,2,1
15509,conditional,ADJ,2,1
15510,empower,VERB,2,1
15511,scarce,VERB,2,1
15512,lb,NUM,2,1
15513,quart,ADV,2,1
15514,panick,ADJ,2,1
15515,exempting,NOUN,2,1
15516,stockade,NOUN,2,1
15517,priming,NOUN,2,1
15518,embargo,NOUN,2,1
15519,sailer,NOUN,2,1
15520,indraught,NOUN,2,1
15521,lxxi,ADJ,2,1
15522,incidental,ADJ,2,2
15523,patent,VERB,2,2
15524,shrewdness,NOUN,2,2
15525,journalism,NOUN,2,2
15526,authentic,ADJ,2,2
15527,inducement,NOUN,2,2
15528,transmigration,NOUN,2,2
15529,suckle,VERB,2,2
15530,unaffected,ADJ,2,2
15531,obelisk,NOUN,2,2
15532,inconveniency,NOUN,2,2
15533,ducking,NOUN,2,2
15534,gingerbread,NOUN,2,2
15535,snare,NOUN,2,2
15536,computation,NOUN,2,2
15537,constituent,NOUN,2,2
15538,legacy,NOUN,2,2
15539,surveying,NOUN,2,2
15540,beginner,NOUN,2,2
15541,inventor,NOUN,2,2
15542,primer,NOUN,2,2
15543,blunder,VERB,2,2
15544,frugal,ADJ,2,2
15545,behindhand,ADJ,2,2
15546,earthen,ADJ,2,2
15547,vitæ,NOUN,2,2
15548,ivory,NOUN,2,2
15549,communicating,NOUN,2,2
15550,spartan,ADJ,2,2
15551,insolvent,ADJ,2,2
15552,debtor,NOUN,2,2
15553,peremptorily,ADV,2,2
15554,alderman,NOUN,2,2
15555,pleasing,NOUN,2,2
15556,promoter,NOUN,2,2
15557,slush,NOUN,2,2
15558,narrowness,NOUN,2,2
15559,repeatedly,ADV,2,2
15560,disorder,VERB,2,2
15561,discipline,VERB,2,2
15562,swivel,NOUN,2,2
15563,steward,ADV,2,2
15564,rancour,NOUN,2,2
15565,express,NOUN,2,2
15566,idly,ADV,2,2
15567,contractor,NOUN,2,2
15568,founder,VERB,2,2
15569,gainer,NOUN,2,2
15570,prodigality,NOUN,2,2
15571,laudable,ADJ,2,2
15572,equipage,NOUN,2,2
15573,snobbishly,ADV,2,1
15574,prep,ADJ,2,1
15575,commuting,NOUN,2,1
15576,eyesore,NOUN,2,1
15577,supercilious,ADJ,2,1
15578,motorboat,NOUN,2,1
15579,deft,ADJ,2,1
15580,hulk,VERB,2,1
15581,rang,X,2,1
15582,alertly,ADV,2,1
15583,pointlessly,ADV,2,1
15584,turbulent,ADJ,2,1
15585,sophisticated,ADJ,2,1
15586,roadhouse,NOUN,2,1
15587,ashen,NOUN,2,1
15588,newsstand,NOUN,2,1
15589,taxicab,NOUN,2,1
15590,haughtily,ADV,2,1
15591,lather,NOUN,2,1
15592,chiffon,NOUN,2,1
15593,janitor,NOUN,2,1
15594,subway,NOUN,2,1
15595,caterer,NOUN,2,1
15596,garnish,VERB,2,1
15597,saxophone,NOUN,2,1
15598,salon,NOUN,2,1
15599,innuendo,NOUN,2,1
15600,overseas,ADV,2,1
15601,stunt,NOUN,2,1
15602,quartet,NOUN,2,1
15603,jaunty,NOUN,2,1
15604,headlight,NOUN,2,1
15605,duster,NOUN,2,1
15606,racy,NOUN,2,1
15607,hilariously,ADV,2,1
15608,schedule,NOUN,2,1
15609,motorcycle,NOUN,2,1
15610,girder,NOUN,2,1
15611,highball,NOUN,2,1
15612,plaid,NOUN,2,1
15613,roadster,NOUN,2,1
15614,rang,NOUN,2,1
15615,hollowly,ADV,2,1
15616,gasoline,NOUN,2,1
15617,tragically,ADV,2,1
15618,shortcut,NOUN,2,1
15619,poolroom,NOUN,2,1
15620,pompadour,NOUN,2,1
15621,prac,NOUN,2,1
15622,contingency,NOUN,2,1
15623,dilatory,ADJ,2,1
15624,shirtwaist,NOUN,2,1
15625,cious,ADJ,2,1
15626,inexplicable,ADJ,2,1
15627,suite,NOUN,2,1
15628,julep,NOUN,2,1
15629,ea,NOUN,2,1
15630,comin,NOUN,2,1
15631,levity,NOUN,2,2
15632,flabby,ADJ,2,2
15633,domesticated,ADJ,2,2
15634,gull,NOUN,2,2
15635,afterward,ADP,2,2
15636,buoy,VERB,2,2
15637,checker,NOUN,2,2
15638,egotism,NOUN,2,2
15639,fatten,VERB,2,2
15640,contiguous,ADJ,2,2
15641,indeterminate,ADJ,2,2
15642,shiftlessness,NOUN,2,2
15643,elaborateness,NOUN,2,2
15644,cordial,NOUN,2,2
15645,unnaturally,ADV,2,2
15646,profitably,ADV,2,2
15647,buck,NOUN,2,2
15648,unfathomable,ADJ,2,2
15649,darker,ADJ,2,2
15650,mower,NOUN,2,2
15651,selection,NOUN,2,2
15652,bracing,NOUN,2,2
15653,seaboard,NOUN,2,2
15654,caravansary,NOUN,2,2
15655,simmer,VERB,2,2
15656,awning,NOUN,2,2
15657,athlete,NOUN,2,2
15658,scallop,VERB,2,2
15659,irreverent,ADJ,2,2
15660,fade,NOUN,2,2
15661,sacredness,NOUN,2,2
15662,ejaculate,VERB,2,2
15663,thrilling,NOUN,2,2
15664,ode,NOUN,2,1
15665,chanticleer,NOUN,2,1
15666,roost,NOUN,2,1
15667,sojourner,NOUN,2,1
15668,pertinent,ADJ,2,1
15669,sonorous,ADJ,2,1
15670,nutshell,NOUN,2,1
15671,teamster,NOUN,2,1
15672,bravery,NOUN,2,1
15673,waive,VERB,2,1
15674,obtain,NOUN,2,1
15675,palatable,ADJ,2,1
15676,exorbitant,ADJ,2,1
15677,reef,NOUN,2,1
15678,appliance,NOUN,2,1
15679,shiftless,NOUN,2,1
15680,shipwreck,VERB,2,1
15681,camp,VERB,2,1
15682,bower,NOUN,2,1
15683,plastering,ADJ,2,1
15684,somerset,NOUN,2,1
15685,unwieldy,ADJ,2,1
15686,counterbalance,VERB,2,1
15687,mason,NOUN,2,1
15688,staple,ADJ,2,1
15689,export,NOUN,2,1
15690,spar,NOUN,2,1
15691,forefather,NOUN,2,1
15692,overlay,VERB,2,1
15693,pewee,NOUN,2,1
15694,cackling,NOUN,2,1
15695,rambler,NOUN,2,1
15696,warp,VERB,2,1
15697,cartload,NOUN,2,1
15698,staple,NOUN,2,1
15699,equable,ADJ,2,1
15700,superstructure,NOUN,2,1
15701,inhabitant,ADJ,2,1
15702,indweller,NOUN,2,1
15703,ado,NOUN,2,1
15704,shingle,VERB,2,1
15705,squatter,NOUN,2,1
15706,unimproved,ADJ,2,1
15707,magnetic,ADJ,2,1
15708,outgoe,NOUN,2,1
15709,spade,VERB,2,1
15710,manure,VERB,2,1
15711,detriment,NOUN,2,1
15712,leaven,ADV,2,1
15713,trivialness,NOUN,2,1
15714,mould,AUX,2,1
15715,incapacitate,VERB,2,1
15716,dipper,NOUN,2,1
15717,exuviæ,NOUN,2,1
15718,seer,NOUN,2,1
15719,busk,NOUN,2,1
15720,unhesitatingly,ADV,2,1
15721,fugitive,ADJ,2,1
15722,coöperation,NOUN,2,1
15723,coöperate,VERB,2,1
15724,balk,VERB,2,1
15725,overrate,VERB,2,1
15726,resound,NOUN,2,1
15727,botanic,ADJ,2,1
15728,azad,VERB,2,1
15729,firmament,NOUN,2,1
15730,fallow,ADJ,2,1
15731,auroral,ADJ,2,1
15732,terrestrial,ADJ,2,1
15733,suggestive,ADJ,2,1
15734,thrilling,ADJ,2,1
15735,songster,NOUN,2,1
15736,veery,NOUN,2,1
15737,hourly,ADV,2,1
15738,worshipper,NOUN,2,1
15739,engraven,ADJ,2,1
15740,deliberation,NOUN,2,1
15741,valor,NOUN,2,1
15742,reservedly,ADV,2,1
15743,brutish,ADJ,2,1
15744,grecian,ADJ,2,1
15745,forum,NOUN,2,1
15746,rightfully,ADV,2,1
15747,digest,VERB,2,1
15748,provender,NOUN,2,1
15749,weathercock,NOUN,2,1
15750,dulness,ADJ,2,1
15751,sedulously,ADV,2,1
15752,underbred,ADJ,2,1
15753,illiterateness,NOUN,2,1
15754,aliment,NOUN,2,1
15755,glabra,NOUN,2,1
15756,luxuriantly,ADV,2,1
15757,heedlessly,ADV,2,1
15758,velvety,NOUN,2,1
15759,tantivy,NOUN,2,1
15760,fishhawk,NOUN,2,1
15761,locomotive,ADJ,2,1
15762,flaxen,NOUN,2,1
15763,drover,NOUN,2,1
15764,lyre,NOUN,2,1
15765,azure,ADJ,2,1
15766,screech,NOUN,2,1
15767,stereotype,VERB,2,1
15768,gurgling,NOUN,2,1
15769,hoorer,NOUN,2,1
15770,bullfrog,NOUN,2,1
15771,distend,VERB,2,1
15772,naturalize,VERB,2,1
15773,doubleness,NOUN,2,1
15774,mullein,NOUN,2,1
15775,chickadee,NOUN,2,1
15776,aborigine,NOUN,2,1
15777,beverage,NOUN,2,1
15778,hemlock,NOUN,2,1
15779,migrating,NOUN,2,1
15780,huckleberrying,NOUN,2,1
15781,harrier,NOUN,2,1
15782,berry,VERB,2,1
15783,wormwood,NOUN,2,1
15784,piper,NOUN,2,1
15785,gig,NOUN,2,1
15786,thrasher,NOUN,2,1
15787,accompaniment,NOUN,2,1
15788,imp,NOUN,2,1
15789,survey,NOUN,2,1
15790,tintinnabulum,NOUN,2,1
15791,iteration,NOUN,2,1
15792,invidious,ADJ,2,1
15793,furrowing,NOUN,2,1
15794,unmixed,ADJ,2,1
15795,granary,NOUN,2,1
15796,victual,VERB,2,1
15797,amok,NOUN,2,1
15798,mended,ADJ,2,1
15799,adventurously,ADV,2,1
15800,cosmogonal,ADJ,2,1
15801,helve,NOUN,2,1
15802,westerly,ADV,2,1
15803,intermediate,ADJ,2,1
15804,aspen,NOUN,2,1
15805,encroachment,NOUN,2,1
15806,pailful,ADJ,2,1
15807,abut,VERB,2,1
15808,molten,ADJ,2,1
15809,cobweb,NOUN,2,1
15810,circling,NOUN,2,1
15811,reflected,ADJ,2,1
15812,undistinguishable,ADJ,2,1
15813,soaking,NOUN,2,1
15814,yore,NOUN,2,1
15815,soot,NOUN,2,1
15816,ripple,ADJ,2,1
15817,trespasser,NOUN,2,1
15818,talon,NOUN,2,1
15819,quadruped,NOUN,2,1
15820,cranberry,NOUN,2,1
15821,tree,VERB,2,1
15822,glaucous,ADJ,2,1
15823,plumage,NOUN,2,1
15824,musquash,NOUN,2,1
15825,cynosure,NOUN,2,1
15826,misgive,VERB,2,1
15827,ornithology,NOUN,2,1
15828,uncleanness,NOUN,2,1
15829,feeding,NOUN,2,1
15830,tid,NOUN,2,1
15831,sensual,ADJ,2,1
15832,inconsiderable,ADJ,2,1
15833,cohabit,NOUN,2,1
15834,sensualist,NOUN,2,1
15835,chaste,ADJ,2,1
15836,rumor,NOUN,2,1
15837,migrate,VERB,2,1
15838,phœbe,NOUN,2,1
15839,manœuvre,VERB,2,1
15840,cunningly,ADV,2,1
15841,whiter,NOUN,2,1
15842,plasterer,NOUN,2,1
15843,honk,NOUN,2,1
15844,sle,VERB,2,1
15845,abet,VERB,2,1
15846,lone,ADJ,2,1
15847,reminiscence,NOUN,2,1
15848,moose,NOUN,2,1
15849,honking,NOUN,2,1
15850,hounding,NOUN,2,1
15851,naught,NOUN,2,1
15852,lore,NOUN,2,1
15853,moss,ADJ,2,1
15854,ruder,NOUN,2,1
15855,vertical,ADJ,2,1
15856,promontory,NOUN,2,1
15857,overshadow,NOUN,2,1
15858,harbor,VERB,2,1
15859,leach,NOUN,2,1
15860,yield,NOUN,2,1
15861,terra,X,2,1
15862,thundering,NOUN,2,1
15863,combed,ADJ,2,1
15864,pulpy,NOUN,2,1
15865,lob,VERB,2,1
15866,foliaceous,ADJ,2,1
15867,chickaree,NOUN,2,1
15868,silvery,NOUN,2,1
15869,avenger,NOUN,2,1
15870,rectitude,VERB,2,1
15871,lurk,NOUN,2,1
15872,hummock,NOUN,2,1
15873,transgress,VERB,2,1
15874,undue,ADJ,2,1
15875,overrun,NOUN,2,1
15876,countenance,VERB,2,1
15877,viennese,ADJ,1,1
15878,puberal,ADJ,1,1
15879,egoism,NOUN,1,1
15880,artless,ADJ,1,1
15881,educationist,NOUN,1,1
15882,inelegancie,NOUN,1,1
15883,affective,NOUN,1,1
15884,littler,NOUN,1,1
15885,tyrolese,ADJ,1,1
15886,cherrystain,NOUN,1,1
15887,wrangling,NOUN,1,1
15888,waffle,NOUN,1,1
15889,spiffe,VERB,1,1
15890,getup,NOUN,1,1
15891,noodle,NOUN,1,1
15892,greenhorn,NOUN,1,1
15893,tattoo,NOUN,1,1
15894,tattooed,VERB,1,1
15895,dreaming,NOUN,1,1
15896,schoolfellow,VERB,1,1
15897,wigging,NOUN,1,1
15898,absurd,ADV,1,1
15899,turtledove,NOUN,1,1
15900,spill,NOUN,1,1
15901,rude,NOUN,1,1
15902,tarradiddler,VERB,1,1
15903,peach,VERB,1,1
15904,scamp,NOUN,1,1
15905,bl,VERB,1,1
15906,ugh,VERB,1,1
15907,sneering,ADJ,1,1
15908,cocky,ADJ,1,1
15909,lainer,NOUN,1,1
15910,caboodle,NOUN,1,1
15911,fringed,ADJ,1,1
15912,stand,ADJ,1,1
15913,offish,ADJ,1,1
15914,snuggle,VERB,1,1
15915,betrothed,NOUN,1,1
15916,stasi,NOUN,1,1
15917,tuppence,NOUN,1,1
15918,inaugurate,VERB,1,1
15919,swot,NOUN,1,1
15920,corset,NOUN,1,1
15921,openwork,ADJ,1,1
15922,dass,NOUN,1,1
15923,schoolmistress,ADJ,1,1
15924,alway,ADV,1,1
15925,waxy,NOUN,1,1
15926,dear,VERB,1,1
15927,piquant,NOUN,1,1
15928,violet,ADJ,1,1
15929,wilczek,NOUN,1,1
15930,ri,VERB,1,1
15931,heartache,NOUN,1,1
15932,morg,NOUN,1,1
15933,sable,ADJ,1,1
15934,crepe,NOUN,1,1
15935,lainer,VERB,1,1
15936,pure,VERB,1,1
15937,ratio,NOUN,1,1
15938,jot,VERB,1,1
15939,hellebore,NOUN,1,1
15940,steamship,NOUN,1,1
15941,galosh,NOUN,1,1
15942,betroth,VERB,1,1
15943,unsavoury,ADJ,1,1
15944,apalled,ADJ,1,1
15945,cranky,ADJ,1,1
15946,jolly,NOUN,1,1
15947,unripe,NOUN,1,1
15948,watchchain,NOUN,1,1
15949,unfettered,ADJ,1,1
15950,copybook,VERB,1,1
15951,musty,NOUN,1,1
15952,fusty,ADJ,1,1
15953,sewing,ADJ,1,1
15954,hulabaloo,NOUN,1,1
15955,swoting,NOUN,1,1
15956,pincenez,NOUN,1,1
15957,extasy,ADV,1,1
15958,bohemian,ADJ,1,1
15959,heavenly,NOUN,1,1
15960,anisthetic,NOUN,1,1
15961,sip,NOUN,1,1
15962,falsehearted,ADJ,1,1
15963,sha,NOUN,1,1
15964,diarrea,NOUN,1,1
15965,sunburn,VERB,1,1
15966,soldierly,ADJ,1,1
15967,satisfactory,NOUN,1,1
15968,eyeglass,NOUN,1,1
15969,congestion,NOUN,1,1
15970,hietzing,NOUN,1,1
15971,richter,NOUN,1,1
15972,medicine,VERB,1,1
15973,jollier,NOUN,1,1
15974,lining,NOUN,1,1
15975,barrister,NOUN,1,1
15976,undertone,NOUN,1,1
15977,pastrycook,NOUN,1,1
15978,tartlet,NOUN,1,1
15979,gramaphone,NOUN,1,1
15980,prelate,NOUN,1,1
15981,wednesday,NOUN,1,1
15982,morrow,VERB,1,1
15983,piano,VERB,1,1
15984,furlough,NOUN,1,1
15985,ennoble,NOUN,1,1
15986,jackanape,NOUN,1,1
15987,interfere,NOUN,1,1
15988,trio,NOUN,1,1
15989,hap,ADJ,1,1
15990,inwardness,NOUN,1,1
15991,fertilisation,NOUN,1,1
15992,microscopic,ADJ,1,1
15993,conservatoire,NOUN,1,1
15994,motor,VERB,1,1
15995,turkey,ADJ,1,1
15996,forsooth,VERB,1,1
15997,ferret,VERB,1,1
15998,encycl,NOUN,1,1
15999,abor,NOUN,1,1
16000,symetrical,ADJ,1,1
16001,posy,NOUN,1,1
16002,n,X,1,1
16003,crushing,NOUN,1,1
16004,respectably,ADV,1,1
16005,cloak,VERB,1,1
16006,dressmaker,NOUN,1,1
16007,poste,NOUN,1,1
16008,restante,NOUN,1,1
16009,frightfuly,ADV,1,1
16010,tonsillitis,NOUN,1,1
16011,sisterly,ADJ,1,1
16012,conceite,VERB,1,1
16013,outlay,NOUN,1,1
16014,forma,NOUN,1,1
16015,bedtime,NOUN,1,1
16016,cheek,ADJ,1,1
16017,durchgefallen,X,1,1
16018,horseplay,NOUN,1,1
16019,sickeningly,ADV,1,1
16020,krenzer,NOUN,1,1
16021,thirteenth,NOUN,1,1
16022,unhappiest,NOUN,1,1
16023,ennobled,ADJ,1,1
16024,farewell,ADV,1,1
16025,forbidding,NOUN,1,1
16026,longshank,VERB,1,1
16027,needlecraft,NOUN,1,1
16028,moonstruck,NOUN,1,1
16029,creepy,NOUN,1,1
16030,histerical,ADJ,1,1
16031,phenominal,ADJ,1,1
16032,rue,VERB,1,1
16033,foretold,NOUN,1,1
16034,whosever,VERB,1,1
16035,mayst,NOUN,1,1
16036,seemly,ADJ,1,1
16037,bub,ADJ,1,1
16038,flunk,VERB,1,1
16039,milksop,NOUN,1,1
16040,humbug,VERB,1,1
16041,erno,NOUN,1,1
16042,saga,VERB,1,1
16043,franker,NOUN,1,1
16044,evermore,ADV,1,1
16045,hussar,NOUN,1,1
16046,enoble,NOUN,1,1
16047,veredelt,X,1,1
16048,vereselt,NOUN,1,1
16049,doktor,NOUN,1,1
16050,filling,NOUN,1,1
16051,endearing,ADJ,1,1
16052,unmeaning,ADJ,1,1
16053,pate,VERB,1,1
16054,rating,NOUN,1,1
16055,needlewoman,NOUN,1,1
16056,entwickelt,X,1,1
16057,endlich,X,1,1
16058,dispersal,NOUN,1,1
16059,en,INTJ,1,1
16060,passant,ADJ,1,1
16061,unpermissible,ADJ,1,1
16062,fibbing,NOUN,1,1
16063,handerkerchief,NOUN,1,1
16064,fichu,NOUN,1,1
16065,prep,NOUN,1,1
16066,decimal,ADJ,1,1
16067,ex,PRON,1,1
16068,roe,NOUN,1,1
16069,sapphire,NOUN,1,1
16070,reticule,NOUN,1,1
16071,puffiness,NOUN,1,1
16072,pr,ADJ,1,1
16073,c,X,1,1
16074,pretty,NOUN,1,1
16075,jot,NOUN,1,1
16076,caller,NOUN,1,1
16077,trobische,NOUN,1,1
16078,chimneysweep,NOUN,1,1
16079,tableau,NOUN,1,1
16080,matinee,NOUN,1,1
16081,mump,NOUN,1,1
16082,tucker,NOUN,1,1
16083,suffocated,ADJ,1,1
16084,inamorata,ADJ,1,1
16085,insubordinate,ADJ,1,1
16086,insubordination,NOUN,1,1
16087,cherie,NOUN,1,1
16088,kreuzer,NOUN,1,1
16089,girl,VERB,1,1
16090,schoolwork,NOUN,1,1
16091,reflector,NOUN,1,1
16092,pendant,ADJ,1,1
16093,prettiest,NOUN,1,1
16094,czarda,NOUN,1,1
16095,anneliese,ADJ,1,1
16096,gym,VERB,1,1
16097,wiper,NOUN,1,1
16098,vise,VERB,1,1
16099,exasperating,NOUN,1,1
16100,overwrought,ADJ,1,1
16101,bromide,NOUN,1,1
16102,lorgnon,NOUN,1,1
16103,corruptness,NOUN,1,1
16104,traitress,VERB,1,1
16105,niobe,NOUN,1,1
16106,outright,ADJ,1,1
16107,whacker,NOUN,1,1
16108,veal,ADJ,1,1
16109,cutlet,NOUN,1,1
16110,vice,ADV,1,1
16111,versa,ADV,1,1
16112,optional,ADJ,1,1
16113,smacking,NOUN,1,1
16114,b,NUM,1,1
16115,idiot,X,1,1
16116,convalescent,NOUN,1,1
16117,bare,ADV,1,1
16118,grownup,ADJ,1,1
16119,inborn,ADJ,1,1
16120,scrimmage,NOUN,1,1
16121,gilly,ADV,1,1
16122,untearable,ADJ,1,1
16123,metric,NOUN,1,1
16124,durchgefallen,VERB,1,1
16125,durchgekomman,NOUN,1,1
16126,shop,VERB,1,1
16127,grind,NOUN,1,1
16128,weekary,NOUN,1,1
16129,statuary,NOUN,1,1
16130,mountaineering,NOUN,1,1
16131,bosnian,ADJ,1,1
16132,throttle,VERB,1,1
16133,dowry,ADJ,1,1
16134,tenterhook,NOUN,1,1
16135,upness,NOUN,1,1
16136,wristband,NOUN,1,1
16137,downright,ADJ,1,1
16138,scandalously,ADV,1,1
16139,soon,ADJ,1,1
16140,artillery,ADJ,1,1
16141,handbaggage,NOUN,1,1
16142,dirst,VERB,1,1
16143,fig,NOUN,1,1
16144,faithless,VERB,1,1
16145,liqueur,ADJ,1,1
16146,rucksack,NOUN,1,1
16147,alright,ADJ,1,1
16148,buttonhole,NOUN,1,1
16149,belvedere,ADV,1,1
16150,schoolmaster,ADJ,1,1
16151,vom,NOUN,1,1
16152,nur,VERB,1,1
16153,haust,NOUN,1,1
16154,mein,NOUN,1,1
16155,ist,NOUN,1,1
16156,yodel,VERB,1,1
16157,toute,ADJ,1,1
16158,meme,NOUN,1,1
16159,chause,NOUN,1,1
16160,shamelessness,NOUN,1,1
16161,filthyly,ADV,1,1
16162,stoney,NOUN,1,1
16163,tiff,NOUN,1,1
16164,gretl,INTJ,1,1
16165,famille,NOUN,1,1
16166,infection,NOUN,1,1
16167,physics,NOUN,1,1
16168,confessional,ADJ,1,1
16169,marshal,ADJ,1,1
16170,instill,VERB,1,1
16171,restricted,ADJ,1,1
16172,modestly,ADV,1,1
16173,slur,NOUN,1,1
16174,tunic,ADJ,1,1
16175,furlough,ADV,1,1
16176,unladylike,ADJ,1,1
16177,debut,NOUN,1,1
16178,dragoon,NOUN,1,1
16179,spe,NOUN,1,1
16180,guipure,NOUN,1,1
16181,tout,ADP,1,1
16182,cas,NOUN,1,1
16183,mistletoe,NOUN,1,1
16184,trousseau,NOUN,1,1
16185,baron,NOUN,1,1
16186,du,ADV,1,1
16187,dumme,NOUN,1,1
16188,forgotten,ADJ,1,1
16189,lizzi,ADJ,1,1
16190,killjoy,NOUN,1,1
16191,marker,NOUN,1,1
16192,tracing,NOUN,1,1
16193,veneration,NOUN,1,1
16194,prosaic,ADJ,1,1
16195,tuberose,NOUN,1,1
16196,vas,NOUN,1,1
16197,foundered,ADJ,1,1
16198,great,ADV,1,1
16199,exquisite,VERB,1,1
16200,skiing,NOUN,1,1
16201,snoozing,NOUN,1,1
16202,coldish,VERB,1,1
16203,flannelette,NOUN,1,1
16204,cupful,NOUN,1,1
16205,splashing,NOUN,1,1
16206,unappetize,VERB,1,1
16207,girdle,NOUN,1,1
16208,gasping,NOUN,1,1
16209,cornplaster,NOUN,1,1
16210,lb,ADP,1,1
16211,pm,NOUN,1,1
16212,unpinned,ADJ,1,1
16213,unremarkable,ADJ,1,1
16214,viscera,NOUN,1,1
16215,cargill,VERB,1,1
16216,relaid,VERB,1,1
16217,hairpin,NOUN,1,1
16218,sketchily,ADV,1,1
16219,wreathe,VERB,1,1
16220,funereally,ADV,1,1
16221,muffin,NOUN,1,1
16222,handlebar,NOUN,1,1
16223,lychgate,NOUN,1,1
16224,riddled,ADJ,1,1
16225,mutely,ADV,1,1
16226,ungenial,ADJ,1,1
16227,uncomprehende,VERB,1,1
16228,unheeded,ADJ,1,1
16229,headless,ADJ,1,1
16230,sawcut,NOUN,1,1
16231,bombazine,NOUN,1,1
16232,analysable,ADJ,1,1
16233,eau,NOUN,1,1
16234,irreverence,NOUN,1,1
16235,collectedly,ADV,1,1
16236,vaingloriously,ADV,1,1
16237,pleat,NOUN,1,1
16238,clapper,NOUN,1,1
16239,evermore,ADP,1,1
16240,consecration,NOUN,1,1
16241,underlip,ADJ,1,1
16242,pendulous,ADJ,1,1
16243,appetizing,ADJ,1,1
16244,meekly,ADV,1,1
16245,clasped,ADJ,1,1
16246,cologne,NOUN,1,1
16247,fastidiously,ADV,1,1
16248,geometrid,NOUN,1,1
16249,braid,ADJ,1,1
16250,emerald,ADJ,1,1
16251,imprint,NOUN,1,1
16252,rim,NOUN,1,1
16253,anglian,ADJ,1,1
16254,fanshape,VERB,1,1
16255,higgledy,NOUN,1,1
16256,piggledly,ADJ,1,1
16257,townfolk,NOUN,1,1
16258,godless,NOUN,1,1
16259,rosy,ADV,1,1
16260,gille,VERB,1,1
16261,elite,NOUN,1,1
16262,twitter,NOUN,1,1
16263,wiggling,NOUN,1,1
16264,acid,ADJ,1,1
16265,machicolated,ADJ,1,1
16266,inconveniently,ADV,1,1
16267,workroom,NOUN,1,1
16268,sowing,NOUN,1,1
16269,unstamped,ADJ,1,1
16270,innocuous,ADJ,1,1
16271,possible,NOUN,1,1
16272,repapere,VERB,1,1
16273,foible,NOUN,1,1
16274,tiresomeness,NOUN,1,1
16275,infidelium,NOUN,1,1
16276,heirloom,NOUN,1,1
16277,spillikin,NOUN,1,1
16278,danish,ADJ,1,1
16279,pluralist,NOUN,1,1
16280,hooliganish,ADJ,1,1
16281,catholicism,ADJ,1,1
16282,daringly,ADV,1,1
16283,ecclesiam,NOUN,1,1
16284,nulla,NOUN,1,1
16285,salus,NOUN,1,1
16286,sarcasm,VERB,1,1
16287,inanity,NOUN,1,1
16288,faux,ADJ,1,1
16289,leviathan,NOUN,1,1
16290,togas,NOUN,1,1
16291,gauchely,ADV,1,1
16292,baptism,NOUN,1,1
16293,unmove,VERB,1,1
16294,reinvest,VERB,1,1
16295,lure,NOUN,1,1
16296,reversion,NOUN,1,1
16297,shelved,ADJ,1,1
16298,basketwork,ADJ,1,1
16299,free,ADV,1,1
16300,lentil,NOUN,1,1
16301,polish,NOUN,1,1
16302,whiting,NOUN,1,1
16303,sprat,NOUN,1,1
16304,honesty,ADJ,1,1
16305,sarcastic,ADJ,1,1
16306,stave,VERB,1,1
16307,pessimistic,ADJ,1,1
16308,churchman,NOUN,1,1
16309,bell,VERB,1,1
16310,splintering,NOUN,1,1
16311,smorne,VERB,1,1
16312,reswinge,VERB,1,1
16313,flue,NOUN,1,1
16314,asthma,NOUN,1,1
16315,epicene,NOUN,1,1
16316,eliot,ADJ,1,1
16317,villanelle,NOUN,1,1
16318,woolly,ADJ,1,1
16319,ideally,ADV,1,1
16320,joss,ADJ,1,1
16321,sidestreet,NOUN,1,1
16322,largesse,ADJ,1,1
16323,unceasing,ADJ,1,1
16324,squeaky,X,1,1
16325,blue,ADV,1,1
16326,pricking,NOUN,1,1
16327,micawberish,ADJ,1,1
16328,sleeveless,ADJ,1,1
16329,reflex,ADJ,1,1
16330,mediocre,NOUN,1,1
16331,concubinage,NOUN,1,1
16332,annexe,NOUN,1,1
16333,troupe,NOUN,1,1
16334,antic,NOUN,1,1
16335,expressively,ADV,1,1
16336,fawning,NOUN,1,1
16337,oaf,NOUN,1,1
16338,weazened,ADJ,1,1
16339,oftenest,NOUN,1,1
16340,amusingly,ADV,1,1
16341,outrageously,ADV,1,1
16342,brilliance,NOUN,1,1
16343,chaperonage,NOUN,1,1
16344,vive,NOUN,1,1
16345,scandalmong,ADJ,1,1
16346,glossy,ADJ,1,1
16347,cretonne,NOUN,1,1
16348,materializing,NOUN,1,1
16349,jinneeyeh,NOUN,1,1
16350,resignedly,ADV,1,1
16351,birdlike,ADJ,1,1
16352,purulent,NOUN,1,1
16353,misbehaviour,NOUN,1,1
16354,bigamous,ADJ,1,1
16355,babylonian,ADJ,1,1
16356,bigamist,NOUN,1,1
16357,pederast,NOUN,1,1
16358,titbit,NOUN,1,1
16359,moron,NOUN,1,1
16360,vacantly,ADV,1,1
16361,unseasonable,ADJ,1,1
16362,numberless,NOUN,1,1
16363,tiresomely,ADV,1,1
16364,readjust,VERB,1,1
16365,mortuary,ADJ,1,1
16366,chube,NOUN,1,1
16367,atheistical,NOUN,1,1
16368,memberless,ADJ,1,1
16369,superimpose,VERB,1,1
16370,jamb,NOUN,1,1
16371,wispy,ADJ,1,1
16372,unaffectionate,ADJ,1,1
16373,wormlike,ADP,1,1
16374,crick,NOUN,1,1
16375,prie,NOUN,1,1
16376,dieu,NOUN,1,1
16377,oleographed,ADJ,1,1
16378,beadwork,NOUN,1,1
16379,curing,NOUN,1,1
16380,brightening,NOUN,1,1
16381,thousandfold,NOUN,1,1
16382,godly,ADV,1,1
16383,dieth,VERB,1,1
16384,winch,NOUN,1,1
16385,orient,ADJ,1,1
16386,deliciousness,NOUN,1,1
16387,surcease,NOUN,1,1
16388,certitude,NOUN,1,1
16389,incurable,NOUN,1,1
16390,poker,NOUN,1,1
16391,sniffishness,NOUN,1,1
16392,paregoric,NOUN,1,1
16393,anoint,VERB,1,1
16394,vein,VERB,1,1
16395,flaccid,ADJ,1,1
16396,distillation,NOUN,1,1
16397,flowerless,NOUN,1,1
16398,sweetbriar,ADJ,1,1
16399,swathe,NOUN,1,1
16400,dizzy,VERB,1,1
16401,mistakenly,ADV,1,1
16402,anthem,NOUN,1,1
16403,vibrating,NOUN,1,1
16404,blissfully,ADV,1,1
16405,pagan,ADJ,1,1
16406,pantheism,NOUN,1,1
16407,fad,NOUN,1,1
16408,untroubled,ADJ,1,1
16409,disgracefully,ADV,1,1
16410,small,ADV,1,1
16411,dense,ADV,1,1
16412,bouncer,NOUN,1,1
16413,periwig,NOUN,1,1
16414,vivant,NOUN,1,1
16415,alt,ADJ,1,1
16416,swee,ADJ,1,1
16417,etie,NOUN,1,1
16418,knicker,NOUN,1,1
16419,swee,NOUN,1,1
16420,eetie,NOUN,1,1
16421,thorax,NOUN,1,1
16422,cuirass,NOUN,1,1
16423,stout,NOUN,1,1
16424,doublet,VERB,1,1
16425,twinked,ADJ,1,1
16426,fortnight,ADV,1,1
16427,distant,NOUN,1,1
16428,ruffle,NOUN,1,1
16429,marketable,ADJ,1,1
16430,churchy,ADJ,1,1
16431,organist,ADJ,1,1
16432,cleric,NOUN,1,1
16433,bolshevist,NOUN,1,1
16434,organist,NOUN,1,1
16435,liturgy,NOUN,1,1
16436,pull,ADJ,1,1
16437,ritualistic,ADJ,1,1
16438,censer,NOUN,1,1
16439,genuflect,VERB,1,1
16440,popishness,NOUN,1,1
16441,atheist,ADJ,1,1
16442,server,NOUN,1,1
16443,mumbo,NOUN,1,1
16444,jumbo,NOUN,1,1
16445,doornail,NOUN,1,1
16446,alb,ADJ,1,1
16447,reservation,NOUN,1,1
16448,god,INTJ,1,1
16449,churchiness,NOUN,1,1
16450,manservant,NOUN,1,1
16451,meander,VERB,1,1
16452,argumentatively,ADV,1,1
16453,toto,NOUN,1,1
16454,metaphorical,ADJ,1,1
16455,deucedly,ADV,1,1
16456,grid,NOUN,1,1
16457,unchaperoned,ADJ,1,1
16458,idleness,VERB,1,1
16459,lassie,NOUN,1,1
16460,jab,NOUN,1,1
16461,unmade,ADJ,1,1
16462,nonsense,INTJ,1,1
16463,caressingly,ADV,1,1
16464,appraise,VERB,1,1
16465,fleece,NOUN,1,1
16466,adroitness,ADJ,1,1
16467,surprising,NOUN,1,1
16468,briefly,NOUN,1,1
16469,disability,NOUN,1,1
16470,capricious,ADJ,1,1
16471,fishily,ADJ,1,1
16472,inexplicably,ADV,1,1
16473,rationally,ADV,1,1
16474,educated,ADJ,1,1
16475,rectory,NOUN,1,1
16476,dreamless,NOUN,1,1
16477,receptive,ADJ,1,1
16478,incompleteness,NOUN,1,1
16479,unsatisfactory,NOUN,1,1
16480,laddered,ADJ,1,1
16481,unstrange,NOUN,1,1
16482,cloche,NOUN,1,1
16483,raffishly,ADV,1,1
16484,orange,ADV,1,1
16485,stupefaction,NOUN,1,1
16486,ape,NOUN,1,1
16487,equably,ADV,1,1
16488,ellen,ADJ,1,1
16489,oppe,VERB,1,1
16490,pickin,VERB,1,1
16491,dahn,NOUN,1,1
16492,yer,VERB,1,1
16493,z,NOUN,1,1
16494,movin,NOUN,1,1
16495,ninth,NOUN,1,1
16496,somnambulistic,ADJ,1,1
16497,potentially,ADV,1,1
16498,squalor,VERB,1,1
16499,soreness,NOUN,1,1
16500,cobnut,NOUN,1,1
16501,pocketful,NOUN,1,1
16502,cadged,ADJ,1,1
16503,kentish,ADJ,1,1
16504,birdcage,NOUN,1,1
16505,snipping,NOUN,1,1
16506,trailing,NOUN,1,1
16507,loaded,ADJ,1,1
16508,steadfastly,ADV,1,1
16509,hobbling,NOUN,1,1
16510,flatfoote,VERB,1,1
16511,opping,NOUN,1,1
16512,scuse,VERB,1,1
16513,optimistically,ADV,1,1
16514,loathsomeness,NOUN,1,1
16515,childbirth,NOUN,1,1
16516,suppleness,NOUN,1,1
16517,nitro,NOUN,1,1
16518,glycerine,NOUN,1,1
16519,adroit,NOUN,1,1
16520,dem,INTJ,1,1
16521,eider,NOUN,1,1
16522,hoppin,NOUN,1,1
16523,interferin,NOUN,1,1
16524,skipperin,ADJ,1,1
16525,byre,VERB,1,1
16526,searchin,NOUN,1,1
16527,low,NOUN,1,1
16528,cep,NOUN,1,1
16529,cep,INTJ,1,1
16530,preache,NOUN,1,1
16531,getsie,NOUN,1,1
16532,cognoscenti,NOUN,1,1
16533,shred,VERB,1,1
16534,cuddle,NOUN,1,1
16535,illumined,ADJ,1,1
16536,toast,VERB,1,1
16537,unglazed,ADJ,1,1
16538,paradisically,ADV,1,1
16539,stoopid,NOUN,1,1
16540,circumspectly,ADV,1,1
16541,strawy,NOUN,1,1
16542,ullo,ADJ,1,1
16543,taper,VERB,1,1
16544,odour,DET,1,1
16545,surliness,NOUN,1,1
16546,abreast,ADV,1,1
16547,diddykie,NOUN,1,1
16548,slyness,NOUN,1,1
16549,untameable,ADJ,1,1
16550,telegraph,ADJ,1,1
16551,abysmally,ADV,1,1
16552,adept,NOUN,1,1
16553,looser,ADV,1,1
16554,darkly,ADV,1,1
16555,cowpond,NOUN,1,1
16556,unrewarde,VERB,1,1
16557,arte,VERB,1,1
16558,lousy,NOUN,1,1
16559,expert,ADJ,1,1
16560,provincial,NOUN,1,1
16561,incursion,NOUN,1,1
16562,unstripped,ADJ,1,1
16563,costermonger,NOUN,1,1
16564,piecework,NOUN,1,1
16565,vermin,ADJ,1,1
16566,lolly,NOUN,1,1
16567,horrifyingly,ADV,1,1
16568,jelly,VERB,1,1
16569,beastlike,NOUN,1,1
16570,opulently,ADV,1,1
16571,inset,ADJ,1,1
16572,spicy,ADJ,1,1
16573,boost,NOUN,1,1
16574,inertly,ADV,1,1
16575,thriftily,ADV,1,1
16576,unreflecte,VERB,1,1
16577,maraud,VERB,1,1
16578,bloodiwell,ADV,1,1
16579,astray,VERB,1,1
16580,hotter,NOUN,1,1
16581,understandable,ADJ,1,1
16582,vagabondage,NOUN,1,1
16583,prostrate,NUM,1,1
16584,heartbroken,ADJ,1,1
16585,unconfirmed,ADJ,1,1
16586,attire,NOUN,1,1
16587,unburnt,VERB,1,1
16588,unstrung,ADJ,1,1
16589,lickerish,ADJ,1,1
16590,hatful,NOUN,1,1
16591,bin,ADJ,1,1
16592,pickin,NOUN,1,1
16593,weazene,VERB,1,1
16594,distracted,ADJ,1,1
16595,bloke,ADJ,1,1
16596,chuck,NOUN,1,1
16597,bowdlerize,VERB,1,1
16598,shield,VERB,1,1
16599,facedly,ADV,1,1
16600,rashness,NOUN,1,1
16601,ringer,NOUN,1,1
16602,chronicle,VERB,1,1
16603,mainstay,NOUN,1,1
16604,novemberish,ADJ,1,1
16605,steward,NOUN,1,1
16606,exhibitionist,NOUN,1,1
16607,dundreary,ADJ,1,1
16608,paradisiac,ADJ,1,1
16609,scattering,NOUN,1,1
16610,perambulator,NOUN,1,1
16611,elliptical,ADJ,1,1
16612,siding,NOUN,1,1
16613,defensively,ADV,1,1
16614,stained,ADJ,1,1
16615,apophthegms,NOUN,1,1
16616,orff,VERB,1,1
16617,drabby,ADJ,1,1
16618,china,ADJ,1,1
16619,aporth,NOUN,1,1
16620,lend,NOUN,1,1
16621,portant,NOUN,1,1
16622,mirthless,ADJ,1,1
16623,unnerved,ADJ,1,1
16624,drawl,VERB,1,1
16625,limerick,NOUN,1,1
16626,stoker,NOUN,1,1
16627,scrum,NOUN,1,1
16628,unhopefully,ADV,1,1
16629,unaide,VERB,1,1
16630,hale,VERB,1,1
16631,chubby,NOUN,1,1
16632,spiritualist,NOUN,1,1
16633,darn,NOUN,1,1
16634,manageress,NOUN,1,1
16635,lecherous,ADJ,1,1
16636,unhygienic,ADJ,1,1
16637,budgie,NOUN,1,1
16638,absorbingly,ADV,1,1
16639,footbridge,NOUN,1,1
16640,dune,NOUN,1,1
16641,roofless,ADJ,1,1
16642,scene,X,1,1
16643,setdown,ADJ,1,1
16644,quali,VERB,1,1
16645,regno,NOUN,1,1
16646,starry,NOUN,1,1
16647,ivied,ADJ,1,1
16648,vinery,NOUN,1,1
16649,kep,NOUN,1,1
16650,orspital,ADJ,1,1
16651,passeth,VERB,1,1
16652,frou,NOUN,1,1
16653,riddleme,NOUN,1,1
16654,sweetstuff,NOUN,1,1
16655,unrivalle,VERB,1,1
16656,diocese,NOUN,1,1
16657,houyhnhnm,NOUN,1,1
16658,matrimony,NOUN,1,1
16659,starrie,NOUN,1,1
16660,fiddlede,NOUN,1,1
16661,dee,NOUN,1,1
16662,broke,ADJ,1,1
16663,dreamin,NOUN,1,1
16664,buttered,ADJ,1,1
16665,waitin,NOUN,1,1
16666,scut,NOUN,1,1
16667,mortgage,NOUN,1,1
16668,gee,VERB,1,1
16669,stomach,VERB,1,1
16670,bradawl,NOUN,1,1
16671,crisp,NOUN,1,1
16672,geeing,NOUN,1,1
16673,aar,NOUN,1,1
16674,te,VERB,1,1
16675,innard,NOUN,1,1
16676,vile,VERB,1,1
16677,stooard,NOUN,1,1
16678,catamaran,NOUN,1,1
16679,crocked,ADJ,1,1
16680,bloomere,VERB,1,1
16681,swig,VERB,1,1
16682,preferment,NOUN,1,1
16683,tappety,NOUN,1,1
16684,perfec,NOUN,1,1
16685,bummin,NOUN,1,1
16686,dribble,NOUN,1,1
16687,parakeet,NOUN,1,1
16688,potion,NOUN,1,1
16689,siren,ADJ,1,1
16690,florry,NOUN,1,1
16691,uber,NOUN,1,1
16692,alle,NOUN,1,1
16693,carat,NOUN,1,1
16694,boneyard,NOUN,1,1
16695,woke,VERB,1,1
16696,creepin,NOUN,1,1
16697,snorin,NOUN,1,1
16698,begod,NOUN,1,1
16699,umming,NOUN,1,1
16700,suchlike,ADJ,1,1
16701,stoo,ADV,1,1
16702,pudden,NOUN,1,1
16703,lamb,VERB,1,1
16704,everythink,NOUN,1,1
16705,absumet,NOUN,1,1
16706,haere,VERB,1,1
16707,dignior,NOUN,1,1
16708,uge,INTJ,1,1
16709,ou,NOUN,1,1
16710,ego,NOUN,1,1
16711,froze,NOUN,1,1
16712,fancywork,NOUN,1,1
16713,morris,NOUN,1,1
16714,filler,NOUN,1,1
16715,breathe,NOUN,1,1
16716,thy,VERB,1,1
16717,elp,VERB,1,1
16718,toonful,ADJ,1,1
16719,igh,ADJ,1,1
16720,jacked,ADJ,1,1
16721,wassit,VERB,1,1
16722,roan,NOUN,1,1
16723,layman,NOUN,1,1
16724,frisking,NOUN,1,1
16725,kippin,NOUN,1,1
16726,grabber,NOUN,1,1
16727,kiddie,ADJ,1,1
16728,coupla,ADJ,1,1
16729,grubby,ADV,1,1
16730,contrive,ADJ,1,1
16731,troubling,NOUN,1,1
16732,colder,VERB,1,1
16733,wanderin,NOUN,1,1
16734,stirren,NOUN,1,1
16735,excep,NOUN,1,1
16736,strollin,NOUN,1,1
16737,appen,VERB,1,1
16738,potsherd,NOUN,1,1
16739,cleaveth,VERB,1,1
16740,biff,NOUN,1,1
16741,mash,VERB,1,1
16742,pennorth,NOUN,1,1
16743,swipe,VERB,1,1
16744,agen,ADJ,1,1
16745,tomahawk,NOUN,1,1
16746,oldier,NOUN,1,1
16747,toasted,ADJ,1,1
16748,talkin,NOUN,1,1
16749,rubbin,NOUN,1,1
16750,backbone,VERB,1,1
16751,crozi,ADJ,1,1
16752,urry,NOUN,1,1
16753,t,VERB,1,1
16754,glad,NOUN,1,1
16755,cully,ADV,1,1
16756,brrh,NOUN,1,1
16757,dorothy,ADJ,1,1
16758,constitootional,ADJ,1,1
16759,scrum,VERB,1,1
16760,wassa,ADJ,1,1
16761,worrite,VERB,1,1
16762,pilchard,NOUN,1,1
16763,unreproducible,ADJ,1,1
16764,deathbed,ADJ,1,1
16765,penitent,NOUN,1,1
16766,incubi,ADJ,1,1
16767,blarsphemous,ADJ,1,1
16768,toke,NOUN,1,1
16769,crucifix,VERB,1,1
16770,goat,VERB,1,1
16771,quam,NOUN,1,1
16772,signumque,ADJ,1,1
16773,ard,NOUN,1,1
16774,solemnization,NOUN,1,1
16775,headlouse,NOUN,1,1
16776,crablouse,NOUN,1,1
16777,meet,NOUN,1,1
16778,bounden,NOUN,1,1
16779,revile,VERB,1,1
16780,lyin,NOUN,1,1
16781,crushin,NOUN,1,1
16782,roughin,VERB,1,1
16783,tater,NOUN,1,1
16784,constable,ADJ,1,1
16785,ascot,NOUN,1,1
16786,teat,NOUN,1,1
16787,shrink,NOUN,1,1
16788,undreamlike,ADJ,1,1
16789,reawake,ADJ,1,1
16790,noospaper,NOUN,1,1
16791,shamble,ADJ,1,1
16792,steal,NOUN,1,1
16793,fondling,NOUN,1,1
16794,roseate,NOUN,1,1
16795,hu,NOUN,1,1
16796,ue,NOUN,1,1
16797,awn,NOUN,1,1
16798,urns,ADJ,1,1
16799,ot,ADP,1,1
16800,summersault,NOUN,1,1
16801,breakfus,NOUN,1,1
16802,addock,NOUN,1,1
16803,charlie,NOUN,1,1
16804,slaver,VERB,1,1
16805,rump,NOUN,1,1
16806,debouch,ADJ,1,1
16807,voices,NOUN,1,1
16808,alfpenny,NOUN,1,1
16809,mentioning,NOUN,1,1
16810,cleaveth,NOUN,1,1
16811,pokey,NOUN,1,1
16812,choru,NOUN,1,1
16813,runnin,NOUN,1,1
16814,urry,VERB,1,1
16815,prog,NOUN,1,1
16816,agen,VERB,1,1
16817,ead,ADJ,1,1
16818,agenst,ADJ,1,1
16819,swallere,VERB,1,1
16820,uncrumple,ADJ,1,1
16821,overnight,ADJ,1,1
16822,invaluable,ADJ,1,1
16823,communism,NOUN,1,1
16824,habitual,NOUN,1,1
16825,dreamlike,ADV,1,1
16826,bewail,VERB,1,1
16827,adeste,ADJ,1,1
16828,fidele,NOUN,1,1
16829,sacerdotal,ADJ,1,1
16830,plesiosaurus,NOUN,1,1
16831,checked,ADJ,1,1
16832,dashingly,ADV,1,1
16833,hansom,NOUN,1,1
16834,pitcher,NOUN,1,1
16835,pheasant,ADJ,1,1
16836,confidant,NOUN,1,1
16837,prawnishly,ADV,1,1
16838,excusable,ADJ,1,1
16839,borderland,NOUN,1,1
16840,corpselike,ADJ,1,1
16841,lurking,NOUN,1,1
16842,brac,NOUN,1,1
16843,yellowed,ADJ,1,1
16844,jersey,NOUN,1,1
16845,lisle,NOUN,1,1
16846,suede,NOUN,1,1
16847,succumbing,NOUN,1,1
16848,manicurist,NOUN,1,1
16849,prawnish,ADJ,1,1
16850,rheumatoid,ADJ,1,1
16851,miscall,VERB,1,1
16852,twilit,ADJ,1,1
16853,fireless,NOUN,1,1
16854,subhectore,VERB,1,1
16855,everwise,NOUN,1,1
16856,tarradiddle,NOUN,1,1
16857,induct,VERB,1,1
16858,complainingly,ADV,1,1
16859,hardworke,VERB,1,1
16860,shrewish,NOUN,1,1
16861,ewer,NOUN,1,1
16862,homeliness,NOUN,1,1
16863,forbiddingly,ADV,1,1
16864,leathery,NOUN,1,1
16865,cruet,NOUN,1,1
16866,squeaky,ADJ,1,1
16867,poltergeist,NOUN,1,1
16868,jibbing,NOUN,1,1
16869,dull,ADV,1,1
16870,adenoid,NOUN,1,1
16871,grace,VERB,1,1
16872,freehand,NOUN,1,1
16873,impostor,NOUN,1,1
16874,flagrantly,ADV,1,1
16875,cloudily,ADV,1,1
16876,dadaist,NOUN,1,1
16877,disconnected,ADJ,1,1
16878,ollendorffian,ADJ,1,1
16879,learn,NOUN,1,1
16880,sententious,ADJ,1,1
16881,insistence,NOUN,1,1
16882,parroting,NOUN,1,1
16883,mangrove,NOUN,1,1
16884,duodecimo,ADJ,1,1
16885,frontispiece,ADJ,1,1
16886,ringing,ADJ,1,1
16887,atlas,NOUN,1,1
16888,scrag,NOUN,1,1
16889,lean,NOUN,1,1
16890,shrinking,NOUN,1,1
16891,browny,ADJ,1,1
16892,chrysanthemum,NOUN,1,1
16893,concordat,NOUN,1,1
16894,eyehole,NOUN,1,1
16895,scrape,ADJ,1,1
16896,partition,VERB,1,1
16897,foray,NOUN,1,1
16898,dunning,NOUN,1,1
16899,workbox,NOUN,1,1
16900,restitche,VERB,1,1
16901,coif,NOUN,1,1
16902,clericalism,ADJ,1,1
16903,dunghill,NOUN,1,1
16904,canvassing,NOUN,1,1
16905,unauthorized,ADJ,1,1
16906,ago,ADP,1,1
16907,dustbinful,NOUN,1,1
16908,tulip,NOUN,1,1
16909,bloodless,NOUN,1,1
16910,inject,VERB,1,1
16911,preconceive,VERB,1,1
16912,rearranging,NOUN,1,1
16913,scheme,VERB,1,1
16914,innovate,VERB,1,1
16915,unteachable,ADJ,1,1
16916,warped,ADJ,1,1
16917,pilot,VERB,1,1
16918,fil,VERB,1,1
16919,du,NOUN,1,1
16920,jardinier,ADV,1,1
16921,ply,NOUN,1,1
16922,parse,VERB,1,1
16923,centurion,NOUN,1,1
16924,bookless,ADJ,1,1
16925,upholsterer,NOUN,1,1
16926,galleon,NOUN,1,1
16927,fonder,NOUN,1,1
16928,actively,ADV,1,1
16929,grumble,ADJ,1,1
16930,creditable,ADJ,1,1
16931,subhuman,NOUN,1,1
16932,wass,NOUN,1,1
16933,mispronounce,VERB,1,1
16934,scused,ADJ,1,1
16935,latebra,NOUN,1,1
16936,pudenda,NOUN,1,1
16937,absorbedly,ADV,1,1
16938,bridegroom,NOUN,1,1
16939,broomstick,NOUN,1,1
16940,possible,VERB,1,1
16941,unlooke,VERB,1,1
16942,if,NOUN,1,1
16943,practacle,ADJ,1,1
16944,practacle,NOUN,1,1
16945,cuneiform,NOUN,1,1
16946,subtraction,NOUN,1,1
16947,nonconformist,NOUN,1,1
16948,anglican,ADJ,1,1
16949,macbeth,NOUN,1,1
16950,los,ADJ,1,1
16951,intrenchant,ADJ,1,1
16952,haltingly,ADV,1,1
16953,incompletely,ADV,1,1
16954,youngish,NOUN,1,1
16955,nasty,ADV,1,1
16956,spokesman,NOUN,1,1
16957,fleck,NOUN,1,1
16958,bagman,NOUN,1,1
16959,schoolbook,NOUN,1,1
16960,figuring,NOUN,1,1
16961,watching,NOUN,1,1
16962,afresh,ADJ,1,1
16963,outraged,ADJ,1,1
16964,passey,NOUN,1,1
16965,beurre,X,1,1
16966,flicker,ADJ,1,1
16967,snuffy,ADJ,1,1
16968,milkman,NOUN,1,1
16969,shrew,NOUN,1,1
16970,jography,NOUN,1,1
16971,contour,PRON,1,1
16972,palm,VERB,1,1
16973,le,ADJ,1,1
16974,unrelieved,ADJ,1,1
16975,palmy,ADJ,1,1
16976,husky,NOUN,1,1
16977,vicarious,ADJ,1,1
16978,suety,NOUN,1,1
16979,deceitfulness,ADJ,1,1
16980,while,VERB,1,1
16981,comeliness,NOUN,1,1
16982,rootless,ADJ,1,1
16983,atrociously,ADV,1,1
16984,monotony,NOUN,1,1
16985,coach,VERB,1,1
16986,excelent,NOUN,1,1
16987,exsellent,ADJ,1,1
16988,eccelent,ADJ,1,1
16989,derisively,ADV,1,1
16990,iee,NOUN,1,1
16991,heartless,NOUN,1,1
16992,home,VERB,1,1
16993,heartlessness,ADJ,1,1
16994,congenial,NOUN,1,1
16995,bleakest,ADJ,1,1
16996,joyless,NOUN,1,1
16997,habituee,NOUN,1,1
16998,drug,VERB,1,1
16999,blather,VERB,1,1
17000,crossword,ADJ,1,1
17001,wishy,NOUN,1,1
17002,washy,ADJ,1,1
17003,travelling,NOUN,1,1
17004,tyrannous,ADJ,1,1
17005,crossword,NOUN,1,1
17006,oasis,NOUN,1,1
17007,rigmarole,ADJ,1,1
17008,grimace,NOUN,1,1
17009,pan,VERB,1,1
17010,bulgy,ADJ,1,1
17011,causeless,ADJ,1,1
17012,chaffering,NOUN,1,1
17013,creaky,NOUN,1,1
17014,rus,NOUN,1,1
17015,allay,VERB,1,1
17016,blowy,ADJ,1,1
17017,hedgesparrow,NOUN,1,1
17018,genteel,NOUN,1,1
17019,reestablished,ADJ,1,1
17020,digge,VERB,1,1
17021,headmistress,NOUN,1,1
17022,edgeway,NOUN,1,1
17023,disqualify,VERB,1,1
17024,chop,NOUN,1,1
17025,spotless,ADJ,1,1
17026,asparagus,ADJ,1,1
17027,treacle,VERB,1,1
17028,observantly,ADV,1,1
17029,tougher,ADV,1,1
17030,exorcize,VERB,1,1
17031,emptier,NOUN,1,1
17032,unthinkingly,ADV,1,1
17033,unconcernedly,ADV,1,1
17034,psychological,ADJ,1,1
17035,goitre,NOUN,1,1
17036,homesick,ADJ,1,1
17037,deuced,ADJ,1,1
17038,pantheist,NOUN,1,1
17039,selfish,NOUN,1,1
17040,incomprehensible,VERB,1,1
17041,rakish,NOUN,1,1
17042,cranium,NOUN,1,1
17043,equanimity,NOUN,1,1
17044,disfavour,NOUN,1,1
17045,marrying,ADJ,1,1
17046,parish,ADJ,1,1
17047,endearment,NOUN,1,1
17048,tyrannize,VERB,1,1
17049,fuller,NOUN,1,1
17050,withering,NOUN,1,1
17051,girlish,NOUN,1,1
17052,ho,ADJ,1,1
17053,social,NOUN,1,1
17054,bud,ADJ,1,1
17055,mist,VERB,1,1
17056,maleness,NOUN,1,1
17057,calculated,ADJ,1,1
17058,fifteenth,ADJ,1,1
17059,hypertrophy,NOUN,1,1
17060,hedonist,NOUN,1,1
17061,perverted,ADJ,1,1
17062,lamely,ADV,1,1
17063,doxology,NOUN,1,1
17064,gregorian,ADJ,1,1
17065,disciplinary,ADJ,1,1
17066,unclouded,ADJ,1,1
17067,festering,NOUN,1,1
17068,blower,NOUN,1,1
17069,unaccounte,VERB,1,1
17070,infinitum,NOUN,1,1
17071,incognita,NOUN,1,1
17072,anthropophagi,NOUN,1,1
17073,unmended,ADJ,1,1
17074,mannish,NOUN,1,1
17075,disfigurement,NOUN,1,1
17076,deadhead,NOUN,1,1
17077,eczema,NOUN,1,1
17078,caligum,VERB,1,1
17079,inexorcizable,ADJ,1,1
17080,unsalaried,ADJ,1,1
17081,baudelairean,ADJ,1,1
17082,greyness,ADJ,1,1
17083,pantheistic,ADJ,1,1
17084,lasting,ADJ,1,1
17085,frizzling,NOUN,1,1
17086,unbelieving,ADJ,1,1
17087,lozenge,NOUN,1,1
17088,liquefy,VERB,1,1
17089,convex,NOUN,1,1
17090,scythe,NOUN,1,1
17091,gartering,ADJ,1,1
17092,tush,NOUN,1,1
17093,cud,NOUN,1,1
17094,till,VERB,1,1
17095,fertilise,VERB,1,1
17096,foxhound,NOUN,1,1
17097,hindquarter,NOUN,1,1
17098,tyrannise,NOUN,1,1
17099,riches,NOUN,1,1
17100,wurzel,NOUN,1,1
17101,whinny,VERB,1,1
17102,cleverest,NOUN,1,1
17103,eminent,NOUN,1,1
17104,roofing,NOUN,1,1
17105,rabbiting,NOUN,1,1
17106,unfed,ADJ,1,1
17107,blinker,NOUN,1,1
17108,nosebag,NOUN,1,1
17109,ploughland,NOUN,1,1
17110,feather,ADJ,1,1
17111,tarred,ADJ,1,1
17112,freind,NOUN,1,1
17113,udder,NOUN,1,1
17114,froth,VERB,1,1
17115,whoa,X,1,1
17116,humblest,NOUN,1,1
17117,stole,NOUN,1,1
17118,blacksmithing,NOUN,1,1
17119,carpentering,NOUN,1,1
17120,education,ADJ,1,1
17121,rubbish,ADJ,1,1
17122,propulsion,NOUN,1,1
17123,whelp,VERB,1,1
17124,brainworker,NOUN,1,1
17125,windfall,ADJ,1,1
17126,neglected,ADJ,1,1
17127,tractable,ADJ,1,1
17128,smithy,NOUN,1,1
17129,recapture,NOUN,1,1
17130,skirmishing,NOUN,1,1
17131,cowshed,ADJ,1,1
17132,shod,ADJ,1,1
17133,stallion,NOUN,1,1
17134,reassemble,VERB,1,1
17135,impromptu,ADJ,1,1
17136,posthumously,ADV,1,1
17137,ratify,VERB,1,1
17138,learnedly,ADV,1,1
17139,silage,NOUN,1,1
17140,cartage,NOUN,1,1
17141,dynamo,NOUN,1,1
17142,milking,NOUN,1,1
17143,closet,VERB,1,1
17144,binder,NOUN,1,1
17145,heater,NOUN,1,1
17146,watchword,NOUN,1,1
17147,holding,NOUN,1,1
17148,disinter,VERB,1,1
17149,threateningly,ADV,1,1
17150,solve,NOUN,1,1
17151,utilise,VERB,1,1
17152,yoke,VERB,1,1
17153,superintendence,NOUN,1,1
17154,overstrain,VERB,1,1
17155,unassisted,ADJ,1,1
17156,arable,ADJ,1,1
17157,upkeep,NOUN,1,1
17158,override,VERB,1,1
17159,growling,NOUN,1,1
17160,intermediary,NOUN,1,1
17161,traceable,ADJ,1,1
17162,shrewdly,ADV,1,1
17163,brainwork,NOUN,1,1
17164,sleet,NOUN,1,1
17165,squealer,NOUN,1,1
17166,clamp,NOUN,1,1
17167,embolden,VERB,1,1
17168,infanticide,ADV,1,1
17169,pullet,NOUN,1,1
17170,decreed,VERB,1,1
17171,coccidiosis,NOUN,1,1
17172,seedbed,NOUN,1,1
17173,mislay,VERB,1,1
17174,henhouse,NOUN,1,1
17175,exclaim,NOUN,1,1
17176,whinny,NOUN,1,1
17177,desirable,VERB,1,1
17178,needful,ADJ,1,1
17179,decreed,NOUN,1,1
17180,trumpeter,NOUN,1,1
17181,fold,ADJ,1,1
17182,fatherless,ADJ,1,1
17183,watchest,ADV,1,1
17184,sucking,ADJ,1,1
17185,unsold,ADJ,1,1
17186,windmill,ADJ,1,1
17187,beingdone,NOUN,1,1
17188,gander,NOUN,1,1
17189,nightshade,NOUN,1,1
17190,beatifically,NOUN,1,1
17191,twitching,ADJ,1,1
17192,wistful,ADJ,1,1
17193,unscathed,ADJ,1,1
17194,dejectedly,ADV,1,1
17195,brewing,NOUN,1,1
17196,distilling,NOUN,1,1
17197,seeding,NOUN,1,1
17198,overturned,ADJ,1,1
17199,poultice,NOUN,1,1
17200,piebald,ADJ,1,1
17201,appetising,NOUN,1,1
17202,brew,NOUN,1,1
17203,tureen,NOUN,1,1
17204,offset,VERB,1,1
17205,flank,VERB,1,1
17206,large,VERB,1,1
17207,complicity,NOUN,1,1
17208,fatter,NOUN,1,1
17209,boxer,NOUN,1,1
17210,drumming,NOUN,1,1
17211,slaughterer,NOUN,1,1
17212,uproarious,ADJ,1,1
17213,inebriate,NOUN,1,1
17214,rheumy,NOUN,1,1
17215,morose,ADJ,1,1
17216,taciturn,NOUN,1,1
17217,animalism,NOUN,1,1
17218,frugally,ADV,1,1
17219,covered,ADJ,1,1
17220,insoluble,ADJ,1,1
17221,foretell,VERB,1,1
17222,neighing,NOUN,1,1
17223,tatted,ADJ,1,1
17224,install,VERB,1,1
17225,ratcatcher,NOUN,1,1
17226,mistrust,NOUN,1,1
17227,unsettling,ADJ,1,1
17228,orderliness,NOUN,1,1
17229,subsist,ADJ,1,1
17230,choking,NOUN,1,1
17231,pamper,VERB,1,1
17232,co,ADJ,1,1
17233,neighbourly,ADJ,1,1
17234,hearty,NOUN,1,1
17235,dicast,NOUN,1,1
17236,mastery,NOUN,1,1
17237,commentary,NOUN,1,1
17238,chronicler,NOUN,1,1
17239,authenticity,NOUN,1,1
17240,idealization,NOUN,1,1
17241,parallelism,NOUN,1,1
17242,mitigation,NOUN,1,1
17243,colloquial,ADJ,1,1
17244,commend,VERB,1,1
17245,intentional,ADJ,1,1
17246,unjustifiably,ADV,1,1
17247,overwise,ADV,1,1
17248,indict,VERB,1,1
17249,ludicrously,ADV,1,1
17250,commanding,ADJ,1,1
17251,mina,NOUN,1,1
17252,designedly,ADV,1,1
17253,haughtiness,NOUN,1,1
17254,jesting,ADJ,1,1
17255,dialectician,NOUN,1,1
17256,chargeable,ADJ,1,1
17257,sophistical,ADJ,1,1
17258,involuntariness,NOUN,1,1
17259,transcendental,ADJ,1,1
17260,hominem,NOUN,1,1
17261,audacity,NOUN,1,1
17262,loftiness,NOUN,1,1
17263,authadizomeno,NOUN,1,1
17264,touto,NOUN,1,1
17265,lego,NOUN,1,1
17266,originate,NOUN,1,1
17267,dedication,NOUN,1,1
17268,freethinker,NOUN,1,1
17269,sceptic,ADJ,1,1
17270,conceive,NOUN,1,1
17271,rhetorician,NOUN,1,1
17272,sophist,NOUN,1,1
17273,marketplace,NOUN,1,1
17274,tarry,NOUN,1,1
17275,inference,NOUN,1,1
17276,emancipate,VERB,1,1
17277,symposium,NOUN,1,1
17278,disseminator,NOUN,1,1
17279,enquirer,NOUN,1,1
17280,prosecutor,NOUN,1,1
17281,aforesaid,ADJ,1,1
17282,evenus,VERB,1,1
17283,pythian,ADJ,1,1
17284,prophetess,NOUN,1,1
17285,irrefutable,ADJ,1,1
17286,dithyrambic,NOUN,1,1
17287,diviner,NOUN,1,1
17288,soothsayer,NOUN,1,1
17289,misleader,NOUN,1,1
17290,inveterate,VERB,1,1
17291,plainness,NOUN,1,1
17292,godhead,NOUN,1,1
17293,unfrequently,ADV,1,1
17294,euripide,NOUN,1,1
17295,drachma,NOUN,1,1
17296,father,VERB,1,1
17297,bravado,NOUN,1,1
17298,forthwith,NOUN,1,1
17299,beaked,ADJ,1,1
17300,arraign,VERB,1,1
17301,apprehend,ADJ,1,1
17302,undervalue,VERB,1,1
17303,overvalue,VERB,1,1
17304,interrupt,ADJ,1,1
17305,tardy,ADJ,1,1
17306,injustice,VERB,1,1
17307,presidency,NOUN,1,1
17308,slain,NOUN,1,1
17309,illegality,NOUN,1,1
17310,impeach,VERB,1,1
17311,slanderously,ADV,1,1
17312,term,VERB,1,1
17313,deme,NOUN,1,1
17314,displeased,ADJ,1,1
17315,discreditable,ADJ,1,1
17316,demean,VERB,1,1
17317,demean,ADJ,1,1
17318,impious,ADJ,1,1
17319,drachmae,NOUN,1,1
17320,affix,ADJ,1,1
17321,unexamined,ADJ,1,1
17322,detractor,NOUN,1,1
17323,undone,ADJ,1,1
17324,repent,ADJ,1,1
17325,unrighteousness,ADJ,1,1
17326,prophesy,NOUN,1,1
17327,nothingness,ADJ,1,1
17328,ajax,VERB,1,1
17329,condemner,NOUN,1,1
17330,reprove,ADV,1,1
17331,apology,VERB,1,1
17332,closeness,NOUN,1,1
17333,ultramarine,NOUN,1,1
17334,grossness,NOUN,1,1
17335,symmetrically,ADV,1,1
17336,unwrinkled,ADJ,1,1
17337,arch,VERB,1,1
17338,arakanese,ADJ,1,1
17339,longyis,ADJ,1,1
17340,stinking,NOUN,1,1
17341,clerk,VERB,1,1
17342,lucrative,ADJ,1,1
17343,misappropriate,VERB,1,1
17344,honorific,ADJ,1,1
17345,confederate,NOUN,1,1
17346,vastest,NOUN,1,1
17347,litigant,NOUN,1,1
17348,jurisdiction,NOUN,1,1
17349,punitive,ADJ,1,1
17350,suborn,VERB,1,1
17351,stonework,NOUN,1,1
17352,wheezily,ADV,1,1
17353,blancmange,NOUN,1,1
17354,unimaginative,ADJ,1,1
17355,ee,NOUN,1,1
17356,bilingual,ADJ,1,1
17357,villainously,ADV,1,1
17358,nationalist,ADJ,1,1
17359,smallness,NOUN,1,1
17360,unprovided,ADJ,1,1
17361,puffing,NOUN,1,1
17362,taik,NOUN,1,1
17363,concert,VERB,1,1
17364,accusing,NOUN,1,1
17365,flatulence,NOUN,1,1
17366,childlike,ADJ,1,1
17367,dysentery,NOUN,1,1
17368,unrewarded,ADJ,1,1
17369,veneered,ADJ,1,1
17370,extinguisher,NOUN,1,1
17371,starched,ADJ,1,1
17372,brocade,VERB,1,1
17373,confidante,NOUN,1,1
17374,scheming,NOUN,1,1
17375,praline,NOUN,1,1
17376,cocker,NOUN,1,1
17377,spaniel,NOUN,1,1
17378,sidelongness,NOUN,1,1
17379,ochreous,ADJ,1,1
17380,glittering,NOUN,1,1
17381,interpretable,ADJ,1,1
17382,bloody,NOUN,1,1
17383,starlike,NOUN,1,1
17384,stalkless,ADJ,1,1
17385,croton,NOUN,1,1
17386,feathery,NOUN,1,1
17387,nectar,NOUN,1,1
17388,sideways,NOUN,1,1
17389,dammit,NOUN,1,1
17390,pickle,VERB,1,1
17391,unhomelike,ADJ,1,1
17392,wicker,VERB,1,1
17393,illustrated,ADJ,1,1
17394,large,ADV,1,1
17395,irise,VERB,1,1
17396,resigned,ADJ,1,1
17397,beefy,ADJ,1,1
17398,wounding,NOUN,1,1
17399,acrid,ADJ,1,1
17400,puggy,NOUN,1,1
17401,strenuous,ADJ,1,1
17402,bumble,VERB,1,1
17403,eheu,ADJ,1,1
17404,fugace,NOUN,1,1
17405,unpin,VERB,1,1
17406,uncalled,ADJ,1,1
17407,gruffly,ADV,1,1
17408,tartly,ADV,1,1
17409,resent,ADJ,1,1
17410,pal,ADJ,1,1
17411,whimsically,ADV,1,1
17412,lemonade,ADJ,1,1
17413,legality,NOUN,1,1
17414,officio,ADJ,1,1
17415,desultory,ADJ,1,1
17416,context,NOUN,1,1
17417,supineness,NOUN,1,1
17418,obsession,NOUN,1,1
17419,chicked,ADJ,1,1
17420,apre,NOUN,1,1
17421,madame,ADJ,1,1
17422,blinding,ADJ,1,1
17423,unkempt,NOUN,1,1
17424,scurrying,NOUN,1,1
17425,palsy,ADJ,1,1
17426,peritonitis,NOUN,1,1
17427,ganglia,NOUN,1,1
17428,san,NOUN,1,1
17429,peur,VERB,1,1
17430,reproche,VERB,1,1
17431,sterling,ADJ,1,1
17432,gilt,ADJ,1,1
17433,essayist,NOUN,1,1
17434,forefinger,VERB,1,1
17435,topsy,ADJ,1,1
17436,turvy,ADJ,1,1
17437,gut,VERB,1,1
17438,seaworthy,ADJ,1,1
17439,unswerve,VERB,1,1
17440,pax,ADJ,1,1
17441,swinery,NOUN,1,1
17442,sawn,VERB,1,1
17443,sloth,NOUN,1,1
17444,torchbearer,NOUN,1,1
17445,hygienic,ADJ,1,1
17446,harp,VERB,1,1
17447,irrigate,VERB,1,1
17448,pessimism,NOUN,1,1
17449,seditiousness,NOUN,1,1
17450,civilizing,ADJ,1,1
17451,housetop,NOUN,1,1
17452,valve,NOUN,1,1
17453,grasshopp,ADJ,1,1
17454,piteously,ADV,1,1
17455,abjectness,NOUN,1,1
17456,postpone,NOUN,1,1
17457,retriever,ADJ,1,1
17458,afoot,NOUN,1,1
17459,bestiality,NOUN,1,1
17460,backbite,VERB,1,1
17461,forthwith,ADP,1,1
17462,bandolier,NOUN,1,1
17463,sparrow,VERB,1,1
17464,furled,ADJ,1,1
17465,tuktoo,ADV,1,1
17466,heraldic,ADJ,1,1
17467,eave,VERB,1,1
17468,sleepiness,NOUN,1,1
17469,chloroform,NOUN,1,1
17470,durwan,ADJ,1,1
17471,downwards,ADP,1,1
17472,beardless,ADJ,1,1
17473,pimp,VERB,1,1
17474,tinni,NOUN,1,1
17475,incumbent,NOUN,1,1
17476,toddy,NOUN,1,1
17477,dudh,NOUN,1,1
17478,temperedly,ADV,1,1
17479,ebony,NOUN,1,1
17480,ugh,NOUN,1,1
17481,philtre,NOUN,1,1
17482,sap,VERB,1,1
17483,limbe,VERB,1,1
17484,tuktoo,ADJ,1,1
17485,brown,VERB,1,1
17486,turpentiny,ADJ,1,1
17487,ford,NOUN,1,1
17488,greener,ADV,1,1
17489,bergamot,NOUN,1,1
17490,stepping,ADJ,1,1
17491,upstream,ADJ,1,1
17492,grotto,NOUN,1,1
17493,mahseer,NOUN,1,1
17494,high,NOUN,1,1
17495,shimmer,VERB,1,1
17496,coralline,NOUN,1,1
17497,halve,VERB,1,1
17498,impasse,NOUN,1,1
17499,firefly,NOUN,1,1
17500,axle,NOUN,1,1
17501,treetop,NOUN,1,1
17502,spoke,NOUN,1,1
17503,brindle,VERB,1,1
17504,toenail,NOUN,1,1
17505,blackened,ADJ,1,1
17506,kerosene,ADJ,1,1
17507,pardonable,ADJ,1,1
17508,phantom,NOUN,1,1
17509,cur,INTJ,1,1
17510,idling,NOUN,1,1
17511,fornicating,NOUN,1,1
17512,examining,NOUN,1,1
17513,counterstroke,NOUN,1,1
17514,illuminati,NOUN,1,1
17515,spiked,ADJ,1,1
17516,sonnet,NOUN,1,1
17517,ape,VERB,1,1
17518,unaware,NOUN,1,1
17519,chummery,NOUN,1,1
17520,filthiness,NOUN,1,1
17521,beefsteak,NOUN,1,1
17522,attuned,ADJ,1,1
17523,downpour,NOUN,1,1
17524,mousy,ADJ,1,1
17525,seedling,NOUN,1,1
17526,dab,VERB,1,1
17527,pronged,ADJ,1,1
17528,squawking,NOUN,1,1
17529,honeysuckle,NOUN,1,1
17530,jeel,NOUN,1,1
17531,drenched,ADJ,1,1
17532,comforting,ADJ,1,1
17533,tiring,ADJ,1,1
17534,nilly,ADV,1,1
17535,wrecked,ADJ,1,1
17536,competently,ADV,1,1
17537,stifling,NOUN,1,1
17538,stultify,VERB,1,1
17539,backbiter,NOUN,1,1
17540,fornicator,NOUN,1,1
17541,thickest,ADV,1,1
17542,skulle,VERB,1,1
17543,hiccup,VERB,1,1
17544,sahibdom,NOUN,1,1
17545,deterioration,NOUN,1,1
17546,cropping,NOUN,1,1
17547,decomposition,NOUN,1,1
17548,hated,ADJ,1,1
17549,unexpresse,VERB,1,1
17550,scandalmongere,VERB,1,1
17551,unmanly,ADJ,1,1
17552,whining,NOUN,1,1
17553,dishonour,ADJ,1,1
17554,mulberry,NOUN,1,1
17555,goldleaf,NOUN,1,1
17556,sedentary,NOUN,1,1
17557,congest,VERB,1,1
17558,apoplexy,NOUN,1,1
17559,tallowy,VERB,1,1
17560,comprehension,NOUN,1,1
17561,notched,ADJ,1,1
17562,carbine,NOUN,1,1
17563,ringworm,NOUN,1,1
17564,dahl,NOUN,1,1
17565,curvet,VERB,1,1
17566,shroud,VERB,1,1
17567,cote,NOUN,1,1
17568,lymphatic,ADJ,1,1
17569,kwaaa,NOUN,1,1
17570,gruffer,NOUN,1,1
17571,pigsticker,NOUN,1,1
17572,matutinal,ADJ,1,1
17573,scoutmaster,NOUN,1,1
17574,homosexual,VERB,1,1
17575,ranger,NOUN,1,1
17576,allowable,ADJ,1,1
17577,champion,VERB,1,1
17578,loutish,ADJ,1,1
17579,lollop,VERB,1,1
17580,sunshade,NOUN,1,1
17581,blackcurrant,NOUN,1,1
17582,garrulously,ADV,1,1
17583,wallflower,NOUN,1,1
17584,splendid,ADV,1,1
17585,jumble,NOUN,1,1
17586,thrilled,ADJ,1,1
17587,unclaimed,ADJ,1,1
17588,footlong,ADJ,1,1
17589,brassware,ADJ,1,1
17590,tethered,ADJ,1,1
17591,vapouring,NOUN,1,1
17592,elegant,NOUN,1,1
17593,mee,NOUN,1,1
17594,arrondissement,NOUN,1,1
17595,decrepit,ADJ,1,1
17596,patroness,NOUN,1,1
17597,tongue,VERB,1,1
17598,helping,NOUN,1,1
17599,verdigris,VERB,1,1
17600,mulishly,ADV,1,1
17601,greyish,NOUN,1,1
17602,fouled,ADJ,1,1
17603,poached,ADJ,1,1
17604,wordly,ADJ,1,1
17605,palette,NOUN,1,1
17606,sketching,NOUN,1,1
17607,crayon,NOUN,1,1
17608,solace,NOUN,1,1
17609,sunbathe,VERB,1,1
17610,canne,NOUN,1,1
17611,grouse,NOUN,1,1
17612,paintbrush,NOUN,1,1
17613,dabbler,NOUN,1,1
17614,degrading,ADJ,1,1
17615,ptomaine,NOUN,1,1
17616,cable,VERB,1,1
17617,herald,VERB,1,1
17618,phosphorescent,ADJ,1,1
17619,idher,NOUN,1,1
17620,ao,INTJ,1,1
17621,sahiblog,VERB,1,1
17622,flapping,ADJ,1,1
17623,bronze,VERB,1,1
17624,clipped,ADJ,1,1
17625,basking,NOUN,1,1
17626,prow,NOUN,1,1
17627,missie,INTJ,1,1
17628,cinnamon,NOUN,1,1
17629,fuel,VERB,1,1
17630,poised,ADJ,1,1
17631,giantess,NOUN,1,1
17632,tropic,NOUN,1,1
17633,surreptitious,ADJ,1,1
17634,demi,NOUN,1,1
17635,mondaine,NOUN,1,1
17636,mohammedan,ADJ,1,1
17637,pagri,VERB,1,1
17638,tray,VERB,1,1
17639,forkful,NOUN,1,1
17640,sterilize,VERB,1,1
17641,sambhur,ADJ,1,1
17642,peepul,ADJ,1,1
17643,cloy,VERB,1,1
17644,daring,ADJ,1,1
17645,brassily,ADV,1,1
17646,revue,NOUN,1,1
17647,posture,VERB,1,1
17648,blaze,NOUN,1,1
17649,tinfoil,NOUN,1,1
17650,sherbet,NOUN,1,1
17651,ice,VERB,1,1
17652,galay,NOUN,1,1
17653,breastless,NOUN,1,1
17654,posturing,NOUN,1,1
17655,joint,VERB,1,1
17656,snakehead,NOUN,1,1
17657,agility,NOUN,1,1
17658,sip,VERB,1,1
17659,woad,NOUN,1,1
17660,discursively,ADV,1,1
17661,trochaic,ADJ,1,1
17662,posterior,ADJ,1,1
17663,abjectly,ADV,1,1
17664,inkling,NOUN,1,1
17665,barehande,VERB,1,1
17666,starlight,NOUN,1,1
17667,warmness,NOUN,1,1
17668,tacit,ADJ,1,1
17669,salaaming,NOUN,1,1
17670,missiesahib,NOUN,1,1
17671,amiably,ADV,1,1
17672,pining,NOUN,1,1
17673,consignment,NOUN,1,1
17674,goatish,ADJ,1,1
17675,flory,ADJ,1,1
17676,washout,NOUN,1,1
17677,bambooing,NOUN,1,1
17678,coddle,VERB,1,1
17679,kukris,NOUN,1,1
17680,depressingly,ADV,1,1
17681,capitation,NOUN,1,1
17682,illicit,VERB,1,1
17683,pawnbroker,NOUN,1,1
17684,chetty,ADJ,1,1
17685,dirzi,NOUN,1,1
17686,bahinchut,ADV,1,1
17687,fritter,NOUN,1,1
17688,banality,NOUN,1,1
17689,cicerone,ADJ,1,1
17690,favourably,ADV,1,1
17691,antagonize,VERB,1,1
17692,revoltingly,ADV,1,1
17693,sight,VERB,1,1
17694,sloping,ADJ,1,1
17695,marelike,NOUN,1,1
17696,kinship,NOUN,1,1
17697,hatefulness,NOUN,1,1
17698,kin,ADJ,1,1
17699,unsatisfactoriness,NOUN,1,1
17700,unsoundness,NOUN,1,1
17701,entrap,VERB,1,1
17702,choleric,ADJ,1,1
17703,whacking,NOUN,1,1
17704,longyis,ADV,1,1
17705,incognito,NOUN,1,1
17706,fiery,ADV,1,1
17707,abroad,ADJ,1,1
17708,spoil,ADJ,1,1
17709,doff,VERB,1,1
17710,sweltering,NOUN,1,1
17711,adamant,ADJ,1,1
17712,dago,NOUN,1,1
17713,sprung,VERB,1,1
17714,fern,ADJ,1,1
17715,pluck,NOUN,1,1
17716,effaced,ADJ,1,1
17717,torrid,ADJ,1,1
17718,burnish,VERB,1,1
17719,uproot,VERB,1,1
17720,wrestle,NOUN,1,1
17721,shaven,ADJ,1,1
17722,mooring,NOUN,1,1
17723,unrecognizable,ADJ,1,1
17724,anise,NOUN,1,1
17725,pomelo,NOUN,1,1
17726,heliotrope,NOUN,1,1
17727,coco,NOUN,1,1
17728,larvae,NOUN,1,1
17729,aphrodisiac,NOUN,1,1
17730,prinjal,NOUN,1,1
17731,persimmon,ADJ,1,1
17732,longyi,ADJ,1,1
17733,honking,ADJ,1,1
17734,artificially,ADV,1,1
17735,crinoline,NOUN,1,1
17736,fatherly,ADJ,1,1
17737,infra,NOUN,1,1
17738,strait,ADJ,1,1
17739,undress,ADJ,1,1
17740,poppy,ADJ,1,1
17741,ungentlemanly,ADV,1,1
17742,catafalque,NOUN,1,1
17743,underlay,VERB,1,1
17744,forward,VERB,1,1
17745,advantage,VERB,1,1
17746,abduct,VERB,1,1
17747,sawn,NOUN,1,1
17748,magician,NOUN,1,1
17749,tour,VERB,1,1
17750,holy,NOUN,1,1
17751,storming,NOUN,1,1
17752,sheetless,ADJ,1,1
17753,charpoy,NOUN,1,1
17754,moveless,NOUN,1,1
17755,awry,ADJ,1,1
17756,profusely,ADV,1,1
17757,amenity,NOUN,1,1
17758,diagnosis,NOUN,1,1
17759,ungentlemanly,ADJ,1,1
17760,tumour,NOUN,1,1
17761,menstrual,ADJ,1,1
17762,pharmacopoeia,NOUN,1,1
17763,strangulate,VERB,1,1
17764,hernia,NOUN,1,1
17765,err,VERB,1,1
17766,possitively,ADV,1,1
17767,ass,ADJ,1,1
17768,ass,X,1,1
17769,dropsy,NOUN,1,1
17770,hutch,NOUN,1,1
17771,intriguer,NOUN,1,1
17772,chilling,ADJ,1,1
17773,fortress,ADJ,1,1
17774,gratifying,NOUN,1,1
17775,circumspect,ADJ,1,1
17776,downcast,NOUN,1,1
17777,kadaw,NOUN,1,1
17778,crept,ADJ,1,1
17779,wormlike,NOUN,1,1
17780,finality,NOUN,1,1
17781,wrinkly,ADJ,1,1
17782,grandmama,NOUN,1,1
17783,backless,NOUN,1,1
17784,brogue,NOUN,1,1
17785,barnacle,NOUN,1,1
17786,moonlike,NOUN,1,1
17787,begonia,NOUN,1,1
17788,teem,VERB,1,1
17789,kill,NOUN,1,1
17790,perfunctorily,ADV,1,1
17791,bamboos,NOUN,1,1
17792,tattoo,VERB,1,1
17793,prisone,VERB,1,1
17794,nat,NOUN,1,1
17795,dryad,NOUN,1,1
17796,catapulted,ADJ,1,1
17797,enviously,ADV,1,1
17798,bramble,ADJ,1,1
17799,cidada,NOUN,1,1
17800,pinging,NOUN,1,1
17801,twanging,NOUN,1,1
17802,appraisingly,ADV,1,1
17803,oblong,NOUN,1,1
17804,bantam,NOUN,1,1
17805,whirr,NOUN,1,1
17806,aiming,NOUN,1,1
17807,yieldingly,ADV,1,1
17808,pattering,NOUN,1,1
17809,crane,VERB,1,1
17810,sg,NOUN,1,1
17811,climbable,ADJ,1,1
17812,pug,NOUN,1,1
17813,inordinate,VERB,1,1
17814,uninhabitable,ADJ,1,1
17815,yielding,ADJ,1,1
17816,jaundiced,ADJ,1,1
17817,transfigure,VERB,1,1
17818,stultification,NOUN,1,1
17819,unbridgeable,ADJ,1,1
17820,salvage,VERB,1,1
17821,boring,NOUN,1,1
17822,anglo,NOUN,1,1
17823,coatpocket,NOUN,1,1
17824,egoistically,ADV,1,1
17825,nullify,VERB,1,1
17826,foreignness,NOUN,1,1
17827,eliz,NOUN,1,1
17828,dizzily,ADV,1,1
17829,unintelligently,ADV,1,1
17830,prefix,NOUN,1,1
17831,nga,DET,1,1
17832,unhurt,ADJ,1,1
17833,ataxic,ADJ,1,1
17834,joie,ADJ,1,1
17835,vivre,NOUN,1,1
17836,butler,VERB,1,1
17837,thathanabaing,NOUN,1,1
17838,teetotal,ADJ,1,1
17839,whitened,ADJ,1,1
17840,meerschaum,ADJ,1,1
17841,boot,VERB,1,1
17842,pity,INTJ,1,1
17843,boxwood,NOUN,1,1
17844,centaur,NOUN,1,1
17845,transfixed,ADJ,1,1
17846,ritual,NOUN,1,1
17847,unwelcome,ADJ,1,1
17848,transfixing,NOUN,1,1
17849,ungraciously,ADV,1,1
17850,curb,NOUN,1,1
17851,temporize,VERB,1,1
17852,mercifully,ADV,1,1
17853,ignominiously,ADV,1,1
17854,saddled,ADJ,1,1
17855,boracic,NOUN,1,1
17856,graz,NOUN,1,1
17857,undeserved,ADJ,1,1
17858,renown,VERB,1,1
17859,graze,NOUN,1,1
17860,agitator,NOUN,1,1
17861,snappish,ADJ,1,1
17862,soaker,NOUN,1,1
17863,reprovingly,ADV,1,1
17864,laddie,NOUN,1,1
17865,dirrt,VERB,1,1
17866,blasphemously,ADV,1,1
17867,liven,VERB,1,1
17868,pique,NOUN,1,1
17869,serpentine,VERB,1,1
17870,duchess,NOUN,1,1
17871,dreadly,ADV,1,1
17872,caddish,ADJ,1,1
17873,swish,NOUN,1,1
17874,appalled,ADJ,1,1
17875,dodo,NOUN,1,1
17876,marriageable,ADJ,1,1
17877,rupee,VERB,1,1
17878,electron,NOUN,1,1
17879,featureless,ADJ,1,1
17880,clubhouse,NOUN,1,1
17881,wearied,ADJ,1,1
17882,blackmailing,NOUN,1,1
17883,tenacity,NOUN,1,1
17884,stilte,VERB,1,1
17885,six,NOUN,1,1
17886,seven,VERB,1,1
17887,coolie,VERB,1,1
17888,prophylactic,NOUN,1,1
17889,ungracious,ADJ,1,1
17890,snobbishness,ADV,1,1
17891,horseless,NOUN,1,1
17892,catalogue,VERB,1,1
17893,reprimand,VERB,1,1
17894,insulted,ADJ,1,1
17895,disconcerting,ADJ,1,1
17896,ascetically,ADV,1,1
17897,centaurlike,NOUN,1,1
17898,womanizing,NOUN,1,1
17899,enmesh,VERB,1,1
17900,tantalizing,ADJ,1,1
17901,propos,ADJ,1,1
17902,botte,NOUN,1,1
17903,unfixing,ADJ,1,1
17904,chivy,VERB,1,1
17905,surlily,ADV,1,1
17906,unmarre,VERB,1,1
17907,aquarelle,NOUN,1,1
17908,unkind,NOUN,1,1
17909,crustacean,NOUN,1,1
17910,querulously,ADV,1,1
17911,dacoity,NOUN,1,1
17912,sagae,VERB,1,1
17913,terpsichorean,ADJ,1,1
17914,pestilence,NOUN,1,1
17915,murk,NOUN,1,1
17916,feverishly,ADJ,1,1
17917,ache,ADV,1,1
17918,stoical,ADJ,1,1
17919,bickering,NOUN,1,1
17920,monger,VERB,1,1
17921,monosyllable,NOUN,1,1
17922,miscellany,NOUN,1,1
17923,rainless,NOUN,1,1
17924,panache,NOUN,1,1
17925,cavalryman,NOUN,1,1
17926,messroom,NOUN,1,1
17927,equestrian,ADJ,1,1
17928,taradiddle,NOUN,1,1
17929,jorrock,NOUN,1,1
17930,chrome,NOUN,1,1
17931,midflight,NOUN,1,1
17932,incuriously,ADV,1,1
17933,staleness,ADJ,1,1
17934,enisle,VERB,1,1
17935,extenuate,NOUN,1,1
17936,mutiny,VERB,1,1
17937,moonstone,NOUN,1,1
17938,mishap,NOUN,1,1
17939,italicize,VERB,1,1
17940,heee,VERB,1,1
17941,lumpishly,ADV,1,1
17942,reeking,NOUN,1,1
17943,syce,ADJ,1,1
17944,cockscomb,NOUN,1,1
17945,analphabetic,ADJ,1,1
17946,dekko,ADJ,1,1
17947,riderless,ADJ,1,1
17948,stirrup,NOUN,1,1
17949,suspecting,NOUN,1,1
17950,tumbler,ADJ,1,1
17951,negroid,ADJ,1,1
17952,candlelight,NOUN,1,1
17953,epistolary,ADJ,1,1
17954,italic,NOUN,1,1
17955,wile,NOUN,1,1
17956,jackall,NOUN,1,1
17957,sensationally,ADV,1,1
17958,minion,NOUN,1,1
17959,regrettably,ADV,1,1
17960,revolver,ADJ,1,1
17961,veritably,ADV,1,1
17962,effrontery,NOUN,1,1
17963,daring,NOUN,1,1
17964,shotgun,NOUN,1,1
17965,teakwood,NOUN,1,1
17966,transportation,NOUN,1,1
17967,neuralgia,NOUN,1,1
17968,snobbish,VERB,1,1
17969,mentionable,ADJ,1,1
17970,disguising,NOUN,1,1
17971,squirm,NOUN,1,1
17972,heartrending,ADJ,1,1
17973,maid,VERB,1,1
17974,pis,NOUN,1,1
17975,aller,NOUN,1,1
17976,kerosene,NOUN,1,1
17977,yoke,NOUN,1,1
17978,lackersteen,NOUN,1,1
17979,missus,ADJ,1,1
17980,starveling,NOUN,1,1
17981,tolerantly,ADV,1,1
17982,circular,NOUN,1,1
17983,opted,ADJ,1,1
17984,corps,X,1,1
17985,distrust,NOUN,1,1
17986,turf,VERB,1,1
17987,goggle,VERB,1,1
17988,nonentity,NOUN,1,1
17989,monstrosity,NOUN,1,1
17990,fisherman,ADJ,1,1
17991,gutless,NOUN,1,1
17992,epicene,VERB,1,1
17993,laterite,NOUN,1,1
17994,incestuous,ADJ,1,1
17995,chaprassi,NOUN,1,1
17996,concoction,NOUN,1,1
17997,ellit,VERB,1,1
17998,thunderous,ADJ,1,1
17999,chokras,X,1,1
18000,shying,NOUN,1,1
18001,stanch,VERB,1,1
18002,thudding,NOUN,1,1
18003,slosh,VERB,1,1
18004,laocoon,NOUN,1,1
18005,unrolled,ADJ,1,1
18006,dak,NOUN,1,1
18007,subabdar,NOUN,1,1
18008,eddying,NOUN,1,1
18009,gazelle,NOUN,1,1
18010,negligee,NOUN,1,1
18011,plundering,NOUN,1,1
18012,patronizing,ADJ,1,1
18013,vapour,NOUN,1,1
18014,nebula,NOUN,1,1
18015,sluice,NOUN,1,1
18016,squelch,VERB,1,1
18017,apropos,NUM,1,1
18018,emphatic,ADJ,1,1
18019,drought,NOUN,1,1
18020,trowel,VERB,1,1
18021,aha,ADJ,1,1
18022,flory,NOUN,1,1
18023,begun,VERB,1,1
18024,spate,NOUN,1,1
18025,bronchitis,ADV,1,1
18026,steamed,ADJ,1,1
18027,creditably,ADV,1,1
18028,flagrante,X,1,1
18029,delicto,ADV,1,1
18030,masterstroke,NOUN,1,1
18031,marshal,NOUN,1,1
18032,suffuse,VERB,1,1
18033,uneatable,NOUN,1,1
18034,unuttered,ADJ,1,1
18035,rollicking,NOUN,1,1
18036,crass,ADJ,1,1
18037,ruefully,ADV,1,1
18038,waterproof,NOUN,1,1
18039,agitatedly,ADV,1,1
18040,squabby,NOUN,1,1
18041,behinde,VERB,1,1
18042,refract,VERB,1,1
18043,boozily,ADV,1,1
18044,snivel,NOUN,1,1
18045,bronchitically,ADV,1,1
18046,patter,NOUN,1,1
18047,hornbill,NOUN,1,1
18048,marshy,ADJ,1,1
18049,teal,NOUN,1,1
18050,moneylender,NOUN,1,1
18051,lectern,NOUN,1,1
18052,coward,VERB,1,1
18053,glistened,ADJ,1,1
18054,karen,NOUN,1,1
18055,vilest,ADJ,1,1
18056,unheard,ADV,1,1
18057,abomination,NOUN,1,1
18058,pinching,NOUN,1,1
18059,disgraced,ADJ,1,1
18060,jilt,VERB,1,1
18061,leper,NOUN,1,1
18062,plaintain,NOUN,1,1
18063,dine,NOUN,1,1
18064,unsteady,VERB,1,1
18065,mildewed,ADJ,1,1
18066,palliative,NOUN,1,1
18067,whoring,NOUN,1,1
18068,gelatine,NOUN,1,1
18069,myopically,ADV,1,1
18070,medico,NOUN,1,1
18071,scoundrelism,NOUN,1,1
18072,crystallize,VERB,1,1
18073,untrustworthy,ADJ,1,1
18074,pariahs,NOUN,1,1
18075,bake,NOUN,1,1
18076,electrician,NOUN,1,1
18077,unsatisfying,ADJ,1,1
18078,pimping,NOUN,1,1
18079,darn,ADJ,1,1
18080,pani,ADJ,1,1
18081,gone,ADJ,1,1
18082,officiate,VERB,1,1
18083,bevy,NOUN,1,1
18084,sowar,NOUN,1,1
18085,pennone,VERB,1,1
18086,blare,VERB,1,1
18087,ingyis,NOUN,1,1
18088,clank,VERB,1,1
18089,thugyis,NOUN,1,1
18090,hilte,VERB,1,1
18091,embossed,ADJ,1,1
18092,timely,ADJ,1,1
18093,henchman,NOUN,1,1
18094,felicitate,VERB,1,1
18095,apoplexy,ADJ,1,1
18096,heartbroken,VERB,1,1
18097,elapse,NOUN,1,1
18098,bluntish,ADJ,1,1
18099,washbasin,NOUN,1,1
18100,bricky,VERB,1,1
18101,sideshow,NOUN,1,1
18102,digestion,NOUN,1,1
18103,sheik,NOUN,1,1
18104,burglary,NOUN,1,1
18105,mellor,NOUN,1,1
18106,dadda,NOUN,1,1
18107,da,X,1,1
18108,sideboard,ADV,1,1
18109,brooding,ADJ,1,1
18110,hump,VERB,1,1
18111,litany,NOUN,1,1
18112,creosote,VERB,1,1
18113,demoralized,ADJ,1,1
18114,tout,ADJ,1,1
18115,economically,ADV,1,1
18116,bisexual,ADJ,1,1
18117,cornucopia,NOUN,1,1
18118,freehold,ADJ,1,1
18119,leasehold,ADJ,1,1
18120,price,VERB,1,1
18121,alias,NOUN,1,1
18122,baronetcy,NOUN,1,1
18123,yes,NOUN,1,1
18124,bumsucker,NOUN,1,1
18125,ginger,VERB,1,1
18126,moony,NOUN,1,1
18127,coattail,NOUN,1,1
18128,shopgirl,NOUN,1,1
18129,cucumber,NOUN,1,1
18130,peppercorn,NOUN,1,1
18131,woodbine,NOUN,1,1
18132,romeo,NOUN,1,1
18133,funnily,ADV,1,1
18134,insensitive,ADJ,1,1
18135,hangover,NOUN,1,1
18136,forrader,NOUN,1,1
18137,disarmament,ADJ,1,1
18138,zoom,ADJ,1,1
18139,whelk,NOUN,1,1
18140,chucking,ADJ,1,1
18141,wholesaler,NOUN,1,1
18142,carton,NOUN,1,1
18143,slickness,NOUN,1,1
18144,shininess,NOUN,1,1
18145,streamlining,NOUN,1,1
18146,starnoosstan,ADJ,1,1
18147,nerd,NOUN,1,1
18148,orrible,ADJ,1,1
18149,cement,VERB,1,1
18150,brass,VERB,1,1
18151,guarantee,VERB,1,1
18152,shellburst,NOUN,1,1
18153,x,NOUN,1,1
18154,thermite,ADJ,1,1
18155,platoon,NOUN,1,1
18156,corkscrew,VERB,1,1
18157,nah,VERB,1,1
18158,starin,NOUN,1,1
18159,up,VERB,1,1
18160,castor,NOUN,1,1
18161,overlaid,ADJ,1,1
18162,saw,ADJ,1,1
18163,wheezing,NOUN,1,1
18164,fishmonger,NOUN,1,1
18165,anatomical,ADJ,1,1
18166,leanness,NOUN,1,1
18167,creeping,NOUN,1,1
18168,assyrian,ADJ,1,1
18169,pipeclayed,ADJ,1,1
18170,pillbox,NOUN,1,1
18171,subconsciously,ADV,1,1
18172,plop,VERB,1,1
18173,jig,NOUN,1,1
18174,boozy,ADJ,1,1
18175,dewberry,NOUN,1,1
18176,sloe,NOUN,1,1
18177,hazelnut,NOUN,1,1
18178,haw,NOUN,1,1
18179,shamrock,NOUN,1,1
18180,plantain,NOUN,1,1
18181,popcorn,NOUN,1,1
18182,standby,NOUN,1,1
18183,greeny,NOUN,1,1
18184,trodden,VERB,1,1
18185,ladylike,NOUN,1,1
18186,cowpat,NOUN,1,1
18187,shack,NOUN,1,1
18188,smock,NOUN,1,1
18189,throwing,NOUN,1,1
18190,heifer,NOUN,1,1
18191,nine,NOUN,1,1
18192,cockle,NOUN,1,1
18193,boer,NOUN,1,1
18194,constituency,NOUN,1,1
18195,duckweed,NOUN,1,1
18196,cackle,NOUN,1,1
18197,dooty,NOUN,1,1
18198,grandparent,NOUN,1,1
18199,dusty,ADV,1,1
18200,better,VERB,1,1
18201,cubby,ADJ,1,1
18202,fancier,NOUN,1,1
18203,goldfinch,NOUN,1,1
18204,pituitary,ADJ,1,1
18205,moisten,VERB,1,1
18206,blacklead,VERB,1,1
18207,indrawn,VERB,1,1
18208,priestess,NOUN,1,1
18209,whisk,NOUN,1,1
18210,mincer,NOUN,1,1
18211,eunuch,NOUN,1,1
18212,caper,NOUN,1,1
18213,theory,ADJ,1,1
18214,snowball,VERB,1,1
18215,lockjaw,ADJ,1,1
18216,syrupy,NOUN,1,1
18217,hash,VERB,1,1
18218,window,VERB,1,1
18219,furnishing,NOUN,1,1
18220,timer,NOUN,1,1
18221,threepennyworth,NOUN,1,1
18222,serial,NOUN,1,1
18223,fwat,VERB,1,1
18224,overrun,VERB,1,1
18225,drat,VERB,1,1
18226,blackleaded,ADJ,1,1
18227,imposter,NOUN,1,1
18228,truant,NOUN,1,1
18229,corduroy,ADJ,1,1
18230,desperado,NOUN,1,1
18231,knocker,NOUN,1,1
18232,nesting,NOUN,1,1
18233,stickleback,NOUN,1,1
18234,forbade,NOUN,1,1
18235,rationalize,VERB,1,1
18236,buttercup,NOUN,1,1
18237,blub,VERB,1,1
18238,jerking,NOUN,1,1
18239,nutcracker,NOUN,1,1
18240,ee,VERB,1,1
18241,weal,NOUN,1,1
18242,sid,NOUN,1,1
18243,chaffinch,NOUN,1,1
18244,fledge,VERB,1,1
18245,glum,NOUN,1,1
18246,overshadow,AUX,1,1
18247,schoolteacher,NOUN,1,1
18248,goofy,NOUN,1,1
18249,masturbate,VERB,1,1
18250,ratting,NOUN,1,1
18251,birdnest,VERB,1,1
18252,nozzle,NOUN,1,1
18253,tench,VERB,1,1
18254,whopping,ADJ,1,1
18255,plier,NOUN,1,1
18256,disgorger,NOUN,1,1
18257,enamena,VERB,1,1
18258,mastiff,NOUN,1,1
18259,pour,NOUN,1,1
18260,turps,NOUN,1,1
18261,stopwatch,NOUN,1,1
18262,aniseed,NOUN,1,1
18263,redworm,NOUN,1,1
18264,sixteenth,NOUN,1,1
18265,midwinter,NOUN,1,1
18266,predicate,NOUN,1,1
18267,subjunctive,NOUN,1,1
18268,midge,NOUN,1,1
18269,eaten,VERB,1,1
18270,pike,ADJ,1,1
18271,fretwork,NOUN,1,1
18272,nightstock,NOUN,1,1
18273,grove,VERB,1,1
18274,quiff,NOUN,1,1
18275,rudd,ADJ,1,1
18276,moat,NOUN,1,1
18277,pond,VERB,1,1
18278,tyre,NOUN,1,1
18279,hodge,NOUN,1,1
18280,crabby,ADJ,1,1
18281,ahind,VERB,1,1
18282,boathouse,NOUN,1,1
18283,reddy,NOUN,1,1
18284,spinner,NOUN,1,1
18285,carp,ADJ,1,1
18286,bream,ADJ,1,1
18287,carp,VERB,1,1
18288,bailiff,NOUN,1,1
18289,tantalization,NOUN,1,1
18290,accountancy,NOUN,1,1
18291,potted,ADJ,1,1
18292,poaching,NOUN,1,1
18293,acrost,VERB,1,1
18294,garn,NOUN,1,1
18295,drore,NOUN,1,1
18296,saluting,NOUN,1,1
18297,pidgin,ADJ,1,1
18298,wantee,NOUN,1,1
18299,sewee,NOUN,1,1
18300,clothee,NOUN,1,1
18301,haversack,NOUN,1,1
18302,pliable,ADJ,1,1
18303,lobworm,NOUN,1,1
18304,flounder,NOUN,1,1
18305,gleaming,ADJ,1,1
18306,warty,NOUN,1,1
18307,pert,NOUN,1,1
18308,den,VERB,1,1
18309,polynesian,ADJ,1,1
18310,dreadful,NOUN,1,1
18311,cuttle,NOUN,1,1
18312,schooling,NOUN,1,1
18313,explorer,NOUN,1,1
18314,lease,NOUN,1,1
18315,provider,NOUN,1,1
18316,sanitary,NOUN,1,1
18317,insecticide,ADJ,1,1
18318,ploughboy,NOUN,1,1
18319,resentful,ADJ,1,1
18320,bunkum,NOUN,1,1
18321,aitch,NOUN,1,1
18322,whisker,VERB,1,1
18323,stouter,ADJ,1,1
18324,liberal,NOUN,1,1
18325,canting,NOUN,1,1
18326,grind,ADJ,1,1
18327,carve,NOUN,1,1
18328,grocere,VERB,1,1
18329,snubby,ADJ,1,1
18330,smarm,NOUN,1,1
18331,country,ADJ,1,1
18332,dogskin,NOUN,1,1
18333,bookkeeping,NOUN,1,1
18334,blah,NOUN,1,1
18335,stodge,VERB,1,1
18336,sulky,NOUN,1,1
18337,scowl,VERB,1,1
18338,rupture,VERB,1,1
18339,chipping,NOUN,1,1
18340,drapery,NOUN,1,1
18341,hushed,ADJ,1,1
18342,figurative,ADJ,1,1
18343,brushing,NOUN,1,1
18344,crusty,ADJ,1,1
18345,cockchafer,NOUN,1,1
18346,watchmaker,NOUN,1,1
18347,charing,NOUN,1,1
18348,thrift,NOUN,1,1
18349,shaken,NOUN,1,1
18350,flux,NOUN,1,1
18351,mobilize,VERB,1,1
18352,zwee,NOUN,1,1
18353,zoo,NOUN,1,1
18354,gorse,NOUN,1,1
18355,freezing,ADJ,1,1
18356,spry,NOUN,1,1
18357,knighthood,NOUN,1,1
18358,swagger,VERB,1,1
18359,gorblimey,ADJ,1,1
18360,broody,NOUN,1,1
18361,objector,NOUN,1,1
18362,signboard,NOUN,1,1
18363,homework,NOUN,1,1
18364,puncture,NOUN,1,1
18365,sit,NOUN,1,1
18366,beano,NOUN,1,1
18367,maroon,VERB,1,1
18368,midland,NOUN,1,1
18369,secretarial,ADJ,1,1
18370,waterproof,ADJ,1,1
18371,groundsheet,NOUN,1,1
18372,nil,NOUN,1,1
18373,jog,VERB,1,1
18374,dug,VERB,1,1
18375,sevenpenny,ADJ,1,1
18376,barrage,NOUN,1,1
18377,nihilist,NOUN,1,1
18378,torquay,NOUN,1,1
18379,ex,ADJ,1,1
18380,service,ADJ,1,1
18381,mask,VERB,1,1
18382,gratuity,NOUN,1,1
18383,bide,VERB,1,1
18384,shopkeeping,ADJ,1,1
18385,platinum,NOUN,1,1
18386,blonde,NOUN,1,1
18387,grocering,NOUN,1,1
18388,salaried,ADJ,1,1
18389,opener,NOUN,1,1
18390,gadget,NOUN,1,1
18391,carbon,NOUN,1,1
18392,yolk,ADJ,1,1
18393,traipsing,NOUN,1,1
18394,lifebelt,NOUN,1,1
18395,starve,NOUN,1,1
18396,attendant,ADJ,1,1
18397,civvie,NOUN,1,1
18398,stylo,NOUN,1,1
18399,pep,NOUN,1,1
18400,keen,ADV,1,1
18401,jaw,VERB,1,1
18402,vantage,VERB,1,1
18403,bad,ADV,1,1
18404,overlap,NOUN,1,1
18405,shopkeeper,ADJ,1,1
18406,goofy,ADJ,1,1
18407,cummerbund,NOUN,1,1
18408,renti,ADJ,1,1
18409,mistook,VERB,1,1
18410,marine,ADJ,1,1
18411,enteric,NOUN,1,1
18412,relaxe,NOUN,1,1
18413,frump,NOUN,1,1
18414,slightly,ADJ,1,1
18415,remnant,ADJ,1,1
18416,bee,ADJ,1,1
18417,spiritualism,NOUN,1,1
18418,find,NOUN,1,1
18419,shipyard,NOUN,1,1
18420,rivet,VERB,1,1
18421,bill,VERB,1,1
18422,placard,NOUN,1,1
18423,pianist,NOUN,1,1
18424,mild,ADV,1,1
18425,plank,VERB,1,1
18426,pitch,ADJ,1,1
18427,sadism,NOUN,1,1
18428,iniquitous,ADJ,1,1
18429,damnedest,NOUN,1,1
18430,catcher,NOUN,1,1
18431,purl,NOUN,1,1
18432,blacklist,VERB,1,1
18433,pitchfork,VERB,1,1
18434,peroxide,VERB,1,1
18435,eggshell,NOUN,1,1
18436,dialectical,ADJ,1,1
18437,summing,NOUN,1,1
18438,unofficially,ADV,1,1
18439,droopy,ADJ,1,1
18440,rugger,NOUN,1,1
18441,bumsucke,VERB,1,1
18442,polecat,NOUN,1,1
18443,piss,VERB,1,1
18444,freshen,VERB,1,1
18445,bounder,NOUN,1,1
18446,goth,NOUN,1,1
18447,dish,VERB,1,1
18448,phoenician,ADJ,1,1
18449,trireme,NOUN,1,1
18450,maidish,NOUN,1,1
18451,veiled,ADJ,1,1
18452,lanky,ADJ,1,1
18453,ephemeral,ADJ,1,1
18454,middle,ADV,1,1
18455,skylark,NOUN,1,1
18456,russo,ADJ,1,1
18457,shivery,NOUN,1,1
18458,uninsured,ADJ,1,1
18459,switchbacke,VERB,1,1
18460,clayey,NOUN,1,1
18461,mudguard,NOUN,1,1
18462,mileage,NOUN,1,1
18463,wobble,ADJ,1,1
18464,hawaiian,ADJ,1,1
18465,lark,ADJ,1,1
18466,gland,NOUN,1,1
18467,caddi,NOUN,1,1
18468,seep,NOUN,1,1
18469,whizz,VERB,1,1
18470,diving,VERB,1,1
18471,cosh,VERB,1,1
18472,crank,VERB,1,1
18473,quietness,NOUN,1,1
18474,seaweed,NOUN,1,1
18475,heavyweight,ADJ,1,1
18476,shipshape,NOUN,1,1
18477,eighteenth,NOUN,1,1
18478,nearer,VERB,1,1
18479,klaxon,NOUN,1,1
18480,tag,VERB,1,1
18481,pusher,NOUN,1,1
18482,wheeling,NOUN,1,1
18483,mowing,NOUN,1,1
18484,chug,VERB,1,1
18485,nosey,NOUN,1,1
18486,tarmac,NOUN,1,1
18487,macadam,NOUN,1,1
18488,bumpy,ADJ,1,1
18489,hedgerow,NOUN,1,1
18490,pergola,NOUN,1,1
18491,sealyham,VERB,1,1
18492,pups,NOUN,1,1
18493,declutch,VERB,1,1
18494,manufacturing,NOUN,1,1
18495,lych,NOUN,1,1
18496,unhomelike,NOUN,1,1
18497,plumb,NOUN,1,1
18498,queer,ADV,1,1
18499,adjust,NOUN,1,1
18500,newness,NOUN,1,1
18501,chilliness,NOUN,1,1
18502,dormer,ADJ,1,1
18503,artistic,ADV,1,1
18504,concrete,VERB,1,1
18505,ichabod,ADJ,1,1
18506,consequential,ADJ,1,1
18507,frizzed,ADJ,1,1
18508,bowling,NOUN,1,1
18509,bronzy,NOUN,1,1
18510,inglenook,NOUN,1,1
18511,panelling,NOUN,1,1
18512,hobnail,NOUN,1,1
18513,medieval,NOUN,1,1
18514,almondy,NOUN,1,1
18515,cakes,NOUN,1,1
18516,hydrangea,NOUN,1,1
18517,antiqueness,NOUN,1,1
18518,scythe,VERB,1,1
18519,gravitt,VERB,1,1
18520,coachman,NOUN,1,1
18521,sihon,NOUN,1,1
18522,fon,VERB,1,1
18523,volence,NOUN,1,1
18524,feven,VERB,1,1
18525,vicar,ADJ,1,1
18526,doddering,ADJ,1,1
18527,vestry,NOUN,1,1
18528,mumble,ADJ,1,1
18529,frightened,VERB,1,1
18530,streaky,ADJ,1,1
18531,dodderer,NOUN,1,1
18532,churchyard,ADJ,1,1
18533,toniest,NOUN,1,1
18534,chalky,ADJ,1,1
18535,gorn,VERB,1,1
18536,aerodrome,NOUN,1,1
18537,creep,NOUN,1,1
18538,suck,NOUN,1,1
18539,thermite,NOUN,1,1
18540,clerkly,ADV,1,1
18541,schoolkid,NOUN,1,1
18542,crasher,NOUN,1,1
18543,whatnot,ADV,1,1
18544,dunno,VERB,1,1
18545,waterweed,NOUN,1,1
18546,volcanic,ADJ,1,1
18547,makeshift,ADJ,1,1
18548,bricke,VERB,1,1
18549,skinflint,NOUN,1,1
18550,ironmongery,NOUN,1,1
18551,bargeman,NOUN,1,1
18552,punt,NOUN,1,1
18553,cruising,NOUN,1,1
18554,lark,VERB,1,1
18555,typewritten,ADJ,1,1
18556,decorator,NOUN,1,1
18557,elsie,NOUN,1,1
18558,ballstop,NOUN,1,1
18559,underhung,ADJ,1,1
18560,devene,VERB,1,1
18561,orge,NOUN,1,1
18562,orge,ADV,1,1
18563,stoutish,ADJ,1,1
18564,soupstrainer,ADJ,1,1
18565,mangle,NOUN,1,1
18566,moustache,VERB,1,1
18567,picturesqueness,NOUN,1,1
18568,cruise,VERB,1,1
18569,oak,VERB,1,1
18570,aimless,ADV,1,1
18571,celanese,ADJ,1,1
18572,twinkled,ADJ,1,1
18573,nudist,ADJ,1,1
18574,primeval,NOUN,1,1
18575,vegetarian,NOUN,1,1
18576,psychic,ADJ,1,1
18577,buttress,NOUN,1,1
18578,elve,VERB,1,1
18579,spook,NOUN,1,1
18580,lifer,NOUN,1,1
18581,hid,VERB,1,1
18582,roguish,ADJ,1,1
18583,gnome,NOUN,1,1
18584,pixy,NOUN,1,1
18585,plummy,ADJ,1,1
18586,skid,VERB,1,1
18587,diagonally,ADV,1,1
18588,shrieking,NOUN,1,1
18589,upstairs,ADJ,1,1
18590,bedroom,VERB,1,1
18591,privateness,NOUN,1,1
18592,mackintoshy,ADJ,1,1
18593,bedrock,NOUN,1,1
18594,weasel,NOUN,1,1
18595,inst,NOUN,1,1
18596,cop,NOUN,1,1
18597,letting,NOUN,1,1
18598,sulking,ADJ,1,1
18599,scathful,ADJ,1,1
18600,poverte,NOUN,1,1
18601,trâinée,ADJ,1,1
18602,inveterately,ADV,1,1
18603,hecatomb,NOUN,1,1
18604,sulphur,VERB,1,1
18605,homelike,ADJ,1,1
18606,bulgarian,ADJ,1,1
18607,consumptive,VERB,1,1
18608,pornographic,ADJ,1,1
18609,châteaux,NOUN,1,1
18610,romantic,ADV,1,1
18611,handcuff,NOUN,1,1
18612,womanish,ADJ,1,1
18613,mort,NOUN,1,1
18614,sashe,VERB,1,1
18615,framboise,VERB,1,1
18616,épouser,NOUN,1,1
18617,qui,NOUN,1,1
18618,aime,VERB,1,1
18619,régiment,NOUN,1,1
18620,piggy,ADJ,1,1
18621,femme,VERB,1,1
18622,tué,X,1,1
18623,raffiné,NOUN,1,1
18624,vicieux,NOUN,1,1
18625,vill,ADV,1,1
18626,seme,NOUN,1,1
18627,vie,X,1,1
18628,fullness,NOUN,1,1
18629,tumblerful,ADJ,1,1
18630,bordel,NOUN,1,1
18631,exigeant,ADJ,1,1
18632,flaring,NOUN,1,1
18633,flaring,ADJ,1,1
18634,electrolier,NOUN,1,1
18635,red,VERB,1,1
18636,doubtless,NOUN,1,1
18637,profitless,NOUN,1,1
18638,réalité,NOUN,1,1
18639,diverse,ADJ,1,1
18640,arc,VERB,1,1
18641,precariousness,NOUN,1,1
18642,foodless,ADJ,1,1
18643,grindstone,NOUN,1,1
18644,jeune,NOUN,1,1
18645,squelette,NOUN,1,1
18646,craven,ADJ,1,1
18647,portal,NOUN,1,1
18648,beckon,NOUN,1,1
18649,pawnable,ADJ,1,1
18650,bistro,ADJ,1,1
18651,mâitre,NOUN,1,1
18652,scrubber,NOUN,1,1
18653,gamble,NOUN,1,1
18654,guarçon,ADJ,1,1
18655,extradite,VERB,1,1
18656,dish,ADJ,1,1
18657,shimmy,ADJ,1,1
18658,entendue,NOUN,1,1
18659,redecorate,VERB,1,1
18660,feasible,ADJ,1,1
18661,en,NOUN,1,1
18662,diamant,NOUN,1,1
18663,ingratiatingly,ADV,1,1
18664,petit,NOUN,1,1
18665,petit,ADJ,1,1
18666,hundredweight,ADJ,1,1
18667,cony,NOUN,1,1
18668,billet,NOUN,1,1
18669,capitaine,NOUN,1,1
18670,fasting,NOUN,1,1
18671,jellyfish,NOUN,1,1
18672,luke,ADJ,1,1
18673,flocculent,NOUN,1,1
18674,spit,NOUN,1,1
18675,indecency,NOUN,1,1
18676,ruse,VERB,1,1
18677,ruse,NOUN,1,1
18678,valise,NOUN,1,1
18679,parboil,VERB,1,1
18680,exiled,ADJ,1,1
18681,notecase,NOUN,1,1
18682,slayer,NOUN,1,1
18683,shrug,NOUN,1,1
18684,sacrificial,ADJ,1,1
18685,ce,NOUN,1,1
18686,breasted,ADJ,1,1
18687,golfer,NOUN,1,1
18688,entendu,NOUN,1,1
18689,maitre,ADJ,1,1
18690,le,INTJ,1,1
18691,bortch,NOUN,1,1
18692,crayfish,NOUN,1,1
18693,casserole,NOUN,1,1
18694,stillroom,NOUN,1,1
18695,classical,ADJ,1,1
18696,facade,NOUN,1,1
18697,stiflingly,ADV,1,1
18698,liner,NOUN,1,1
18699,humming,ADJ,1,1
18700,toi,NOUN,1,1
18701,maidenhead,ADJ,1,1
18702,doorpost,ADV,1,1
18703,stoke,VERB,1,1
18704,moustachio,NOUN,1,1
18705,oeufs,X,1,1
18706,sautées,NOUN,1,1
18707,maquereau,NOUN,1,1
18708,leaving,NOUN,1,1
18709,breadcutter,NOUN,1,1
18710,operatic,ADJ,1,1
18711,collide,VERB,1,1
18712,grapefruit,NOUN,1,1
18713,gallipot,NOUN,1,1
18714,relatively,ADV,1,1
18715,blindingly,ADV,1,1
18716,maniacs,NOUN,1,1
18717,heeltap,NOUN,1,1
18718,saoulé,VERB,1,1
18719,la,ADP,1,1
18720,gueule,NOUN,1,1
18721,vrai,NOUN,1,1
18722,gross,VERB,1,1
18723,treacly,ADV,1,1
18724,lather,VERB,1,1
18725,splendour,ADJ,1,1
18726,spotless,NOUN,1,1
18727,cherubim,NOUN,1,1
18728,preen,VERB,1,1
18729,alter,NOUN,1,1
18730,assistant,ADJ,1,1
18731,soundproof,NOUN,1,1
18732,fais,ADJ,1,1
18733,chier,NOUN,1,1
18734,slackness,NOUN,1,1
18735,franc,VERB,1,1
18736,tutoie,VERB,1,1
18737,courier,NOUN,1,1
18738,storekeeper,NOUN,1,1
18739,perquisite,NOUN,1,1
18740,pigkeeper,NOUN,1,1
18741,swig,NOUN,1,1
18742,refunded,ADJ,1,1
18743,dangerous,ADV,1,1
18744,foutre,NOUN,1,1
18745,cabman,NOUN,1,1
18746,workmanlike,ADJ,1,1
18747,steadier,ADV,1,1
18748,ouvrier,ADV,1,1
18749,marcher,ADJ,1,1
18750,unfailingly,ADV,1,1
18751,proxy,NOUN,1,1
18752,magnifique,NOUN,1,1
18753,overfed,ADJ,1,1
18754,admire,NOUN,1,1
18755,attainable,ADJ,1,1
18756,se,X,1,1
18757,débrouiller,NOUN,1,1
18758,piston,NOUN,1,1
18759,être,NOUN,1,1
18760,dur,NOUN,1,1
18761,concerted,ADJ,1,1
18762,fingerprint,NOUN,1,1
18763,brilliantined,ADJ,1,1
18764,commande,NOUN,1,1
18765,wipe,NOUN,1,1
18766,cleanly,ADV,1,1
18767,wholeheartedly,ADV,1,1
18768,unlabelled,ADJ,1,1
18769,ordinaire,NOUN,1,1
18770,poulet,NOUN,1,1
18771,à,X,1,1
18772,reine,NOUN,1,1
18773,souse,VERB,1,1
18774,nuts,NOUN,1,1
18775,debauchee,NOUN,1,1
18776,chambermaid,ADJ,1,1
18777,unsuspected,ADJ,1,1
18778,idiot,VERB,1,1
18779,doughy,NOUN,1,1
18780,blandness,NOUN,1,1
18781,besom,NOUN,1,1
18782,croissant,ADJ,1,1
18783,purplish,NOUN,1,1
18784,zigzag,NOUN,1,1
18785,exquisite,ADV,1,1
18786,arcade,NOUN,1,1
18787,exterior,ADJ,1,1
18788,swallowing,NOUN,1,1
18789,les,NOUN,1,1
18790,les,X,1,1
18791,fram,NOUN,1,1
18792,boise,NOUN,1,1
18793,perdu,NOUN,1,1
18794,pantalon,NOUN,1,1
18795,dansant,ADJ,1,1
18796,gorsican,ADJ,1,1
18797,dice,VERB,1,1
18798,chopine,NOUN,1,1
18799,sirop,NOUN,1,1
18800,rampant,ADJ,1,1
18801,arrme,NOUN,1,1
18802,citoyen,NOUN,1,1
18803,bataillon,NOUN,1,1
18804,vive,ADJ,1,1
18805,phallus,NOUN,1,1
18806,faire,VERB,1,1
18807,la,ADJ,1,1
18808,révolution,NOUN,1,1
18809,lest,NOUN,1,1
18810,sieur,NOUN,1,1
18811,squalidly,ADV,1,1
18812,sober,ADV,1,1
18813,propound,VERB,1,1
18814,bawling,NOUN,1,1
18815,chère,NOUN,1,1
18816,ragout,NOUN,1,1
18817,puree,NOUN,1,1
18818,petite,ADJ,1,1
18819,voilà,ADJ,1,1
18820,carpenter,VERB,1,1
18821,unpaid,NOUN,1,1
18822,jobless,ADJ,1,1
18823,distemper,VERB,1,1
18824,plumbing,NOUN,1,1
18825,blend,NOUN,1,1
18826,shiftiness,NOUN,1,1
18827,magyar,NOUN,1,1
18828,spluttering,ADJ,1,1
18829,oratorical,ADJ,1,1
18830,la,INTJ,1,1
18831,principle,ADJ,1,1
18832,moujik,NOUN,1,1
18833,blandly,ADV,1,1
18834,shoddiness,NOUN,1,1
18835,incorrigibly,ADV,1,1
18836,tide,VERB,1,1
18837,installation,NOUN,1,1
18838,fuse,VERB,1,1
18839,fishtail,NOUN,1,1
18840,bane,NOUN,1,1
18841,epatant,NOUN,1,1
18842,celery,NOUN,1,1
18843,grill,NOUN,1,1
18844,countess,NOUN,1,1
18845,bland,ADJ,1,1
18846,courteously,ADV,1,1
18847,consumptive,ADJ,1,1
18848,neurasthenic,ADJ,1,1
18849,jeered,VERB,1,1
18850,blackleg,NOUN,1,1
18851,bolder,VERB,1,1
18852,conspiratorially,ADV,1,1
18853,fainéant,VERB,1,1
18854,analogous,ADJ,1,1
18855,doubt,ADJ,1,1
18856,mange,NOUN,1,1
18857,dandy,NOUN,1,1
18858,voyent,ADJ,1,1
18859,fenestre,NOUN,1,1
18860,subman,NOUN,1,1
18861,xxiii,NOUN,1,1
18862,leant,NOUN,1,1
18863,serieuse,NOUN,1,1
18864,wildcat,NOUN,1,1
18865,analyst,NOUN,1,1
18866,alor,NOUN,1,1
18867,exonerated,ADJ,1,1
18868,mumbling,NOUN,1,1
18869,grandiosity,NOUN,1,1
18870,waterside,NOUN,1,1
18871,razor,VERB,1,1
18872,patina,NOUN,1,1
18873,respecter,NOUN,1,1
18874,disparity,NOUN,1,1
18875,ouse,VERB,1,1
18876,og,ADJ,1,1
18877,unlighte,VERB,1,1
18878,lumpy,NOUN,1,1
18879,yap,NOUN,1,1
18880,unspeakably,ADJ,1,1
18881,nightcap,NOUN,1,1
18882,umber,ADJ,1,1
18883,saucerless,NOUN,1,1
18884,toasting,NOUN,1,1
18885,rotation,NOUN,1,1
18886,chucker,NOUN,1,1
18887,ceile,VERB,1,1
18888,chap,ADJ,1,1
18889,shilling,VERB,1,1
18890,aircut,NOUN,1,1
18891,bacca,NOUN,1,1
18892,drearier,NOUN,1,1
18893,milder,NOUN,1,1
18894,individuality,NOUN,1,1
18895,idling,ADJ,1,1
18896,sweatshop,NOUN,1,1
18897,ghittagonian,ADJ,1,1
18898,polygamist,NOUN,1,1
18899,heckle,VERB,1,1
18900,yerself,PRON,1,1
18901,thickset,NOUN,1,1
18902,piss,NOUN,1,1
18903,gob,NOUN,1,1
18904,taunt,VERB,1,1
18905,songbird,NOUN,1,1
18906,pigpen,NOUN,1,1
18907,sixpennorth,ADJ,1,1
18908,baccy,NOUN,1,1
18909,oatmeal,NOUN,1,1
18910,undiagnosed,ADJ,1,1
18911,urethritis,ADJ,1,1
18912,bunion,NOUN,1,1
18913,benignly,ADV,1,1
18914,corporal,NOUN,1,1
18915,prayerbook,NOUN,1,1
18916,handshake,NOUN,1,1
18917,ad,X,1,1
18918,fresh,ADV,1,1
18919,demerit,NOUN,1,1
18920,undrinkable,ADJ,1,1
18921,prisonish,ADJ,1,1
18922,bathtub,NOUN,1,1
18923,nightgown,NOUN,1,1
18924,sugarless,ADJ,1,1
18925,foully,ADV,1,1
18926,stufiy,VERB,1,1
18927,squallid,ADJ,1,1
18928,rottenness,NOUN,1,1
18929,mummy,ADJ,1,1
18930,subfaecal,ADJ,1,1
18931,lanke,VERB,1,1
18932,bootbrush,NOUN,1,1
18933,sickly,NOUN,1,1
18934,bein,NOUN,1,1
18935,widout,NOUN,1,1
18936,imitatin,NOUN,1,1
18937,keepin,ADJ,1,1
18938,illicitly,ADV,1,1
18939,washed,ADJ,1,1
18940,decentish,NOUN,1,1
18941,spitting,NOUN,1,1
18942,detestable,NOUN,1,1
18943,evil,VERB,1,1
18944,verbally,ADV,1,1
18945,threehalfpence,NOUN,1,1
18946,shellshock,VERB,1,1
18947,toot,NOUN,1,1
18948,preventer,NOUN,1,1
18949,rig,NOUN,1,1
18950,tosheroon,ADJ,1,1
18951,ope,NOUN,1,1
18952,reversed,ADJ,1,1
18953,leant,ADJ,1,1
18954,untunefully,ADV,1,1
18955,true,ADV,1,1
18956,apelike,ADJ,1,1
18957,dese,ADJ,1,1
18958,lodgin,NOUN,1,1
18959,hooknose,NOUN,1,1
18960,vespasian,ADJ,1,1
18961,cockneyfy,VERB,1,1
18962,friday,NOUN,1,1
18963,assistant,X,1,1
18964,jap,NOUN,1,1
18965,plater,NOUN,1,1
18966,crablike,NOUN,1,1
18967,scrounge,NOUN,1,1
18968,ungrateful,ADJ,1,1
18969,cremation,NOUN,1,1
18970,concertina,NOUN,1,1
18971,colour,ADJ,1,1
18972,chittagonian,ADJ,1,1
18973,encore,NOUN,1,1
18974,entertainer,NOUN,1,1
18975,lightheade,VERB,1,1
18976,pastel,NOUN,1,1
18977,nude,NOUN,1,1
18978,legalized,ADJ,1,1
18979,earn,NOUN,1,1
18980,excrescence,NOUN,1,1
18981,realistically,ADV,1,1
18982,gagger,NOUN,1,1
18983,nobbier,ADJ,1,1
18984,clodhopper,NOUN,1,1
18985,mugfaker,NOUN,1,1
18986,cheapjack,NOUN,1,1
18987,dideki,NOUN,1,1
18988,fuhkum,NOUN,1,1
18989,judy,NOUN,1,1
18990,tosheroon,ADV,1,1
18991,deaner,NOUN,1,1
18992,sprowsie,ADJ,1,1
18993,billy,ADJ,1,1
18994,jemmy,NOUN,1,1
18995,peter,NOUN,1,1
18996,bly,ADJ,1,1
18997,oxy,ADJ,1,1
18998,acetylene,NOUN,1,1
18999,bawl,NOUN,1,1
19000,funkum,ADJ,1,1
19001,deni,ADJ,1,1
19002,glim,PRON,1,1
19003,gee,INTJ,1,1
19004,doss,VERB,1,1
19005,fice,NOUN,1,1
19006,nawce,NOUN,1,1
19007,hit,NOUN,1,1
19008,twopenny,ADV,1,1
19009,expletive,NOUN,1,1
19010,expletive,ADJ,1,1
19011,vile,NOUN,1,1
19012,persian,ADJ,1,1
19013,bahinchut,VERB,1,1
19014,obsolescence,NOUN,1,1
19015,skulking,NOUN,1,1
19016,covet,NOUN,1,1
19017,resourceless,NOUN,1,1
19018,slumming,NOUN,1,1
19019,sleekly,ADV,1,1
19020,exhorting,NOUN,1,1
19021,appetizer,NOUN,1,1
19022,evangelical,ADJ,1,1
19023,wilfully,ADV,1,1
19024,stringy,VERB,1,1
19025,sufficiently,ADJ,1,1
19026,extempore,ADJ,1,1
19027,indignant,NOUN,1,1
19028,guy,VERB,1,1
19029,goad,VERB,1,1
19030,unsaved,ADJ,1,1
19031,unsave,VERB,1,1
19032,goodish,NOUN,1,1
19033,chubby,ADJ,1,1
19034,eating,ADJ,1,1
19035,victimization,NOUN,1,1
19036,funny,NOUN,1,1
19037,caravanserai,NOUN,1,1
19038,sienna,NOUN,1,1
19039,nawying,NOUN,1,1
19040,mooch,NOUN,1,1
19041,askin,NOUN,1,1
19042,mooching,NOUN,1,1
19043,scarf,ADJ,1,1
19044,oral,ADJ,1,1
19045,scallywag,NOUN,1,1
19046,unwearable,ADJ,1,1
19047,casus,NOUN,1,1
19048,belli,NOUN,1,1
19049,shit,NOUN,1,1
19050,wiser,VERB,1,1
19051,renowne,VERB,1,1
19052,chummy,ADJ,1,1
19053,blinkered,ADJ,1,1
19054,limewashe,VERB,1,1
19055,sire,VERB,1,1
19056,soulless,NOUN,1,1
19057,eateh,NOUN,1,1
19058,rick,NOUN,1,1
19059,renter,NOUN,1,1
19060,famish,VERB,1,1
19061,disassociate,VERB,1,1
19062,uneatable,ADJ,1,1
19063,infectious,ADJ,1,1
19064,dislodge,VERB,1,1
19065,briar,NOUN,1,1
19066,debauched,ADJ,1,1
19067,loathly,ADV,1,1
19068,ipso,X,1,1
19069,criminology,NOUN,1,1
19070,priori,NOUN,1,1
19071,watery,NOUN,1,1
19072,parasitism,NOUN,1,1
19073,sinfulness,NOUN,1,1
19074,underestimate,NOUN,1,1
19075,crypt,NOUN,1,1
19076,celibate,NOUN,1,1
19077,remembering,NOUN,1,1
19078,depauperize,VERB,1,1
19079,gettin,NOUN,1,1
19080,flickin,NOUN,1,1
19081,demselve,VERB,1,1
19082,ventilate,VERB,1,1
19083,shafts,NOUN,1,1
19084,tarpaulin,NOUN,1,1
19085,uniformly,ADV,1,1
19086,laissez,X,1,1
19087,faire,X,1,1
19088,unattached,ADJ,1,1
19089,ninepenny,NOUN,1,1
19090,xxxviii,NOUN,1,1
19091,somebodyss,NOUN,1,1
19092,digitize,VERB,1,1
19093,ongoing,ADJ,1,1
19094,d,NUM,1,1
19095,ofmany,NOUN,1,1
19096,illustrationbytheauthor,NOUN,1,1
19097,vii,NOUN,1,1
19098,cm,NOUN,1,1
19099,ofmichiganlibrarie,NOUN,1,1
19100,andnight,NOUN,1,1
19101,iswondrous,ADJ,1,1
19102,strangergive,ADJ,1,1
19103,itwelcome,NOUN,1,1
19104,fie,NOUN,1,1
19105,howfranticly,NOUN,1,1
19106,previouslyconversant,ADJ,1,1
19107,ofthat,ADP,1,1
19108,aspireyet,VERB,1,1
19109,viii,ADJ,1,1
19110,inmy,ADJ,1,1
19111,butcouldnot,NOUN,1,1
19112,inwordsthe,ADJ,1,1
19113,havingin,ADJ,1,1
19114,vaintriedword,NOUN,1,1
19115,sortedtodeed,VERB,1,1
19116,terie,NOUN,1,1
19117,istilldesiredmore,ADV,1,1
19118,andwithwhatsuccess,VERB,1,1
19119,andoftheresult,VERB,1,1
19120,worldi,NOUN,1,1
19121,broadand,VERB,1,1
19122,itsnature,NOUN,1,1
19123,clearerto,VERB,1,1
19124,privilegedto,ADJ,1,1
19125,liveinspace,NOUN,1,1
19126,avast,ADJ,1,1
19127,onwhichstraight,NOUN,1,1
19128,freelyabout,NOUN,1,1
19129,onorin,NOUN,1,1
19130,correctnotionofmycountryandcountryman,NOUN,1,1
19131,fewyear,NOUN,1,1
19132,myuniverse,NOUN,1,1
19133,butnow,ADJ,1,1
19134,mymindha,NOUN,1,1
19135,higherview,NOUN,1,1
19136,willperceive,VERB,1,1
19137,sayyou,PRON,1,1
19138,otherfigure,NOUN,1,1
19139,havedescribe,VERB,1,1
19140,trary,NOUN,1,1
19141,couldseenothingofthekind,VERB,1,1
19142,speedilydemonstrate,VERB,1,1
19143,apenny,NOUN,1,1
19144,andleane,VERB,1,1
19145,overit,ADJ,1,1
19146,lookdownupon,NOUN,1,1
19147,drawingbacktothe,ADJ,1,1
19148,moreinto,VERB,1,1
19149,conditionofthe,DET,1,1
19150,andyouwillfindthe,DET,1,1
19151,pennybecome,VERB,1,1
19152,toyourview,NOUN,1,1
19153,atlastwhen,ADV,1,1
19154,youhaveplace,VERB,1,1
19155,exactlyon,NOUN,1,1
19156,pennywill,NOUN,1,1
19157,andwill,NOUN,1,1
19158,astraightline,NOUN,1,1
19159,outofpasteboard,NOUN,1,1
19160,assoon,NOUN,1,1
19161,atitwith,VERB,1,1
19162,youwillfind,ADP,1,1
19163,appeartoyou,ADP,1,1
19164,resent,NOUN,1,1
19165,representsthe,VERB,1,1
19166,seehim,VERB,1,1
19167,closeto,VERB,1,1
19168,andifyoureyewerequite,ADJ,1,1
19169,onthelevelofthetable,ADJ,1,1
19170,ishowwe,VERB,1,1
19171,inspaceland,ADV,1,1
19172,havevery,NOUN,1,1
19173,similarexperienceswhile,NOUN,1,1
19174,theytraverse,ADJ,1,1
19175,yoursea,NOUN,1,1
19176,anddiscern,ADJ,1,1
19177,mayhave,NOUN,1,1
19178,foreland,NOUN,1,1
19179,bymean,NOUN,1,1
19180,lineuponthe,ADJ,1,1
19181,justwhat,ADP,1,1
19182,orotheracquaintance,NOUN,1,1
19183,ofthehelp,NOUN,1,1
19184,uswe,NOUN,1,1
19185,seehisline,NOUN,1,1
19186,butstillhelookslike,ADJ,1,1
19187,astraight,NOUN,1,1
19188,behe,VERB,1,1
19189,mayperhap,VERB,1,1
19190,askhowunder,NOUN,1,1
19191,tageous,ADJ,1,1
19192,fitly,ADV,1,1
19193,andsayawordortwoabouttheclimate,ADJ,1,1
19194,andhouse,NOUN,1,1
19195,inourcountry,NOUN,1,1
19196,aswithyou,ADV,1,1
19197,alsowithus,ADV,1,1
19198,fourpoint,NOUN,1,1
19199,usualway,NOUN,1,1
19200,butwe,NOUN,1,1
19201,amethod,NOUN,1,1
19202,effectofthesouthward,NOUN,1,1
19203,sufficientto,ADJ,1,1
19204,acompass,NOUN,1,1
19205,statedinterval,NOUN,1,1
19206,additionalassistance,NOUN,1,1
19207,maykeep,VERB,1,1
19208,ofthetreesserve,VERB,1,1
19209,assome,X,1,1
19210,mightbe,ADJ,1,1
19211,expectedindetermine,VERB,1,1
19212,ourbearing,NOUN,1,1
19213,temperate,ADJ,1,1
19214,inwhich,ADP,1,1
19215,southward,ADJ,1,1
19216,aperfectlydesolate,NOUN,1,1
19217,plainwherethere,NOUN,1,1
19218,beennohouse,NOUN,1,1
19219,nortree,NOUN,1,1
19220,guideme,NOUN,1,1
19221,especiallyondelicatefemale,NOUN,1,1
19222,sothatitisapoint,NOUN,1,1
19223,ofbreede,VERB,1,1
19224,oftheway,VERB,1,1
19225,byno,NOUN,1,1
19226,atshort,VERB,1,1
19227,andin,NOUN,1,1
19228,aclimate,VERB,1,1
19229,tellyour,VERB,1,1
19230,bydayandbynight,NOUN,1,1
19231,ourlearnedman,NOUN,1,1
19232,solutionofithasbeenrepeatedlyattempte,VERB,1,1
19233,otherresultthanto,NOUN,1,1
19234,lum,NOUN,1,1
19235,withthewould,AUX,1,1
19236,solver,NOUN,1,1
19237,rectly,ADV,1,1
19238,lutely,ADV,1,1
19239,prohibitedthem,NOUN,1,1
19240,myknowledge,NOUN,1,1
19241,asingle,VERB,1,1
19242,oneofmycountryman,NOUN,1,1
19243,ofspace,ADJ,1,1
19244,oflight,ADJ,1,1
19245,theworld,NOUN,1,1
19246,iwere,VERB,1,1
19247,maddest,NOUN,1,1
19248,thesepainful,ADJ,1,1
19249,ourhouse,NOUN,1,1
19250,formforthe,ADJ,1,1
19251,orpentagonal,NOUN,1,1
19252,annexed,ADJ,1,1
19253,ro,VERB,1,1
19254,tutethe,DET,1,1
19255,parthavenodoor,NOUN,1,1
19256,ontheeastis,NOUN,1,1
19257,asmalldoorforthe,NOUN,1,1
19258,muchlarger,NOUN,1,1
19259,doon,NOUN,1,1
19260,gularhouse,NOUN,1,1
19261,andforthis,NOUN,1,1
19262,equilateral,ADJ,1,1
19263,beingmuchmorepointedthanthoseofapentagon,NOUN,1,1
19264,theline,NOUN,1,1
19265,suchashouse,NOUN,1,1
19266,beingdimmerthantheline,VERB,1,1
19267,asquare,VERB,1,1
19268,ortriangularhouse,VERB,1,1
19269,residencemightdo,NOUN,1,1
19270,triangularhouseswereuniversallyforbidden,ADJ,1,1
19271,otherstate,VERB,1,1
19272,whichitisnotdesirablethatthegeneralpublic,NOUN,1,1
19273,approachwithoutcircumspection,VERB,1,1
19274,aboutthree,ADJ,1,1
19275,smallesthouse,NOUN,1,1
19276,thatcouldbe,NOUN,1,1
19277,sistently,ADV,1,1
19278,andnow,NOUN,1,1
19279,eveninthecountry,NOUN,1,1
19280,tagonal,ADJ,1,1
19281,onlynow,ADJ,1,1
19282,veryremote,ADJ,1,1
19283,antiquarian,NOUN,1,1
19284,maystill,NOUN,1,1
19285,incheslong,ADJ,1,1
19286,andabase,VERB,1,1
19287,orthird,ADJ,1,1
19288,soshort,NOUN,1,1
19289,exceedinghalfan,NOUN,1,1
19290,averysharp,ADJ,1,1
19291,andformidable,ADJ,1,1
19292,whentheir,NOUN,1,1
19293,areofthemostdegrade,VERB,1,1
19294,inchin,ADJ,1,1
19295,hardlybe,ADV,1,1
19296,guishe,VERB,1,1
19297,othersbybee,VERB,1,1
19298,calledisoscele,NOUN,1,1
19299,nameishall,NOUN,1,1
19300,themin,NOUN,1,1
19301,sidedtriangle,NOUN,1,1
19302,ourprofessionalmen,ADJ,1,1
19303,towhichclass,VERB,1,1
19304,andfive,ADJ,1,1
19305,pentagon,NOUN,1,1
19306,sideu,NOUN,1,1
19307,orable,ADJ,1,1
19308,numberof,NOUN,1,1
19309,includedin,VERB,1,1
19310,orpriestlyorder,NOUN,1,1
19311,isthehighestclassofall,NOUN,1,1
19312,amale,NOUN,1,1
19313,generationshall,NOUN,1,1
19314,gon,NOUN,1,1
19315,butthis,DET,1,1
19316,ruleapplie,VERB,1,1
19317,notalway,NOUN,1,1
19318,tothetradesman,NOUN,1,1
19319,andstillless,NOUN,1,1
19320,oftento,ADP,1,1
19321,indeedcanhardlybesaidtodeserve,VERB,1,1
19322,withthemtherefore,ADV,1,1
19323,withtwo,NOUN,1,1
19324,ultimatelyrise,ADJ,1,1
19325,aftera,ADJ,1,1
19326,militarysuccesse,NOUN,1,1
19327,generallyfound,VERB,1,1
19328,thatthemore,ADV,1,1
19329,aslightincreaseoftheirthirdside,NOUN,1,1
19330,orbase,ADV,1,1
19331,ashrinkageofthetwoother,ADJ,1,1
19332,riage,NOUN,1,1
19333,thelower,NOUN,1,1
19334,classesgenerallyresult,VERB,1,1
19335,stillmore,ADJ,1,1
19336,isa,NOUN,1,1
19337,whatneedofacertificate,ADJ,1,1
19338,ask,NOUN,1,1
19339,theequal,ADJ,1,1
19340,willmarryan,ADJ,1,1
19341,uncertified,ADJ,1,1
19342,hassometime,NOUN,1,1
19343,resultedfrom,VERB,1,1
19344,aslightlyirregular,NOUN,1,1
19345,isvisitedonthe,NOUN,1,1
19346,eitherfail,VERB,1,1
19347,toattain,VERB,1,1
19348,orrelapsestothetriangular,NOUN,1,1
19349,abirth,NOUN,1,1
19350,carefullyarranged,ADJ,1,1
19351,trol,NOUN,1,1
19352,ofthewould,AUX,1,1
19353,parentsis,VERB,1,1
19354,ifcertifie,VERB,1,1
19355,asregular,NOUN,1,1
19356,emnceremonial,NOUN,1,1
19357,eral,NOUN,1,1
19358,adoptedbysomechildless,NOUN,1,1
19359,isbound,VERB,1,1
19360,thechildhenceforthto,VERB,1,1
19361,enterhis,DET,1,1
19362,formerhome,NOUN,1,1
19363,hereditarylevel,NOUN,1,1
19364,emergence,NOUN,1,1
19365,anisoscele,NOUN,1,1
19366,onlyby,VERB,1,1
19367,serf,VERB,1,1
19368,oflightandhope,ADJ,1,1
19369,sheduponthemonotonoussqualor,NOUN,1,1
19370,higherclasse,NOUN,1,1
19371,theydo,ADJ,1,1
19372,ornoth,ADJ,1,1
19373,tovulgarize,NOUN,1,1
19374,theirown,ADJ,1,1
19375,frombelow,NOUN,1,1
19376,ofhope,NOUN,1,1
19377,bition,NOUN,1,1
19378,theirmany,NOUN,1,1
19379,render,NOUN,1,1
19380,superiornumber,NOUN,1,1
19381,thewisdom,NOUN,1,1
19382,ofthecircle,NOUN,1,1
19383,awise,NOUN,1,1
19384,allvirtue,VERB,1,1
19385,makesthem,NOUN,1,1
19386,physicallyterrible,ADJ,1,1
19387,alsoand,NOUN,1,1
19388,taland,NOUN,1,1
19389,ligence,NOUN,1,1
19390,itisfoundthat,ADP,1,1
19391,astheywaxin,ADJ,1,1
19392,themental,ADJ,1,1
19393,ne,NOUN,1,1
19394,cessaryto,ADJ,1,1
19395,employtheirtremendous,ADJ,1,1
19396,tratingpowerto,NOUN,1,1
19397,theywane,VERB,1,1
19398,howperfectaproofofthe,DET,1,1
19399,craticconstitutionofthestate,NOUN,1,1
19400,ofnature,NOUN,1,1
19401,ableto,NOUN,1,1
19402,stifle,NOUN,1,1
19403,verycradle,NOUN,1,1
19404,andboundless,NOUN,1,1
19405,hopefulness,VERB,1,1
19406,artalso,ADV,1,1
19407,comestothe,ADJ,1,1
19408,oflawandorder,NOUN,1,1
19409,byalittle,ADJ,1,1
19410,pressionor,NOUN,1,1
19411,tomake,NOUN,1,1
19412,someofthemoreintelligentleader,NOUN,1,1
19413,toadmit,VERB,1,1
19414,amuch,ADJ,1,1
19415,confinementforlife,NOUN,1,1
19416,themoreobstinate,ADJ,1,1
19417,irregularare,VERB,1,1
19418,ledto,ADJ,1,1
19419,oftheisoscele,NOUN,1,1
19420,sistance,NOUN,1,1
19421,bythesmallbodyof,NOUN,1,1
19422,ies,NOUN,1,1
19423,lessthanonehundre,VERB,1,1
19424,andtwentyrebellion,NOUN,1,1
19425,ourannal,NOUN,1,1
19426,minoroutbreak,NOUN,1,1
19427,readilyinferre,VERB,1,1
19428,aneedle,NOUN,1,1
19429,tothis,DET,1,1
19430,thepower,NOUN,1,1
19431,ofmakingherself,PRON,1,1
19432,atwill,ADJ,1,1
19433,acreature,NOUN,1,1
19434,bynomeansto,ADJ,1,1
19435,ofmyyounger,ADJ,1,1
19436,askhowawoman,VERB,1,1
19437,thisought,NOUN,1,1
19438,itcleartothemostunreflecte,VERB,1,1
19439,withyour,NOUN,1,1
19440,levelofthetable,ADJ,1,1
19441,lookatitsideway,NOUN,1,1
19442,seethewhole,ADJ,1,1
19443,atit,NOUN,1,1
19444,endway,NOUN,1,1
19445,whentheendcontaining,NOUN,1,1
19446,eyeor,NOUN,1,1
19447,forwith,ADP,1,1
19448,thesetwoorgan,NOUN,1,1
19449,isthe,ADJ,1,1
19450,highlylustrous,ADJ,1,1
19451,onlysub,ADV,1,1
19452,hinderextremityserve,NOUN,1,1
19453,ofinvisible,ADJ,1,1
19454,ifeven,VERB,1,1
19455,triangleinthe,DET,1,1
19456,middleclassis,NOUN,1,1
19457,notwithout,ADJ,1,1
19458,itsdanger,NOUN,1,1
19459,iftorunagainstaworke,VERB,1,1
19460,maninvolve,NOUN,1,1
19461,gash,NOUN,1,1
19462,ifamere,PRON,1,1
19463,canitbeto,NOUN,1,1
19464,exceptabsoluteandimmediatedestruction,NOUN,1,1
19465,orvisible,ADJ,1,1
19466,dimsub,ADJ,1,1
19467,howdifficult,VERB,1,1
19468,mustitbe,NOUN,1,1
19469,mostcautious,ADJ,1,1
19470,alwaysto,ADJ,1,1
19471,avoidcollision,NOUN,1,1
19472,enactment,NOUN,1,1
19473,atdifferent,ADJ,1,1
19474,orderto,ADJ,1,1
19475,mize,NOUN,1,1
19476,perate,ADJ,1,1
19477,humanbeingsmore,ADV,1,1
19478,stringent,ADJ,1,1
19479,ingsummary,NOUN,1,1
19480,hou,NOUN,1,1
19481,forthe,NOUN,1,1
19482,offemale,NOUN,1,1
19483,allfemalesshall,NOUN,1,1
19484,abecome,VERB,1,1
19485,thatsomeof,VERB,1,1
19486,haveinthesamewayaseparateentrance,VERB,1,1
19487,lager,NOUN,1,1
19488,dulycertifiedtobesuffere,VERB,1,1
19489,byviolentsneezing,NOUN,1,1
19490,constantlyfrom,VERB,1,1
19491,theirpresenceto,NOUN,1,1
19492,thosebehindthem,NOUN,1,1
19493,thedebilitation,NOUN,1,1
19494,diminution,VERB,1,1
19495,itgainsbyatooprohibitivecode,ADJ,1,1
19496,ofthewoman,NOUN,1,1
19497,byconfinementathome,ADJ,1,1
19498,aptto,NOUN,1,1
19499,spleen,ADJ,1,1
19500,upontheir,ADJ,1,1
19501,climatesthe,DET,1,1
19502,hasbeensometime,VERB,1,1
19503,destroyedinone,NUM,1,1
19504,regulated,ADJ,1,1
19505,exemplification,NOUN,1,1
19506,ofour,VERB,1,1
19507,notin,NOUN,1,1
19508,butintheinterest,NOUN,1,1
19509,althoughtheycaninflictinstantaneous,ADJ,1,1
19510,retrograde,NOUN,1,1
19511,canat,VERB,1,1
19512,extremityfrom,NOUN,1,1
19513,insomeless,ADJ,1,1
19514,inanypublicplacewithout,NOUN,1,1
19515,fromright,NOUN,1,1
19516,hasbeen,ADJ,1,1
19517,universal,NOUN,1,1
19518,anypretension,NOUN,1,1
19519,tobreede,VERB,1,1
19520,inallwell,NOUN,1,1
19521,governedstate,NOUN,1,1
19522,farbackas,NOUN,1,1
19523,itisconsidere,VERB,1,1
19524,anystatethat,DET,1,1
19525,enforcewhat,DET,1,1
19526,anaturalinstinct,ADJ,1,1
19527,ofapendulum,NOUN,1,1
19528,copiedby,VERB,1,1
19529,aspiring,ADJ,1,1
19530,ofwhose,ADJ,1,1
19531,ofanykind,NOUN,1,1
19532,hasbecome,ADV,1,1
19533,ineveryfamilyofposition,NOUN,1,1
19534,sideration,NOUN,1,1
19535,enjoyimmunity,NOUN,1,1
19536,itmust,NOUN,1,1
19537,ourwomenare,NOUN,1,1
19538,ofaffection,NOUN,1,1
19539,nately,ADV,1,1
19540,fromtheir,NOUN,1,1
19541,nateconformation,NOUN,1,1
19542,theyhave,ADJ,1,1
19543,nopretension,NOUN,1,1
19544,inferiorinthisrespectto,ADJ,1,1
19545,thevery,NOUN,1,1
19546,consequentlywholly,ADV,1,1
19547,ofbrain,NOUN,1,1
19548,forethought,ADJ,1,1
19549,andhardly,ADV,1,1
19550,intheirfitsoffury,NOUN,1,1
19551,theyremember,NOUN,1,1
19552,andhalfan,NOUN,1,1
19553,ofherhusband,NOUN,1,1
19554,aslong,ADJ,1,1
19555,asshe,NOUN,1,1
19556,positionwhere,NOUN,1,1
19557,sayand,VERB,1,1
19558,afew,ADJ,1,1
19559,incidentforwhich,NOUN,1,1
19560,theymaybe,ADV,1,1
19561,northe,DET,1,1
19562,mayhave,VERB,1,1
19563,necessarytomake,VERB,1,1
19564,topacifytheirfury,NOUN,1,1
19565,prettysmoothlyin,NOUN,1,1
19566,exceptinthe,DET,1,1
19567,lowerstrata,NOUN,1,1
19568,simulation,NOUN,1,1
19569,prescribed,ADJ,1,1
19570,theirwive,NOUN,1,1
19571,whichtheyrefuse,NOUN,1,1
19572,indispose,VERB,1,1
19573,pacifyhis,NOUN,1,1
19574,bymany,ADP,1,1
19575,nipping,NOUN,1,1
19576,yeteveninourb,ADJ,1,1
19577,regulatedand,NOUN,1,1
19578,mately,ADV,1,1
19579,icannot,VERB,1,1
19580,familylife,NOUN,1,1
19581,inspaceland,VERB,1,1
19582,inso,VERB,1,1
19583,faras,X,1,1
19584,ofslaughter,NOUN,1,1
19585,calledbythatname,VERB,1,1
19586,butthereisnecessarily,ADV,1,1
19587,oftaste,NOUN,1,1
19588,tious,ADJ,1,1
19589,immemorial,NOUN,1,1
19590,hasnowbecome,NOUN,1,1
19591,akind,NOUN,1,1
19592,amongthe,NOUN,1,1
19593,womenof,NOUN,1,1
19594,keeptheireyesand,NOUN,1,1
19595,akindofportent,NOUN,1,1
19596,withoutit,VERB,1,1
19597,orrespectable,ADJ,1,1
19598,allowedtoturn,VERB,1,1
19599,backuponherhusband,NOUN,1,1
19600,butin,VERB,1,1
19601,voluble,ADJ,1,1
19602,brightpenetrating,ADJ,1,1
19603,towardsthemasterofthe,DET,1,1
19604,andlightitself,PRON,1,1
19605,notmore,ADV,1,1
19606,tactandskillwhich,ADJ,1,1
19607,unequaltothe,DET,1,1
19608,taskofstopping,NOUN,1,1
19609,absolutelyno,NOUN,1,1
19610,constraintof,NOUN,1,1
19611,conscience,VERB,1,1
19612,cynic,NOUN,1,1
19613,averthat,ADJ,1,1
19614,preferthe,NOUN,1,1
19615,dangerofthe,VERB,1,1
19616,sonorousness,NOUN,1,1
19617,trulydeplorable,ADJ,1,1
19618,maylookforwardtosome,NOUN,1,1
19619,improvementofhis,DET,1,1
19620,suspendedinherdisfavor,NOUN,1,1
19621,astheyhave,VERB,1,1
19622,memoryto,ADJ,1,1
19623,thoughtto,NOUN,1,1
19624,anticipate,NOUN,1,1
19625,oftheirexistence,NOUN,1,1
19626,thebasis,NOUN,1,1
19627,ofourmethod,NOUN,1,1
19628,ofrecognizingoneanother,ADV,1,1
19629,wellaslight,NOUN,1,1
19630,youwho,PRON,1,1
19631,ference,NOUN,1,1
19632,ofa,INTJ,1,1
19633,circleinthe,DET,1,1
19634,happyregionofthe,NOUN,1,1
19635,presentto,NOUN,1,1
19636,howthencan,ADJ,1,1
19637,personalfriend,NOUN,1,1
19638,discriminate,NOUN,1,1
19639,ascendin,VERB,1,1
19640,plebeian,ADJ,1,1
19641,thevocal,ADJ,1,1
19642,adegree,VERB,1,1
19643,correspondentwiththose,NOUN,1,1
19644,ourwomen,NOUN,1,1
19645,andwhen,VERB,1,1
19646,astothe,DET,1,1
19647,fore,ADJ,1,1
19648,withu,NOUN,1,1
19649,feltby,ADJ,1,1
19650,countrygentleman,NOUN,1,1
19651,andamong,ADJ,1,1
19652,menofbusiness,NOUN,1,1
19653,theword,NOUN,1,1
19654,youtofeel,VERB,1,1
19655,fluous,ADJ,1,1
19656,supremely,ADV,1,1
19657,indifferentto,ADJ,1,1
19658,nativelanguage,NOUN,1,1
19659,theformula,NOUN,1,1
19660,stillfurther,NOUN,1,1
19661,curtail,VERB,1,1
19662,andatthis,DET,1,1
19663,societyinthe,DET,1,1
19664,feelyou,VERB,1,1
19665,myreader,ADV,1,1
19666,howeversuppose,ADJ,1,1
19667,iswith,NOUN,1,1
19668,orthatwe,INTJ,1,1
19669,necessaryto,ADV,1,1
19670,continuedinthe,DET,1,1
19671,dailylife,NOUN,1,1
19672,anglesofan,NOUN,1,1
19673,notnecessary,NOUN,1,1
19674,anyindividual,ADJ,1,1
19675,difficultyismuch,NOUN,1,1
19676,aten,VERB,1,1
19677,versitywho,NOUN,1,1
19678,unhesitatinglybetween,ADJ,1,1
19679,atwenty,NOUN,1,1
19680,sidedand,NOUN,1,1
19681,fourside,VERB,1,1
19682,memberofthe,DET,1,1
19683,willreadilyperceive,ADJ,1,1
19684,troduction,NOUN,1,1
19685,bycontact,NOUN,1,1
19686,unwary,ADJ,1,1
19687,fidgety,NOUN,1,1
19688,nowto,NOUN,1,1
19689,provefatalto,VERB,1,1
19690,andto,ADJ,1,1
19691,inthebudmanyapromise,VERB,1,1
19692,thistrueamong,VERB,1,1
19693,lowerclasse,NOUN,1,1
19694,theeye,NOUN,1,1
19695,issituatedso,NOUN,1,1
19696,farfrom,VERB,1,1
19697,theycanscarcelytake,NOUN,1,1
19698,delicatetouch,ADJ,1,1
19699,ize,VERB,1,1
19700,hasere,ADV,1,1
19701,nowdeprive,VERB,1,1
19702,avaluable,ADJ,1,1
19703,sevenvote,NOUN,1,1
19704,equal,ADV,1,1
19705,atearin,NOUN,1,1
19706,miscarriage,NOUN,1,1
19707,whichhad,VERB,1,1
19708,myunfortunate,VERB,1,1
19709,transfixedthe,DET,1,1
19710,tillthe,DET,1,1
19711,lostground,NOUN,1,1
19712,allthis,DET,1,1
19713,dentin,VERB,1,1
19714,discern,ADJ,1,1
19715,anyangle,VERB,1,1
19716,andmuchless,NOUN,1,1
19717,ofdifferent,NOUN,1,1
19718,inferthem,PRON,1,1
19719,greatprecision,NOUN,1,1
19720,bynecessity,NOUN,1,1
19721,farmore,ADV,1,1
19722,thanyour,ADJ,1,1
19723,unaidedbyarule,ADJ,1,1
19724,ormeasure,NOUN,1,1
19725,shallbegin,NOUN,1,1
19726,dom,NOUN,1,1
19727,freeman,NOUN,1,1
19728,uswith,ADP,1,1
19729,ascending,NOUN,1,1
19730,retrogression,NOUN,1,1
19731,quent,NOUN,1,1
19732,intellectualstagnation,ADJ,1,1
19733,andtothe,DET,1,1
19734,fecundityof,NOUN,1,1
19735,ofspecimensup,NOUN,1,1
19736,ofcivicright,NOUN,1,1
19737,forthepurpose,NOUN,1,1
19738,astoremove,ADV,1,1
19739,allpossibilityofdanger,ADJ,1,1
19740,theretheyare,NOUN,1,1
19741,utilizedbytheboard,ADV,1,1
19742,educationforthe,ADJ,1,1
19743,purposeof,NOUN,1,1
19744,imparting,NOUN,1,1
19745,gence,NOUN,1,1
19746,creaturesthemselve,NOUN,1,1
19747,moretemperate,ADJ,1,1
19748,betterregulated,ADJ,1,1
19749,longrunmore,ADJ,1,1
19750,educationalinterest,NOUN,1,1
19751,theyoung,NOUN,1,1
19752,renewthe,DET,1,1
19753,whichis,NOUN,1,1
19754,durationof,VERB,1,1
19755,foodless,NOUN,1,1
19756,partlyinthe,DET,1,1
19757,expenditure,NOUN,1,1
19758,partlyin,VERB,1,1
19759,impairedafter,ADJ,1,1
19760,afewweek,NOUN,1,1
19761,stant,ADJ,1,1
19762,tibly,ADV,1,1
19763,constantlykeepsin,NOUN,1,1
19764,manypopularly,ADV,1,1
19765,iammyselfdispose,VERB,1,1
19766,thinkthat,DET,1,1
19767,manycasesinwhichexpenseisthetru,ADJ,1,1
19768,politics,NOUN,1,1
19769,todivertme,NOUN,1,1
19770,frommysubject,NOUN,1,1
19771,beensaid,VERB,1,1
19772,ingis,NOUN,1,1
19773,notsotediousorindecisive,ADJ,1,1
19774,aprocess,NOUN,1,1
19775,beensuppose,VERB,1,1
19776,obviouslymore,ADJ,1,1
19777,beenpointe,VERB,1,1
19778,outabove,NOUN,1,1
19779,manyinthe,DET,1,1
19780,allwithoutexceptioninthe,DET,1,1
19781,cular,ADJ,1,1
19782,athird,NOUN,1,1
19783,ofwhich,ADJ,1,1
19784,forthe,ADP,1,1
19785,appearveryinconsistent,VERB,1,1
19786,vious,ADJ,1,1
19787,saidthatallfigure,NOUN,1,1
19788,distinguishbythevisualorgan,VERB,1,1
19789,differentclasse,NOUN,1,1
19790,yetnow,NOUN,1,1
19791,myspacelandcriticshow,ADV,1,1
19792,anotherby,NOUN,1,1
19793,higherclassesand,NOUN,1,1
19794,inourmore,NOUN,1,1
19795,temperate,NOUN,1,1
19796,thatsightrecognitionispractise,VERB,1,1
19797,anyregion,NOUN,1,1
19798,whichprevail,NOUN,1,1
19799,withyou,NOUN,1,1
19800,anunmixe,VERB,1,1
19801,blottingoutthelandscape,NOUN,1,1
19802,enfeeble,VERB,1,1
19803,scarcelyinferior,NOUN,1,1
19804,asthenurse,ADV,1,1
19805,ofart,VERB,1,1
19806,andparentofsciences,NOUN,1,1
19807,whereverthere,ADV,1,1
19808,arichsupplyoffog,ADJ,1,1
19809,thatare,NOUN,1,1
19810,sayof,VERB,1,1
19811,dimmerthanthose,VERB,1,1
19812,isthatby,NOUN,1,1
19813,experimentalobservation,NOUN,1,1
19814,tive,NOUN,1,1
19815,andclearness,ADJ,1,1
19816,greatexactness,NOUN,1,1
19817,configurationofthe,ADJ,1,1
19818,willdo,VERB,1,1
19819,avolume,NOUN,1,1
19820,eralitie,NOUN,1,1
19821,approachingwhose,VERB,1,1
19822,otherword,NOUN,1,1
19823,howam,NOUN,1,1
19824,hastouchedthethreshold,VERB,1,1
19825,maybisect,VERB,1,1
19826,oftheapproaching,NOUN,1,1
19827,asitwere,ADV,1,1
19828,nextto,NOUN,1,1
19829,contemplatethetwo,VERB,1,1
19830,bothwill,NOUN,1,1
19831,ofthesame,NOUN,1,1
19832,nearestto,NOUN,1,1
19833,oneithersidethe,DET,1,1
19834,linewillshade,NOUN,1,1
19835,recederapidlyintothefog,NOUN,1,1
19836,willbe,NOUN,1,1
19837,verydim,NOUN,1,1
19838,inthecase,NOUN,1,1
19839,cian,NOUN,1,1
19840,ishallhere,ADV,1,1
19841,rapidlyinto,NOUN,1,1
19842,recedeless,ADJ,1,1
19843,rapidlyinto,ADP,1,1
19844,thefog,NOUN,1,1
19845,d,PRON,1,1
19846,benotso,NOUN,1,1
19847,asthe,ADJ,1,1
19848,averylong,ADJ,1,1
19849,plemente,VERB,1,1
19850,educatedclasse,NOUN,1,1
19851,graspedthis,ADJ,1,1
19852,farasto,NOUN,1,1
19853,possibilityofitand,NOUN,1,1
19854,incredible,ADV,1,1
19855,reasonablyexpect,VERB,1,1
19856,infer,NOUN,1,1
19857,myson,NOUN,1,1
19858,needfulto,NOUN,1,1
19859,outthatin,VERB,1,1
19860,ofsight,ADP,1,1
19861,andcomplex,NOUN,1,1
19862,oruntil,ADP,1,1
19863,momentdoubtful,ADJ,1,1
19864,whetherhemay,NOUN,1,1
19865,mu,NOUN,1,1
19866,hexagonalgrandson,NOUN,1,1
19867,accompanying,ADJ,1,1
19868,greaterdimness,NOUN,1,1
19869,onthesetopic,NOUN,1,1
19870,tician,NOUN,1,1
19871,readilybelieve,VERB,1,1
19872,oflife,VERB,1,1
19873,whichpresentthem,PRON,1,1
19874,theyare,ADJ,1,1
19875,ofsightbetween,VERB,1,1
19876,ofpolygon,NOUN,1,1
19877,conversazione,NOUN,1,1
19878,andamplyjustifythe,DET,1,1
19879,nition,NOUN,1,1
19880,fewof,X,1,1
19881,togive,ADJ,1,1
19882,evento,ADP,1,1
19883,oftwo,ADJ,1,1
19884,mosthopeful,ADJ,1,1
19885,andperfectlyregularhexagon,NOUN,1,1
19886,perplexing,NOUN,1,1
19887,asightisalmost,NOUN,1,1
19888,denly,ADV,1,1
19889,ourcountry,NOUN,1,1
19890,petually,ADV,1,1
19891,hexagonal,ADJ,1,1
19892,youwould,AUX,1,1
19893,findthattherewa,VERB,1,1
19894,ofmanyyear,NOUN,1,1
19895,ofexperience,NOUN,1,1
19896,beforeyoucould,AUX,1,1
19897,afashionable,ADJ,1,1
19898,yourbetter,NOUN,1,1
19899,etiquetteto,NOUN,1,1
19900,askto,VERB,1,1
19901,bytheirsuperior,ADJ,1,1
19902,knowverylittle,VERB,1,1
19903,comport,VERB,1,1
19904,atleastis,NOUN,1,1
19905,ori,NOUN,1,1
19906,developedby,NOUN,1,1
19907,andbythe,DET,1,1
19908,touse,VERB,1,1
19909,difficultbut,ADJ,1,1
19910,morevaluable,ADJ,1,1
19911,earlylife,NOUN,1,1
19912,willever,NOUN,1,1
19913,discouragedorabsolutelyforbidden,ADJ,1,1
19914,ofgoe,VERB,1,1
19915,senttohigherseminarie,NOUN,1,1
19916,sive,ADJ,1,1
19917,atour,ADJ,1,1
19918,regardeda,VERB,1,1
19919,mostseriousfault,NOUN,1,1
19920,unattainable,ADJ,1,1
19921,commontradesman,NOUN,1,1
19922,poorare,NOUN,1,1
19923,precocity,NOUN,1,1
19924,mostfavorablywiththe,DET,1,1
19925,behaviorof,NOUN,1,1
19926,theiruniversitycourse,NOUN,1,1
19927,theoryinto,NOUN,1,1
19928,mayalmostbe,NOUN,1,1
19929,everyart,ADJ,1,1
19930,theyrapidlyovertake,NOUN,1,1
19931,distance,VERB,1,1
19932,sity,NOUN,1,1
19933,conditionoftheunsuccessfulminorityis,ADJ,1,1
19934,trulypitiable,NOUN,1,1
19935,rejectedfromthehigherclass,NOUN,1,1
19936,bythelower,NOUN,1,1
19937,theyhave,VERB,1,1
19938,ofart,NOUN,1,1
19939,thenative,ADJ,1,1
19940,precocityand,NOUN,1,1
19941,mercurialversatility,NOUN,1,1
19942,theprofession,NOUN,1,1
19943,licservice,NOUN,1,1
19944,areclosedagainst,ADP,1,1
19945,parentsisgenerallyitselfunfortunate,NOUN,1,1
19946,ifnotpositively,ADV,1,1
19947,fromthese,ADJ,1,1
19948,specimen,VERB,1,1
19949,greatis,NOUN,1,1
19950,themischief,NOUN,1,1
19951,minorityof,NOUN,1,1
19952,ourmore,ADV,1,1
19953,ofopinionthattrue,ADJ,1,1
19954,mercywoulddictatetheirentire,NOUN,1,1
19955,enactingthatallwhofailtopass,NOUN,1,1
19956,digress,VERB,1,1
19957,suchvital,ADJ,1,1
19958,whatperhaps,ADJ,1,1
19959,shouldhave,NOUN,1,1
19960,beenlaid,VERB,1,1
19961,thebeginne,VERB,1,1
19962,asadistinct,ADJ,1,1
19963,andfundamental,ADJ,1,1
19964,osition,NOUN,1,1
19965,thatistosayofregularconstruction,NOUN,1,1
19966,onlybe,ADP,1,1
19967,sidesequal,ADJ,1,1
19968,classiama,NOUN,1,1
19969,everypolygon,NOUN,1,1
19970,womanmight,NOUN,1,1
19971,afoot,VERB,1,1
19972,ofeveryclass,NOUN,1,1
19973,roughlysaidthatthe,NOUN,1,1
19974,equalityof,NOUN,1,1
19975,tionto,NOUN,1,1
19976,thesocial,ADJ,1,1
19977,figuresto,ADJ,1,1
19978,inorder,NOUN,1,1
19979,minethe,ADJ,1,1
19980,sary,NOUN,1,1
19981,lifewould,AUX,1,1
19982,forsuch,NOUN,1,1
19983,dious,ADJ,1,1
19984,thewholescience,NOUN,1,1
19985,wouldnot,ADV,1,1
19986,becomeperilous,ADJ,1,1
19987,allforethought,NOUN,1,1
19988,civilizationwould,ADV,1,1
19989,fasttocarrymyreader,NOUN,1,1
19990,mustconvince,VERB,1,1
19991,ourwhole,ADJ,1,1
19992,temis,ADJ,1,1
19993,baseduponregularity,NOUN,1,1
19994,orequality,NOUN,1,1
19995,forexample,NOUN,1,1
19996,menbyaglanceattheiranglesandrapidlybedimme,VERB,1,1
19997,themtostep,NOUN,1,1
19998,youdo,NOUN,1,1
19999,dence,NOUN,1,1
20000,larand,NOUN,1,1
20001,aparallelogram,NOUN,1,1
20002,dowith,ADP,1,1
20003,monsterstickingfastin,ADJ,1,1
20004,yourhouse,NOUN,1,1
20005,insultingthe,DET,1,1
20006,onewho,NOUN,1,1
20007,enjoystheadvantage,VERB,1,1
20008,ofaresidence,NOUN,1,1
20009,anglewould,NOUN,1,1
20010,nolongerbesufficient,VERB,1,1
20011,undersuch,ADJ,1,1
20012,betaken,VERB,1,1
20013,alreadythe,ADJ,1,1
20014,inacrowdareenoughto,NOUN,1,1
20015,taxthe,DET,1,1
20016,sagacityof,NOUN,1,1
20017,educatedsquare,NOUN,1,1
20018,ifno,NOUN,1,1
20019,thecompany,NOUN,1,1
20020,allwould,AUX,1,1
20021,panicwould,NOUN,1,1
20022,seriousinjurie,NOUN,1,1
20023,dier,NOUN,1,1
20024,present,ADV,1,1
20025,considerableloss,NOUN,1,1
20026,sealof,ADJ,1,1
20027,itsapproval,ADJ,1,1
20028,ormore,NOUN,1,1
20029,ofmoral,ADJ,1,1
20030,obliquity,NOUN,1,1
20031,criminalitywith,VERB,1,1
20032,andistreate,VERB,1,1
20033,arenotwante,VERB,1,1
20034,itistrue,ADJ,1,1
20035,somepromulgator,NOUN,1,1
20036,ofparadoxeswhomain,NOUN,1,1
20037,tainthat,NOUN,1,1
20038,necessaryconnection,NOUN,1,1
20039,ular,NOUN,1,1
20040,scout,VERB,1,1
20041,neglectedbythe,DET,1,1
20042,domestic,NOUN,1,1
20043,bysociety,NOUN,1,1
20044,andexcludedfromall,ADJ,1,1
20045,bility,NOUN,1,1
20046,mentisjealouslywatchedbythepolicetillhecome,NOUN,1,1
20047,forinspection,NOUN,1,1
20048,thenhe,NOUN,1,1
20049,ifheisfoundtoexceedthefixe,VERB,1,1
20050,ernment,NOUN,1,1
20051,stipend,NOUN,1,1
20052,andboard,ADV,1,1
20053,purest,X,1,1
20054,rounding,NOUN,1,1
20055,asit,NOUN,1,1
20056,hasnotconvince,VERB,1,1
20057,thatourancestorserredinlayingitdown,NOUN,1,1
20058,policythat,ADJ,1,1
20059,thetoleration,NOUN,1,1
20060,larity,NOUN,1,1
20061,safetyofthe,ADJ,1,1
20062,thelife,NOUN,1,1
20063,itshall,NOUN,1,1
20064,manwith,NOUN,1,1
20065,astill,NOUN,1,1
20066,irregularposterity,NOUN,1,1
20067,anddoor,NOUN,1,1
20068,orto,VERB,1,1
20069,takehisplacein,ADP,1,1
20070,alecture,NOUN,1,1
20071,exemptedfrom,ADP,1,1
20072,sistible,ADJ,1,1
20073,fraudulent,ADJ,1,1
20074,entera,NOUN,1,1
20075,lanthropyplead,NOUN,1,1
20076,abrogation,NOUN,1,1
20077,ifor,ADP,1,1
20078,mypart,NOUN,1,1
20079,anthropist,NOUN,1,1
20080,petratorofallmannerofmischief,NOUN,1,1
20081,aninfantwhoseangle,NOUN,1,1
20082,deviatesbyhalf,VERB,1,1
20083,angularityis,NOUN,1,1
20084,summarily,ADV,1,1
20085,atbirth,NOUN,1,1
20086,ofourhighestandabl,ADJ,1,1
20087,havedure,VERB,1,1
20088,liveswould,NOUN,1,1
20089,itsmost,ADJ,1,1
20090,compression,NOUN,1,1
20091,trepanning,NOUN,1,1
20092,colligation,NOUN,1,1
20093,beenpartlyorwhollycure,VERB,1,1
20094,fixed,ADJ,1,1
20095,demarcation,NOUN,1,1
20096,periodwhentheframeis,NOUN,1,1
20097,reportedthat,NOUN,1,1
20098,andmercifullyconsume,VERB,1,1
20099,mewithanyattention,NOUN,1,1
20100,theywillnot,NOUN,1,1
20101,surprisedto,ADJ,1,1
20102,hear,NOUN,1,1
20103,somewhatdull,ADJ,1,1
20104,thatthere,NOUN,1,1
20105,notbattle,NOUN,1,1
20106,theproblem,NOUN,1,1
20107,continuallyinducingconjecture,NOUN,1,1
20108,portunity,NOUN,1,1
20109,z,ADJ,1,1
20110,whichyouin,X,1,1
20111,canhardly,ADV,1,1
20112,æsthetic,ADJ,1,1
20113,artisticpoint,NOUN,1,1
20114,ofviewwhen,ADV,1,1
20115,isaythat,DET,1,1
20116,usis,ADJ,1,1
20117,æsthetically,ADV,1,1
20118,verydullindeed,VERB,1,1
20119,stilllife,NOUN,1,1
20120,nothingbutasingle,ADJ,1,1
20121,ofbrightness,ADJ,1,1
20122,iftradition,NOUN,1,1
20123,onceforthespaceofhalfadozencenturie,NOUN,1,1
20124,casuallydiscovere,VERB,1,1
20125,entsofthe,NOUN,1,1
20126,simplercolor,NOUN,1,1
20127,rudimentarymethod,NOUN,1,1
20128,saidtohavebegunbydecorate,VERB,1,1
20129,hisslave,NOUN,1,1
20130,thenhis,DET,1,1
20131,lastlyhimself,NOUN,1,1
20132,resultscommende,VERB,1,1
20133,turnedhis,DET,1,1
20134,atonceexcite,VERB,1,1
20135,andattracte,VERB,1,1
20136,onemistook,NOUN,1,1
20137,theirpowersofcalculation,NOUN,1,1
20138,onejostle,VERB,1,1
20139,orfaile,VERB,1,1
20140,wayfor,ADP,1,1
20141,colorlesssquare,VERB,1,1
20142,individualitywhenwemove,NOUN,1,1
20143,ofignorant,ADJ,1,1
20144,ofchromatiste,NOUN,1,1
20145,stillheld,VERB,1,1
20146,ortwo,NOUN,1,1
20147,foundeven,VERB,1,1
20148,infectedwiththeinnovation,NOUN,1,1
20149,ayearhadnotelapse,VERB,1,1
20150,habithad,ADJ,1,1
20151,estofthenobility,NOUN,1,1
20152,customsoon,NOUN,1,1
20153,withintwogeneration,NOUN,1,1
20154,onein,NOUN,1,1
20155,flatlandwa,VERB,1,1
20156,مس,X,1,1
20157,appearedto,NOUN,1,1
20158,sentiala,NOUN,1,1
20159,implydistinction,NOUN,1,1
20160,wasthe,X,1,1
20161,sophismwhich,ADV,1,1
20162,atimetothe,DET,1,1
20163,newculture,NOUN,1,1
20164,andwomenthis,DET,1,1
20165,adage,NOUN,1,1
20166,didnotapply,NOUN,1,1
20167,plurallyand,VERB,1,1
20168,pedantically,ADV,1,1
20169,noside,NOUN,1,1
20170,asserttheir,ADJ,1,1
20171,trulycircle,NOUN,1,1
20172,notmere,ADJ,1,1
20173,polygon,NOUN,1,1
20174,aninfinitelylarge,ADJ,1,1
20175,imally,ADV,1,1
20176,aperimeter,NOUN,1,1
20177,oneline,ADJ,1,1
20178,topassthat,DET,1,1
20179,thesetwo,NOUN,1,1
20180,andwhen,X,1,1
20181,othershad,VERB,1,1
20182,succumbedtothe,DET,1,1
20183,fascinationsofcorporal,ADJ,1,1
20184,thepollution,NOUN,1,1
20185,ofpaint,NOUN,1,1
20186,licentious,ADJ,1,1
20187,anarchical,ADJ,1,1
20188,unscientific,ADJ,1,1
20189,thembywhatnamesyouwill,NOUN,1,1
20190,froman,NOUN,1,1
20191,æsthetic,NOUN,1,1
20192,pointofview,NOUN,1,1
20193,ofartinflatland,ADV,1,1
20194,manho,NOUN,1,1
20195,ofyouth,NOUN,1,1
20196,smallparty,NOUN,1,1
20197,companywa,VERB,1,1
20198,thanonceprovedtoodistracte,VERB,1,1
20199,andactor,NOUN,1,1
20200,ofall,NOUN,1,1
20201,beenthe,DET,1,1
20202,suddenlyface,VERB,1,1
20203,exchangingthe,ADJ,1,1
20204,ofthetwoside,NOUN,1,1
20205,includingtheir,PRON,1,1
20206,andblue,VERB,1,1
20207,ultramarine,ADJ,1,1
20208,umber,ADV,1,1
20209,artilleryman,NOUN,1,1
20210,vermilion,NOUN,1,1
20211,theiroffice,NOUN,1,1
20212,geometrician,NOUN,1,1
20213,allthese,NOUN,1,1
20214,maywell,NOUN,1,1
20215,credible,VERB,1,1
20216,storyhow,NOUN,1,1
20217,hehenceforthexchange,VERB,1,1
20218,verylanguage,NOUN,1,1
20219,commonest,ADJ,1,1
20220,zen,NOUN,1,1
20221,beensuffusedwitharichertingeofwordorthought,ADJ,1,1
20222,modernday,NOUN,1,1
20223,beingno,NOUN,1,1
20224,disrepute,NOUN,1,1
20225,neglect,ADJ,1,1
20226,speedily,ADJ,1,1
20227,experiencedthesamefateatourelementaryschool,NOUN,1,1
20228,men,NOUN,1,1
20229,longerused,ADJ,1,1
20230,norneeded,ADJ,1,1
20231,andrefuse,VERB,1,1
20232,twofold,ADJ,1,1
20233,nogreatdifference,VERB,1,1
20234,betweenthem,PRON,1,1
20235,equalitywith,NOUN,1,1
20236,able,VERB,1,1
20237,grapplewith,ADJ,1,1
20238,allthedifficultie,NOUN,1,1
20239,andsolve,VERB,1,1
20240,whetherstatical,NUM,1,1
20241,mandthe,NOUN,1,1
20242,allendowment,NOUN,1,1
20243,forthe,VERB,1,1
20244,inasmuch,ADJ,1,1
20245,haddestroye,VERB,1,1
20246,tinction,NOUN,1,1
20247,cide,VERB,1,1
20248,advancedstill,NOUN,1,1
20249,lastdemande,VERB,1,1
20250,allclasse,VERB,1,1
20251,thepriests,NOUN,1,1
20252,andthewomennot,ADV,1,1
20253,shoulddohomageto,NOUN,1,1
20254,colorbysubmitte,VERB,1,1
20255,andwomen,ADJ,1,1
20256,theyretorte,VERB,1,1
20257,halfof,NOUN,1,1
20258,everyhumanbeing,NOUN,1,1
20259,hiseye,NOUN,1,1
20260,tinguishable,NOUN,1,1
20261,blyofallthestate,NOUN,1,1
20262,paintedinthe,DET,1,1
20263,middlepoint,NOUN,1,1
20264,anyisosceles,NOUN,1,1
20265,beingsodegradedwouldhavehadangularity,NOUN,1,1
20266,tobringdesolation,NOUN,1,1
20267,propositionwas,NOUN,1,1
20268,inall,NOUN,1,1
20269,classesover,NOUN,1,1
20270,byassigne,VERB,1,1
20271,aswere,ADV,1,1
20272,pear,VERB,1,1
20273,andbe,NOUN,1,1
20274,prospectthat,NOUN,1,1
20275,attractthe,DET,1,1
20276,amass,NOUN,1,1
20277,butby,NOUN,1,1
20278,thepossibilityofthe,DET,1,1
20279,ofpriest,NOUN,1,1
20280,andwomen,NOUN,1,1
20281,maynot,ADV,1,1
20282,andmouth,NOUN,1,1
20283,andwith,VERB,1,1
20284,viously,ADV,1,1
20285,ored,ADJ,1,1
20286,seewill,NOUN,1,1
20287,ofwhich,DET,1,1
20288,onehalf,NOUN,1,1
20289,identityofthe,DET,1,1
20290,giveyou,VERB,1,1
20291,ofidentityifnot,ADP,1,1
20292,makingyou,NOUN,1,1
20293,neglectfulofotherdetail,NOUN,1,1
20294,ene,VERB,1,1
20295,societyat,NOUN,1,1
20296,certaintythat,NOUN,1,1
20297,womenwould,AUX,1,1
20298,speedilylearn,VERB,1,1
20299,thenbe,VERB,1,1
20300,surelyobvious,ADJ,1,1
20301,dearreader,NOUN,1,1
20302,theymighthear,ADJ,1,1
20303,clesiastical,ADJ,1,1
20304,husbandsand,NOUN,1,1
20305,thename,NOUN,1,1
20306,priestlycircle,NOUN,1,1
20307,anyothercolor,NOUN,1,1
20308,leadthe,VERB,1,1
20309,thatwould,AUX,1,1
20310,unseemlyconduct,ADJ,1,1
20311,asto,VERB,1,1
20312,couldnot,NOUN,1,1
20313,expectedto,ADJ,1,1
20314,generalintellectualdecaytheystillpreserve,VERB,1,1
20315,theirpristine,NOUN,1,1
20316,onlyheld,ADP,1,1
20317,fromthepopularfashion,NOUN,1,1
20318,atoneblowto,NOUN,1,1
20319,pollution,NOUN,1,1
20320,ofcolor,NOUN,1,1
20321,sametime,NOUN,1,1
20322,oftraine,VERB,1,1
20323,theart,NOUN,1,1
20324,enfeeble,ADJ,1,1
20325,lectsbydeprivingthem,NOUN,1,1
20326,oncesubjectedtothe,NOUN,1,1
20327,chromatictaint,NOUN,1,1
20328,everychildish,VERB,1,1
20329,onlyindiscerne,VERB,1,1
20330,betweenthe,ADJ,1,1
20331,infantfind,VERB,1,1
20332,lemsfortheexerciseofitsunderstanding,NOUN,1,1
20333,oftenlikelytobe,ADJ,1,1
20334,bymaternal,NOUN,1,1
20335,theresult,NOUN,1,1
20336,logicalconclusion,NOUN,1,1
20337,lectuallustre,NOUN,1,1
20338,roadwouldthenlie,NOUN,1,1
20339,ofallaristocraticlegislature,VERB,1,1
20340,subversion,NOUN,1,1
20341,tinued,ADJ,1,1
20342,forthreeyear,NOUN,1,1
20343,andup,VERB,1,1
20344,asuperiorforceofisoscelestriangle,NOUN,1,1
20345,thesquares,NOUN,1,1
20346,andpentagonsmeanwhileremainingneutral,NOUN,1,1
20347,conjugal,ADJ,1,1
20348,householdwearie,VERB,1,1
20349,fellon,NOUN,1,1
20350,theirinnocent,NOUN,1,1
20351,dren,NOUN,1,1
20352,ofcarnage,NOUN,1,1
20353,nial,ADJ,1,1
20354,agitationnoless,NOUN,1,1
20355,indeedwastheperil,NOUN,1,1
20356,itseemeda,NOUN,1,1
20357,extermination,NOUN,1,1
20358,suddenlythecourse,ADJ,1,1
20359,ofevent,NOUN,1,1
20360,completelychangedbyone,ADJ,1,1
20361,ofthosepicturesque,ADJ,1,1
20362,becauseoftheabsurdlydisproportionate,ADJ,1,1
20363,alowtype,NOUN,1,1
20364,abrain,ADP,1,1
20365,ifat,NOUN,1,1
20366,allabove,NOUN,1,1
20367,amaiden,NOUN,1,1
20368,orphandaughterof,NOUN,1,1
20369,ofdeception,NOUN,1,1
20370,astre,VERB,1,1
20371,luckyaccident,NOUN,1,1
20372,byanalmostinconceivable,ADJ,1,1
20373,fatuityand,ADJ,1,1
20374,consummatingthemarriage,NOUN,1,1
20375,mitte,VERB,1,1
20376,shehadbeensubjecte,VERB,1,1
20377,lentlyagitate,VERB,1,1
20378,theirsister,NOUN,1,1
20379,andtheirdaughter,NOUN,1,1
20380,nowregard,ADV,1,1
20381,openlyavowe,VERB,1,1
20382,restneede,VERB,1,1
20383,aslight,NOUN,1,1
20384,stimurus,NOUN,1,1
20385,opportunitythe,DET,1,1
20386,dinary,ADJ,1,1
20387,ance,NOUN,1,1
20388,ofalarge,VERB,1,1
20389,numberofreactionary,ADJ,1,1
20390,hootedby,ADJ,1,1
20391,dre,VERB,1,1
20392,theywould,AUX,1,1
20393,toapplause,NOUN,1,1
20394,hisfollower,NOUN,1,1
20395,amasterpiece,NOUN,1,1
20396,dojustice,VERB,1,1
20397,clare,VERB,1,1
20398,itsdefect,VERB,1,1
20399,graduallyintroduce,VERB,1,1
20400,byreminde,VERB,1,1
20401,inspite,ADJ,1,1
20402,ofallthesedefect,NOUN,1,1
20403,hewaswille,VERB,1,1
20404,atleasttodosowithafullviewoftheconsequence,NOUN,1,1
20405,theycouldnothope,NOUN,1,1
20406,ambitionwould,VERB,1,1
20407,nowhavetobesacrifice,VERB,1,1
20408,gression,NOUN,1,1
20409,ina,VERB,1,1
20410,fewgeneration,NOUN,1,1
20411,powerwould,AUX,1,1
20412,alreadymore,NOUN,1,1
20413,otherclassesputtogetherwhenthe,DET,1,1
20414,pensative,NOUN,1,1
20415,wereviolate,VERB,1,1
20416,stepforwardand,NOUN,1,1
20417,remainsilent,NOUN,1,1
20418,ifthe,DET,1,1
20419,honorsecure,NOUN,1,1
20420,vade,NOUN,1,1
20421,atthese,ADJ,1,1
20422,thepreconcerte,VERB,1,1
20423,nal,NOUN,1,1
20424,chromatiste,NOUN,1,1
20425,invisiblyandunerringlyupon,VERB,1,1
20426,theartisans,NOUN,1,1
20427,impenetrablephalanx,NOUN,1,1
20428,orrathercarnage,NOUN,1,1
20429,ofshort,NOUN,1,1
20430,generalship,NOUN,1,1
20431,uninjured,ADJ,1,1
20432,blowwasneede,VERB,1,1
20433,ness,ADJ,1,1
20434,egress,NOUN,1,1
20435,behindthem,VERB,1,1
20436,allpresenceofmind,ADV,1,1
20437,inhalf,NOUN,1,1
20438,thatvast,ADJ,1,1
20439,tude,NOUN,1,1
20440,oforder,ADV,1,1
20441,pushtheirvictoryto,VERB,1,1
20442,ayear,NOUN,1,1
20443,systematicallypurgedofthatexcess,ADJ,1,1
20444,lowerorder,NOUN,1,1
20445,paythe,DET,1,1
20446,saythathenceforththeuse,VERB,1,1
20447,wasabolishe,VERB,1,1
20448,anditspossessionprohibite,VERB,1,1
20449,ofanyworddenotingcolor,NOUN,1,1
20450,exceptby,NOUN,1,1
20451,aseverepenalty,NOUN,1,1
20452,sityin,VERB,1,1
20453,oftheveryhighest,ADJ,1,1
20454,whichi,NUM,1,1
20455,myselfhave,NOUN,1,1
20456,privilege,VERB,1,1
20457,itisunderstoodthatthe,NOUN,1,1
20458,onlyspeak,NOUN,1,1
20459,nownon,NOUN,1,1
20460,existent,NOUN,1,1
20461,timebeing,NOUN,1,1
20462,andby,NOUN,1,1
20463,manufactory,NOUN,1,1
20464,sogreatisthe,ADJ,1,1
20465,terrorwithwhich,NOUN,1,1
20466,distantday,VERB,1,1
20467,oftheagitationfortheuniversal,ADJ,1,1
20468,hightime,NOUN,1,1
20469,thatishouldpassfromthese,DET,1,1
20470,brief,NOUN,1,1
20471,discursivenotesaboutthing,VERB,1,1
20472,myinitiation,NOUN,1,1
20473,mysubject,ADJ,1,1
20474,hasgonebefore,NOUN,1,1
20475,merelypreface,NOUN,1,1
20476,explanationwouldnot,NOUN,1,1
20477,ofpropelling,NOUN,1,1
20478,themean,NOUN,1,1
20479,fixity,NOUN,1,1
20480,canwe,NOUN,1,1
20481,layfoundation,NOUN,1,1
20482,variouszone,NOUN,1,1
20483,sothat,ADP,1,1
20484,notinterceptthe,DET,1,1
20485,ern,NOUN,1,1
20486,linear,NOUN,1,1
20487,hundredother,NOUN,1,1
20488,nordo,NOUN,1,1
20489,mentionthemnowexceptto,NOUN,1,1
20490,tomyreader,NOUN,1,1
20491,theiromissionproceed,VERB,1,1
20492,partoftheauthor,NOUN,1,1
20493,fromhisregard,NOUN,1,1
20494,ofthereader,NOUN,1,1
20495,mylegitimate,VERB,1,1
20496,remarkswill,NOUN,1,1
20497,nodoubt,NOUN,1,1
20498,bymyreader,NOUN,1,1
20499,uponthosepillar,VERB,1,1
20500,andmainstays,ADP,1,1
20501,controller,NOUN,1,1
20502,andshaper,NOUN,1,1
20503,almostofadoration,NOUN,1,1
20504,saythat,NOUN,1,1
20505,imeanourcirclesorpriest,VERB,1,1
20506,icall,NOUN,1,1
20507,thempriest,NOUN,1,1
20508,menot,NOUN,1,1
20509,asmeane,VERB,1,1
20510,nomore,ADV,1,1
20511,thanthe,NOUN,1,1
20512,termdenote,NOUN,1,1
20513,ofallbusiness,ADJ,1,1
20514,doneby,ADP,1,1
20515,popularlyevery,NOUN,1,1
20516,knownthat,ADP,1,1
20517,onlyapolygonwith,ADP,1,1
20518,averylarge,ADJ,1,1
20519,ofvery,NOUN,1,1
20520,themostdelicatetouchtofeelanypolygonal,ADJ,1,1
20521,sayrather,ADV,1,1
20522,shownabove,NOUN,1,1
20523,byfeele,VERB,1,1
20524,amongthehighestsociety,NOUN,1,1
20525,abstention,NOUN,1,1
20526,fromfeele,VERB,1,1
20527,moreeasilyto,NOUN,1,1
20528,sustain,NOUN,1,1
20529,veilofmysteryinwhich,NOUN,1,1
20530,fromhis,DET,1,1
20531,earliestyear,NOUN,1,1
20532,iswontto,VERB,1,1
20533,enwrap,VERB,1,1
20534,exactnature,NOUN,1,1
20535,meterorcircumference,NOUN,1,1
20536,threefeetbee,VERB,1,1
20537,eachsidewill,NOUN,1,1
20538,thetenth,ADJ,1,1
20539,timebeinghastenthousandside,NOUN,1,1
20540,ascentof,NOUN,1,1
20541,theposterityofthe,DET,1,1
20542,lowerregular,ADJ,1,1
20543,ineach,ADJ,1,1
20544,numberofside,NOUN,1,1
20545,metic,NOUN,1,1
20546,sarily,ADV,1,1
20547,antagonisticdecree,NOUN,1,1
20548,affectingcircularpropagation,NOUN,1,1
20549,raceclimbs,ADJ,1,1
20550,higherin,NOUN,1,1
20551,thescale,NOUN,1,1
20552,acceleratedpace,NOUN,1,1
20553,thatinthe,DET,1,1
20554,quentlyin,VERB,1,1
20555,sidesit,NOUN,1,1
20556,israre,NOUN,1,1
20557,ason,NOUN,1,1
20558,isnever,ADV,1,1
20559,evensixhundre,VERB,1,1
20560,alsostepsintohelp,VERB,1,1
20561,processofthe,ADV,1,1
20562,andtender,NOUN,1,1
20563,fracture,VERB,1,1
20564,reset,NOUN,1,1
20565,threehundred,ADJ,1,1
20566,overleap,VERB,1,1
20567,double,NOUN,1,1
20568,apromise,VERB,1,1
20569,issacrificed,ADJ,1,1
20570,inthisway,NOUN,1,1
20571,survive,NOUN,1,1
20572,therapeutic,ADJ,1,1
20573,onrareoccasion,NOUN,1,1
20574,exultant,ADJ,1,1
20575,dissimilar,ADJ,1,1
20576,upin,ADJ,1,1
20577,whetherpolitical,ADJ,1,1
20578,provementofindividualandcollectiveconfiguration,NOUN,1,1
20579,specialreference,NOUN,1,1
20580,suppressedthose,VERB,1,1
20581,mentowaste,NOUN,1,1
20582,sympathyinthe,NOUN,1,1
20583,beliefthat,NOUN,1,1
20584,conductdepend,VERB,1,1
20585,uponwill,ADJ,1,1
20586,pantocyclus,ADJ,1,1
20587,theillustrious,ADJ,1,1
20588,queller,NOUN,1,1
20589,uration,NOUN,1,1
20590,assuredlygo,ADJ,1,1
20591,wrongunlessyouhave,VERB,1,1
20592,purposeyoumust,ADV,1,1
20593,pital,NOUN,1,1
20594,allfault,NOUN,1,1
20595,ordefect,NOUN,1,1
20596,fromtheslight,ADJ,1,1
20597,flagitious,ADJ,1,1
20598,causedperhap,NOUN,1,1
20599,collisioninacrowd,NOUN,1,1
20600,byneglectto,NOUN,1,1
20601,cise,NOUN,1,1
20602,orby,ADP,1,1
20603,denchange,NOUN,1,1
20604,oftemperature,NOUN,1,1
20605,ashrinkage,NOUN,1,1
20606,losopher,NOUN,1,1
20607,whyblame,NOUN,1,1
20608,alying,NOUN,1,1
20609,arascal,ADJ,1,1
20610,cannothelp,VERB,1,1
20611,ofhis,DET,1,1
20612,unevenness,NOUN,1,1
20613,veryreason,NOUN,1,1
20614,endofthe,NOUN,1,1
20615,dom,ADJ,1,1
20616,estic,ADJ,1,1
20617,outofthe,DET,1,1
20618,sometimescome,NOUN,1,1
20619,confess,NOUN,1,1
20620,thatoccasionallywhen,ADV,1,1
20621,ofmyown,ADJ,1,1
20622,agonal,ADJ,1,1
20623,anexcuse,NOUN,1,1
20624,onhimbutonhis,ADJ,1,1
20625,whichcanonlybe,ADV,1,1
20626,strengthenedby,ADJ,1,1
20627,waylogically,ADV,1,1
20628,norpracticallyto,NOUN,1,1
20629,findit,VERB,1,1
20630,bestto,NOUN,1,1
20631,assumethat,ADP,1,1
20632,goodsoundscoldingor,NOUN,1,1
20633,castigationha,VERB,1,1
20634,latent,NOUN,1,1
20635,ofextricate,VERB,1,1
20636,manyof,NOUN,1,1
20637,highestcircle,NOUN,1,1
20638,byexperiencethat,ADP,1,1
20639,andpassionately,ADV,1,1
20640,asif,NOUN,1,1
20641,ahuman,NOUN,1,1
20642,isreallycapable,NOUN,1,1
20643,policyofmaking,NOUN,1,1
20644,whichinspaceland,ADP,1,1
20645,regulatesthe,NOUN,1,1
20646,honor,VERB,1,1
20647,taughtto,ADJ,1,1
20648,hisgrandson,NOUN,1,1
20649,teachthat,ADP,1,1
20650,dutyoffathersisto,ADJ,1,1
20651,advancingthe,DET,1,1
20652,oftheirown,VERB,1,1
20653,weakpoint,NOUN,1,1
20654,ahumble,ADJ,1,1
20655,mayventure,NOUN,1,1
20656,speakof,VERB,1,1
20657,anyelement,NOUN,1,1
20658,isoftheutmost,VERB,1,1
20659,ancestryisafitpartnerforonewho,NOUN,1,1
20660,desiresthathis,VERB,1,1
20661,byregulardegreesinthe,ADJ,1,1
20662,allwomen,NOUN,1,1
20663,meansofascertainingwhat,ADP,1,1
20664,carefullykept,ADJ,1,1
20665,ancestry,NOUN,1,1
20666,regardful,ADJ,1,1
20667,posteritywhich,NOUN,1,1
20668,possiblyissue,VERB,1,1
20669,escutcheon,NOUN,1,1
20670,appearsto,NOUN,1,1
20671,diminish,NOUN,1,1
20672,awife,NOUN,1,1
20673,hedroni,NOUN,1,1
20674,evenmorecareless,ADJ,1,1
20675,ofthewife,NOUN,1,1
20676,hasbeen,NOUN,1,1
20677,slightsuperiorityof,ADJ,1,1
20678,excellentthe,VERB,1,1
20679,pected,ADJ,1,1
20680,butnone,NOUN,1,1
20681,ofafewsidesinahighlydevelope,VERB,1,1
20682,compensatedby,ADJ,1,1
20683,operationinthe,DET,1,1
20684,asihavedescribedabove,ADV,1,1
20685,aretoomuchdisposedto,ADJ,1,1
20686,acquiesce,NOUN,1,1
20687,infecundity,NOUN,1,1
20688,ifthisevilbe,NOUN,1,1
20689,thegradual,ADJ,1,1
20690,maysoon,NOUN,1,1
20691,oneotherwordofwarningsuggest,NOUN,1,1
20692,easilymention,VERB,1,1
20693,refersto,VERB,1,1
20694,ourrelationswithwoman,NOUN,1,1
20695,consequencewas,NOUN,1,1
20696,thatthey,PRON,1,1
20697,longertaughtto,ADJ,1,1
20698,intellectualpower,NOUN,1,1
20699,orquietism,NOUN,1,1
20700,stillprevail,VERB,1,1
20701,policyha,NOUN,1,1
20702,carriedso,VERB,1,1
20703,farastoreactinjuriously,ADV,1,1
20704,noware,VERB,1,1
20705,tolead,VERB,1,1
20706,ofbi,ADJ,1,1
20707,lingual,ADJ,1,1
20708,otherirrationaland,NOUN,1,1
20709,controlfeminineexuberance,NOUN,1,1
20710,butamongourselve,NOUN,1,1
20711,otherwordsarecorrespondinglytransmute,VERB,1,1
20712,weuse,VERB,1,1
20713,theyare,VERB,1,1
20714,myhumble,ADJ,1,1
20715,isthatthis,ADJ,1,1
20716,doubletraining,NOUN,1,1
20717,heavyaburdenupontheyoung,NOUN,1,1
20718,andtaught,NOUN,1,1
20719,exceptforthe,NOUN,1,1
20720,purposeofrepeating,NOUN,1,1
20721,thevocabularyand,NOUN,1,1
20722,methinksidiscern,ADJ,1,1
20723,aweakness,NOUN,1,1
20724,presenttime,NOUN,1,1
20725,paredwiththe,NOUN,1,1
20726,torsthree,NOUN,1,1
20727,hundredyear,VERB,1,1
20728,isaynothingofthe,DET,1,1
20729,titiously,ADV,1,1
20730,possibilitythat,ADP,1,1
20731,enfeebling,NOUN,1,1
20732,lect,NOUN,1,1
20733,thoritie,NOUN,1,1
20734,reconsider,VERB,1,1
20735,oflineland,NOUN,1,1
20736,daybut,NOUN,1,1
20737,ofour,ADJ,1,1
20738,anunsolvedprobleminmymind,NOUN,1,1
20739,avast,NOUN,1,1
20740,ofsmallstraight,VERB,1,1
20741,otherbeing,NOUN,1,1
20742,withthesamevelocity,NOUN,1,1
20743,twittering,NOUN,1,1
20744,theycease,VERB,1,1
20745,u,PRON,1,1
20746,en,VERB,1,1
20747,vm,NOUN,1,1
20748,yl,NOUN,1,1
20749,ey,NOUN,1,1
20750,largestofwhat,DET,1,1
20751,swer,NOUN,1,1
20752,andthirdappeal,VERB,1,1
20753,mypartwere,ADJ,1,1
20754,peare,VERB,1,1
20755,apositionfullinfront,NOUN,1,1
20756,intercepthermotion,ADJ,1,1
20757,loudlyrepeate,VERB,1,1
20758,andfro,NOUN,1,1
20759,intrud,ADJ,1,1
20760,ceivingthis,ADJ,1,1
20761,abruptreply,NOUN,1,1
20762,beggedpardon,VERB,1,1
20763,inanywaystartledor,NOUN,1,1
20764,ofhis,NOUN,1,1
20765,hadthe,VERB,1,1
20766,difficultyin,NOUN,1,1
20767,informationon,NOUN,1,1
20768,stantly,ADV,1,1
20769,whateverwa,VERB,1,1
20770,beknown,VERB,1,1
20771,andthatiwassimulate,VERB,1,1
20772,bypersevere,VERB,1,1
20773,tionsielicitedthe,NOUN,1,1
20774,itseemed,ADJ,1,1
20775,thatthispoor,ADJ,1,1
20776,persuadedthatthe,ADJ,1,1
20777,ght,NOUN,1,1
20778,passedhisexistence,VERB,1,1
20779,constitutedthewholeofthe,DET,1,1
20780,indeedthe,DET,1,1
20781,ofspace,NOUN,1,1
20782,notbeing,ADJ,1,1
20783,moveor,NOUN,1,1
20784,contraryto,VERB,1,1
20785,itwere,NOUN,1,1
20786,untilthe,NOUN,1,1
20787,momentwhen,NOUN,1,1
20788,fromwhich,VERB,1,1
20789,evenablank,NOUN,1,1
20790,implie,NOUN,1,1
20791,alike,ADJ,1,1
20792,eyesighttothat,DET,1,1
20793,theirworld,NOUN,1,1
20794,scarcelybe,ADV,1,1
20795,addedthat,ADP,1,1
20796,horizonwas,ADJ,1,1
20797,eachwa,VERB,1,1
20798,soundofthevoicecouldsexoragebedistinguishe,VERB,1,1
20799,eachindividualoccupiedthe,DET,1,1
20800,narrowpath,NOUN,1,1
20801,leftto,NOUN,1,1
20802,wayforpassersby,ADJ,1,1
20803,tilldeathdidthem,VERB,1,1
20804,motionto,VERB,1,1
20805,pressiblydreary,NOUN,1,1
20806,vivacityand,NOUN,1,1
20807,cheerfulnessofthe,NOUN,1,1
20808,whetheritwa,VERB,1,1
20809,enjoythe,DET,1,1
20810,ject,NOUN,1,1
20811,proximityof,NOUN,1,1
20812,cannotimaginehowyourroyal,ADJ,1,1
20813,whenthere,NOUN,1,1
20814,atleasthalfa,NOUN,1,1
20815,vidual,NOUN,1,1
20816,whomyou,PRON,1,1
20817,canneithersee,VERB,1,1
20818,ofchildren,NOUN,1,1
20819,depopulate,VERB,1,1
20820,neighborhoodisneedless,NOUN,1,1
20821,andthebirthofchildrenistoo,ADV,1,1
20822,matterto,NOUN,1,1
20823,havebeenallowe,VERB,1,1
20824,asproximity,NOUN,1,1
20825,youcannotbe,ADJ,1,1
20826,yetsince,NOUN,1,1
20827,rance,NOUN,1,1
20828,willinstruct,VERB,1,1
20829,ifyou,NOUN,1,1
20830,veri,ADJ,1,1
20831,consummatedbymean,NOUN,1,1
20832,facultyofsound,NOUN,1,1
20833,te,NOUN,1,1
20834,beenunable,ADJ,1,1
20835,ofourconversation,NOUN,1,1
20836,ireplie,VERB,1,1
20837,onevoice,VERB,1,1
20838,andthat,ADP,1,1
20839,hadtwo,VERB,1,1
20840,afeminine,ADJ,1,1
20841,bassvoice,NOUN,1,1
20842,anutterly,ADV,1,1
20843,herselfhaving,NOUN,1,1
20844,d,ADJ,1,1
20845,affec,NOUN,1,1
20846,ted,ADJ,1,1
20847,howcanthere,ADJ,1,1
20848,beacompletelyharmonious,ADJ,1,1
20849,thebass,ADV,1,1
20850,prano,NOUN,1,1
20851,supposing,NOUN,1,1
20852,orthree,NOUN,1,1
20853,asthattwo,NOUN,1,1
20854,oneshould,AUX,1,1
20855,wouldhaveinterruptedhim,ADV,1,1
20856,ceede,VERB,1,1
20857,asfollow,NOUN,1,1
20858,iddle,NOUN,1,1
20859,choraldance,NOUN,1,1
20860,pulsation,NOUN,1,1
20861,fullest,ADJ,1,1
20862,adaptation,NOUN,1,1
20863,ofbass,NUM,1,1
20864,totreble,NOUN,1,1
20865,oncetheresponsive,ADJ,1,1
20866,oftheirdestine,VERB,1,1
20867,itsplace,NOUN,1,1
20868,thenalway,VERB,1,1
20869,couldthebalance,NOUN,1,1
20870,ofthesexesbe,ADP,1,1
20871,taine,VERB,1,1
20872,everyboy,NOUN,1,1
20873,veryalphabet,NOUN,1,1
20874,amongusfindshismate,NOUN,1,1
20875,bymost,NOUN,1,1
20876,ofus,NOUN,1,1
20877,theheartswhosehappylotitis,NOUN,1,1
20878,ner,NOUN,1,1
20879,intoareciprocalandperfectlyharmonious,ADJ,1,1
20880,oflongduration,ADJ,1,1
20881,orthe,DET,1,1
20882,quiteharmonize,VERB,1,1
20883,videdthateveryweeklychoru,NOUN,1,1
20884,shallbre,VERB,1,1
20885,discoveryof,NOUN,1,1
20886,manytrial,NOUN,1,1
20887,approxi,NOUN,1,1
20888,atlastachieve,VERB,1,1
20889,forthfromuniversallineland,NOUN,1,1
20890,vocally,ADV,1,1
20891,ofcommon,NOUN,1,1
20892,noticedbythesense,NOUN,1,1
20893,yourkingdom,NOUN,1,1
20894,someofyourpeople,NOUN,1,1
20895,animpossibility,NOUN,1,1
20896,rupted,NOUN,1,1
20897,detectthe,DET,1,1
20898,sightis,NOUN,1,1
20899,butitcanbe,NOUN,1,1
20900,senseofhearing,NOUN,1,1
20901,andby,VERB,1,1
20902,iapologize,VERB,1,1
20903,imperviousto,ADJ,1,1
20904,shallhear,VERB,1,1
20905,yourear,NOUN,1,1
20906,howbymeansofmytwo,NOUN,1,1
20907,milesseventyyard,NOUN,1,1
20908,feeteight,NOUN,1,1
20909,oneto,NOUN,1,1
20910,otherto,NOUN,1,1
20911,tothem,NOUN,1,1
20912,andthencomplacentlycontinue,VERB,1,1
20913,ofmyvoice,NOUN,1,1
20914,closelyfollowedbythe,NOUN,1,1
20915,thelatter,NOUN,1,1
20916,reachesthem,NOUN,1,1
20917,terval,NOUN,1,1
20918,inferthat,ADP,1,1
20919,ofmymouth,NOUN,1,1
20920,fromthem,NOUN,1,1
20921,andaccordinglyknowmy,X,1,1
20922,ofcourse,VERB,1,1
20923,thatmywive,NOUN,1,1
20924,donot,INTJ,1,1
20925,makethis,DET,1,1
20926,lation,NOUN,1,1
20927,everytime,NOUN,1,1
20928,mytwo,NUM,1,1
20929,anytime,ADV,1,1
20930,oneofhistwovoice,NOUN,1,1
20931,thatit,NOUN,1,1
20932,cannotbe,NOUN,1,1
20933,recognizeda,VERB,1,1
20934,maynot,INTJ,1,1
20935,causegreatinconvenience,NOUN,1,1
20936,andhaveyounomean,NOUN,1,1
20937,ofchecking,NOUN,1,1
20938,fraudsofthiskindbycommande,VERB,1,1
20939,subjectsto,NOUN,1,1
20940,feeloneanother,NOUN,1,1
20941,averystupidquestion,NOUN,1,1
20942,ofirritate,VERB,1,1
20943,themonarch,NOUN,1,1
20944,isucceede,VERB,1,1
20945,meanbyfeeling,NOUN,1,1
20946,approachingsocloseastoleaveno,NOUN,1,1
20947,spacebetween,ADJ,1,1
20948,liableto,VERB,1,1
20949,beshatteredbysuch,NOUN,1,1
20950,universallythat,NOUN,1,1
20951,closelyas,NOUN,1,1
20952,destroythe,DET,1,1
20953,proximator,NOUN,1,1
20954,proximation,NOUN,1,1
20955,endsof,VERB,1,1
20956,sobrutalandcoarsea,ADJ,1,1
20957,atoncemore,NOUN,1,1
20958,easilyandmore,NOUN,1,1
20959,exactlybythe,ADJ,1,1
20960,ofhearing,NOUN,1,1
20961,hadthe,NOUN,1,1
20962,solidthing,NOUN,1,1
20963,trate,VERB,1,1
20964,billion,NUM,1,1
20965,verifying,NOUN,1,1
20966,thesize,NOUN,1,1
20967,ofeachbythe,DET,1,1
20968,howmuch,ADJ,1,1
20969,timeand,NOUN,1,1
20970,audition,NOUN,1,1
20971,itwerethe,DET,1,1
20972,andstatistic,NOUN,1,1
20973,ofevery,ADJ,1,1
20974,hark,NOUN,1,1
20975,stasy,NOUN,1,1
20976,soundwhich,NOUN,1,1
20977,atinychirpe,VERB,1,1
20978,aninnumerable,ADJ,1,1
20979,ofliliputian,ADJ,1,1
20980,yoursense,ADJ,1,1
20981,ciencie,NOUN,1,1
20982,butpermitmeto,NOUN,1,1
20983,pointoutthatyourlife,NOUN,1,1
20984,deplorablydull,ADJ,1,1
20985,ingbut,NOUN,1,1
20986,noteven,NOUN,1,1
20987,tobecutofffrom,VERB,1,1
20988,arevouchsafe,VERB,1,1
20989,tous,ADJ,1,1
20990,sightatallthantoseesolittle,NOUN,1,1
20991,igrantyouihave,VERB,1,1
20992,discriminative,NOUN,1,1
20993,ofalllinelandwhichgivesyousuchintense,NUM,1,1
20994,orchirpe,VERB,1,1
20995,dancingfrom,VERB,1,1
20996,lefttoright,NOUN,1,1
20997,thenfrom,ADP,1,1
20998,toleft,NOUN,1,1
20999,inyour,VERB,1,1
21000,mediate,NOUN,1,1
21001,twowomen,NOUN,1,1
21002,onyourright,NOUN,1,1
21003,isnotthiscorrect,NOUN,1,1
21004,notwhat,INTJ,1,1
21005,heardthesething,NOUN,1,1
21006,thendreamedthat,ADP,1,1
21007,sawthem,VERB,1,1
21008,bythose,VERB,1,1
21009,isuppose,VERB,1,1
21010,yourwayofsayingnorthward,NOUN,1,1
21011,callfromright,VERB,1,1
21012,cannotdo,VERB,1,1
21013,onlya,ADJ,1,1
21014,rightbyyourselfmove,VERB,1,1
21015,thenibegyou,NOUN,1,1
21016,itto,NOUN,1,1
21017,cannottellyourrightsidefrommyleft,VERB,1,1
21018,noword,NOUN,1,1
21019,ofminecan,VERB,1,1
21020,cleartoyou,NOUN,1,1
21021,cannotbe,VERB,1,1
21022,adistinction,NOUN,1,1
21023,notintheleastunderstandyou,NOUN,1,1
21024,youmovestraight,NOUN,1,1
21025,toyouthatyoucouldmove,NOUN,1,1
21026,insomeotherway,NOUN,1,1
21027,towardswhichyour,NOUN,1,1
21028,sideisnowfronte,VERB,1,1
21029,inother,ADV,1,1
21030,movinginthe,ADJ,1,1
21031,directionof,NOUN,1,1
21032,oneofyour,ADJ,1,1
21033,doyou,PRON,1,1
21034,neverfeeladesireto,NOUN,1,1
21035,ofyourside,VERB,1,1
21036,howcan,VERB,1,1
21037,amanmove,ADP,1,1
21038,inthedirectionofhi,NOUN,1,1
21039,idesire,VERB,1,1
21040,mybody,NOUN,1,1
21041,iytk,VERB,1,1
21042,nhe,NOUN,1,1
21043,d,PUNCT,1,1
21044,u,VERB,1,1
21045,es,VERB,1,1
21046,ft,X,1,1
21047,ppeare,VERB,1,1
21048,claiming,NOUN,1,1
21049,nn,NOUN,1,1
21050,amsimplyoutoflineland,VERB,1,1
21051,whichyoucallspace,NOUN,1,1
21052,theyare,NOUN,1,1
21053,orside,NOUN,1,1
21054,orinside,NOUN,1,1
21055,callit,ADJ,1,1
21056,andican,ADP,1,1
21057,phantly,ADV,1,1
21058,vinceyou,NOUN,1,1
21059,takingupthe,DET,1,1
21060,sameposition,NOUN,1,1
21061,asbefore,NOUN,1,1
21062,doubtyou,NOUN,1,1
21063,mysense,NOUN,1,1
21064,motionbeside,NOUN,1,1
21065,amdaily,ADV,1,1
21066,inreturn,NOUN,1,1
21067,askyou,ADV,1,1
21068,whichyouspeak,NOUN,1,1
21069,returningtosight,NOUN,1,1
21070,size,VERB,1,1
21071,ofsome,ADJ,1,1
21072,fortyofmyretinue,NOUN,1,1
21073,acknowledge,NOUN,1,1
21074,yourfolly,ADV,1,1
21075,ordepartfrom,ADP,1,1
21076,andespeciallyindignant,NOUN,1,1
21077,torte,VERB,1,1
21078,besotte,VERB,1,1
21079,thinkyourselfthe,DET,1,1
21080,perfectionofexistence,NOUN,1,1
21081,realitythe,DET,1,1
21082,profess,ADJ,1,1
21083,ofangle,NOUN,1,1
21084,andeveni,NOUN,1,1
21085,infinitelysuperiorthough,NOUN,1,1
21086,oflittle,ADJ,1,1
21087,whenceihavecometovisityou,NOUN,1,1
21088,advancedtoward,VERB,1,1
21089,andinthatsamemomentthere,ADV,1,1
21090,invehemence,NOUN,1,1
21091,atlast,ADJ,1,1
21092,itrivalle,VERB,1,1
21093,theroarofanarmyofahundredthousand,NOUN,1,1
21094,artilleryofathousand,NOUN,1,1
21095,normove,NOUN,1,1
21096,iproceed,VERB,1,1
21097,companyofmy,ADJ,1,1
21098,foursons,PRON,1,1
21099,orphangrandchildrenhad,VERB,1,1
21100,outand,NOUN,1,1
21101,ponder,VERB,1,1
21102,somewords,X,1,1
21103,mostpromising,NOUN,1,1
21104,ofunusual,ADJ,1,1
21105,brilliancy,NOUN,1,1
21106,himastoourposition,NOUN,1,1
21107,satisfactorythatihadbeen,NOUN,1,1
21108,rewardhimbygive,VERB,1,1
21109,appliedtogeometry,NOUN,1,1
21110,sideofthree,NOUN,1,1
21111,havenofeet,VERB,1,1
21112,wecannomore,VERB,1,1
21113,weperfectly,ADV,1,1
21114,recognizethedifferent,VERB,1,1
21115,ofvolition,NOUN,1,1
21116,areto,VERB,1,1
21117,creaseoflustrecorrespondingtotheincreaseofvolition,NOUN,1,1
21118,andathousandother,NOUN,1,1
21119,kindredsubject,NOUN,1,1
21120,timeforbid,NOUN,1,1
21121,mylittle,VERB,1,1
21122,usto,ADJ,1,1
21123,seetheinside,NOUN,1,1
21124,yetwe,NOUN,1,1
21125,bysimplysquaringthe,NOUN,1,1
21126,numberofinche,NOUN,1,1
21127,numberofsquare,NOUN,1,1
21128,sideis,NOUN,1,1
21129,hexagonmeditated,ADJ,1,1
21130,toshowtheboy,NOUN,1,1
21131,bymove,VERB,1,1
21132,itselfthrough,VERB,1,1
21133,representedby,VERB,1,1
21134,mygrandson,NOUN,1,1
21135,uprathersuddenly,ADV,1,1
21136,bymovingthree,NOUN,1,1
21137,representedby,NOUN,1,1
21138,paralleltoitself,PRON,1,1
21139,makesasquareofthreeinche,NOUN,1,1
21140,toitself,PRON,1,1
21141,tobe,VERB,1,1
21142,alittleruffle,VERB,1,1
21143,ruption,NOUN,1,1
21144,bymywife,NOUN,1,1
21145,retrospectofthe,ADJ,1,1
21146,bilitie,NOUN,1,1
21147,oftheyear,VERB,1,1
21148,mainedinthe,DET,1,1
21149,hourglass,NOUN,1,1
21150,myselffrom,NOUN,1,1
21151,turnedtheglassnorthwardforthe,DET,1,1
21152,theboyis,NOUN,1,1
21153,afool,ADJ,1,1
21154,andachillingbreath,NOUN,1,1
21155,verybeing,NOUN,1,1
21156,arebreake,VERB,1,1
21157,inthu,NOUN,1,1
21158,dishonor,VERB,1,1
21159,roundin,ADJ,1,1
21160,everydirection,NOUN,1,1
21161,ifelt,VERB,1,1
21162,coldwhispercame,NOUN,1,1
21163,istarte,VERB,1,1
21164,whatareyoulooke,VERB,1,1
21165,boyis,NOUN,1,1
21166,heardthe,DET,1,1
21167,firstglance,NOUN,1,1
21168,buta,ADJ,1,1
21169,methat,ADP,1,1
21170,onlythat,ADP,1,1
21171,hadhad,VERB,1,1
21172,hastiness,NOUN,1,1
21173,aperture,NOUN,1,1
21174,ventilator,NOUN,1,1
21175,butwhat,DET,1,1
21176,repliedshe,NOUN,1,1
21177,vancedtoward,NOUN,1,1
21178,atraceof,VERB,1,1
21179,itbe,VERB,1,1
21180,aperfect,VERB,1,1
21181,amore,ADV,1,1
21182,atlast,VERB,1,1
21183,revea,NOUN,1,1
21184,ltomeinword,NOUN,1,1
21185,nearerview,NOUN,1,1
21186,himbe,NOUN,1,1
21187,motionless,VERB,1,1
21188,aburglar,ADJ,1,1
21189,orcut,ADJ,1,1
21190,larisosceles,NOUN,1,1
21191,byfeigne,VERB,1,1
21192,ofacircle,NOUN,1,1
21193,tosightrecognition,NOUN,1,1
21194,ciallyattheshort,NOUN,1,1
21195,atwhich,NOUN,1,1
21196,forwardwith,ADV,1,1
21197,notthe,ADJ,1,1
21198,circular,ADV,1,1
21199,lectit,NOUN,1,1
21200,onlysome,NOUN,1,1
21201,mence,VERB,1,1
21202,lengthiness,NOUN,1,1
21203,myintroductoryprocess,NOUN,1,1
21204,vousness,NOUN,1,1
21205,revealmyindiscretion,VERB,1,1
21206,cation,NOUN,1,1
21207,inspace,X,1,1
21208,threename,NOUN,1,1
21209,meannothe,VERB,1,1
21210,inyour,NOUN,1,1
21211,luminary,ADJ,1,1
21212,atthejuncture,NOUN,1,1
21213,oftwo,NOUN,1,1
21214,ofmyside,NOUN,1,1
21215,yourperimeter,X,1,1
21216,onyourside,ADV,1,1
21217,inmyinside,NOUN,1,1
21218,aneye,NOUN,1,1
21219,mystomach,NOUN,1,1
21220,amin,VERB,1,1
21221,jestinghumor,NOUN,1,1
21222,itell,VERB,1,1
21223,thatposition,NOUN,1,1
21224,ofadvantage,NOUN,1,1
21225,allthat,NOUN,1,1
21226,assertionsare,NOUN,1,1
21227,easilymade,NOUN,1,1
21228,noteasilyprove,VERB,1,1
21229,provemine,NOUN,1,1
21230,eachinhis,ADJ,1,1
21231,andyour,DET,1,1
21232,yourwife,NOUN,1,1
21233,sawyourisoscele,NOUN,1,1
21234,innumber,NOUN,1,1
21235,andthelittlepage,VERB,1,1
21236,andhowdoyou,NOUN,1,1
21237,youknowvery,NOUN,1,1
21238,ture,NOUN,1,1
21239,suchfact,NOUN,1,1
21240,touchingthebelongingsofhishumble,ADJ,1,1
21241,easilyascertaine,VERB,1,1
21242,howshall,NOUN,1,1
21243,statementof,NOUN,1,1
21244,factsfollowe,VERB,1,1
21245,byocular,ADJ,1,1
21246,stration,NOUN,1,1
21247,oughtto,NOUN,1,1
21248,landisthevast,ADJ,1,1
21249,maycall,VERB,1,1
21250,aninfinite,ADJ,1,1
21251,numberofcircle,NOUN,1,1
21252,ofsize,VERB,1,1
21253,ofthirteen,NOUN,1,1
21254,placedonthetopoftheother,NOUN,1,1
21255,yourplane,NOUN,1,1
21256,amnowdoing,VERB,1,1
21257,makeinyourplane,VERB,1,1
21258,myproper,NOUN,1,1
21259,manif,ADJ,1,1
21260,lastnight,NOUN,1,1
21261,phantasmalvision,NOUN,1,1
21262,uponyourbrain,NOUN,1,1
21263,ber,NOUN,1,1
21264,theking,NUM,1,1
21265,buta,VERB,1,1
21266,inpreciselythe,DET,1,1
21267,hibit,NOUN,1,1
21268,iswhatyoucall,VERB,1,1
21269,butnowprepare,NOUN,1,1
21270,itive,ADJ,1,1
21271,ofthetruth,NOUN,1,1
21272,mysection,NOUN,1,1
21273,youhave,ADJ,1,1
21274,powerto,ADJ,1,1
21275,outof,VERB,1,1
21276,riseinspace,VERB,1,1
21277,willbethatmycircle,NOUN,1,1
21278,tw,NOUN,1,1
21279,ic,NOUN,1,1
21280,w,NOUN,1,1
21281,ot,INTJ,1,1
21282,tise,NOUN,1,1
21283,standthat,VERB,1,1
21284,wa,ADJ,1,1
21285,l,X,1,1
21286,th,X,1,1
21287,u,X,1,1
21288,h,INTJ,1,1
21289,ot,X,1,1
21290,ih,X,1,1
21291,matic,NOUN,1,1
21292,sawthe,VERB,1,1
21293,asdark,ADJ,1,1
21294,rapidlymake,VERB,1,1
21295,himselflarger,NOUN,1,1
21296,whenhehadregainedhisoriginalsize,NOUN,1,1
21297,heheave,VERB,1,1
21298,bymysilence,NOUN,1,1
21299,altogetherfaile,VERB,1,1
21300,mustbe,ADJ,1,1
21301,orelse,VERB,1,1
21302,oldwife,NOUN,1,1
21303,taleswere,ADJ,1,1
21304,hemutteredtohimself,PRON,1,1
21305,aloneremain,NOUN,1,1
21306,trythe,VERB,1,1
21307,method,ADJ,1,1
21308,ofanalogy,NOUN,1,1
21309,thewake,VERB,1,1
21310,andhowmanyside,NOUN,1,1
21311,hasasquare,NOUN,1,1
21312,howmanyangles,NUM,1,1
21313,andfourangle,NOUN,1,1
21314,toitselfupward,NOUN,1,1
21315,previouslyoccupie,VERB,1,1
21316,notmymeane,VERB,1,1
21317,servethepurpose,VERB,1,1
21318,ofmyillustration,NOUN,1,1
21319,everypoint,NOUN,1,1
21320,inyou,NOUN,1,1
21321,thatisto,ADJ,1,1
21322,sayinwhatyou,NOUN,1,1
21323,intospace,NOUN,1,1
21324,shapeout,VERB,1,1
21325,describable,ADJ,1,1
21326,itisallplain,ADJ,1,1
21327,mustnot,ADV,1,1
21328,rathernot,VERB,1,1
21329,butanalogy,NOUN,1,1
21330,asingle,ADJ,1,1
21331,itselfa,NOUN,1,1
21332,oneterminalpoint,NOUN,1,1
21333,terminal,ADJ,1,1
21334,withfour,NOUN,1,1
21335,nowareyouconvince,VERB,1,1
21336,orwhatyou,NOUN,1,1
21337,terminalpoint,NOUN,1,1
21338,toanalogy,NOUN,1,1
21339,whatyou,PRON,1,1
21340,callside,VERB,1,1
21341,wouldcallthem,VERB,1,1
21342,solid,NOUN,1,1
21343,manysolid,NOUN,1,1
21344,appertain,VERB,1,1
21345,canyou,NOUN,1,1
21346,ofanything,NOUN,1,1
21347,ifimay,ADV,1,1
21348,quently,ADV,1,1
21349,maybecalle,VERB,1,1
21350,courtesyit,NOUN,1,1
21351,andwhatisthe,DET,1,1
21352,swere,VERB,1,1
21353,willbeboundedbysixside,NOUN,1,1
21354,thatisto,NOUN,1,1
21355,sixofyourinside,VERB,1,1
21356,ordevil,NOUN,1,1
21357,morewill,NOUN,1,1
21358,invain,NOUN,1,1
21359,ibroughtmy,NOUN,1,1
21360,intoviolent,NOUN,1,1
21361,collisionwith,ADP,1,1
21362,unarrestablyslipping,NOUN,1,1
21363,mycontact,NOUN,1,1
21364,theleft,NOUN,1,1
21365,butmovingsomehow,VERB,1,1
21366,andvanishing,NOUN,1,1
21367,tonothing,NOUN,1,1
21368,ablank,ADJ,1,1
21369,ion,NOUN,1,1
21370,preachonceonlyin,VERB,1,1
21371,howto,VERB,1,1
21372,notword,NOUN,1,1
21373,myfriend,VERB,1,1
21374,myposition,NOUN,1,1
21375,ofwhat,NOUN,1,1
21376,callboxe,NOUN,1,1
21377,butlikeeverythingelseinflatland,NOUN,1,1
21378,seealso,ADV,1,1
21379,youlockthecupboard,ADJ,1,1
21380,halfanhour,ADJ,1,1
21381,fromspace,ADV,1,1
21382,unmoved,ADJ,1,1
21383,nowiamin,VERB,1,1
21384,thetablet,NOUN,1,1
21385,withit,NOUN,1,1
21386,uponthefloor,ADJ,1,1
21387,itook,VERB,1,1
21388,couldbe,VERB,1,1
21389,itwasthemissingtablet,NOUN,1,1
21390,notoutofmysense,NOUN,1,1
21391,thestranger,NOUN,1,1
21392,mustnowseethat,NOUN,1,1
21393,myexplanation,NOUN,1,1
21394,noother,NOUN,1,1
21395,suitsthephenomena,NOUN,1,1
21396,whatyoucallsolid,ADJ,1,1
21397,arereallysuperficial,NOUN,1,1
21398,youcallspace,NOUN,1,1
21399,agreat,VERB,1,1
21400,youonlyseetheoutside,VERB,1,1
21401,ifyoucouldbutsummonup,ADP,1,1
21402,motionwouldenable,ADJ,1,1
21403,youtoseeallthaticansee,NOUN,1,1
21404,moreicansee,NOUN,1,1
21405,cende,VERB,1,1
21406,isonly,ADV,1,1
21407,sayto,VERB,1,1
21408,atouch,ADJ,1,1
21409,inyourstomach,NOUN,1,1
21410,willnotseriouslyinjureyou,NOUN,1,1
21411,andtheslightpainyou,NOUN,1,1
21412,ofremonstrance,NOUN,1,1
21413,ashoote,VERB,1,1
21414,paininmyinside,ADV,1,1
21415,amoment,NOUN,1,1
21416,beganto,NOUN,1,1
21417,reappear,NOUN,1,1
21418,ashe,NOUN,1,1
21419,nothurtyou,ADV,1,1
21420,whatsayyou,INTJ,1,1
21421,יי,INTJ,1,1
21422,resolutionwas,NOUN,1,1
21423,traryvisitation,NOUN,1,1
21424,thusplay,VERB,1,1
21425,sametimealarmingthewhole,ADJ,1,1
21426,mycrie,NOUN,1,1
21427,belowour,NOUN,1,1
21428,redoubledvigor,NOUN,1,1
21429,recoursetothelastresource,VERB,1,1
21430,ofcivilization,NOUN,1,1
21431,sendyourwife,NOUN,1,1
21432,mustthe,VERB,1,1
21433,waitingbethrownaway,NOUN,1,1
21434,ihearhercoming,NOUN,1,1
21435,itcometothis,ADJ,1,1
21436,thunderedthe,ADP,1,1
21437,ger,NOUN,1,1
21438,tisdone,NOUN,1,1
21439,andwhat,ADP,1,1
21440,anunspeakable,ADJ,1,1
21441,adizzy,ADJ,1,1
21442,notspace,NOUN,1,1
21443,calmlyrepliedthevoice,NOUN,1,1
21444,visiblyincorporate,NOUN,1,1
21445,allthat,DET,1,1
21446,layopen,ADJ,1,1
21447,myview,VERB,1,1
21448,callitthe,VERB,1,1
21449,surfaceofthesphere,X,1,1
21450,consummate,ADJ,1,1
21451,thylung,NOUN,1,1
21452,thyarterie,NOUN,1,1
21453,otherbee,VERB,1,1
21454,tobeholdmyinternalpart,NOUN,1,1
21455,ofadifferent,ADJ,1,1
21456,orderofbeingsfromthosein,NOUN,1,1
21457,myintestine,NOUN,1,1
21458,calledin,VERB,1,1
21459,sent,VERB,1,1
21460,matic,ADJ,1,1
21461,worshippedhiminsilentadoration,NOUN,1,1
21462,hecontinue,VERB,1,1
21463,yourselfifyou,NOUN,1,1
21464,cannotatfirstunderstandthe,DET,1,1
21465,bydegree,NOUN,1,1
21466,theywilldawn,VERB,1,1
21467,bycastingback,VERB,1,1
21468,regionwhenceyou,NOUN,1,1
21469,returnwith,VERB,1,1
21470,willshowyou,VERB,1,1
21471,andthought,ADV,1,1
21472,theway,NOUN,1,1
21473,ifin,ADJ,1,1
21474,beholdyour,NOUN,1,1
21475,individualitywhich,NOUN,1,1
21476,h,VERB,1,1
21477,thecellar,ADV,1,1
21478,hf,NOUN,1,1
21479,eo,PRON,1,1
21480,andwasrove,VERB,1,1
21481,iously,ADV,1,1
21482,myreturn,NOUN,1,1
21483,bymy,NOUN,1,1
21484,faint,NOUN,1,1
21485,allthis,INTJ,1,1
21486,nowsee,VERB,1,1
21487,merelyinfer,VERB,1,1
21488,andthetablet,VERB,1,1
21489,ofwhichthe,DET,1,1
21490,aboutyourwife,NOUN,1,1
21491,saidmyguide,ADV,1,1
21492,shewillnotbe,ADJ,1,1
21493,ustake,ADJ,1,1
21494,asurvey,NOUN,1,1
21495,objectwe,NOUN,1,1
21496,beheld,NOUN,1,1
21497,ofmine,VERB,1,1
21498,cavern,VERB,1,1
21499,unveiledbefore,ADJ,1,1
21500,myunworthyeye,NOUN,1,1
21501,theyexpress,ADJ,1,1
21502,ofgod,NOUN,1,1
21503,mycountry,NOUN,1,1
21504,byyourwise,NOUN,1,1
21505,notknow,ADV,1,1
21506,ifa,NOUN,1,1
21507,acut,NOUN,1,1
21508,inyour,ADJ,1,1
21509,surelythat,NOUN,1,1
21510,commonword,NOUN,1,1
21511,howdoe,VERB,1,1
21512,arethe,NOUN,1,1
21513,ofwoman,NOUN,1,1
21514,knowthat,ADP,1,1
21515,isnotforme,VERB,1,1
21516,toclassifyhuman,NOUN,1,1
21517,tiesaccorde,VERB,1,1
21518,wisest,ADJ,1,1
21519,thanofyourbelaude,VERB,1,1
21520,knowthat,DET,1,1
21521,afaroff,NOUN,1,1
21522,pentagonal,ADJ,1,1
21523,thefirst,NOUN,1,1
21524,dayof,NOUN,1,1
21525,theirwont,NOUN,1,1
21526,realmwere,ADJ,1,1
21527,insolemn,NOUN,1,1
21528,theyhadmet,NOUN,1,1
21529,hourof,X,1,1
21530,firstdayoftheyear,NOUN,1,1
21531,ofthefirstdayoftheyear,NOUN,1,1
21532,theprevious,ADJ,1,1
21533,intentione,VERB,1,1
21534,frenzy,VERB,1,1
21535,millenary,ADJ,1,1
21536,ofanydegree,NOUN,1,1
21537,anysquare,PRON,1,1
21538,besent,ADJ,1,1
21539,districtasylum,NOUN,1,1
21540,ofhigherrank,NOUN,1,1
21541,judgedby,NOUN,1,1
21542,formalresolution,NOUN,1,1
21543,orimprisonment,NOUN,1,1
21544,matterisnowso,NOUN,1,1
21545,clearto,VERB,1,1
21546,ofreal,ADJ,1,1
21547,thinksicould,AUX,1,1
21548,understandit,NOUN,1,1
21549,thismoment,ADJ,1,1
21550,manyof,VERB,1,1
21551,startback,NOUN,1,1
21552,manifesthorror,NOUN,1,1
21553,lar,NOUN,1,1
21554,sectionwidene,VERB,1,1
21555,alow,ADJ,1,1
21556,wehavehim,PRON,1,1
21557,archive,NOUN,1,1
21558,similaroccurrence,NOUN,1,1
21559,nowsummone,VERB,1,1
21560,arrestthe,NOUN,1,1
21561,gagthem,NOUN,1,1
21562,youknowyour,NOUN,1,1
21563,secretwhich,NOUN,1,1
21564,permittedto,ADJ,1,1
21565,reveal,NOUN,1,1
21566,addressedthe,VERB,1,1
21567,sellor,NOUN,1,1
21568,myexcellent,NOUN,1,1
21569,cordancewithprecedentandforthesakeofsecrecy,NOUN,1,1
21570,butaddedhis,PRON,1,1
21571,satisfactionthat,NOUN,1,1
21572,unlesssomemention,NOUN,1,1
21573,ofthat,DET,1,1
21574,whatcameofit,NOUN,1,1
21575,prisonment,NOUN,1,1
21576,intercede,VERB,1,1
21577,myguide,NOUN,1,1
21578,condole,NOUN,1,1
21579,naught,ADJ,1,1
21580,terior,NOUN,1,1
21581,troduce,VERB,1,1
21582,youthe,DET,1,1
21583,oneanother,NOUN,1,1
21584,nowthe,DET,1,1
21585,complete,NOUN,1,1
21586,ashigh,ADJ,1,1
21587,verysightofitispainfulto,NOUN,1,1
21588,accustomedtolight,ADV,1,1
21589,andperspective,ADJ,1,1
21590,ofsightrecognition,NOUN,1,1
21591,hethenintroduced,ADJ,1,1
21592,metothecube,NOUN,1,1
21593,andifound,NOUN,1,1
21594,marvellousbeing,NOUN,1,1
21595,eightterminalpoint,NOUN,1,1
21596,thiswould,NOUN,1,1
21597,beforme,VERB,1,1
21598,insignificant,VERB,1,1
21599,couldinsome,VERB,1,1
21600,ofso,NOUN,1,1
21601,fullyunderstand,VERB,1,1
21602,myteacher,NOUN,1,1
21603,didnothesitate,VERB,1,1
21604,toputmydifficultie,NOUN,1,1
21605,succinctand,VERB,1,1
21606,itwould,AUX,1,1
21607,byhis,DET,1,1
21608,andbychangingtheposition,NOUN,1,1
21609,ownsacredperson,NOUN,1,1
21610,distinguishbetween,VERB,1,1
21611,mostundeserve,VERB,1,1
21612,knowledgebe,NOUN,1,1
21613,myvolition,NOUN,1,1
21614,shrinksfrom,ADP,1,1
21615,ofrecallingmyhumiliation,NOUN,1,1
21616,ond,NOUN,1,1
21617,byanymean,NOUN,1,1
21618,mayarouse,VERB,1,1
21619,ofplane,ADJ,1,1
21620,aspirit,NOUN,1,1
21621,ofrebellion,NOUN,1,1
21622,limitour,DET,1,1
21623,personalconsideration,NOUN,1,1
21624,letme,NOUN,1,1
21625,tinue,NOUN,1,1
21626,dispassionate,ADJ,1,1
21627,theyareburnt,VERB,1,1
21628,mybrain,NOUN,1,1
21629,withoutalteration,NOUN,1,1
21630,anddestiny,NOUN,1,1
21631,pentahedron,NOUN,1,1
21632,hexahedron,NOUN,1,1
21633,dodecahedron,NOUN,1,1
21634,butletme,NOUN,1,1
21635,begthee,NOUN,1,1
21636,tovouchsafethyservant,NOUN,1,1
21637,thyintestine,NOUN,1,1
21638,timed,ADJ,1,1
21639,bysaye,VERB,1,1
21640,longerthe,DET,1,1
21641,asyou,VERB,1,1
21642,superiorto,VERB,1,1
21643,manycircle,NOUN,1,1
21644,inspace,NOUN,1,1
21645,dostsurely,ADV,1,1
21646,yetmore,NOUN,1,1
21647,spaciousspace,NOUN,1,1
21648,dimensionable,ADJ,1,1
21649,downtogether,ADJ,1,1
21650,ofsolidthing,NOUN,1,1
21651,andwhere,ADJ,1,1
21652,thineownintestine,NOUN,1,1
21653,andthoseofthykindredsphere,NOUN,1,1
21654,willlie,NOUN,1,1
21655,exposedto,NOUN,1,1
21656,poorwandering,NOUN,1,1
21657,exilefrom,ADP,1,1
21658,somuchha,VERB,1,1
21659,alreadybeenvouchsafe,VERB,1,1
21660,beforeyou,NOUN,1,1
21661,toproclaim,VERB,1,1
21662,toyourblindbenighte,VERB,1,1
21663,notwhat,ADP,1,1
21664,knowitisinthypowerto,ADJ,1,1
21665,ofthine,ADJ,1,1
21666,emancipable,ADJ,1,1
21667,readytoreceiveallthyteaching,NOUN,1,1
21668,thatfallfromthy,ADJ,1,1
21669,turnmy,VERB,1,1
21670,obligeyou,DET,1,1
21671,allmycountrymeninthe,DET,1,1
21672,mewith,NOUN,1,1
21673,vant,ADJ,1,1
21674,onasecondjourney,NOUN,1,1
21675,intothe,DET,1,1
21676,moreupon,ADV,1,1
21677,everythree,ADJ,1,1
21678,sione,VERB,1,1
21679,tine,NOUN,1,1
21680,ofeverysolidlivingcreature,NOUN,1,1
21681,myteacherknow,NOUN,1,1
21682,impartedto,VERB,1,1
21683,righttodiscern,VERB,1,1
21684,totouch,NOUN,1,1
21685,noeye,NOUN,1,1
21686,cern,VERB,1,1
21687,taughtme,NOUN,1,1
21688,orcan,ADJ,1,1
21689,forgottenwhat,PRON,1,1
21690,himselfimpartedto,VERB,1,1
21691,twoterminalpoint,NOUN,1,1
21692,amove,VERB,1,1
21693,withfourterminalpoint,NOUN,1,1
21694,movingsquare,NOUN,1,1
21695,didnotthiseyeofminebeholdit,NOUN,1,1
21696,eing,NOUN,1,1
21697,eightterminalpo,NOUN,1,1
21698,int,NOUN,1,1
21699,ala,NOUN,1,1
21700,ifimightquote,NOUN,1,1
21701,mylord,NOUN,1,1
21702,strictlyaccordingtoanalogy,NOUN,1,1
21703,twobounde,VERB,1,1
21704,arefourbounde,VERB,1,1
21705,soin,VERB,1,1
21706,sixboundingsquare,NOUN,1,1
21707,beholdonce,NOUN,1,1
21708,consequentlydoe,NOUN,1,1
21709,offour,ADJ,1,1
21710,eightbounde,VERB,1,1
21711,toyour,NOUN,1,1
21712,longerdemand,VERB,1,1
21713,amright,VERB,1,1
21714,willlistento,VERB,1,1
21715,nowyour,ADJ,1,1
21716,replytothis,ADJ,1,1
21717,onlyvouchsafe,ADV,1,1
21718,theyexplain,VERB,1,1
21719,ofteacher,NOUN,1,1
21720,tainly,ADV,1,1
21721,theyever,ADV,1,1
21722,butmostpeople,NOUN,1,1
21723,willnot,NOUN,1,1
21724,thatblesse,VERB,1,1
21725,allsolid,NOUN,1,1
21726,ravished,NOUN,1,1
21727,movinginsome,ADJ,1,1
21728,altogethernewdirection,NOUN,1,1
21729,soas,NOUN,1,1
21730,withsixteen,VERB,1,1
21731,lingeronthe,ADJ,1,1
21732,lectual,ADJ,1,1
21733,ofthunder,NOUN,1,1
21734,incoming,ADJ,1,1
21735,andasimultaneous,ADJ,1,1
21736,impelledme,VERB,1,1
21737,rapidlydescende,VERB,1,1
21738,aminute,VERB,1,1
21739,myexperience,NOUN,1,1
21740,hende,VERB,1,1
21741,atthemoment,NOUN,1,1
21742,anydangerfromher,NOUN,1,1
21743,mysecret,NOUN,1,1
21744,knowthat,ADV,1,1
21745,mustneed,VERB,1,1
21746,iendeavore,VERB,1,1
21747,accidentallyfallenthroughthe,DET,1,1
21748,andhadtherelain,NOUN,1,1
21749,mywife,NUM,1,1
21750,illandrequire,VERB,1,1
21751,quietlyoverwhat,PRON,1,1
21752,closediendeavore,VERB,1,1
21753,isconstructed,ADJ,1,1
21754,andyetnot,ADV,1,1
21755,steadfastlyto,VERB,1,1
21756,retainthese,ADJ,1,1
21757,clewwhich,NOUN,1,1
21758,iffirmlygraspe,VERB,1,1
21759,mechanicallyrepeating,ADJ,1,1
21760,fellinto,VERB,1,1
21761,myslumber,NOUN,1,1
21762,hadexchange,VERB,1,1
21763,placability,NOUN,1,1
21764,butinfinitesimally,ADV,1,1
21765,whichmy,VERB,1,1
21766,aslight,VERB,1,1
21767,onlyless,ADV,1,1
21768,resonantby,ADV,1,1
21769,thesoundreache,VERB,1,1
21770,fromitofsomethingundertwentyhumandiagonal,NOUN,1,1
21771,yon,NOUN,1,1
21772,dimensional,ADJ,1,1
21773,לי,VERB,1,1
21774,ofthem,NOUN,1,1
21775,nocognizance,NOUN,1,1
21776,athought,NOUN,1,1
21777,toaspireisbetterthan,VERB,1,1
21778,beblindly,ADV,1,1
21779,impotentlyhappy,ADJ,1,1
21780,nowlisten,VERB,1,1
21781,andthere,ADV,1,1
21782,graph,NOUN,1,1
21783,punycreature,NOUN,1,1
21784,haveyou,NOUN,1,1
21785,notnoticedbefore,ADV,1,1
21786,thatbabie,NOUN,1,1
21787,babyish,ADJ,1,1
21788,ofthemselve,NOUN,1,1
21789,buthush,NOUN,1,1
21790,allspace,ADV,1,1
21791,ness,VERB,1,1
21792,ofbee,VERB,1,1
21793,itwhat,ADP,1,1
21794,itthe,DET,1,1
21795,narrowlimitation,NOUN,1,1
21796,andleaditup,VERB,1,1
21797,tosomething,NOUN,1,1
21798,tryyou,NOUN,1,1
21799,theuttermost,NOUN,1,1
21800,pointasfollow,NOUN,1,1
21801,callyourselfthe,ADJ,1,1
21802,butyouarethenothing,NUM,1,1
21803,amere,VERB,1,1
21804,anda,NOUN,1,1
21805,ascomparedwith,ADP,1,1
21806,nowlisten,ADJ,1,1
21807,andmarktheeffectofyour,ADJ,1,1
21808,brightlythan,NOUN,1,1
21809,uponheare,VERB,1,1
21810,clearlythat,NOUN,1,1
21811,heretainedhis,ADJ,1,1
21812,andihad,VERB,1,1
21813,thejoyofthought,NOUN,1,1
21814,disparagement,NOUN,1,1
21815,therebyto,ADJ,1,1
21816,sweetrebellion,NOUN,1,1
21817,standsthem,NOUN,1,1
21818,atall,NOUN,1,1
21819,heacceptsthemashisown,NOUN,1,1
21820,hecannotconceiveofanyotherexcepthimself,NOUN,1,1
21821,ofcreative,ADJ,1,1
21822,fruition,NOUN,1,1
21823,omnipresenceandomniscience,NOUN,1,1
21824,nothingthatyouor,NOUN,1,1
21825,cando,NOUN,1,1
21826,himfrom,VERB,1,1
21827,gentlyback,NOUN,1,1
21828,myvision,NOUN,1,1
21829,othersto,ADJ,1,1
21830,initiateme,NOUN,1,1
21831,hadwitnesse,VERB,1,1
21832,bymethod,NOUN,1,1
21833,nsion,NOUN,1,1
21834,evangelize,VERB,1,1
21835,asihad,VERB,1,1
21836,heardthesound,VERB,1,1
21837,commandingsilence,NOUN,1,1
21838,thenfollowed,ADJ,1,1
21839,aloudervoice,NOUN,1,1
21840,tively,ADV,1,1
21841,executionofanyonewho,NOUN,1,1
21842,shouldpervertthe,DET,1,1
21843,itwouldbe,NOUN,1,1
21844,betterto,ADJ,1,1
21845,avoiditby,NOUN,1,1
21846,myrevelation,NOUN,1,1
21847,ofdemonstration,NOUN,1,1
21848,whichafterallseeme,VERB,1,1
21849,soconclusivethat,VERB,1,1
21850,ithadseemedtomefairlyclearbeforei,NOUN,1,1
21851,fellasleep,NOUN,1,1
21852,soobvious,ADJ,1,1
21853,mywife,NOUN,1,1
21854,roomopportunelyjust,NOUN,1,1
21855,afewwordsofcommonplace,NOUN,1,1
21856,nottobegin,VERB,1,1
21857,andphysiciansofno,NOUN,1,1
21858,meanreputation,NOUN,1,1
21859,notgreat,ADJ,1,1
21860,inmathematic,NOUN,1,1
21861,inthat,ADJ,1,1
21862,knownothe,VERB,1,1
21863,fo,ADP,1,1
21864,tshoe,NOUN,1,1
21865,theyfound,ADJ,1,1
21866,meseriouslymaintaine,VERB,1,1
21867,heresyofthethird,NOUN,1,1
21868,ofmy,NOUN,1,1
21869,knowsomethingofthe,VERB,1,1
21870,hadentere,VERB,1,1
21871,consistentwithtrutha,VERB,1,1
21872,inspaceland,ADP,1,1
21873,contentwith,VERB,1,1
21874,anyreference,NOUN,1,1
21875,immediatelysent,VERB,1,1
21876,thatihad,ADJ,1,1
21877,seenand,NOUN,1,1
21878,heardwasinsome,NOUN,1,1
21879,strangeway,NOUN,1,1
21880,enteredthe,NOUN,1,1
21881,securedthedoor,ADJ,1,1
21882,sittingdownbyhissideand,NOUN,1,1
21883,morehow,NOUN,1,1
21884,bymotion,NOUN,1,1
21885,intwo,ADJ,1,1
21886,mebelievethat,NOUN,1,1
21887,mayin,NOUN,1,1
21888,samewayby,NOUN,1,1
21889,notnorthward,NOUN,1,1
21890,asortofextra,ADJ,1,1
21891,outsideinthestreetproclaime,VERB,1,1
21892,unusuallyintelligent,ADJ,1,1
21893,authorityof,NOUN,1,1
21894,remainedsilenttillthelastword,VERB,1,1
21895,ofcourse,NOUN,1,1
21896,forthat,NOUN,1,1
21897,andnotnorthward,ADV,1,1
21898,ababy,VERB,1,1
21899,absurdasthat,ADJ,1,1
21900,howsillyitis,ADJ,1,1
21901,buti,ADJ,1,1
21902,itsomewhere,ADV,1,1
21903,inane,ADJ,1,1
21904,lusion,NOUN,1,1
21905,ingthe,NOUN,1,1
21906,tothe,NOUN,1,1
21907,louderthan,NOUN,1,1
21908,inghe,NOUN,1,1
21909,unlockedthedoor,NOUN,1,1
21910,ranoutof,VERB,1,1
21911,thegospelofthreedimension,NOUN,1,1
21912,hree,NOUN,1,1
21913,byother,NOUN,1,1
21914,andofthe,DET,1,1
21915,bysetting,NOUN,1,1
21916,beforethe,ADV,1,1
21917,viewof,NOUN,1,1
21918,forthis,ADJ,1,1
21919,resorttowriting,NOUN,1,1
21920,compositionofatreatise,NOUN,1,1
21921,ifpossible,ADJ,1,1
21922,simultaneouslythe,NOUN,1,1
21923,inside,VERB,1,1
21924,ofall,ADJ,1,1
21925,eightterminal,ADJ,1,1
21926,inwritingthisbook,NOUN,1,1
21927,sadlyhampere,VERB,1,1
21928,ofdrawe,VERB,1,1
21929,nodiagrams,ADJ,1,1
21930,butlines,NOUN,1,1
21931,onlydistinguishable,ADJ,1,1
21932,bydifference,NOUN,1,1
21933,understandmymeane,VERB,1,1
21934,andcouldhardly,ADV,1,1
21935,frommake,VERB,1,1
21936,togive,NOUN,1,1
21937,mysterieswhichihadoncebeheld,NOUN,1,1
21938,yetwhichicould,AUX,1,1
21939,andfounddailymore,VERB,1,1
21940,evenbefore,NOUN,1,1
21941,mentalvision,NOUN,1,1
21942,memore,ADJ,1,1
21943,knewnot,VERB,1,1
21944,couldhave,VERB,1,1
21945,howcouldiconvincethe,NUM,1,1
21946,mostdevelope,VERB,1,1
21947,myspiritwastoostrongforme,VERB,1,1
21948,andigaveventto,NOUN,1,1
21949,heterodoxifnot,VERB,1,1
21950,treasonable,ADJ,1,1
21951,ofmyposition,NOUN,1,1
21952,suspiciousorhalf,ADJ,1,1
21953,lunaticswho,PRON,1,1
21954,theyhad,VERB,1,1
21955,hibite,VERB,1,1
21956,accountofthe,NOUN,1,1
21957,myvoyage,NOUN,1,1
21958,thentospace,VERB,1,1
21959,factorvision,NOUN,1,1
21960,fictitious,ADJ,1,1
21961,siasm,NOUN,1,1
21962,alldisguise,NOUN,1,1
21963,peroration,NOUN,1,1
21964,butaveryfewmonth,NOUN,1,1
21965,thesphere,NOUN,1,1
21966,allowedtobeginandtocontinue,NOUN,1,1
21967,mynarrationunquestione,VERB,1,1
21968,anduninterrupte,VERB,1,1
21969,ofangularitylittle,ADJ,1,1
21970,ifatall,NOUN,1,1
21971,knewonlytoowellwhat,NUM,1,1
21972,officialswho,NOUN,1,1
21973,heardit,NOUN,1,1
21974,beingthecase,NOUN,1,1
21975,tutethecheaperforthe,DET,1,1
21976,ind,VERB,1,1
21977,icate,VERB,1,1
21978,couldbyanydiagram,NOUN,1,1
21979,otherthantheenumerationofimaginaryside,NOUN,1,1
21980,saynothe,VERB,1,1
21981,causewouldsurelyprevailinthe,ADJ,1,1
21982,repliedthathe,NOUN,1,1
21983,mysentiment,NOUN,1,1
21984,prisonandevangelizetheworld,NOUN,1,1
21985,resultto,NOUN,1,1
21986,shouldbe,NOUN,1,1
21987,iforfeite,VERB,1,1
21988,theprivilegebymisconduct,NOUN,1,1
21989,ishouldbeoccasionally,ADV,1,1
21990,hadprecede,VERB,1,1
21991,tomyprison,NOUN,1,1
21992,amstillaprisoner,NOUN,1,1
21993,ifi,ADJ,1,1
21994,occasionalvisit,NOUN,1,1
21995,ofmybrother,NOUN,1,1
21996,allcompanionship,NOUN,1,1
21997,savethat,DET,1,1
21998,ja,NOUN,1,1
21999,iler,NOUN,1,1
22000,ofthebest,NOUN,1,1
22001,confessthat,NOUN,1,1
22002,myweekly,ADJ,1,1
22003,atleastinonerespect,VERB,1,1
22004,hesawthesphere,PRON,1,1
22005,explanationofthe,NOUN,1,1
22006,scarcelyaweek,VERB,1,1
22007,haspasseddure,VERB,1,1
22008,sevenwhole,ADJ,1,1
22009,partiplayedinthatmanifestation,NOUN,1,1
22010,togetherwith,ADP,1,1
22011,thephenomena,NOUN,1,1
22012,ofsolid,ADJ,1,1
22013,thingsderivable,ADJ,1,1
22014,fromanalogy,NOUN,1,1
22015,mybrotherhasnot,ADV,1,1
22016,ofconvert,NOUN,1,1
22017,aughtthat,DET,1,1
22018,hasbeenmadetome,NOUN,1,1
22019,fornothe,VERB,1,1
22020,boundfor,ADP,1,1
22021,memoir,VERB,1,1
22022,theirwayto,PRON,1,1
22023,andmaystiruparaceofrebelswhoshall,NOUN,1,1
22024,refuseto,NOUN,1,1
22025,tolimite,VERB,1,1
22026,dimensionality,NOUN,1,1
22027,itisnotalwaysso,NOUN,1,1
22028,heavilyweigh,NOUN,1,1
22029,burdensome,ADJ,1,1
22030,sayi,NOUN,1,1
22031,asoul,ADV,1,1
22032,martyrdomwhich,NOUN,1,1
22033,ofthetruththat,ADP,1,1
22034,ofmental,ADJ,1,1
22035,flit,ADJ,1,1
22036,thebackgroundofscarce,NOUN,1,1
22037,ionary,NOUN,1,1
22038,eventhis,ADJ,1,1
22039,verytablet,NOUN,1,1
22040,realitiesofflatland,NOUN,1,1
22041,appearno,DET,1,1
22042,orthebaselessfabricofadream,NOUN,1,1
22043,thinaên,VERB,1,1
22044,madeof,VERB,1,1
22045,html,NOUN,1,1
22046,phenomena,NOUN,1,1
22047,discovery,VERB,1,1
22048,ardour,DET,1,1
22049,seafaring,NOUN,1,1
22050,entrance,VERB,1,1
22051,niche,NOUN,1,1
22052,inure,VERB,1,1
22053,whaler,NOUN,1,1
22054,fluctuate,NOUN,1,1
22055,stagecoach,NOUN,1,1
22056,extended,ADJ,1,1
22057,unallie,VERB,1,1
22058,unsoftene,VERB,1,1
22059,whale,ADJ,1,1
22060,fosterage,NOUN,1,1
22061,groundwork,NOUN,1,1
22062,kindliness,NOUN,1,1
22063,detract,NOUN,1,1
22064,considerateness,VERB,1,1
22065,albatross,NOUN,1,1
22066,intertwine,VERB,1,1
22067,pathway,NOUN,1,1
22068,unvisited,ADJ,1,1
22069,merchantman,NOUN,1,1
22070,renovate,VERB,1,1
22071,persevering,ADJ,1,1
22072,untamed,ADJ,1,1
22073,impatient,NOUN,1,1
22074,recovered,ADJ,1,1
22075,inhuman,ADJ,1,1
22076,inquisitiveness,NOUN,1,1
22077,benevolently,ADV,1,1
22078,rawness,NOUN,1,1
22079,cull,VERB,1,1
22080,choice,ADJ,1,1
22081,eventual,ADJ,1,1
22082,furtherance,NOUN,1,1
22083,intoxicating,NOUN,1,1
22084,unfashioned,ADJ,1,1
22085,dearer,VERB,1,1
22086,perfectionate,VERB,1,1
22087,immeasurably,ADV,1,1
22088,intuitive,ADJ,1,1
22089,discernment,NOUN,1,1
22090,fulfilled,ADJ,1,1
22091,irradiate,VERB,1,1
22092,syndic,NOUN,1,1
22093,unbend,VERB,1,1
22094,overjoyed,ADJ,1,1
22095,unworthiness,NOUN,1,1
22096,exotic,ADJ,1,1
22097,rougher,ADJ,1,1
22098,restorative,ADJ,1,1
22099,silken,ADJ,1,1
22100,vagrant,NOUN,1,1
22101,milanese,ADJ,1,1
22102,schiavi,NOUN,1,1
22103,ognor,NOUN,1,1
22104,frementi,NOUN,1,1
22105,foster,ADJ,1,1
22106,cherub,NOUN,1,1
22107,reverential,ADJ,1,1
22108,cherish,NOUN,1,1
22109,familiarly,ADV,1,1
22110,disunion,NOUN,1,1
22111,diversity,NOUN,1,1
22112,tempest,ADJ,1,1
22113,gladness,VERB,1,1
22114,junior,NOUN,1,1
22115,campagne,NOUN,1,1
22116,danger,VERB,1,1
22117,enchantment,NOUN,1,1
22118,knightly,ADV,1,1
22119,vehement,ADV,1,1
22120,aught,VERB,1,1
22121,entrench,NOUN,1,1
22122,predilection,NOUN,1,1
22123,chimerical,ADJ,1,1
22124,cursory,NOUN,1,1
22125,avidity,NOUN,1,1
22126,tiro,NOUN,1,1
22127,untaught,ADJ,1,1
22128,unveil,VERB,1,1
22129,anatomise,NOUN,1,1
22130,tertiary,ADJ,1,1
22131,repine,VERB,1,1
22132,aver,VERB,1,1
22133,undivided,ADJ,1,1
22134,unadept,ADJ,1,1
22135,galvanism,NOUN,1,1
22136,disincline,VERB,1,1
22137,ligament,NOUN,1,1
22138,relinquishing,NOUN,1,1
22139,disregard,NOUN,1,1
22140,sickbe,VERB,1,1
22141,imprudence,NOUN,1,1
22142,preserver,NOUN,1,1
22143,prognosticate,VERB,1,1
22144,void,NOUN,1,1
22145,spoiler,NOUN,1,1
22146,restrained,ADJ,1,1
22147,coope,VERB,1,1
22148,uncouth,ADJ,1,1
22149,burden,VERB,1,1
22150,anew,ADJ,1,1
22151,prepossess,VERB,1,1
22152,retrod,VERB,1,1
22153,deliver,NOUN,1,1
22154,lecturing,NOUN,1,1
22155,recapitulation,NOUN,1,1
22156,panegyric,ADJ,1,1
22157,crucible,NOUN,1,1
22158,circulate,NOUN,1,1
22159,enounce,VERB,1,1
22160,pioneer,VERB,1,1
22161,yesternight,NOUN,1,1
22162,affability,NOUN,1,1
22163,erroneously,ADV,1,1
22164,ardour,VERB,1,1
22165,dogmatism,NOUN,1,1
22166,abstruse,NOUN,1,1
22167,facile,VERB,1,1
22168,infallibly,ADV,1,1
22169,attainment,NOUN,1,1
22170,conducive,ADJ,1,1
22171,physiology,NOUN,1,1
22172,recourse,VERB,1,1
22173,minutia,NOUN,1,1
22174,causation,NOUN,1,1
22175,exemplify,VERB,1,1
22176,immensity,NOUN,1,1
22177,gratifying,ADJ,1,1
22178,progressively,ADV,1,1
22179,intricacy,NOUN,1,1
22180,impracticability,NOUN,1,1
22181,renew,ADJ,1,1
22182,unremitting,NOUN,1,1
22183,profane,ADJ,1,1
22184,whilst,ADV,1,1
22185,procrastinate,VERB,1,1
22186,faultiness,VERB,1,1
22187,unlawful,ADJ,1,1
22188,moralize,VERB,1,1
22189,incipient,ADJ,1,1
22190,extinguished,ADJ,1,1
22191,delineate,VERB,1,1
22192,dun,ADJ,1,1
22193,shrivelled,ADJ,1,1
22194,livid,ADJ,1,1
22195,tread,ADJ,1,1
22196,coleridge,NOUN,1,1
22197,tingle,NOUN,1,1
22198,unfitness,VERB,1,1
22199,discompose,VERB,1,1
22200,sickbed,NOUN,1,1
22201,frank,ADV,1,1
22202,protectress,NOUN,1,1
22203,inconsiderate,VERB,1,1
22204,chastise,VERB,1,1
22205,repentant,ADJ,1,1
22206,vacillating,ADJ,1,1
22207,irritability,NOUN,1,1
22208,antipathy,NOUN,1,1
22209,modesty,ADJ,1,1
22210,encomium,NOUN,1,1
22211,inglorious,ADJ,1,1
22212,orientalist,NOUN,1,1
22213,heroical,ADJ,1,1
22214,dilatoriness,NOUN,1,1
22215,accede,VERB,1,1
22216,perambulation,NOUN,1,1
22217,salubrious,ADJ,1,1
22218,unsocial,ADJ,1,1
22219,arabic,ADJ,1,1
22220,unbridled,ADJ,1,1
22221,livid,NOUN,1,1
22222,unremitte,VERB,1,1
22223,affectionate,NOUN,1,1
22224,afflicted,ADJ,1,1
22225,cabriolet,NOUN,1,1
22226,sympathise,ADV,1,1
22227,loved,ADJ,1,1
22228,prognosticate,ADJ,1,1
22229,pitchy,ADJ,1,1
22230,belrive,ADJ,1,1
22231,dirge,NOUN,1,1
22232,deprave,VERB,1,1
22233,vampire,NOUN,1,1
22234,pursuit,ADJ,1,1
22235,wrongfully,ADV,1,1
22236,ungratitude,NOUN,1,1
22237,exculpate,VERB,1,1
22238,guiltlessness,NOUN,1,1
22239,faltering,NOUN,1,1
22240,overweigh,VERB,1,1
22241,bauble,ADJ,1,1
22242,forgo,VERB,1,1
22243,excommunication,NOUN,1,1
22244,obdurate,VERB,1,1
22245,playfellow,ADJ,1,1
22246,repress,VERB,1,1
22247,dearest,X,1,1
22248,heaven,VERB,1,1
22249,bounty,NOUN,1,1
22250,live,ADV,1,1
22251,purposed,ADJ,1,1
22252,murderess,NOUN,1,1
22253,weep,NOUN,1,1
22254,immoderate,ADJ,1,1
22255,terror,VERB,1,1
22256,calamitie,VERB,1,1
22257,efface,VERB,1,1
22258,thoughtlessly,ADV,1,1
22259,depraved,ADJ,1,1
22260,assassinate,VERB,1,1
22261,ephemeral,NOUN,1,1
22262,almighty,ADJ,1,1
22263,cottage,VERB,1,1
22264,aiguille,NOUN,1,1
22265,dôme,NOUN,1,1
22266,tingling,ADJ,1,1
22267,lighthearte,VERB,1,1
22268,lulling,NOUN,1,1
22269,brawl,VERB,1,1
22270,littleness,ADJ,1,1
22271,assemblance,NOUN,1,1
22272,unstaine,VERB,1,1
22273,clouded,NOUN,1,1
22274,glaci,ADJ,1,1
22275,solemnise,VERB,1,1
22276,terrifically,ADV,1,1
22277,jutting,NOUN,1,1
22278,transversely,ADV,1,1
22279,concussion,NOUN,1,1
22280,luxuriant,VERB,1,1
22281,conceive,ADJ,1,1
22282,tremendous,NOUN,1,1
22283,bespoke,NOUN,1,1
22284,dissoluble,ADJ,1,1
22285,maw,NOUN,1,1
22286,abhorred,ADJ,1,1
22287,fiend,VERB,1,1
22288,owest,VERB,1,1
22289,clemency,NOUN,1,1
22290,drivest,ADV,1,1
22291,scourge,NOUN,1,1
22292,slake,VERB,1,1
22293,canopy,VERB,1,1
22294,lessened,ADJ,1,1
22295,enticing,ADJ,1,1
22296,savoury,NOUN,1,1
22297,emigration,NOUN,1,1
22298,debilitated,ADJ,1,1
22299,neater,NOUN,1,1
22300,petticoat,NOUN,1,1
22301,imperceptible,ADJ,1,1
22302,entice,VERB,1,1
22303,taper,NOUN,1,1
22304,imperfect,NOUN,1,1
22305,interchange,VERB,1,1
22306,enigmatic,ADJ,1,1
22307,poignantly,ADV,1,1
22308,godlike,NOUN,1,1
22309,unravel,VERB,1,1
22310,endear,VERB,1,1
22311,unpractised,ADJ,1,1
22312,execration,NOUN,1,1
22313,unwholesome,NOUN,1,1
22314,wondrously,ADV,1,1
22315,rapturously,ADV,1,1
22316,cadence,NOUN,1,1
22317,volney,NOUN,1,1
22318,declamatory,ADJ,1,1
22319,degenerating,NOUN,1,1
22320,unsullied,ADJ,1,1
22321,sally,NOUN,1,1
22322,flagrant,NOUN,1,1
22323,hazard,NOUN,1,1
22324,indelibly,ADV,1,1
22325,infantile,ADJ,1,1
22326,emulation,NOUN,1,1
22327,tenderest,ADJ,1,1
22328,noisome,NOUN,1,1
22329,insultingly,ADV,1,1
22330,glory,VERB,1,1
22331,misfortune,VERB,1,1
22332,mandate,NOUN,1,1
22333,divulge,VERB,1,1
22334,abhorrent,ADJ,1,1
22335,leathern,ADJ,1,1
22336,infinity,NOUN,1,1
22337,boundless,NOUN,1,1
22338,lawgiver,NOUN,1,1
22339,patriarchal,ADJ,1,1
22340,accursed,NOUN,1,1
22341,unchecke,VERB,1,1
22342,bleakness,NOUN,1,1
22343,mediation,NOUN,1,1
22344,thoughtfulness,NOUN,1,1
22345,irresolute,ADJ,1,1
22346,brotherly,ADJ,1,1
22347,rely,ADV,1,1
22348,prejudiced,ADJ,1,1
22349,stag,NOUN,1,1
22350,unsympathised,ADJ,1,1
22351,fatigued,ADJ,1,1
22352,underwood,NOUN,1,1
22353,imprudently,ADV,1,1
22354,familiarise,VERB,1,1
22355,irretrievable,ADJ,1,1
22356,combustible,NOUN,1,1
22357,hid,NOUN,1,1
22358,forked,ADJ,1,1
22359,southwesterly,ADJ,1,1
22360,redress,NOUN,1,1
22361,heatless,ADJ,1,1
22362,chill,ADJ,1,1
22363,imprecate,ADJ,1,1
22364,enkindle,VERB,1,1
22365,bedew,VERB,1,1
22366,humid,ADJ,1,1
22367,thankfulness,NOUN,1,1
22368,gnashing,NOUN,1,1
22369,infliction,NOUN,1,1
22370,sportiveness,NOUN,1,1
22371,monster,VERB,1,1
22372,ogre,NOUN,1,1
22373,syndic,ADJ,1,1
22374,expressive,NOUN,1,1
22375,affright,NOUN,1,1
22376,narrate,VERB,1,1
22377,inextinguishable,ADJ,1,1
22378,detrimental,ADJ,1,1
22379,wantonness,NOUN,1,1
22380,persevere,NOUN,1,1
22381,feint,NOUN,1,1
22382,halfway,NOUN,1,1
22383,siroc,NOUN,1,1
22384,ban,NOUN,1,1
22385,profound,VERB,1,1
22386,unchecked,ADJ,1,1
22387,rippling,NOUN,1,1
22388,treble,ADJ,1,1
22389,exordium,NOUN,1,1
22390,dilatory,NOUN,1,1
22391,image,VERB,1,1
22392,enfranchise,VERB,1,1
22393,agonise,VERB,1,1
22394,disquiet,NOUN,1,1
22395,inroad,NOUN,1,1
22396,sedulous,ADJ,1,1
22397,unobserving,ADJ,1,1
22398,bourne,NOUN,1,1
22399,rhine,NOUN,1,1
22400,perpendicularly,ADV,1,1
22401,yon,PRON,1,1
22402,precipice,VERB,1,1
22403,chasten,VERB,1,1
22404,worldly,ADV,1,1
22405,wordsworth,NOUN,1,1
22406,divinely,ADV,1,1
22407,wrought,ADJ,1,1
22408,colonization,NOUN,1,1
22409,dejected,ADJ,1,1
22410,allurement,NOUN,1,1
22411,mountaineer,NOUN,1,1
22412,insolent,NOUN,1,1
22413,isis,NOUN,1,1
22414,embosome,VERB,1,1
22415,pitiable,ADJ,1,1
22416,animating,ADJ,1,1
22417,debasing,NOUN,1,1
22418,remembrancer,NOUN,1,1
22419,superscription,NOUN,1,1
22420,expedite,VERB,1,1
22421,remotest,NOUN,1,1
22422,affording,ADJ,1,1
22423,oatmeal,VERB,1,1
22424,benumb,VERB,1,1
22425,ungazed,ADJ,1,1
22426,propagate,VERB,1,1
22427,speck,VERB,1,1
22428,paddling,NOUN,1,1
22429,irresolution,NOUN,1,1
22430,requite,VERB,1,1
22431,wiliness,NOUN,1,1
22432,strife,NOUN,1,1
22433,insatiate,NOUN,1,1
22434,barbarously,ADV,1,1
22435,insuperable,ADJ,1,1
22436,oaten,ADJ,1,1
22437,fruitlessly,ADV,1,1
22438,daybreak,NOUN,1,1
22439,atrocious,ADJ,1,1
22440,aboard,ADP,1,1
22441,overspread,ADV,1,1
22442,slenderly,ADV,1,1
22443,fiend,INTJ,1,1
22444,civilised,ADJ,1,1
22445,politic,ADJ,1,1
22446,extinguish,ADJ,1,1
22447,northerly,ADV,1,1
22448,apothecary,NOUN,1,1
22449,harbour,ADJ,1,1
22450,affright,VERB,1,1
22451,gaoler,NOUN,1,1
22452,characterise,VERB,1,1
22453,hangman,NOUN,1,1
22454,miserable,NOUN,1,1
22455,retrospect,NOUN,1,1
22456,taunt,NOUN,1,1
22457,incitement,NOUN,1,1
22458,desponding,NOUN,1,1
22459,assize,NOUN,1,1
22460,maladie,NOUN,1,1
22461,divinest,ADJ,1,1
22462,uncease,VERB,1,1
22463,inquietude,NOUN,1,1
22464,repasse,VERB,1,1
22465,overtax,VERB,1,1
22466,unchain,VERB,1,1
22467,imperious,ADJ,1,1
22468,cruell,ADJ,1,1
22469,disintereste,VERB,1,1
22470,tenfold,ADV,1,1
22471,adrift,ADJ,1,1
22472,reread,VERB,1,1
22473,paradisiacal,ADJ,1,1
22474,torturer,NOUN,1,1
22475,enunciation,NOUN,1,1
22476,allude,ADJ,1,1
22477,entreat,ADJ,1,1
22478,overjoy,VERB,1,1
22479,nuptial,ADJ,1,1
22480,overhung,ADJ,1,1
22481,signal,ADJ,1,1
22482,deviate,VERB,1,1
22483,invective,ADJ,1,1
22484,inhabit,NOUN,1,1
22485,proportionate,VERB,1,1
22486,fierceness,NOUN,1,1
22487,unsettled,ADJ,1,1
22488,adjuration,NOUN,1,1
22489,bedim,VERB,1,1
22490,toilsome,ADJ,1,1
22491,impassive,ADJ,1,1
22492,tardily,ADV,1,1
22493,unabated,ADJ,1,1
22494,ruggedness,NOUN,1,1
22495,gibe,VERB,1,1
22496,protraction,NOUN,1,1
22497,disencumber,VERB,1,1
22498,crag,NOUN,1,1
22499,succour,NOUN,1,1
22500,congeal,NOUN,1,1
22501,downcast,VERB,1,1
22502,imprecation,NOUN,1,1
22503,asseveration,NOUN,1,1
22504,godlike,VERB,1,1
22505,archangel,NOUN,1,1
22506,omnipotence,NOUN,1,1
22507,sea,VERB,1,1
22508,infantine,NOUN,1,1
22509,fraught,ADJ,1,1
22510,failing,NOUN,1,1
22511,despair,ADJ,1,1
22512,mole,ADJ,1,1
22513,lifelessness,NOUN,1,1
22514,blamable,ADJ,1,1
22515,paramount,ADJ,1,1
22516,miserable,VERB,1,1
22517,balancing,NOUN,1,1
22518,flit,NOUN,1,1
22519,irradiation,NOUN,1,1
22520,portend,VERB,1,1
22521,stir,ADJ,1,1
22522,uncouth,VERB,1,1
22523,loathsome,NOUN,1,1
22524,wound,ADJ,1,1
22525,lovedst,ADV,1,1
22526,unearthly,ADV,1,1
22527,thousandth,NOUN,1,1
22528,rekindle,VERB,1,1
22529,opprobrium,NOUN,1,1
22530,contumely,ADV,1,1
22531,immaculate,VERB,1,1
22532,irremediable,ADJ,1,1
22533,unquenched,ADJ,1,1
22534,wert,ADJ,1,1
22535,didst,NOUN,1,1
22536,hadst,NOUN,1,1
22537,wert,NOUN,1,1
22538,thine,VERB,1,1
22539,torturing,NOUN,1,1
22540,tough,ADV,1,1
22541,italiano,NOUN,1,1
22542,tú,PUNCT,1,1
22543,typify,VERB,1,1
22544,unobtainable,ADJ,1,1
22545,gipsy,NOUN,1,1
22546,literalness,NOUN,1,1
22547,hackneyed,ADJ,1,1
22548,charger,NOUN,1,1
22549,horsy,NOUN,1,1
22550,quavering,NOUN,1,1
22551,bugler,NOUN,1,1
22552,sabre,NOUN,1,1
22553,basketful,NOUN,1,1
22554,trestle,NOUN,1,1
22555,multiform,NOUN,1,1
22556,comically,ADV,1,1
22557,spick,ADJ,1,1
22558,pained,ADJ,1,1
22559,guerilla,NOUN,1,1
22560,thirstily,ADV,1,1
22561,sé,VERB,1,1
22562,quiero,NOUN,1,1
22563,vamos,NOUN,1,1
22564,percentage,NOUN,1,1
22565,straightforwardness,NOUN,1,1
22566,valiente,VERB,1,1
22567,que,NOUN,1,1
22568,nosotro,NOUN,1,1
22569,braver,ADV,1,1
22570,unpunctuality,NOUN,1,1
22571,neurosis,NOUN,1,1
22572,unissue,VERB,1,1
22573,torchlit,ADJ,1,1
22574,knapsack,NOUN,1,1
22575,bandolier,ADV,1,1
22576,commissar,NOUN,1,1
22577,diarrhoea,VERB,1,1
22578,wartime,ADJ,1,1
22579,bullfight,NOUN,1,1
22580,matador,NOUN,1,1
22581,pockmark,VERB,1,1
22582,peacetime,NOUN,1,1
22583,indistinguishable,ADJ,1,1
22584,windburnt,VERB,1,1
22585,mascot,NOUN,1,1
22586,brand,VERB,1,1
22587,commandante,NOUN,1,1
22588,infertile,NOUN,1,1
22589,cohesion,NOUN,1,1
22590,flattish,ADJ,1,1
22591,expansively,ADV,1,1
22592,zere,ADV,1,1
22593,parado,NOUN,1,1
22594,longish,ADJ,1,1
22595,uneventful,ADJ,1,1
22596,inconclusiveness,NOUN,1,1
22597,veined,ADJ,1,1
22598,photographic,ADJ,1,1
22599,streaked,ADJ,1,1
22600,covey,NOUN,1,1
22601,unsentimentally,ADV,1,1
22602,cabo,NOUN,1,1
22603,untrained,ADJ,1,1
22604,teen,NOUN,1,1
22605,unenterprising,ADJ,1,1
22606,airgun,NOUN,1,1
22607,battledore,NOUN,1,1
22608,saluting,ADJ,1,1
22609,midway,ADV,1,1
22610,automaton,NOUN,1,1
22611,deserting,NOUN,1,1
22612,underclad,ADJ,1,1
22613,pigskin,NOUN,1,1
22614,botanist,NOUN,1,1
22615,whin,ADJ,1,1
22616,unburnable,ADJ,1,1
22617,defecate,VERB,1,1
22618,popularly,ADV,1,1
22619,lighter,NOUN,1,1
22620,position,VERB,1,1
22621,recording,NOUN,1,1
22622,speedometer,NOUN,1,1
22623,nuisance,ADJ,1,1
22624,reassembled,ADJ,1,1
22625,winchester,NOUN,1,1
22626,jamming,NOUN,1,1
22627,thrower,NOUN,1,1
22628,periscope,NOUN,1,1
22629,armourer,NOUN,1,1
22630,vaseline,NOUN,1,1
22631,elevating,ADJ,1,1
22632,progreso,NOUN,1,1
22633,invencible,NOUN,1,1
22634,highfalutin,ADJ,1,1
22635,moonfaced,ADJ,1,1
22636,valiente,NOUN,1,1
22637,humanly,ADV,1,1
22638,militiawoman,NOUN,1,1
22639,porthole,NOUN,1,1
22640,hill,VERB,1,1
22641,moor,NOUN,1,1
22642,scoutish,ADJ,1,1
22643,carmine,ADJ,1,1
22644,deserting,ADJ,1,1
22645,immobilize,VERB,1,1
22646,disbelieving,ADJ,1,1
22647,pursued,ADJ,1,1
22648,idiotic,VERB,1,1
22649,feudalism,NOUN,1,1
22650,demanding,NOUN,1,1
22651,arsenal,NOUN,1,1
22652,arming,NOUN,1,1
22653,dynamite,NOUN,1,1
22654,commune,NOUN,1,1
22655,syndicalist,NOUN,1,1
22656,propagandist,NOUN,1,1
22657,undamaged,ADJ,1,1
22658,reintroduce,VERB,1,1
22659,autonomous,ADJ,1,1
22660,syndicalist,ADJ,1,1
22661,reconstitute,VERB,1,1
22662,reshuffling,NOUN,1,1
22663,catalan,ADJ,1,1
22664,mover,ADV,1,1
22665,prick,NOUN,1,1
22666,guarantee,NOUN,1,1
22667,winning,NOUN,1,1
22668,reorganize,VERB,1,1
22669,inveigh,VERB,1,1
22670,bourgeoisification,NOUN,1,1
22671,machinegun,NOUN,1,1
22672,excusably,ADV,1,1
22673,tricolour,NOUN,1,1
22674,bamboozle,VERB,1,1
22675,loudest,ADV,1,1
22676,rearmament,NOUN,1,1
22677,liberation,NOUN,1,1
22678,interplay,NOUN,1,1
22679,evil,ADV,1,1
22680,fusion,NOUN,1,1
22681,affiliate,VERB,1,1
22682,unification,NOUN,1,1
22683,parrot,VERB,1,1
22684,obstructive,ADJ,1,1
22685,counterrevolutionary,ADJ,1,1
22686,differed,ADJ,1,1
22687,dissident,ADJ,1,1
22688,numerically,ADV,1,1
22689,overestimate,VERB,1,1
22690,bourgeoisify,VERB,1,1
22691,varying,ADJ,1,1
22692,trabajadore,NOUN,1,1
22693,dogmatic,ADJ,1,1
22694,textile,NOUN,1,1
22695,authoritarianism,NOUN,1,1
22696,uncompromise,VERB,1,1
22697,centralism,NOUN,1,1
22698,rooted,ADJ,1,1
22699,indiscipline,NOUN,1,1
22700,purism,NOUN,1,1
22701,carping,NOUN,1,1
22702,priggish,ADJ,1,1
22703,quote,INTJ,1,1
22704,nauseam,NOUN,1,1
22705,pseudo,ADJ,1,1
22706,vilification,NOUN,1,1
22707,imperialistic,ADJ,1,1
22708,slaver,NOUN,1,1
22709,unhandy,ADJ,1,1
22710,journalistic,ADJ,1,1
22711,righter,NOUN,1,1
22712,heroically,ADV,1,1
22713,boycott,NOUN,1,1
22714,militant,ADJ,1,1
22715,suppress,NOUN,1,1
22716,placate,VERB,1,1
22717,handicapped,ADJ,1,1
22718,visionary,NOUN,1,1
22719,till,ADV,1,1
22720,warmer,ADJ,1,1
22721,calibre,NOUN,1,1
22722,recondition,VERB,1,1
22723,unprune,VERB,1,1
22724,hyper,ADJ,1,1
22725,trophie,VERB,1,1
22726,masse,NOUN,1,1
22727,fatiguing,NOUN,1,1
22728,sackful,ADJ,1,1
22729,bottleful,NOUN,1,1
22730,forthcoming,ADJ,1,1
22731,resident,ADJ,1,1
22732,pacifist,NOUN,1,1
22733,enlarged,ADJ,1,1
22734,procurable,ADJ,1,1
22735,nobly,ADV,1,1
22736,poisoned,ADJ,1,1
22737,lanced,ADJ,1,1
22738,torpedo,VERB,1,1
22739,lord,VERB,1,1
22740,chute,NOUN,1,1
22741,stable,VERB,1,1
22742,architecturally,ADV,1,1
22743,shamble,NOUN,1,1
22744,agrarian,ADJ,1,1
22745,straightforward,NOUN,1,1
22746,flopping,NOUN,1,1
22747,pitchfork,NOUN,1,1
22748,mortice,VERB,1,1
22749,industrialism,NOUN,1,1
22750,tractor,NOUN,1,1
22751,secular,ADJ,1,1
22752,deceased,ADJ,1,1
22753,immovable,VERB,1,1
22754,dampish,ADJ,1,1
22755,justifiably,ADV,1,1
22756,scruple,VERB,1,1
22757,receiving,NOUN,1,1
22758,rosy,VERB,1,1
22759,uralite,ADJ,1,1
22760,nicked,ADJ,1,1
22761,trajectory,NOUN,1,1
22762,tremble,NOUN,1,1
22763,cloudlet,NOUN,1,1
22764,embrasure,NOUN,1,1
22765,sheet,VERB,1,1
22766,flew,NOUN,1,1
22767,slimy,VERB,1,1
22768,humped,ADJ,1,1
22769,deploy,VERB,1,1
22770,mud,VERB,1,1
22771,uralite,NOUN,1,1
22772,bayonet,VERB,1,1
22773,unusable,ADJ,1,1
22774,unscrewed,ADJ,1,1
22775,magnification,NOUN,1,1
22776,folding,ADJ,1,1
22777,counterattack,VERB,1,1
22778,horseshoe,ADV,1,1
22779,breastwork,NOUN,1,1
22780,atrás,NOUN,1,1
22781,bugger,VERB,1,1
22782,jorge,NOUN,1,1
22783,clutched,ADJ,1,1
22784,counterattack,NOUN,1,1
22785,lousiness,NOUN,1,1
22786,shrapnel,NOUN,1,1
22787,radically,ADV,1,1
22788,canalize,VERB,1,1
22789,sleek,VERB,1,1
22790,intact,NOUN,1,1
22791,crude,NOUN,1,1
22792,disillusion,VERB,1,1
22793,morse,VERB,1,1
22794,nearby,ADP,1,1
22795,flooded,ADJ,1,1
22796,andalusian,ADJ,1,1
22797,bracken,ADJ,1,1
22798,downwards,NOUN,1,1
22799,liker,ADJ,1,1
22800,pinched,ADJ,1,1
22801,officer,VERB,1,1
22802,splay,VERB,1,1
22803,holster,NOUN,1,1
22804,stencil,VERB,1,1
22805,jibing,NOUN,1,1
22806,praiseworthy,ADJ,1,1
22807,waning,NOUN,1,1
22808,consolidate,VERB,1,1
22809,tú,ADP,1,1
22810,camarada,NOUN,1,1
22811,señor,VERB,1,1
22812,salud,NOUN,1,1
22813,hosiery,NOUN,1,1
22814,orientate,VERB,1,1
22815,bonbon,NOUN,1,1
22816,interact,VERB,1,1
22817,nuisance,VERB,1,1
22818,likeli,ADJ,1,1
22819,forebodingly,ADV,1,1
22820,gendarmerie,NOUN,1,1
22821,possessing,NOUN,1,1
22822,incorrect,ADJ,1,1
22823,stag,VERB,1,1
22824,bloodshe,VERB,1,1
22825,unmentione,VERB,1,1
22826,coalition,NOUN,1,1
22827,octagonal,ADJ,1,1
22828,idealized,ADJ,1,1
22829,quayside,NOUN,1,1
22830,ignite,VERB,1,1
22831,asleep,ADV,1,1
22832,rifleman,NOUN,1,1
22833,usefully,ADV,1,1
22834,bowl,VERB,1,1
22835,skittle,NOUN,1,1
22836,parley,NOUN,1,1
22837,windscreen,NOUN,1,1
22838,sickening,NOUN,1,1
22839,disillusioning,ADJ,1,1
22840,eastward,VERB,1,1
22841,daylight,PRON,1,1
22842,lead,ADJ,1,1
22843,criss,VERB,1,1
22844,gunfire,NOUN,1,1
22845,demolishing,NOUN,1,1
22846,pinion,VERB,1,1
22847,scapegoat,NOUN,1,1
22848,neutrality,NOUN,1,1
22849,waterworks,NOUN,1,1
22850,iodine,NOUN,1,1
22851,clamouring,NOUN,1,1
22852,glibly,ADV,1,1
22853,heterogeneous,ADJ,1,1
22854,flashy,ADJ,1,1
22855,contravene,VERB,1,1
22856,mauser,NOUN,1,1
22857,corkscrew,ADJ,1,1
22858,blunderbuss,NOUN,1,1
22859,fragmentarily,ADV,1,1
22860,uncensored,ADJ,1,1
22861,partisan,ADJ,1,1
22862,bungling,NOUN,1,1
22863,deport,VERB,1,1
22864,regularize,VERB,1,1
22865,crammed,ADJ,1,1
22866,simpático,NOUN,1,1
22867,confusing,ADJ,1,1
22868,unbiased,ADJ,1,1
22869,eyewitness,NOUN,1,1
22870,sabotage,VERB,1,1
22871,syndicate,NOUN,1,1
22872,disarming,NOUN,1,1
22873,leninist,NOUN,1,1
22874,reawakening,NOUN,1,1
22875,tactically,ADV,1,1
22876,wrongly,ADV,1,1
22877,unpatriotic,ADJ,1,1
22878,liquidate,VERB,1,1
22879,laughingly,ADV,1,1
22880,relevantly,ADV,1,1
22881,denigrate,VERB,1,1
22882,objectively,ADV,1,1
22883,propagandist,ADJ,1,1
22884,bias,NOUN,1,1
22885,uncontrollable,NOUN,1,1
22886,rearguard,NOUN,1,1
22887,priori,ADJ,1,1
22888,troopship,NOUN,1,1
22889,discrepancy,NOUN,1,1
22890,balcony,NOUN,1,1
22891,monarchist,ADJ,1,1
22892,rising,NOUN,1,1
22893,ignorant,NOUN,1,1
22894,juggling,NOUN,1,1
22895,putsch,NOUN,1,1
22896,paco,NOUN,1,1
22897,terrorist,ADJ,1,1
22898,irresponsibility,NOUN,1,1
22899,wartime,NOUN,1,1
22900,reformist,ADJ,1,1
22901,fraternization,NOUN,1,1
22902,defeatism,NOUN,1,1
22903,summarize,VERB,1,1
22904,plot,NUM,1,1
22905,franco,NOUN,1,1
22906,collaboration,NOUN,1,1
22907,entourage,NOUN,1,1
22908,infiltrate,VERB,1,1
22909,stage,VERB,1,1
22910,trotskyist,INTJ,1,1
22911,posing,NOUN,1,1
22912,amalgamation,NOUN,1,1
22913,spying,NOUN,1,1
22914,extremism,NOUN,1,1
22915,sectarian,ADJ,1,1
22916,headline,VERB,1,1
22917,arson,NOUN,1,1
22918,slanging,NOUN,1,1
22919,disillusioned,ADJ,1,1
22920,compatible,ADJ,1,1
22921,politer,NOUN,1,1
22922,fault,VERB,1,1
22923,serfdom,NOUN,1,1
22924,clerico,NOUN,1,1
22925,romantic,NOUN,1,1
22926,mercenary,NOUN,1,1
22927,habeas,X,1,1
22928,shell,ADJ,1,1
22929,teniente,NOUN,1,1
22930,dispense,NOUN,1,1
22931,torrential,ADJ,1,1
22932,manned,ADJ,1,1
22933,gone,NOUN,1,1
22934,carotid,NOUN,1,1
22935,conventionally,ADV,1,1
22936,dopey,ADJ,1,1
22937,untraine,VERB,1,1
22938,typically,ADV,1,1
22939,prevent,NOUN,1,1
22940,constipate,VERB,1,1
22941,turquoise,ADV,1,1
22942,allegorical,ADJ,1,1
22943,trainload,NOUN,1,1
22944,unbandaged,ADJ,1,1
22945,tepid,ADJ,1,1
22946,case,VERB,1,1
22947,gauze,NOUN,1,1
22948,basque,ADJ,1,1
22949,repatriate,VERB,1,1
22950,adulterate,VERB,1,1
22951,tobacco,VERB,1,1
22952,intolerance,NOUN,1,1
22953,liquidating,NOUN,1,1
22954,sanatoria,NOUN,1,1
22955,traditionally,ADV,1,1
22956,tuberculosis,NOUN,1,1
22957,contraption,NOUN,1,1
22958,medically,ADV,1,1
22959,jubilation,NOUN,1,1
22960,bandy,VERB,1,1
22961,convergence,NOUN,1,1
22962,chock,ADJ,1,1
22963,bumping,NOUN,1,1
22964,quinto,NOUN,1,1
22965,rookie,NOUN,1,1
22966,observing,ADJ,1,1
22967,distilled,ADJ,1,1
22968,goatherd,NOUN,1,1
22969,moorish,ADJ,1,1
22970,mantilla,NOUN,1,1
22971,extensively,ADV,1,1
22972,dismaying,ADJ,1,1
22973,retrospective,ADJ,1,1
22974,shilly,ADV,1,1
22975,shallied,ADJ,1,1
22976,communiqué,NOUN,1,1
22977,decoy,NOUN,1,1
22978,immigration,NOUN,1,1
22979,rendezvous,ADJ,1,1
22980,dug,ADJ,1,1
22981,roofless,NOUN,1,1
22982,queer,ADP,1,1
22983,building,VERB,1,1
22984,cafés,VERB,1,1
22985,faultless,ADJ,1,1
22986,pointlessness,NOUN,1,1
22987,newgate,ADJ,1,1
22988,imprisoned,ADJ,1,1
22989,bona,NOUN,1,1
22990,quicker,ADJ,1,1
22991,coronel,NOUN,1,1
22992,jefe,VERB,1,1
22993,croak,NOUN,1,1
22994,radiator,NOUN,1,1
22995,crenellate,VERB,1,1
22996,hock,NOUN,1,1
22997,pogrom,NOUN,1,1
22998,bedded,ADJ,1,1
22999,uncharged,ADJ,1,1
23000,carabinero,NOUN,1,1
23001,cotta,ADJ,1,1
23002,extraditable,ADJ,1,1
23003,forbidding,ADJ,1,1
23004,tabaco,NOUN,1,1
23005,franco,ADJ,1,1
23006,aperitif,NOUN,1,1
23007,cabal,VERB,1,1
23008,bobbed,ADJ,1,1
23009,disillusionment,ADJ,1,1
23010,obsess,VERB,1,1
23011,profiteth,VERB,1,1
23012,envieth,VERB,1,1
23013,vaunteth,NOUN,1,1
23014,thinketh,VERB,1,1
23015,rejoiceth,ADP,1,1
23016,beareth,NOUN,1,1
23017,hopeth,VERB,1,1
23018,endureth,NOUN,1,1
23019,resoling,NOUN,1,1
23020,tiddley,NOUN,1,1
23021,tiere,VERB,1,1
23022,alphabetically,ADV,1,1
23023,puddingstone,NOUN,1,1
23024,showcase,NOUN,1,1
23025,elvish,ADJ,1,1
23026,wendily,ADV,1,1
23027,glade,NOUN,1,1
23028,converge,VERB,1,1
23029,rat,ADJ,1,1
23030,unamiable,ADJ,1,1
23031,hazel,VERB,1,1
23032,pennant,NOUN,1,1
23033,poplar,VERB,1,1
23034,refocus,VERB,1,1
23035,hike,INTJ,1,1
23036,keeking,NOUN,1,1
23037,dissent,VERB,1,1
23038,righteously,ADV,1,1
23039,unspotted,ADJ,1,1
23040,unravished,ADJ,1,1
23041,virgin,VERB,1,1
23042,virginity,NOUN,1,1
23043,darwinian,ADJ,1,1
23044,gravitate,NOUN,1,1
23045,dowdy,ADJ,1,1
23046,saleable,ADJ,1,1
23047,dinky,ADP,1,1
23048,strachey,ADJ,1,1
23049,predigest,VERB,1,1
23050,chirpy,ADJ,1,1
23051,waggle,VERB,1,1
23052,omniscience,NOUN,1,1
23053,noxious,ADJ,1,1
23054,flatter,NOUN,1,1
23055,pancake,NOUN,1,1
23056,unreadable,ADJ,1,1
23057,return,ADJ,1,1
23058,cheeked,ADJ,1,1
23059,homey,NOUN,1,1
23060,thumbed,NOUN,1,1
23061,highbrow,VERB,1,1
23062,alphabetical,ADJ,1,1
23063,ave,ADV,1,1
23064,burroughs,NOUN,1,1
23065,dogwhip,NOUN,1,1
23066,diplomatically,ADV,1,1
23067,ishingly,ADV,1,1
23068,ski,VERB,1,1
23069,unsaleable,NOUN,1,1
23070,yesteryear,NOUN,1,1
23071,weally,ADJ,1,1
23072,bwowse,VERB,1,1
23073,wesist,VERB,1,1
23074,fwont,NOUN,1,1
23075,tewwible,ADJ,1,1
23076,booklover,ADV,1,1
23077,booklover,VERB,1,1
23078,poetwy,NOUN,1,1
23079,insouciant,ADJ,1,1
23080,drear,VERB,1,1
23081,succubi,ADJ,1,1
23082,pimply,NOUN,1,1
23083,prehensile,ADJ,1,1
23084,retailer,NOUN,1,1
23085,unlovable,ADJ,1,1
23086,vitamalt,ADJ,1,1
23087,tousle,VERB,1,1
23088,hoarsely,ADV,1,1
23089,wotcher,NOUN,1,1
23090,fruitily,ADV,1,1
23091,phlegm,NOUN,1,1
23092,overcoat,VERB,1,1
23093,disintegration,NOUN,1,1
23094,propeller,NOUN,1,1
23095,shattering,NOUN,1,1
23096,burgeon,VERB,1,1
23097,blithering,ADJ,1,1
23098,trustfully,ADV,1,1
23099,lowbrow,VERB,1,1
23100,enthuse,VERB,1,1
23101,ickle,NOUN,1,1
23102,wiv,VERB,1,1
23103,gweat,ADJ,1,1
23104,soulful,ADJ,1,1
23105,ickle,ADJ,1,1
23106,nosie,NOUN,1,1
23107,ducky,ADJ,1,1
23108,ping,VERB,1,1
23109,suffrage,NOUN,1,1
23110,gimlet,NOUN,1,1
23111,habitue,NOUN,1,1
23112,sallowly,NOUN,1,1
23113,trentiesme,X,1,1
23114,eage,NOUN,1,1
23115,poxe,VERB,1,1
23116,reve,VERB,1,1
23117,fumant,ADJ,1,1
23118,transom,NOUN,1,1
23119,bearable,NOUN,1,1
23120,unapproachable,ADJ,1,1
23121,trilby,NOUN,1,1
23122,matey,ADJ,1,1
23123,fat,INTJ,1,1
23124,nippy,ADJ,1,1
23125,eagle,ADJ,1,1
23126,wifie,NOUN,1,1
23127,leakage,NOUN,1,1
23128,chappie,ADJ,1,1
23129,girlie,NOUN,1,1
23130,lascivously,ADV,1,1
23131,paranoiac,NOUN,1,1
23132,nightwork,NOUN,1,1
23133,chamberpot,NOUN,1,1
23134,green,ADV,1,1
23135,stub,NOUN,1,1
23136,wilting,NOUN,1,1
23137,kerosiny,ADJ,1,1
23138,shrewishly,ADV,1,1
23139,twilit,VERB,1,1
23140,crumbly,ADV,1,1
23141,hotte,VERB,1,1
23142,du,INTJ,1,1
23143,unbolt,VERB,1,1
23144,rebolte,VERB,1,1
23145,abstract,VERB,1,1
23146,bras,X,1,1
23147,dessous,ADJ,1,1
23148,spelt,NOUN,1,1
23149,shuffling,NOUN,1,1
23150,magnum,NOUN,1,1
23151,opus,NOUN,1,1
23152,hiccup,NOUN,1,1
23153,west,ADV,1,1
23154,octosyllable,NOUN,1,1
23155,upturned,ADJ,1,1
23156,landless,ADJ,1,1
23157,cerebral,ADJ,1,1
23158,haemorrhage,NOUN,1,1
23159,monolith,NOUN,1,1
23160,unsuited,ADJ,1,1
23161,begetting,NOUN,1,1
23162,net,ADJ,1,1
23163,chock,NOUN,1,1
23164,dingily,ADV,1,1
23165,chartered,ADJ,1,1
23166,cleverness,ADJ,1,1
23167,effacing,NOUN,1,1
23168,idolize,VERB,1,1
23169,stoop,NOUN,1,1
23170,dowdiness,NOUN,1,1
23171,worrying,NOUN,1,1
23172,duplicate,VERB,1,1
23173,jellygraph,NOUN,1,1
23174,dismemberment,NOUN,1,1
23175,biographer,NOUN,1,1
23176,decalogue,NOUN,1,1
23177,unicorn,NOUN,1,1
23178,nervy,ADJ,1,1
23179,dutiful,ADJ,1,1
23180,dragging,NOUN,1,1
23181,swinish,ADJ,1,1
23182,stethoscope,NOUN,1,1
23183,fidgeting,ADJ,1,1
23184,tiring,NOUN,1,1
23185,incompetently,ADV,1,1
23186,managing,NOUN,1,1
23187,licit,ADJ,1,1
23188,barrow,VERB,1,1
23189,twisty,ADJ,1,1
23190,twopence,VERB,1,1
23191,outcome,NOUN,1,1
23192,mummified,ADJ,1,1
23193,millinery,ADJ,1,1
23194,cosmetic,ADJ,1,1
23195,ramp,NOUN,1,1
23196,americanized,ADJ,1,1
23197,naivete,NOUN,1,1
23198,fiasco,NOUN,1,1
23199,crawler,NOUN,1,1
23200,chiel,NOUN,1,1
23201,bard,NOUN,1,1
23202,chaff,VERB,1,1
23203,sniffish,ADJ,1,1
23204,wittedness,NOUN,1,1
23205,talented,ADJ,1,1
23206,somnolent,ADJ,1,1
23207,inconclusive,ADJ,1,1
23208,hm,ADJ,1,1
23209,draughtsman,NOUN,1,1
23210,copywriting,NOUN,1,1
23211,rankle,NOUN,1,1
23212,para,NOUN,1,1
23213,dilapidate,VERB,1,1
23214,noncommittal,ADJ,1,1
23215,hm,NOUN,1,1
23216,ungratefully,ADV,1,1
23217,crawling,NOUN,1,1
23218,distinctive,ADJ,1,1
23219,laziness,ADJ,1,1
23220,renunciation,NOUN,1,1
23221,inescapably,ADV,1,1
23222,forgathering,NOUN,1,1
23223,patrimony,NOUN,1,1
23224,bronchitic,ADJ,1,1
23225,pompous,ADJ,1,1
23226,hairless,ADJ,1,1
23227,twirl,NOUN,1,1
23228,header,NOUN,1,1
23229,arithmetically,ADV,1,1
23230,ageing,NOUN,1,1
23231,stalactite,VERB,1,1
23232,dwelleth,VERB,1,1
23233,dwelleth,X,1,1
23234,fareth,VERB,1,1
23235,contumacious,ADJ,1,1
23236,polisheth,VERB,1,1
23237,comforteth,VERB,1,1
23238,ferry,VERB,1,1
23239,aunty,NOUN,1,1
23240,bedsitting,NOUN,1,1
23241,combined,ADJ,1,1
23242,cadence,VERB,1,1
23243,drifted,ADJ,1,1
23244,blacking,NOUN,1,1
23245,hostess,ADJ,1,1
23246,erudite,ADJ,1,1
23247,clacking,NOUN,1,1
23248,hen,ADV,1,1
23249,sniggeringly,ADV,1,1
23250,slapdash,ADJ,1,1
23251,thirtyish,ADJ,1,1
23252,nit,NOUN,1,1
23253,pampered,ADJ,1,1
23254,lone,NOUN,1,1
23255,jigsaw,NOUN,1,1
23256,arrogantly,ADV,1,1
23257,whimsy,NOUN,1,1
23258,walpolean,ADJ,1,1
23259,propitiate,VERB,1,1
23260,bugbear,NOUN,1,1
23261,mossy,NOUN,1,1
23262,pinkish,NOUN,1,1
23263,footmark,NOUN,1,1
23264,unliterary,ADJ,1,1
23265,clangour,NOUN,1,1
23266,wrench,NOUN,1,1
23267,bloodedly,ADV,1,1
23268,puddle,VERB,1,1
23269,steamy,ADJ,1,1
23270,inland,ADV,1,1
23271,callously,ADV,1,1
23272,black,ADV,1,1
23273,clockwise,NOUN,1,1
23274,widdershin,VERB,1,1
23275,anonymity,NOUN,1,1
23276,manless,ADJ,1,1
23277,tart,VERB,1,1
23278,lipped,ADJ,1,1
23279,ravishing,NOUN,1,1
23280,commemorative,ADJ,1,1
23281,thirst,ADV,1,1
23282,bovine,NOUN,1,1
23283,irresolute,VERB,1,1
23284,tune,VERB,1,1
23285,steamy,ADV,1,1
23286,backchat,PRON,1,1
23287,saucily,ADV,1,1
23288,open,ADP,1,1
23289,oori,NOUN,1,1
23290,regurgitate,VERB,1,1
23291,flatfish,NOUN,1,1
23292,matchbox,NOUN,1,1
23293,silliest,ADJ,1,1
23294,wastepaper,NOUN,1,1
23295,sleekness,NOUN,1,1
23296,publishing,NOUN,1,1
23297,coterie,NOUN,1,1
23298,unavenge,VERB,1,1
23299,understand,NOUN,1,1
23300,bon,X,1,1
23301,socialiste,NOUN,1,1
23302,mew,NOUN,1,1
23303,editorial,ADJ,1,1
23304,gauntlet,NOUN,1,1
23305,pullover,NOUN,1,1
23306,fatty,ADJ,1,1
23307,degeneration,NOUN,1,1
23308,unpopular,ADJ,1,1
23309,cadger,NOUN,1,1
23310,arid,ADJ,1,1
23311,deathliness,NOUN,1,1
23312,aeroplane,VERB,1,1
23313,aesthetically,ADV,1,1
23314,sawduste,VERB,1,1
23315,gunpowdery,ADJ,1,1
23316,sickly,ADV,1,1
23317,tirade,VERB,1,1
23318,anticlerically,ADV,1,1
23319,standing,ADJ,1,1
23320,insanitary,ADJ,1,1
23321,heartiness,NOUN,1,1
23322,fizz,VERB,1,1
23323,prickle,VERB,1,1
23324,meaness,NOUN,1,1
23325,world,ADJ,1,1
23326,retail,VERB,1,1
23327,impotently,ADV,1,1
23328,tenner,NOUN,1,1
23329,moonless,NOUN,1,1
23330,starless,NOUN,1,1
23331,poure,NOUN,1,1
23332,deprecatingly,ADV,1,1
23333,wheatfield,NOUN,1,1
23334,ism,NOUN,1,1
23335,cruel,VERB,1,1
23336,latchkey,NOUN,1,1
23337,pigheade,VERB,1,1
23338,firelight,NOUN,1,1
23339,poky,NOUN,1,1
23340,wordless,ADJ,1,1
23341,altruism,NOUN,1,1
23342,fawn,VERB,1,1
23343,carious,ADJ,1,1
23344,blatantly,ADV,1,1
23345,lewd,ADJ,1,1
23346,inalienable,ADJ,1,1
23347,languorous,ADJ,1,1
23348,pestering,NOUN,1,1
23349,wildrose,ADJ,1,1
23350,licit,NOUN,1,1
23351,indissoluble,ADJ,1,1
23352,au,ADV,1,1
23353,wilfulness,NOUN,1,1
23354,impermanence,NOUN,1,1
23355,abjuring,ADJ,1,1
23356,broccoli,NOUN,1,1
23357,guardsman,NOUN,1,1
23358,desirously,ADV,1,1
23359,codfish,NOUN,1,1
23360,slanting,NOUN,1,1
23361,sombrely,ADV,1,1
23362,wasted,ADJ,1,1
23363,uncut,ADJ,1,1
23364,peevish,ADJ,1,1
23365,unreasonably,ADV,1,1
23366,lovemaking,NOUN,1,1
23367,selon,NOUN,1,1
23368,este,NOUN,1,1
23369,doulche,NOUN,1,1
23370,doulx,NOUN,1,1
23371,mot,NOUN,1,1
23372,pa,NOUN,1,1
23373,si,ADP,1,1
23374,mal,NOUN,1,1
23375,bureaux,NOUN,1,1
23376,farm,VERB,1,1
23377,immature,ADJ,1,1
23378,trimmer,NOUN,1,1
23379,broodingly,ADV,1,1
23380,unsatisfactorily,ADV,1,1
23381,diatribe,NOUN,1,1
23382,feminist,ADJ,1,1
23383,hindu,NOUN,1,1
23384,jaw,ADV,1,1
23385,voluptuousness,NOUN,1,1
23386,spaghetti,NOUN,1,1
23387,cricket,VERB,1,1
23388,insistent,ADJ,1,1
23389,unreasonableness,NOUN,1,1
23390,unloved,ADJ,1,1
23391,scotchman,NOUN,1,1
23392,oozed,ADJ,1,1
23393,ungathered,ADJ,1,1
23394,divan,ADJ,1,1
23395,hardwood,ADJ,1,1
23396,chintz,ADV,1,1
23397,framed,ADJ,1,1
23398,sachet,NOUN,1,1
23399,thirteen,NOUN,1,1
23400,tussocky,ADJ,1,1
23401,satiny,NOUN,1,1
23402,etiolated,ADJ,1,1
23403,fluting,NOUN,1,1
23404,coppery,NOUN,1,1
23405,madder,NOUN,1,1
23406,paintbox,NOUN,1,1
23407,lovable,ADJ,1,1
23408,lapis,ADJ,1,1
23409,lazuli,NOUN,1,1
23410,sentient,NOUN,1,1
23411,nipple,NOUN,1,1
23412,weightless,ADJ,1,1
23413,pseudo,VERB,1,1
23414,sniffishly,ADV,1,1
23415,ouija,NOUN,1,1
23416,gauzy,NOUN,1,1
23417,ravening,NOUN,1,1
23418,hibernation,NOUN,1,1
23419,seater,NOUN,1,1
23420,rinsing,NOUN,1,1
23421,shrank,ADJ,1,1
23422,upholster,VERB,1,1
23423,youthfully,ADV,1,1
23424,zee,NOUN,1,1
23425,dank,ADJ,1,1
23426,anyse,VERB,1,1
23427,wiz,NOUN,1,1
23428,thumbnail,NOUN,1,1
23429,prefare,VERB,1,1
23430,raised,ADJ,1,1
23431,touching,VERB,1,1
23432,folded,ADJ,1,1
23433,unmentionable,NOUN,1,1
23434,carefree,ADJ,1,1
23435,harassing,NOUN,1,1
23436,smokeless,NOUN,1,1
23437,purply,NOUN,1,1
23438,intruding,NOUN,1,1
23439,contraception,NOUN,1,1
23440,puncture,VERB,1,1
23441,unsociable,ADJ,1,1
23442,paying,NOUN,1,1
23443,apostasy,NOUN,1,1
23444,lit,ADJ,1,1
23445,bunny,NOUN,1,1
23446,pinkness,NOUN,1,1
23447,littered,ADJ,1,1
23448,welter,NOUN,1,1
23449,golfing,NOUN,1,1
23450,cosmopolitan,ADJ,1,1
23451,financier,NOUN,1,1
23452,pugilist,NOUN,1,1
23453,aviator,NOUN,1,1
23454,repentant,VERB,1,1
23455,tribute,VERB,1,1
23456,estrange,VERB,1,1
23457,favorably,ADV,1,1
23458,bank,VERB,1,1
23459,lordly,ADJ,1,1
23460,backsheesh,NOUN,1,1
23461,leathery,ADJ,1,1
23462,revivify,VERB,1,1
23463,demy,ADJ,1,1
23464,overbore,VERB,1,1
23465,darkle,VERB,1,1
23466,expansive,ADJ,1,1
23467,moth,ADV,1,1
23468,gondola,NOUN,1,1
23469,damned,ADV,1,1
23470,flickeringly,ADV,1,1
23471,askance,NOUN,1,1
23472,aristocratically,ADV,1,1
23473,vivaciously,ADV,1,1
23474,talisman,NOUN,1,1
23475,bordeaux,NOUN,1,1
23476,corkage,NOUN,1,1
23477,descant,VERB,1,1
23478,dreadfulness,NOUN,1,1
23479,unpublished,ADJ,1,1
23480,uncomfortableness,ADJ,1,1
23481,ordering,NOUN,1,1
23482,fatly,ADV,1,1
23483,quicker,NOUN,1,1
23484,rousing,NOUN,1,1
23485,greying,NOUN,1,1
23486,stuffily,ADV,1,1
23487,jabber,NOUN,1,1
23488,meaningly,ADV,1,1
23489,preliminary,NOUN,1,1
23490,baleful,ADJ,1,1
23491,arrowe,VERB,1,1
23492,recorke,VERB,1,1
23493,haymarket,NOUN,1,1
23494,down,VERB,1,1
23495,jostling,NOUN,1,1
23496,elbowing,NOUN,1,1
23497,sickish,ADJ,1,1
23498,beerpot,NOUN,1,1
23499,reeling,ADJ,1,1
23500,cast,ADJ,1,1
23501,predatory,ADJ,1,1
23502,stationary,VERB,1,1
23503,shaken,ADJ,1,1
23504,causon,NOUN,1,1
23505,avec,ADP,1,1
23506,damnation,NOUN,1,1
23507,parlour,ADJ,1,1
23508,skew,ADV,1,1
23509,boozy,NOUN,1,1
23510,hallway,ADJ,1,1
23511,uncared,ADJ,1,1
23512,impermanent,NOUN,1,1
23513,undisguisable,ADJ,1,1
23514,mincingly,ADV,1,1
23515,ascensus,NOUN,1,1
23516,sciebat,NOUN,1,1
23517,sibi,NOUN,1,1
23518,lino,VERB,1,1
23519,rapacious,ADJ,1,1
23520,ober,ADJ,1,1
23521,localize,VERB,1,1
23522,hose,NOUN,1,1
23523,option,NOUN,1,1
23524,nauseatingly,ADV,1,1
23525,tyke,NOUN,1,1
23526,sluice,VERB,1,1
23527,offensiveness,NOUN,1,1
23528,practised,ADJ,1,1
23529,poach,VERB,1,1
23530,replica,NOUN,1,1
23531,repulsively,ADV,1,1
23532,unbreathable,ADJ,1,1
23533,collared,ADJ,1,1
23534,kosher,ADJ,1,1
23535,rabbi,NOUN,1,1
23536,contaminate,VERB,1,1
23537,lent,NOUN,1,1
23538,solicitous,ADJ,1,1
23539,caressing,NOUN,1,1
23540,syphon,NOUN,1,1
23541,splurge,VERB,1,1
23542,faecal,ADJ,1,1
23543,whitey,ADJ,1,1
23544,avid,ADJ,1,1
23545,angriest,ADJ,1,1
23546,begged,ADJ,1,1
23547,sulk,NOUN,1,1
23548,scrounger,NOUN,1,1
23549,relent,VERB,1,1
23550,ot,VERB,1,1
23551,specting,NOUN,1,1
23552,malforme,VERB,1,1
23553,torso,NOUN,1,1
23554,secretive,ADJ,1,1
23555,chuckling,NOUN,1,1
23556,astuteness,NOUN,1,1
23557,highbrow,ADJ,1,1
23558,arid,NOUN,1,1
23559,fourpenny,ADJ,1,1
23560,chooser,NOUN,1,1
23561,twentieth,NOUN,1,1
23562,losing,NOUN,1,1
23563,dweller,NOUN,1,1
23564,princess,NOUN,1,1
23565,unlikeable,ADJ,1,1
23566,dustheap,NOUN,1,1
23567,flair,NOUN,1,1
23568,bookdeale,VERB,1,1
23569,clientele,NOUN,1,1
23570,promptness,NOUN,1,1
23571,hassome,NOUN,1,1
23572,dishevel,VERB,1,1
23573,jelly,ADJ,1,1
23574,wheeze,VERB,1,1
23575,slovene,VERB,1,1
23576,coma,NOUN,1,1
23577,sulkiness,NOUN,1,1
23578,gutter,VERB,1,1
23579,buggy,ADJ,1,1
23580,increasingly,ADV,1,1
23581,lent,VERB,1,1
23582,ungenerous,ADJ,1,1
23583,unspeak,VERB,1,1
23584,screech,VERB,1,1
23585,slouching,NOUN,1,1
23586,raggedness,VERB,1,1
23587,desolately,ADV,1,1
23588,perverseness,NOUN,1,1
23589,uphold,VERB,1,1
23590,shoeless,NOUN,1,1
23591,crock,VERB,1,1
23592,virgin,ADJ,1,1
23593,behave,NOUN,1,1
23594,shaw,NOUN,1,1
23595,sheene,ADJ,1,1
23596,fayre,NOUN,1,1
23597,longe,NOUN,1,1
23598,hey,ADV,1,1
23599,pu,ADJ,1,1
23600,witta,ADJ,1,1
23601,woo,NOUN,1,1
23602,cabbage,ADJ,1,1
23603,frowste,VERB,1,1
23604,mouldy,ADJ,1,1
23605,slovenly,ADJ,1,1
23606,irk,VERB,1,1
23607,nurture,VERB,1,1
23608,pallor,NOUN,1,1
23609,fob,VERB,1,1
23610,sheepish,VERB,1,1
23611,cajole,NOUN,1,1
23612,ro,ADP,1,1
23613,eupeptic,ADJ,1,1
23614,invigorating,NOUN,1,1
23615,presage,VERB,1,1
23616,rotter,NOUN,1,1
23617,jungle,VERB,1,1
23618,pregnancy,NOUN,1,1
23619,graduate,NOUN,1,1
23620,pornographical,ADJ,1,1
23621,gynaecology,NOUN,1,1
23622,nez,ADJ,1,1
23623,aseptic,ADJ,1,1
23624,nez,PRON,1,1
23625,inexpertly,ADV,1,1
23626,gnomelike,NOUN,1,1
23627,dome,VERB,1,1
23628,boneless,NOUN,1,1
23629,flipper,NOUN,1,1
23630,rudimentary,ADJ,1,1
23631,spawn,NOUN,1,1
23632,doglike,NOUN,1,1
23633,peepshow,NOUN,1,1
23634,slimme,VERB,1,1
23635,whoredom,NOUN,1,1
23636,adorable,NOUN,1,1
23637,undersurface,NOUN,1,1
23638,alkalize,VERB,1,1
23639,roughage,VERB,1,1
23640,silkyseam,NOUN,1,1
23641,smooth,ADV,1,1
23642,schoolgirl,ADJ,1,1
23643,refane,VERB,1,1
23644,groom,VERB,1,1
23645,circumcise,NOUN,1,1
23646,ye,VERB,1,1
23647,beefish,ADJ,1,1
23648,precipitating,NOUN,1,1
23649,blaspheme,VERB,1,1
23650,inescapable,ADJ,1,1
23651,shouldst,ADJ,1,1
23652,homburg,NOUN,1,1
23653,blinker,VERB,1,1
23654,unpretende,VERB,1,1
23655,flatlet,NOUN,1,1
23656,white,VERB,1,1
23657,ruck,NOUN,1,1
23658,hoggish,ADJ,1,1
23659,begot,VERB,1,1
23660,tattere,VERB,1,1
23661,scrawling,NOUN,1,1
23662,vicisti,INTJ,1,1
23663,plaice,NOUN,1,1
23664,entrecôte,NOUN,1,1
23665,aux,NOUN,1,1
23666,pomme,NOUN,1,1
23667,frite,VERB,1,1
23668,arresting,ADJ,1,1
23669,pedic,ADJ,1,1
23670,identically,ADV,1,1
23671,letterpress,NOUN,1,1
23672,sunshine,VERB,1,1
23673,terrifying,NOUN,1,1
23674,parallel,ADV,1,1
23675,veneer,VERB,1,1
23676,scalloped,ADJ,1,1
23677,checking,NOUN,1,1
23678,eiderdown,NOUN,1,1
23679,caledonian,ADJ,1,1
23680,minutest,ADJ,1,1
23681,soapflake,NOUN,1,1
23682,felt,VERB,1,1
23683,cushion,VERB,1,1
23684,smelt,NOUN,1,1
23685,indoor,ADJ,1,1
23686,ruggedly,ADV,1,1
23687,contrived,ADJ,1,1
23688,meagreness,NOUN,1,1
23689,sanguine,ADJ,1,1
23690,overfulfilment,NOUN,1,1
23691,shore,VERB,1,1
23692,baulk,NOUN,1,1
23693,tableaux,NOUN,1,1
23694,etymology,NOUN,1,1
23695,entanglement,NOUN,1,1
23696,advisable,ADJ,1,1
23697,teacupful,ADJ,1,1
23698,nitric,ADJ,1,1
23699,blaring,NOUN,1,1
23700,booziness,NOUN,1,1
23701,gunsight,NOUN,1,1
23702,lifeboat,NOUN,1,1
23703,oughter,ADV,1,1
23704,shapeliness,NOUN,1,1
23705,bigoted,ADJ,1,1
23706,swallower,NOUN,1,1
23707,noser,NOUN,1,1
23708,burly,ADJ,1,1
23709,urbane,ADJ,1,1
23710,renegade,NOUN,1,1
23711,backslider,NOUN,1,1
23712,primal,ADJ,1,1
23713,defiler,NOUN,1,1
23714,aureole,NOUN,1,1
23715,polysyllabic,ADJ,1,1
23716,specious,ADJ,1,1
23717,claptrap,NOUN,1,1
23718,unmasked,ADJ,1,1
23719,compendium,NOUN,1,1
23720,swine,INTJ,1,1
23721,vindictiveness,NOUN,1,1
23722,grimacing,NOUN,1,1
23723,undirected,ADJ,1,1
23724,blowlamp,NOUN,1,1
23725,enchanter,NOUN,1,1
23726,bleat,NOUN,1,1
23727,chant,NOUN,1,1
23728,scribble,NOUN,1,1
23729,focused,ADJ,1,1
23730,spoiled,ADJ,1,1
23731,vaporized,NOUN,1,1
23732,scrawl,NOUN,1,1
23733,flake,VERB,1,1
23734,sanction,VERB,1,1
23735,unquestione,VERB,1,1
23736,evict,VERB,1,1
23737,invertebrate,NOUN,1,1
23738,jab,VERB,1,1
23739,ungovernable,ADJ,1,1
23740,eavesdrop,VERB,1,1
23741,newsflash,NOUN,1,1
23742,authorize,VERB,1,1
23743,deflate,VERB,1,1
23744,vapour,VERB,1,1
23745,chiming,NOUN,1,1
23746,sane,NOUN,1,1
23747,heritage,NOUN,1,1
23748,sandpaper,NOUN,1,1
23749,springy,VERB,1,1
23750,disdainfully,ADV,1,1
23751,shakespeare,NOUN,1,1
23752,scrawny,NOUN,1,1
23753,sharpness,NOUN,1,1
23754,flagged,ADJ,1,1
23755,gyrate,VERB,1,1
23756,happened,NOUN,1,1
23757,everlasting,VERB,1,1
23758,subtlety,NOUN,1,1
23759,gleaming,NOUN,1,1
23760,encouragingly,ADV,1,1
23761,unbent,ADJ,1,1
23762,orifice,NOUN,1,1
23763,malreporte,VERB,1,1
23764,yp,NOUN,1,1
23765,miniplenty,NOUN,1,1
23766,malquote,VERB,1,1
23767,dial,VERB,1,1
23768,speakwritten,ADJ,1,1
23769,collate,VERB,1,1
23770,documentation,NOUN,1,1
23771,palimps,ADJ,1,1
23772,reinscribe,VERB,1,1
23773,reissue,VERB,1,1
23774,misquotation,NOUN,1,1
23775,substitution,NOUN,1,1
23776,likelier,ADV,1,1
23777,cared,ADJ,1,1
23778,astronomical,ADJ,1,1
23779,recorded,ADJ,1,1
23780,chin,VERB,1,1
23781,delete,VERB,1,1
23782,juggle,VERB,1,1
23783,typography,NOUN,1,1
23784,tele,NOUN,1,1
23785,imitating,NOUN,1,1
23786,repository,NOUN,1,1
23787,lyric,ADJ,1,1
23788,filing,NOUN,1,1
23789,single,VERB,1,1
23790,secretively,ADV,1,1
23791,referencing,NOUN,1,1
23792,reappearance,NOUN,1,1
23793,vanishing,NOUN,1,1
23794,complicate,VERB,1,1
23795,abstainer,NOUN,1,1
23796,nonsmoker,NOUN,1,1
23797,referencing,ADJ,1,1
23798,unimagine,VERB,1,1
23799,pleasanter,ADJ,1,1
23800,philologist,NOUN,1,1
23801,mournful,NOUN,1,1
23802,derisive,ADJ,1,1
23803,venomously,ADV,1,1
23804,nex,NOUN,1,1
23805,sloppiness,NOUN,1,1
23806,gabble,ADJ,1,1
23807,synonyms,NOUN,1,1
23808,antonym,NOUN,1,1
23809,afterthought,NOUN,1,1
23810,vapid,ADJ,1,1
23811,sympathetically,ADV,1,1
23812,remorselessly,ADV,1,1
23813,fulminate,VERB,1,1
23814,venerate,VERB,1,1
23815,dateness,NOUN,1,1
23816,disreputability,NOUN,1,1
23817,unwritten,ADJ,1,1
23818,omened,ADJ,1,1
23819,unconsciousness,ADJ,1,1
23820,froglike,ADJ,1,1
23821,waistline,NOUN,1,1
23822,boyish,VERB,1,1
23823,revert,ADJ,1,1
23824,earmark,VERB,1,1
23825,creased,ADJ,1,1
23826,keenness,NOUN,1,1
23827,berkhamsted,ADJ,1,1
23828,parachute,NOUN,1,1
23829,charred,ADJ,1,1
23830,denounce,NOUN,1,1
23831,resentfully,ADV,1,1
23832,grimy,VERB,1,1
23833,underheated,ADJ,1,1
23834,filthy,ADV,1,1
23835,stickiness,NOUN,1,1
23836,bosom,VERB,1,1
23837,carefree,NOUN,1,1
23838,proliferate,VERB,1,1
23839,bombardment,NOUN,1,1
23840,tic,NOUN,1,1
23841,inkpot,NOUN,1,1
23842,twitch,NOUN,1,1
23843,odour,ADJ,1,1
23844,promiscuity,NOUN,1,1
23845,undeclared,ADJ,1,1
23846,eroticism,NOUN,1,1
23847,insemination,NOUN,1,1
23848,aquiline,ADP,1,1
23849,operating,NOUN,1,1
23850,submitting,NOUN,1,1
23851,celibate,ADJ,1,1
23852,ingrained,ADJ,1,1
23853,urge,NOUN,1,1
23854,leapt,NOUN,1,1
23855,tugging,ADJ,1,1
23856,flogged,ADJ,1,1
23857,blossoming,NOUN,1,1
23858,racketeer,NOUN,1,1
23859,stovepipe,NOUN,1,1
23860,ermine,NOUN,1,1
23861,pillory,NOUN,1,1
23862,mute,ADJ,1,1
23863,insecurity,NOUN,1,1
23864,bareness,NOUN,1,1
23865,dinginess,NOUN,1,1
23866,listlessness,NOUN,1,1
23867,slog,VERB,1,1
23868,persecuting,NOUN,1,1
23869,leaky,ADJ,1,1
23870,unknown,NOUN,1,1
23871,erasure,NOUN,1,1
23872,abject,VERB,1,1
23873,defection,NOUN,1,1
23874,untouchable,NOUN,1,1
23875,caricaturist,NOUN,1,1
23876,unconvincing,ADJ,1,1
23877,rehashing,NOUN,1,1
23878,negroid,NOUN,1,1
23879,crumbling,NOUN,1,1
23880,uncommanded,ADJ,1,1
23881,unchangeable,ADJ,1,1
23882,ownlife,NOUN,1,1
23883,individualism,NOUN,1,1
23884,camaraderie,NOUN,1,1
23885,north,VERB,1,1
23886,rathole,NOUN,1,1
23887,crudely,ADV,1,1
23888,lipsticked,ADJ,1,1
23889,splayed,ADJ,1,1
23890,guarded,ADJ,1,1
23891,wariness,NOUN,1,1
23892,heave,NOUN,1,1
23893,oh,NUM,1,1
23894,amulet,NOUN,1,1
23895,running,NOUN,1,1
23896,intercommunication,NOUN,1,1
23897,thoroughfare,NOUN,1,1
23898,cheesy,NOUN,1,1
23899,isself,PRON,1,1
23900,stubble,VERB,1,1
23901,ire,VERB,1,1
23902,flunky,NOUN,1,1
23903,yenas,ADJ,1,1
23904,e,PRON,1,1
23905,zagge,VERB,1,1
23906,put,NOUN,1,1
23907,workmate,NOUN,1,1
23908,intellectuality,NOUN,1,1
23909,debased,ADJ,1,1
23910,keepsake,NOUN,1,1
23911,softpalmed,ADJ,1,1
23912,floorspace,NOUN,1,1
23913,penknive,VERB,1,1
23914,agate,NOUN,1,1
23915,brooch,NOUN,1,1
23916,convoluted,ADJ,1,1
23917,bulge,NOUN,1,1
23918,slatternly,ADJ,1,1
23919,cumbersome,ADJ,1,1
23920,careless,VERB,1,1
23921,backstreet,NOUN,1,1
23922,kilometre,VERB,1,1
23923,officiousness,ADJ,1,1
23924,retrace,VERB,1,1
23925,main,NOUN,1,1
23926,teacupful,NOUN,1,1
23927,unprocurable,ADJ,1,1
23928,mystically,ADV,1,1
23929,rough,VERB,1,1
23930,appealing,ADJ,1,1
23931,bandaged,ADJ,1,1
23932,adjusted,ADJ,1,1
23933,likeliest,VERB,1,1
23934,unattended,ADJ,1,1
23935,hairy,NOUN,1,1
23936,eared,ADJ,1,1
23937,flute,VERB,1,1
23938,spirally,ADV,1,1
23939,pediment,NOUN,1,1
23940,butted,ADJ,1,1
23941,insatiably,ADV,1,1
23942,callouse,NOUN,1,1
23943,dapple,VERB,1,1
23944,endorse,VERB,1,1
23945,backward,NOUN,1,1
23946,summery,ADJ,1,1
23947,seated,ADJ,1,1
23948,grassy,ADJ,1,1
23949,unresisting,ADJ,1,1
23950,crumbly,ADJ,1,1
23951,reducible,ADJ,1,1
23952,jeering,NOUN,1,1
23953,coarseness,NOUN,1,1
23954,chequer,VERB,1,1
23955,obeisance,NOUN,1,1
23956,virtuosity,NOUN,1,1
23957,cult,NOUN,1,1
23958,pitying,NOUN,1,1
23959,enunciate,VERB,1,1
23960,adept,ADJ,1,1
23961,camouflage,ADJ,1,1
23962,blazing,ADJ,1,1
23963,arrowslit,NOUN,1,1
23964,parenthetically,ADV,1,1
23965,service,VERB,1,1
23966,touching,NOUN,1,1
23967,gymnastic,NOUN,1,1
23968,goodthinkful,VERB,1,1
23969,sixteen,NOUN,1,1
23970,sexuality,NOUN,1,1
23971,parenthood,NOUN,1,1
23972,sweltering,ADJ,1,1
23973,loosestrife,NOUN,1,1
23974,vigour,VERB,1,1
23975,coverless,NOUN,1,1
23976,burner,NOUN,1,1
23977,stump,VERB,1,1
23978,precede,NOUN,1,1
23979,saccharine,VERB,1,1
23980,emanation,NOUN,1,1
23981,drivelling,NOUN,1,1
23982,brighter,ADJ,1,1
23983,springiness,NOUN,1,1
23984,cheekbone,VERB,1,1
23985,nostalgically,ADV,1,1
23986,cap,VERB,1,1
23987,inconsequently,ADV,1,1
23988,windowless,NOUN,1,1
23989,overtime,NOUN,1,1
23990,telescreen,ADP,1,1
23991,embellish,VERB,1,1
23992,febrile,ADJ,1,1
23993,perilously,ADV,1,1
23994,bunting,NOUN,1,1
23995,jolly,VERB,1,1
23996,comradely,ADJ,1,1
23997,foreshortening,NOUN,1,1
23998,playground,NOUN,1,1
23999,infrequently,ADV,1,1
24000,ghostlike,ADJ,1,1
24001,pinchbeck,NOUN,1,1
24002,crumpled,ADJ,1,1
24003,permanence,NOUN,1,1
24004,sanctuary,ADJ,1,1
24005,undetected,ADJ,1,1
24006,rally,NOUN,1,1
24007,doctrine,VERB,1,1
24008,schoolday,NOUN,1,1
24009,switchover,ADJ,1,1
24010,repaint,VERB,1,1
24011,band,VERB,1,1
24012,residue,NOUN,1,1
24013,undigeste,VERB,1,1
24014,expected,ADJ,1,1
24015,absent,ADV,1,1
24016,sheltering,NOUN,1,1
24017,peeling,NOUN,1,1
24018,youthfulness,NOUN,1,1
24019,naggingly,ADV,1,1
24020,pilfer,VERB,1,1
24021,enveloping,NOUN,1,1
24022,regenerate,VERB,1,1
24023,hardened,ADJ,1,1
24024,relevance,NOUN,1,1
24025,downhearted,ADJ,1,1
24026,betrayal,ADJ,1,1
24027,wearing,NOUN,1,1
24028,spaciousness,NOUN,1,1
24029,white,ADV,1,1
24030,passageway,NOUN,1,1
24031,doubleplus,NOUN,1,1
24032,verging,NOUN,1,1
24033,crimethink,NOUN,1,1
24034,cancel,NOUN,1,1
24035,unproceed,ADJ,1,1
24036,antegette,VERB,1,1
24037,plusfull,NOUN,1,1
24038,soundless,NOUN,1,1
24039,grimmer,NOUN,1,1
24040,adulterer,NOUN,1,1
24041,impassively,ADV,1,1
24042,olden,ADJ,1,1
24043,intoxicating,ADJ,1,1
24044,sulphuric,ADJ,1,1
24045,soundlessly,ADV,1,1
24046,freckle,NOUN,1,1
24047,silkiness,NOUN,1,1
24048,persiflage,NOUN,1,1
24049,unflinchingly,ADV,1,1
24050,misprint,VERB,1,1
24051,basket,VERB,1,1
24052,translucency,NOUN,1,1
24053,lymph,NOUN,1,1
24054,irrationally,ADV,1,1
24055,tingling,NOUN,1,1
24056,grinding,NOUN,1,1
24057,luridly,ADV,1,1
24058,floodlit,ADJ,1,1
24059,rumpelstiltskin,NOUN,1,1
24060,menacingly,ADV,1,1
24061,amplifier,NOUN,1,1
24062,raping,NOUN,1,1
24063,aggression,NOUN,1,1
24064,rooftop,NOUN,1,1
24065,midsentence,NOUN,1,1
24066,neurotically,ADV,1,1
24067,dribble,ADJ,1,1
24068,amateurishly,ADV,1,1
24069,meritorious,NOUN,1,1
24070,whereabout,VERB,1,1
24071,regrouping,NOUN,1,1
24072,definitively,ADV,1,1
24073,fecundity,NOUN,1,1
24074,industriousness,NOUN,1,1
24075,gear,VERB,1,1
24076,quadrilateral,NOUN,1,1
24077,populate,VERB,1,1
24078,synthesize,VERB,1,1
24079,equatorial,NOUN,1,1
24080,heartland,NOUN,1,1
24081,inviolate,ADJ,1,1
24082,wage,VERB,1,1
24083,antiseptic,ADJ,1,1
24084,technology,NOUN,1,1
24085,impoverishment,NOUN,1,1
24086,regiment,VERB,1,1
24087,illiteracy,NOUN,1,1
24088,mechanization,NOUN,1,1
24089,industrially,ADV,1,1
24090,horseflesh,NOUN,1,1
24091,psychologically,ADV,1,1
24092,adulation,NOUN,1,1
24093,waver,NOUN,1,1
24094,victoriously,ADV,1,1
24095,undisputed,ADJ,1,1
24096,preponderance,NOUN,1,1
24097,technological,ADJ,1,1
24098,facial,ADJ,1,1
24099,physicist,NOUN,1,1
24100,australian,ADJ,1,1
24101,logistic,NOUN,1,1
24102,plating,NOUN,1,1
24103,soluble,ADJ,1,1
24104,immunize,VERB,1,1
24105,antibody,NOUN,1,1
24106,lens,NOUN,1,1
24107,possess,NOUN,1,1
24108,unsinkable,ADJ,1,1
24109,retaliation,NOUN,1,1
24110,sealed,ADJ,1,1
24111,impair,VERB,1,1
24112,daydreaming,NOUN,1,1
24113,interstellar,ADJ,1,1
24114,ruminant,ADJ,1,1
24115,consumable,ADJ,1,1
24116,sobering,ADJ,1,1
24117,shallower,ADJ,1,1
24118,ridden,ADJ,1,1
24119,recur,NOUN,1,1
24120,softening,NOUN,1,1
24121,specifically,ADV,1,1
24122,fraternity,NOUN,1,1
24123,pendulum,NOUN,1,1
24124,authoritarian,ADJ,1,1
24125,realizable,ADJ,1,1
24126,hierarchy,VERB,1,1
24127,regimentation,NOUN,1,1
24128,hardening,NOUN,1,1
24129,bureaucrat,NOUN,1,1
24130,sociologist,NOUN,1,1
24131,salary,VERB,1,1
24132,monopoly,ADJ,1,1
24133,surveillance,NOUN,1,1
24134,television,NOUN,1,1
24135,regroup,VERB,1,1
24136,forerunner,NOUN,1,1
24137,dispose,NOUN,1,1
24138,unopposed,ADJ,1,1
24139,inefficiently,ADV,1,1
24140,singly,ADV,1,1
24141,conquerable,ADJ,1,1
24142,demographic,ADJ,1,1
24143,liberalism,NOUN,1,1
24144,directing,NOUN,1,1
24145,equatorial,ADJ,1,1
24146,racial,ADJ,1,1
24147,domination,NOUN,1,1
24148,titular,ADJ,1,1
24149,newspeak,VERB,1,1
24150,centralize,VERB,1,1
24151,adherence,NOUN,1,1
24152,oligarchy,ADJ,1,1
24153,shortlive,VERB,1,1
24154,adoptive,ADJ,1,1
24155,oligarchical,ADJ,1,1
24156,persistence,NOUN,1,1
24157,mutter,NOUN,1,1
24158,misdemeanour,NOUN,1,1
24159,goodthinker,NOUN,1,1
24160,undergone,ADJ,1,1
24161,unsatisfye,VERB,1,1
24162,misunderstand,VERB,1,1
24163,orthodoxy,ADJ,1,1
24164,contortionist,NOUN,1,1
24165,unwearying,NOUN,1,1
24166,flexibility,NOUN,1,1
24167,keyword,NOUN,1,1
24168,tolerate,NOUN,1,1
24169,repression,NOUN,1,1
24170,recreate,VERB,1,1
24171,falsity,NOUN,1,1
24172,indispensably,ADV,1,1
24173,ossify,VERB,1,1
24174,dislocate,VERB,1,1
24175,rulership,NOUN,1,1
24176,practitioner,NOUN,1,1
24177,furth,ADJ,1,1
24178,overlordship,NOUN,1,1
24179,fanaticism,NOUN,1,1
24180,reject,NOUN,1,1
24181,vilifie,NOUN,1,1
24182,systematize,VERB,1,1
24183,tirelessly,ADV,1,1
24184,uncorking,ADJ,1,1
24185,contourless,ADJ,1,1
24186,fertilized,ADJ,1,1
24187,polishing,NOUN,1,1
24188,muscle,VERB,1,1
24189,crinkle,NOUN,1,1
24190,solar,ADJ,1,1
24191,plexus,NOUN,1,1
24192,ran,NOUN,1,1
24193,breadcrumb,NOUN,1,1
24194,filthily,ADV,1,1
24195,ate,VERB,1,1
24196,political,NOUN,1,1
24197,marketeer,NOUN,1,1
24198,leant,VERB,1,1
24199,copiously,ADV,1,1
24200,thass,NOUN,1,1
24201,trim,ADJ,1,1
24202,polished,ADJ,1,1
24203,shoeless,ADJ,1,1
24204,ruffianism,NOUN,1,1
24205,cold,ADV,1,1
24206,uncomprehending,ADJ,1,1
24207,forgetfulness,ADJ,1,1
24208,jerkily,ADV,1,1
24209,sanctimonious,ADJ,1,1
24210,tribunal,NOUN,1,1
24211,shrivel,NOUN,1,1
24212,toothy,ADJ,1,1
24213,unreprove,VERB,1,1
24214,unvarying,ADJ,1,1
24215,thinkable,NOUN,1,1
24216,foreknowledge,NOUN,1,1
24217,disabled,ADJ,1,1
24218,hypodermic,ADJ,1,1
24219,underwater,ADJ,1,1
24220,groin,NOUN,1,1
24221,stupor,ADJ,1,1
24222,businesslike,ADJ,1,1
24223,pervert,NOUN,1,1
24224,disconnectedly,ADV,1,1
24225,understood,ADJ,1,1
24226,drugged,ADJ,1,1
24227,wakefulness,NOUN,1,1
24228,materialize,VERB,1,1
24229,electrically,ADV,1,1
24230,vertebrae,NOUN,1,1
24231,trickery,NOUN,1,1
24232,speculatively,ADV,1,1
24233,metaphysician,ADJ,1,1
24234,concretely,ADV,1,1
24235,disciplined,ADJ,1,1
24236,perishe,NOUN,1,1
24237,relearn,VERB,1,1
24238,learner,NOUN,1,1
24239,recrossing,NOUN,1,1
24240,uncured,ADJ,1,1
24241,shrank,NOUN,1,1
24242,martyrdom,NOUN,1,1
24243,vindicate,VERB,1,1
24244,reshape,VERB,1,1
24245,penitence,NOUN,1,1
24246,ampoule,NOUN,1,1
24247,plunger,NOUN,1,1
24248,embodiment,NOUN,1,1
24249,nonexistence,NOUN,1,1
24250,drily,ADV,1,1
24251,reintegration,NOUN,1,1
24252,dedicated,ADJ,1,1
24253,fingernail,NOUN,1,1
24254,levitation,NOUN,1,1
24255,mastodon,NOUN,1,1
24256,navigate,VERB,1,1
24257,eclipse,NOUN,1,1
24258,dual,ADJ,1,1
24259,bludgeon,NOUN,1,1
24260,metaphysics,NOUN,1,1
24261,choosing,NOUN,1,1
24262,hedonistic,ADJ,1,1
24263,procreation,NOUN,1,1
24264,neurologist,NOUN,1,1
24265,inarticulate,ADJ,1,1
24266,inheritor,NOUN,1,1
24267,vitriol,NOUN,1,1
24268,fastener,NOUN,1,1
24269,ingrain,VERB,1,1
24270,forefing,ADJ,1,1
24271,bicep,NOUN,1,1
24272,denture,NOUN,1,1
24273,coherent,ADJ,1,1
24274,satisfying,ADJ,1,1
24275,rounder,NOUN,1,1
24276,tauter,NOUN,1,1
24277,bowed,ADJ,1,1
24278,shallowness,NOUN,1,1
24279,magnifying,ADJ,1,1
24280,predestine,VERB,1,1
24281,wreckage,NOUN,1,1
24282,presuppose,VERB,1,1
24283,improvisation,NOUN,1,1
24284,athleticism,NOUN,1,1
24285,inscrutability,NOUN,1,1
24286,changing,NOUN,1,1
24287,unrepented,ADJ,1,1
24288,filthiest,NOUN,1,1
24289,emotionally,ADV,1,1
24290,push,NOUN,1,1
24291,burial,ADJ,1,1
24292,impalement,NOUN,1,1
24293,concave,NOUN,1,1
24294,lengthway,NOUN,1,1
24295,schoolmasterish,ADJ,1,1
24296,didactically,ADV,1,1
24297,gulfs,NOUN,1,1
24298,quill,NOUN,1,1
24299,undercharge,VERB,1,1
24300,mysticism,NOUN,1,1
24301,unvarye,VERB,1,1
24302,graver,ADJ,1,1
24303,smashing,ADJ,1,1
24304,outflank,VERB,1,1
24305,breakdown,NOUN,1,1
24306,redivision,NOUN,1,1
24307,undermost,ADJ,1,1
24308,cauterize,VERB,1,1
24309,clasp,NOUN,1,1
24310,sallower,NOUN,1,1
24311,baldly,ADV,1,1
24312,nostalgic,ADJ,1,1
24313,separated,ADJ,1,1
24314,horizontal,NOUN,1,1
24315,draft,VERB,1,1
24316,memoranda,NOUN,1,1
24317,involved,ADJ,1,1
24318,abstruse,VERB,1,1
24319,imperturbable,ADJ,1,1
24320,counterpaned,ADJ,1,1
24321,tiddly,ADV,1,1
24322,gabble,VERB,1,1
24323,seaborne,ADJ,1,1
24324,armada,NOUN,1,1
24325,co,NOUN,1,1
24326,ordination,NOUN,1,1
24327,colossus,NOUN,1,1
24328,bestrode,VERB,1,1
24329,equivocation,NOUN,1,1
24330,booty,NOUN,1,1
24331,willed,ADJ,1,1
24332,ambiguity,NOUN,1,1
24333,purposive,ADJ,1,1
24334,interchangeability,NOUN,1,1
24335,retention,NOUN,1,1
24336,etymologically,ADV,1,1
24337,adjectival,NOUN,1,1
24338,goodwise,NOUN,1,1
24339,negative,VERB,1,1
24340,pluscold,ADJ,1,1
24341,doublepluscold,NOUN,1,1
24342,superlatively,ADV,1,1
24343,prepositional,ADJ,1,1
24344,unlight,NOUN,1,1
24345,verb,VERB,1,1
24346,lifes,NOUN,1,1
24347,demonstrative,ADJ,1,1
24348,auxiliary,ADJ,1,1
24349,tense,NOUN,1,1
24350,incorrectly,ADV,1,1
24351,ipso,ADV,1,1
24352,overtone,NOUN,1,1
24353,amalgam,NOUN,1,1
24354,orthodoxy,ADV,1,1
24355,euphony,NOUN,1,1
24356,oldthinker,NOUN,1,1
24357,compiler,NOUN,1,1
24358,internationalism,NOUN,1,1
24359,objectivity,NOUN,1,1
24360,rationalism,NOUN,1,1
24361,culpable,ADJ,1,1
24362,specialized,ADJ,1,1
24363,aberration,NOUN,1,1
24364,prolefeed,ADJ,1,1
24365,connotation,NOUN,1,1
24366,recdep,NOUN,1,1
24367,teledep,NOUN,1,1
24368,telescope,VERB,1,1
24369,exactitude,NOUN,1,1
24370,goodthink,ADJ,1,1
24371,foolproof,ADJ,1,1
24372,duckspeak,VERB,1,1
24373,duckspeaker,NOUN,1,1
24374,supplementary,ADJ,1,1
24375,smattering,NOUN,1,1
24376,irrespective,ADV,1,1
24377,reasoned,ADJ,1,1
24378,illegitimately,ADV,1,1
24379,oldspeak,ADJ,1,1
24380,rook,NOUN,1,1
24381,untranslatable,ADJ,1,1
24382,endowed,NOUN,1,1
24383,destructive,NOUN,1,1
24384,panegyric,NOUN,1,1
24385,manual,NOUN,1,1
24386,hansom,VERB,1,1
24387,intensify,VERB,1,1
24388,regeneration,NOUN,1,1
24389,collocation,NOUN,1,1
24390,vocable,NOUN,1,1
24391,bewilder,NOUN,1,1
24392,hogben,NOUN,1,1
24393,irreducible,ADJ,1,1
24394,culturally,ADV,1,1
24395,academic,NOUN,1,1
24396,fraternity,VERB,1,1
24397,psychology,NOUN,1,1
24398,mass,ADJ,1,1
24399,incendiarism,NOUN,1,1
24400,legalize,VERB,1,1
24401,chauvinistic,ADJ,1,1
24402,fervor,NOUN,1,1
24403,thorny,ADJ,1,1
24404,contentious,ADJ,1,1
24405,humanization,NOUN,1,1
24406,galvanization,NOUN,1,1
24407,bespeak,VERB,1,1
24408,atrophy,NOUN,1,1
24409,sucking,NOUN,1,1
24410,traduce,VERB,1,1
24411,brazenly,ADV,1,1
24412,masquerade,VERB,1,1
24413,priggish,NOUN,1,1
24414,inhibited,ADJ,1,1
24415,ish,NOUN,1,1
24416,braying,NOUN,1,1
24417,imagery,NOUN,1,1
24418,inadvertently,ADV,1,1
24419,hackneye,VERB,1,1
24420,prefabricated,ADJ,1,1
24421,assist,NOUN,1,1
24422,cudgel,NOUN,1,1
24423,roughshod,VERB,1,1
24424,tow,VERB,1,1
24425,operator,NOUN,1,1
24426,inoperative,ADJ,1,1
24427,militate,VERB,1,1
24428,unacceptable,ADJ,1,1
24429,gerund,NOUN,1,1
24430,conjunction,NOUN,1,1
24431,preposition,NOUN,1,1
24432,dint,NOUN,1,1
24433,hypothesis,NOUN,1,1
24434,climax,ADJ,1,1
24435,diction,NOUN,1,1
24436,utilize,ADJ,1,1
24437,liquidate,NOUN,1,1
24438,dignify,VERB,1,1
24439,mail,VERB,1,1
24440,buckler,NOUN,1,1
24441,sociological,ADJ,1,1
24442,expedite,ADJ,1,1
24443,extraneous,ADJ,1,1
24444,deracinate,VERB,1,1
24445,subaqueous,ADJ,1,1
24446,saxon,ADJ,1,1
24447,cannibal,ADJ,1,1
24448,flunkey,NOUN,1,1
24449,regionalize,ADJ,1,1
24450,impermissible,ADJ,1,1
24451,extramarital,ADJ,1,1
24452,vagueness,ADJ,1,1
24453,snap,ADJ,1,1
24454,antirrhinum,NOUN,1,1
24455,myosotis,NOUN,1,1
24456,dishonestly,ADV,1,1
24457,catholicity,NOUN,1,1
24458,accumulative,NOUN,1,1
24459,hinting,NOUN,1,1
24460,cruel,NOUN,1,1
24461,timelessness,NOUN,1,1
24462,bullseyes,NOUN,1,1
24463,bittersweet,NOUN,1,1
24464,swift,NOUN,1,1
24465,happeneth,ADP,1,1
24466,tabulate,VERB,1,1
24467,concreteness,NOUN,1,1
24468,shortened,ADJ,1,1
24469,outcrop,NOUN,1,1
24470,euphonious,ADJ,1,1
24471,stenographer,NOUN,1,1
24472,latinize,VERB,1,1
24473,simile,VERB,1,1
24474,clumsiness,NOUN,1,1
24475,avoidably,ADV,1,1
24476,debasement,NOUN,1,1
24477,imitative,ADJ,1,1
24478,manifesto,NOUN,1,1
24479,bloodstaine,VERB,1,1
24480,reduced,ADJ,1,1
24481,indefensible,NOUN,1,1
24482,defenseless,ADJ,1,1
24483,incendiary,ADJ,1,1
24484,pacification,NOUN,1,1
24485,transfer,NOUN,1,1
24486,unreliable,ADJ,1,1
24487,totalitarianism,NOUN,1,1
24488,soviet,ADJ,1,1
24489,humanitarian,NOUN,1,1
24490,curtailment,NOUN,1,1
24491,concomitant,NOUN,1,1
24492,inflated,ADJ,1,1
24493,cuttlefish,NOUN,1,1
24494,schizophrenia,NOUN,1,1
24495,debase,VERB,1,1
24496,nationalistic,ADJ,1,1
24497,cooperative,ADJ,1,1
24498,anesthetize,VERB,1,1
24499,tinkering,NOUN,1,1
24500,evolutionary,ADJ,1,1
24501,unturne,VERB,1,1
24502,pretentiousness,NOUN,1,1
24503,unfashionable,ADJ,1,1
24504,unblack,NOUN,1,1
24505,unsmall,ADV,1,1
24506,ungreen,ADJ,1,1
24507,salvaging,NOUN,1,1
24508,scrapping,NOUN,1,1
24509,outwear,VERB,1,1
24510,written,ADJ,1,1
24511,colloquial,NOUN,1,1
24512,blurring,NOUN,1,1
24513,impression,VERB,1,1
24514,prefabricate,VERB,1,1
24515,vagueness,VERB,1,1
24516,simile,ADJ,1,1
24517,iv,X,1,1
24518,v,X,1,1
24519,quietism,NOUN,1,1
24520,solidity,NOUN,1,1
24521,jackboot,ADJ,1,1
24522,aimless,ADJ,1,1
24523,referee,NOUN,1,1
24524,perplexing,ADJ,1,1
24525,upsetting,ADJ,1,1
24526,oppressor,NOUN,1,1
24527,scarred,ADJ,1,1
24528,supplant,VERB,1,1
24529,saecula,NOUN,1,1
24530,saeculorum,NOUN,1,1
24531,prostrate,ADJ,1,1
24532,enlightening,ADJ,1,1
24533,despotic,ADJ,1,1
24534,vaguer,NOUN,1,1
24535,elephant,ADJ,1,1
24536,metalled,ADJ,1,1
24537,hollowness,NOUN,1,1
24538,conventionalize,VERB,1,1
24539,expect,NOUN,1,1
24540,grandmotherly,ADV,1,1
24541,hair,ADJ,1,1
24542,frighfful,ADJ,1,1
24543,flabbily,ADV,1,1
24544,senility,NOUN,1,1
24545,toppling,NOUN,1,1
24546,skyward,ADV,1,1
24547,lionized,ADJ,1,1
24548,lengthy,ADJ,1,1
24549,pic,NOUN,1,1
24550,nic,ADJ,1,1
24551,tendin,NOUN,1,1
24552,tom,X,1,1
24553,jimpson,NOUN,1,1
24554,dander,NOUN,1,1
24555,obleege,VERB,1,1
24556,ruination,NOUN,1,1
24557,revealment,NOUN,1,1
24558,miscarry,VERB,1,1
24559,lam,NOUN,1,1
24560,warble,NOUN,1,1
24561,unalloyed,ADJ,1,1
24562,citify,VERB,1,1
24563,sidewise,VERB,1,1
24564,sass,NOUN,1,1
24565,eying,NOUN,1,1
24566,glower,VERB,1,1
24567,pounding,NOUN,1,1
24568,snuffling,NOUN,1,1
24569,adamantine,ADJ,1,1
24570,reposeful,NOUN,1,1
24571,unwhitewashed,ADJ,1,1
24572,mulatto,NOUN,1,1
24573,trading,NOUN,1,1
24574,foolin,NOUN,1,1
24575,roun,NOUN,1,1
24576,spec,VERB,1,1
24577,gwine,NOUN,1,1
24578,ax,VERB,1,1
24579,whitewashin,NOUN,1,1
24580,taw,NOUN,1,1
24581,fraid,ADJ,1,1
24582,unwound,ADJ,1,1
24583,straiten,VERB,1,1
24584,starboard,VERB,1,1
24585,ponderously,ADV,1,1
24586,wow,ADJ,1,1
24587,absorbed,ADJ,1,1
24588,lemme,NOUN,1,1
24589,sid,VERB,1,1
24590,spool,NOUN,1,1
24591,tadpole,NOUN,1,1
24592,bankrupt,VERB,1,1
24593,restful,ADJ,1,1
24594,knitting,NOUN,1,1
24595,intrepid,ADJ,1,1
24596,recoate,VERB,1,1
24597,sally,ADJ,1,1
24598,fought,ADJ,1,1
24599,pantalette,NOUN,1,1
24600,evanescent,NOUN,1,1
24601,tarry,VERB,1,1
24602,pliant,ADJ,1,1
24603,clodde,VERB,1,1
24604,glorying,NOUN,1,1
24605,wellnigh,VERB,1,1
24606,brimful,ADJ,1,1
24607,uplifted,ADJ,1,1
24608,amiss,NOUN,1,1
24609,unsay,VERB,1,1
24610,petting,NOUN,1,1
24611,grating,ADJ,1,1
24612,vastness,NOUN,1,1
24613,rumple,VERB,1,1
24614,pityingly,ADV,1,1
24615,prone,ADJ,1,1
24616,relieving,NOUN,1,1
24617,memorizing,NOUN,1,1
24618,mourn,NOUN,1,1
24619,scarify,VERB,1,1
24620,sud,NOUN,1,1
24621,unirrigated,ADJ,1,1
24622,symmetrical,ADJ,1,1
24623,gall,VERB,1,1
24624,uncushioned,ADJ,1,1
24625,edifice,NOUN,1,1
24626,yaller,NOUN,1,1
24627,lickrish,NOUN,1,1
24628,noteworthy,ADJ,1,1
24629,hunger,VERB,1,1
24630,eclat,NOUN,1,1
24631,solo,NOUN,1,1
24632,cravat,NOUN,1,1
24633,applausive,ADJ,1,1
24634,resumption,NOUN,1,1
24635,fidgeting,NOUN,1,1
24636,portly,ADV,1,1
24637,chafing,NOUN,1,1
24638,repining,NOUN,1,1
24639,brook,VERB,1,1
24640,ablaze,ADJ,1,1
24641,august,ADJ,1,1
24642,bustling,NOUN,1,1
24643,librarian,NOUN,1,1
24644,splutter,NOUN,1,1
24645,scuffling,NOUN,1,1
24646,certified,ADJ,1,1
24647,wily,ADJ,1,1
24648,guileful,ADJ,1,1
24649,warehouse,VERB,1,1
24650,bringing,NOUN,1,1
24651,seductive,ADJ,1,1
24652,unnecessarie,NOUN,1,1
24653,oiled,ADJ,1,1
24654,heedful,ADJ,1,1
24655,laggard,NOUN,1,1
24656,ri,NOUN,1,1
24657,sociable,NOUN,1,1
24658,interlard,VERB,1,1
24659,scoundrelly,ADV,1,1
24660,sorely,ADV,1,1
24661,prosy,ADJ,1,1
24662,brimstone,NOUN,1,1
24663,millennium,NOUN,1,1
24664,conspicuousness,NOUN,1,1
24665,bethink,VERB,1,1
24666,fillip,NOUN,1,1
24667,hurt,ADJ,1,1
24668,drooping,NOUN,1,1
24669,gingerly,ADJ,1,1
24670,neighbor,VERB,1,1
24671,kerchief,NOUN,1,1
24672,wary,ADJ,1,1
24673,clamor,VERB,1,1
24674,woolly,ADV,1,1
24675,sheer,VERB,1,1
24676,standstill,NOUN,1,1
24677,colicky,ADJ,1,1
24678,sid,ADJ,1,1
24679,joggle,VERB,1,1
24680,ouch,INTJ,1,1
24681,crawl,NOUN,1,1
24682,outrageousness,NOUN,1,1
24683,expectorate,VERB,1,1
24684,warti,ADJ,1,1
24685,everywhere,NOUN,1,1
24686,devil,ADJ,1,1
24687,shed,ADJ,1,1
24688,wher,NOUN,1,1
24689,stiddy,NOUN,1,1
24690,backard,NOUN,1,1
24691,slosh,ADV,1,1
24692,mighty,INTJ,1,1
24693,genuwyne,ADJ,1,1
24694,splint,NOUN,1,1
24695,foolhardy,ADJ,1,1
24696,notably,ADV,1,1
24697,worshipful,ADJ,1,1
24698,gable,ADJ,1,1
24699,derrick,NOUN,1,1
24700,reddened,VERB,1,1
24701,juncture,NOUN,1,1
24702,fateful,ADJ,1,1
24703,botch,NOUN,1,1
24704,ostentation,NOUN,1,1
24705,shimmering,ADJ,1,1
24706,momently,ADV,1,1
24707,equator,NOUN,1,1
24708,deftly,ADV,1,1
24709,duplicate,NOUN,1,1
24710,wane,VERB,1,1
24711,hesitating,NOUN,1,1
24712,upbraid,VERB,1,1
24713,jog,NOUN,1,1
24714,noonday,NOUN,1,1
24715,still,VERB,1,1
24716,pecker,NOUN,1,1
24717,steep,VERB,1,1
24718,spotted,ADJ,1,1
24719,warpath,NOUN,1,1
24720,trackless,NOUN,1,1
24721,prance,NOUN,1,1
24722,hulled,ADJ,1,1
24723,racer,NOUN,1,1
24724,doublet,ADJ,1,1
24725,cutlass,NOUN,1,1
24726,slouch,ADJ,1,1
24727,unfurl,VERB,1,1
24728,crossbone,NOUN,1,1
24729,pettishly,ADV,1,1
24730,discouraged,NOUN,1,1
24731,barelegge,VERB,1,1
24732,airily,ADV,1,1
24733,caitiff,NOUN,1,1
24734,carcase,NOUN,1,1
24735,lively,ADV,1,1
24736,lam,VERB,1,1
24737,accoutrement,NOUN,1,1
24738,tiresome,NOUN,1,1
24739,begun,ADV,1,1
24740,pervading,NOUN,1,1
24741,damper,NOUN,1,1
24742,spangle,NOUN,1,1
24743,budge,ADJ,1,1
24744,rip,NOUN,1,1
24745,cold,VERB,1,1
24746,murderin,NOUN,1,1
24747,handbarrow,NOUN,1,1
24748,catlike,ADJ,1,1
24749,stooping,ADJ,1,1
24750,inarticulately,ADV,1,1
24751,scuffle,VERB,1,1
24752,til,SCONJ,1,1
24753,yonder,ADJ,1,1
24754,blanketed,ADJ,1,1
24755,lidless,ADJ,1,1
24756,tannery,NOUN,1,1
24757,sheltering,ADJ,1,1
24758,phase,VERB,1,1
24759,reflective,ADJ,1,1
24760,cuz,ADP,1,1
24761,huff,NOUN,1,1
24762,orter,NOUN,1,1
24763,verdigrease,VERB,1,1
24764,verdigrease,NOUN,1,1
24765,unwound,VERB,1,1
24766,bet,NOUN,1,1
24767,waller,NOUN,1,1
24768,lordy,VERB,1,1
24769,lordy,ADJ,1,1
24770,tother,DET,1,1
24771,snorer,NOUN,1,1
24772,pointing,NOUN,1,1
24773,heavenward,NOUN,1,1
24774,geeminy,NOUN,1,1
24775,culprit,NOUN,1,1
24776,sorer,NOUN,1,1
24777,betake,VERB,1,1
24778,colossal,NOUN,1,1
24779,telegraphic,ADJ,1,1
24780,heartbreak,NOUN,1,1
24781,palsy,NOUN,1,1
24782,pon,NOUN,1,1
24783,vanquished,ADJ,1,1
24784,miscreant,NOUN,1,1
24785,balefully,ADV,1,1
24786,tell,NOUN,1,1
24787,sho,VERB,1,1
24788,snatching,NOUN,1,1
24789,inqu,ADJ,1,1
24790,dreariness,NOUN,1,1
24791,phrenological,ADJ,1,1
24792,ventilation,NOUN,1,1
24793,customarily,ADV,1,1
24794,balm,NOUN,1,1
24795,blister,NOUN,1,1
24796,all,NOUN,1,1
24797,blighted,ADJ,1,1
24798,distracting,NOUN,1,1
24799,alloy,VERB,1,1
24800,teaspoon,NOUN,1,1
24801,avariciously,ADV,1,1
24802,summerset,NOUN,1,1
24803,apprehensive,NOUN,1,1
24804,telltale,ADJ,1,1
24805,valance,NOUN,1,1
24806,numskull,ADJ,1,1
24807,thout,VERB,1,1
24808,aunty,NUM,1,1
24809,hove,NOUN,1,1
24810,frisking,ADJ,1,1
24811,yelling,ADJ,1,1
24812,handspring,NOUN,1,1
24813,crestfallen,NOUN,1,1
24814,compact,NOUN,1,1
24815,unpeopled,ADJ,1,1
24816,caution,VERB,1,1
24817,imposing,NOUN,1,1
24818,raftsman,NOUN,1,1
24819,unpiratical,ADJ,1,1
24820,forward,NOUN,1,1
24821,amidship,NOUN,1,1
24822,browed,ADJ,1,1
24823,stream,ADJ,1,1
24824,heartie,NOUN,1,1
24825,gem,VERB,1,1
24826,bullyrag,VERB,1,1
24827,slouch,NOUN,1,1
24828,cob,NOUN,1,1
24829,bulliest,NOUN,1,1
24830,fitten,NOUN,1,1
24831,kneel,ADJ,1,1
24832,plausibility,NOUN,1,1
24833,hooking,NOUN,1,1
24834,valuable,NOUN,1,1
24835,sully,VERB,1,1
24836,dewdrop,NOUN,1,1
24837,gray,NOUN,1,1
24838,multiplied,ADJ,1,1
24839,piratical,ADJ,1,1
24840,manfully,ADV,1,1
24841,tumblebug,NOUN,1,1
24842,catbird,ADJ,1,1
24843,mocker,NOUN,1,1
24844,consuming,ADJ,1,1
24845,skurrye,VERB,1,1
24846,wildwood,NOUN,1,1
24847,catfish,NOUN,1,1
24848,underbrush,NOUN,1,1
24849,jewel,VERB,1,1
24850,sumptuously,ADV,1,1
24851,uninstructe,VERB,1,1
24852,waverer,NOUN,1,1
24853,fishhook,NOUN,1,1
24854,nough,NOUN,1,1
24855,wading,ADJ,1,1
24856,upstream,NOUN,1,1
24857,yawl,NOUN,1,1
24858,downstream,ADJ,1,1
24859,harum,NOUN,1,1
24860,devilment,NOUN,1,1
24861,unselfish,ADJ,1,1
24862,giveth,NOUN,1,1
24863,cretur,NOUN,1,1
24864,nobler,ADJ,1,1
24865,long,NOUN,1,1
24866,gorgeousness,NOUN,1,1
24867,bereaved,ADJ,1,1
24868,touchingly,ADV,1,1
24869,welter,VERB,1,1
24870,latch,VERB,1,1
24871,tenantless,NOUN,1,1
24872,graven,ADJ,1,1
24873,untie,VERB,1,1
24874,upstream,ADV,1,1
24875,gilding,VERB,1,1
24876,boastful,ADJ,1,1
24877,splashed,ADJ,1,1
24878,sputtering,ADJ,1,1
24879,knuck,NOUN,1,1
24880,rattlesnake,NOUN,1,1
24881,downhearte,VERB,1,1
24882,shucks,NOUN,1,1
24883,grapevine,NOUN,1,1
24884,charily,ADV,1,1
24885,knowed,NOUN,1,1
24886,huck,NOUN,1,1
24887,recollect,NOUN,1,1
24888,keel,VERB,1,1
24889,draw,NOUN,1,1
24890,snifter,NOUN,1,1
24891,joe,VERB,1,1
24892,tobacker,NOUN,1,1
24893,pirating,NOUN,1,1
24894,expectoration,NOUN,1,1
24895,spouting,NOUN,1,1
24896,inundation,NOUN,1,1
24897,overflowing,NOUN,1,1
24898,retching,NOUN,1,1
24899,came,NOUN,1,1
24900,grassblade,NOUN,1,1
24901,snow,VERB,1,1
24902,flaky,ADJ,1,1
24903,raindrop,NOUN,1,1
24904,thunderblast,NOUN,1,1
24905,fastening,NOUN,1,1
24906,riverbank,NOUN,1,1
24907,cleancut,VERB,1,1
24908,shadowless,NOUN,1,1
24909,distinctness,NOUN,1,1
24910,bending,NOUN,1,1
24911,spumeflake,NOUN,1,1
24912,cloudrack,NOUN,1,1
24913,unflagge,VERB,1,1
24914,thunderpeal,NOUN,1,1
24915,explosive,ADJ,1,1
24916,threatening,NOUN,1,1
24917,handbreadth,NOUN,1,1
24918,wetting,NOUN,1,1
24919,gladhearte,VERB,1,1
24920,zebra,NOUN,1,1
24921,scalp,VERB,1,1
24922,suppertime,NOUN,1,1
24923,arose,ADJ,1,1
24924,prouder,NOUN,1,1
24925,scalping,NOUN,1,1
24926,quiet,NOUN,1,1
24927,cheapen,VERB,1,1
24928,expectant,ADJ,1,1
24929,dumbness,NOUN,1,1
24930,communing,NOUN,1,1
24931,rank,ADJ,1,1
24932,rascality,NOUN,1,1
24933,deserving,NOUN,1,1
24934,anguished,ADJ,1,1
24935,unwelcoming,ADJ,1,1
24936,lavish,VERB,1,1
24937,sung,NOUN,1,1
24938,gratefulness,NOUN,1,1
24939,invalided,ADJ,1,1
24940,twould,AUX,1,1
24941,woodbox,NOUN,1,1
24942,mischeevous,ADJ,1,1
24943,harum,ADJ,1,1
24944,prancing,NOUN,1,1
24945,menagerie,NOUN,1,1
24946,swarthy,ADJ,1,1
24947,insufferably,ADV,1,1
24948,skylarking,NOUN,1,1
24949,ma,NOUN,1,1
24950,goody,NOUN,1,1
24951,gayety,NOUN,1,1
24952,lacerate,VERB,1,1
24953,cosily,ADV,1,1
24954,misplace,VERB,1,1
24955,artlessly,ADV,1,1
24956,aristocracy,ADJ,1,1
24957,pummel,VERB,1,1
24958,gouging,NOUN,1,1
24959,absentmindedness,ADV,1,1
24960,nooning,NOUN,1,1
24961,softy,NOUN,1,1
24962,thankfull,ADJ,1,1
24963,lighthearted,ADJ,1,1
24964,trounce,VERB,1,1
24965,fling,NOUN,1,1
24966,unsatisfied,ADJ,1,1
24967,urchin,NOUN,1,1
24968,titlepage,NOUN,1,1
24969,engrave,VERB,1,1
24970,fluster,VERB,1,1
24971,licking,NOUN,1,1
24972,skinned,NOUN,1,1
24973,con,VERB,1,1
24974,custom,ADJ,1,1
24975,imminence,NOUN,1,1
24976,dismembered,ADJ,1,1
24977,pleasanter,VERB,1,1
24978,severer,NOUN,1,1
24979,lashing,NOUN,1,1
24980,vengeful,ADJ,1,1
24981,worst,VERB,1,1
24982,nap,VERB,1,1
24983,fulness,NOUN,1,1
24984,gawky,ADJ,1,1
24985,snowbank,VERB,1,1
24986,trinket,NOUN,1,1
24987,participating,ADJ,1,1
24988,scarce,NOUN,1,1
24989,declamatory,NOUN,1,1
24990,nursed,ADJ,1,1
24991,brainracking,NOUN,1,1
24992,glaring,ADJ,1,1
24993,unpalatable,ADJ,1,1
24994,anticipated,ADJ,1,1
24995,goodly,ADV,1,1
24996,imbittere,VERB,1,1
24997,paleness,NOUN,1,1
24998,woo,VERB,1,1
24999,stranger,ADJ,1,1
25000,tête,NOUN,1,1
25001,meant,NOUN,1,1
25002,complexion,VERB,1,1
25003,thereof,ADV,1,1
25004,unadorned,ADJ,1,1
25005,transcendent,NOUN,1,1
25006,unsought,NOUN,1,1
25007,beauteous,NOUN,1,1
25008,remade,VERB,1,1
25009,showy,ADJ,1,1
25010,convalescent,VERB,1,1
25011,carpeting,NOUN,1,1
25012,circuse,VERB,1,1
25013,phrenologist,NOUN,1,1
25014,mesmerizer,NOUN,1,1
25015,duller,NOUN,1,1
25016,voids,NOUN,1,1
25017,downtown,ADJ,1,1
25018,revival,NOUN,1,1
25019,clap,NOUN,1,1
25020,hubbub,NOUN,1,1
25021,companionless,ADJ,1,1
25022,unseal,VERB,1,1
25023,halfbree,VERB,1,1
25024,drownd,VERB,1,1
25025,loafs,NOUN,1,1
25026,dicken,NOUN,1,1
25027,bloodiest,NOUN,1,1
25028,luckless,ADJ,1,1
25029,fishin,ADJ,1,1
25030,furder,ADJ,1,1
25031,yourn,VERB,1,1
25032,studiously,ADV,1,1
25033,unshaken,ADJ,1,1
25034,courthouse,NOUN,1,1
25035,questioned,ADJ,1,1
25036,dissatisfaction,NOUN,1,1
25037,bat,VERB,1,1
25038,pent,ADJ,1,1
25039,opposer,NOUN,1,1
25040,fickle,ADJ,1,1
25041,dismalest,ADJ,1,1
25042,omniscient,NOUN,1,1
25043,mouse,VERB,1,1
25044,insecure,ADJ,1,1
25045,lightened,ADJ,1,1
25046,superabundance,NOUN,1,1
25047,cipher,VERB,1,1
25048,bully,ADV,1,1
25049,granny,NOUN,1,1
25050,humpbacked,ADJ,1,1
25051,thish,ADJ,1,1
25052,yourn,NOUN,1,1
25053,fight,ADJ,1,1
25054,halfhour,NOUN,1,1
25055,maow,VERB,1,1
25056,shadder,NOUN,1,1
25057,grit,VERB,1,1
25058,hender,VERB,1,1
25059,measurably,ADV,1,1
25060,dreampt,NOUN,1,1
25061,weedgrown,NOUN,1,1
25062,floorless,ADJ,1,1
25063,quickened,ADJ,1,1
25064,knothole,NOUN,1,1
25065,planking,NOUN,1,1
25066,serape,NOUN,1,1
25067,sombrero,NOUN,1,1
25068,goggle,NOUN,1,1
25069,suspicion,VERB,1,1
25070,lad,X,1,1
25071,leg,VERB,1,1
25072,auspex,NOUN,1,1
25073,bothersome,ADJ,1,1
25074,unearth,VERB,1,1
25075,deepening,NOUN,1,1
25076,townward,ADJ,1,1
25077,wakefulness,ADJ,1,1
25078,ungraspable,ADJ,1,1
25079,attrition,NOUN,1,1
25080,gunwale,NOUN,1,1
25081,flatboat,NOUN,1,1
25082,occupied,ADJ,1,1
25083,ostentatious,ADJ,1,1
25084,doorkey,NOUN,1,1
25085,blindfold,VERB,1,1
25086,auspicious,ADJ,1,1
25087,thimblefuls,NOUN,1,1
25088,scary,ADJ,1,1
25089,maow,NOUN,1,1
25090,hayloft,NOUN,1,1
25091,tote,VERB,1,1
25092,becuz,ADV,1,1
25093,hispy,NOUN,1,1
25094,gully,ADV,1,1
25095,picnicker,NOUN,1,1
25096,rollick,VERB,1,1
25097,stead,ADJ,1,1
25098,mamma,VERB,1,1
25099,rover,NOUN,1,1
25100,scamper,NOUN,1,1
25101,unbarred,ADJ,1,1
25102,icehouse,NOUN,1,1
25103,romping,NOUN,1,1
25104,lofty,NOUN,1,1
25105,glinting,NOUN,1,1
25106,crossstreet,NOUN,1,1
25107,halfway,ADP,1,1
25108,ague,NOUN,1,1
25109,jug,VERB,1,1
25110,millionth,ADJ,1,1
25111,elaboration,NOUN,1,1
25112,stalwart,ADJ,1,1
25113,lagging,NOUN,1,1
25114,jiffy,NOUN,1,1
25115,chasing,NOUN,1,1
25116,mean,ADV,1,1
25117,agin,VERB,1,1
25118,upstreet,NOUN,1,1
25119,shackly,ADJ,1,1
25120,agin,NOUN,1,1
25121,follered,ADJ,1,1
25122,embellishment,NOUN,1,1
25123,joyously,ADV,1,1
25124,flighty,NOUN,1,1
25125,beholden,ADJ,1,1
25126,belittle,VERB,1,1
25127,retell,VERB,1,1
25128,homeward,ADJ,1,1
25129,clanging,ADJ,1,1
25130,saddle,VERB,1,1
25131,highroad,NOUN,1,1
25132,craze,VERB,1,1
25133,spatter,VERB,1,1
25134,latest,ADV,1,1
25135,sickening,ADJ,1,1
25136,powwow,NOUN,1,1
25137,dub,VERB,1,1
25138,descriptive,ADJ,1,1
25139,frolicking,NOUN,1,1
25140,webwork,NOUN,1,1
25141,postoffice,NOUN,1,1
25142,fresco,VERB,1,1
25143,frescoed,ADJ,1,1
25144,bewitching,NOUN,1,1
25145,incrust,VERB,1,1
25146,frostwork,NOUN,1,1
25147,joining,NOUN,1,1
25148,crookedness,NOUN,1,1
25149,diverging,NOUN,1,1
25150,chillier,ADJ,1,1
25151,thread,ADJ,1,1
25152,bygone,ADJ,1,1
25153,breezy,ADJ,1,1
25154,moiety,NOUN,1,1
25155,pitilessly,ADV,1,1
25156,wick,ADJ,1,1
25157,captive,NOUN,1,1
25158,pitfall,NOUN,1,1
25159,unwind,VERB,1,1
25160,petitioner,NOUN,1,1
25161,heartbreaking,ADJ,1,1
25162,huzzah,NOUN,1,1
25163,auditory,NOUN,1,1
25164,sheathe,VERB,1,1
25165,triple,ADV,1,1
25166,abounding,ADJ,1,1
25167,unfortunate,NOUN,1,1
25168,dessertspoonful,ADJ,1,1
25169,impaired,ADJ,1,1
25170,holt,NOUN,1,1
25171,anyways,ADP,1,1
25172,tom,ADJ,1,1
25173,lucifer,NOUN,1,1
25174,bush,VERB,1,1
25175,landslide,NOUN,1,1
25176,waylay,ADJ,1,1
25177,hive,VERB,1,1
25178,spliced,ADJ,1,1
25179,flame,ADJ,1,1
25180,pallet,NOUN,1,1
25181,moneybox,NOUN,1,1
25182,research,VERB,1,1
25183,lookyhere,ADV,1,1
25184,keg,NOUN,1,1
25185,moccasin,NOUN,1,1
25186,foundry,NOUN,1,1
25187,bedchamber,NOUN,1,1
25188,jist,NOUN,1,1
25189,blowout,NOUN,1,1
25190,counterfeit,ADJ,1,1
25191,effusive,ADJ,1,1
25192,laudation,NOUN,1,1
25193,brimful,NOUN,1,1
25194,unromantic,ADJ,1,1
25195,treasure,VERB,1,1
25196,biographical,ADJ,1,1
25197,superb,ADJ,1,1
25198,whithersoever,VERB,1,1
25199,uncombed,ADJ,1,1
25200,woodshed,ADJ,1,1
25201,anywher,ADV,1,1
25202,ornery,ADJ,1,1
25203,chaw,NOUN,1,1
25204,vittle,NOUN,1,1
25205,stretch,ADJ,1,1
25206,dad,NOUN,1,1
25207,sheer,NOUN,1,1
25208,tollable,ADJ,1,1
25209,smothery,ADJ,1,1
25210,ben,VERB,1,1
25211,shet,VERB,1,1
25212,cuss,ADJ,1,1
25213,bulli,ADJ,1,1
25214,ripper,NOUN,1,1
25215,endeth,VERB,1,1
25216,vii,VERB,1,1
25217,swain,NOUN,1,1
25218,clouted,ADJ,1,1
25219,shoon,NOUN,1,1
25220,unmindful,ADJ,1,1
25221,everyday,NOUN,1,1
25222,inability,NOUN,1,1
25223,cogent,ADJ,1,1
25224,presentation,NOUN,1,1
25225,disinterestedness,NOUN,1,1
25226,widely,ADJ,1,1
25227,pithy,ADJ,1,1
25228,versatility,NOUN,1,1
25229,unequaled,ADJ,1,1
25230,evolution,NOUN,1,1
25231,aptly,ADV,1,1
25232,masterly,ADJ,1,1
25233,postal,ADJ,1,1
25234,diplomatist,NOUN,1,1
25235,humorist,NOUN,1,1
25236,pamphleteer,NOUN,1,1
25237,homelier,ADJ,1,1
25238,hume,VERB,1,1
25239,imitator,NOUN,1,1
25240,allegory,NOUN,1,1
25241,apologue,NOUN,1,1
25242,terse,ADJ,1,1
25243,burlesque,ADJ,1,1
25244,authorship,VERB,1,1
25245,unsurpassed,ADJ,1,1
25246,inelegant,ADJ,1,1
25247,infirm,ADJ,1,1
25248,designate,VERB,1,1
25249,unwarranted,ADJ,1,1
25250,republish,VERB,1,1
25251,unerring,NOUN,1,1
25252,conversationalist,NOUN,1,1
25253,unexcelled,ADJ,1,1
25254,talk,ADJ,1,1
25255,conducing,NOUN,1,1
25256,introductory,ADJ,1,1
25257,freehold,NOUN,1,1
25258,manor,NOUN,1,1
25259,qualify,VERB,1,1
25260,mover,NOUN,1,1
25261,woollen,NOUN,1,1
25262,attender,NOUN,1,1
25263,numbering,NOUN,1,1
25264,popery,NOUN,1,1
25265,apparitor,NOUN,1,1
25266,out,VERB,1,1
25267,birthplace,NOUN,1,1
25268,sectary,NOUN,1,1
25269,heinous,ADJ,1,1
25270,plainness,ADJ,1,1
25271,concluding,NOUN,1,1
25272,libeller,NOUN,1,1
25273,tithe,DET,1,1
25274,sope,NOUN,1,1
25275,dyeing,NOUN,1,1
25276,dipping,NOUN,1,1
25277,emmet,NOUN,1,1
25278,remover,NOUN,1,1
25279,prudential,ADJ,1,1
25280,straitness,NOUN,1,1
25281,arbitrator,NOUN,1,1
25282,unobservant,ADJ,1,1
25283,inter,VERB,1,1
25284,wedlock,ADJ,1,1
25285,gainful,ADJ,1,1
25286,diligence,VERB,1,1
25287,discreet,NOUN,1,1
25288,turner,NOUN,1,1
25289,brazier,NOUN,1,1
25290,cutler,NOUN,1,1
25291,displease,VERB,1,1
25292,staunch,ADJ,1,1
25293,julian,ADJ,1,1
25294,dissenter,NOUN,1,1
25295,snowstorm,NOUN,1,1
25296,tenth,ADV,1,1
25297,erection,NOUN,1,1
25298,rom,NOUN,1,1
25299,bookish,NOUN,1,1
25300,hankering,NOUN,1,1
25301,ballad,ADJ,1,1
25302,disputatious,ADJ,1,1
25303,enmitie,VERB,1,1
25304,fluency,NOUN,1,1
25305,antagonist,NOUN,1,1
25306,perspicuity,NOUN,1,1
25307,chid,NOUN,1,1
25308,singularity,NOUN,1,1
25309,geometry,NOUN,1,1
25310,unfavorable,ADJ,1,1
25311,provoking,NOUN,1,1
25312,colonist,NOUN,1,1
25313,noted,ADJ,1,1
25314,devout,ADJ,1,1
25315,abbey,NOUN,1,1
25316,skillfully,ADV,1,1
25317,worne,VERB,1,1
25318,engaging,ADJ,1,1
25319,boatman,NOUN,1,1
25320,undertook,ADJ,1,1
25321,travesty,VERB,1,1
25322,doggrel,NOUN,1,1
25323,puffy,ADJ,1,1
25324,runaway,NOUN,1,1
25325,sleepiness,ADJ,1,1
25326,fuller,ADJ,1,1
25327,composing,ADJ,1,1
25328,crafty,ADJ,1,1
25329,font,NOUN,1,1
25330,diet,VERB,1,1
25331,fanatical,ADJ,1,1
25332,br,NOUN,1,1
25333,raree,NOUN,1,1
25334,grum,VERB,1,1
25335,holme,NOUN,1,1
25336,mathematick,NOUN,1,1
25337,lampooning,NOUN,1,1
25338,strumpet,NOUN,1,1
25339,dramming,NOUN,1,1
25340,repayment,NOUN,1,1
25341,fractious,ADJ,1,1
25342,tire,NOUN,1,1
25343,cordiality,NOUN,1,1
25344,unsolicite,VERB,1,1
25345,insincere,ADV,1,1
25346,bookselle,VERB,1,1
25347,ridiculously,ADV,1,1
25348,confuting,NOUN,1,1
25349,lax,ADJ,1,1
25350,unsettle,VERB,1,1
25351,acquire,NOUN,1,1
25352,flattery,VERB,1,1
25353,plaid,VERB,1,1
25354,writ,VERB,1,1
25355,recommendatory,ADJ,1,1
25356,civillest,ADJ,1,1
25357,wilke,NOUN,1,1
25358,candidly,ADV,1,1
25359,hackney,NOUN,1,1
25360,lyon,NOUN,1,1
25361,asbestos,NOUN,1,1
25362,milliner,NOUN,1,1
25363,genteelly,ADV,1,1
25364,schoolmaster,VERB,1,1
25365,burthen,NOUN,1,1
25366,guzzler,NOUN,1,1
25367,alehouse,ADJ,1,1
25368,bien,NOUN,1,1
25369,venu,NOUN,1,1
25370,excommunicate,NOUN,1,1
25371,transpose,VERB,1,1
25372,riggite,NOUN,1,1
25373,jocular,ADJ,1,1
25374,satirist,NOUN,1,1
25375,quickness,NOUN,1,1
25376,revere,VERB,1,1
25377,maiden,ADJ,1,1
25378,matra,NOUN,1,1
25379,latinist,NOUN,1,1
25380,remove,NOUN,1,1
25381,notwithstanding,ADV,1,1
25382,comedian,NOUN,1,1
25383,southwest,NOUN,1,1
25384,motley,NOUN,1,1
25385,petrified,ADJ,1,1
25386,lignified,ADJ,1,1
25387,flaming,ADJ,1,1
25388,cohabit,VERB,1,1
25389,pleurisy,NOUN,1,1
25390,regretting,ADJ,1,1
25391,nuncupative,ADJ,1,1
25392,binding,NOUN,1,1
25393,article,VERB,1,1
25394,quarterly,ADJ,1,1
25395,furze,ADJ,1,1
25396,necessitous,ADJ,1,1
25397,imprudent,VERB,1,1
25398,æconomist,NOUN,1,1
25399,puncheon,NOUN,1,1
25400,mattrice,NOUN,1,1
25401,fac,NOUN,1,1
25402,totum,NOUN,1,1
25403,abatement,NOUN,1,1
25404,captious,ADJ,1,1
25405,outbreaking,NOUN,1,1
25406,snapt,VERB,1,1
25407,reproachful,ADJ,1,1
25408,nettle,VERB,1,1
25409,stipulate,VERB,1,1
25410,dram,NOUN,1,1
25411,slovenly,ADV,1,1
25412,extream,VERB,1,1
25413,knavish,ADJ,1,1
25414,piously,ADV,1,1
25415,dissenting,ADJ,1,1
25416,deism,NOUN,1,1
25417,purblind,ADJ,1,1
25418,hazardous,ADJ,1,1
25419,knavery,NOUN,1,1
25420,seasonably,ADV,1,1
25421,croaker,NOUN,1,1
25422,fallacious,NOUN,1,1
25423,contraband,ADJ,1,1
25424,copyer,NOUN,1,1
25425,nicknackerie,NOUN,1,1
25426,mathematician,ADJ,1,1
25427,exactest,ADJ,1,1
25428,fulfilling,NOUN,1,1
25429,decoy,VERB,1,1
25430,dramatist,NOUN,1,1
25431,pro,X,1,1
25432,viii,NOUN,1,1
25433,correctest,NOUN,1,1
25434,drest,VERB,1,1
25435,apprehensive,VERB,1,1
25436,expensively,ADV,1,1
25437,distributer,NOUN,1,1
25438,chearful,ADJ,1,1
25439,giddiness,NOUN,1,1
25440,inconstancy,NOUN,1,1
25441,helpmate,NOUN,1,1
25442,throve,VERB,1,1
25443,club,VERB,1,1
25444,annum,NOUN,1,1
25445,promissory,ADJ,1,1
25446,instructed,ADJ,1,1
25447,null,NOUN,1,1
25448,perpetuity,NOUN,1,1
25449,proposer,NOUN,1,1
25450,apart,ADP,1,1
25451,frolick,NOUN,1,1
25452,tending,NOUN,1,1
25453,pewter,ADJ,1,1
25454,dogma,NOUN,1,1
25455,reprobation,NOUN,1,1
25456,rewarded,NOUN,1,1
25457,mite,NOUN,1,1
25458,explication,NOUN,1,1
25459,unedifying,ADJ,1,1
25460,whatsoever,ADJ,1,1
25461,partaking,NOUN,1,1
25462,preaching,NOUN,1,1
25463,blameable,ADJ,1,1
25464,likelihood,NOUN,1,1
25465,prate,VERB,1,1
25466,ix,ADJ,1,1
25467,slipping,NOUN,1,1
25468,rectitude,NOUN,1,1
25469,enumeration,NOUN,1,1
25470,moderate,VERB,1,1
25471,annex,VERB,1,1
25472,forbear,ADJ,1,1
25473,uncleanliness,NOUN,1,1
25474,venery,NOUN,1,1
25475,prattle,VERB,1,1
25476,joking,NOUN,1,1
25477,compleat,NOUN,1,1
25478,dux,NOUN,1,1
25479,virtutum,NOUN,1,1
25480,indagatrix,NOUN,1,1
25481,expultrixque,NOUN,1,1
25482,vitiorum,NOUN,1,1
25483,unus,NOUN,1,1
25484,et,X,1,1
25485,actus,NOUN,1,1
25486,anteponendus,NOUN,1,1
25487,pleasantness,NOUN,1,1
25488,allotted,ADJ,1,1
25489,intermission,NOUN,1,1
25490,exceeding,ADJ,1,1
25491,nicety,NOUN,1,1
25492,incorrigible,ADJ,1,1
25493,engraved,ADJ,1,1
25494,easiness,NOUN,1,1
25495,evenness,NOUN,1,1
25496,probity,NOUN,1,1
25497,overbearing,ADJ,1,1
25498,compleatly,ADV,1,1
25499,exterminator,NOUN,1,1
25500,candor,NOUN,1,1
25501,marginal,ADJ,1,1
25502,vend,VERB,1,1
25503,conveying,NOUN,1,1
25504,inculcated,ADJ,1,1
25505,broadside,NOUN,1,1
25506,observable,ADJ,1,1
25507,producing,NOUN,1,1
25508,indiscreet,ADV,1,1
25509,scurrilous,ADJ,1,1
25510,injurious,ADJ,1,1
25511,widowhood,NOUN,1,1
25512,crafty,NOUN,1,1
25513,enriching,NOUN,1,1
25514,extempore,ADV,1,1
25515,controversial,ADJ,1,1
25516,descending,NOUN,1,1
25517,ascend,NOUN,1,1
25518,assortment,NOUN,1,1
25519,inoculation,NOUN,1,1
25520,respecting,NOUN,1,1
25521,query,VERB,1,1
25522,prudently,ADV,1,1
25523,inexactitude,NOUN,1,1
25524,metropolitan,NOUN,1,1
25525,epilogue,NOUN,1,1
25526,preach,NOUN,1,1
25527,seminary,NOUN,1,1
25528,constableship,NOUN,1,1
25529,ragamuffin,NOUN,1,1
25530,tippling,NOUN,1,1
25531,hiring,NOUN,1,1
25532,extinguishing,NOUN,1,1
25533,transporting,NOUN,1,1
25534,tho,NOUN,1,1
25535,indolent,ADJ,1,1
25536,unprovide,VERB,1,1
25537,emolument,NOUN,1,1
25538,articulate,VERB,1,1
25539,auditorie,NOUN,1,1
25540,hindmost,NOUN,1,1
25541,modulation,NOUN,1,1
25542,litera,NOUN,1,1
25543,scripta,NOUN,1,1
25544,proselyte,NOUN,1,1
25545,prolific,ADJ,1,1
25546,explicitly,ADV,1,1
25547,laboured,ADJ,1,1
25548,defenceless,ADJ,1,1
25549,expeditiously,ADV,1,1
25550,merlon,NOUN,1,1
25551,bumper,NOUN,1,1
25552,pounder,NOUN,1,1
25553,reformation,NOUN,1,1
25554,quaker,NOUN,1,1
25555,surprize,NOUN,1,1
25556,thee,NUM,1,1
25557,gunpowder,NOUN,1,1
25558,casting,NOUN,1,1
25559,obviate,VERB,1,1
25560,vending,NOUN,1,1
25561,gratis,VERB,1,1
25562,yearly,ADV,1,1
25563,baptist,NOUN,1,1
25564,cede,VERB,1,1
25565,burgess,NOUN,1,1
25566,unentertaine,VERB,1,1
25567,elector,NOUN,1,1
25568,signifying,ADJ,1,1
25569,forbad,VERB,1,1
25570,counselor,NOUN,1,1
25571,extirpate,VERB,1,1
25572,subscribing,NOUN,1,1
25573,allegation,NOUN,1,1
25574,aforesaid,VERB,1,1
25575,accommodating,NOUN,1,1
25576,poor,NOUN,1,1
25577,founding,NOUN,1,1
25578,finishing,NOUN,1,1
25579,manoeuver,NOUN,1,1
25580,unbecoming,ADJ,1,1
25581,mire,NOUN,1,1
25582,enlighte,VERB,1,1
25583,lamp,VERB,1,1
25584,flax,NOUN,1,1
25585,folks,NOUN,1,1
25586,footway,NOUN,1,1
25587,cleanse,NOUN,1,1
25588,slider,NOUN,1,1
25589,lattice,NOUN,1,1
25590,practicability,NOUN,1,1
25591,draining,NOUN,1,1
25592,comptroller,NOUN,1,1
25593,freak,NOUN,1,1
25594,imprudent,ADJ,1,1
25595,farthe,VERB,1,1
25596,prerogative,NOUN,1,1
25597,democratic,NOUN,1,1
25598,argumentative,ADJ,1,1
25599,tart,ADJ,1,1
25600,colouring,NOUN,1,1
25601,negrofie,VERB,1,1
25602,effectual,NOUN,1,1
25603,obstinate,VERB,1,1
25604,excise,NOUN,1,1
25605,embassy,NOUN,1,1
25606,squire,NOUN,1,1
25607,apprehending,NOUN,1,1
25608,celerity,NOUN,1,1
25609,rendezvous,VERB,1,1
25610,contracting,NOUN,1,1
25611,backwardness,NOUN,1,1
25612,pitied,ADJ,1,1
25613,wisher,NOUN,1,1
25614,disburse,VERB,1,1
25615,subaltern,NOUN,1,1
25616,ill,VERB,1,1
25617,kegg,NOUN,1,1
25618,doz,NOUN,1,1
25619,lb,NOUN,1,1
25620,disbursement,NOUN,1,1
25621,slight,VERB,1,1
25622,waggoner,NOUN,1,1
25623,flyer,NOUN,1,1
25624,exalted,ADJ,1,1
25625,prowess,NOUN,1,1
25626,regular,NOUN,1,1
25627,redouble,VERB,1,1
25628,forfeit,VERB,1,1
25629,hile,VERB,1,1
25630,hutte,VERB,1,1
25631,inclement,NOUN,1,1
25632,bodys,NOUN,1,1
25633,jollily,ADV,1,1
25634,charcoal,NOUN,1,1
25635,grass,VERB,1,1
25636,spark,VERB,1,1
25637,willingly,ADJ,1,1
25638,wrapt,VERB,1,1
25639,hautboy,NOUN,1,1
25640,clarinet,NOUN,1,1
25641,colonelship,NOUN,1,1
25642,assuming,NOUN,1,1
25643,nake,VERB,1,1
25644,royal,NOUN,1,1
25645,exemption,NOUN,1,1
25646,admonition,NOUN,1,1
25647,flint,ADJ,1,1
25648,efore,NOUN,1,1
25649,incumbrance,NOUN,1,1
25650,foregoing,NOUN,1,1
25651,deservedly,ADV,1,1
25652,fabricate,VERB,1,1
25653,dogmatically,ADV,1,1
25654,mistranslation,NOUN,1,1
25655,élève,NOUN,1,1
25656,slight,NOUN,1,1
25657,donator,NOUN,1,1
25658,effecting,NOUN,1,1
25659,espouse,VERB,1,1
25660,zealously,ADV,1,1
25661,penman,NOUN,1,1
25662,conformable,NOUN,1,1
25663,entre,NOUN,1,1
25664,longest,ADJ,1,1
25665,antechamber,NOUN,1,1
25666,escritoire,NOUN,1,1
25667,louisburg,NOUN,1,1
25668,capitulation,NOUN,1,1
25669,intrust,VERB,1,1
25670,exportation,NOUN,1,1
25671,burdensome,VERB,1,1
25672,observing,NOUN,1,1
25673,aft,VERB,1,1
25674,aft,NOUN,1,1
25675,rigorously,ADV,1,1
25676,rigging,NOUN,1,1
25677,lade,NOUN,1,1
25678,properest,NOUN,1,1
25679,privateer,NOUN,1,1
25680,yaw,NOUN,1,1
25681,deliverance,NOUN,1,1
25682,interposition,NOUN,1,1
25683,repeal,VERB,1,1
25684,sovereignty,NOUN,1,1
25685,haughty,VERB,1,1
25686,odium,NOUN,1,1
25687,equitably,ADV,1,1
25688,perjure,VERB,1,1
25689,groundless,ADJ,1,1
25690,equity,NOUN,1,1
25691,entering,NOUN,1,1
25692,unfinished,X,1,1
25693,divergent,ADJ,1,1
25694,tearing,NOUN,1,1
25695,join,NOUN,1,1
25696,filament,NOUN,1,1
25697,phial,NOUN,1,1
25698,shorten,NOUN,1,1
25699,consume,NOUN,1,1
25700,riseth,NOUN,1,1
25701,meanest,ADJ,1,1
25702,sorrowing,NOUN,1,1
25703,chagrin,NOUN,1,1
25704,levee,NOUN,1,1
25705,corporeal,ADJ,1,1
25706,vol,NOUN,1,1
25707,bibliography,NOUN,1,1
25708,procecution,NOUN,1,1
25709,geology,NOUN,1,1
25710,consulship,NOUN,1,1
25711,slavery,ADJ,1,1
25712,rendition,NOUN,1,1
25713,ancestry,VERB,1,1
25714,scientific,VERB,1,1
25715,communicative,ADJ,1,1
25716,veteran,NOUN,1,1
25717,plagiaristic,ADJ,1,1
25718,parcel,VERB,1,1
25719,responsiveness,NOUN,1,1
25720,impressionability,NOUN,1,1
25721,preyed,ADJ,1,1
25722,elation,NOUN,1,1
25723,teutonic,ADJ,1,1
25724,es,NOUN,1,1
25725,pathfinder,NOUN,1,1
25726,editorial,NOUN,1,1
25727,epigram,NOUN,1,1
25728,courtesy,ADJ,1,1
25729,barnyard,NOUN,1,1
25730,wingless,NOUN,1,1
25731,dissimilarity,NOUN,1,1
25732,factual,ADJ,1,1
25733,spank,VERB,1,1
25734,savour,NOUN,1,1
25735,anticlimax,NOUN,1,1
25736,sundial,NOUN,1,1
25737,straw,ADJ,1,1
25738,dominance,NOUN,1,1
25739,effeminate,NOUN,1,1
25740,swank,NOUN,1,1
25741,lacing,NOUN,1,1
25742,leverage,NOUN,1,1
25743,fractiousness,NOUN,1,1
25744,wistfulness,NOUN,1,1
25745,pungent,ADJ,1,1
25746,offshore,ADV,1,1
25747,fragilely,ADV,1,1
25748,anchored,ADJ,1,1
25749,balloon,VERB,1,1
25750,imperceptibly,ADV,1,1
25751,breast,VERB,1,1
25752,neighbour,ADJ,1,1
25753,radiantly,ADV,1,1
25754,hulking,ADJ,1,1
25755,banter,VERB,1,1
25756,inconsequence,NOUN,1,1
25757,uncivilized,ADJ,1,1
25758,corky,ADJ,1,1
25759,pessimist,NOUN,1,1
25760,unthoughtful,ADJ,1,1
25761,infinitesimal,NOUN,1,1
25762,lingering,ADJ,1,1
25763,extemporizing,ADJ,1,1
25764,coherence,NOUN,1,1
25765,crunch,NOUN,1,1
25766,searchingly,ADV,1,1
25767,squarely,ADV,1,1
25768,sedative,ADJ,1,1
25769,contributory,ADJ,1,1
25770,smirk,NOUN,1,1
25771,uninflecte,VERB,1,1
25772,glint,VERB,1,1
25773,rotogravure,NOUN,1,1
25774,nordic,ADJ,1,1
25775,bann,NOUN,1,1
25776,peremptory,ADJ,1,1
25777,wayside,ADJ,1,1
25778,leisurely,ADJ,1,1
25779,seaward,NOUN,1,1
25780,ash,ADJ,1,1
25781,screen,VERB,1,1
25782,retina,NOUN,1,1
25783,oculist,NOUN,1,1
25784,borough,NOUN,1,1
25785,paintless,ADJ,1,1
25786,drawbridge,NOUN,1,1
25787,whomsoever,NOUN,1,1
25788,tank,VERB,1,1
25789,unprosperous,ADJ,1,1
25790,jovially,ADV,1,1
25791,unconvincingly,ADV,1,1
25792,thickish,NOUN,1,1
25793,sensuously,ADV,1,1
25794,crêpe,NOUN,1,1
25795,facet,NOUN,1,1
25796,figured,ADJ,1,1
25797,drugstore,VERB,1,1
25798,upholstery,NOUN,1,1
25799,swung,NOUN,1,1
25800,airedale,NOUN,1,1
25801,washrag,NOUN,1,1
25802,admiringly,ADV,1,1
25803,homecoming,NOUN,1,1
25804,tapestried,ADJ,1,1
25805,decompose,VERB,1,1
25806,apathetically,ADV,1,1
25807,possessively,ADV,1,1
25808,immoderately,ADV,1,1
25809,enlargement,NOUN,1,1
25810,attire,VERB,1,1
25811,hauteur,NOUN,1,1
25812,modelling,NOUN,1,1
25813,flounce,VERB,1,1
25814,gyp,VERB,1,1
25815,kike,NOUN,1,1
25816,ambiguously,ADV,1,1
25817,shirtfront,NOUN,1,1
25818,massage,NOUN,1,1
25819,daze,NOUN,1,1
25820,fluently,ADV,1,1
25821,tapestry,NOUN,1,1
25822,portfolio,NOUN,1,1
25823,aquaplane,NOUN,1,1
25824,scamper,VERB,1,1
25825,fruiterer,NOUN,1,1
25826,pulpless,ADJ,1,1
25827,hor,NOUN,1,1
25828,spice,VERB,1,1
25829,harlequin,NOUN,1,1
25830,pitful,ADJ,1,1
25831,oboe,NOUN,1,1
25832,viol,NOUN,1,1
25833,cornet,NOUN,1,1
25834,piccolo,NOUN,1,1
25835,permeate,VERB,1,1
25836,stouter,NOUN,1,1
25837,opal,NOUN,1,1
25838,obligingly,ADV,1,1
25839,understudy,NOUN,1,1
25840,dotted,ADJ,1,1
25841,passersby,NOUN,1,1
25842,impersonally,ADV,1,1
25843,sceptically,ADV,1,1
25844,homogeneity,NOUN,1,1
25845,staid,ADJ,1,1
25846,spectroscopic,ADJ,1,1
25847,inappropriate,ADJ,1,1
25848,panel,VERB,1,1
25849,impetuously,ADV,1,1
25850,bona,ADV,1,1
25851,tortuously,ADV,1,1
25852,uncontrollable,VERB,1,1
25853,roughneck,NOUN,1,1
25854,corpulent,ADJ,1,1
25855,comprehensible,ADJ,1,1
25856,urban,ADJ,1,1
25857,echolalia,NOUN,1,1
25858,jovial,ADJ,1,1
25859,attractively,ADV,1,1
25860,puppyish,ADJ,1,1
25861,convivial,ADJ,1,1
25862,jauntiness,NOUN,1,1
25863,windowe,VERB,1,1
25864,obstetrical,ADJ,1,1
25865,lyric,NOUN,1,1
25866,quavering,ADJ,1,1
25867,vinous,ADJ,1,1
25868,asunder,ADV,1,1
25869,jut,NOUN,1,1
25870,sustained,ADJ,1,1
25871,outa,ADJ,1,1
25872,crescendo,NOUN,1,1
25873,gloomiest,NOUN,1,1
25874,metropolitan,ADJ,1,1
25875,sinking,NOUN,1,1
25876,semifinal,ADJ,1,1
25877,divergence,NOUN,1,1
25878,subterfuge,NOUN,1,1
25879,cardinal,ADJ,1,1
25880,knickerbocker,NOUN,1,1
25881,penitentiary,ADJ,1,1
25882,importer,NOUN,1,1
25883,fiancée,NOUN,1,1
25884,dashboard,NOUN,1,1
25885,resourcefulness,NOUN,1,1
25886,formless,ADJ,1,1
25887,punctilious,ADJ,1,1
25888,nickel,NOUN,1,1
25889,hatbox,NOUN,1,1
25890,toolbox,NOUN,1,1
25891,terrace,VERB,1,1
25892,windshield,NOUN,1,1
25893,indecisively,ADV,1,1
25894,caramel,NOUN,1,1
25895,generalized,ADJ,1,1
25896,rajah,NOUN,1,1
25897,chiefly,ADJ,1,1
25898,insignia,NOUN,1,1
25899,allied,ADJ,1,1
25900,di,X,1,1
25901,cricket,ADJ,1,1
25902,tea,VERB,1,1
25903,overpopulated,ADJ,1,1
25904,oceangoing,ADJ,1,1
25905,undeserted,ADJ,1,1
25906,nonolfactory,ADJ,1,1
25907,southeastern,ADJ,1,1
25908,yolk,NOUN,1,1
25909,anteroom,NOUN,1,1
25910,somnambulatory,ADJ,1,1
25911,seen,ADJ,1,1
25912,electrocute,VERB,1,1
25913,juxtaposition,NOUN,1,1
25914,hash,NOUN,1,1
25915,underhand,ADJ,1,1
25916,sportswoman,NOUN,1,1
25917,finest,ADJ,1,1
25918,molar,NOUN,1,1
25919,outstay,VERB,1,1
25920,denizen,NOUN,1,1
25921,tut,NOUN,1,1
25922,début,NOUN,1,1
25923,bridesmaid,NOUN,1,1
25924,bridal,ADJ,1,1
25925,gratulate,VERB,1,1
25926,deary,NOUN,1,1
25927,wastebasket,NOUN,1,1
25928,ammonia,NOUN,1,1
25929,abstracted,ADJ,1,1
25930,amour,VERB,1,1
25931,victoria,NOUN,1,1
25932,jauntily,ADV,1,1
25933,heady,ADJ,1,1
25934,pursuing,NOUN,1,1
25935,façade,NOUN,1,1
25936,disembodied,ADJ,1,1
25937,peninsula,NOUN,1,1
25938,unreal,ADV,1,1
25939,elongating,NOUN,1,1
25940,glint,NOUN,1,1
25941,uncertainly,ADV,1,1
25942,tactlessly,ADV,1,1
25943,responsive,ADJ,1,1
25944,lightheaded,ADJ,1,1
25945,gaudily,ADV,1,1
25946,bleared,ADJ,1,1
25947,counterfeit,NOUN,1,1
25948,distraught,ADJ,1,1
25949,idiotically,ADV,1,1
25950,american,NOUN,1,1
25951,obstinate,ADJ,1,1
25952,peasantry,NOUN,1,1
25953,spoonful,ADJ,1,1
25954,arched,ADJ,1,1
25955,jonquil,NOUN,1,1
25956,frothy,NOUN,1,1
25957,lavender,VERB,1,1
25958,chartreuse,NOUN,1,1
25959,revalue,VERB,1,1
25960,funniest,NOUN,1,1
25961,massed,ADJ,1,1
25962,disarray,NOUN,1,1
25963,stormily,ADV,1,1
25964,clipping,NOUN,1,1
25965,billow,NOUN,1,1
25966,foamy,ADJ,1,1
25967,sneaker,NOUN,1,1
25968,ewing,ADJ,1,1
25969,carrying,NOUN,1,1
25970,deathless,ADJ,1,1
25971,pipeline,NOUN,1,1
25972,rowboat,NOUN,1,1
25973,shiftless,ADJ,1,1
25974,meretricious,ADJ,1,1
25975,clam,NOUN,1,1
25976,digger,NOUN,1,1
25977,gaudiness,NOUN,1,1
25978,unreality,NOUN,1,1
25979,destiny,VERB,1,1
25980,savoury,VERB,1,1
25981,turgid,ADJ,1,1
25982,railed,ADJ,1,1
25983,yachting,NOUN,1,1
25984,saloon,VERB,1,1
25985,contour,ADV,1,1
25986,substantiality,NOUN,1,1
25987,questioningly,ADV,1,1
25988,oppressiveness,ADJ,1,1
25989,profusion,NOUN,1,1
25990,harshness,NOUN,1,1
25991,adjustment,NOUN,1,1
25992,sparkling,ADJ,1,1
25993,foxtrot,NOUN,1,1
25994,tipsy,NOUN,1,1
25995,inarguably,ADV,1,1
25996,obtrusive,ADJ,1,1
25997,crunch,VERB,1,1
25998,waltz,NOUN,1,1
25999,unwavere,VERB,1,1
26000,guestroom,NOUN,1,1
26001,determinedly,ADV,1,1
26002,d,VERB,1,1
26003,perishable,ADJ,1,1
26004,romp,VERB,1,1
26005,tuning,NOUN,1,1
26006,elusive,ADJ,1,1
26007,uncommunicable,ADJ,1,1
26008,broil,VERB,1,1
26009,dampen,VERB,1,1
26010,pocketbook,NOUN,1,1
26011,commutation,NOUN,1,1
26012,cynically,ADV,1,1
26013,bona,ADJ,1,1
26014,shyly,ADV,1,1
26015,yellowy,NOUN,1,1
26016,sweetheart,NOUN,1,1
26017,rickey,NOUN,1,1
26018,senselessness,NOUN,1,1
26019,insistently,ADV,1,1
26020,boisterously,ADV,1,1
26021,helpfully,ADV,1,1
26022,stall,VERB,1,1
26023,wise,VERB,1,1
26024,relentless,ADJ,1,1
26025,unforgivably,ADV,1,1
26026,precipitately,ADV,1,1
26027,easygoing,ADJ,1,1
26028,sensuous,NOUN,1,1
26029,explicable,ADJ,1,1
26030,baffled,ADJ,1,1
26031,crab,VERB,1,1
26032,append,VERB,1,1
26033,putter,NOUN,1,1
26034,yea,ADJ,1,1
26035,bil,NOUN,1,1
26036,oxi,NOUN,1,1
26037,tattoo,ADV,1,1
26038,unbroken,VERB,1,1
26039,transition,NOUN,1,1
26040,libertine,NOUN,1,1
26041,prig,NOUN,1,1
26042,vicariously,ADV,1,1
26043,sagely,ADV,1,1
26044,octave,NOUN,1,1
26045,babbled,ADJ,1,1
26046,undespairingly,ADV,1,1
26047,presumptuous,ADJ,1,1
26048,gasping,ADJ,1,1
26049,expostulation,NOUN,1,1
26050,worktable,NOUN,1,1
26051,clamorously,ADV,1,1
26052,doorpost,NOUN,1,1
26053,attempting,NOUN,1,1
26054,mumbled,ADJ,1,1
26055,auto,NOUN,1,1
26056,ina,PRON,1,1
26057,stopus,NOUN,1,1
26058,authoritatively,ADV,1,1
26059,glanced,ADJ,1,1
26060,coward,ADV,1,1
26061,luminosity,NOUN,1,1
26062,viii,ADV,1,1
26063,foghorn,NOUN,1,1
26064,wanly,ADV,1,1
26065,humidor,NOUN,1,1
26066,extravaganza,NOUN,1,1
26067,unrevealed,ADJ,1,1
26068,indiscernible,ADJ,1,1
26069,excitingly,ADV,1,1
26070,vibrant,ADJ,1,1
26071,unscrupulously,ADV,1,1
26072,strata,NOUN,1,1
26073,grail,NOUN,1,1
26074,imprison,NOUN,1,1
26075,way,ADV,1,1
26076,tranquil,VERB,1,1
26077,snobbery,NOUN,1,1
26078,suggestiveness,NOUN,1,1
26079,practicality,NOUN,1,1
26080,challengingly,ADV,1,1
26081,sharper,NOUN,1,1
26082,radiant,NOUN,1,1
26083,divot,NOUN,1,1
26084,central,NOUN,1,1
26085,garrulous,ADJ,1,1
26086,flushing,NOUN,1,1
26087,thud,VERB,1,1
26088,rocking,NOUN,1,1
26089,bewildered,ADJ,1,1
26090,phone,VERB,1,1
26091,yellowing,NOUN,1,1
26092,fortuitously,ADV,1,1
26093,amorphous,ADJ,1,1
26094,holocaust,NOUN,1,1
26095,adventitious,ADJ,1,1
26096,nightmare,ADJ,1,1
26097,pasquinade,NOUN,1,1
26098,unessential,ADJ,1,1
26099,surmise,NOUN,1,1
26100,addenda,NOUN,1,1
26101,beneath,VERB,1,1
26102,hick,ADJ,1,1
26103,sender,NOUN,1,1
26104,ulster,NOUN,1,1
26105,sparse,ADJ,1,1
26106,ajar,NOUN,1,1
26107,tunelessly,ADV,1,1
26108,sickantire,VERB,1,1
26109,bulbous,ADJ,1,1
26110,lingeringly,ADV,1,1
26111,flyleaf,NOUN,1,1
26112,elocution,NOUN,1,1
26113,poise,NOUN,1,1
26114,smokeing,ADJ,1,1
26115,marvelling,NOUN,1,1
26116,matching,NOUN,1,1
26117,schultze,NOUN,1,1
26118,swede,NOUN,1,1
26119,holly,ADJ,1,1
26120,complacent,NOUN,1,1
26121,unadaptable,ADJ,1,1
26122,sprawling,NOUN,1,1
26123,lustreless,NOUN,1,1
26124,jauntily,NOUN,1,1
26125,fingerless,ADJ,1,1
26126,justified,ADJ,1,1
26127,pearl,ADJ,1,1
26128,squeamishness,NOUN,1,1
26129,inessential,ADJ,1,1
26130,pander,VERB,1,1
26131,augean,ADJ,1,1
26132,tillage,NOUN,1,1
26133,portionless,NOUN,1,1
26134,rust,NOUN,1,1
26135,inde,ADJ,1,1
26136,genus,NOUN,1,1
26137,durum,NOUN,1,1
26138,sumus,NOUN,1,1
26139,experiensque,NOUN,1,1
26140,laborum,NOUN,1,1
26141,documenta,NOUN,1,1
26142,origine,NOUN,1,1
26143,superfluously,ADV,1,1
26144,gratuitously,ADV,1,1
26145,handling,NOUN,1,1
26146,æs,X,1,1
26147,cower,NOUN,1,1
26148,emancipation,NOUN,1,1
26149,stereotyped,ADJ,1,1
26150,falsehood,ADJ,1,1
26151,fertilize,VERB,1,1
26152,belie,VERB,1,1
26153,senior,NOUN,1,1
26154,prætor,NOUN,1,1
26155,trespass,NOUN,1,1
26156,tedium,NOUN,1,1
26157,illumine,NOUN,1,1
26158,informing,NOUN,1,1
26159,savageness,NOUN,1,1
26160,legitimately,ADV,1,1
26161,impunity,NOUN,1,1
26162,hardiness,NOUN,1,1
26163,intellectualness,NOUN,1,1
26164,food,VERB,1,1
26165,courtier,ADV,1,1
26166,kingly,ADV,1,1
26167,enervate,VERB,1,1
26168,adventure,VERB,1,1
26169,radicle,NOUN,1,1
26170,esculent,NOUN,1,1
26171,biennial,NOUN,1,1
26172,impoverish,VERB,1,1
26173,inconsolably,ADV,1,1
26174,impoverished,ADJ,1,1
26175,dross,ADV,1,1
26176,manna,NOUN,1,1
26177,herdsman,NOUN,1,1
26178,nettle,ADJ,1,1
26179,boasting,NOUN,1,1
26180,audit,VERB,1,1
26181,curacy,NOUN,1,1
26182,oversee,VERB,1,1
26183,underwriter,NOUN,1,1
26184,unweariedly,ADV,1,1
26185,coastwise,NOUN,1,1
26186,informed,ADJ,1,1
26187,logarithmic,ADJ,1,1
26188,untold,ADJ,1,1
26189,tare,NOUN,1,1
26190,tret,ADJ,1,1
26191,gauging,NOUN,1,1
26192,divulge,NOUN,1,1
26193,westerly,ADJ,1,1
26194,dressmaker,VERB,1,1
26195,unpatched,ADJ,1,1
26196,improvidence,NOUN,1,1
26197,hobble,ADJ,1,1
26198,soirées,VERB,1,1
26199,enterprised,ADJ,1,1
26200,moulting,NOUN,1,1
26201,wormy,NOUN,1,1
26202,outmost,ADJ,1,1
26203,cuticle,NOUN,1,1
26204,cashier,VERB,1,1
26205,exogenous,ADJ,1,1
26206,epidermis,NOUN,1,1
26207,integument,NOUN,1,1
26208,cortex,NOUN,1,1
26209,liber,NOUN,1,1
26210,compactly,ADV,1,1
26211,preparedly,ADV,1,1
26212,cowhide,VERB,1,1
26213,nominal,ADJ,1,1
26214,tailoress,NOUN,1,1
26215,consanguinity,NOUN,1,1
26216,weave,NOUN,1,1
26217,costume,VERB,1,1
26218,trapping,NOUN,1,1
26219,manufacturer,NOUN,1,1
26220,tattooing,NOUN,1,1
26221,clad,VERB,1,1
26222,gazette,NOUN,1,1
26223,limbed,ADJ,1,1
26224,enterprise,VERB,1,1
26225,dovecot,NOUN,1,1
26226,behoove,VERB,1,1
26227,auger,NOUN,1,1
26228,fox,VERB,1,1
26229,owning,NOUN,1,1
26230,venetian,ADJ,1,1
26231,commodious,ADJ,1,1
26232,defraying,NOUN,1,1
26233,inquire,NOUN,1,1
26234,pertinently,ADV,1,1
26235,failure,VERB,1,1
26236,succeed,NOUN,1,1
26237,repudiation,NOUN,1,1
26238,unelastic,ADJ,1,1
26239,éclat,NOUN,1,1
26240,suent,NOUN,1,1
26241,shoestring,NOUN,1,1
26242,consummate,NOUN,1,1
26243,rarefie,NOUN,1,1
26244,indigence,NOUN,1,1
26245,refer,NOUN,1,1
26246,apotheosize,VERB,1,1
26247,cluttered,ADJ,1,1
26248,undusted,ADJ,1,1
26249,emasculate,VERB,1,1
26250,othman,NOUN,1,1
26251,ox,ADJ,1,1
26252,malaria,NOUN,1,1
26253,agri,VERB,1,1
26254,pedestal,NOUN,1,1
26255,gewgaw,NOUN,1,1
26256,earthy,ADJ,1,1
26257,bolster,VERB,1,1
26258,seven,NOUN,1,1
26259,bawble,NOUN,1,1
26260,caving,NOUN,1,1
26261,firstly,ADV,1,1
26262,wheaten,ADJ,1,1
26263,wigwam,ADJ,1,1
26264,sharper,ADV,1,1
26265,torpid,NOUN,1,1
26266,inflexible,ADJ,1,1
26267,hewing,NOUN,1,1
26268,communicable,ADJ,1,1
26269,sawed,ADJ,1,1
26270,mortise,VERB,1,1
26271,tenone,VERB,1,1
26272,unobserved,ADJ,1,1
26273,clammy,NOUN,1,1
26274,aguish,VERB,1,1
26275,treacherously,ADV,1,1
26276,carting,NOUN,1,1
26277,drivable,VERB,1,1
26278,devastation,NOUN,1,1
26279,dearth,NOUN,1,1
26280,spectatordom,NOUN,1,1
26281,latitude,VERB,1,1
26282,neighborliness,ADJ,1,1
26283,honored,ADJ,1,1
26284,raiser,NOUN,1,1
26285,temporal,ADJ,1,1
26286,cowbird,NOUN,1,1
26287,dilettantism,NOUN,1,1
26288,almond,ADJ,1,1
26289,caraway,NOUN,1,1
26290,shellfish,VERB,1,1
26291,unpretending,ADJ,1,1
26292,substantial,NOUN,1,1
26293,shingled,ADJ,1,1
26294,shanty,ADJ,1,1
26295,adjoining,NOUN,1,1
26296,tuition,NOUN,1,1
26297,unprofitable,ADJ,1,1
26298,defraud,VERB,1,1
26299,jackknife,NOUN,1,1
26300,ore,NOUN,1,1
26301,smelt,VERB,1,1
26302,metallurgy,NOUN,1,1
26303,penknife,NOUN,1,1
26304,tunnel,VERB,1,1
26305,evangelist,NOUN,1,1
26306,childer,NOUN,1,1
26307,questionable,ADJ,1,1
26308,unmerchantable,ADJ,1,1
26309,driftwood,NOUN,1,1
26310,deduct,VERB,1,1
26311,economical,ADJ,1,1
26312,freer,NOUN,1,1
26313,haying,NOUN,1,1
26314,hereabouts,ADV,1,1
26315,retainer,NOUN,1,1
26316,gate,VERB,1,1
26317,heathenish,ADJ,1,1
26318,booby,NOUN,1,1
26319,mainspring,NOUN,1,1
26320,stonecutter,NOUN,1,1
26321,carpentry,NOUN,1,1
26322,watermelon,NOUN,1,1
26323,unblushingly,ADV,1,1
26324,musky,ADJ,1,1
26325,uninstructive,ADJ,1,1
26326,completeness,NOUN,1,1
26327,inveterate,ADJ,1,1
26328,caviller,NOUN,1,1
26329,purslane,NOUN,1,1
26330,oleracea,NOUN,1,1
26331,salt,VERB,1,1
26332,savoriness,NOUN,1,1
26333,yielding,NOUN,1,1
26334,abstemiousness,NOUN,1,1
26335,unleavened,ADJ,1,1
26336,souring,NOUN,1,1
26337,leavening,NOUN,1,1
26338,fermentation,NOUN,1,1
26339,spiritus,NOUN,1,1
26340,vestal,ADJ,1,1
26341,billow,VERB,1,1
26342,analytic,ADJ,1,1
26343,sal,ADJ,1,1
26344,alkali,ADJ,1,1
26345,recipe,NOUN,1,1
26346,depsticium,NOUN,1,1
26347,sic,NOUN,1,1
26348,facito,NOUN,1,1
26349,manus,ADJ,1,1
26350,mortariumque,ADJ,1,1
26351,lavato,NOUN,1,1
26352,mortarium,NOUN,1,1
26353,indito,NOUN,1,1
26354,aquæ,NOUN,1,1
26355,subigitoque,X,1,1
26356,pulchre,NOUN,1,1
26357,defingito,NOUN,1,1
26358,coquitoque,ADJ,1,1
26359,baking,NOUN,1,1
26360,breadstuff,NOUN,1,1
26361,hog,VERB,1,1
26362,parsnip,NOUN,1,1
26363,barter,NOUN,1,1
26364,habitat,NOUN,1,1
26365,beggarly,ADJ,1,1
26366,spaulde,VERB,1,1
26367,disown,NOUN,1,1
26368,sledge,ADJ,1,1
26369,trig,ADJ,1,1
26370,bandbox,NOUN,1,1
26371,immigrant,NOUN,1,1
26372,wen,NOUN,1,1
26373,gazer,NOUN,1,1
26374,deacon,NOUN,1,1
26375,amnesty,NOUN,1,1
26376,malefactor,NOUN,1,1
26377,purification,NOUN,1,1
26378,define,NOUN,1,1
26379,biblical,ADJ,1,1
26380,cart,ADJ,1,1
26381,gothic,ADJ,1,1
26382,artificial,NOUN,1,1
26383,polestar,NOUN,1,1
26384,calculable,ADJ,1,1
26385,truer,ADV,1,1
26386,underlie,NOUN,1,1
26387,coöperate,NOUN,1,1
26388,steadfastness,NOUN,1,1
26389,aforethought,NOUN,1,1
26390,tainting,NOUN,1,1
26391,headlong,ADV,1,1
26392,simoom,NOUN,1,1
26393,howard,NOUN,1,1
26394,persuasiveness,NOUN,1,1
26395,intra,ADJ,1,1
26396,hacking,NOUN,1,1
26397,uprightness,ADJ,1,1
26398,ripeness,NOUN,1,1
26399,contagion,NOUN,1,1
26400,intemperate,NOUN,1,1
26401,drastic,ADJ,1,1
26402,crudity,NOUN,1,1
26403,chewer,NOUN,1,1
26404,redeemer,NOUN,1,1
26405,umbrageous,ADJ,1,1
26406,blooming,ADJ,1,1
26407,azad,NOUN,1,1
26408,caliph,NOUN,1,1
26409,complemental,VERB,1,1
26410,verses,ADP,1,1
26411,dost,NOUN,1,1
26412,mediocrity,NOUN,1,1
26413,bounteous,ADJ,1,1
26414,seest,ADV,1,1
26415,sede,NOUN,1,1
26416,woodlot,NOUN,1,1
26417,crusty,NOUN,1,1
26418,lichen,ADV,1,1
26419,exude,VERB,1,1
26420,unplastered,ADJ,1,1
26421,crystallization,NOUN,1,1
26422,rainiest,ADJ,1,1
26423,seasoning,NOUN,1,1
26424,cage,VERB,1,1
26425,tanager,NOUN,1,1
26426,tarn,NOUN,1,1
26427,indentation,NOUN,1,1
26428,bluer,ADJ,1,1
26429,buoyancy,NOUN,1,1
26430,continent,ADJ,1,1
26431,insular,ADJ,1,1
26432,mirage,NOUN,1,1
26433,insulate,VERB,1,1
26434,interverte,VERB,1,1
26435,pasture,ADJ,1,1
26436,steppe,NOUN,1,1
26437,delectable,ADJ,1,1
26438,unprofaned,ADJ,1,1
26439,hyade,NOUN,1,1
26440,mount,NOUN,1,1
26441,whereon,VERB,1,1
26442,requiem,NOUN,1,1
26443,cosmical,ADJ,1,1
26444,somnolence,NOUN,1,1
26445,nudging,NOUN,1,1
26446,servitor,NOUN,1,1
26447,cessation,NOUN,1,1
26448,reinvigorate,VERB,1,1
26449,transpire,NOUN,1,1
26450,fairest,ADJ,1,1
26451,evitable,ADJ,1,1
26452,superficial,NOUN,1,1
26453,baboon,NOUN,1,1
26454,forge,NOUN,1,1
26455,supernumerary,NOUN,1,1
26456,pray,INTJ,1,1
26457,unfathomed,ADJ,1,1
26458,mammoth,ADJ,1,1
26459,succinct,ADJ,1,1
26460,draggle,NOUN,1,1
26461,pause,INTJ,1,1
26462,unhurried,ADJ,1,1
26463,illusory,ADJ,1,1
26464,worthily,ADV,1,1
26465,forester,NOUN,1,1
26466,instilling,NOUN,1,1
26467,drenching,NOUN,1,1
26468,perturbation,NOUN,1,1
26469,whirlpool,NOUN,1,1
26470,alluvion,NOUN,1,1
26471,fronting,NOUN,1,1
26472,cimeter,NOUN,1,1
26473,pebbly,ADV,1,1
26474,cleaver,NOUN,1,1
26475,rift,VERB,1,1
26476,burrowing,NOUN,1,1
26477,divining,NOUN,1,1
26478,improvable,ADJ,1,1
26479,luxuriousness,ADJ,1,1
26480,consecrate,ADJ,1,1
26481,underwent,NOUN,1,1
26482,spoken,NOUN,1,1
26483,exhalation,NOUN,1,1
26484,colloquy,NOUN,1,1
26485,vaporous,NOUN,1,1
26486,casket,NOUN,1,1
26487,corrosion,NOUN,1,1
26488,treasured,ADJ,1,1
26489,industry,VERB,1,1
26490,insufficiency,NOUN,1,1
26491,astrologically,ADV,1,1
26492,astronomically,ADV,1,1
26493,wakeful,ADJ,1,1
26494,ab,NOUN,1,1
26495,cormorant,NOUN,1,1
26496,metamorphose,VERB,1,1
26497,noveldom,NOUN,1,1
26498,gizzard,NOUN,1,1
26499,corrugation,NOUN,1,1
26500,sharpening,NOUN,1,1
26501,bencher,NOUN,1,1
26502,accent,ADJ,1,1
26503,deliquium,NOUN,1,1
26504,sloughing,NOUN,1,1
26505,oven,ADJ,1,1
26506,wise,NOUN,1,1
26507,manikin,NOUN,1,1
26508,lived,ADJ,1,1
26509,tit,NOUN,1,1
26510,salutary,ADJ,1,1
26511,liberality,NOUN,1,1
26512,exclusiveness,NOUN,1,1
26513,liberalize,VERB,1,1
26514,ailment,ADJ,1,1
26515,utopian,ADJ,1,1
26516,statuary,ADJ,1,1
26517,pedagogue,NOUN,1,1
26518,pilgrim,ADJ,1,1
26519,sumachs,NOUN,1,1
26520,noiseless,NOUN,1,1
26521,forsaking,NOUN,1,1
26522,trill,NOUN,1,1
26523,warble,ADJ,1,1
26524,budget,NOUN,1,1
26525,uninterupted,ADJ,1,1
26526,bur,NOUN,1,1
26527,goldenrod,NOUN,1,1
26528,groundnut,NOUN,1,1
26529,pumila,NOUN,1,1
26530,umbel,NOUN,1,1
26531,cylindrically,ADV,1,1
26532,pinnate,NOUN,1,1
26533,repairer,NOUN,1,1
26534,chair,VERB,1,1
26535,laden,NOUN,1,1
26536,cranberry,ADJ,1,1
26537,planetary,ADJ,1,1
26538,compeller,NOUN,1,1
26539,livery,NOUN,1,1
26540,stabler,NOUN,1,1
26541,incase,VERB,1,1
26542,brain,VERB,1,1
26543,sinew,NOUN,1,1
26544,veto,NOUN,1,1
26545,plowman,NOUN,1,1
26546,mice,ADJ,1,1
26547,hemp,NOUN,1,1
26548,husk,NOUN,1,1
26549,gunny,NOUN,1,1
26550,moose,VERB,1,1
26551,descend,NOUN,1,1
26552,fishery,NOUN,1,1
26553,snowflake,NOUN,1,1
26554,pampas,NOUN,1,1
26555,constitutional,ADJ,1,1
26556,ligature,NOUN,1,1
26557,inveteracie,NOUN,1,1
26558,hewn,ADJ,1,1
26559,ammiral,NOUN,1,1
26560,sheepcot,NOUN,1,1
26561,shepherd,ADJ,1,1
26562,wether,NOUN,1,1
26563,vibratory,ADJ,1,1
26564,dale,NOUN,1,1
26565,unpleasantly,ADV,1,1
26566,articulation,NOUN,1,1
26567,vesper,NOUN,1,1
26568,tu,NOUN,1,1
26569,jesting,NOUN,1,1
26570,supernal,ADJ,1,1
26571,expiate,VERB,1,1
26572,threnodie,VERB,1,1
26573,transgression,NOUN,1,1
26574,farther,ADJ,1,1
26575,gl,INTJ,1,1
26576,mildewy,ADJ,1,1
26577,ghoul,NOUN,1,1
26578,twilight,VERB,1,1
26579,chickadee,ADJ,1,1
26580,lisps,NOUN,1,1
26581,skulk,NOUN,1,1
26582,bibber,NOUN,1,1
26583,wassailer,NOUN,1,1
26584,stygian,ADJ,1,1
26585,festal,ADJ,1,1
26586,paunch,NOUN,1,1
26587,saturation,NOUN,1,1
26588,waterloggedness,NOUN,1,1
26589,distention,NOUN,1,1
26590,aldermanic,ADJ,1,1
26591,drool,VERB,1,1
26592,quaff,VERB,1,1
26593,seniority,NOUN,1,1
26594,leakiest,X,1,1
26595,paunche,VERB,1,1
26596,patriarch,NOUN,1,1
26597,troonk,NOUN,1,1
26598,drumstick,NOUN,1,1
26599,feebler,NOUN,1,1
26600,churn,NOUN,1,1
26601,spinning,ADJ,1,1
26602,oriole,NOUN,1,1
26603,unfence,VERB,1,1
26604,imbibe,NOUN,1,1
26605,usher,ADJ,1,1
26606,bended,ADJ,1,1
26607,misanthrope,NOUN,1,1
26608,æolian,ADJ,1,1
26609,drear,ADJ,1,1
26610,insignificant,NOUN,1,1
26611,humanest,ADV,1,1
26612,usher,VERB,1,1
26613,unfold,NOUN,1,1
26614,groove,VERB,1,1
26615,subtile,ADJ,1,1
26616,universe,ADJ,1,1
26617,oblation,NOUN,1,1
26618,dissipating,NOUN,1,1
26619,companionable,ADJ,1,1
26620,dervish,NOUN,1,1
26621,recreate,NOUN,1,1
26622,remunerate,VERB,1,1
26623,frequency,NOUN,1,1
26624,dandelion,NOUN,1,1
26625,bumble,ADJ,1,1
26626,odorous,ADJ,1,1
26627,simple,NOUN,1,1
26628,humanely,ADV,1,1
26629,grieve,NOUN,1,1
26630,vegetable,VERB,1,1
26631,panacea,NOUN,1,1
26632,vial,NOUN,1,1
26633,schooner,NOUN,1,1
26634,undiluted,ADJ,1,1
26635,stopple,NOUN,1,1
26636,cupbearer,NOUN,1,1
26637,bloodsucker,NOUN,1,1
26638,piazza,NOUN,1,1
26639,ricochet,NOUN,1,1
26640,loquacious,ADJ,1,1
26641,bodily,ADV,1,1
26642,partook,VERB,1,1
26643,retarded,ADJ,1,1
26644,looke,NOUN,1,1
26645,tighter,ADV,1,1
26646,winnow,VERB,1,1
26647,uncultivated,ADJ,1,1
26648,hole,VERB,1,1
26649,testament,NOUN,1,1
26650,consumer,NOUN,1,1
26651,deliberate,VERB,1,1
26652,pare,VERB,1,1
26653,felling,NOUN,1,1
26654,exuberance,NOUN,1,1
26655,threescore,NOUN,1,1
26656,unsophisticated,ADJ,1,1
26657,clothe,DET,1,1
26658,cyclopædia,NOUN,1,1
26659,pecunia,NOUN,1,1
26660,bipe,VERB,1,1
26661,gorry,NOUN,1,1
26662,manœuvring,NOUN,1,1
26663,origination,NOUN,1,1
26664,inoffensive,ADJ,1,1
26665,weak,ADV,1,1
26666,hospitalality,NOUN,1,1
26667,beseechingly,ADV,1,1
26668,northstar,NOUN,1,1
26669,frizzled,ADJ,1,1
26670,centipede,NOUN,1,1
26671,ramble,ADJ,1,1
26672,infirm,NOUN,1,1
26673,munity,NOUN,1,1
26674,cinquefoil,NOUN,1,1
26675,auxiliary,NOUN,1,1
26676,manure,ADV,1,1
26677,gravelly,ADV,1,1
26678,upland,ADJ,1,1
26679,millet,ADJ,1,1
26680,ministerial,ADJ,1,1
26681,dobbin,NOUN,1,1
26682,unimprove,VERB,1,1
26683,silicate,NOUN,1,1
26684,potash,NOUN,1,1
26685,unreape,VERB,1,1
26686,des,NOUN,1,1
26687,mavi,NOUN,1,1
26688,leached,VERB,1,1
26689,fresher,ADJ,1,1
26690,unchronicled,ADJ,1,1
26691,primeval,ADJ,1,1
26692,oratorio,NOUN,1,1
26693,seamless,ADJ,1,1
26694,kindredship,NOUN,1,1
26695,unfledged,ADJ,1,1
26696,hen,ADJ,1,1
26697,descending,ADJ,1,1
26698,embodiment,ADJ,1,1
26699,winnowing,NOUN,1,1
26700,salamander,ADV,1,1
26701,popgun,NOUN,1,1
26702,puffball,NOUN,1,1
26703,turnout,NOUN,1,1
26704,drone,NOUN,1,1
26705,fatherland,NOUN,1,1
26706,crusader,NOUN,1,1
26707,harvesting,NOUN,1,1
26708,leek,NOUN,1,1
26709,crowding,NOUN,1,1
26710,lætation,NOUN,1,1
26711,repastination,NOUN,1,1
26712,magnetism,NOUN,1,1
26713,dunging,NOUN,1,1
26714,tempering,NOUN,1,1
26715,succedaneous,ADJ,1,1
26716,lay,ADJ,1,1
26717,sabbath,NOUN,1,1
26718,harrowing,NOUN,1,1
26719,vendacem,NOUN,1,1
26720,emacem,NOUN,1,1
26721,esse,NOUN,1,1
26722,oportet,NOUN,1,1
26723,tendril,VERB,1,1
26724,shear,VERB,1,1
26725,salable,ADJ,1,1
26726,manurance,NOUN,1,1
26727,wormeaten,ADJ,1,1
26728,subtile,NOUN,1,1
26729,friendliness,VERB,1,1
26730,spake,VERB,1,1
26731,stiffness,NOUN,1,1
26732,buoyant,ADJ,1,1
26733,heedlessness,NOUN,1,1
26734,maximeque,NOUN,1,1
26735,pius,NOUN,1,1
26736,quæstus,NOUN,1,1
26737,obsoletely,ADV,1,1
26738,speca,NOUN,1,1
26739,spe,VERB,1,1
26740,granum,NOUN,1,1
26741,gerendo,NOUN,1,1
26742,stint,NOUN,1,1
26743,homœopathic,ADJ,1,1
26744,peeping,NOUN,1,1
26745,buttonwood,NOUN,1,1
26746,digestive,ADJ,1,1
26747,etesian,ADJ,1,1
26748,ether,ADV,1,1
26749,numbness,NOUN,1,1
26750,insensibility,NOUN,1,1
26751,caryatide,NOUN,1,1
26752,gracefulness,NOUN,1,1
26753,irruption,NOUN,1,1
26754,hatch,NOUN,1,1
26755,muggy,NOUN,1,1
26756,town,VERB,1,1
26757,headland,NOUN,1,1
26758,vastness,ADJ,1,1
26759,improperly,ADV,1,1
26760,bella,NOUN,1,1
26761,fuerunt,NOUN,1,1
26762,faginu,NOUN,1,1
26763,astabat,VERB,1,1
26764,dape,NOUN,1,1
26765,surfeit,NOUN,1,1
26766,purchaser,NOUN,1,1
26767,ambrosial,ADJ,1,1
26768,woodcraft,NOUN,1,1
26769,rib,VERB,1,1
26770,skyrocket,NOUN,1,1
26771,hissing,NOUN,1,1
26772,indicative,ADJ,1,1
26773,blundering,NOUN,1,1
26774,raise,NOUN,1,1
26775,woodland,ADJ,1,1
26776,darker,ADV,1,1
26777,cerulean,ADJ,1,1
26778,vitreous,ADJ,1,1
26779,crystalline,NOUN,1,1
26780,alabaster,NOUN,1,1
26781,transverse,NOUN,1,1
26782,ascetic,ADJ,1,1
26783,erect,NOUN,1,1
26784,lily,ADJ,1,1
26785,potamogeton,NOUN,1,1
26786,pellucid,NOUN,1,1
26787,intermit,VERB,1,1
26788,southerly,ADJ,1,1
26789,distiller,NOUN,1,1
26790,aboriginal,ADJ,1,1
26791,unwittingly,ADV,1,1
26792,unobscure,VERB,1,1
26793,relievo,NOUN,1,1
26794,dryness,NOUN,1,1
26795,chowder,NOUN,1,1
26796,unobstructed,ADJ,1,1
26797,fibrous,ADJ,1,1
26798,pow,NOUN,1,1
26799,wow,INTJ,1,1
26800,squaw,NOUN,1,1
26801,paver,NOUN,1,1
26802,chivin,NOUN,1,1
26803,pulchellus,NOUN,1,1
26804,fable,ADJ,1,1
26805,reticulatus,NOUN,1,1
26806,guttatus,NOUN,1,1
26807,fleshed,ADJ,1,1
26808,ichthyologist,NOUN,1,1
26809,muscel,NOUN,1,1
26810,bicolor,NOUN,1,1
26811,peetweet,NOUN,1,1
26812,teter,NOUN,1,1
26813,lamprey,NOUN,1,1
26814,indent,VERB,1,1
26815,rawness,ADJ,1,1
26816,selvage,NOUN,1,1
26817,lave,VERB,1,1
26818,fluviatile,NOUN,1,1
26819,shore,ADJ,1,1
26820,indistinct,NOUN,1,1
26821,invert,VERB,1,1
26822,gossamer,NOUN,1,1
26823,undeceived,ADJ,1,1
26824,thistle,ADV,1,1
26825,dimple,ADJ,1,1
26826,piscine,NOUN,1,1
26827,furrow,VERB,1,1
26828,haven,NOUN,1,1
26829,jarred,ADJ,1,1
26830,welling,NOUN,1,1
26831,pulsing,NOUN,1,1
26832,rarer,NOUN,1,1
26833,gilding,ADJ,1,1
26834,ribbed,ADJ,1,1
26835,hovering,NOUN,1,1
26836,brushy,ADJ,1,1
26837,log,VERB,1,1
26838,willed,NOUN,1,1
26839,rending,NOUN,1,1
26840,neigh,NOUN,1,1
26841,muddy,VERB,1,1
26842,infringe,VERB,1,1
26843,fireman,NOUN,1,1
26844,brakeman,NOUN,1,1
26845,comparatively,ADJ,1,1
26846,inland,ADJ,1,1
26847,chestnutting,NOUN,1,1
26848,sedgy,NOUN,1,1
26849,mouldering,NOUN,1,1
26850,wader,NOUN,1,1
26851,pipewort,NOUN,1,1
26852,nomenclature,NOUN,1,1
26853,horny,ADJ,1,1
26854,child,VERB,1,1
26855,uncleansed,ADJ,1,1
26856,buttermilk,NOUN,1,1
26857,woodcutter,NOUN,1,1
26858,commonness,NOUN,1,1
26859,sultry,NOUN,1,1
26860,hereabouts,NOUN,1,1
26861,versicolor,NOUN,1,1
26862,conspire,NOUN,1,1
26863,pine,VERB,1,1
26864,spire,VERB,1,1
26865,juniper,NOUN,1,1
26866,usnea,ADJ,1,1
26867,dogwood,NOUN,1,1
26868,grow,NOUN,1,1
26869,perfume,VERB,1,1
26870,bole,NOUN,1,1
26871,sizable,ADJ,1,1
26872,occidentalis,NOUN,1,1
26873,abutment,NOUN,1,1
26874,dolphin,NOUN,1,1
26875,memoir,NOUN,1,1
26876,adjunct,NOUN,1,1
26877,undertook,NOUN,1,1
26878,mercurial,ADJ,1,1
26879,steer,NOUN,1,1
26880,fable,VERB,1,1
26881,sibyl,NOUN,1,1
26882,starveling,ADJ,1,1
26883,humanize,VERB,1,1
26884,bog,VERB,1,1
26885,meat,VERB,1,1
26886,kimbo,NOUN,1,1
26887,culinary,ADJ,1,1
26888,heartiest,NOUN,1,1
26889,trivial,NOUN,1,1
26890,rumble,NOUN,1,1
26891,lea,NOUN,1,1
26892,gabardine,NOUN,1,1
26893,tamely,ADV,1,1
26894,boggy,VERB,1,1
26895,talaria,NOUN,1,1
26896,trapper,NOUN,1,1
26897,yave,X,1,1
26898,saith,NOUN,1,1
26899,algonquin,NOUN,1,1
26900,outgrow,VERB,1,1
26901,humane,NOUN,1,1
26902,tenure,NOUN,1,1
26903,anthropic,NOUN,1,1
26904,often,ADJ,1,1
26905,entomologist,NOUN,1,1
26906,voracious,ADJ,1,1
26907,gluttonous,ADJ,1,1
26908,larva,NOUN,1,1
26909,insectivorous,ADJ,1,1
26910,feeder,NOUN,1,1
26911,temperately,ADV,1,1
26912,condiment,NOUN,1,1
26913,preying,NOUN,1,1
26914,snare,VERB,1,1
26915,faintest,ADV,1,1
26916,segment,NOUN,1,1
26917,ebriosity,NOUN,1,1
26918,coarse,VERB,1,1
26919,commentator,NOUN,1,1
26920,palate,NOUN,1,1
26921,listen,NOUN,1,1
26922,puritan,NOUN,1,1
26923,entereth,VERB,1,1
26924,defileth,NOUN,1,1
26925,insisting,NOUN,1,1
26926,patterer,NOUN,1,1
26927,transfixe,NOUN,1,1
26928,reptile,ADJ,1,1
26929,vigor,VERB,1,1
26930,distinct,NOUN,1,1
26931,spiritual,NOUN,1,1
26932,approximation,NOUN,1,1
26933,pervade,NOUN,1,1
26934,generative,ADJ,1,1
26935,dissipate,NOUN,1,1
26936,invigorate,NOUN,1,1
26937,faun,NOUN,1,1
26938,disafforest,VERB,1,1
26939,headlong,ADJ,1,1
26940,sensually,ADV,1,1
26941,conformably,ADV,1,1
26942,sloth,ADJ,1,1
26943,heathenish,NOUN,1,1
26944,lawgiver,ADV,1,1
26945,sculptor,NOUN,1,1
26946,imbrute,VERB,1,1
26947,scurf,NOUN,1,1
26948,moil,VERB,1,1
26949,austerity,NOUN,1,1
26950,catching,NOUN,1,1
26951,fern,NOUN,1,1
26952,cider,NOUN,1,1
26953,undersized,ADJ,1,1
26954,skewer,NOUN,1,1
26955,bopeep,NOUN,1,1
26956,umbellus,NOUN,1,1
26957,traveler,NOUN,1,1
26958,dishabille,NOUN,1,1
26959,callow,ADJ,1,1
26960,adult,VERB,1,1
26961,coeval,NOUN,1,1
26962,raccoon,NOUN,1,1
26963,whinnering,NOUN,1,1
26964,grassy,NOUN,1,1
26965,roil,VERB,1,1
26966,duellum,ADJ,1,1
26967,bellum,NOUN,1,1
26968,pit,VERB,1,1
26969,despatch,VERB,1,1
26970,patroclus,NOUN,1,1
26971,assiduously,ADV,1,1
26972,carbuncle,NOUN,1,1
26973,pontificate,NOUN,1,1
26974,canine,NOUN,1,1
26975,brownish,ADJ,1,1
26976,flat,VERB,1,1
26977,matted,ADJ,1,1
26978,prolific,NOUN,1,1
26979,hybrid,NOUN,1,1
26980,marten,NOUN,1,1
26981,moult,VERB,1,1
26982,conical,ADJ,1,1
26983,omnipresent,ADJ,1,1
26984,milkweed,NOUN,1,1
26985,miscalculate,VERB,1,1
26986,cooly,ADV,1,1
26987,unweariable,ADJ,1,1
26988,lake,VERB,1,1
26989,reappearing,NOUN,1,1
26990,betray,NOUN,1,1
26991,unruffled,ADJ,1,1
26992,bayous,ADJ,1,1
26993,graping,NOUN,1,1
26994,pendant,NOUN,1,1
26995,pearly,ADV,1,1
26996,snarl,NOUN,1,1
26997,mead,NOUN,1,1
26998,barberry,NOUN,1,1
26999,coddling,NOUN,1,1
27000,tuberosa,NOUN,1,1
27001,crimple,VERB,1,1
27002,frostbitten,NOUN,1,1
27003,tuber,NOUN,1,1
27004,fatted,ADJ,1,1
27005,totem,NOUN,1,1
27006,bestower,NOUN,1,1
27007,coloring,NOUN,1,1
27008,compliment,VERB,1,1
27009,wholesomer,NOUN,1,1
27010,wiseacre,NOUN,1,1
27011,toughness,NOUN,1,1
27012,fresco,ADJ,1,1
27013,lubeat,VERB,1,1
27014,caritatem,NOUN,1,1
27015,expectare,NOUN,1,1
27016,firkin,NOUN,1,1
27017,weevil,NOUN,1,1
27018,purlin,NOUN,1,1
27019,solitary,NOUN,1,1
27020,palaver,NOUN,1,1
27021,fetched,ADJ,1,1
27022,hasty,NOUN,1,1
27023,lathe,VERB,1,1
27024,complacent,ADJ,1,1
27025,lathing,NOUN,1,1
27026,thitherward,ADV,1,1
27027,ruffled,ADJ,1,1
27028,pailful,NOUN,1,1
27029,christen,VERB,1,1
27030,fluviatilis,NOUN,1,1
27031,cadis,ADJ,1,1
27032,eightieth,NOUN,1,1
27033,beneath,ADJ,1,1
27034,cleavage,NOUN,1,1
27035,flattish,NOUN,1,1
27036,lenticular,ADJ,1,1
27037,shallower,NOUN,1,1
27038,steal,ADJ,1,1
27039,fagot,NOUN,1,1
27040,drying,NOUN,1,1
27041,withe,NOUN,1,1
27042,borderer,NOUN,1,1
27043,purpresture,NOUN,1,1
27044,ferarum,NOUN,1,1
27045,nocumentum,NOUN,1,1
27046,forestæ,NOUN,1,1
27047,vert,ADJ,1,1
27048,inconsolable,ADJ,1,1
27049,lucum,ADJ,1,1
27050,conlucare,NOUN,1,1
27051,expiatory,NOUN,1,1
27052,goddess,VERB,1,1
27053,propitious,ADJ,1,1
27054,gleaning,NOUN,1,1
27055,prospect,VERB,1,1
27056,sapwood,NOUN,1,1
27057,marrowy,ADJ,1,1
27058,hickory,ADV,1,1
27059,veiling,NOUN,1,1
27060,glowing,ADJ,1,1
27061,divested,ADJ,1,1
27062,cumbrous,ADJ,1,1
27063,poetic,NOUN,1,1
27064,chemic,ADJ,1,1
27065,earthiness,NOUN,1,1
27066,imaging,NOUN,1,1
27067,sadden,NOUN,1,1
27068,woodman,NOUN,1,1
27069,speculator,NOUN,1,1
27070,stricta,NOUN,1,1
27071,townsfolk,NOUN,1,1
27072,inhumane,ADJ,1,1
27073,ciderish,ADJ,1,1
27074,burying,NOUN,1,1
27075,unmarked,ADJ,1,1
27076,grenadier,NOUN,1,1
27077,discolor,VERB,1,1
27078,mythological,ADJ,1,1
27079,chalmer,NOUN,1,1
27080,rung,VERB,1,1
27081,straggling,ADJ,1,1
27082,rearmost,NOUN,1,1
27083,idealist,NOUN,1,1
27084,ardor,NOUN,1,1
27085,moaning,NOUN,1,1
27086,sufferance,NOUN,1,1
27087,gourd,NOUN,1,1
27088,fictile,INTJ,1,1
27089,ditcher,NOUN,1,1
27090,carmine,NOUN,1,1
27091,occupie,NOUN,1,1
27092,oozed,NOUN,1,1
27093,tearless,ADJ,1,1
27094,coincident,NOUN,1,1
27095,stirp,NOUN,1,1
27096,spinning,NOUN,1,1
27097,cemeterie,VERB,1,1
27098,repeople,VERB,1,1
27099,divider,NOUN,1,1
27100,cronche,VERB,1,1
27101,slumberous,ADJ,1,1
27102,peninsular,ADJ,1,1
27103,mote,VERB,1,1
27104,dawning,NOUN,1,1
27105,blustering,NOUN,1,1
27106,nipping,ADJ,1,1
27107,springly,ADV,1,1
27108,whittling,NOUN,1,1
27109,cronching,NOUN,1,1
27110,dessert,NOUN,1,1
27111,bran,ADJ,1,1
27112,conviviality,NOUN,1,1
27113,headedness,NOUN,1,1
27114,unsuspecte,VERB,1,1
27115,plain,VERB,1,1
27116,crotchet,NOUN,1,1
27117,yore,ADV,1,1
27118,freeborn,ADJ,1,1
27119,ingenuus,NOUN,1,1
27120,overarching,NOUN,1,1
27121,whittle,VERB,1,1
27122,angler,NOUN,1,1
27123,revise,VERB,1,1
27124,hermit,VERB,1,1
27125,philosopher,ADJ,1,1
27126,calk,VERB,1,1
27127,oakum,NOUN,1,1
27128,eventide,NOUN,1,1
27129,indeterminable,ADJ,1,1
27130,wolfish,ADJ,1,1
27131,sealer,NOUN,1,1
27132,trodden,NOUN,1,1
27133,bristling,NOUN,1,1
27134,plectrum,NOUN,1,1
27135,lingua,ADJ,1,1
27136,vernacula,NOUN,1,1
27137,sonorously,ADV,1,1
27138,accent,VERB,1,1
27139,commodore,NOUN,1,1
27140,honk,VERB,1,1
27141,napping,NOUN,1,1
27142,discriminating,ADJ,1,1
27143,concord,NOUN,1,1
27144,whooping,NOUN,1,1
27145,flatulency,NOUN,1,1
27146,demoniacally,ADV,1,1
27147,rudimental,ADJ,1,1
27148,vulpine,NOUN,1,1
27149,manœuvre,NOUN,1,1
27150,circumspection,NOUN,1,1
27151,chide,VERB,1,1
27152,frisk,NOUN,1,1
27153,trigonometrical,NOUN,1,1
27154,dainty,ADV,1,1
27155,plumper,VERB,1,1
27156,zag,NOUN,1,1
27157,diagonal,NOUN,1,1
27158,disgorge,VERB,1,1
27159,tit,ADJ,1,1
27160,mice,NOUN,1,1
27161,lisping,NOUN,1,1
27162,sprightly,ADJ,1,1
27163,phe,NOUN,1,1
27164,epaulet,NOUN,1,1
27165,cruise,NOUN,1,1
27166,norwegian,ADJ,1,1
27167,flooring,NOUN,1,1
27168,paring,NOUN,1,1
27169,scant,ADJ,1,1
27170,dropsical,ADJ,1,1
27171,lo,INTJ,1,1
27172,scud,VERB,1,1
27173,slenderness,NOUN,1,1
27174,levipe,NOUN,1,1
27175,antiquity,VERB,1,1
27176,nearest,X,1,1
27177,teem,NOUN,1,1
27178,twiggy,ADJ,1,1
27179,answered,ADJ,1,1
27180,mortal,VERB,1,1
27181,marmot,NOUN,1,1
27182,waveless,NOUN,1,1
27183,dazzling,ADJ,1,1
27184,animalize,VERB,1,1
27185,sleigh,VERB,1,1
27186,quirk,NOUN,1,1
27187,bottomlessness,NOUN,1,1
27188,illusive,ADJ,1,1
27189,marvellousness,NOUN,1,1
27190,diluvian,ADJ,1,1
27191,unsuspecting,ADJ,1,1
27192,soar,NOUN,1,1
27193,arbitrarily,ADV,1,1
27194,lengthwise,NOUN,1,1
27195,breadthwise,VERB,1,1
27196,vitiate,VERB,1,1
27197,entireness,NOUN,1,1
27198,aggregate,NOUN,1,1
27199,advent,NOUN,1,1
27200,conversant,ADJ,1,1
27201,poesy,NOUN,1,1
27202,refit,VERB,1,1
27203,concur,NOUN,1,1
27204,individualize,VERB,1,1
27205,soldering,NOUN,1,1
27206,graduated,ADJ,1,1
27207,infinitesimal,ADJ,1,1
27208,rosette,NOUN,1,1
27209,pathetically,ADV,1,1
27210,unroof,VERB,1,1
27211,solidify,VERB,1,1
27212,hyperborean,ADJ,1,1
27213,ungainly,ADV,1,1
27214,peat,NOUN,1,1
27215,polar,ADJ,1,1
27216,ploughshare,NOUN,1,1
27217,sledde,VERB,1,1
27218,pile,ADJ,1,1
27219,estivate,VERB,1,1
27220,unroofed,ADJ,1,1
27221,bluest,NOUN,1,1
27222,sower,NOUN,1,1
27223,remote,NOUN,1,1
27224,grate,ADJ,1,1
27225,periplus,NOUN,1,1
27226,tropic,ADJ,1,1
27227,hereabout,VERB,1,1
27228,shallowest,ADJ,1,1
27229,honeycomb,VERB,1,1
27230,disappear,NOUN,1,1
27231,operate,NOUN,1,1
27232,epitome,NOUN,1,1
27233,gong,NOUN,1,1
27234,siesta,NOUN,1,1
27235,resonance,NOUN,1,1
27236,biting,NOUN,1,1
27237,papillæ,NOUN,1,1
27238,globule,NOUN,1,1
27239,chirp,NOUN,1,1
27240,bluebird,ADJ,1,1
27241,settling,NOUN,1,1
27242,quaking,NOUN,1,1
27243,checker,VERB,1,1
27244,islet,VERB,1,1
27245,assume,NOUN,1,1
27246,fineness,ADJ,1,1
27247,lava,NOUN,1,1
27248,laciniated,ADJ,1,1
27249,imbricate,VERB,1,1
27250,thallus,NOUN,1,1
27251,acanthu,NOUN,1,1
27252,chiccory,NOUN,1,1
27253,rupture,NOUN,1,1
27254,inert,NOUN,1,1
27255,prototype,NOUN,1,1
27256,λείβω,VERB,1,1
27257,lapsing,NOUN,1,1
27258,λοβος,ADJ,1,1
27259,externally,ADV,1,1
27260,pressed,ADJ,1,1
27261,radical,NOUN,1,1
27262,lb,ADJ,1,1
27263,lobed,ADJ,1,1
27264,guttural,ADJ,1,1
27265,transcend,VERB,1,1
27266,vaster,NOUN,1,1
27267,ova,NOUN,1,1
27268,axil,NOUN,1,1
27269,fluid,ADJ,1,1
27270,meandering,ADJ,1,1
27271,silicious,ADJ,1,1
27272,organic,ADJ,1,1
27273,fancifully,ADV,1,1
27274,labium,NOUN,1,1
27275,confluent,NOUN,1,1
27276,opposed,ADJ,1,1
27277,champollion,NOUN,1,1
27278,hieroglyphic,ADJ,1,1
27279,excrementitious,ADJ,1,1
27280,outward,ADV,1,1
27281,purgative,ADJ,1,1
27282,swaddling,NOUN,1,1
27283,inorganic,ADJ,1,1
27284,antiquary,NOUN,1,1
27285,throe,NOUN,1,1
27286,plastic,ADJ,1,1
27287,dormant,NOUN,1,1
27288,quadrupe,VERB,1,1
27289,pinweed,NOUN,1,1
27290,stemmed,ADJ,1,1
27291,unexhausted,ADJ,1,1
27292,tress,NOUN,1,1
27293,vocal,NOUN,1,1
27294,pirouetting,NOUN,1,1
27295,chronology,NOUN,1,1
27296,carol,NOUN,1,1
27297,marsh,ADJ,1,1
27298,betime,VERB,1,1
27299,northerly,ADJ,1,1
27300,sheen,NOUN,1,1
27301,leuciscus,NOUN,1,1
27302,instantaneous,ADJ,1,1
27303,sleety,NOUN,1,1
27304,migratorius,NOUN,1,1
27305,flapping,NOUN,1,1
27306,plump,NOUN,1,1
27307,clime,VERB,1,1
27308,precursor,NOUN,1,1
27309,oscillation,NOUN,1,1
27310,eurus,NOUN,1,1
27311,regna,NOUN,1,1
27312,recessit,NOUN,1,1
27313,matutini,NOUN,1,1
27314,sunder,VERB,1,1
27315,cognate,ADJ,1,1
27316,befell,VERB,1,1
27317,spre,VERB,1,1
27318,holiness,NOUN,1,1
27319,dismis,VERB,1,1
27320,underside,NOUN,1,1
27321,falconry,NOUN,1,1
27322,trimming,NOUN,1,1
27323,eyry,NOUN,1,1
27324,cliffy,ADJ,1,1
27325,cupreous,ADJ,1,1
27326,hummock,VERB,1,1
27327,willow,VERB,1,1
27328,bittern,ADJ,1,1
27329,unexplorable,ADJ,1,1
27330,unsurveyed,ADJ,1,1
27331,unfathome,VERB,1,1
27332,titanic,ADJ,1,1
27333,pasture,VERB,1,1
27334,rife,ADJ,1,1
27335,heron,VERB,1,1
27336,untenable,ADJ,1,1
27337,expeditious,ADJ,1,1
27338,chewink,NOUN,1,1
27339,clinched,ADJ,1,1
27340,pollen,NOUN,1,1
27341,lotus,NOUN,1,1
27342,cosmopolite,NOUN,1,1
27343,bayou,NOUN,1,1
27344,tafferel,NOUN,1,1
27345,oakum,ADJ,1,1
27346,voyaging,NOUN,1,1
27347,woodcock,NOUN,1,1
27348,cosmography,NOUN,1,1
27349,preserved,ADJ,1,1
27350,isthmus,NOUN,1,1
27351,cannibal,NOUN,1,1
27352,habet,VERB,1,1
27353,hic,ADJ,1,1
27354,symme,NOUN,1,1
27355,defeated,ADJ,1,1
27356,tangent,NOUN,1,1
27357,saner,NOUN,1,1
27358,solitude,ADJ,1,1
27359,vagant,ADJ,1,1
27360,vagance,NOUN,1,1
27361,yarde,VERB,1,1
27362,laxly,ADJ,1,1
27363,volatile,ADJ,1,1
27364,inadequacy,NOUN,1,1
27365,residual,ADJ,1,1
27366,frankincense,NOUN,1,1
27367,commonest,NOUN,1,1
27368,exoteric,ADJ,1,1
27369,modern,NOUN,1,1
27370,ethereal,NOUN,1,1
27371,singleness,NOUN,1,1
27372,scintillation,NOUN,1,1
27373,stead,VERB,1,1
27374,gallow,NOUN,1,1
27375,starch,NOUN,1,1
27376,sweetest,ADJ,1,1
27377,trifl,ADJ,1,1
27378,notability,NOUN,1,1
27379,bey,NOUN,1,1
27380,bustling,ADJ,1,1
27381,kittly,ADV,1,1
27382,bender,NOUN,1,1
27383,furring,NOUN,1,1
27384,rivet,NOUN,1,1
27385,obsequious,ADJ,1,1
27386,inhospitable,ADJ,1,1
27387,portico,NOUN,1,1
27388,meekness,NOUN,1,1
27389,pellicle,NOUN,1,1
27390,delve,VERB,1,1
27391,dulness,NOUN,1,1
27392,twang,NOUN,1,1
27393,inland,VERB,1,1
27394,concentric,ADJ,1,1
27395,woodenness,NOUN,1,1
27396,alburnum,NOUN,1,1
27397,handselled,ADJ,1,1
27398,inexpedient,ADJ,1,1
27399,outset,NOUN,1,1
27400,unimpaire,VERB,1,1
27401,further,VERB,1,1
27402,fairest,ADV,1,1
27403,dale,ADJ,1,1
27404,unscrupulous,ADJ,1,1
27405,rampart,NOUN,1,1
27406,comitatus,NOUN,1,1
27407,propertie,VERB,1,1
27408,sovereign,ADJ,1,1
27409,recognize,NOUN,1,1
27410,revolutionize,VERB,1,1
27411,established,ADJ,1,1
27412,redress,VERB,1,1
27413,wrest,VERB,1,1
27414,gaming,NOUN,1,1
27415,chequer,NOUN,1,1
27416,backgammon,NOUN,1,1
27417,voter,NOUN,1,1
27418,demagogue,NOUN,1,1
27419,unprincipled,ADJ,1,1
27420,gregariousness,NOUN,1,1
27421,lawfully,ADV,1,1
27422,eradication,NOUN,1,1
27423,disinterested,ADJ,1,1
27424,aggrieve,VERB,1,1
27425,proportionate,ADJ,1,1
27426,pulley,NOUN,1,1
27427,unconcilliatory,ADJ,1,1
27428,abolitionist,NOUN,1,1
27429,disturber,NOUN,1,1
27430,neighborliness,NOUN,1,1
27431,copartnership,NOUN,1,1
27432,therefor,NOUN,1,1
27433,inhospitality,NOUN,1,1
27434,eloquently,ADV,1,1
27435,confucius,NOUN,1,1
27436,lyceum,NOUN,1,1
27437,incorporated,ADJ,1,1
27438,poll,NOUN,1,1
27439,industriously,ADV,1,1
27440,confront,VERB,1,1
27441,strait,NOUN,1,1
27442,burgher,NOUN,1,1
27443,shire,NOUN,1,1
27444,hay,VERB,1,1
27445,musket,NOUN,1,1
27446,bias,VERB,1,1
27447,instantaneously,ADV,1,1
27448,fatalist,NOUN,1,1
27449,nakedly,ADV,1,1
27450,legislate,VERB,1,1
27451,behove,VERB,1,1
27452,gird,ADJ,1,1
27453,finance,NOUN,1,1
27454,wordy,ADJ,1,1
27455,uncorrecte,VERB,1,1
27456,governed,ADJ,1,1
