lemma,pos,count,is_stopword,is_proper_noun
the,DET,4805,1,0
be,AUX,3220,1,0
and,CCONJ,2907,1,0
of,ADP,2854,1,0
a,DET,2430,1,0
she,PRON,1963,1,0
in,ADP,1525,1,0
to,PART,1484,1,0
it,PRON,1432,1,0
have,AUX,1416,1,0
you,PRON,1214,1,0
i,PRON,1025,1,0
they,PRON,888,1,0
to,ADP,846,1,0
her,PRON,823,1,0
with,ADP,806,1,0
for,ADP,786,1,0
he,PRON,775,1,0
Dorothy,PROPN,701,0,1
that,SCONJ,693,1,0
on,ADP,667,1,0
do,AUX,624,1,0
as,ADP,571,1,0
not,PART,568,1,0
at,ADP,553,1,0
but,CCONJ,516,1,0
get,VERB,462,1,0
say,VERB,434,1,0
go,VERB,393,1,0
his,PRON,384,1,0
that,DET,359,1,0
what,PRON,348,1,0
all,DET,345,1,0
from,ADP,331,1,0
there,PRON,324,1,0
we,PRON,316,1,0
out,ADP,312,1,0
up,ADP,309,1,0
that,PRON,308,1,0
or,CCONJ,307,1,0
would,AUX,306,1,0
this,DET,304,1,0
an,DET,299,1,0
when,SCONJ,289,1,0
could,AUX,273,1,0
so,ADV,270,1,0
by,ADP,263,1,0
come,VERB,261,0,0
their,PRON,258,1,0
one,NUM,257,1,0
Mrs,PROPN,257,0,1
make,VERB,245,1,0
if,SCONJ,241,1,0
your,PRON,240,1,0
no,DET,237,1,0
time,NOUN,234,0,0
about,ADP,228,1,0
know,VERB,209,0,0
my,PRON,208,1,0
which,DET,207,1,0
into,ADP,204,1,0
day,NOUN,203,0,0
even,ADV,201,1,0
some,DET,200,1,0
two,NUM,195,1,0
look,VERB,194,0,0
take,VERB,194,1,0
like,ADP,188,0,0
who,PRON,188,1,0
can,AUX,184,1,0
see,VERB,182,1,0
Mr,PROPN,182,0,1
think,VERB,179,0,0
then,ADV,176,1,0
child,NOUN,170,0,0
down,ADP,168,1,0
thing,NOUN,168,0,0
now,ADV,163,1,0
girl,NOUN,161,0,0
after,ADP,161,1,0
little,ADJ,156,0,0
only,ADV,156,1,0
than,ADP,155,1,0
very,ADV,155,1,0
Creevy,PROPN,145,0,1
give,VERB,141,1,0
Miss,PROPN,136,0,1
any,DET,133,1,0
just,ADV,132,1,0
never,ADV,127,1,0
old,ADJ,127,0,0
seem,VERB,127,1,0
morning,NOUN,126,0,0
good,ADJ,122,0,0
herself,PRON,119,1,0
too,ADV,119,1,0
over,ADP,117,1,0
way,NOUN,116,0,0
back,ADV,115,1,0
more,ADJ,114,1,0
man,NOUN,112,0,0
off,ADP,111,1,0
keep,VERB,111,1,0
as,ADV,110,1,0
woman,NOUN,110,0,0
begin,VERB,109,0,0
how,SCONJ,109,1,0
Warburton,PROPN,109,0,1
again,ADV,106,1,0
will,AUX,105,1,0
people,NOUN,104,0,0
hand,NOUN,103,0,0
Rector,PROPN,102,0,1
school,NOUN,102,0,0
well,INTJ,100,1,0
more,ADV,98,1,0
all,ADV,96,1,0
eye,NOUN,96,0,0
year,NOUN,96,0,0
want,VERB,96,0,0
moment,NOUN,94,0,0
life,NOUN,93,0,0
other,ADJ,93,1,0
though,SCONJ,93,1,0
house,NOUN,93,0,0
always,ADV,92,1,0
night,NOUN,92,0,0
three,NUM,92,1,0
tea,NOUN,91,0,0
face,NOUN,91,0,0
almost,ADV,90,1,0
tell,VERB,90,0,0
through,ADP,88,1,0
before,ADP,87,1,0
quite,ADV,87,1,0
find,VERB,87,0,0
every,DET,87,1,0
hour,NOUN,86,0,0
week,NOUN,86,0,0
hop,NOUN,86,0,0
well,ADV,85,1,0
something,PRON,85,1,0
bad,ADJ,85,0,0
still,ADV,84,1,0
put,VERB,84,1,0
money,NOUN,82,0,0
another,DET,82,1,0
oh,INTJ,82,0,0
Nobby,PROPN,82,0,1
let,VERB,81,0,0
mean,VERB,81,0,0
nothing,PRON,81,1,0
job,NOUN,81,0,0
do,VERB,81,1,0
MRS,PROPN,81,0,1
mind,NOUN,78,0,0
upon,SCONJ,77,1,0
must,AUX,77,1,0
long,ADV,76,0,0
father,NOUN,76,0,0
sit,VERB,76,0,0
kind,NOUN,76,0,0
call,VERB,76,1,0
those,DET,75,1,0
course,NOUN,75,0,0
word,NOUN,75,0,0
leave,VERB,75,0,0
five,NUM,74,1,0
bloody,ADJ,74,0,0
feel,VERB,73,0,0
because,SCONJ,73,1,0
room,NOUN,73,0,0
ever,ADV,73,1,0
parent,NOUN,72,0,0
stand,VERB,71,0,0
ask,VERB,71,0,0
away,ADV,69,0,0
own,ADJ,69,1,0
there,ADV,68,1,0
work,NOUN,67,0,0
first,ADJ,67,1,0
against,ADP,66,1,0
turn,VERB,66,0,0
same,ADJ,65,1,0
where,SCONJ,64,1,0
talk,VERB,64,0,0
paper,NOUN,64,0,0
these,DET,63,1,0
anything,PRON,63,1,0
ten,NUM,63,1,0
without,ADP,63,1,0
church,NOUN,62,0,0
believe,VERB,62,0,0
might,AUX,61,1,0
pound,NOUN,61,0,0
here,ADV,61,1,0
happen,VERB,60,0,0
few,ADJ,59,1,0
place,NOUN,59,0,0
grow,VERB,59,0,0
bit,NOUN,59,0,0
hear,VERB,58,0,0
perhaps,ADV,58,1,0
really,ADV,58,1,0
why,SCONJ,58,1,0
its,PRON,57,1,0
read,VERB,57,0,0
write,VERB,57,0,0
try,VERB,55,0,0
fact,NOUN,55,0,0
four,NUM,54,1,0
minute,NOUN,53,0,0
rather,ADV,53,1,0
door,NOUN,53,0,0
use,VERB,52,1,0
once,ADV,52,1,0
letter,NOUN,52,0,0
end,NOUN,52,0,0
our,PRON,52,1,0
head,NOUN,51,0,0
twenty,NUM,51,1,0
pay,VERB,51,0,0
pass,VERB,51,0,0
book,NOUN,50,0,0
stop,VERB,50,0,0
bring,VERB,50,0,0
yet,ADV,50,1,0
much,ADV,50,1,0
far,ADV,50,1,0
last,ADJ,50,1,0
name,NOUN,49,1,0
voice,NOUN,49,0,0
pick,VERB,49,0,0
home,NOUN,49,0,0
sing,VERB,49,0,0
set,VERB,48,0,0
great,ADJ,48,0,0
picker,NOUN,48,0,0
bed,NOUN,47,0,0
except,SCONJ,47,1,0
between,ADP,47,1,0
young,ADJ,47,0,0
such,ADJ,47,1,0
no,INTJ,47,1,0
Semprill,PROPN,47,0,1
under,ADP,46,1,0
next,ADJ,46,1,0
long,ADJ,46,0,0
live,VERB,46,0,0
remember,VERB,45,0,0
over,ADV,45,1,0
Church,PROPN,45,0,1
enough,ADV,45,1,0
half,DET,45,0,0
London,PROPN,45,0,1
large,ADJ,44,0,0
lose,VERB,44,0,0
start,VERB,44,0,0
question,NOUN,44,0,0
be,VERB,44,1,0
MR,PROPN,44,0,1
foot,NOUN,43,0,0
should,AUX,43,1,0
fire,NOUN,43,0,0
thought,NOUN,43,0,0
well,ADJ,43,1,0
have,VERB,42,0,0
water,NOUN,42,0,0
walk,VERB,42,0,0
town,NOUN,42,0,0
class,NOUN,42,0,0
together,ADV,42,1,0
till,SCONJ,42,0,0
CHARLIE,PROPN,42,0,1
six,NUM,41,1,0
heart,NOUN,41,0,0
black,ADJ,41,0,0
whole,ADJ,41,1,0
lot,NOUN,41,0,0
cold,ADJ,40,0,0
hardly,ADV,40,0,0
else,ADV,40,1,0
much,ADJ,40,1,0
themselves,PRON,40,1,0
please,INTJ,39,1,0
breakfast,NOUN,39,0,0
suppose,VERB,39,0,0
while,SCONJ,39,1,0
whether,SCONJ,39,1,0
TALLBOYS,PROPN,39,0,1
side,NOUN,38,1,0
window,NOUN,38,0,0
arm,NOUN,38,0,0
understand,VERB,38,0,0
however,ADV,37,1,0
forget,VERB,37,0,0
God,PROPN,37,0,1
spend,VERB,37,0,0
such,DET,37,1,0
yes,INTJ,37,0,0
need,VERB,37,0,0
etc,X,37,0,0
Knype,PROPN,36,0,1
Hill,PROPN,36,0,1
run,VERB,36,0,0
actually,ADV,36,0,0
other,NOUN,36,1,0
street,NOUN,36,0,0
dinner,NOUN,36,0,0
poor,ADJ,36,0,0
ginger,NOUN,36,0,0
work,VERB,35,0,0
Father,PROPN,35,0,1
send,VERB,35,0,0
prayer,NOUN,35,0,0
indeed,ADV,35,1,0
hold,VERB,35,0,0
speak,VERB,35,0,0
everything,PRON,35,1,0
world,NOUN,35,0,0
Pither,PROPN,35,0,1
possible,ADJ,34,0,0
fall,VERB,34,0,0
month,NOUN,34,0,0
about,ADV,34,1,0
himself,PRON,34,1,0
small,ADJ,34,0,0
certain,ADJ,34,0,0
bear,VERB,34,0,0
most,ADJ,34,1,0
down,ADV,34,1,0
Millborough,PROPN,34,0,1
teacher,NOUN,34,0,0
perish,VERB,34,0,0
daughter,NOUN,33,0,0
lie,VERB,33,0,0
table,NOUN,33,0,0
seven,NUM,33,0,0
clothe,NOUN,33,0,0
cup,NOUN,33,0,0
mcelligot,NOUN,33,0,0
soon,ADV,32,0,0
shop,NOUN,32,0,0
also,ADV,32,1,0
teach,VERB,32,0,0
evening,NOUN,32,0,0
Victor,PROPN,32,0,1
St,PROPN,31,0,1
number,NOUN,31,0,0
like,VERB,31,0,0
each,DET,31,1,0
many,ADJ,31,1,0
across,ADP,31,1,0
probably,ADV,31,0,0
of,ADV,31,1,0
expect,VERB,30,0,0
bill,NOUN,30,0,0
yourself,PRON,30,1,0
half,ADJ,30,0,0
boy,NOUN,30,0,0
front,NOUN,30,1,0
one,NOUN,30,1,0
so,SCONJ,30,1,0
story,NOUN,30,0,0
half,NOUN,30,0,0
tomorrow,NOUN,30,0,0
matter,NOUN,30,0,0
trouble,NOUN,30,0,0
at,ADV,30,1,0
most,ADV,30,1,0
carry,VERB,30,0,0
faith,NOUN,30,0,0
steal,VERB,30,0,0
no,ADV,29,1,0
draw,VERB,29,0,0
dark,ADJ,29,0,0
simply,ADV,29,0,0
brown,ADJ,29,0,0
open,ADJ,29,0,0
towards,ADP,29,1,0
eat,VERB,29,0,0
add,VERB,29,0,0
impossible,ADJ,29,0,0
nearly,ADV,29,0,0
food,NOUN,29,0,0
road,NOUN,29,0,0
course,ADV,29,0,0
learn,VERB,29,0,0
term,NOUN,29,0,0
Mary,PROPN,29,0,1
e,NOUN,28,0,0
up,ADV,28,1,0
Ellen,PROPN,28,0,1
hair,NOUN,28,0,0
less,ADJ,28,1,0
wear,VERB,28,0,0
manage,VERB,28,0,0
lead,VERB,28,0,0
nice,ADJ,28,0,0
everyone,PRON,28,1,0
chance,NOUN,28,0,0
rate,NOUN,28,0,0
dozen,NOUN,28,0,0
Square,PROPN,28,0,1
behind,ADP,27,1,0
glue,NOUN,27,0,0
mouth,NOUN,27,0,0
suddenly,ADV,27,0,0
air,NOUN,27,0,0
first,ADV,27,1,0
Sir,PROPN,27,0,1
help,VERB,27,0,0
wall,NOUN,27,0,0
home,ADV,27,0,0
already,ADV,27,1,0
sort,NOUN,27,0,0
history,NOUN,27,0,0
sleep,VERB,27,0,0
bin,NOUN,27,0,0
Lord,PROPN,26,0,1
round,ADJ,26,0,0
point,NOUN,26,0,0
tired,ADJ,26,0,0
bicycle,NOUN,26,0,0
ago,ADV,26,0,0
part,NOUN,26,1,0
among,ADP,26,1,0
during,ADP,26,1,0
before,ADV,26,1,0
penny,NOUN,26,0,0
whatever,DET,26,1,0
become,VERB,26,1,0
o,NOUN,26,0,0
camp,NOUN,26,0,0
only,ADJ,25,1,0
rest,NOUN,25,0,0
age,NOUN,25,0,0
right,ADV,25,0,0
effort,NOUN,25,0,0
shall,AUX,25,0,0
Sunday,PROPN,25,0,1
show,VERB,25,1,0
low,ADJ,25,0,0
joy,NOUN,25,0,0
mile,NOUN,25,0,0
feeling,NOUN,25,0,0
handwriting,NOUN,25,0,0
round,ADV,25,0,0
realize,VERB,25,0,0
later,ADV,25,0,0
piece,NOUN,25,0,0
case,NOUN,25,0,0
lesson,NOUN,25,0,0
smell,NOUN,24,0,0
several,ADJ,24,1,0
memory,NOUN,24,0,0
until,ADP,24,1,0
catch,VERB,24,0,0
difficulty,NOUN,24,0,0
dear,ADJ,24,0,0
buy,VERB,24,0,0
full,ADJ,24,1,0
right,ADJ,24,0,0
shilling,NOUN,24,0,0
least,ADJ,24,1,0
sometimes,ADV,24,1,0
hot,ADJ,24,0,0
subject,NOUN,24,0,0
within,ADP,24,1,0
teaching,NOUN,24,0,0
repeat,VERB,23,0,0
chair,NOUN,23,0,0
Proggett,PROPN,23,0,1
move,VERB,23,1,0
happy,ADJ,23,0,0
hold,NOUN,23,0,0
drop,VERB,23,0,0
finally,ADV,23,0,0
idea,NOUN,23,0,0
picking,NOUN,23,0,0
de,X,23,0,0
straw,NOUN,23,0,0
noise,NOUN,22,0,0
reach,VERB,22,0,0
fill,VERB,22,0,0
usual,ADJ,22,0,0
eight,NUM,22,1,0
ready,ADJ,22,0,0
dare,VERB,22,0,0
gate,NOUN,22,0,0
explain,VERB,22,0,0
Mayfill,PROPN,22,0,1
nor,CCONJ,22,1,0
lay,VERB,22,0,0
open,VERB,22,0,0
jackboot,NOUN,22,0,0
farm,NOUN,22,0,0
exactly,ADV,22,0,0
enough,ADJ,22,1,0
meet,VERB,22,0,0
kid,NOUN,22,0,0
sense,NOUN,22,0,0
on,ADV,22,1,0
afternoon,NOUN,22,0,0
asleep,ADJ,22,0,0
sleep,NOUN,22,0,0
newspaper,NOUN,22,0,0
Charlie,PROPN,22,0,1
bin,PROPN,22,0,1
willy,ADV,22,0,0
library,NOUN,22,0,0
struggle,VERB,21,0,0
round,VERB,21,0,0
real,ADJ,21,0,0
Cargill,PROPN,21,0,1
dreadful,ADJ,21,0,0
decide,VERB,21,0,0
throw,VERB,21,0,0
discover,VERB,21,0,0
Heaven,PROPN,21,0,1
lip,NOUN,21,0,0
one,PRON,21,1,0
tear,VERB,21,0,0
afraid,ADJ,21,0,0
dirty,ADJ,21,0,0
listen,VERB,21,0,0
sight,NOUN,21,0,0
instead,ADV,21,0,0
stay,VERB,21,0,0
field,NOUN,21,0,0
hut,NOUN,21,0,0
SNOUTER,PROPN,21,0,1
mother,NOUN,20,0,0
thin,ADJ,20,0,0
wait,VERB,20,0,0
shoulder,NOUN,20,0,0
wish,VERB,20,0,0
bell,NOUN,20,0,0
immediately,ADV,20,0,0
state,NOUN,20,0,0
finish,VERB,20,0,0
imagine,VERB,20,0,0
sure,ADJ,20,0,0
break,VERB,20,0,0
back,NOUN,20,1,0
horrible,ADJ,20,0,0
bread,NOUN,20,0,0
absolutely,ADV,20,0,0
conversation,NOUN,20,0,0
change,VERB,20,0,0
arithmetic,ADJ,20,0,0
warm,ADJ,20,0,0
pair,NOUN,20,0,0
scandal,NOUN,20,0,0
matter,VERB,20,0,0
beg,VERB,20,0,0
bleed,VERB,20,0,0
wake,VERB,19,0,0
body,NOUN,19,0,0
list,NOUN,19,0,0
stuff,NOUN,19,0,0
strong,ADJ,19,0,0
red,ADJ,19,0,0
corner,NOUN,19,0,0
empty,ADJ,19,1,0
beyond,ADP,19,1,0
hat,NOUN,19,0,0
remain,VERB,19,0,0
purpose,NOUN,19,0,0
strike,VERB,19,0,0
lady,NOUN,19,0,0
nine,NUM,19,1,0
wife,NOUN,19,0,0
marry,VERB,19,0,0
merely,ADV,19,0,0
true,ADJ,19,0,0
sun,NOUN,19,0,0
play,NOUN,19,0,0
less,ADV,19,1,0
appear,VERB,19,0,0
village,NOUN,19,0,0
private,ADJ,19,0,0
Thomas,PROPN,19,0,1
ear,NOUN,18,0,0
any,ADV,18,1,0
half,ADV,18,0,0
kitchen,NOUN,18,0,0
drive,VERB,18,0,0
cut,VERB,18,0,0
pot,NOUN,18,0,0
new,ADJ,18,0,0
worry,VERB,18,0,0
since,SCONJ,18,1,0
meaning,NOUN,18,0,0
sound,NOUN,18,0,0
knee,NOUN,18,0,0
Blifil,PROPN,18,0,1
Gordon,PROPN,18,0,1
business,NOUN,18,0,0
waste,VERB,18,0,0
play,VERB,18,0,0
ought,AUX,18,0,0
hundred,NUM,18,1,0
Hell,PROPN,18,0,1
car,NOUN,18,0,0
leg,NOUN,18,0,0
proper,ADJ,18,0,0
Girl,PROPN,18,0,1
chant,VERB,18,0,0
bench,NOUN,18,0,0
answer,VERB,18,0,0
train,NOUN,18,0,0
WAYNE,PROPN,18,0,1
Ringwood,PROPN,18,0,1
House,PROPN,18,0,1
order,NOUN,17,0,0
therefore,ADV,17,1,0
boil,VERB,17,0,0
heavy,ADJ,17,0,0
reason,NOUN,17,0,0
certainly,ADV,17,0,0
pray,VERB,17,0,0
cold,NOUN,17,0,0
service,NOUN,17,0,0
clear,ADJ,17,0,0
friend,NOUN,17,0,0
whose,DET,17,1,0
different,ADJ,17,0,0
grasp,VERB,17,0,0
high,ADJ,17,0,0
thousand,NUM,17,0,0
near,ADP,17,0,0
bacon,NOUN,17,0,0
settle,VERB,17,0,0
past,ADJ,17,0,0
aware,ADJ,17,0,0
wage,NOUN,17,0,0
meal,NOUN,17,0,0
afterwards,ADV,17,1,0
escape,VERB,17,0,0
free,ADJ,17,0,0
sudden,ADJ,17,0,0
strange,ADJ,17,0,0
thank,VERB,17,0,0
DOROTHY,PROPN,17,0,1
hard,ADJ,17,0,0
Flo,PROPN,17,0,1
bine,NOUN,17,0,0
second,ADJ,16,0,0
nasty,ADJ,16,0,0
whom,PRON,16,1,0
baby,NOUN,16,0,0
quarter,NOUN,16,0,0
beneath,ADP,16,0,0
cheap,ADJ,16,0,0
sky,NOUN,16,0,0
song,NOUN,16,0,0
glass,NOUN,16,0,0
in,ADV,16,1,0
raise,VERB,16,0,0
itself,PRON,16,1,0
strip,NOUN,16,0,0
somehow,ADV,16,1,0
green,ADJ,16,0,0
instant,NOUN,16,0,0
face,VERB,16,0,0
twelve,NUM,16,1,0
easy,ADJ,16,0,0
soul,NOUN,16,0,0
pretend,VERB,16,0,0
debt,NOUN,16,0,0
surely,ADV,16,0,0
able,ADJ,16,0,0
past,NOUN,16,0,0
belief,NOUN,16,0,0
future,NOUN,16,0,0
youth,NOUN,16,0,0
public,ADJ,16,0,0
tonight,NOUN,16,0,0
third,ADJ,16,1,0
watch,VERB,16,0,0
sheet,NOUN,16,0,0
map,NOUN,16,0,0
nature,NOUN,16,0,0
copy,NOUN,16,0,0
potato,NOUN,16,0,0
presently,ADV,16,0,0
answer,NOUN,16,0,0
bushel,NOUN,16,0,0
apple,NOUN,16,0,0
arrive,VERB,16,0,0
BENDIGO,PROPN,16,0,1
person,NOUN,15,0,0
floor,NOUN,15,0,0
light,VERB,15,0,0
light,NOUN,15,0,0
pale,ADJ,15,0,0
egg,NOUN,15,0,0
hope,NOUN,15,0,0
out,ADV,15,1,0
stick,VERB,15,0,0
altar,NOUN,15,0,0
priest,NOUN,15,0,0
England,PROPN,15,0,1
though,ADV,15,1,0
earth,NOUN,15,0,0
dear,NOUN,15,0,0
ground,NOUN,15,0,0
garden,NOUN,15,0,0
blue,ADJ,15,0,0
while,NOUN,15,1,0
change,NOUN,15,0,0
wonder,VERB,15,0,0
thirty,NUM,15,0,0
look,NOUN,15,0,0
allow,VERB,15,0,0
cousin,NOUN,15,0,0
fresh,ADJ,15,0,0
rid,VERB,15,0,0
round,NOUN,15,0,0
hope,VERB,15,0,0
cry,VERB,15,0,0
both,DET,15,1,0
position,NOUN,15,0,0
cook,VERB,15,0,0
ad,NOUN,15,0,0
Pippin,PROPN,15,0,1
Weekly,PROPN,15,0,1
Strong,PROPN,15,0,1
movement,NOUN,14,0,0
dust,NOUN,14,0,0
pocket,NOUN,14,0,0
visit,VERB,14,0,0
cross,VERB,14,0,0
flower,NOUN,14,0,0
tin,NOUN,14,0,0
big,ADJ,14,0,0
necessary,ADJ,14,0,0
front,ADJ,14,1,0
narrow,ADJ,14,0,0
tree,NOUN,14,0,0
finger,NOUN,14,0,0
choose,VERB,14,0,0
deep,ADJ,14,0,0
country,NOUN,14,0,0
High,PROPN,14,0,1
Street,PROPN,14,0,1
cottage,NOUN,14,0,0
follow,VERB,14,0,0
angry,ADJ,14,0,0
parish,PROPN,14,0,1
existence,NOUN,14,0,0
naturally,ADV,14,0,0
enormous,ADJ,14,0,0
monstrous,ADJ,14,0,0
sell,VERB,14,0,0
miserable,ADJ,14,0,0
exist,VERB,14,0,0
kipper,NOUN,14,0,0
fond,ADJ,14,0,0
fee,NOUN,14,0,0
instance,NOUN,14,0,0
along,ADP,14,1,0
horse,NOUN,14,0,0
pull,VERB,14,0,0
pin,VERB,14,0,0
sack,NOUN,14,0,0
wind,NOUN,14,0,0
policeman,NOUN,14,0,0
m,VERB,14,0,0
bendigo,NOUN,14,0,0
clock,NOUN,13,0,0
shut,VERB,13,0,0
Hare,PROPN,13,0,1
Charles,PROPN,13,0,1
Athelstan,PROPN,13,0,1
bone,NOUN,13,0,0
very,ADJ,13,1,0
decent,ADJ,13,0,0
thick,ADJ,13,0,0
expression,NOUN,13,0,0
tooth,NOUN,13,0,0
after,ADV,13,1,0
hang,VERB,13,0,0
knock,VERB,13,0,0
white,ADJ,13,0,0
Holy,PROPN,13,0,1
use,NOUN,13,0,0
pink,ADJ,13,0,0
early,ADV,13,0,0
wet,ADJ,13,0,0
scent,NOUN,13,0,0
congregation,NOUN,13,0,0
roof,NOUN,13,0,0
serve,VERB,13,0,0
short,ADJ,13,0,0
overcoat,NOUN,13,0,0
blood,NOUN,13,0,0
coffee,NOUN,13,0,0
somebody,PRON,13,0,0
interest,NOUN,13,0,0
moreover,ADV,13,1,0
sink,VERB,13,0,0
dish,NOUN,13,0,0
family,NOUN,13,0,0
difficult,ADJ,13,0,0
couple,NOUN,13,0,0
Kent,PROPN,13,0,1
clergyman,NOUN,13,0,0
die,VERB,13,0,0
care,VERB,13,0,0
catholic,ADJ,13,0,0
common,ADJ,13,0,0
may,AUX,13,1,0
mere,ADJ,13,0,0
fifty,NUM,13,1,0
Christmas,PROPN,13,0,1
fail,VERB,13,0,0
tear,NOUN,13,0,0
crown,NOUN,13,0,0
pile,NOUN,13,0,0
box,NOUN,13,0,0
photograph,NOUN,13,0,0
breastplate,NOUN,13,0,0
page,NOUN,13,0,0
manner,NOUN,13,0,0
wood,NOUN,13,0,0
fear,NOUN,13,0,0
situation,NOUN,13,0,0
tart,NOUN,13,0,0
ave,VERB,13,0,0
hunger,NOUN,13,0,0
set,NOUN,13,0,0
measurer,NOUN,13,0,0
Blyth,PROPN,13,0,1
desk,NOUN,13,0,0
pity,NOUN,12,0,0
kneel,VERB,12,0,0
past,ADP,12,0,0
supper,NOUN,12,0,0
forward,ADV,12,0,0
owe,VERB,12,0,0
sermon,NOUN,12,0,0
dry,VERB,12,0,0
nose,NOUN,12,0,0
tiny,ADJ,12,0,0
deadly,ADJ,12,0,0
late,ADV,12,0,0
dull,ADJ,12,0,0
Communion,PROPN,12,0,1
grass,NOUN,12,0,0
distance,NOUN,12,0,0
ride,VERB,12,0,0
vast,ADJ,12,0,0
beside,ADP,12,1,0
colour,VERB,12,0,0
forty,NUM,12,1,0
press,VERB,12,0,0
middle,NOUN,12,0,0
notice,NOUN,12,0,0
need,NOUN,12,0,0
glance,NOUN,12,0,0
marmalade,NOUN,12,0,0
ah,INTJ,12,0,0
what,DET,12,1,0
entirely,ADV,12,0,0
particularly,ADV,12,0,0
pleasure,NOUN,12,0,0
exclaim,VERB,12,0,0
pinch,VERB,12,0,0
remind,VERB,12,0,0
possibly,ADV,12,0,0
anyone,PRON,12,1,0
practically,ADV,12,0,0
religious,ADJ,12,0,0
bottle,NOUN,12,0,0
procession,NOUN,12,0,0
shake,VERB,12,0,0
often,ADV,12,1,0
human,ADJ,12,0,0
music,NOUN,12,0,0
vague,ADJ,12,0,0
burn,VERB,12,0,0
Mothers,PROPN,12,0,1
direction,NOUN,12,0,0
top,NOUN,12,1,0
mind,VERB,12,0,0
kiss,VERB,12,0,0
dirt,NOUN,12,0,0
busy,ADJ,12,0,0
notion,NOUN,12,0,0
knowledge,NOUN,12,0,0
Road,PROPN,12,0,1
fifteen,NUM,12,1,0
hopfield,NOUN,12,0,0
McElligot,PROPN,12,0,1
note,NOUN,12,0,0
Mavis,PROPN,12,0,1
aged,ADJ,11,0,0
bath,NOUN,11,0,0
hard,ADV,11,0,0
slowly,ADV,11,0,0
rheumatism,NOUN,11,0,0
Rectory,PROPN,11,0,1
coal,NOUN,11,0,0
neck,NOUN,11,0,0
coat,NOUN,11,0,0
shoe,NOUN,11,0,0
single,ADJ,11,0,0
succeed,VERB,11,0,0
pin,NOUN,11,0,0
laugh,VERB,11,0,0
inside,ADP,11,0,0
o,INTJ,11,0,0
leaf,NOUN,11,0,0
curious,ADJ,11,0,0
spite,NOUN,11,0,0
poster,NOUN,11,0,0
fairly,ADV,11,0,0
news,NOUN,11,0,0
curate,NOUN,11,0,0
natural,ADJ,11,0,0
son,NOUN,11,0,0
end,VERB,11,0,0
remark,NOUN,11,0,0
wretched,ADJ,11,0,0
fair,ADJ,11,0,0
organ,NOUN,11,0,0
belly,NOUN,11,0,0
disgusting,ADJ,11,0,0
save,VERB,11,0,0
halfpenny,NOUN,11,0,0
nonsense,NOUN,11,0,0
habit,NOUN,11,0,0
sausage,NOUN,11,0,0
sum,NOUN,11,0,0
Union,PROPN,11,0,1
halt,VERB,11,0,0
bastard,NOUN,11,0,0
produce,VERB,11,0,0
somewhere,ADV,11,1,0
farmer,NOUN,11,0,0
turn,NOUN,11,0,0
willing,ADJ,11,0,0
singing,NOUN,11,0,0
return,VERB,11,0,0
being,NOUN,11,1,0
utterly,ADV,11,0,0
gypsy,NOUN,11,0,0
holiday,NOUN,11,0,0
starve,VERB,11,0,0
Deafie,PROPN,11,0,1
schoolroom,NOUN,11,0,0
George,PROPN,10,0,1
continue,VERB,10,0,0
self,NOUN,10,0,0
yesterday,NOUN,10,0,0
afford,VERB,10,0,0
fine,ADJ,10,0,0
either,CCONJ,10,1,0
dimly,ADV,10,0,0
belfry,NOUN,10,0,0
boot,NOUN,10,0,0
peculiar,ADJ,10,0,0
head,VERB,10,0,0
outside,ADV,10,0,0
phrase,NOUN,10,0,0
drink,VERB,10,0,0
slip,VERB,10,0,0
utter,VERB,10,0,0
pain,NOUN,10,0,0
attempt,VERB,10,0,0
collect,VERB,10,0,0
dead,ADJ,10,0,0
accept,VERB,10,0,0
early,ADJ,10,0,0
hungry,ADJ,10,0,0
uncomfortable,ADJ,10,0,0
especially,ADV,10,0,0
secret,NOUN,10,0,0
parish,NOUN,10,0,0
perfectly,ADV,10,0,0
outside,ADP,10,0,0
seriously,ADV,10,0,0
hat,VERB,10,0,0
Roman,PROPN,10,0,1
meanwhile,ADV,10,1,0
likely,ADJ,10,0,0
courage,NOUN,10,0,0
carefully,ADV,10,0,0
instantly,ADV,10,0,0
smoke,NOUN,10,0,0
fourpence,NOUN,10,0,0
vanish,VERB,10,0,0
period,NOUN,10,0,0
handle,NOUN,10,0,0
lamp,NOUN,10,0,0
cow,NOUN,10,0,0
difference,NOUN,10,0,0
alone,ADV,10,1,0
deliver,VERB,10,0,0
visit,NOUN,10,0,0
line,NOUN,10,0,0
march,VERB,10,0,0
luck,NOUN,10,0,0
action,NOUN,10,0,0
Bewley,PROPN,10,0,1
dash,VERB,10,0,0
easily,ADV,10,0,0
notice,VERB,10,0,0
stream,NOUN,10,0,0
altogether,ADV,10,0,0
shame,NOUN,10,0,0
properly,ADV,10,0,0
worship,NOUN,10,0,0
conservatory,NOUN,10,0,0
enter,VERB,10,0,0
deal,VERB,10,0,0
game,NOUN,10,0,0
hop,VERB,10,0,0
taxi,NOUN,10,0,0
glad,ADJ,10,0,0
scrap,NOUN,10,0,0
twopence,NOUN,10,0,0
police,NOUN,10,0,0
drag,VERB,10,0,0
tune,NOUN,10,0,0
er,INTJ,10,0,0
earn,VERB,10,0,0
shove,VERB,10,0,0
board,NOUN,10,0,0
Michael,PROPN,10,0,1
picture,NOUN,10,0,0
pupil,NOUN,10,0,0
Shakespeare,PROPN,10,0,1
dream,NOUN,9,0,0
usually,ADV,9,0,0
servant,NOUN,9,0,0
weak,ADJ,9,0,0
plain,ADJ,9,0,0
butcher,NOUN,9,0,0
today,NOUN,9,0,0
gold,NOUN,9,0,0
dress,VERB,9,0,0
past,ADV,9,0,0
rise,VERB,9,0,0
barely,ADV,9,0,0
death,NOUN,9,0,0
grey,ADJ,9,0,0
dry,ADJ,9,0,0
row,NOUN,9,0,0
useless,ADJ,9,0,0
thumb,NOUN,9,0,0
fade,VERB,9,0,0
love,NOUN,9,0,0
winter,NOUN,9,0,0
sugar,NOUN,9,0,0
bar,NOUN,9,0,0
hide,VERB,9,0,0
account,NOUN,9,0,0
none,NOUN,9,1,0
unless,SCONJ,9,1,0
obvious,ADJ,9,0,0
near,ADJ,9,0,0
parson,NOUN,9,0,0
temper,NOUN,9,0,0
attitude,NOUN,9,0,0
nowadays,ADV,9,0,0
own,VERB,9,1,0
roman,ADJ,9,0,0
bag,NOUN,9,0,0
forth,ADV,9,0,0
costume,NOUN,9,0,0
sack,VERB,9,0,0
tall,ADJ,9,0,0
ashamed,ADJ,9,0,0
share,NOUN,9,0,0
shape,NOUN,9,0,0
fight,VERB,9,0,0
comfortable,ADJ,9,0,0
example,NOUN,9,0,0
refuse,VERB,9,0,0
fortnight,NOUN,9,0,0
count,VERB,9,0,0
beautiful,ADJ,9,0,0
friendly,ADJ,9,0,0
vaguely,ADV,9,0,0
above,ADP,9,1,0
fly,VERB,9,0,0
crowd,NOUN,9,0,0
interesting,ADJ,9,0,0
truth,NOUN,9,0,0
quite,DET,9,1,0
scene,NOUN,9,0,0
besides,ADV,9,1,0
doubt,ADV,9,0,0
libel,NOUN,9,0,0
husband,NOUN,9,0,0
argument,NOUN,9,0,0
sewing,NOUN,9,0,0
like,ADJ,9,0,0
folk,NOUN,9,0,0
double,ADJ,9,0,0
dim,ADJ,9,0,0
dog,NOUN,9,0,0
brain,NOUN,9,0,0
particular,ADJ,9,0,0
milk,NOUN,9,0,0
ignorance,NOUN,9,0,0
alone,ADJ,9,1,0
perceive,VERB,9,0,0
miss,VERB,9,0,0
breast,NOUN,9,0,0
disappear,VERB,9,0,0
cockney,NOUN,9,0,0
wid,VERB,9,0,0
stir,VERB,9,0,0
Cairns,PROPN,9,0,1
anxious,ADJ,9,0,0
curse,VERB,9,0,0
doubt,NOUN,9,0,0
desperate,ADJ,9,0,0
DEAFIE,PROPN,9,0,1
drum,NOUN,9,0,0
KIKE,PROPN,9,0,1
Jesus,PROPN,9,0,1
sod,NOUN,9,0,0
NOSY,PROPN,9,0,1
WATSON,PROPN,9,0,1
geography,NOUN,9,0,0
fourth,ADJ,9,0,0
Prayer,PROPN,8,0,1
either,DET,8,1,0
candle,NOUN,8,0,0
perpetually,ADV,8,0,0
once,SCONJ,8,1,0
horribly,ADV,8,0,0
intend,VERB,8,0,0
order,VERB,8,0,0
luncheon,NOUN,8,0,0
yard,NOUN,8,0,0
middle,ADJ,8,0,0
nevertheless,ADV,8,1,0
left,ADJ,8,0,0
disagreeable,ADJ,8,0,0
can,NOUN,8,1,0
sound,VERB,8,0,0
study,NOUN,8,0,0
besides,SCONJ,8,1,0
wheel,VERB,8,0,0
mist,NOUN,8,0,0
ring,VERB,8,0,0
cassock,NOUN,8,0,0
stone,NOUN,8,0,0
mark,VERB,8,0,0
push,VERB,8,0,0
duty,NOUN,8,0,0
wander,VERB,8,0,0
oblige,VERB,8,0,0
wooden,ADJ,8,0,0
creature,NOUN,8,0,0
extraordinary,ADJ,8,0,0
bitter,ADJ,8,0,0
meaningless,ADJ,8,0,0
cloud,NOUN,8,0,0
worth,ADJ,8,0,0
summer,NOUN,8,0,0
respectable,ADJ,8,0,0
Conservative,PROPN,8,0,1
present,ADJ,8,0,0
eleven,NUM,8,1,0
warm,VERB,8,0,0
suffer,VERB,8,0,0
sword,NOUN,8,0,0
ill,ADJ,8,0,0
century,NOUN,8,0,0
rich,ADJ,8,0,0
Catholic,PROPN,8,0,1
effect,NOUN,8,0,0
obviously,ADV,8,0,0
talk,NOUN,8,0,0
School,PROPN,8,0,1
armour,NOUN,8,0,0
jumble,ADJ,8,0,0
sale,NOUN,8,0,0
evil,NOUN,8,0,0
further,ADJ,8,1,0
important,ADJ,8,0,0
apparently,ADV,8,0,0
tradesman,NOUN,8,0,0
float,VERB,8,0,0
post,NOUN,8,0,0
treat,VERB,8,0,0
present,NOUN,8,0,0
serious,ADJ,8,1,0
meat,NOUN,8,0,0
amid,ADP,8,0,0
trust,VERB,8,0,0
success,NOUN,8,0,0
special,ADJ,8,0,0
pavement,NOUN,8,0,0
backwards,ADV,8,0,0
meeting,NOUN,8,0,0
enjoy,VERB,8,0,0
neighbourhood,NOUN,8,0,0
drunk,ADJ,8,0,0
drink,NOUN,8,0,0
cat,NOUN,8,0,0
heat,NOUN,8,0,0
regular,ADJ,8,0,0
Guides,PROPN,8,0,1
dreary,ADJ,8,0,0
dig,VERB,8,0,0
bedroom,NOUN,8,0,0
grave,NOUN,8,0,0
stage,NOUN,8,0,0
iron,NOUN,8,0,0
bundle,NOUN,8,0,0
sharp,ADJ,8,0,0
wash,VERB,8,0,0
partly,ADV,8,0,0
fun,NOUN,8,0,0
admit,VERB,8,0,0
anyway,ADV,8,1,0
invent,VERB,8,0,0
trouser,NOUN,8,0,0
arrange,VERB,8,0,0
occasion,NOUN,8,0,0
clearly,ADV,8,0,0
capital,NOUN,8,0,0
straight,ADV,8,0,0
midnight,NOUN,8,0,0
degree,NOUN,8,0,0
animal,NOUN,8,0,0
copper,NOUN,8,0,0
nail,NOUN,8,0,0
blow,VERB,8,0,0
ole,ADJ,8,0,0
Ere,PROPN,8,0,1
poke,NOUN,8,0,0
routine,NOUN,8,0,0
Saturday,PROPN,8,0,1
type,NOUN,8,0,0
French,PROPN,8,0,1
fag,NOUN,8,0,0
lecture,NOUN,8,0,0
Southbridge,PROPN,8,0,1
Boulger,PROPN,8,0,1
payer,NOUN,8,0,0
broom,NOUN,8,0,0
Beaver,PROPN,8,0,1
chest,NOUN,7,0,0
darkness,NOUN,7,0,0
thereabout,NOUN,7,0,0
seize,VERB,7,0,0
August,PROPN,7,0,1
damp,ADJ,7,0,0
plaster,NOUN,7,0,0
upstairs,ADV,7,0,0
tap,NOUN,7,0,0
step,VERB,7,0,0
memo,NOUN,7,0,0
deep,ADV,7,0,0
mark,NOUN,7,0,0
physical,ADJ,7,0,0
ugly,ADJ,7,0,0
consciousness,NOUN,7,0,0
mount,VERB,7,0,0
figure,NOUN,7,0,0
stocking,NOUN,7,0,0
Thee,PROPN,7,0,1
clean,ADJ,7,0,0
ancient,ADJ,7,0,0
bare,ADJ,7,0,0
penance,NOUN,7,0,0
sin,NOUN,7,0,0
practise,VERB,7,0,0
curiously,ADV,7,0,0
huge,ADJ,7,0,0
interval,NOUN,7,0,0
creep,VERB,7,0,0
step,NOUN,7,0,0
yellow,ADJ,7,0,0
murmur,VERB,7,0,0
de,NOUN,7,0,0
descend,VERB,7,0,0
second,NOUN,7,0,0
inhabitant,NOUN,7,0,0
Club,PROPN,7,0,1
fully,ADV,7,0,0
Tea,PROPN,7,0,1
wrong,ADJ,7,0,0
autumn,NOUN,7,0,0
like,INTJ,7,0,0
badly,ADV,7,0,0
impression,NOUN,7,0,0
occasionally,ADV,7,0,0
modern,ADJ,7,0,0
atmosphere,NOUN,7,0,0
poverty,NOUN,7,0,0
secret,ADJ,7,0,0
preach,VERB,7,0,0
occur,VERB,7,0,0
party,NOUN,7,0,0
anglo,ADJ,7,0,0
simple,ADJ,7,0,0
wit,NOUN,7,0,0
Wedekind,PROPN,7,0,1
fit,NOUN,7,0,0
back,ADJ,7,1,0
remove,VERB,7,0,0
attempt,NOUN,7,0,0
pageant,NOUN,7,0,0
Porter,PROPN,7,0,1
cruel,ADJ,7,0,0
detail,NOUN,7,0,0
pause,VERB,7,0,0
household,NOUN,7,0,0
attention,NOUN,7,0,0
thank,NOUN,7,0,0
haunt,VERB,7,0,0
vulgar,ADJ,7,0,0
circumstance,NOUN,7,0,0
argue,VERB,7,0,0
prospect,NOUN,7,0,0
mental,ADJ,7,0,0
omelette,NOUN,7,0,0
hymn,NOUN,7,0,0
rag,NOUN,7,0,0
collapse,VERB,7,0,0
smile,VERB,7,0,0
problem,NOUN,7,0,0
hurry,VERB,7,0,0
lane,NOUN,7,0,0
exchange,VERB,7,0,0
general,ADJ,7,0,0
evil,ADJ,7,0,0
forgive,VERB,7,0,0
pious,ADJ,7,0,0
understanding,NOUN,7,0,0
christian,ADJ,7,0,0
Freeman,PROPN,7,0,1
consider,VERB,7,0,0
lie,NOUN,7,0,0
energy,NOUN,7,0,0
penetrate,VERB,7,0,0
stew,VERB,7,0,0
join,VERB,7,0,0
experience,NOUN,7,0,0
capable,ADJ,7,0,0
vision,NOUN,7,0,0
hedge,NOUN,7,0,0
swell,VERB,7,0,0
machine,NOUN,7,0,0
Percy,PROPN,7,0,1
tone,NOUN,7,0,0
slight,ADJ,7,0,0
Times,PROPN,7,0,1
fear,VERB,7,0,0
myself,PRON,7,1,0
somewhat,ADV,7,0,0
surprise,NOUN,7,0,0
fro,VERB,7,0,0
occupy,VERB,7,0,0
arrest,VERB,7,0,0
mulligatawny,NOUN,7,0,0
accent,NOUN,7,0,0
tap,VERB,7,0,0
kip,NOUN,7,0,0
share,VERB,7,0,0
sprawl,VERB,7,0,0
Trafalgar,PROPN,7,0,1
pack,VERB,7,0,0
skipper,VERB,7,0,0
useful,ADJ,7,0,0
silly,ADJ,7,0,0
plantation,NOUN,7,0,0
bunch,NOUN,7,0,0
greatly,ADV,7,0,0
name,VERB,7,0,0
stamp,VERB,7,0,0
satisfied,ADJ,7,0,0
Turles,PROPN,7,0,1
doughnut,NOUN,7,0,0
nobody,PRON,7,1,0
reader,NOUN,7,0,0
packet,NOUN,7,0,0
relief,NOUN,7,0,0
address,NOUN,7,0,0
suburb,NOUN,7,0,0
french,ADJ,7,0,0
English,PROPN,7,0,1
Daddy,PROPN,7,0,1
seat,NOUN,7,0,0
Wilkins,PROPN,7,0,1
POLICEMAN,PROPN,7,0,1
deal,NOUN,7,0,0
solicitor,NOUN,7,0,0
schoolmistress,NOUN,7,0,0
prospectus,NOUN,7,0,0
pothook,NOUN,7,0,0
practical,ADJ,7,0,0
drawer,NOUN,6,0,0
wrench,VERB,6,0,0
start,NOUN,6,0,0
ache,VERB,6,0,0
cause,VERB,6,0,0
bury,VERB,6,0,0
fatigue,NOUN,6,0,0
sharply,ADV,6,0,0
precisely,ADV,6,0,0
passage,NOUN,6,0,0
ash,NOUN,6,0,0
beast,NOUN,6,0,0
fast,ADV,6,0,0
regard,VERB,6,1,0
rule,NOUN,6,0,0
lean,VERB,6,0,0
Daily,PROPN,6,0,1
awful,ADJ,6,0,0
pang,NOUN,6,0,0
bright,ADJ,6,0,0
false,ADJ,6,0,0
sorry,ADJ,6,0,0
sodden,ADJ,6,0,0
dew,NOUN,6,0,0
silent,ADJ,6,0,0
jump,VERB,6,0,0
ragged,ADJ,6,0,0
despise,VERB,6,0,0
flow,VERB,6,0,0
upwards,ADV,6,0,0
silk,NOUN,6,0,0
but,SCONJ,6,1,0
right,NOUN,6,0,0
tongue,NOUN,6,0,0
power,NOUN,6,0,0
momentary,ADJ,6,0,0
peace,NOUN,6,0,0
gaze,VERB,6,0,0
insist,VERB,6,0,0
your,NOUN,6,1,0
constantly,ADV,6,0,0
spring,NOUN,6,0,0
election,NOUN,6,0,0
envelope,NOUN,6,0,0
conscious,ADJ,6,0,0
steel,NOUN,6,0,0
I,PROPN,6,1,1
late,ADJ,6,0,0
promise,VERB,6,0,0
fry,VERB,6,0,0
remote,ADJ,6,0,0
touch,VERB,6,0,0
dwindle,VERB,6,0,0
perpetual,ADJ,6,0,0
extra,ADJ,6,0,0
complete,ADJ,6,0,0
silence,NOUN,6,0,0
point,VERB,6,0,0
generally,ADV,6,0,0
plate,NOUN,6,0,0
sake,NOUN,6,0,0
previous,ADJ,6,0,0
final,ADJ,6,0,0
fund,NOUN,6,0,0
interested,ADJ,6,0,0
promptly,ADV,6,0,0
pipe,NOUN,6,0,0
investment,NOUN,6,0,0
joint,NOUN,6,0,0
blame,VERB,6,0,0
loss,NOUN,6,0,0
sixty,NUM,6,1,0
advise,VERB,6,0,0
gradually,ADV,6,0,0
touch,NOUN,6,0,0
midday,NOUN,6,0,0
uncomfortably,ADV,6,0,0
pile,VERB,6,0,0
fish,NOUN,6,0,0
careful,ADJ,6,0,0
twice,ADV,6,0,0
chicken,NOUN,6,0,0
piety,NOUN,6,0,0
suit,NOUN,6,0,0
smile,NOUN,6,0,0
recognize,VERB,6,0,0
daily,ADJ,6,0,0
din,NOUN,6,0,0
evidently,ADV,6,0,0
innumerable,ADJ,6,0,0
occasional,ADJ,6,0,0
Jove,PROPN,6,0,1
pinch,NOUN,6,0,0
create,VERB,6,0,0
appearance,NOUN,6,0,0
bald,ADJ,6,0,0
hag,NOUN,6,0,0
star,VERB,6,0,0
guide,NOUN,6,0,0
violently,ADV,6,0,0
someone,PRON,6,1,0
Molly,PROPN,6,0,1
quiet,ADJ,6,0,0
bank,NOUN,6,0,0
dress,NOUN,6,0,0
conception,NOUN,6,0,0
tale,NOUN,6,0,0
ceaseless,NOUN,6,0,0
seventy,NUM,6,0,0
sink,NOUN,6,0,0
rub,VERB,6,0,0
sea,NOUN,6,0,0
trail,VERB,6,0,0
bird,NOUN,6,0,0
Cut,PROPN,6,0,1
off,ADV,6,1,0
Oliver,PROPN,6,0,1
Cromwell,PROPN,6,0,1
shout,VERB,6,0,0
amount,NOUN,6,1,0
swallow,VERB,6,0,0
fearful,ADJ,6,0,0
pea,NOUN,6,0,0
sick,ADJ,6,0,0
excellent,ADJ,6,0,0
vestment,NOUN,6,0,0
alive,ADJ,6,0,0
incense,NOUN,6,0,0
art,NOUN,6,0,0
wither,VERB,6,0,0
spirit,NOUN,6,0,0
favourite,ADJ,6,0,0
prevent,VERB,6,0,0
various,ADJ,6,1,0
novel,NOUN,6,0,0
neat,ADJ,6,0,0
cover,VERB,6,0,0
normal,ADJ,6,0,0
cheek,NOUN,6,0,0
freeze,VERB,6,0,0
satyr,NOUN,6,0,0
shape,VERB,6,0,0
rag,VERB,6,0,0
beach,NOUN,6,0,0
station,NOUN,6,0,0
orchard,NOUN,6,0,0
harden,VERB,6,0,0
inner,ADJ,6,0,0
breed,VERB,6,0,0
incapable,ADJ,6,0,0
tramp,NOUN,6,0,0
cripe,NOUN,6,0,0
got,VERB,6,0,0
eh,INTJ,6,0,0
ole,NOUN,6,0,0
alley,NOUN,6,0,0
bottom,NOUN,6,1,0
blanket,NOUN,6,0,0
emerge,VERB,6,0,0
costerwoman,NOUN,6,0,0
laughter,NOUN,6,0,0
painful,ADJ,6,0,0
ere,PROPN,6,0,1
dan,NOUN,6,0,0
cing,NOUN,6,0,0
season,NOUN,6,0,0
fare,NOUN,6,0,0
saucepan,NOUN,6,0,0
ill,ADV,6,0,0
oo,NOUN,6,0,0
nerve,NOUN,6,0,0
plenty,NOUN,6,0,0
anybody,PRON,6,0,0
landlady,NOUN,6,0,0
suspicion,NOUN,6,0,0
luggage,NOUN,6,0,0
cafe,NOUN,6,0,0
Old,PROPN,6,0,1
Kikie,PROPN,6,0,1
ye,NOUN,6,0,0
beat,VERB,6,0,0
hand,VERB,6,0,0
keen,ADJ,6,0,0
assistant,NOUN,6,0,0
poetry,NOUN,6,0,0
mean,ADJ,6,0,0
historical,ADJ,6,0,0
Macbeth,PROPN,6,0,1
Julius,PROPN,6,0,1
Caesar,PROPN,6,0,1
swindle,NOUN,6,0,0
Mabel,PROPN,6,0,1
Allcock,PROPN,6,0,1
CHAPTER,PROPN,5,0,1
trouble,VERB,5,0,0
bang,VERB,5,0,0
choke,VERB,5,0,0
kettle,NOUN,5,0,0
Devil,PROPN,5,0,1
April,PROPN,5,0,1
Bacon,PROPN,5,0,1
NB,PROPN,5,0,1
angelica,PROPN,5,0,1
cloth,NOUN,5,0,0
collar,NOUN,5,0,0
shade,NOUN,5,0,0
definitely,ADV,5,0,0
stranger,NOUN,5,0,0
shock,NOUN,5,0,0
nineteen,NUM,5,0,0
spring,VERB,5,0,0
watch,NOUN,5,0,0
hasten,VERB,5,0,0
mirror,NOUN,5,0,0
cross,NOUN,5,0,0
skirt,NOUN,5,0,0
boom,NOUN,5,0,0
hill,NOUN,5,0,0
invisible,ADJ,5,0,0
scrub,VERB,5,0,0
pew,NOUN,5,0,0
worn,ADJ,5,0,0
due,ADJ,5,1,0
faintly,ADV,5,0,0
surplice,NOUN,5,0,0
ring,NOUN,5,0,0
water,VERB,5,0,0
pattern,NOUN,5,0,0
de,PROPN,5,0,1
sub,NOUN,5,0,0
cover,NOUN,5,0,0
attend,VERB,5,0,0
prick,VERB,5,0,0
form,NOUN,5,0,0
guard,NOUN,5,0,0
practice,NOUN,5,0,0
screw,VERB,5,0,0
company,NOUN,5,0,0
fat,ADJ,5,0,0
piano,NOUN,5,0,0
upper,ADJ,5,0,0
moustache,NOUN,5,0,0
horror,NOUN,5,0,0
cry,NOUN,5,0,0
smell,VERB,5,0,0
Christ,PROPN,5,0,1
hesitate,VERB,5,0,0
sunlight,NOUN,5,0,0
doorway,NOUN,5,0,0
flash,VERB,5,0,0
ye,PRON,5,0,0
divide,VERB,5,0,0
mostly,ADV,5,1,0
factory,NOUN,5,0,0
Ye,PROPN,5,0,1
Olde,PROPN,5,0,1
Shoppe,PROPN,5,0,1
agreeable,ADJ,5,0,0
sweet,ADJ,5,0,0
build,VERB,5,0,0
Dean,PROPN,5,0,1
interest,VERB,5,0,0
master,VERB,5,0,0
panic,NOUN,5,0,0
accuse,VERB,5,0,0
furniture,NOUN,5,0,0
individual,ADJ,5,0,0
engraving,NOUN,5,0,0
imaginary,ADJ,5,0,0
mood,NOUN,5,0,0
anywhere,ADV,5,1,0
humour,NOUN,5,0,0
english,ADJ,5,0,0
lunch,NOUN,5,0,0
demand,NOUN,5,0,0
expensive,ADJ,5,0,0
that,ADV,5,1,0
decently,ADV,5,0,0
marriage,NOUN,5,0,0
quarrel,VERB,5,0,0
perfect,ADJ,5,0,0
Wednesday,PROPN,5,0,1
petty,ADJ,5,0,0
pure,ADJ,5,0,0
minded,ADJ,5,0,0
fatal,ADJ,5,0,0
Pockthorne,PROPN,5,0,1
Court,PROPN,5,0,1
leather,NOUN,5,0,0
motor,NOUN,5,0,0
weather,NOUN,5,0,0
inquire,VERB,5,0,0
bean,NOUN,5,0,0
Harvest,PROPN,5,0,1
Festival,PROPN,5,0,1
hence,ADV,5,1,0
ridiculous,ADJ,5,0,0
stall,NOUN,5,0,0
saying,NOUN,5,0,0
match,NOUN,5,0,0
eighteen,NUM,5,0,0
quality,NOUN,5,0,0
bother,VERB,5,0,0
fellow,NOUN,5,0,0
behave,VERB,5,0,0
Welwyn,PROPN,5,0,1
Foster,PROPN,5,0,1
affair,NOUN,5,0,0
Oxford,PROPN,5,0,1
imagination,NOUN,5,0,0
tray,NOUN,5,0,0
solution,NOUN,5,0,0
entire,ADJ,5,0,0
soap,NOUN,5,0,0
check,VERB,5,0,0
condition,NOUN,5,0,0
fashion,NOUN,5,0,0
choir,NOUN,5,0,0
ignore,VERB,5,0,0
fetch,VERB,5,0,0
sub,ADJ,5,0,0
butter,NOUN,5,0,0
safe,ADJ,5,0,0
report,NOUN,5,0,0
depart,VERB,5,0,0
sleepy,ADJ,5,0,0
casual,ADJ,5,0,0
Dog,PROPN,5,0,1
Bottle,PROPN,5,0,1
banner,NOUN,5,0,0
basket,NOUN,5,0,0
Dear,PROPN,5,0,1
elbow,NOUN,5,0,0
grin,VERB,5,0,0
spectacle,NOUN,5,0,0
beginning,NOUN,5,0,0
opportunity,NOUN,5,0,0
immoral,ADJ,5,0,0
literature,NOUN,5,0,0
shock,VERB,5,0,0
genuinely,ADV,5,0,0
neighbour,NOUN,5,0,0
Dr,PROPN,5,0,1
gather,VERB,5,0,0
reflect,VERB,5,0,0
disturb,VERB,5,0,0
dusty,ADJ,5,0,0
meadow,NOUN,5,0,0
harsh,ADJ,5,0,0
throughout,ADP,5,1,0
bicycle,VERB,5,0,0
chapter,NOUN,5,0,0
sticky,ADJ,5,0,0
ail,VERB,5,0,0
suggest,VERB,5,0,0
endless,ADJ,5,0,0
burst,VERB,5,0,0
invariably,ADV,5,0,0
depressing,ADJ,5,0,0
ai,VERB,5,0,0
act,VERB,5,0,0
amen,INTJ,5,0,0
bucket,NOUN,5,0,0
description,NOUN,5,0,0
groan,NOUN,5,0,0
nostril,NOUN,5,0,0
everlastingly,ADV,5,0,0
approach,VERB,5,0,0
McGuire,PROPN,5,0,1
rob,VERB,5,0,0
noisy,ADJ,5,0,0
Stone,PROPN,5,0,1
roll,NOUN,5,0,0
slice,VERB,5,0,0
style,NOUN,5,0,0
grab,VERB,5,0,0
wriggle,VERB,5,0,0
paste,VERB,5,0,0
blade,NOUN,5,0,0
edge,NOUN,5,0,0
helmet,NOUN,5,0,0
thread,NOUN,5,0,0
simultaneously,ADV,5,0,0
ahead,ADV,5,0,0
possess,VERB,5,0,0
borrow,VERB,5,0,0
Virgin,PROPN,5,0,1
button,NOUN,5,0,0
devil,NOUN,5,0,0
hail,NOUN,5,0,0
Ail,PROPN,5,0,1
Easter,PROPN,5,0,1
familiar,ADJ,5,0,0
bishop,NOUN,5,0,0
seldom,ADV,5,0,0
reminiscently,ADV,5,0,0
beastly,ADV,5,0,0
unbelief,NOUN,5,0,0
neither,CCONJ,5,1,0
exhausting,ADJ,5,0,0
regularly,ADV,5,0,0
Foote,PROPN,5,0,1
alter,VERB,5,0,0
anger,NOUN,5,0,0
upset,VERB,5,0,0
male,ADJ,5,0,0
reason,VERB,5,0,0
frighten,VERB,5,0,0
semi,ADJ,5,0,0
force,NOUN,5,0,0
pencil,NOUN,5,0,0
shabby,ADJ,5,0,0
tram,NOUN,5,0,0
accident,NOUN,5,0,0
examine,VERB,5,0,0
yet,CCONJ,5,1,0
print,NOUN,5,0,0
advertisement,NOUN,5,0,0
New,PROPN,5,0,1
mysterious,ADJ,5,0,0
smack,VERB,5,0,0
bum,NOUN,5,0,0
hopping,NOUN,5,0,0
op,NOUN,5,0,0
present,VERB,5,0,0
puzzle,VERB,5,0,0
rubbish,NOUN,5,0,0
apply,VERB,5,0,0
grant,VERB,5,0,0
demand,VERB,5,0,0
filthy,ADJ,5,0,0
b,X,5,0,0
equal,ADJ,5,0,0
price,NOUN,5,0,0
bum,VERB,5,0,0
Chalmers,PROPN,5,0,1
dere,ADV,5,0,0
Norman,PROPN,5,0,1
de,ADJ,5,0,0
law,NOUN,5,0,0
dem,ADJ,5,0,0
alf,NOUN,5,0,0
rain,NOUN,5,0,0
stiffen,VERB,5,0,0
interminable,ADJ,5,0,0
apart,ADV,5,0,0
third,NOUN,5,1,0
walk,NOUN,5,0,0
cut,NOUN,5,0,0
sandwich,NOUN,5,0,0
mechanical,ADJ,5,0,0
root,NOUN,5,0,0
comfort,NOUN,5,0,0
theory,NOUN,5,0,0
strike,NOUN,5,0,0
system,NOUN,5,0,0
sister,NOUN,5,0,0
charity,NOUN,5,0,0
ease,NOUN,5,0,0
by,ADV,5,1,0
companion,NOUN,5,0,0
lover,NOUN,5,0,0
Ma,PROPN,5,0,1
elope,VERB,5,0,0
absurd,ADJ,5,0,0
disgrace,NOUN,5,0,0
weep,VERB,5,0,0
thinking,NOUN,5,0,0
fraction,NOUN,5,0,0
lodging,NOUN,5,0,0
journey,NOUN,5,0,0
Lambeth,PROPN,5,0,1
drawing,NOUN,5,0,0
educate,VERB,5,0,0
quickly,ADV,5,0,0
kill,VERB,5,0,0
beef,NOUN,5,0,0
married,ADJ,5,0,0
de,ADP,5,0,0
nark,VERB,5,0,0
ow,VERB,5,0,0
Ginger,PROPN,5,0,1
last,VERB,5,1,0
wilkin,NOUN,5,0,0
Mis,PROPN,5,0,1
ter,PROPN,5,0,1
reality,NOUN,5,0,0
win,VERB,5,0,0
laurel,NOUN,5,0,0
gas,NOUN,5,0,0
Latin,PROPN,5,0,1
grammar,NOUN,5,0,0
Booth,PROPN,5,0,1
arithmetic,NOUN,5,0,0
Williams,PROPN,5,0,1
Hundred,PROPN,5,1,1
Page,PROPN,5,0,1
elephant,NOUN,5,0,0
exercise,NOUN,5,0,0
slave,NOUN,5,0,0
thy,PRON,5,0,0
Poynder,PROPN,5,0,1
ninety,NUM,5,0,0
Millie,PROPN,5,0,1
regret,VERB,5,0,0
pub,NOUN,4,0,0
alarm,NOUN,4,0,0
complex,ADJ,4,0,0
feminine,ADJ,4,0,0
hateful,ADJ,4,0,0
accord,VERB,4,0,0
bound,VERB,4,0,0
silence,VERB,4,0,0
Suffolk,PROPN,4,0,1
dressing,NOUN,4,0,0
gown,NOUN,4,0,0
downstairs,ADV,4,0,0
fried,ADJ,4,0,0
care,NOUN,4,0,0
trick,NOUN,4,0,0
hip,NOUN,4,0,0
chimney,NOUN,4,0,0
angel,NOUN,4,0,0
flesh,NOUN,4,0,0
twist,VERB,4,0,0
Solepipe,PROPN,4,0,1
call,NOUN,4,1,0
paint,NOUN,4,0,0
Parish,PROPN,4,0,1
forbid,VERB,4,0,0
childish,ADJ,4,0,0
nightdress,NOUN,4,0,0
clean,VERB,4,0,0
torment,NOUN,4,0,0
score,NOUN,4,0,0
heavily,ADV,4,0,0
glance,VERB,4,0,0
behind,ADV,4,1,0
loom,VERB,4,0,0
offensive,ADJ,4,0,0
swiftly,ADV,4,0,0
stretch,VERB,4,0,0
waste,NOUN,4,0,0
beam,NOUN,4,0,0
Grange,PROPN,4,0,1
contempt,NOUN,4,0,0
sacrament,NOUN,4,0,0
dislike,VERB,4,0,0
faint,ADJ,4,0,0
whenever,SCONJ,4,1,0
alas,INTJ,4,0,0
remarkably,ADV,4,0,0
meditate,VERB,4,0,0
temptation,NOUN,4,0,0
presumably,ADV,4,0,0
offer,VERB,4,0,0
loose,ADJ,4,0,0
expose,VERB,4,0,0
blasphemy,NOUN,4,0,0
wafer,NOUN,4,0,0
mechanically,ADV,4,0,0
living,NOUN,4,0,0
process,NOUN,4,0,0
worship,VERB,4,0,0
act,NOUN,4,0,0
tower,NOUN,4,0,0
landscape,NOUN,4,0,0
naked,ADJ,4,0,0
building,NOUN,4,0,0
vile,ADJ,4,0,0
inhabit,VERB,4,0,0
pane,NOUN,4,0,0
principal,ADJ,4,0,0
please,VERB,4,1,0
clever,ADJ,4,0,0
command,VERB,4,0,0
weed,NOUN,4,0,0
inscribe,VERB,4,0,0
mat,NOUN,4,0,0
Rural,PROPN,4,0,1
clerical,ADJ,4,0,0
bend,VERB,4,0,0
thrust,VERB,4,0,0
worm,NOUN,4,0,0
portrait,NOUN,4,0,0
value,NOUN,4,0,0
scrutinize,VERB,4,0,0
delicate,ADJ,4,0,0
exact,ADJ,4,0,0
Tawney,PROPN,4,0,1
church,VERB,4,0,0
hate,VERB,4,0,0
coax,VERB,4,0,0
cast,VERB,4,0,0
silver,NOUN,4,0,0
threepence,NOUN,4,0,0
abominable,ADJ,4,0,0
chronic,ADJ,4,0,0
East,PROPN,4,0,1
purely,ADV,4,0,0
conduct,VERB,4,0,0
unable,ADJ,4,0,0
reduce,VERB,4,0,0
broad,ADJ,4,0,0
religion,NOUN,4,0,0
Fever,PROPN,4,0,1
county,NOUN,4,0,0
desert,VERB,4,0,0
text,NOUN,4,0,0
warfare,NOUN,4,0,0
Bishop,PROPN,4,0,1
parrot,NOUN,4,0,0
runner,NOUN,4,0,0
proceed,VERB,4,0,0
greengrocer,NOUN,4,0,0
September,PROPN,4,0,1
tickle,VERB,4,0,0
gardener,NOUN,4,0,0
Toagis,PROPN,4,0,1
pumpkin,NOUN,4,0,0
object,NOUN,4,0,0
hit,VERB,4,0,0
entitle,VERB,4,0,0
aid,NOUN,4,0,0
bazaar,NOUN,4,0,0
mouse,NOUN,4,0,0
flit,VERB,4,0,0
terrible,ADJ,4,0,0
expense,NOUN,4,0,0
result,NOUN,4,0,0
deeply,ADV,4,0,0
unconcerned,ADJ,4,0,0
complain,VERB,4,0,0
pleased,ADJ,4,0,0
hopeful,ADJ,4,0,0
United,PROPN,4,0,1
income,NOUN,4,0,0
demon,NOUN,4,0,0
uncharitable,ADJ,4,0,0
good,ADV,4,0,0
gracious,ADJ,4,0,0
distinctly,ADV,4,0,0
Tom,PROPN,4,0,1
golden,ADJ,4,0,0
wreath,NOUN,4,0,0
elderly,ADJ,4,0,0
margarine,NOUN,4,0,0
sigh,VERB,4,0,0
cost,VERB,4,0,0
form,VERB,4,0,0
burden,NOUN,4,0,0
china,PROPN,4,0,1
shift,VERB,4,0,0
vote,VERB,4,0,0
seek,VERB,4,0,0
office,NOUN,4,0,0
strain,NOUN,4,0,0
Jack,PROPN,4,0,1
shopping,NOUN,4,0,0
rest,VERB,4,0,0
shopkeeper,NOUN,4,0,0
lean,ADJ,4,0,0
scrap,VERB,4,0,0
hurriedly,ADV,4,0,0
resist,VERB,4,0,0
discomfort,NOUN,4,0,0
abruptly,ADV,4,0,0
round,ADP,4,0,0
bye,INTJ,4,0,0
stick,NOUN,4,0,0
Fishpools,PROPN,4,0,1
Concubines,PROPN,4,0,1
assure,VERB,4,0,0
along,ADV,4,1,0
hen,NOUN,4,0,0
horrified,ADJ,4,0,0
refuge,NOUN,4,0,0
flatter,VERB,4,0,0
reading,NOUN,4,0,0
differently,ADV,4,0,0
gently,ADV,4,0,0
surname,NOUN,4,0,0
niece,NOUN,4,0,0
force,VERB,4,0,0
unwilling,ADJ,4,0,0
local,ADJ,4,0,0
squander,VERB,4,0,0
vary,VERB,4,0,0
pack,NOUN,4,0,0
flat,ADJ,4,0,0
lark,NOUN,4,0,0
hurt,VERB,4,0,0
Sundays,PROPN,4,0,1
blowsy,NOUN,4,0,0
sour,ADJ,4,0,0
bosom,NOUN,4,0,0
blank,ADJ,4,0,0
unlimited,ADJ,4,0,0
weekly,ADJ,4,0,0
futile,ADJ,4,0,0
futility,NOUN,4,0,0
washing,NOUN,4,0,0
inside,ADV,4,0,0
fro,PROPN,4,0,1
working,NOUN,4,0,0
remarkable,ADJ,4,0,0
a,ADV,4,1,0
parapet,NOUN,4,0,0
lovely,ADJ,4,0,0
support,VERB,4,0,0
bargain,NOUN,4,0,0
labour,NOUN,4,0,0
eternity,NOUN,4,0,0
angrily,ADV,4,0,0
rickety,NOUN,4,0,0
contour,ADJ,4,0,0
reek,VERB,4,0,0
chin,NOUN,4,0,0
wild,ADJ,4,0,0
fennel,NOUN,4,0,0
breathe,VERB,4,0,0
momentarily,ADV,4,0,0
dripping,ADJ,4,0,0
rosy,ADJ,4,0,0
amuse,VERB,4,0,0
rehearsal,NOUN,4,0,0
schoolchildren,NOUN,4,0,0
shear,NOUN,4,0,0
drudgery,NOUN,4,0,0
mention,VERB,4,0,0
measure,VERB,4,0,0
rough,ADJ,4,0,0
confused,ADJ,4,0,0
pistol,NOUN,4,0,0
Mother,PROPN,4,0,1
goodness,NOUN,4,0,0
brush,NOUN,4,0,0
lock,VERB,4,0,0
overcome,VERB,4,0,0
furtive,ADJ,4,0,0
needle,NOUN,4,0,0
doublet,NOUN,4,0,0
urgent,ADJ,4,0,0
forlorn,ADJ,4,0,0
talent,NOUN,4,0,0
drift,VERB,4,0,0
atheist,NOUN,4,0,0
rouse,VERB,4,0,0
approve,VERB,4,0,0
image,NOUN,4,0,0
Boy,PROPN,4,0,1
Day,PROPN,4,0,1
swing,VERB,4,0,0
Free,PROPN,4,0,1
Thought,PROPN,4,0,1
about,ADJ,4,1,0
Russell,PROPN,4,0,1
halting,NOUN,4,0,0
destiny,NOUN,4,0,0
slightly,ADV,4,0,0
damn,ADJ,4,0,0
pan,NOUN,4,0,0
retain,VERB,4,0,0
reflectively,ADV,4,0,0
wise,ADJ,4,0,0
used,ADJ,4,1,0
mess,NOUN,4,0,0
lower,VERB,4,0,0
unmarried,ADJ,4,0,0
dread,NOUN,4,0,0
curiosity,NOUN,4,0,0
frightened,ADJ,4,0,0
totally,ADV,4,0,0
moral,ADJ,4,0,0
flight,NOUN,4,0,0
liable,ADJ,4,0,0
shrink,VERB,4,0,0
lonely,ADJ,4,0,0
scullery,NOUN,4,0,0
oilstove,NOUN,4,0,0
clear,VERB,4,0,0
scissor,NOUN,4,0,0
grandfather,NOUN,4,0,0
discovery,NOUN,4,0,0
heel,NOUN,4,0,0
nosy,ADJ,4,0,0
skin,NOUN,4,0,0
Hullo,PROPN,4,0,1
lucky,ADJ,4,0,0
beer,NOUN,4,0,0
toby,NOUN,4,0,0
Bromley,PROPN,4,0,1
tanner,NOUN,4,0,0
lift,NOUN,4,0,0
misgiving,NOUN,4,0,0
probability,NOUN,4,0,0
reassure,VERB,4,0,0
ar,NOUN,4,0,0
parse,NOUN,4,0,0
constant,ADJ,4,0,0
drum,VERB,4,0,0
date,NOUN,4,0,0
confess,VERB,4,0,0
hop,PROPN,4,0,1
feed,VERB,4,0,0
sole,ADJ,4,0,0
pear,NOUN,4,0,0
bold,ADJ,4,0,0
exhausted,ADJ,4,0,0
snuff,NOUN,4,0,0
stew,NOUN,4,0,0
nest,NOUN,4,0,0
cease,VERB,4,0,0
shiver,VERB,4,0,0
string,NOUN,4,0,0
agree,VERB,4,0,0
bloke,NOUN,4,0,0
bleeding,NOUN,4,0,0
search,VERB,4,0,0
kip,VERB,4,0,0
ud,INTJ,4,0,0
Life,PROPN,4,0,1
intolerable,ADJ,4,0,0
cadge,VERB,4,0,0
chilly,ADJ,4,0,0
character,NOUN,4,0,0
faggot,NOUN,4,0,0
cheese,NOUN,4,0,0
mate,NOUN,4,0,0
ere,NOUN,4,0,0
eastern,ADJ,4,0,0
foreman,NOUN,4,0,0
stiff,ADJ,4,0,0
passion,NOUN,4,0,0
pole,NOUN,4,0,0
ignorant,ADJ,4,0,0
alike,ADV,4,0,0
everybody,PRON,4,0,0
ay,INTJ,4,0,0
favourite,NOUN,4,0,0
loaf,NOUN,4,0,0
accustom,VERB,4,0,0
starvation,NOUN,4,0,0
Turle,PROPN,4,0,1
ice,NOUN,4,0,0
help,NOUN,4,0,0
underclothe,NOUN,4,0,0
headline,NOUN,4,0,0
possession,NOUN,4,0,0
describe,VERB,4,0,0
harm,NOUN,4,0,0
contradict,VERB,4,0,0
brass,NOUN,4,0,0
postmistress,NOUN,4,0,0
close,VERB,4,0,0
queer,ADJ,4,0,0
derelict,NOUN,4,0,0
cash,NOUN,4,0,0
jest,PROPN,4,0,1
court,NOUN,4,0,0
stair,NOUN,4,0,0
dearie,NOUN,4,0,0
privately,ADV,4,0,0
twice,DET,4,0,0
battle,NOUN,4,0,0
Ben,PROPN,4,0,1
dong,NOUN,4,0,0
dearie,ADJ,4,0,0
Je,PROPN,4,0,1
eeze,NOUN,4,0,0
drowsily,ADV,4,0,0
William,PROPN,4,0,1
GINGER,PROPN,4,0,1
chat,NOUN,4,0,0
holy,ADJ,4,0,0
de,ADV,4,0,0
DADDY,PROPN,4,0,1
Nosy,PROPN,4,0,1
Snouter,PROPN,4,0,1
fountain,NOUN,4,0,0
dresser,NOUN,4,0,0
daddy,NOUN,4,0,0
stir,NOUN,4,0,0
Tallboys,PROPN,4,0,1
agen,NOUN,4,0,0
chorus,NOUN,4,0,0
throat,NOUN,4,0,0
unto,ADP,4,0,0
heap,NOUN,4,0,0
Wil,PROPN,4,0,1
sport,NOUN,4,0,0
penniless,ADJ,4,0,0
decency,NOUN,4,0,0
purse,NOUN,4,0,0
daze,VERB,4,0,0
cell,NOUN,4,0,0
sentence,NOUN,4,0,0
study,VERB,4,0,0
rap,VERB,4,0,0
Brough,PROPN,4,0,1
feud,NOUN,4,0,0
Brewer,PROPN,4,0,1
blackboard,NOUN,4,0,0
copperplate,NOUN,4,0,0
Columbus,PROPN,4,0,1
Napoleon,PROPN,4,0,1
textbook,NOUN,4,0,0
copybook,NOUN,4,0,0
trip,NOUN,4,0,0
method,NOUN,4,0,0
plasticine,NOUN,4,0,0
decimal,NOUN,4,0,0
chart,NOUN,4,0,0
Briggs,PROPN,4,0,1
ultimately,ADV,4,0,0
boring,ADJ,4,0,0
element,NOUN,4,0,0
mill,NOUN,4,0,0
return,NOUN,4,0,0
efficiency,NOUN,4,0,0
carriage,NOUN,4,0,0
telegraph,NOUN,4,0,0
reputation,NOUN,4,0,0
publish,VERB,3,0,0
e,PROPN,3,0,1
horrid,ADJ,3,0,0
exhaustion,NOUN,3,0,0
custom,NOUN,3,0,0
chill,NOUN,3,0,0
maid,NOUN,3,0,0
mantelpiece,NOUN,3,0,0
crook,VERB,3,0,0
gin,NOUN,3,0,0
shaving,NOUN,3,0,0
awake,ADJ,3,0,0
goose,NOUN,3,0,0
November,PROPN,3,0,1
icy,ADJ,3,0,0
slide,NOUN,3,0,0
surface,NOUN,3,0,0
oc,NOUN,3,0,0
father,PROPN,3,0,1
p,NOUN,3,0,0
good,NOUN,3,0,0
typewriter,NOUN,3,0,0
fork,VERB,3,0,0
bindweed,NOUN,3,0,0
exceedingly,ADV,3,0,0
spinsterish,ADJ,3,0,0
forearm,NOUN,3,0,0
insect,NOUN,3,0,0
actual,ADJ,3,0,0
chief,ADJ,3,0,0
forgiveness,NOUN,3,0,0
irritable,ADJ,3,0,0
punctual,ADJ,3,0,0
clouded,ADJ,3,0,0
speed,NOUN,3,0,0
square,NOUN,3,0,0
knot,NOUN,3,0,0
preparation,NOUN,3,0,0
compare,VERB,3,0,0
whistle,VERB,3,0,0
labourer,NOUN,3,0,0
Expenses,PROPN,3,0,1
fragment,NOUN,3,0,0
south,ADJ,3,0,0
bough,NOUN,3,0,0
greyish,ADJ,3,0,0
silver,ADJ,3,0,0
coin,NOUN,3,0,0
curly,ADJ,3,0,0
communion,NOUN,3,0,0
soldier,NOUN,3,0,0
tremulous,ADJ,3,0,0
mothball,NOUN,3,0,0
starling,NOUN,3,0,0
sew,VERB,3,0,0
inch,NOUN,3,0,0
recall,VERB,3,0,0
stain,VERB,3,0,0
Angels,PROPN,3,0,1
magnify,VERB,3,0,0
Thy,PROPN,3,0,1
section,NOUN,3,0,0
powerful,ADJ,3,0,0
skeleton,NOUN,3,0,0
slow,ADJ,3,0,0
offence,NOUN,3,0,0
key,NOUN,3,0,0
fringe,NOUN,3,0,0
chalice,NOUN,3,0,0
neither,DET,3,1,0
shuffle,VERB,3,0,0
opening,NOUN,3,0,0
shell,NOUN,3,0,0
medicine,NOUN,3,0,0
series,NOUN,3,0,0
flash,NOUN,3,0,0
colour,NOUN,3,0,0
melt,VERB,3,0,0
taste,VERB,3,0,0
climb,VERB,3,0,0
surround,VERB,3,0,0
east,ADJ,3,0,0
redeem,VERB,3,0,0
recur,VERB,3,0,0
elm,NOUN,3,0,0
southern,ADJ,3,0,0
beet,NOUN,3,0,0
refinery,NOUN,3,0,0
brick,NOUN,3,0,0
social,ADJ,3,0,0
rendezvous,NOUN,3,0,0
spade,NOUN,3,0,0
brigade,NOUN,3,0,0
close,ADV,3,0,0
picturesque,ADJ,3,0,0
chronically,ADV,3,0,0
repair,NOUN,3,0,0
spread,VERB,3,0,0
impenetrable,ADJ,3,0,0
Palm,PROPN,3,0,1
dismay,NOUN,3,0,0
entrail,NOUN,3,0,0
International,PROPN,3,0,1
baker,PROPN,3,0,1
smallish,ADJ,3,0,0
ruin,VERB,3,0,0
grate,NOUN,3,0,0
aside,ADV,3,0,0
weary,ADJ,3,0,0
fuss,NOUN,3,0,0
north,NOUN,3,0,0
grace,NOUN,3,0,0
lift,VERB,3,0,0
coverlet,NOUN,3,0,0
eye,VERB,3,0,0
rasher,NOUN,3,0,0
government,NOUN,3,0,0
poem,NOUN,3,0,0
Mail,PROPN,3,0,1
baronet,NOUN,3,0,0
profession,NOUN,3,0,0
charge,NOUN,3,0,0
unhappy,ADJ,3,0,0
Low,PROPN,3,0,1
taste,NOUN,3,0,0
admirable,ADJ,3,0,0
Friday,PROPN,3,0,1
lick,VERB,3,0,0
unaware,ADJ,3,0,0
annoy,VERB,3,0,0
equally,ADV,3,0,0
scar,VERB,3,0,0
modernist,ADJ,3,0,0
wine,NOUN,3,0,0
secretary,NOUN,3,0,0
sixpence,NOUN,3,0,0
funny,ADJ,3,0,0
decorate,VERB,3,0,0
festoon,NOUN,3,0,0
amateur,ADJ,3,0,0
retire,VERB,3,0,0
privilege,NOUN,3,0,0
compose,VERB,3,0,0
quote,VERB,3,0,0
Bridge,PROPN,3,0,1
chapel,NOUN,3,0,0
apron,NOUN,3,0,0
address,VERB,3,0,0
baptize,VERB,3,0,0
pester,VERB,3,0,0
bricklayer,NOUN,3,0,0
view,NOUN,3,0,0
tobacco,NOUN,3,0,0
exceptionally,ADV,3,0,0
calmness,NOUN,3,0,0
include,VERB,3,0,0
peaceful,ADJ,3,0,0
desperation,NOUN,3,0,0
shortly,ADV,3,0,0
impertinent,ADJ,3,0,0
progress,NOUN,3,0,0
elsewhere,ADV,3,1,0
truly,ADV,3,0,0
calmly,ADV,3,0,0
Celanese,PROPN,3,0,1
cause,NOUN,3,0,0
female,ADJ,3,0,0
spare,VERB,3,0,0
pry,VERB,3,0,0
mutton,NOUN,3,0,0
stock,NOUN,3,0,0
powder,NOUN,3,0,0
dismay,VERB,3,0,0
obey,VERB,3,0,0
scramble,VERB,3,0,0
provide,VERB,3,0,0
wave,NOUN,3,0,0
no,NOUN,3,1,0
gloomy,ADJ,3,0,0
definite,ADJ,3,0,0
poke,VERB,3,0,0
ghost,NOUN,3,0,0
verge,NOUN,3,0,0
shudder,NOUN,3,0,0
broken,ADJ,3,0,0
smash,VERB,3,0,0
rector,NOUN,3,0,0
worried,ADJ,3,0,0
next,ADV,3,1,0
far,ADJ,3,0,0
eld,ADJ,3,0,0
pronounce,VERB,3,0,0
Walph,PROPN,3,0,1
writing,NOUN,3,0,0
astonish,VERB,3,0,0
virtually,ADV,3,0,0
Socialist,PROPN,3,0,1
cap,NOUN,3,0,0
pursue,VERB,3,0,0
gild,VERB,3,0,0
creditor,NOUN,3,0,0
pump,NOUN,3,0,0
mingle,VERB,3,0,0
Britain,PROPN,3,0,1
scarlet,ADJ,3,0,0
beam,VERB,3,0,0
stout,ADJ,3,0,0
frock,NOUN,3,0,0
reach,NOUN,3,0,0
otherwise,ADV,3,1,0
maul,VERB,3,0,0
pride,NOUN,3,0,0
periodically,ADV,3,0,0
relative,NOUN,3,0,0
pseudo,NOUN,3,0,0
accompany,VERB,3,0,0
cane,NOUN,3,0,0
low,ADV,3,0,0
Twiss,PROPN,3,0,1
rush,NOUN,3,0,0
Ronald,PROPN,3,0,1
neglect,VERB,3,0,0
Ipswich,PROPN,3,0,1
beforehand,ADV,3,1,0
widower,NOUN,3,0,0
sofa,NOUN,3,0,0
extent,NOUN,3,0,0
connexion,NOUN,3,0,0
brothel,NOUN,3,0,0
unbeliever,NOUN,3,0,0
vice,NOUN,3,0,0
scandalmonger,NOUN,3,0,0
counter,NOUN,3,0,0
close,ADJ,3,0,0
pour,VERB,3,0,0
involve,VERB,3,0,0
protest,VERB,3,0,0
Town,PROPN,3,0,1
ordinary,ADJ,3,0,0
City,PROPN,3,0,1
manager,NOUN,3,0,0
brother,NOUN,3,0,0
unbearably,ADV,3,0,0
even,ADJ,3,1,0
brief,ADJ,3,0,0
whisper,VERB,3,0,0
eagerness,NOUN,3,0,0
unwise,ADJ,3,0,0
sign,NOUN,3,0,0
scandalous,ADJ,3,0,0
idiot,NOUN,3,0,0
handkerchief,NOUN,3,0,0
wipe,VERB,3,0,0
sweat,VERB,3,0,0
colourless,ADJ,3,0,0
alternate,VERB,3,0,0
tiredness,NOUN,3,0,0
housewife,NOUN,3,0,0
advice,NOUN,3,0,0
aspidistra,NOUN,3,0,0
profoundly,ADV,3,0,0
suspicious,ADJ,3,0,0
complaint,NOUN,3,0,0
Band,PROPN,3,0,1
Hope,PROPN,3,0,1
Companionship,PROPN,3,0,1
discourage,VERB,3,0,0
cabbage,NOUN,3,0,0
Tombs,PROPN,3,0,1
flee,VERB,3,0,0
decade,NOUN,3,0,0
onion,NOUN,3,0,0
announce,VERB,3,0,0
fireplace,NOUN,3,0,0
handful,NOUN,3,0,0
misery,NOUN,3,0,0
quicken,VERB,3,0,0
ourselves,PRON,3,1,0
back,ADP,3,1,0
laundering,NOUN,3,0,0
drown,VERB,3,0,0
everlaste,VERB,3,0,0
lifetime,NOUN,3,0,0
prepare,VERB,3,0,0
down,NOUN,3,1,0
Elliman,PROPN,3,0,1
unseen,ADJ,3,0,0
staircase,NOUN,3,0,0
avoid,VERB,3,0,0
grey,NOUN,3,0,0
shin,VERB,3,0,0
hay,NOUN,3,0,0
fume,NOUN,3,0,0
frond,NOUN,3,0,0
childhood,NOUN,3,0,0
warmth,NOUN,3,0,0
betray,VERB,3,0,0
warn,VERB,3,0,0
offend,VERB,3,0,0
unhappily,ADV,3,0,0
pretence,NOUN,3,0,0
Chapel,PROPN,3,0,1
schoolmaster,NOUN,3,0,0
alternately,ADV,3,0,0
shout,NOUN,3,0,0
prod,VERB,3,0,0
faced,ADJ,3,0,0
inside,NOUN,3,0,0
curly,NOUN,3,0,0
CROMWELL,PROPN,3,0,1
partially,ADV,3,0,0
paint,VERB,3,0,0
thigh,NOUN,3,0,0
litter,NOUN,3,0,0
Cavalier,PROPN,3,0,1
green,NOUN,3,0,0
re,VERB,3,1,0
nightmare,NOUN,3,0,0
spur,NOUN,3,0,0
back,VERB,3,0,0
ruthless,ADJ,3,0,0
intelligent,ADJ,3,0,0
precinct,NOUN,3,0,0
expert,NOUN,3,0,0
bowler,NOUN,3,0,0
side,VERB,3,1,0
frigid,ADJ,3,0,0
via,ADP,3,1,0
medium,NOUN,3,0,0
thee,NOUN,3,0,0
jolly,ADV,3,0,0
dullness,NOUN,3,0,0
fault,NOUN,3,0,0
controversy,NOUN,3,0,0
belong,VERB,3,0,0
top,ADJ,3,1,0
Nonconformist,PROPN,3,0,1
Plymouth,PROPN,3,0,1
pitch,VERB,3,0,0
Rome,PROPN,3,0,1
opinion,NOUN,3,0,0
sly,ADJ,3,0,0
essentially,ADV,3,0,0
mine,NOUN,3,1,0
mention,NOUN,3,0,0
delight,VERB,3,0,0
manoeuvre,VERB,3,0,0
intelligence,NOUN,3,0,0
persuade,VERB,3,0,0
horrid,NOUN,3,0,0
damned,ADJ,3,0,0
disappointment,NOUN,3,0,0
invite,VERB,3,0,0
conscience,NOUN,3,0,0
introduction,NOUN,3,0,0
magazine,NOUN,3,0,0
aloud,ADV,3,0,0
Gene,PROPN,3,0,1
Stratton,PROPN,3,0,1
A,PROPN,3,1,1
rabbit,NOUN,3,0,0
rush,VERB,3,0,0
near,ADV,3,0,0
mess,VERB,3,0,0
characteristic,NOUN,3,0,0
seduce,VERB,3,0,0
cooking,NOUN,3,0,0
persist,VERB,3,0,0
idle,ADJ,3,0,0
Vienna,PROPN,3,0,1
bye,NOUN,3,0,0
sinister,NOUN,3,0,0
literal,ADJ,3,0,0
wince,NOUN,3,0,0
especial,ADJ,3,0,0
onwards,ADV,3,0,0
furry,ADJ,3,0,0
suggestion,NOUN,3,0,0
pretty,ADV,3,0,0
Francis,PROPN,3,0,1
lurk,VERB,3,0,0
overwhelmingly,ADV,3,0,0
messy,ADJ,3,0,0
lid,NOUN,3,0,0
gritty,ADJ,3,0,0
separate,ADJ,3,0,0
observe,VERB,3,0,0
circle,NOUN,3,0,0
explore,VERB,3,0,0
palm,NOUN,3,0,0
appropriate,ADJ,3,0,0
odd,ADJ,3,0,0
awaken,VERB,3,0,0
trudge,VERB,3,0,0
haire,VERB,3,0,0
wreck,NOUN,3,0,0
squat,NOUN,3,0,0
confidentially,ADV,3,0,0
fortune,NOUN,3,0,0
interrupt,VERB,3,0,0
skipper,NOUN,3,0,0
decision,NOUN,3,0,0
helpless,ADJ,3,0,0
military,ADJ,3,0,0
record,VERB,3,0,0
band,NOUN,3,0,0
first,NOUN,3,1,0
similar,ADJ,3,0,0
accost,VERB,3,0,0
identity,NOUN,3,0,0
grip,NOUN,3,0,0
terror,NOUN,3,0,0
sleeplessness,NOUN,3,0,0
litter,VERB,3,0,0
dump,NOUN,3,0,0
gentleman,NOUN,3,0,0
crust,NOUN,3,0,0
dusk,NOUN,3,0,0
raspberry,NOUN,3,0,0
land,VERB,3,0,0
incredible,ADJ,3,0,0
nowhere,ADV,3,1,0
ditch,NOUN,3,0,0
sneak,VERB,3,0,0
jam,NOUN,3,0,0
devour,VERB,3,0,0
wire,NOUN,3,0,0
glow,VERB,3,0,0
queer,NOUN,3,0,0
sleepless,ADJ,3,0,0
sling,VERB,3,0,0
hammer,VERB,3,0,0
amazed,ADJ,3,0,0
thieving,NOUN,3,0,0
scarcely,ADV,3,0,0
grumble,VERB,3,0,0
Sevenoaks,PROPN,3,0,1
bellyful,NOUN,3,0,0
hole,NOUN,3,0,0
burglar,NOUN,3,0,0
neighbouring,NOUN,3,0,0
Dat,PROPN,3,0,1
dey,NOUN,3,0,0
dere,NOUN,3,0,0
get,NOUN,3,1,0
o,PROPN,3,0,1
Revelations,PROPN,3,0,1
abroad,ADV,3,0,0
bloke,VERB,3,0,0
strangely,ADV,3,0,0
shelter,VERB,3,0,0
bladder,NOUN,3,0,0
overseer,NOUN,3,0,0
cool,ADJ,3,0,0
hooter,NOUN,3,0,0
driver,NOUN,3,0,0
torment,VERB,3,0,0
juice,NOUN,3,0,0
rain,VERB,3,0,0
dawn,NOUN,3,0,0
briefly,ADV,3,0,0
caravan,NOUN,3,0,0
seemingly,ADV,3,0,0
burrow,VERB,3,0,0
bloody,VERB,3,0,0
conceive,VERB,3,0,0
rip,VERB,3,0,0
handle,VERB,3,0,0
stride,NOUN,3,0,0
passionate,ADJ,3,0,0
whereupon,NOUN,3,1,0
whole,NOUN,3,1,0
granddaughter,NOUN,3,0,0
Rose,PROPN,3,0,1
gypsy,ADJ,3,0,0
inform,VERB,3,0,0
tally,NOUN,3,0,0
bookie,NOUN,3,0,0
whereat,NOUN,3,0,0
yell,NOUN,3,0,0
hundredweight,NOUN,3,0,0
interlude,NOUN,3,0,0
sulphurous,ADJ,3,0,0
stupid,ADJ,3,0,0
version,NOUN,3,0,0
you,NOUN,3,1,0
Sally,PROPN,3,0,1
Farm,PROPN,3,0,1
pennyworth,NOUN,3,0,0
harry,VERB,3,0,0
roar,VERB,3,0,0
thirteen,NUM,3,0,0
fourteen,NUM,3,0,0
distant,ADJ,3,0,0
mistake,NOUN,3,0,0
weigh,VERB,3,0,0
shelter,NOUN,3,0,0
payment,NOUN,3,0,0
disguise,VERB,3,0,0
kind,ADJ,3,0,0
pig,NOUN,3,0,0
ready,ADV,3,0,0
mystery,NOUN,3,0,0
honour,NOUN,3,0,0
farthing,NOUN,3,0,0
chip,NOUN,3,0,0
van,NOUN,3,0,0
cake,NOUN,3,0,0
fruit,NOUN,3,0,0
gang,NOUN,3,0,0
solve,VERB,3,0,0
shirt,NOUN,3,0,0
drama,NOUN,3,0,0
COUNTRY,PROPN,3,0,1
RECTORY,PROPN,3,0,1
column,NOUN,3,0,0
following,ADJ,3,0,0
constable,NOUN,3,0,0
swear,VERB,3,0,0
tribe,NOUN,3,0,0
sixteen,NUM,3,0,0
whisker,NOUN,3,0,0
stop,NOUN,3,0,0
interfere,VERB,3,0,0
tremble,VERB,3,0,0
reasonable,ADJ,3,0,0
danger,NOUN,3,0,0
question,VERB,3,0,0
mystify,VERB,3,0,0
bachelor,NOUN,3,0,0
elopement,NOUN,3,0,0
embrace,NOUN,3,0,0
scanty,NOUN,3,0,0
influence,NOUN,3,0,0
reveal,VERB,3,0,0
toff,NOUN,3,0,0
pal,NOUN,3,0,0
consciously,ADV,3,0,0
deliberately,ADV,3,0,0
long,VERB,3,0,0
skinny,ADJ,3,0,0
risk,VERB,3,0,0
post,VERB,3,0,0
excuse,VERB,3,0,0
dismiss,VERB,3,0,0
frenzy,NOUN,3,0,0
aim,VERB,3,0,0
ship,NOUN,3,0,0
clasp,VERB,3,0,0
tight,ADJ,3,0,0
inspector,NOUN,3,0,0
Jew,PROPN,3,0,1
inquiry,NOUN,3,0,0
dearie,PROPN,3,0,1
smash,NOUN,3,0,0
ruin,NOUN,3,0,0
burst,NOUN,3,0,0
application,NOUN,3,0,0
suburban,ADJ,3,0,0
rent,NOUN,3,0,0
sufficient,ADJ,3,0,0
prostitute,NOUN,3,0,0
main,ADJ,3,0,0
backside,NOUN,3,0,0
lodge,VERB,3,0,0
plan,NOUN,3,0,0
river,NOUN,3,0,0
spot,NOUN,3,0,0
nose,VERB,3,0,0
boozer,NOUN,3,0,0
war,NOUN,3,0,0
volume,NOUN,3,0,0
oo,INTJ,3,0,0
perishing,NOUN,3,0,0
Thursday,PROPN,3,0,1
Anglican,PROPN,3,0,1
real,ADV,3,0,0
dat,PROPN,3,0,1
thee,PRON,3,0,0
Flying,PROPN,3,0,1
Squad,PROPN,3,0,1
cop,VERB,3,0,0
kip,PROPN,3,0,1
toast,NOUN,3,0,0
vilify,VERB,3,0,0
nip,VERB,3,0,0
Black,PROPN,3,0,1
toe,NOUN,3,0,0
ear,VERB,3,0,0
razor,NOUN,3,0,0
Florry,PROPN,3,0,1
De,PROPN,3,0,1
fit,ADJ,3,0,0
cigarette,NOUN,3,0,0
ead,NOUN,3,0,0
upside,ADV,3,0,0
jest,NOUN,3,0,0
bet,VERB,3,0,0
Jesu,PROPN,3,0,1
flattie,NOUN,3,0,0
sleeper,NOUN,3,0,0
sergeant,NOUN,3,0,0
Dartmoor,PROPN,3,0,1
reely,ADV,3,0,0
groan,VERB,3,0,0
glory,NOUN,3,0,0
Dey,PROPN,3,0,1
slice,NOUN,3,0,0
cheer,NOUN,3,0,0
pyramid,NOUN,3,0,0
holy,PROPN,3,0,1
smoke,VERB,3,0,0
solitude,NOUN,3,0,0
Archdemons,PROPN,3,0,1
roll,VERB,3,0,0
away,ADP,3,0,0
rattle,VERB,3,0,0
proprietor,NOUN,3,0,0
rear,NOUN,3,0,0
furiously,ADV,3,0,0
Daughter,PROPN,3,0,1
beggar,NOUN,3,0,0
boredom,NOUN,3,0,0
vagueness,NOUN,3,0,0
either,ADV,3,1,0
escapade,NOUN,3,0,0
upbringing,NOUN,3,0,0
council,NOUN,3,0,0
detective,NOUN,3,0,0
absence,NOUN,3,0,0
master,NOUN,3,0,0
date,VERB,3,0,0
Commercial,PROPN,3,0,1
district,NOUN,3,0,0
gaunt,NOUN,3,0,0
stuff,VERB,3,0,0
will,NOUN,3,1,0
treatment,NOUN,3,0,0
notebook,NOUN,3,0,0
guinea,NOUN,3,0,0
sudden,ADV,3,0,0
chemistry,NOUN,3,0,0
refer,VERB,3,0,0
passez,NOUN,3,0,0
moi,X,3,0,0
le,X,3,0,0
beurre,PROPN,3,0,1
vous,ADJ,3,0,0
Le,PROPN,3,0,1
perdu,PROPN,3,0,1
son,PROPN,3,0,1
chapeau,PROPN,3,0,1
division,NOUN,3,0,0
utter,ADJ,3,0,0
copy,VERB,3,0,0
essay,NOUN,3,0,0
bud,NOUN,3,0,0
Boadicea,PROPN,3,0,1
chariot,NOUN,3,0,0
break,NOUN,3,0,0
affection,NOUN,3,0,0
proud,ADJ,3,0,0
spiritual,ADJ,3,0,0
landlord,NOUN,3,0,0
multiplication,NOUN,3,0,0
railway,NOUN,3,0,0
secretly,ADV,3,0,0
inspection,NOUN,3,0,0
wass,VERB,3,0,0
education,NOUN,3,0,0
Geo,PROPN,3,0,1
writer,NOUN,3,0,0
fangle,VERB,3,0,0
nag,VERB,3,0,0
despair,NOUN,3,0,0
womb,NOUN,3,0,0
buffalo,NOUN,3,0,0
commercial,ADJ,3,0,0
surprise,VERB,3,0,0
humiliate,VERB,3,0,0
fundamental,ADJ,3,0,0
travel,VERB,3,0,0
control,NOUN,3,0,0
blind,ADJ,3,0,0
loneliness,NOUN,3,0,0
rebel,VERB,3,0,0
iee,PROPN,3,0,1
ennui,NOUN,3,0,0
mistress,NOUN,3,0,0
exclamation,NOUN,3,0,0
explanation,NOUN,3,0,0
Guide,PROPN,3,0,1
amusing,ADJ,3,0,0
hypocrite,NOUN,3,0,0
alternative,NOUN,3,0,0
Frew,PROPN,3,0,1
Conqueror,PROPN,3,0,1
troubling,ADJ,2,0,0
awake,VERB,2,0,0
extreme,ADJ,2,0,0
nagging,NOUN,2,0,0
clamour,NOUN,2,0,0
contemptible,ADJ,2,0,0
exhort,VERB,2,0,0
vi,PROPN,2,0,1
hurried,ADJ,2,0,0
bedside,NOUN,2,0,0
cold,PROPN,2,0,1
rake,VERB,2,0,0
range,NOUN,2,0,0
dose,VERB,2,0,0
kerosene,PROPN,2,0,1
snore,VERB,2,0,0
snore,NOUN,2,0,0
funking,NOUN,2,0,0
breath,NOUN,2,0,0
waist,NOUN,2,0,0
T,PROPN,2,0,1
curtain,NOUN,2,0,0
M,PROPN,2,0,1
aluminium,NOUN,2,0,0
casement,PROPN,2,0,1
ribbon,NOUN,2,0,0
towel,NOUN,2,0,0
strand,NOUN,2,0,0
bob,VERB,2,0,0
beauty,NOUN,2,0,0
shapely,ADV,2,0,0
blonde,ADJ,2,0,0
closely,ADV,2,0,0
crow,NOUN,2,0,0
spot,VERB,2,0,0
bite,NOUN,2,0,0
falter,VERB,2,0,0
blasphemous,ADJ,2,0,0
afresh,ADV,2,0,0
curtain,VERB,2,0,0
stuffy,ADJ,2,0,0
masculine,ADJ,2,0,0
pillow,NOUN,2,0,0
senile,ADJ,2,0,0
lightning,NOUN,2,0,0
grey,PROPN,2,0,1
tweed,NOUN,2,0,0
space,NOUN,2,0,0
dining,NOUN,2,0,0
hillside,NOUN,2,0,0
sphinx,NOUN,2,0,0
active,ADJ,2,0,0
unswung,ADJ,2,0,0
cage,NOUN,2,0,0
weight,NOUN,2,0,0
clatter,NOUN,2,0,0
prop,VERB,2,0,0
graf,NOUN,2,0,0
sexton,NOUN,2,0,0
aisle,NOUN,2,0,0
wax,NOUN,2,0,0
island,NOUN,2,0,0
chancel,NOUN,2,0,0
visibly,ADV,2,0,0
filter,VERB,2,0,0
pale,PROPN,2,0,1
anaemic,ADJ,2,0,0
lime,NOUN,2,0,0
sunless,ADJ,2,0,0
swaying,NOUN,2,0,0
communicant,NOUN,2,0,0
attendance,NOUN,2,0,0
linen,NOUN,2,0,0
recite,VERB,2,0,0
swift,ADJ,2,0,0
administer,VERB,2,0,0
human,NOUN,2,0,0
jet,NOUN,2,0,0
greasy,NOUN,2,0,0
astrakhan,PROPN,2,0,1
piping,NOUN,2,0,0
Cologne,PROPN,2,0,1
lapel,NOUN,2,0,0
apprehensively,ADV,2,0,0
sacrilegious,ADJ,2,0,0
readiness,NOUN,2,0,0
chatter,VERB,2,0,0
eighth,ADJ,2,0,0
represent,VERB,2,0,0
Prince,PROPN,2,0,1
pinpoint,NOUN,2,0,0
attentive,ADJ,2,0,0
Archangels,PROPN,2,0,1
glorious,ADJ,2,0,0
praise,VERB,2,0,0
slowness,NOUN,2,0,0
disengage,VERB,2,0,0
creaking,NOUN,2,0,0
stay,NOUN,2,0,0
gum,NOUN,2,0,0
spontaneously,ADV,2,0,0
bite,VERB,2,0,0
carpet,NOUN,2,0,0
eau,PROPN,2,0,1
deprive,VERB,2,0,0
blankness,NOUN,2,0,0
distastefully,ADV,2,0,0
spoon,NOUN,2,0,0
double,VERB,2,0,0
sketch,VERB,2,0,0
spear,NOUN,2,0,0
pierce,VERB,2,0,0
gleam,VERB,2,0,0
greenness,NOUN,2,0,0
praise,NOUN,2,0,0
ardently,ADV,2,0,0
joyfully,ADV,2,0,0
repulsion,NOUN,2,0,0
leaden,ADJ,2,0,0
below,ADP,2,1,0
unequally,ADV,2,0,0
northern,ADJ,2,0,0
employee,NOUN,2,0,0
focus,NOUN,2,0,0
bow,NOUN,2,0,0
ace,NOUN,2,0,0
Toto,PROPN,2,0,1
lump,NOUN,2,0,0
society,NOUN,2,0,0
sham,NOUN,2,0,0
villa,NOUN,2,0,0
imitation,NOUN,2,0,0
dense,ADJ,2,0,0
vegetable,NOUN,2,0,0
weed,VERB,2,0,0
Catkin,PROPN,2,0,1
undoubtedly,ADV,2,0,0
dairy,NOUN,2,0,0
accountant,NOUN,2,0,0
underneath,ADV,2,0,0
underline,VERB,2,0,0
paler,NOUN,2,0,0
safety,NOUN,2,0,0
Van,PROPN,2,0,1
Dyck,PROPN,2,0,1
celebrate,VERB,2,0,0
stupidity,NOUN,2,0,0
grunt,VERB,2,0,0
delay,NOUN,2,0,0
knife,NOUN,2,0,0
fork,NOUN,2,0,0
crockery,NOUN,2,0,0
Woolworths,PROPN,2,0,1
curl,VERB,2,0,0
parliamentary,ADJ,2,0,0
fivepence,NOUN,2,0,0
Danish,PROPN,2,0,1
invasion,NOUN,2,0,0
damn,INTJ,2,0,0
euphemism,NOUN,2,0,0
deny,VERB,2,0,0
anachronism,NOUN,2,0,0
disgust,VERB,2,0,0
console,VERB,2,0,0
twentieth,ADJ,2,0,0
is,ADV,2,1,0
traditional,ADJ,2,0,0
slummy,ADJ,2,0,0
curate,VERB,2,0,0
villager,NOUN,2,0,0
diabolically,ADV,2,0,0
correct,ADJ,2,0,0
County,PROPN,2,0,1
gentry,NOUN,2,0,0
solely,ADV,2,0,0
personal,ADJ,2,0,0
fashioned,ADJ,2,0,0
Anglicanism,PROPN,2,0,1
comfort,VERB,2,0,0
prove,VERB,2,0,0
member,NOUN,2,0,0
sanctify,VERB,2,0,0
pulpit,NOUN,2,0,0
Hall,PROPN,2,0,1
Edmund,PROPN,2,0,1
guerrilla,NOUN,2,0,0
convert,NOUN,2,0,0
thick,NOUN,2,0,0
standing,NOUN,2,0,0
summon,VERB,2,0,0
abstraction,NOUN,2,0,0
platitude,NOUN,2,0,0
misty,ADJ,2,0,0
splendidly,ADV,2,0,0
profound,ADJ,2,0,0
festival,NOUN,2,0,0
valuable,ADJ,2,0,0
parishioner,NOUN,2,0,0
market,NOUN,2,0,0
dislike,NOUN,2,0,0
imitate,VERB,2,0,0
coster,NOUN,2,0,0
gigantic,ADJ,2,0,0
fiery,ADJ,2,0,0
dwarf,VERB,2,0,0
adore,VERB,2,0,0
relay,NOUN,2,0,0
revolting,NOUN,2,0,0
rehearse,VERB,2,0,0
grunt,NOUN,2,0,0
shoulder,VERB,2,0,0
complexion,NOUN,2,0,0
empty,VERB,2,0,0
sound,ADJ,2,0,0
urgently,ADV,2,0,0
propose,VERB,2,0,0
foredoom,VERB,2,0,0
failure,NOUN,2,0,0
stony,NOUN,2,0,0
aloof,ADJ,2,0,0
unhelpful,ADJ,2,0,0
adequate,ADJ,2,0,0
supply,NOUN,2,0,0
dainty,NOUN,2,0,0
perennially,ADV,2,0,0
agitated,ADJ,2,0,0
plume,NOUN,2,0,0
customer,NOUN,2,0,0
frown,VERB,2,0,0
delightful,ADJ,2,0,0
broker,NOUN,2,0,0
Sumatra,PROPN,2,0,1
Tin,PROPN,2,0,1
belt,NOUN,2,0,0
search,NOUN,2,0,0
inherit,VERB,2,0,0
scrape,VERB,2,0,0
persistently,ADV,2,0,0
anchorite,NOUN,2,0,0
Ages,PROPN,2,0,1
regularity,NOUN,2,0,0
unlikely,ADJ,2,0,0
disgraceful,ADJ,2,0,0
detestable,ADJ,2,0,0
straighten,VERB,2,0,0
reminiscent,ADJ,2,0,0
stricken,VERB,2,0,0
last,ADV,2,1,0
uselessness,NOUN,2,0,0
distress,VERB,2,0,0
firewood,NOUN,2,0,0
bake,VERB,2,0,0
short,ADV,2,0,0
item,NOUN,2,0,0
pop,VERB,2,0,0
herring,NOUN,2,0,0
coldly,ADV,2,0,0
snivelling,NOUN,2,0,0
respectfully,ADV,2,0,0
pardon,PROPN,2,0,1
intense,ADJ,2,0,0
crack,VERB,2,0,0
harass,VERB,2,0,0
swearing,NOUN,2,0,0
B,PROPN,2,0,1
atop,ADP,2,0,0
underneath,ADP,2,0,0
cost,NOUN,2,0,0
dangerous,ADJ,2,0,0
stove,NOUN,2,0,0
Lowestoft,PROPN,2,0,1
cupboard,NOUN,2,0,0
gaze,NOUN,2,0,0
horn,NOUN,2,0,0
sleek,ADJ,2,0,0
amorous,ADJ,2,0,0
deign,VERB,2,0,0
favour,NOUN,2,0,0
subscription,NOUN,2,0,0
knowing,NOUN,2,0,0
ghostly,ADJ,2,0,0
b,NOUN,2,0,0
twin,ADJ,2,0,0
watery,ADJ,2,0,0
islet,NOUN,2,0,0
enemy,NOUN,2,0,0
nail,VERB,2,0,0
revolt,VERB,2,0,0
house,PROPN,2,0,1
adorn,VERB,2,0,0
defunct,ADJ,2,0,0
dread,VERB,2,0,0
cheering,NOUN,2,0,0
trombone,NOUN,2,0,0
normally,ADV,2,0,0
triumphal,ADJ,2,0,0
pace,NOUN,2,0,0
BLIFIL,PROPN,2,0,1
GORDON,PROPN,2,0,1
enthusiastically,ADV,2,0,0
cluster,VERB,2,0,0
Bacchantes,PROPN,2,0,1
tighten,VERB,2,0,0
doorstep,NOUN,2,0,0
fascinated,ADJ,2,0,0
bump,VERB,2,0,0
Good,PROPN,2,0,1
presume,VERB,2,0,0
gingham,NOUN,2,0,0
elbow,VERB,2,0,0
automatically,ADV,2,0,0
housekeeper,NOUN,2,0,0
impose,VERB,2,0,0
conceal,VERB,2,0,0
paternally,ADV,2,0,0
witte,VERB,2,0,0
nut,NOUN,2,0,0
ironmonger,NOUN,2,0,0
mentally,ADV,2,0,0
register,VERB,2,0,0
hastily,ADV,2,0,0
tactless,ADJ,2,0,0
cheerfully,ADV,2,0,0
tuck,VERB,2,0,0
novelist,NOUN,2,0,0
thousand,NOUN,2,0,0
coop,NOUN,2,0,0
extremely,ADV,2,0,0
associate,VERB,2,0,0
freely,ADV,2,0,0
least,ADV,2,1,0
visitor,NOUN,2,0,0
brutally,ADV,2,0,0
assault,NOUN,2,0,0
horrify,VERB,2,0,0
friendship,NOUN,2,0,0
blasphemer,NOUN,2,0,0
pious,NOUN,2,0,0
exception,NOUN,2,0,0
believer,NOUN,2,0,0
wicked,ADJ,2,0,0
tease,VERB,2,0,0
species,NOUN,2,0,0
sympathy,NOUN,2,0,0
inexperienced,ADJ,2,0,0
celebrated,ADJ,2,0,0
mournful,ADJ,2,0,0
melancholy,ADJ,2,0,0
dearest,NOUN,2,0,0
mince,VERB,2,0,0
intimate,ADJ,2,0,0
pretty,ADJ,2,0,0
shocked,ADJ,2,0,0
whisper,NOUN,2,0,0
forth,ADP,2,0,0
withdraw,VERB,2,0,0
whispering,NOUN,2,0,0
wickedness,NOUN,2,0,0
Gaythorne,PROPN,2,0,1
grave,ADJ,2,0,0
choirboy,NOUN,2,0,0
satin,NOUN,2,0,0
slipper,NOUN,2,0,0
forthwith,ADV,2,0,0
accusation,NOUN,2,0,0
engagement,NOUN,2,0,0
quarrel,NOUN,2,0,0
edge,VERB,2,0,0
kerb,NOUN,2,0,0
pedal,NOUN,2,0,0
hurry,NOUN,2,0,0
lest,ADP,2,0,0
matter,ADV,2,0,0
discuss,VERB,2,0,0
homeward,NOUN,2,0,0
premonition,NOUN,2,0,0
gatepost,NOUN,2,0,0
seventeen,NUM,2,0,0
Lewin,PROPN,2,0,1
corn,NOUN,2,0,0
Pithers,PROPN,2,0,1
interior,NOUN,2,0,0
diffuse,VERB,2,0,0
mending,NOUN,2,0,0
condole,VERB,2,0,0
ride,NOUN,2,0,0
cock,NOUN,2,0,0
teapot,NOUN,2,0,0
excuse,NOUN,2,0,0
sham,VERB,2,0,0
talkative,ADJ,2,0,0
going,NOUN,2,0,0
disease,NOUN,2,0,0
promise,NOUN,2,0,0
hopeless,ADJ,2,0,0
league,NOUN,2,0,0
acceptable,ADJ,2,0,0
advance,NOUN,2,0,0
protrude,VERB,2,0,0
fur,NOUN,2,0,0
rug,NOUN,2,0,0
size,NOUN,2,0,0
richness,NOUN,2,0,0
sweat,NOUN,2,0,0
gnarl,VERB,2,0,0
knuckle,NOUN,2,0,0
kiss,NOUN,2,0,0
doctor,NOUN,2,0,0
well,NOUN,2,1,0
plot,NOUN,2,0,0
tidy,ADJ,2,0,0
opposite,ADP,2,0,0
harmonium,NOUN,2,0,0
poorly,ADV,2,0,0
sinful,ADJ,2,0,0
charm,NOUN,2,0,0
enthusiasm,NOUN,2,0,0
vividness,NOUN,2,0,0
pearl,NOUN,2,0,0
extend,VERB,2,0,0
concrete,NOUN,2,0,0
wind,VERB,2,0,0
conclude,VERB,2,0,0
kindly,ADV,2,0,0
John,PROPN,2,0,1
damp,VERB,2,0,0
flock,NOUN,2,0,0
embrocation,NOUN,2,0,0
Borlase,PROPN,2,0,1
rose,NOUN,2,0,0
intention,NOUN,2,0,0
vegetation,NOUN,2,0,0
envelop,VERB,2,0,0
stalk,NOUN,2,0,0
foliage,NOUN,2,0,0
lung,NOUN,2,0,0
foam,NOUN,2,0,0
oriental,ADJ,2,0,0
odour,NOUN,2,0,0
mighty,ADJ,2,0,0
ebb,VERB,2,0,0
admonish,VERB,2,0,0
thorn,NOUN,2,0,0
remount,VERB,2,0,0
balance,VERB,2,0,0
instinctively,ADV,2,0,0
sweep,VERB,2,0,0
direct,ADJ,2,0,0
unequal,ADJ,2,0,0
arouse,VERB,2,0,0
minister,NOUN,2,0,0
elder,NOUN,2,0,0
orgy,NOUN,2,0,0
haired,ADJ,2,0,0
clash,VERB,2,0,0
grimy,ADJ,2,0,0
rapidly,ADV,2,0,0
bubble,VERB,2,0,0
ink,NOUN,2,0,0
tow,NOUN,2,0,0
rage,NOUN,2,0,0
actor,NOUN,2,0,0
thoroughly,ADV,2,0,0
bore,VERB,2,0,0
stride,VERB,2,0,0
corpse,NOUN,2,0,0
quick,ADJ,2,0,0
passably,ADV,2,0,0
skull,NOUN,2,0,0
dye,VERB,2,0,0
through,ADV,2,1,0
theatrical,NOUN,2,0,0
Jowett,PROPN,2,0,1
blacksmith,PROPN,2,0,1
snip,VERB,2,0,0
neckhole,NOUN,2,0,0
armhole,NOUN,2,0,0
drape,VERB,2,0,0
VICTOR,PROPN,2,0,1
slink,VERB,2,0,0
snivel,VERB,2,0,0
feverish,ADJ,2,0,0
defy,VERB,2,0,0
resign,VERB,2,0,0
slit,VERB,2,0,0
gallop,VERB,2,0,0
sticki,ADJ,2,0,0
roundhead,NOUN,2,0,0
Cavaliers,PROPN,2,0,1
restive,ADJ,2,0,0
yawn,VERB,2,0,0
whine,NOUN,2,0,0
kick,NOUN,2,0,0
velvet,NOUN,2,0,0
thread,VERB,2,0,0
multitude,NOUN,2,0,0
wig,NOUN,2,0,0
visualize,VERB,2,0,0
ninepence,NOUN,2,0,0
mountain,NOUN,2,0,0
blot,VERB,2,0,0
abrupt,ADJ,2,0,0
fidget,VERB,2,0,0
cock,VERB,2,0,0
plant,NOUN,2,0,0
tendril,NOUN,2,0,0
feature,VERB,2,0,0
gift,NOUN,2,0,0
especial,NOUN,2,0,0
needless,ADJ,2,0,0
knowledgeable,ADJ,2,0,0
Modernists,PROPN,2,0,1
Protestants,PROPN,2,0,1
brim,NOUN,2,0,0
silver,VERB,2,0,0
unroll,VERB,2,0,0
splendid,ADJ,2,0,0
baptist,ADJ,2,0,0
chafe,VERB,2,0,0
ceaselessly,ADV,2,0,0
baker,NOUN,2,0,0
Scouts,PROPN,2,0,1
tenor,NOUN,2,0,0
Advent,PROPN,2,0,1
Number,PROPN,2,0,1
refrain,VERB,2,0,0
verse,NOUN,2,0,0
ale,NOUN,2,0,0
population,NOUN,2,0,0
Science,PROPN,2,0,1
fool,NOUN,2,0,0
liar,NOUN,2,0,0
tight,ADV,2,0,0
abysmal,ADJ,2,0,0
modernist,NOUN,2,0,0
rarely,ADV,2,0,0
Major,PROPN,2,0,1
attack,VERB,2,0,0
fiendish,ADJ,2,0,0
boil,NOUN,2,0,0
grudgingly,ADV,2,0,0
protestant,ADJ,2,0,0
ritualism,NOUN,2,0,0
cope,VERB,2,0,0
lace,NOUN,2,0,0
disgustedly,ADV,2,0,0
Thou,PROPN,2,0,1
march,PROPN,2,0,1
beaver,NOUN,2,0,0
exciting,ADJ,2,0,0
left,NOUN,2,0,0
unfortunately,ADV,2,0,0
Catholics,PROPN,2,0,1
pant,NOUN,2,0,0
score,VERB,2,0,0
appeal,VERB,2,0,0
absorbing,ADJ,2,0,0
Book,PROPN,2,0,1
trash,NOUN,2,0,0
aunt,NOUN,2,0,0
charge,VERB,2,0,0
unlike,ADP,2,0,0
dreadfully,ADV,2,0,0
drive,NOUN,2,0,0
sulkily,ADV,2,0,0
disgusted,ADJ,2,0,0
importance,NOUN,2,0,0
brazilian,ADJ,2,0,0
cigar,NOUN,2,0,0
show,NOUN,2,1,0
Australia,PROPN,2,0,1
permanent,ADJ,2,0,0
eternal,ADJ,2,0,0
roast,VERB,2,0,0
distressed,ADJ,2,0,0
sizzle,VERB,2,0,0
positively,ADV,2,0,0
orthodoxy,NOUN,2,0,0
firmly,ADV,2,0,0
plea,NOUN,2,0,0
Invincible,PROPN,2,0,1
confidently,ADV,2,0,0
sheep,NOUN,2,0,0
promising,ADJ,2,0,0
intelligible,ADJ,2,0,0
convert,VERB,2,0,0
shocking,ADJ,2,0,0
conclusion,NOUN,2,0,0
victorious,ADJ,2,0,0
moonlit,ADJ,2,0,0
pretext,NOUN,2,0,0
chiefly,ADV,2,0,0
talking,NOUN,2,0,0
wretche,VERB,2,0,0
dither,VERB,2,0,0
virgin,NOUN,2,0,0
nosed,ADJ,2,0,0
confide,VERB,2,0,0
type,VERB,2,0,0
pre,ADJ,2,0,0
War,PROPN,2,0,1
average,VERB,2,0,0
stalk,VERB,2,0,0
instep,NOUN,2,0,0
glue,ADJ,2,0,0
object,VERB,2,0,0
mildly,ADV,2,0,0
tactful,ADJ,2,0,0
caress,VERB,2,0,0
gold,ADJ,2,0,0
annoyance,NOUN,2,0,0
aversion,NOUN,2,0,0
violent,ADJ,2,0,0
exaggeration,NOUN,2,0,0
generously,ADV,2,0,0
outstanding,ADJ,2,0,0
theology,NOUN,2,0,0
cathedral,ADJ,2,0,0
voluminously,ADV,2,0,0
France,PROPN,2,0,1
Europe,PROPN,2,0,1
parting,NOUN,2,0,0
impressed,ADJ,2,0,0
good,INTJ,2,0,0
unmistakable,ADJ,2,0,0
flutter,VERB,2,0,0
repulsive,ADJ,2,0,0
incurable,ADJ,2,0,0
contrary,NOUN,2,0,0
careless,ADJ,2,0,0
intellectual,ADJ,2,0,0
plain,ADV,2,0,0
habitually,ADV,2,0,0
spoil,VERB,2,0,0
pursuit,NOUN,2,0,0
slow,VERB,2,0,0
Moon,PROPN,2,0,1
gladly,ADV,2,0,0
abnormal,ADJ,2,0,0
coldness,NOUN,2,0,0
wound,NOUN,2,0,0
thicket,NOUN,2,0,0
hoof,NOUN,2,0,0
replace,VERB,2,0,0
tiptoe,NOUN,2,0,0
resolve,VERB,2,0,0
strength,NOUN,2,0,0
slacking,NOUN,2,0,0
reinforce,VERB,2,0,0
hypnotic,ADJ,2,0,0
abyss,NOUN,2,0,0
lively,ADJ,2,0,0
apprehend,VERB,2,0,0
response,NOUN,2,0,0
perception,NOUN,2,0,0
brush,VERB,2,0,0
identify,VERB,2,0,0
artificial,ADJ,2,0,0
mysteriously,ADV,2,0,0
jeweller,NOUN,2,0,0
reflection,NOUN,2,0,0
opposite,NOUN,2,0,0
spell,VERB,2,0,0
tobacconist,NOUN,2,0,0
Paris,PROPN,2,0,1
bewilder,VERB,2,0,0
clumsy,ADJ,2,0,0
post,PROPN,2,0,1
smart,ADJ,2,0,0
frankly,ADV,2,0,0
orange,ADJ,2,0,0
Sonny,PROPN,2,0,1
baritone,NOUN,2,0,0
jest,VERB,2,0,0
dark,ADV,2,0,0
wide,ADJ,2,0,0
batty,VERB,2,0,0
kid,PROPN,2,0,1
astonishing,ADJ,2,0,0
delight,NOUN,2,0,0
bless,VERB,2,0,0
chum,VERB,2,0,0
partner,NOUN,2,0,0
sufficiently,ADV,2,0,0
sullen,ADJ,2,0,0
Blessington,PROPN,2,0,1
brown,NOUN,2,0,0
tommy,NOUN,2,0,0
twopenny,ADJ,2,0,0
Smoke,PROPN,2,0,1
scran,NOUN,2,0,0
speech,NOUN,2,0,0
random,ADJ,2,0,0
sensible,ADJ,2,0,0
slide,VERB,2,0,0
Elephant,PROPN,2,0,1
ike,VERB,2,0,0
march,NOUN,2,0,0
briskly,ADV,2,0,0
travel,NOUN,2,0,0
consecutive,ADJ,2,0,0
indefinite,ADJ,2,0,0
witless,NOUN,2,0,0
exposure,NOUN,2,0,0
slaughter,NOUN,2,0,0
untrue,ADJ,2,0,0
induce,VERB,2,0,0
zigzag,VERB,2,0,0
hopefully,ADV,2,0,0
picnic,NOUN,2,0,0
vainly,ADV,2,0,0
standard,NOUN,2,0,0
comparison,NOUN,2,0,0
belly,VERB,2,0,0
damson,NOUN,2,0,0
stealing,NOUN,2,0,0
thief,NOUN,2,0,0
prison,NOUN,2,0,0
restrain,VERB,2,0,0
owner,NOUN,2,0,0
handy,ADJ,2,0,0
squalid,ADJ,2,0,0
cauliflower,NOUN,2,0,0
revive,VERB,2,0,0
glare,VERB,2,0,0
sting,VERB,2,0,0
lorry,NOUN,2,0,0
bedding,NOUN,2,0,0
peacefully,ADV,2,0,0
glitter,VERB,2,0,0
tire,VERB,2,0,0
reserve,NOUN,2,0,0
shin,NOUN,2,0,0
destitution,NOUN,2,0,0
recently,ADV,2,0,0
comparatively,ADV,2,0,0
halt,NOUN,2,0,0
fore,NOUN,2,0,0
jack,NOUN,2,0,0
boy,INTJ,2,0,0
twa,VERB,2,0,0
seller,NOUN,2,0,0
Borstal,PROPN,2,0,1
gutter,NOUN,2,0,0
mixture,NOUN,2,0,0
Wale,PROPN,2,0,1
Irishwoman,PROPN,2,0,1
hint,NOUN,2,0,0
dere,PROPN,2,0,1
mornin,NOUN,2,0,0
deir,ADJ,2,0,0
Labour,PROPN,2,0,1
Government,PROPN,2,0,1
fle,VERB,2,0,0
fate,NOUN,2,0,0
relish,NOUN,2,0,0
Secret,PROPN,2,0,1
Love,PROPN,2,0,1
read,NOUN,2,0,0
twas,VERB,2,0,0
jack,VERB,2,0,0
sore,NOUN,2,0,0
enlighten,VERB,2,0,0
blur,VERB,2,0,0
gap,NOUN,2,0,0
light,ADJ,2,0,0
collapse,NOUN,2,0,0
lard,NOUN,2,0,0
contort,VERB,2,0,0
root,VERB,2,0,0
armful,NOUN,2,0,0
enormously,ADV,2,0,0
leafy,ADJ,2,0,0
green,PROPN,2,0,1
hunk,NOUN,2,0,0
fro,NOUN,2,0,0
stomach,NOUN,2,0,0
acid,NOUN,2,0,0
wet,VERB,2,0,0
ray,NOUN,2,0,0
wonder,NOUN,2,0,0
unexpectedly,ADV,2,0,0
Hop,PROPN,2,0,1
dreamlike,ADJ,2,0,0
swarm,VERB,2,0,0
yer,NOUN,2,0,0
Oo,PROPN,2,0,1
trip,VERB,2,0,0
undressed,ADJ,2,0,0
Jest,PROPN,2,0,1
alf,VERB,2,0,0
physically,ADV,2,0,0
curse,NOUN,2,0,0
frame,NOUN,2,0,0
awkwardly,ADV,2,0,0
slippery,ADJ,2,0,0
yield,VERB,2,0,0
coarse,ADJ,2,0,0
race,NOUN,2,0,0
curly,ADV,2,0,0
End,PROPN,2,0,1
papiermache,NOUN,2,0,0
troop,NOUN,2,0,0
adult,NOUN,2,0,0
shrill,ADJ,2,0,0
lazy,ADJ,2,0,0
consist,VERB,2,0,0
York,PROPN,2,0,1
signal,VERB,2,0,0
unpicked,ADJ,2,0,0
intone,VERB,2,0,0
spongy,ADJ,2,0,0
scoop,NOUN,2,0,0
hoist,VERB,2,0,0
ram,VERB,2,0,0
theoretically,ADV,2,0,0
unreasonable,ADJ,2,0,0
happiness,NOUN,2,0,0
absorb,VERB,2,0,0
weary,VERB,2,0,0
ocean,NOUN,2,0,0
appy,ADJ,2,0,0
ou,INTJ,2,0,0
ot,ADJ,2,0,0
misable,ADJ,2,0,0
Misable,PROPN,2,0,1
lousy,ADJ,2,0,0
mud,NOUN,2,0,0
economy,NOUN,2,0,0
preference,NOUN,2,0,0
cocoon,NOUN,2,0,0
pay,NOUN,2,0,0
sub,VERB,2,0,0
earning,NOUN,2,0,0
sacrifice,VERB,2,0,0
union,NOUN,2,0,0
so,CCONJ,2,1,0
Jim,PROPN,2,0,1
Burrows,PROPN,2,0,1
restaurant,NOUN,2,0,0
liking,NOUN,2,0,0
kindness,NOUN,2,0,0
surprising,ADJ,2,0,0
sixpence,VERB,2,0,0
pint,NOUN,2,0,0
hawker,NOUN,2,0,0
eel,NOUN,2,0,0
diet,NOUN,2,0,0
inevitably,ADV,2,0,0
employ,VERB,2,0,0
jail,NOUN,2,0,0
Golden,PROPN,2,0,1
abandon,VERB,2,0,0
nebulous,ADJ,2,0,0
jangle,NOUN,2,0,0
basin,NOUN,2,0,0
doze,VERB,2,0,0
lap,NOUN,2,0,0
leaded,ADJ,2,0,0
fortnight,ADJ,2,0,0
closing,NOUN,2,0,0
pullulate,VERB,2,0,0
tremendous,ADJ,2,0,0
bitterly,ADV,2,0,0
stiff,ADV,2,0,0
exhibit,NOUN,2,0,0
feather,NOUN,2,0,0
wink,VERB,2,0,0
pore,ADJ,2,0,0
pore,VERB,2,0,0
gruffly,NOUN,2,0,0
consideration,NOUN,2,0,0
magistrate,NOUN,2,0,0
uncontrollably,ADV,2,0,0
excitedly,ADV,2,0,0
arrest,NOUN,2,0,0
apathy,NOUN,2,0,0
irrelevant,ADJ,2,0,0
vividly,ADV,2,0,0
elopement,ADJ,2,0,0
trace,VERB,2,0,0
state,VERB,2,0,0
hotel,NOUN,2,0,0
moonlight,NOUN,2,0,0
indoor,NOUN,2,0,0
reappear,VERB,2,0,0
crumple,VERB,2,0,0
fascination,NOUN,2,0,0
plight,NOUN,2,0,0
sympathetic,ADJ,2,0,0
report,VERB,2,0,0
sunburn,NOUN,2,0,0
cheese,VERB,2,0,0
infer,VERB,2,0,0
chilly,ADV,2,0,0
figure,VERB,2,0,0
plaster,VERB,2,0,0
continental,ADJ,2,0,0
Say,PROPN,2,1,1
vestige,NOUN,2,0,0
commit,VERB,2,0,0
limit,NOUN,2,0,0
notepaper,NOUN,2,0,0
sigh,NOUN,2,0,0
dachshund,NOUN,2,0,0
fifth,ADJ,2,0,0
implore,VERB,2,0,0
tick,VERB,2,0,0
diaphragm,NOUN,2,0,0
emptiness,NOUN,2,0,0
pit,NOUN,2,0,0
communication,NOUN,2,0,0
contemplate,VERB,2,0,0
plant,VERB,2,0,0
homesickness,NOUN,2,0,0
doleful,ADJ,2,0,0
measure,NOUN,2,0,0
nursery,NOUN,2,0,0
governess,NOUN,2,0,0
housemaid,NOUN,2,0,0
parlourmaid,NOUN,2,0,0
hopper,NOUN,2,0,0
tin,ADJ,2,0,0
cheer,VERB,2,0,0
damage,NOUN,2,0,0
unanswered,ADJ,2,0,0
menacing,ADJ,2,0,0
attain,VERB,2,0,0
miniature,ADJ,2,0,0
doing,NOUN,2,1,0
cracker,NOUN,2,0,0
West,PROPN,2,0,1
trunk,NOUN,2,0,0
wheel,NOUN,2,0,0
track,NOUN,2,0,0
Tower,PROPN,2,0,1
cushion,NOUN,2,0,0
Bermondsey,PROPN,2,0,1
darn,VERB,2,0,0
Southwark,PROPN,2,0,1
labyrinthine,ADJ,2,0,0
decay,VERB,2,0,0
succession,NOUN,2,0,0
damn,VERB,2,0,0
proprietress,NOUN,2,0,0
Wellings,PROPN,2,0,1
Knockout,PROPN,2,0,1
Trousers,PROPN,2,0,1
Ltd,PROPN,2,0,1
den,NOUN,2,0,0
rouged,ADJ,2,0,0
powdered,ADJ,2,0,0
shrewish,ADJ,2,0,0
loud,ADJ,2,0,0
squeal,NOUN,2,0,0
greet,VERB,2,0,0
dungeon,NOUN,2,0,0
tar,NOUN,2,0,0
treat,NOUN,2,0,0
ta,PROPN,2,0,1
raider,NOUN,2,0,0
whisky,ADJ,2,0,0
chemise,NOUN,2,0,0
nauseous,ADJ,2,0,0
friendless,NOUN,2,0,0
gramophone,NOUN,2,0,0
fling,VERB,2,0,0
clothing,NOUN,2,0,0
prowl,VERB,2,0,0
two,NOUN,2,0,0
surge,VERB,2,0,0
race,VERB,2,0,0
hunter,NOUN,2,0,0
attendant,NOUN,2,0,0
Joe,PROPN,2,0,1
mechanic,NOUN,2,0,0
Camden,PROPN,2,0,1
interview,VERB,2,0,0
conceivable,ADJ,2,0,0
bully,VERB,2,0,0
pince,NOUN,2,0,0
nez,PROPN,2,0,1
lack,NOUN,2,0,0
reference,NOUN,2,0,0
gentlewoman,NOUN,2,0,0
damage,VERB,2,0,0
sniff,VERB,2,0,0
illegitimate,ADJ,2,0,0
solid,ADJ,2,0,0
disparage,VERB,2,0,0
discreet,ADJ,2,0,0
flicker,NOUN,2,0,0
hallway,NOUN,2,0,0
Barber,PROPN,2,0,1
Record,PROPN,2,0,1
Cage,PROPN,2,0,1
Birds,PROPN,2,0,1
strop,VERB,2,0,0
Razors,PROPN,2,0,1
occupation,NOUN,2,0,0
lethargic,ADJ,2,0,0
gaslight,NOUN,2,0,0
Waterloo,PROPN,2,0,1
visible,ADJ,2,0,0
il,PROPN,2,0,1
mimic,VERB,2,0,0
Ding,PROPN,2,0,1
de,VERB,2,0,0
square,ADJ,2,0,0
Covent,PROPN,2,0,1
Garden,PROPN,2,0,1
tile,VERB,2,0,0
Crockford,PROPN,2,0,1
shut,NOUN,2,0,0
go,NOUN,2,1,0
pitch,NOUN,2,0,0
calf,NOUN,2,0,0
Ancient,PROPN,2,0,1
perisher,NOUN,2,0,0
hook,NOUN,2,0,0
Lend,PROPN,2,0,1
and,NOUN,2,0,0
cool,VERB,2,0,0
stretch,NOUN,2,0,0
gimme,VERB,2,0,0
Babylon,PROPN,2,0,1
Detective,PROPN,2,0,1
Smith,PROPN,2,0,1
offender,NOUN,2,0,0
beak,NOUN,2,0,0
dis,PROPN,2,0,1
Wassat,PROPN,2,0,1
Bum,PROPN,2,0,1
retire,NOUN,2,0,0
Smithy,PROPN,2,0,1
Maria,PROPN,2,0,1
crooked,ADJ,2,0,0
gravestone,NOUN,2,0,0
tough,ADJ,2,0,0
ap,PROPN,2,0,1
py,PROPN,2,0,1
lu,NOUN,2,0,0
cky,PROPN,2,0,1
boy,PROPN,2,0,1
dig,NOUN,2,0,0
damnable,ADJ,2,0,0
Big,PROPN,2,0,1
sir,PROPN,2,0,1
Madam,PROPN,2,0,1
unfrocked,ADJ,2,0,0
flannel,NOUN,2,0,0
clergy,NOUN,2,0,0
spinster,NOUN,2,0,0
bub,NOUN,2,0,0
matie,PROPN,2,0,1
feature,NOUN,2,0,0
round,PROPN,2,0,1
blow,NOUN,2,0,0
ere,ADJ,2,0,0
FLORRY,PROPN,2,0,1
jeez,INTJ,2,0,0
dere,ADJ,2,0,0
s,NOUN,2,0,0
slope,NOUN,2,0,0
Deutschland,PROPN,2,0,1
dollar,NOUN,2,0,0
Chinamen,PROPN,2,0,1
Pig,PROPN,2,0,1
ole,VERB,2,0,0
spud,NOUN,2,0,0
topping,NOUN,2,0,0
gut,NOUN,2,0,0
cellar,NOUN,2,0,0
canary,NOUN,2,0,0
fly,NOUN,2,0,0
Kike,PROPN,2,0,1
sex,NOUN,2,0,0
appeal,NOUN,2,0,0
sotto,NOUN,2,0,0
voce,NOUN,2,0,0
Ole,PROPN,2,0,1
willow,NOUN,2,0,0
rumour,NOUN,2,0,0
distribute,VERB,2,0,0
ham,NOUN,2,0,0
Charing,PROPN,2,0,1
Cross,PROPN,2,0,1
chattering,NOUN,2,0,0
dis,NOUN,2,0,0
Begod,PROPN,2,0,1
drinking,NOUN,2,0,0
fancy,ADJ,2,0,0
onward,ADV,2,0,0
crumpet,NOUN,2,0,0
Bill,PROPN,2,0,1
laugh,NOUN,2,0,0
clapping,NOUN,2,0,0
sway,VERB,2,0,0
rise,NOUN,2,0,0
mine,PRON,2,1,0
ad,VERB,2,0,0
toad,NOUN,2,0,0
fat,NOUN,2,0,0
soft,ADJ,2,0,0
per,ADP,2,1,0
nunc,PROPN,2,0,1
afflict,VERB,2,0,0
wing,VERB,2,0,0
Demons,PROPN,2,0,1
electric,ADJ,2,0,0
midst,NOUN,2,0,0
consecutively,ADV,2,0,0
customary,ADJ,2,0,0
dip,VERB,2,0,0
Green,PROPN,2,0,1
Park,PROPN,2,0,1
storm,VERB,2,0,0
outer,ADJ,2,0,0
YOUTHS,PROPN,2,0,1
VOICES,PROPN,2,0,1
kins,PROPN,2,0,1
kin,NOUN,2,0,0
kipp,NOUN,2,0,0
er,NOUN,2,0,0
Corner,PROPN,2,0,1
Kippers,PROPN,2,0,1
readily,ADV,2,0,0
rare,ADJ,2,0,0
bearing,NOUN,2,0,0
precious,ADJ,2,0,0
plan,VERB,2,0,0
fatherly,ADV,2,0,0
fix,VERB,2,0,0
roundabout,NOUN,2,0,0
emotion,NOUN,2,0,0
learning,NOUN,2,0,0
frightful,ADJ,2,0,0
confound,VERB,2,0,0
wide,ADV,2,0,0
reporter,NOUN,2,0,0
unbearable,ADJ,2,0,0
publicity,NOUN,2,0,0
cheque,NOUN,2,0,0
qualm,NOUN,2,0,0
hearted,ADJ,2,0,0
obtuse,ADJ,2,0,0
brim,VERB,2,0,0
butler,NOUN,2,0,0
disapproval,NOUN,2,0,0
quid,NOUN,2,0,0
noiselessly,ADV,2,0,0
lately,ADV,2,0,0
rescue,VERB,2,0,0
industrious,ADJ,2,0,0
grisly,ADJ,2,0,0
print,VERB,2,0,0
handbag,NOUN,2,0,0
cotton,NOUN,2,0,0
glove,NOUN,2,0,0
thereafter,ADV,2,1,0
solitary,ADJ,2,0,0
uncle,NOUN,2,0,0
instinct,NOUN,2,0,0
suitable,ADJ,2,0,0
labyrinth,NOUN,2,0,0
rank,NOUN,2,0,0
shrub,NOUN,2,0,0
Apply,PROPN,2,0,1
Prospectus,PROPN,2,0,1
keeping,NOUN,2,0,0
Principal,PROPN,2,0,1
attractive,ADJ,2,0,0
horsehair,NOUN,2,0,0
angular,ADJ,2,0,0
discolour,VERB,2,0,0
ruthlessly,ADV,2,0,0
saucy,NOUN,2,0,0
wardrobe,NOUN,2,0,0
stand,NOUN,2,0,0
contain,VERB,2,0,0
clot,VERB,2,0,0
receive,VERB,2,0,0
attack,NOUN,2,0,0
gravel,NOUN,2,0,0
pip,VERB,2,0,0
beseech,VERB,2,0,0
quietly,ADV,2,0,0
obediently,ADV,2,0,0
composition,NOUN,2,0,0
qualification,NOUN,2,0,0
yourself,NOUN,2,1,0
plait,PROPN,2,0,1
fil,NOUN,2,0,0
du,PROPN,2,0,1
jardini,ADJ,2,0,0
utmost,ADJ,2,0,0
drudge,VERB,2,0,0
land,NOUN,2,0,0
floweret,NOUN,2,0,0
Revolution,PROPN,2,0,1
victory,NOUN,2,0,0
british,ADJ,2,0,0
fortunate,ADJ,2,0,0
woodcut,NOUN,2,0,0
illustration,NOUN,2,0,0
sagacious,ADJ,2,0,0
rejoice,VERB,2,0,0
geometrical,ADJ,2,0,0
instrument,NOUN,2,0,0
blot,NOUN,2,0,0
rudiment,NOUN,2,0,0
brat,NOUN,2,0,0
bondage,NOUN,2,0,0
pudding,NOUN,2,0,0
skimp,VERB,2,0,0
slab,NOUN,2,0,0
chocolate,NOUN,2,0,0
correct,VERB,2,0,0
noisily,ADV,2,0,0
dustpan,NOUN,2,0,0
charwoman,NOUN,2,0,0
nun,NOUN,2,0,0
impress,NOUN,2,0,0
Baptist,PROPN,2,0,1
acute,ADJ,2,0,0
profit,NOUN,2,0,0
behaviour,NOUN,2,0,0
sniff,NOUN,2,0,0
superstitious,ADJ,2,0,0
atla,NOUN,2,0,0
rigmarole,NOUN,2,0,0
drivel,NOUN,2,0,0
knight,NOUN,2,0,0
evoke,VERB,2,0,0
Robin,PROPN,2,0,1
Hood,PROPN,2,0,1
brilliant,ADJ,2,0,0
illustrate,VERB,2,0,0
press,NOUN,2,0,0
correction,NOUN,2,0,0
curriculum,NOUN,2,0,0
dictation,NOUN,2,0,0
congenital,ADJ,2,0,0
ominously,ADV,2,0,0
tenth,NOUN,2,0,0
witch,NOUN,2,0,0
Birnam,PROPN,2,0,1
Wood,PROPN,2,0,1
Dunsinane,PROPN,2,0,1
suit,VERB,2,0,0
dream,VERB,2,0,0
undo,VERB,2,0,0
beastliness,NOUN,2,0,0
uncertainty,NOUN,2,0,0
programme,NOUN,2,0,0
tiresome,ADJ,2,0,0
cradle,NOUN,2,0,0
new,ADV,2,0,0
pepper,VERB,2,0,0
whereas,SCONJ,2,1,0
Testament,PROPN,2,0,1
thou,NOUN,2,0,0
Macduff,PROPN,2,0,1
untimely,ADV,2,0,0
trembling,NOUN,2,0,0
sulk,VERB,2,0,0
regard,NOUN,2,0,0
Literature,PROPN,2,0,1
Yer,PROPN,2,0,1
rightly,ADV,2,0,0
treachery,NOUN,2,0,0
virtue,NOUN,2,0,0
solemn,ADJ,2,0,0
clarity,NOUN,2,0,0
dismissal,NOUN,2,0,0
Shakespeares,PROPN,2,0,1
unconscious,ADJ,2,0,0
develop,VERB,2,0,0
plasticine,VERB,2,0,0
improvement,NOUN,2,0,0
punishment,NOUN,2,0,0
threat,NOUN,2,0,0
commandment,NOUN,2,0,0
provincial,ADJ,2,0,0
boarding,NOUN,2,0,0
hack,NOUN,2,0,0
staff,NOUN,2,0,0
Public,PROPN,2,0,1
inspect,VERB,2,0,0
officially,ADV,2,0,0
brightness,NOUN,2,0,0
fish,VERB,2,0,0
fairy,NOUN,2,0,0
chemical,NOUN,2,0,0
experiment,NOUN,2,0,0
perform,VERB,2,0,0
prestige,NOUN,2,0,0
mutinous,ADJ,2,0,0
appreciate,VERB,2,0,0
observance,NOUN,2,0,0
hm,INTJ,2,0,0
cowardly,ADV,2,0,0
snap,VERB,2,0,0
loathsome,ADJ,2,0,0
merciless,NOUN,2,0,0
saint,NOUN,2,0,0
outworn,NOUN,2,0,0
recuperate,VERB,2,0,0
illness,NOUN,2,0,0
leisure,NOUN,2,0,0
wilderness,NOUN,2,0,0
Burnham,PROPN,2,0,1
beech,PROPN,2,0,1
completely,ADV,2,0,0
companionship,NOUN,2,0,0
wait,NOUN,2,0,0
miry,ADJ,2,0,0
Toot,PROPN,2,0,1
College,PROPN,2,0,1
boarder,NOUN,2,0,0
Efficiency,PROPN,2,0,1
Ritual,PROPN,2,0,1
test,NOUN,2,0,0
driving,NOUN,2,0,0
Telegraph,PROPN,2,0,1
Tyrol,PROPN,2,0,1
memento,PROPN,2,0,1
dingy,ADJ,2,0,0
employer,NOUN,2,0,0
cent,NOUN,2,0,0
pride,VERB,2,0,0
telegram,NOUN,2,0,0
tip,VERB,2,0,0
dragon,NOUN,2,0,0
quieter,NOUN,2,0,0
blacken,VERB,2,0,0
parlour,NOUN,2,0,0
bloom,NOUN,2,0,0
recoil,NOUN,2,0,0
hypocrisy,NOUN,2,0,0
morbid,ADJ,2,0,0
scheme,NOUN,2,0,0
sect,NOUN,2,0,0
baldness,NOUN,2,0,0
dolore,NOUN,2,0,0
bleaker,NOUN,2,0,0
hypnotize,VERB,2,0,0
spell,NOUN,2,0,0
diversion,NOUN,2,0,0
hedonism,NOUN,2,0,0
cosmo,NOUN,2,0,0
Marriage,PROPN,2,0,1
Georgie,PROPN,2,0,1
biscuit,NOUN,2,0,0
Duke,PROPN,2,0,1
Wellington,PROPN,2,0,1
II,PROPN,2,0,1
greave,NOUN,2,0,0
outward,ADJ,2,0,0
ultimate,ADJ,2,0,0
restore,VERB,2,0,0
thou,VERB,2,0,0
formulate,VERB,2,0,0
coating,NOUN,2,0,0
Clergyman,PROPN,1,0,1
Orwell,PROPN,1,0,1
ebook,NOUN,1,0,0
explode,VERB,1,0,0
bomb,NOUN,1,0,0
bell,PROPN,1,0,1
metal,PROPN,1,0,1
depth,NOUN,1,0,0
insidious,ADJ,1,0,0
bedclothe,NOUN,1,0,0
plural,NOUN,1,0,0
snoozing,NOUN,1,0,0
Proverbs,PROPN,1,0,1
distractedly,ADV,1,0,0
coldish,VERB,1,0,0
Reverend,PROPN,1,0,1
flannelette,NOUN,1,0,0
dab,NOUN,1,0,0
antiphonal,ADJ,1,0,0
snoring,NOUN,1,0,0
cupful,NOUN,1,0,0
drunkard,NOUN,1,0,0
nip,NOUN,1,0,0
youthful,ADJ,1,0,0
splashing,NOUN,1,0,0
unappetize,VERB,1,0,0
pool,NOUN,1,0,0
detest,VERB,1,0,0
tentative,ADJ,1,0,0
exhortation,NOUN,1,0,0
resolutely,ADV,1,0,0
girdle,NOUN,1,0,0
immerse,VERB,1,0,0
gasping,NOUN,1,0,0
wriggling,NOUN,1,0,0
kitchen,PROPN,1,0,1
tonic,NOUN,1,0,0
L,PROPN,1,0,1
cornplaster,NOUN,1,0,0
Rehearsal,PROPN,1,0,1
lb,ADP,1,0,0
DINNER,PROPN,1,0,1
Mag,PROPN,1,0,1
F,PROPN,1,0,1
pm,NOUN,1,0,0
u,NOUN,1,0,0
Brasso,PROPN,1,0,1
SUPPER,PROPN,1,0,1
scrambled,ADJ,1,0,0
Type,PROPN,1,0,1
peas,PROPN,1,0,1
napkin,NOUN,1,0,0
sized,ADJ,1,0,0
unpinned,ADJ,1,0,0
positive,ADJ,1,0,0
height,NOUN,1,0,0
unremarkable,ADJ,1,0,0
repose,PROPN,1,0,1
commonly,ADV,1,0,0
earnestness,NOUN,1,0,0
toothpaste,NOUN,1,0,0
fast,VERB,1,0,0
toothbrush,NOUN,1,0,0
viscera,NOUN,1,0,0
remotest,ADJ,1,0,0
agonize,VERB,1,0,0
involuntarily,ADV,1,0,0
cargill,VERB,1,0,0
worldly,ADJ,1,0,0
relaid,VERB,1,0,0
dirty,VERB,1,0,0
anxiously,ADV,1,0,0
muffle,VERB,1,0,0
thistledown,NOUN,1,0,0
irritably,ADV,1,0,0
indistinctly,ADV,1,0,0
muffled,ADJ,1,0,0
daylight,NOUN,1,0,0
crucifix,NOUN,1,0,0
hairpin,NOUN,1,0,0
sketchily,ADV,1,0,0
jersey,PROPN,1,0,1
threadbare,VERB,1,0,0
irish,ADJ,1,0,0
match,VERB,1,0,0
overcast,ADJ,1,0,0
wreathe,VERB,1,0,0
leaden,NOUN,1,0,0
toll,VERB,1,0,0
funereally,ADV,1,0,0
splinter,VERB,1,0,0
below,ADV,1,1,0
tinny,ADJ,1,0,0
muffin,NOUN,1,0,0
handlebar,NOUN,1,0,0
bridge,NOUN,1,0,0
redshank,NOUN,1,0,0
overhead,ADV,1,0,0
lychgate,NOUN,1,0,0
grey,VERB,1,0,0
clump,VERB,1,0,0
ruinous,ADJ,1,0,0
nave,NOUN,1,0,0
inscription,NOUN,1,0,0
site,NOUN,1,0,0
sag,VERB,1,0,0
box,VERB,1,0,0
riddled,ADJ,1,0,0
mutely,ADV,1,0,0
mortal,ADJ,1,0,0
foe,NOUN,1,0,0
Christendom,PROPN,1,0,1
beetle,NOUN,1,0,0
cypress,NOUN,1,0,0
hassock,NOUN,1,0,0
knelt,NOUN,1,0,0
ungenial,ADJ,1,0,0
fastidious,ADJ,1,0,0
aloofness,NOUN,1,0,0
valid,ADJ,1,0,0
harassed,ADJ,1,0,0
patiently,ADV,1,0,0
uncomprehende,VERB,1,0,0
reverent,ADJ,1,0,0
fiddle,VERB,1,0,0
concentrate,VERB,1,0,0
intermittently,ADV,1,0,0
unheeded,ADJ,1,0,0
stray,VERB,1,0,0
headless,ADJ,1,0,0
sawcut,NOUN,1,0,0
Puritan,PROPN,1,0,1
quasi,ADJ,1,0,0
pork,NOUN,1,0,0
pie,NOUN,1,0,0
musty,ADJ,1,0,0
coarser,PROPN,1,0,1
rivulet,NOUN,1,0,0
discoverable,ADJ,1,0,0
legendary,ADJ,1,0,0
proverbial,ADJ,1,0,0
substance,NOUN,1,0,0
bombazine,NOUN,1,0,0
radiate,VERB,1,0,0
ethereal,ADJ,1,0,0
analysable,ADJ,1,0,0
eau,NOUN,1,0,0
flavour,NOUN,1,0,0
furtively,ADV,1,0,0
tingle,VERB,1,0,0
discipline,NOUN,1,0,0
irreverence,NOUN,1,0,0
poise,VERB,1,0,0
collectedly,ADV,1,0,0
disapprovingly,ADV,1,0,0
vaingloriously,ADV,1,0,0
pleat,NOUN,1,0,0
General,PROPN,1,0,1
Confession,PROPN,1,0,1
wandering,NOUN,1,0,0
design,VERB,1,0,0
Warde,PROPN,1,0,1
Tooke,PROPN,1,0,1
welcome,NOUN,1,0,0
heaven,PROPN,1,0,1
Gabriel,PROPN,1,0,1
legion,NOUN,1,0,0
Consort,PROPN,1,0,1
conscientiously,ADV,1,0,0
tinkle,VERB,1,0,0
clapper,NOUN,1,0,0
loose,ADV,1,0,0
laud,VERB,1,0,0
evermore,ADP,1,0,0
consecration,NOUN,1,0,0
disjoint,VERB,1,0,0
whiff,NOUN,1,0,0
grating,NOUN,1,0,0
tottering,NOUN,1,0,0
bloodless,ADJ,1,0,0
surprisingly,ADV,1,0,0
underlip,ADJ,1,0,0
pendulous,ADJ,1,0,0
slobber,VERB,1,0,0
dewy,NOUN,1,0,0
appetizing,ADJ,1,0,0
suppress,VERB,1,0,0
meekly,ADV,1,0,0
Kneeling,PROPN,1,0,1
bent,ADJ,1,0,0
clasped,ADJ,1,0,0
current,NOUN,1,0,0
cologne,NOUN,1,0,0
fastidiously,ADV,1,0,0
geometrid,NOUN,1,0,0
caterpillar,NOUN,1,0,0
elaborately,ADV,1,0,0
braid,ADJ,1,0,0
frog,NOUN,1,0,0
chaos,NOUN,1,0,0
sidelong,PROPN,1,0,1
downwards,ADV,1,0,0
spray,NOUN,1,0,0
transient,ADJ,1,0,0
matchless,NOUN,1,0,0
jade,PROPN,1,0,1
emerald,ADJ,1,0,0
atlantic,ADJ,1,0,0
jewel,NOUN,1,0,0
unimaginable,ADJ,1,0,0
splendour,NOUN,1,0,0
flood,NOUN,1,0,0
ye,DET,1,0,0
thankfully,ADV,1,0,0
abasement,NOUN,1,0,0
imprint,NOUN,1,0,0
rim,NOUN,1,0,0
undulate,VERB,1,0,0
anglian,ADJ,1,0,0
intolerably,ADV,1,0,0
fanshape,VERB,1,0,0
west,NOUN,1,0,0
agricultural,ADJ,1,0,0
higgledy,NOUN,1,0,0
piggledly,ADJ,1,0,0
newcomer,NOUN,1,0,0
townfolk,NOUN,1,0,0
godless,NOUN,1,0,0
pivot,NOUN,1,0,0
license,VERB,1,0,0
rosy,ADV,1,0,0
gille,VERB,1,0,0
elite,NOUN,1,0,0
chubby,PROPN,1,0,1
goldfish,NOUN,1,0,0
aquarium,ADJ,1,0,0
twitter,NOUN,1,0,0
queen,NOUN,1,0,0
trump,NOUN,1,0,0
wiggling,NOUN,1,0,0
darling,NOUN,1,0,0
duck,NOUN,1,0,0
acid,ADJ,1,0,0
nickname,VERB,1,0,0
colony,NOUN,1,0,0
machicolated,ADJ,1,0,0
castle,NOUN,1,0,0
Folly,PROPN,1,0,1
fortunately,ADV,1,0,0
shrubbery,NOUN,1,0,0
inconveniently,ADV,1,0,0
peel,VERB,1,0,0
greenhouse,NOUN,1,0,0
workroom,NOUN,1,0,0
fir,NOUN,1,0,0
shadow,VERB,1,0,0
digging,NOUN,1,0,0
sowing,NOUN,1,0,0
planting,NOUN,1,0,0
spare,ADJ,1,0,0
vegetable,ADJ,1,0,0
jungle,NOUN,1,0,0
officious,ADJ,1,0,0
vote,NOUN,1,0,0
Wages,PROPN,1,0,1
conservative,ADJ,1,0,0
coconut,NOUN,1,0,0
tailor,NOUN,1,0,0
unstamped,ADJ,1,0,0
flap,VERB,1,0,0
draper,NOUN,1,0,0
flap,NOUN,1,0,0
convulsive,ADJ,1,0,0
render,VERB,1,0,0
innocuous,ADJ,1,0,0
Shd,PROPN,1,0,1
EARLIEST,PROPN,1,0,1
possible,NOUN,1,0,0
settlement,NOUN,1,0,0
repapere,VERB,1,0,0
furnish,VERB,1,0,0
sweeping,NOUN,1,0,0
antique,ADJ,1,0,0
batter,VERB,1,0,0
foible,NOUN,1,0,0
deface,VERB,1,0,0
damp,NOUN,1,0,0
perfection,NOUN,1,0,0
amiable,ADJ,1,0,0
significantly,ADV,1,0,0
marked,ADJ,1,0,0
emphasis,NOUN,1,0,0
breakfast,VERB,1,0,0
euphemistically,ADV,1,0,0
cultivate,VERB,1,0,0
tiresomeness,NOUN,1,0,0
dissatisfied,ADJ,1,0,0
secondly,ADV,1,0,0
riffraff,NOUN,1,0,0
partibus,PROPN,1,0,1
infidelium,NOUN,1,0,0
Benedictus,PROPN,1,0,1
benedicat,PROPN,1,0,1
gilt,NOUN,1,0,0
heirloom,NOUN,1,0,0
spillikin,NOUN,1,0,0
institution,NOUN,1,0,0
regretfully,ADV,1,0,0
variety,NOUN,1,0,0
danish,ADJ,1,0,0
responsible,ADJ,1,0,0
witticism,NOUN,1,0,0
idle,VERB,1,0,0
conversational,ADJ,1,0,0
unspeakably,ADV,1,0,0
despondently,ADV,1,0,0
unfailing,ADJ,1,0,0
infuriate,VERB,1,0,0
pluralist,NOUN,1,0,0
fossil,NOUN,1,0,0
tether,VERB,1,0,0
Lenin,PROPN,1,0,1
exasperation,NOUN,1,0,0
outmoded,ADJ,1,0,0
cure,NOUN,1,0,0
hooliganish,ADJ,1,0,0
loathing,NOUN,1,0,0
decidedly,ADV,1,0,0
trodden,ADJ,1,0,0
unhappiness,NOUN,1,0,0
age,VERB,1,0,0
incurably,ADV,1,0,0
sour,VERB,1,0,0
alienate,VERB,1,0,0
scrupulously,ADV,1,0,0
Anglian,PROPN,1,0,1
spitefully,ADV,1,0,0
untruly,ADV,1,0,0
largely,ADV,1,0,0
grandson,NOUN,1,0,0
obstinately,ADV,1,0,0
clung,PROPN,1,0,1
catholicism,ADJ,1,0,0
daringly,ADV,1,0,0
untouched,ADJ,1,0,0
Creeds,PROPN,1,0,1
fifth,NOUN,1,0,0
Leavis,PROPN,1,0,1
retired,ADJ,1,0,0
merchant,NOUN,1,0,0
Edward,PROPN,1,0,1
Huson,PROPN,1,0,1
Crabtree,PROPN,1,0,1
choice,NOUN,1,0,0
Blake,PROPN,1,0,1
Jerusalem,PROPN,1,0,1
blazon,VERB,1,0,0
liqueur,PROPN,1,0,1
Cameron,PROPN,1,0,1
literary,ADJ,1,0,0
ecclesiam,NOUN,1,0,0
nulla,NOUN,1,0,0
salus,NOUN,1,0,0
bequeath,VERB,1,0,0
collection,NOUN,1,0,0
wearily,ADV,1,0,0
polite,ADJ,1,0,0
sarcasm,VERB,1,0,0
inanity,NOUN,1,0,0
come,NOUN,1,0,0
pod,NOUN,1,0,0
tomato,NOUN,1,0,0
faux,ADJ,1,0,0
pas,NOUN,1,0,0
distaste,NOUN,1,0,0
disconcert,VERB,1,0,0
sixteenth,ADJ,1,0,0
vanity,NOUN,1,0,0
abhorrence,NOUN,1,0,0
surly,ADV,1,0,0
anima,PROPN,1,0,1
naturaliter,PROPN,1,0,1
Nonconformistica,PROPN,1,0,1
Stonehenge,PROPN,1,0,1
marrow,NOUN,1,0,0
leviathan,NOUN,1,0,0
place,VERB,1,0,0
rapture,NOUN,1,0,0
admire,VERB,1,0,0
Wordsworth,PROPN,1,0,1
Westminster,PROPN,1,0,1
Earth,PROPN,1,0,1
Dull,PROPN,1,0,1
majesty,NOUN,1,0,0
heir,NOUN,1,0,0
greek,ADJ,1,0,0
togas,NOUN,1,0,0
elicit,VERB,1,0,0
mute,VERB,1,0,0
concert,NOUN,1,0,0
Festivals,PROPN,1,0,1
maidservant,NOUN,1,0,0
gauchely,ADV,1,0,0
scaly,PROPN,1,0,1
plaintive,ADJ,1,0,0
eczema,PROPN,1,0,1
directly,ADV,1,0,0
plaintively,ADV,1,0,0
diarrhoea,NOUN,1,0,0
mealtime,NOUN,1,0,0
irritated,ADJ,1,0,0
labour,VERB,1,0,0
baptism,NOUN,1,0,0
snow,NOUN,1,0,0
jar,NOUN,1,0,0
divine,VERB,1,0,0
calm,NOUN,1,0,0
allowance,NOUN,1,0,0
unmove,VERB,1,0,0
detect,VERB,1,0,0
meditative,ADJ,1,0,0
puff,NOUN,1,0,0
unfair,ADJ,1,0,0
Nonsense,PROPN,1,0,1
Goodness,PROPN,1,0,1
dun,VERB,1,0,0
democracy,NOUN,1,0,0
reinvest,VERB,1,0,0
abstractedly,ADV,1,0,0
numberless,VERB,1,0,0
central,ADJ,1,0,0
inveterate,NOUN,1,0,0
gambler,NOUN,1,0,0
gamble,VERB,1,0,0
lifelong,ADJ,1,0,0
lure,NOUN,1,0,0
equivalent,NOUN,1,0,0
Dark,PROPN,1,0,1
phenomenal,ADJ,1,0,0
disgrace,VERB,1,0,0
ton,NOUN,1,0,0
exaggerate,VERB,1,0,0
evenly,ADV,1,0,0
Luncheon,PROPN,1,0,1
irritation,NOUN,1,0,0
Salter,PROPN,1,0,1
perceptibly,ADV,1,0,0
Baronet,PROPN,1,0,1
estate,NOUN,1,0,0
reversion,NOUN,1,0,0
aristocratic,ADJ,1,0,0
shelved,ADJ,1,0,0
shelve,VERB,1,0,0
basketwork,ADJ,1,0,0
carrier,NOUN,1,0,0
free,ADV,1,0,0
wheeled,ADJ,1,0,0
lentil,NOUN,1,0,0
soda,NOUN,1,0,0
oil,PROPN,1,0,1
polish,NOUN,1,0,0
laundry,ADJ,1,0,0
roughly,ADV,1,0,0
cod,NOUN,1,0,0
whiting,NOUN,1,0,0
sprat,NOUN,1,0,0
skate,NOUN,1,0,0
honesty,ADJ,1,0,0
sarcastic,ADJ,1,0,0
stave,VERB,1,0,0
Matthew,PROPN,1,0,1
hail,VERB,1,0,0
Beg,PROPN,1,0,1
inwardly,ADV,1,0,0
alarming,ADJ,1,0,0
pessimistic,ADJ,1,0,0
conscientious,ADJ,1,0,0
loyal,ADJ,1,0,0
churchman,NOUN,1,0,0
dim,NOUN,1,0,0
intellect,NOUN,1,0,0
solicitude,NOUN,1,0,0
gloomily,ADV,1,0,0
note,VERB,1,0,0
imperfect,ADJ,1,0,0
recapture,VERB,1,0,0
oath,NOUN,1,0,0
bell,VERB,1,0,0
splintering,NOUN,1,0,0
smorne,VERB,1,0,0
bust,VERB,1,0,0
reswinge,VERB,1,0,0
estimate,VERB,1,0,0
porch,NOUN,1,0,0
carpenter,NOUN,1,0,0
mend,VERB,1,0,0
flue,NOUN,1,0,0
sweep,NOUN,1,0,0
asthma,NOUN,1,0,0
staggering,ADJ,1,0,0
since,ADV,1,1,0
Belfry,PROPN,1,0,1
precedent,NOUN,1,0,0
hoot,VERB,1,0,0
Proprietor,PROPN,1,0,1
sandy,ADJ,1,0,0
Harris,PROPN,1,0,1
tweed,VERB,1,0,0
Ralph,PROPN,1,0,1
epicene,NOUN,1,0,0
eliot,ADJ,1,0,0
ver,NOUN,1,0,0
libre,NOUN,1,0,0
Aye,PROPN,1,0,1
bind,VERB,1,0,0
tis,PROPN,1,0,1
honey,NOUN,1,0,0
Liberal,PROPN,1,0,1
Communist,PROPN,1,0,1
scare,VERB,1,0,0
fortnightly,ADV,1,0,0
refrain,NOUN,1,0,0
villanelle,NOUN,1,0,0
wise,PROPN,1,0,1
woolly,ADJ,1,0,0
oblique,ADJ,1,0,0
ideally,ADV,1,0,0
sham,PROPN,1,0,1
chinese,ADJ,1,0,0
joss,ADJ,1,0,0
Doric,PROPN,1,0,1
pillare,VERB,1,0,0
inn,NOUN,1,0,0
terrific,ADJ,1,0,0
Rule,PROPN,1,0,1
Britannia,PROPN,1,0,1
sidestreet,NOUN,1,0,0
streamer,NOUN,1,0,0
empire,NOUN,1,0,0
richly,ADV,1,0,0
detachment,NOUN,1,0,0
Buffaloes,PROPN,1,0,1
earnest,ADJ,1,0,0
Reds,PROPN,1,0,1
Beer,PROPN,1,0,1
Pot,PROPN,1,0,1
lapdog,NOUN,1,0,0
vine,NOUN,1,0,0
god,PROPN,1,0,1
eager,ADJ,1,0,0
largesse,ADJ,1,0,0
unceasing,ADJ,1,0,0
grade,VERB,1,0,0
populace,NOUN,1,0,0
diffused,ADJ,1,0,0
individual,NOUN,1,0,0
patriot,NOUN,1,0,0
favour,VERB,1,0,0
squeaky,X,1,0,0
Cheewio,PROPN,1,0,1
blue,ADV,1,0,0
striped,ADJ,1,0,0
purple,ADJ,1,0,0
ominous,ADJ,1,0,0
Heavens,PROPN,1,0,1
pricking,NOUN,1,0,0
micawberish,ADJ,1,0,0
bewitch,VERB,1,0,0
sleeveless,ADJ,1,0,0
severely,ADV,1,0,0
reflex,ADJ,1,0,0
Brittany,PROPN,1,0,1
naive,ADJ,1,0,0
independent,ADJ,1,0,0
painter,NOUN,1,0,0
mediocre,NOUN,1,0,0
concubinage,NOUN,1,0,0
foreigner,NOUN,1,0,0
Spaniard,PROPN,1,0,1
park,VERB,1,0,0
rakish,ADJ,1,0,0
sizeable,ADJ,1,0,0
annexe,NOUN,1,0,0
rascal,NOUN,1,0,0
shepherd,VERB,1,0,0
pause,NOUN,1,0,0
wend,VERB,1,0,0
troupe,NOUN,1,0,0
antic,NOUN,1,0,0
cortege,NOUN,1,0,0
expressively,ADV,1,0,0
fawning,NOUN,1,0,0
oaf,NOUN,1,0,0
monkey,NOUN,1,0,0
hound,NOUN,1,0,0
impertinence,NOUN,1,0,0
socialist,ADJ,1,0,0
candidate,NOUN,1,0,0
weazened,ADJ,1,0,0
peer,VERB,1,0,0
veil,VERB,1,0,0
malevolence,NOUN,1,0,0
Socialists,PROPN,1,0,1
grateful,ADJ,1,0,0
appreciably,ADV,1,0,0
sidelong,NOUN,1,0,0
author,NOUN,1,0,0
concubine,NOUN,1,0,0
pornography,NOUN,1,0,0
but,ADV,1,1,0
au,PROPN,1,0,1
fait,PROPN,1,0,1
Bloomsbury,PROPN,1,0,1
tempt,VERB,1,0,0
oftenest,NOUN,1,0,0
pose,VERB,1,0,0
birth,NOUN,1,0,0
amusingly,ADV,1,0,0
outrageously,ADV,1,0,0
unashamed,ADJ,1,0,0
amused,ADJ,1,0,0
sob,VERB,1,0,0
brute,NOUN,1,0,0
gentlemanly,ADJ,1,0,0
incident,NOUN,1,0,0
presentable,ADJ,1,0,0
snub,NOUN,1,0,0
consort,VERB,1,0,0
liver,NOUN,1,0,0
verify,VERB,1,0,0
drift,NOUN,1,0,0
likeable,ADJ,1,0,0
shoddy,ADJ,1,0,0
brilliance,NOUN,1,0,0
Oscar,PROPN,1,0,1
Wilde,PROPN,1,0,1
Fishponds,PROPN,1,0,1
chaperonage,NOUN,1,0,0
Tarquin,PROPN,1,0,1
Lucrece,PROPN,1,0,1
daylight,ADJ,1,0,0
qui,PROPN,1,0,1
vive,NOUN,1,0,0
sundown,VERB,1,0,0
scandalmong,ADJ,1,0,0
eminent,ADJ,1,0,0
au,ADP,1,0,0
revoir,NOUN,1,0,0
remainder,NOUN,1,0,0
semi,NOUN,1,0,0
gloom,NOUN,1,0,0
slender,ADJ,1,0,0
lank,ADJ,1,0,0
sallow,ADJ,1,0,0
distinguished,ADJ,1,0,0
glossy,ADJ,1,0,0
entrench,VERB,1,0,0
cretonne,NOUN,1,0,0
materializing,NOUN,1,0,0
arabian,ADJ,1,0,0
jinneeyeh,NOUN,1,0,0
indiscretion,NOUN,1,0,0
vigilance,NOUN,1,0,0
sorrowful,ADJ,1,0,0
affectionate,VERB,1,0,0
resignedly,ADV,1,0,0
birdlike,ADJ,1,0,0
purulent,NOUN,1,0,0
outrageous,ADJ,1,0,0
pain,VERB,1,0,0
stern,ADJ,1,0,0
impel,VERB,1,0,0
corruption,NOUN,1,0,0
misbehaviour,NOUN,1,0,0
medical,ADJ,1,0,0
officer,NOUN,1,0,0
nurse,NOUN,1,0,0
Cottage,PROPN,1,0,1
Hospital,PROPN,1,0,1
Corn,PROPN,1,0,1
Clerk,PROPN,1,0,1
disclose,VERB,1,0,0
fester,VERB,1,0,0
noticeable,ADJ,1,0,0
libellous,ADJ,1,0,0
tinge,NOUN,1,0,0
perversion,NOUN,1,0,0
Freud,PROPN,1,0,1
Boccaccio,PROPN,1,0,1
refinement,NOUN,1,0,0
Sodom,PROPN,1,0,1
Gomorrah,PROPN,1,0,1
Buenos,PROPN,1,0,1
Aires,PROPN,1,0,1
latter,ADJ,1,1,0
Plain,PROPN,1,0,1
client,NOUN,1,0,0
bigamous,ADJ,1,0,0
barmaid,NOUN,1,0,0
taproom,NOUN,1,0,0
high,ADV,1,0,0
heeled,ADJ,1,0,0
Channon,PROPN,1,0,1
anonymous,ADJ,1,0,0
Maggie,PROPN,1,0,1
White,PROPN,1,0,1
babylonian,ADJ,1,0,0
consume,VERB,1,0,0
catalogue,NOUN,1,0,0
obscenity,NOUN,1,0,0
bigamist,NOUN,1,0,0
pederast,NOUN,1,0,0
drug,NOUN,1,0,0
taker,NOUN,1,0,0
sting,NOUN,1,0,0
slanderer,NOUN,1,0,0
bore,NOUN,1,0,0
foul,ADJ,1,0,0
mouthed,ADJ,1,0,0
unfortunate,ADJ,1,0,0
instrumental,ADJ,1,0,0
abortive,ADJ,1,0,0
cease,NOUN,1,0,0
firmness,NOUN,1,0,0
sorry,INTJ,1,0,0
juicy,ADJ,1,0,0
titbit,NOUN,1,0,0
unwillingness,NOUN,1,0,0
depravity,NOUN,1,0,0
duly,ADV,1,0,0
Silly,PROPN,1,0,1
grade,NOUN,1,0,0
moron,NOUN,1,0,0
triangular,ADJ,1,0,0
strawberry,NOUN,1,0,0
loitering,NOUN,1,0,0
vacantly,ADV,1,0,0
flog,VERB,1,0,0
hazel,ADJ,1,0,0
switch,NOUN,1,0,0
overripe,NOUN,1,0,0
widow,NOUN,1,0,0
unseasonable,ADJ,1,0,0
hamlet,NOUN,1,0,0
Fennelwick,PROPN,1,0,1
cloudless,ADJ,1,0,0
scorch,VERB,1,0,0
quiver,VERB,1,0,0
numberless,NOUN,1,0,0
chirrup,VERB,1,0,0
tiresomely,ADV,1,0,0
instalment,NOUN,1,0,0
cramp,VERB,1,0,0
lumpy,ADJ,1,0,0
gossip,VERB,1,0,0
overworked,ADJ,1,0,0
ironing,ADJ,1,0,0
Gospels,PROPN,1,0,1
readjust,VERB,1,0,0
bandage,NOUN,1,0,0
sufferer,NOUN,1,0,0
sickness,NOUN,1,0,0
grime,VERB,1,0,0
drank,VERB,1,0,0
endlessly,ADV,1,0,0
discouraging,ADJ,1,0,0
shy,ADJ,1,0,0
defensive,NOUN,1,0,0
urge,VERB,1,0,0
wheedle,VERB,1,0,0
alm,NOUN,1,0,0
welcome,VERB,1,0,0
audience,NOUN,1,0,0
mortuary,ADJ,1,0,0
chube,NOUN,1,0,0
vein,NOUN,1,0,0
quite,ADJ,1,1,0
atheistical,NOUN,1,0,0
unreasone,VERB,1,0,0
disbelief,NOUN,1,0,0
illiterate,ADJ,1,0,0
powerless,ADJ,1,0,0
communicate,VERB,1,0,0
branch,NOUN,1,0,0
benefit,NOUN,1,0,0
honorary,ADJ,1,0,0
captain,NOUN,1,0,0
languish,VERB,1,0,0
memberless,ADJ,1,0,0
gossip,NOUN,1,0,0
subtle,ADJ,1,0,0
weapon,NOUN,1,0,0
fitting,ADJ,1,0,0
ooze,VERB,1,0,0
extreme,NOUN,1,0,0
salty,ADJ,1,0,0
feral,ADJ,1,0,0
bookseller,NOUN,1,0,0
darken,VERB,1,0,0
pebble,ADJ,1,0,0
disintegrate,VERB,1,0,0
basic,ADJ,1,0,0
superimpose,VERB,1,0,0
cesspool,NOUN,1,0,0
reek,NOUN,1,0,0
corduroy,NOUN,1,0,0
impregnate,VERB,1,0,0
jamb,NOUN,1,0,0
stoop,VERB,1,0,0
wispy,ADJ,1,0,0
lifeless,ADJ,1,0,0
unaffectionate,ADJ,1,0,0
shiny,ADJ,1,0,0
skinned,ADJ,1,0,0
unclean,ADJ,1,0,0
job,VERB,1,0,0
wormlike,ADP,1,0,0
crick,NOUN,1,0,0
lintel,NOUN,1,0,0
oppressively,ADV,1,0,0
saturate,VERB,1,0,0
prie,NOUN,1,0,0
dieu,NOUN,1,0,0
mat,PROPN,1,0,1
oleographed,ADJ,1,0,0
crucifixion,NOUN,1,0,0
Pray,PROPN,1,0,1
beadwork,NOUN,1,0,0
wedding,NOUN,1,0,0
Poor,PROPN,1,0,1
account,VERB,1,0,0
curing,NOUN,1,0,0
trial,NOUN,1,0,0
strengthen,VERB,1,0,0
patient,ADJ,1,0,0
brightening,NOUN,1,0,0
joyful,ADJ,1,0,0
suffering,NOUN,1,0,0
hundredfold,NOUN,1,0,0
thousandfold,NOUN,1,0,0
cooking,ADJ,1,0,0
like,NOUN,1,0,0
sober,ADJ,1,0,0
godly,ADV,1,0,0
Communions,PROPN,1,0,1
motorcar,NOUN,1,0,0
dieth,VERB,1,0,0
quench,VERB,1,0,0
equivalent,ADJ,1,0,0
rag,PROPN,1,0,1
Collect,PROPN,1,0,1
request,NOUN,1,0,0
parable,ADJ,1,0,0
Dives,PROPN,1,0,1
Lazarus,PROPN,1,0,1
Abraham,PROPN,1,0,1
cutting,NOUN,1,0,0
bucketful,NOUN,1,0,0
doom,NOUN,1,0,0
winch,NOUN,1,0,0
haul,VERB,1,0,0
reign,VERB,1,0,0
actuality,NOUN,1,0,0
orient,ADJ,1,0,0
earthly,ADJ,1,0,0
softness,NOUN,1,0,0
deliciousness,NOUN,1,0,0
surcease,NOUN,1,0,0
abject,ADJ,1,0,0
temper,VERB,1,0,0
satisfaction,NOUN,1,0,0
bliss,NOUN,1,0,0
certitude,NOUN,1,0,0
glorify,VERB,1,0,0
incurable,NOUN,1,0,0
affect,VERB,1,0,0
uneasiness,NOUN,1,0,0
effusively,ADV,1,0,0
shoot,VERB,1,0,0
poker,NOUN,1,0,0
rub,NOUN,1,0,0
severe,ADJ,1,0,0
sniffishness,NOUN,1,0,0
xiii,PROPN,1,0,1
overhang,VERB,1,0,0
ceiling,NOUN,1,0,0
jammed,ADJ,1,0,0
socket,NOUN,1,0,0
creeper,NOUN,1,0,0
outside,NOUN,1,0,0
mattress,NOUN,1,0,0
valley,NOUN,1,0,0
Switzerland,PROPN,1,0,1
urine,NOUN,1,0,0
paregoric,NOUN,1,0,0
anoint,VERB,1,0,0
vein,VERB,1,0,0
flaccid,ADJ,1,0,0
swimming,NOUN,1,0,0
extravagantly,ADV,1,0,0
graze,VERB,1,0,0
distillation,NOUN,1,0,0
vanilla,NOUN,1,0,0
loiter,VERB,1,0,0
steady,VERB,1,0,0
moist,ADJ,1,0,0
scratch,VERB,1,0,0
dreamily,ADV,1,0,0
flowerless,NOUN,1,0,0
sweetbriar,ADJ,1,0,0
humming,NOUN,1,0,0
summery,NOUN,1,0,0
tangled,ADJ,1,0,0
swathe,NOUN,1,0,0
tail,NOUN,1,0,0
overwhelm,VERB,1,0,0
dizzy,VERB,1,0,0
spice,NOUN,1,0,0
drench,VERB,1,0,0
mystical,ADJ,1,0,0
mistakenly,ADV,1,0,0
drowsy,NOUN,1,0,0
hum,NOUN,1,0,0
anthem,NOUN,1,0,0
maker,NOUN,1,0,0
vibrating,NOUN,1,0,0
rich,NOUN,1,0,0
droning,NOUN,1,0,0
countless,ADJ,1,0,0
bee,NOUN,1,0,0
mingling,NOUN,1,0,0
ascend,VERB,1,0,0
blissfully,ADV,1,0,0
pagan,ADJ,1,0,0
ecstasy,NOUN,1,0,0
pantheism,NOUN,1,0,0
fad,NOUN,1,0,0
wild,PROPN,1,0,1
Three,PROPN,1,1,1
Persons,PROPN,1,0,1
Trinity,PROPN,1,0,1
shovel,ADJ,1,0,0
rotund,ADJ,1,0,0
golf,NOUN,1,0,0
ball,NOUN,1,0,0
tee,NOUN,1,0,0
humorous,ADJ,1,0,0
sly,ADV,1,0,0
untroubled,ADJ,1,0,0
endeavour,NOUN,1,0,0
vacancy,NOUN,1,0,0
Direct,PROPN,1,0,1
funeral,NOUN,1,0,0
churchyard,NOUN,1,0,0
cemetery,NOUN,1,0,0
dispute,NOUN,1,0,0
propriety,NOUN,1,0,0
wrangle,VERB,1,0,0
disgracefully,ADV,1,0,0
speaking,NOUN,1,0,0
Ward,PROPN,1,0,1
Congregationalist,PROPN,1,0,1
Foley,PROPN,1,0,1
Wesleyan,PROPN,1,0,1
pastor,NOUN,1,0,0
bray,VERB,1,0,0
headed,ADJ,1,0,0
Ebenezer,PROPN,1,0,1
Dissenters,PROPN,1,0,1
displeasure,NOUN,1,0,0
dilapidated,ADJ,1,0,0
iridescent,NOUN,1,0,0
production,NOUN,1,0,0
management,NOUN,1,0,0
small,ADV,1,0,0
boned,ADJ,1,0,0
excitable,ADJ,1,0,0
gesture,VERB,1,0,0
fiercely,ADV,1,0,0
manuscript,NOUN,1,0,0
dense,ADV,1,0,0
squabble,VERB,1,0,0
Spearmint,PROPN,1,0,1
bouncer,NOUN,1,0,0
oil,NOUN,1,0,0
tangle,NOUN,1,0,0
shard,NOUN,1,0,0
seventeenth,ADJ,1,0,0
withal,PROPN,1,0,1
harangue,VERB,1,0,0
vehement,ADJ,1,0,0
slangy,ADJ,1,0,0
lunge,VERB,1,0,0
ox,NOUN,1,0,0
drone,VERB,1,0,0
gurgle,VERB,1,0,0
murderer,NOUN,1,0,0
periwig,NOUN,1,0,0
muslin,PROPN,1,0,1
paraphernalia,NOUN,1,0,0
exhibition,NOUN,1,0,0
tableaux,ADJ,1,0,0
vivant,NOUN,1,0,0
hiding,NOUN,1,0,0
scowl,NOUN,1,0,0
alt,ADJ,1,0,0
BENCH,PROPN,1,0,1
Mister,PROPN,1,0,1
sweetie,NOUN,1,0,0
swee,ADJ,1,0,0
etie,NOUN,1,0,0
Tommie,PROPN,1,0,1
knicker,NOUN,1,0,0
Halt,PROPN,1,0,1
swee,NOUN,1,0,0
eetie,NOUN,1,0,0
thorax,NOUN,1,0,0
forwards,ADV,1,0,0
cuirass,NOUN,1,0,0
stout,NOUN,1,0,0
shot,NOUN,1,0,0
complete,VERB,1,0,0
lace,VERB,1,0,0
gesticulate,VERB,1,0,0
personate,VERB,1,0,0
peasant,NOUN,1,0,0
doublet,VERB,1,0,0
muslin,ADJ,1,0,0
twinked,ADJ,1,0,0
fortnight,ADV,1,0,0
distant,NOUN,1,0,0
scabbard,NOUN,1,0,0
ruffle,NOUN,1,0,0
scenery,NOUN,1,0,0
unmade,NOUN,1,0,0
stitch,VERB,1,0,0
seam,NOUN,1,0,0
restless,ADJ,1,0,0
fine,ADV,1,0,0
discontent,NOUN,1,0,0
boyish,ADJ,1,0,0
obscure,ADJ,1,0,0
marketable,ADJ,1,0,0
pronounced,ADJ,1,0,0
Ineffectual,PROPN,1,0,1
ecclesiastical,ADJ,1,0,0
churchy,ADJ,1,0,0
ambition,NOUN,1,0,0
Greek,PROPN,1,0,1
Hebrew,PROPN,1,0,1
debar,VERB,1,0,0
priesthood,NOUN,1,0,0
organist,ADJ,1,0,0
truculent,NOUN,1,0,0
breed,NOUN,1,0,0
cleric,NOUN,1,0,0
furious,ADJ,1,0,0
tirade,NOUN,1,0,0
scientist,NOUN,1,0,0
bolshevist,NOUN,1,0,0
Nativity,PROPN,1,0,1
bellow,VERB,1,0,0
correctness,NOUN,1,0,0
ideal,NOUN,1,0,0
capacity,NOUN,1,0,0
organist,NOUN,1,0,0
voluptuous,ADJ,1,0,0
elaborate,ADJ,1,0,0
chanting,NOUN,1,0,0
liturgy,NOUN,1,0,0
continuous,ADJ,1,0,0
pull,ADJ,1,0,0
averse,ADV,1,0,0
ritualistic,ADJ,1,0,0
west,ADJ,1,0,0
stave,NOUN,1,0,0
tuneful,ADJ,1,0,0
blest,ADJ,1,0,0
hallow,VERB,1,0,0
censer,NOUN,1,0,0
genuflect,VERB,1,0,0
responsibility,NOUN,1,0,0
Hail,PROPN,1,0,1
popishness,NOUN,1,0,0
close,NOUN,1,0,0
pointedly,ADV,1,0,0
rustic,NOUN,1,0,0
bawl,VERB,1,0,0
aggrieved,ADJ,1,0,0
sententiously,ADV,1,0,0
deflect,VERB,1,0,0
channel,NOUN,1,0,0
swine,NOUN,1,0,0
Bertrand,PROPN,1,0,1
Julian,PROPN,1,0,1
Huxley,PROPN,1,0,1
beastly,ADJ,1,0,0
atheist,ADJ,1,0,0
propaganda,NOUN,1,0,0
wherever,SCONJ,1,1,0
server,NOUN,1,0,0
swipe,NOUN,1,0,0
Barnes,PROPN,1,0,1
forefront,NOUN,1,0,0
combat,NOUN,1,0,0
irony,NOUN,1,0,0
Inge,PROPN,1,0,1
Birmingham,PROPN,1,0,1
reply,VERB,1,0,0
Churchman,PROPN,1,0,1
Gazette,PROPN,1,0,1
Tory,PROPN,1,0,1
select,ADJ,1,0,0
circulation,NOUN,1,0,0
swine,PROPN,1,0,1
mathematician,NOUN,1,0,0
godless,ADJ,1,0,0
mumbo,NOUN,1,0,0
jumbo,NOUN,1,0,0
Protestantism,PROPN,1,0,1
doornail,NOUN,1,0,0
Apostolic,PROPN,1,0,1
Succession,PROPN,1,0,1
doctrine,NOUN,1,0,0
Gothic,PROPN,1,0,1
italian,ADJ,1,0,0
alb,ADJ,1,0,0
Primitive,PROPN,1,0,1
Methodist,PROPN,1,0,1
reservation,NOUN,1,0,0
Kensitites,PROPN,1,0,1
spiky,NOUN,1,0,0
Brother,PROPN,1,0,1
Sister,PROPN,1,0,1
god,INTJ,1,0,0
nightly,ADV,1,0,0
tent,NOUN,1,0,0
nearer,PROPN,1,0,1
retort,VERB,1,0,0
probable,ADJ,1,0,0
fever,NOUN,1,0,0
protestant,NOUN,1,0,0
rear,VERB,1,0,0
horizon,NOUN,1,0,0
churchiness,NOUN,1,0,0
atom,NOUN,1,0,0
constitution,NOUN,1,0,0
cheating,NOUN,1,0,0
twiddle,VERB,1,0,0
victor,NOUN,1,0,0
Pilgrim,PROPN,1,0,1
Progress,PROPN,1,0,1
Foxe,PROPN,1,0,1
Martyrs,PROPN,1,0,1
Dissenting,PROPN,1,0,1
cadging,NOUN,1,0,0
specially,ADV,1,0,0
her,NOUN,1,1,0
embarrassed,ADJ,1,0,0
ritual,ADJ,1,0,0
devotion,NOUN,1,0,0
indecent,NOUN,1,0,0
congenial,ADJ,1,0,0
topic,NOUN,1,0,0
apt,ADJ,1,0,0
whip,VERB,1,0,0
wistfully,ADV,1,0,0
hum,VERB,1,0,0
manservant,NOUN,1,0,0
handleless,NOUN,1,0,0
chamber,NOUN,1,0,0
contribution,NOUN,1,0,0
meander,VERB,1,0,0
entangle,VERB,1,0,0
argumentatively,ADV,1,0,0
manipulate,VERB,1,0,0
toto,NOUN,1,0,0
straighter,ADV,1,0,0
offended,ADJ,1,0,0
metaphorical,ADJ,1,0,0
excited,ADJ,1,0,0
literally,ADV,1,0,0
endeavour,VERB,1,0,0
Hm,PROPN,1,0,1
unimpressed,ADJ,1,0,0
deucedly,ADV,1,0,0
blooded,ADJ,1,0,0
infidel,NOUN,1,0,0
Seven,PROPN,1,0,1
Deadly,PROPN,1,0,1
doom,VERB,1,0,0
cancer,NOUN,1,0,0
leprosy,NOUN,1,0,0
bodily,ADJ,1,0,0
ailment,NOUN,1,0,0
whereas,ADV,1,1,0
grid,NOUN,1,0,0
Uncertain,PROPN,1,0,1
prefer,VERB,1,0,0
mock,ADJ,1,0,0
Predestination,PROPN,1,0,1
repent,VERB,1,0,0
Calvinists,PROPN,1,0,1
lost,ADJ,1,0,0
brand,NOUN,1,0,0
pluck,VERB,1,0,0
burning,NOUN,1,0,0
entertain,VERB,1,0,0
conversion,NOUN,1,0,0
reclaim,VERB,1,0,0
earnestly,ADV,1,0,0
debate,VERB,1,0,0
admission,NOUN,1,0,0
prevaricate,VERB,1,0,0
delightedly,ADV,1,0,0
maxim,NOUN,1,0,0
cleverness,NOUN,1,0,0
lawn,NOUN,1,0,0
unchaperoned,ADJ,1,0,0
uneasy,ADJ,1,0,0
armchair,NOUN,1,0,0
idleness,VERB,1,0,0
Ignorance,PROPN,1,0,1
World,PROPN,1,0,1
Chelsea,PROPN,1,0,1
Salvation,PROPN,1,0,1
Army,PROPN,1,0,1
lassie,NOUN,1,0,0
Judgement,PROPN,1,0,1
Seat,PROPN,1,0,1
reserve,VERB,1,0,0
defence,NOUN,1,0,0
jab,NOUN,1,0,0
unmade,ADJ,1,0,0
walled,ADJ,1,0,0
hall,PROPN,1,0,1
charitable,ADJ,1,0,0
Limberlost,PROPN,1,0,1
devolve,VERB,1,0,0
phalanx,NOUN,1,0,0
devoted,ADJ,1,0,0
fowl,NOUN,1,0,0
helper,NOUN,1,0,0
flurry,NOUN,1,0,0
blunt,ADJ,1,0,0
eccentric,ADJ,1,0,0
orbit,NOUN,1,0,0
decoration,NOUN,1,0,0
churchgoer,NOUN,1,0,0
suspect,ADJ,1,0,0
dome,NOUN,1,0,0
boer,ADJ,1,0,0
row,VERB,1,0,0
fearfully,ADV,1,0,0
nonsense,INTJ,1,0,0
spectre,NOUN,1,0,0
unmade,PROPN,1,0,1
sketch,NOUN,1,0,0
peaceably,ADV,1,0,0
caressingly,ADV,1,0,0
revealing,ADJ,1,0,0
characteristic,ADJ,1,0,0
lingering,NOUN,1,0,0
appraise,VERB,1,0,0
stroke,VERB,1,0,0
hideously,ADV,1,0,0
Ivor,PROPN,1,0,1
Novello,PROPN,1,0,1
fleece,NOUN,1,0,0
distress,NOUN,1,0,0
upright,ADJ,1,0,0
pose,NOUN,1,0,0
wound,VERB,1,0,0
devoid,ADJ,1,0,0
architecture,NOUN,1,0,0
bored,ADJ,1,0,0
eastern,PROPN,1,0,1
Prague,PROPN,1,0,1
Bucharest,PROPN,1,0,1
adroitness,ADJ,1,0,0
surprising,NOUN,1,0,0
helplessly,ADV,1,0,0
blast,VERB,1,0,0
briefly,NOUN,1,0,0
bang,NOUN,1,0,0
shutting,NOUN,1,0,0
telling,NOUN,1,0,0
vigorously,ADV,1,0,0
stain,NOUN,1,0,0
fondle,VERB,1,0,0
terrifying,ADJ,1,0,0
disability,NOUN,1,0,0
little,ADV,1,0,0
largeness,NOUN,1,0,0
kissing,NOUN,1,0,0
amusement,NOUN,1,0,0
capricious,ADJ,1,0,0
fattish,ADJ,1,0,0
fishily,ADJ,1,0,0
bishop,PROPN,1,0,1
chaplain,NOUN,1,0,0
infinitely,ADV,1,0,0
honourable,ADJ,1,0,0
irrelevantly,ADV,1,0,0
pneumonia,NOUN,1,0,0
sexual,ADJ,1,0,0
inevitable,ADJ,1,0,0
witness,VERB,1,0,0
nymph,NOUN,1,0,0
inexplicably,ADV,1,0,0
horn,VERB,1,0,0
symbol,NOUN,1,0,0
rationally,ADV,1,0,0
stamp,NOUN,1,0,0
educated,ADJ,1,0,0
occasion,VERB,1,0,0
agitation,NOUN,1,0,0
rectory,NOUN,1,0,0
sterility,NOUN,1,0,0
pencil,VERB,1,0,0
P,PROPN,1,0,1
exceptional,ADJ,1,0,0
please,NOUN,1,1,0
Luke,PROPN,1,0,1
ix,PROPN,1,0,1
troublesome,ADJ,1,0,0
counteract,VERB,1,0,0
dreamless,NOUN,1,0,0
lighten,VERB,1,0,0
specie,NOUN,1,0,0
closed,ADJ,1,0,0
opaque,ADJ,1,0,0
flicker,VERB,1,0,0
accord,NOUN,1,0,0
speculation,NOUN,1,0,0
hooting,NOUN,1,0,0
scream,NOUN,1,0,0
grind,VERB,1,0,0
rail,NOUN,1,0,0
provoke,VERB,1,0,0
sort,VERB,1,0,0
wordlessly,ADV,1,0,0
swam,VERB,1,0,0
square,ADV,1,0,0
tram,PROPN,1,0,1
speculate,VERB,1,0,0
inanimate,VERB,1,0,0
Hitherto,PROPN,1,0,1
receptive,ADJ,1,0,0
impersonal,ADJ,1,0,0
unique,ADJ,1,0,0
remembrance,NOUN,1,0,0
incompleteness,NOUN,1,0,0
unsatisfactory,NOUN,1,0,0
clue,NOUN,1,0,0
tip,NOUN,1,0,0
encounter,VERB,1,0,0
satin,PROPN,1,0,1
laddered,ADJ,1,0,0
both,ADV,1,1,0
unstrange,NOUN,1,0,0
dirtiness,NOUN,1,0,0
angle,NOUN,1,0,0
youngish,ADJ,1,0,0
smudge,VERB,1,0,0
cloche,NOUN,1,0,0
carelessly,ADV,1,0,0
unfamiliar,ADJ,1,0,0
correspond,VERB,1,0,0
Fry,PROPN,1,0,1
Chocolate,PROPN,1,0,1
decipher,VERB,1,0,0
Fresh,PROPN,1,0,1
Rumours,PROPN,1,0,1
lettering,NOUN,1,0,0
tremor,NOUN,1,0,0
strangeness,NOUN,1,0,0
narrow,ADV,1,0,0
cheste,VERB,1,0,0
ruddy,NOUN,1,0,0
cheek,VERB,1,0,0
raffishly,ADV,1,0,0
check,NOUN,1,0,0
nimble,ADJ,1,0,0
snub,ADJ,1,0,0
coarse,ADV,1,0,0
crop,VERB,1,0,0
startling,ADJ,1,0,0
resemblance,NOUN,1,0,0
orang,PROPN,1,0,1
outang,PROPN,1,0,1
silly,ADV,1,0,0
plump,ADJ,1,0,0
orange,NOUN,1,0,0
nicely,ADV,1,0,0
hesitantly,ADV,1,0,0
orange,ADV,1,0,0
ambassador,NOUN,1,0,0
gambolling,NOUN,1,0,0
apelike,PROPN,1,0,1
gait,PROPN,1,0,1
grin,NOUN,1,0,0
frank,ADJ,1,0,0
twitch,VERB,1,0,0
stupefaction,NOUN,1,0,0
outline,NOUN,1,0,0
split,VERB,1,0,0
open,ADV,1,0,0
gambol,VERB,1,0,0
jubilant,ADJ,1,0,0
ape,NOUN,1,0,0
cahoot,NOUN,1,0,0
comrade,NOUN,1,0,0
equably,ADV,1,0,0
kid,ADJ,1,0,0
alert,NOUN,1,0,0
ellen,ADJ,1,0,0
Us,PROPN,1,1,1
oppe,VERB,1,0,0
impatiently,ADV,1,0,0
base,ADJ,1,0,0
pickin,VERB,1,0,0
dahn,NOUN,1,0,0
yer,VERB,1,0,0
fine,NOUN,1,0,0
z,NOUN,1,0,0
Lower,PROPN,1,0,1
Molesworth,PROPN,1,0,1
ten,NOUN,1,1,0
bob,NOUN,1,0,0
easy,ADV,1,0,0
partnership,NOUN,1,0,0
Scran,PROPN,1,0,1
Tommy,PROPN,1,0,1
assistance,NOUN,1,0,0
critical,ADJ,1,0,0
surly,ADJ,1,0,0
movin,NOUN,1,0,0
aloof,NOUN,1,0,0
spirited,ADJ,1,0,0
military,NOUN,1,0,0
ninth,NOUN,1,0,0
interregnum,NOUN,1,0,0
commonplace,ADJ,1,0,0
hospital,NOUN,1,0,0
intervene,VERB,1,0,0
somnambulistic,ADJ,1,0,0
missing,ADJ,1,0,0
recovery,NOUN,1,0,0
accomplish,VERB,1,0,0
skilfully,ADV,1,0,0
stimulus,NOUN,1,0,0
potentially,ADV,1,0,0
string,VERB,1,0,0
plunge,VERB,1,0,0
nightmarish,ADJ,1,0,0
activity,NOUN,1,0,0
squalor,VERB,1,0,0
merge,VERB,1,0,0
certainty,NOUN,1,0,0
footsore,NOUN,1,0,0
soreness,NOUN,1,0,0
peculiar,PROPN,1,0,1
refuse,NOUN,1,0,0
shuddering,NOUN,1,0,0
recreation,NOUN,1,0,0
heartedly,ADV,1,0,0
dictate,VERB,1,0,0
hunt,NOUN,1,0,0
mindedly,ADV,1,0,0
preoccupation,NOUN,1,0,0
wave,VERB,1,0,0
pillage,VERB,1,0,0
cobnut,NOUN,1,0,0
pocketful,NOUN,1,0,0
boast,NOUN,1,0,0
tie,VERB,1,0,0
common,NOUN,1,0,0
tansy,NOUN,1,0,0
cadged,ADJ,1,0,0
insipid,ADJ,1,0,0
gorge,NOUN,1,0,0
scald,VERB,1,0,0
kentish,ADJ,1,0,0
birdcage,NOUN,1,0,0
loll,VERB,1,0,0
coarse,NOUN,1,0,0
simian,ADJ,1,0,0
snipping,NOUN,1,0,0
radiance,NOUN,1,0,0
comfortless,ADJ,1,0,0
unremembered,ADJ,1,0,0
predicament,NOUN,1,0,0
trailing,NOUN,1,0,0
desperately,ADV,1,0,0
sole,NOUN,1,0,0
loaded,ADJ,1,0,0
steadfastly,ADV,1,0,0
volunteer,VERB,1,0,0
saw,NOUN,1,0,0
flimsy,ADJ,1,0,0
hobbling,NOUN,1,0,0
flatfoote,VERB,1,0,0
uphill,ADJ,1,0,0
sol,NOUN,1,0,0
scandalize,VERB,1,0,0
employment,NOUN,1,0,0
value,VERB,1,0,0
boldness,NOUN,1,0,0
inferior,NOUN,1,0,0
lag,VERB,1,0,0
incessantly,ADV,1,0,0
halting,ADJ,1,0,0
snack,NOUN,1,0,0
tedious,ADJ,1,0,0
peter,PROPN,1,0,1
morosely,ADV,1,0,0
hike,VERB,1,0,0
eard,NOUN,1,0,0
opping,NOUN,1,0,0
chime,VERB,1,0,0
dishearten,VERB,1,0,0
ruffle,VERB,1,0,0
remnant,NOUN,1,0,0
sock,NOUN,1,0,0
scuse,VERB,1,0,0
optimistically,ADV,1,0,0
epitaph,NOUN,1,0,0
Resurgam,PROPN,1,0,1
repulse,VERB,1,0,0
grudge,NOUN,1,0,0
temperament,NOUN,1,0,0
revers,NOUN,1,0,0
debonair,NOUN,1,0,0
lusty,ADJ,1,0,0
Workhouse,PROPN,1,0,1
Foundation,PROPN,1,0,1
rendering,NOUN,1,0,0
successively,ADV,1,0,0
piece,VERB,1,0,0
stud,VERB,1,0,0
regiment,NOUN,1,0,0
invalid,VERB,1,0,0
damaged,ADJ,1,0,0
loathsomeness,NOUN,1,0,0
skilly,ADV,1,0,0
Holloway,PROPN,1,0,1
Deptford,PROPN,1,0,1
childbirth,NOUN,1,0,0
suppleness,NOUN,1,0,0
nitro,NOUN,1,0,0
glycerine,NOUN,1,0,0
Woodward,PROPN,1,0,1
discouraged,ADJ,1,0,0
collar,VERB,1,0,0
adroit,NOUN,1,0,0
bullying,NOUN,1,0,0
persuasion,NOUN,1,0,0
swap,VERB,1,0,0
try,NOUN,1,0,0
base,NOUN,1,0,0
Dublin,PROPN,1,0,1
daresay,VERB,1,0,0
meself,NOUN,1,0,0
startin,PROPN,1,0,1
takin,NOUN,1,0,0
dem,INTJ,1,0,0
eider,NOUN,1,0,0
hoppin,NOUN,1,0,0
stable,ADJ,1,0,0
interferin,NOUN,1,0,0
widout,PROPN,1,0,1
accommodation,NOUN,1,0,0
stayin,PROPN,1,0,1
skipperin,ADJ,1,0,0
byre,VERB,1,0,0
stink,PROPN,1,0,1
muck,NOUN,1,0,0
cowman,NOUN,1,0,0
der,NOUN,1,0,0
desultorily,ADV,1,0,0
Startling,PROPN,1,0,1
Coo,PROPN,1,0,1
t,NOUN,1,0,0
smutty,ADJ,1,0,0
carryin,PROPN,1,0,1
searchin,NOUN,1,0,0
low,NOUN,1,0,0
cep,NOUN,1,0,0
appreciatively,ADV,1,0,0
Dere,PROPN,1,0,1
Parrus,PROPN,1,0,1
cep,INTJ,1,0,0
pilot,NOUN,1,0,0
preache,NOUN,1,0,0
getsie,NOUN,1,0,0
wiser,NOUN,1,0,0
connect,VERB,1,0,0
spinney,NOUN,1,0,0
skipper,PROPN,1,0,1
pelt,VERB,1,0,0
stumble,VERB,1,0,0
stack,NOUN,1,0,0
huddle,VERB,1,0,0
lee,PROPN,1,0,1
blubber,VERB,1,0,0
tyre,PROPN,1,0,1
flare,NOUN,1,0,0
cognoscenti,NOUN,1,0,0
limb,NOUN,1,0,0
declare,VERB,1,0,0
alluring,ADJ,1,0,0
climbing,NOUN,1,0,0
dangle,VERB,1,0,0
grape,NOUN,1,0,0
sulphur,PROPN,1,0,1
sunburnt,ADJ,1,0,0
shred,VERB,1,0,0
crackling,NOUN,1,0,0
envy,VERB,1,0,0
avenge,VERB,1,0,0
cuddle,NOUN,1,0,0
everywhere,ADV,1,1,0
ravenously,ADV,1,0,0
crouch,VERB,1,0,0
alight,ADV,1,0,0
beech,NOUN,1,0,0
squat,ADJ,1,0,0
sprinkling,NOUN,1,0,0
illumined,ADJ,1,0,0
feeble,ADJ,1,0,0
dizzy,ADJ,1,0,0
Clintock,PROPN,1,0,1
situate,VERB,1,0,0
maze,NOUN,1,0,0
roof,VERB,1,0,0
coloured,ADJ,1,0,0
horde,NOUN,1,0,0
inferior,ADJ,1,0,0
toast,VERB,1,0,0
direct,VERB,1,0,0
across,ADV,1,1,0
unglazed,ADJ,1,0,0
board,VERB,1,0,0
paradisically,ADV,1,0,0
yelp,NOUN,1,0,0
stoopid,NOUN,1,0,0
forward,ADP,1,0,0
circumspectly,ADV,1,0,0
mermaid,NOUN,1,0,0
strawy,NOUN,1,0,0
ullo,ADJ,1,0,0
mate,VERB,1,0,0
mo,NOUN,1,0,0
dive,VERB,1,0,0
insert,VERB,1,0,0
warmer,NOUN,1,0,0
imaginable,ADJ,1,0,0
Cleopatra,PROPN,1,0,1
couch,NOUN,1,0,0
Haroun,PROPN,1,0,1
al,PROPN,1,0,1
Raschid,PROPN,1,0,1
voluptuously,ADV,1,0,0
rank,VERB,1,0,0
skill,NOUN,1,0,0
crawl,VERB,1,0,0
sleeping,NOUN,1,0,0
dried,ADJ,1,0,0
cobalt,NOUN,1,0,0
silvery,ADJ,1,0,0
grease,NOUN,1,0,0
pail,NOUN,1,0,0
windy,ADJ,1,0,0
apron,PROPN,1,0,1
acre,NOUN,1,0,0
train,VERB,1,0,0
horizontal,ADJ,1,0,0
hammock,NOUN,1,0,0
taper,VERB,1,0,0
plait,NOUN,1,0,0
Rapunzel,PROPN,1,0,1
tumble,VERB,1,0,0
shower,VERB,1,0,0
numb,VERB,1,0,0
stem,NOUN,1,0,0
reopen,VERB,1,0,0
strip,VERB,1,0,0
walnut,NOUN,1,0,0
leafless,ADJ,1,0,0
twist,NOUN,1,0,0
thinly,ADV,1,0,0
odour,DET,1,0,0
stream,VERB,1,0,0
warming,NOUN,1,0,0
surliness,NOUN,1,0,0
advance,VERB,1,0,0
abreast,ADV,1,0,0
forge,VERB,1,0,0
halfway,ADV,1,0,0
strap,VERB,1,0,0
cloak,NOUN,1,0,0
box,PROPN,1,0,1
steamer,NOUN,1,0,0
Indian,PROPN,1,0,1
swing,NOUN,1,0,0
diddykie,NOUN,1,0,0
grossly,ADV,1,0,0
slyness,NOUN,1,0,0
savage,NOUN,1,0,0
oafish,ADJ,1,0,0
sluggish,ADJ,1,0,0
untameable,ADJ,1,0,0
cunning,NOUN,1,0,0
conundrum,NOUN,1,0,0
cleverest,ADJ,1,0,0
gnat,NOUN,1,0,0
telegraph,ADJ,1,0,0
bellow,NOUN,1,0,0
abysmally,ADV,1,0,0
scholard,NOUN,1,0,0
warning,NOUN,1,0,0
Ops,PROPN,1,0,1
fallen,ADJ,1,0,0
adept,NOUN,1,0,0
wicker,NOUN,1,0,0
ledger,NOUN,1,0,0
clerk,NOUN,1,0,0
charter,VERB,1,0,0
scoop,VERB,1,0,0
unfairness,NOUN,1,0,0
measuring,NOUN,1,0,0
crush,VERB,1,0,0
quart,ADJ,1,0,0
looser,ADV,1,0,0
shovel,VERB,1,0,0
darkly,ADV,1,0,0
duck,VERB,1,0,0
cowpond,NOUN,1,0,0
heat,VERB,1,0,0
laborious,ADJ,1,0,0
unforgettable,ADJ,1,0,0
lice,NOUN,1,0,0
Negro,PROPN,1,0,1
cluster,NOUN,1,0,0
pal,VERB,1,0,0
refresh,VERB,1,0,0
sad,ADJ,1,0,0
reject,VERB,1,0,0
fidelity,PROPN,1,0,1
unrewarde,VERB,1,0,0
Carmen,PROPN,1,0,1
Manon,PROPN,1,0,1
Lescaut,PROPN,1,0,1
arte,VERB,1,0,0
Misery,PROPN,1,0,1
lousy,NOUN,1,0,0
squat,VERB,1,0,0
filth,NOUN,1,0,0
expert,ADJ,1,0,0
plunder,VERB,1,0,0
smoulder,VERB,1,0,0
roasting,NOUN,1,0,0
hide,NOUN,1,0,0
nightjar,NOUN,1,0,0
pheasant,NOUN,1,0,0
bawdy,ADJ,1,0,0
provincial,NOUN,1,0,0
Gaul,PROPN,1,0,1
yearly,ADJ,1,0,0
incursion,NOUN,1,0,0
Goths,PROPN,1,0,1
blissful,ADJ,1,0,0
prickly,ADJ,1,0,0
draught,NOUN,1,0,0
pool,VERB,1,0,0
proceed,NOUN,1,0,0
badness,NOUN,1,0,0
traipse,VERB,1,0,0
worst,ADV,1,0,0
miserably,ADV,1,0,0
unstripped,ADJ,1,0,0
majority,NOUN,1,0,0
Enders,PROPN,1,0,1
costermonger,NOUN,1,0,0
trade,VERB,1,0,0
industry,NOUN,1,0,0
inconvenient,ADJ,1,0,0
pocket,VERB,1,0,0
cleft,NOUN,1,0,0
piecework,NOUN,1,0,0
extraordinarily,ADV,1,0,0
vermin,ADJ,1,0,0
May,PROPN,1,1,1
studied,ADJ,1,0,0
casualness,NOUN,1,0,0
formula,NOUN,1,0,0
Burrowses,PROPN,1,0,1
frying,NOUN,1,0,0
embarrass,VERB,1,0,0
sevenpence,NOUN,1,0,0
conspiracy,NOUN,1,0,0
quarter,VERB,1,0,0
lolly,NOUN,1,0,0
throng,VERB,1,0,0
horrifyingly,ADV,1,0,0
grocery,NOUN,1,0,0
jelly,VERB,1,0,0
shrimp,NOUN,1,0,0
soil,VERB,1,0,0
gaunt,VERB,1,0,0
glassy,NOUN,1,0,0
eyed,ADJ,1,0,0
abundance,NOUN,1,0,0
ravage,VERB,1,0,0
scurvy,NOUN,1,0,0
systematic,ADJ,1,0,0
raid,VERB,1,0,0
science,NOUN,1,0,0
hero,NOUN,1,0,0
Russets,PROPN,1,0,1
rotting,NOUN,1,0,0
dodge,NOUN,1,0,0
nearer,NOUN,1,0,0
narrow,VERB,1,0,0
unspeakable,ADJ,1,0,0
latrine,NOUN,1,0,0
ounce,NOUN,1,0,0
unquestionably,ADV,1,0,0
stupefy,VERB,1,0,0
insufficient,ADJ,1,0,0
lull,VERB,1,0,0
beastlike,NOUN,1,0,0
heaviness,NOUN,1,0,0
thicken,VERB,1,0,0
sunshine,NOUN,1,0,0
Somebody,PROPN,1,0,1
Mission,PROPN,1,0,1
blaze,VERB,1,0,0
boiling,NOUN,1,0,0
cake,VERB,1,0,0
din,VERB,1,0,0
opulently,ADV,1,0,0
sunny,ADJ,1,0,0
reawaken,VERB,1,0,0
saunter,VERB,1,0,0
borrowing,NOUN,1,0,0
inset,ADJ,1,0,0
blackish,ADJ,1,0,0
smudgy,NOUN,1,0,0
recognizable,ADJ,1,0,0
stale,ADJ,1,0,0
spicy,ADJ,1,0,0
crop,NOUN,1,0,0
rape,NOUN,1,0,0
murder,NOUN,1,0,0
boost,NOUN,1,0,0
inertly,ADV,1,0,0
unappetizing,NOUN,1,0,0
convey,VERB,1,0,0
Snowden,PROPN,1,0,1
truss,NOUN,1,0,0
corrugated,ADJ,1,0,0
thriftily,ADV,1,0,0
unsolved,ADJ,1,0,0
contented,ADJ,1,0,0
unreflecte,VERB,1,0,0
theft,NOUN,1,0,0
countryside,NOUN,1,0,0
militia,NOUN,1,0,0
maraud,VERB,1,0,0
robbing,NOUN,1,0,0
terrorem,NOUN,1,0,0
uproar,NOUN,1,0,0
firelit,ADJ,1,0,0
property,NOUN,1,0,0
shouting,NOUN,1,0,0
blame,NOUN,1,0,0
bloodiwell,ADV,1,0,0
Toby,PROPN,1,0,1
jug,NOUN,1,0,0
astray,VERB,1,0,0
interrogate,VERB,1,0,0
dessay,VERB,1,0,0
blithely,ADV,1,0,0
hotter,NOUN,1,0,0
hotter,ADV,1,0,0
prisoner,NOUN,1,0,0
boo,VERB,1,0,0
goodbye,NOUN,1,0,0
supposedly,ADV,1,0,0
ply,VERB,1,0,0
understandable,ADJ,1,0,0
concerned,ADJ,1,0,0
bubble,NOUN,1,0,0
shatter,VERB,1,0,0
vagabondage,NOUN,1,0,0
begging,NOUN,1,0,0
urgency,NOUN,1,0,0
grope,VERB,1,0,0
ember,NOUN,1,0,0
supine,ADJ,1,0,0
succulent,ADJ,1,0,0
fasten,VERB,1,0,0
mound,NOUN,1,0,0
PARSON,PROPN,1,0,1
SEDUCER,PROPN,1,0,1
WHITE,PROPN,1,0,1
HAIRED,PROPN,1,0,1
prostrate,NUM,1,0,0
GRIEF,PROPN,1,0,1
Special,PROPN,1,0,1
heartbroken,ADJ,1,0,0
artist,NOUN,1,0,0
Rumour,PROPN,1,0,1
unconfirmed,ADJ,1,0,0
repute,NOUN,1,0,0
dramatic,ADJ,1,0,0
Evelina,PROPN,1,0,1
widow,VERB,1,0,0
distinguish,VERB,1,0,0
attire,NOUN,1,0,0
alcohol,PROPN,1,0,1
clandestine,ADJ,1,0,0
unburnt,VERB,1,0,0
funk,VERB,1,0,0
shadow,NOUN,1,0,0
blurred,ADJ,1,0,0
unstrung,ADJ,1,0,0
focus,VERB,1,0,0
lickerish,ADJ,1,0,0
hatful,NOUN,1,0,0
haggard,ADJ,1,0,0
bin,ADJ,1,0,0
pickin,NOUN,1,0,0
clink,NOUN,1,0,0
nosing,NOUN,1,0,0
thout,NOUN,1,0,0
nark,NOUN,1,0,0
weazene,VERB,1,0,0
encourage,VERB,1,0,0
distracted,ADJ,1,0,0
aspect,NOUN,1,0,0
dishonour,VERB,1,0,0
palpably,ADV,1,0,0
quail,VERB,1,0,0
nudge,NOUN,1,0,0
lewdly,ADV,1,0,0
Are,PROPN,1,1,1
bunk,NOUN,1,0,0
bloke,ADJ,1,0,0
razzle,NOUN,1,0,0
chuck,NOUN,1,0,0
ome,ADV,1,0,0
bowdlerize,VERB,1,0,0
shield,VERB,1,0,0
friendless,ADJ,1,0,0
bearable,ADJ,1,0,0
support,NOUN,1,0,0
stump,NOUN,1,0,0
Dearest,PROPN,1,0,1
assumed,ADJ,1,0,0
dishonest,ADJ,1,0,0
criminal,ADJ,1,0,0
notorious,ADJ,1,0,0
frostily,ADV,1,0,0
disappointed,ADJ,1,0,0
assail,VERB,1,0,0
suspense,NOUN,1,0,0
resolve,NOUN,1,0,0
post,ADJ,1,0,0
facedly,ADV,1,0,0
bar,VERB,1,0,0
partition,NOUN,1,0,0
Poste,PROPN,1,0,1
Restante,PROPN,1,0,1
rashness,NOUN,1,0,0
bend,NOUN,1,0,0
ringer,NOUN,1,0,0
abide,NOUN,1,0,0
abide,VERB,1,0,0
peal,NOUN,1,0,0
medley,NOUN,1,0,0
chatter,NOUN,1,0,0
chronicle,VERB,1,0,0
worry,NOUN,1,0,0
multitudinous,ADJ,1,0,0
source,NOUN,1,0,0
centre,NOUN,1,0,0
impulse,ADJ,1,0,0
whispered,ADJ,1,0,0
mainstay,NOUN,1,0,0
casually,ADV,1,0,0
momentous,ADJ,1,0,0
lurch,NOUN,1,0,0
menial,ADJ,1,0,0
fend,VERB,1,0,0
shift,NOUN,1,0,0
northward,ADV,1,0,0
Lincolnshire,PROPN,1,0,1
louder,ADV,1,0,0
boozing,NOUN,1,0,0
red,PROPN,1,0,1
bleak,ADJ,1,0,0
novemberish,ADJ,1,0,0
finch,NOUN,1,0,0
flock,VERB,1,0,0
steward,NOUN,1,0,0
deaf,ADJ,1,0,0
exhibitionist,NOUN,1,0,0
harmless,ADJ,1,0,0
hairy,ADJ,1,0,0
tuft,NOUN,1,0,0
dundreary,ADJ,1,0,0
paradisiac,ADJ,1,0,0
Newington,PROPN,1,0,1
Butts,PROPN,1,0,1
courtesy,NOUN,1,0,0
set,ADJ,1,0,0
retrieve,VERB,1,0,0
cart,VERB,1,0,0
scattering,NOUN,1,0,0
length,NOUN,1,0,0
smelling,NOUN,1,0,0
submit,VERB,1,0,0
invariable,ADJ,1,0,0
Scotch,PROPN,1,0,1
bonnet,NOUN,1,0,0
Auld,PROPN,1,0,1
Lang,PROPN,1,0,1
Syne,PROPN,1,0,1
flattery,NOUN,1,0,0
Ackworth,PROPN,1,0,1
odd,NOUN,1,0,0
perambulator,NOUN,1,0,0
circular,ADJ,1,0,0
elliptical,ADJ,1,0,0
backing,NOUN,1,0,0
siding,NOUN,1,0,0
taking,NOUN,1,0,0
hospitality,NOUN,1,0,0
tenement,ADJ,1,0,0
accumulate,VERB,1,0,0
eightpence,NOUN,1,0,0
Killfrew,PROPN,1,0,1
woollen,ADJ,1,0,0
snotty,ADJ,1,0,0
scotch,NOUN,1,0,0
banana,NOUN,1,0,0
hostile,ADJ,1,0,0
defensively,ADV,1,0,0
bandit,NOUN,1,0,0
stained,ADJ,1,0,0
apophthegms,NOUN,1,0,0
venture,VERB,1,0,0
flyblown,ADJ,1,0,0
Vic,PROPN,1,0,1
theatre,NOUN,1,0,0
orff,VERB,1,0,0
Sawyer,PROPN,1,0,1
persevere,VERB,1,0,0
erase,VERB,1,0,0
subterranean,ADJ,1,0,0
drabby,ADJ,1,0,0
emaciate,VERB,1,0,0
ineffably,ADV,1,0,0
spiral,ADJ,1,0,0
sweating,ADJ,1,0,0
dishwater,NOUN,1,0,0
slop,NOUN,1,0,0
rowdy,ADJ,1,0,0
hidden,ADJ,1,0,0
rouge,NOUN,1,0,0
scarlet,NOUN,1,0,0
geranium,NOUN,1,0,0
petal,NOUN,1,0,0
china,ADJ,1,0,0
mask,NOUN,1,0,0
taller,NOUN,1,0,0
Ullo,PROPN,1,0,1
astonished,ADJ,1,0,0
dolle,VERB,1,0,0
aporth,NOUN,1,0,0
lend,NOUN,1,0,0
lipstick,NOUN,1,0,0
chum,NOUN,1,0,0
aback,ADV,1,0,0
Time,PROPN,1,0,1
Doris,PROPN,1,0,1
portant,NOUN,1,0,0
Leicester,PROPN,1,0,1
nudge,VERB,1,0,0
snigger,VERB,1,0,0
mirthless,ADJ,1,0,0
Jones,PROPN,1,0,1
jes,PROPN,1,0,1
skip,VERB,1,0,0
bedstead,NOUN,1,0,0
packing,NOUN,1,0,0
tack,VERB,1,0,0
Bebe,PROPN,1,0,1
Daniels,PROPN,1,0,1
Film,PROPN,1,0,1
Fun,PROPN,1,0,1
foot,VERB,1,0,0
unnerved,ADJ,1,0,0
foreboding,NOUN,1,0,0
idiotic,ADJ,1,0,0
hoarse,ADJ,1,0,0
drawl,VERB,1,0,0
limerick,NOUN,1,0,0
deathlike,ADJ,1,0,0
rattling,NOUN,1,0,0
rhythm,NOUN,1,0,0
lightly,ADV,1,0,0
unrestfully,ADV,1,0,0
shortage,NOUN,1,0,0
mangy,ADJ,1,0,0
Situations,PROPN,1,0,1
vacant,ADJ,1,0,0
wake,NOUN,1,0,0
shamble,VERB,1,0,0
flop,VERB,1,0,0
periodical,NOUN,1,0,0
Messenger,PROPN,1,0,1
Vegetarian,PROPN,1,0,1
Sentinel,PROPN,1,0,1
stoker,NOUN,1,0,0
overall,NOUN,1,0,0
football,NOUN,1,0,0
scrum,NOUN,1,0,0
Locke,PROPN,1,0,1
Garage,PROPN,1,0,1
scoot,VERB,1,0,0
identical,ADJ,1,0,0
general,NOUN,1,0,0
plenty,ADJ,1,0,0
unhopefully,ADV,1,0,0
unaide,VERB,1,0,0
nil,ADJ,1,0,0
Clapham,PROPN,1,0,1
Brixton,PROPN,1,0,1
Dulwich,PROPN,1,0,1
Penge,PROPN,1,0,1
Sydenham,PROPN,1,0,1
Beckenham,PROPN,1,0,1
Norwood,PROPN,1,0,1
Croydon,PROPN,1,0,1
hale,VERB,1,0,0
chubby,NOUN,1,0,0
catty,ADJ,1,0,0
alert,VERB,1,0,0
ramble,VERB,1,0,0
vegetarianism,NOUN,1,0,0
spiritualist,NOUN,1,0,0
seance,NOUN,1,0,0
motherly,ADJ,1,0,0
react,VERB,1,0,0
speak,NOUN,1,0,0
inquisitively,ADV,1,0,0
embarrassing,ADJ,1,0,0
experienced,ADJ,1,0,0
risk,NOUN,1,0,0
wreck,VERB,1,0,0
startle,VERB,1,0,0
prying,NOUN,1,0,0
darn,NOUN,1,0,0
outright,ADV,1,0,0
probe,VERB,1,0,0
despairingly,ADV,1,0,0
remoter,NOUN,1,0,0
aquarelle,PROPN,1,0,1
precaution,NOUN,1,0,0
kennel,NOUN,1,0,0
manageress,NOUN,1,0,0
bulge,VERB,1,0,0
roaring,NOUN,1,0,0
brazen,NOUN,1,0,0
obstruct,VERB,1,0,0
passer,NOUN,1,0,0
bundle,VERB,1,0,0
threaten,VERB,1,0,0
sheer,ADJ,1,0,0
fascinate,VERB,1,0,0
massive,ADJ,1,0,0
display,VERB,1,0,0
lecherous,ADJ,1,0,0
inquiringly,ADV,1,0,0
slate,NOUN,1,0,0
chalk,VERB,1,0,0
noon,NOUN,1,0,0
idler,NOUN,1,0,0
technicality,NOUN,1,0,0
Electric,PROPN,1,0,1
Hairbrush,PROPN,1,0,1
unhygienic,ADJ,1,0,0
budgie,NOUN,1,0,0
thrive,VERB,1,0,0
Rapeseed,PROPN,1,0,1
absorbingly,ADV,1,0,0
hooked,ADJ,1,0,0
footbridge,NOUN,1,0,0
dune,NOUN,1,0,0
swirl,VERB,1,0,0
eastward,NOUN,1,0,0
swirl,NOUN,1,0,0
foretaste,NOUN,1,0,0
gravitation,NOUN,1,0,0
roofless,ADJ,1,0,0
scene,X,1,0,0
group,VERB,1,0,0
setdown,ADJ,1,0,0
Non,PROPN,1,0,1
quali,VERB,1,0,0
eram,PROPN,1,0,1
boni,PROPN,1,0,1
sub,PROPN,1,0,1
regno,NOUN,1,0,0
Edwardi,PROPN,1,0,1
innocence,NOUN,1,0,0
Little,PROPN,1,0,1
Fawley,PROPN,1,0,1
cum,PROPN,1,0,1
Dewsbury,PROPN,1,0,1
ary,PROPN,1,0,1
starry,NOUN,1,0,0
ivied,ADJ,1,0,0
red,NOUN,1,0,0
slumbering,NOUN,1,0,0
Elizabethan,PROPN,1,0,1
yew,NOUN,1,0,0
vinery,NOUN,1,0,0
cook,NOUN,1,0,0
parlourmaid,PROPN,1,0,1
groom,NOUN,1,0,0
irreproachable,ADJ,1,0,0
spar,VERB,1,0,0
Husband,PROPN,1,0,1
Fourpence,PROPN,1,0,1
queer,VERB,1,0,0
Aldgate,PROPN,1,0,1
Mile,PROPN,1,0,1
medal,NOUN,1,0,0
Bastard,PROPN,1,0,1
kep,NOUN,1,0,0
orspital,ADJ,1,0,0
roast,NOUN,1,0,0
passeth,VERB,1,0,0
oaken,VERB,1,0,0
frou,PROPN,1,0,1
frou,NOUN,1,0,0
laden,ADJ,1,0,0
slant,VERB,1,0,0
pensive,ADJ,1,0,0
booze,VERB,1,0,0
fragrant,ADJ,1,0,0
Cavendish,PROPN,1,0,1
thumb,VERB,1,0,0
Poetical,PROPN,1,0,1
Works,PROPN,1,0,1
Shenstone,PROPN,1,0,1
Esq,PROPN,1,0,1
Reliques,PROPN,1,0,1
Poetry,PROPN,1,0,1
Lempriere,PROPN,1,0,1
professor,NOUN,1,0,0
riddleme,NOUN,1,0,0
ree,NOUN,1,0,0
Nelson,PROPN,1,0,1
sweetstuff,NOUN,1,0,0
freezing,NOUN,1,0,0
crossing,NOUN,1,0,0
bash,VERB,1,0,0
navel,NOUN,1,0,0
Fortunes,PROPN,1,0,1
rumpsteak,NOUN,1,0,0
ed,NOUN,1,0,0
unrivalle,VERB,1,0,0
Hearts,PROPN,1,0,1
renowned,ADJ,1,0,0
diocese,NOUN,1,0,0
Broad,PROPN,1,0,1
No,PROPN,1,1,1
Throaty,PROPN,1,0,1
Anglo,PROPN,1,0,1
Cat,PROPN,1,0,1
Warblings,PROPN,1,0,1
muscular,ADJ,1,0,0
adenoidal,ADJ,1,0,0
houyhnhnm,NOUN,1,0,0
neigh,VERB,1,0,0
chase,NOUN,1,0,0
impediment,NOUN,1,0,0
matrimony,NOUN,1,0,0
lend,VERB,1,0,0
Sod,PROPN,1,0,1
love,VERB,1,0,0
tender,NOUN,1,0,0
evenin,PROPN,1,0,1
Kronk,PROPN,1,0,1
Stores,PROPN,1,0,1
Zion,PROPN,1,0,1
starrie,NOUN,1,0,0
bowel,NOUN,1,0,0
Judas,PROPN,1,0,1
fiddlede,NOUN,1,0,0
dee,NOUN,1,0,0
clod,NOUN,1,0,0
dear,INTJ,1,0,0
broke,ADJ,1,0,0
kidney,NOUN,1,0,0
dreamin,NOUN,1,0,0
buttered,ADJ,1,0,0
waitin,NOUN,1,0,0
wink,NOUN,1,0,0
tortoise,NOUN,1,0,0
scut,NOUN,1,0,0
mortgage,NOUN,1,0,0
dat,NOUN,1,0,0
gee,VERB,1,0,0
un,PROPN,1,0,1
noise,VERB,1,0,0
worm,VERB,1,0,0
Snivel,PROPN,1,0,1
stomach,VERB,1,0,0
unnatural,ADJ,1,0,0
corkscrew,NOUN,1,0,0
bradawl,NOUN,1,0,0
beside,ADV,1,1,0
whore,NOUN,1,0,0
grandmother,NOUN,1,0,0
knacker,NOUN,1,0,0
crisp,NOUN,1,0,0
geeing,NOUN,1,0,0
conviction,NOUN,1,0,0
m,NOUN,1,0,0
O,PROPN,1,0,1
Ananias,PROPN,1,0,1
Azarias,PROPN,1,0,1
Misael,PROPN,1,0,1
aar,NOUN,1,0,0
te,VERB,1,0,0
dat,ADJ,1,0,0
kippered,ADJ,1,0,0
pipe,VERB,1,0,0
King,PROPN,1,0,1
Wenceslas,PROPN,1,0,1
Ymns,PROPN,1,0,1
ouse,NOUN,1,0,0
fair,NOUN,1,0,0
innard,NOUN,1,0,0
vile,VERB,1,0,0
Woolworth,PROPN,1,0,1
stooard,NOUN,1,0,0
Indians,PROPN,1,0,1
canoe,NOUN,1,0,0
catamaran,NOUN,1,0,0
turtle,NOUN,1,0,0
yoo,PROPN,1,0,1
Melchizedec,PROPN,1,0,1
Hoc,PROPN,1,0,1
est,X,1,0,0
corpus,X,1,0,0
hocus,PROPN,1,0,1
pocus,PROPN,1,0,1
un,ADJ,1,0,0
crocked,ADJ,1,0,0
publicly,ADV,1,0,0
diocese,PROPN,1,0,1
consultation,NOUN,1,0,0
ow,INTJ,1,0,0
Choirgirls,PROPN,1,0,1
sup,NOUN,1,0,0
bloomere,VERB,1,0,0
polisher,NOUN,1,0,0
bony,NOUN,1,0,0
bitch,NOUN,1,0,0
swig,VERB,1,0,0
Drum,PROPN,1,0,1
sup,VERB,1,0,0
belch,NOUN,1,0,0
catlap,NOUN,1,0,0
cocoa,NOUN,1,0,0
shy,VERB,1,0,0
Easy,PROPN,1,0,1
Canon,PROPN,1,0,1
Sub,PROPN,1,0,1
Rosa,PROPN,1,0,1
Romance,PROPN,1,0,1
Open,PROPN,1,0,1
Letter,PROPN,1,0,1
Bull,PROPN,1,0,1
Skunk,PROPN,1,0,1
Shepherd,PROPN,1,0,1
Clothing,PROPN,1,0,1
preferment,NOUN,1,0,0
gaiter,NOUN,1,0,0
unworthy,ADJ,1,0,0
dent,VERB,1,0,0
plush,ADJ,1,0,0
vulture,NOUN,1,0,0
tappety,NOUN,1,0,0
perfec,NOUN,1,0,0
Piccadilly,PROPN,1,0,1
Circus,PROPN,1,0,1
bob,ADJ,1,0,0
bummin,NOUN,1,0,0
dribble,NOUN,1,0,0
Buckingham,PROPN,1,0,1
Palace,PROPN,1,0,1
mingy,ADJ,1,0,0
gent,NOUN,1,0,0
ha,INTJ,1,0,0
meself,PRON,1,0,0
parakeet,NOUN,1,0,0
coco,ADJ,1,0,0
potion,NOUN,1,0,0
siren,ADJ,1,0,0
Distilled,PROPN,1,0,1
limbecs,PROPN,1,0,1
foul,PROPN,1,0,1
florry,NOUN,1,0,0
cadge,NOUN,1,0,0
twilight,NOUN,1,0,0
constellation,NOUN,1,0,0
smoker,NOUN,1,0,0
Pekoe,PROPN,1,0,1
Points,PROPN,1,0,1
uber,NOUN,1,0,0
alle,NOUN,1,0,0
carat,NOUN,1,0,0
thieve,VERB,1,0,0
swaller,NOUN,1,0,0
Cold,PROPN,1,0,1
Skipperin,PROPN,1,0,1
mornin,PROPN,1,0,1
milkman,PROPN,1,0,1
blackie,NOUN,1,0,0
Tanner,PROPN,1,0,1
Sixpence,PROPN,1,0,1
boneyard,NOUN,1,0,0
woke,VERB,1,0,0
crab,NOUN,1,0,0
pigsty,NOUN,1,0,0
creepin,NOUN,1,0,0
in,NOUN,1,1,0
sow,NOUN,1,0,0
snorin,NOUN,1,0,0
traction,NOUN,1,0,0
engine,NOUN,1,0,0
begod,NOUN,1,0,0
umming,NOUN,1,0,0
marg,NOUN,1,0,0
suchlike,ADJ,1,0,0
stoo,ADV,1,0,0
pudden,NOUN,1,0,0
dumple,VERB,1,0,0
Fed,PROPN,1,0,1
fighting,NOUN,1,0,0
lamb,VERB,1,0,0
turnip,NOUN,1,0,0
everythink,NOUN,1,0,0
bold,ADV,1,0,0
absumet,NOUN,1,0,0
haere,VERB,1,0,0
Caecuba,PROPN,1,0,1
dignior,NOUN,1,0,0
Clos,PROPN,1,0,1
Jacques,PROPN,1,0,1
uge,INTJ,1,0,0
ou,NOUN,1,0,0
howl,VERB,1,0,0
tomcat,NOUN,1,0,0
ache,NOUN,1,0,0
Et,PROPN,1,0,1
ego,NOUN,1,0,0
Bishops,PROPN,1,0,1
Archbishops,PROPN,1,0,1
Company,PROPN,1,0,1
maniac,NOUN,1,0,0
hammer,NOUN,1,0,0
matchwood,NOUN,1,0,0
mare,NOUN,1,0,0
Bloody,PROPN,1,0,1
froze,NOUN,1,0,0
fancywork,NOUN,1,0,0
morris,NOUN,1,0,0
dancer,NOUN,1,0,0
missionary,ADJ,1,0,0
Western,PROPN,1,0,1
China,PROPN,1,0,1
magic,ADJ,1,0,0
lantern,NOUN,1,0,0
Boys,PROPN,1,0,1
Cricket,PROPN,1,0,1
teetotaller,NOUN,1,0,0
Confirmation,PROPN,1,0,1
purity,NOUN,1,0,0
monthly,ADV,1,0,0
Scout,PROPN,1,0,1
Wolf,PROPN,1,0,1
Cubs,PROPN,1,0,1
Grand,PROPN,1,0,1
Howl,PROPN,1,0,1
Hints,PROPN,1,0,1
Magazine,PROPN,1,0,1
discard,VERB,1,0,0
pen,NOUN,1,0,0
filler,NOUN,1,0,0
enema,NOUN,1,0,0
promotion,NOUN,1,0,0
breathe,NOUN,1,0,0
thy,VERB,1,0,0
elp,VERB,1,0,0
toonful,ADJ,1,0,0
Bendigo,PROPN,1,0,1
abusive,ADJ,1,0,0
exit,NOUN,1,0,0
majestically,ADV,1,0,0
gathering,NOUN,1,0,0
temp,ADJ,1,0,0
igh,ADJ,1,0,0
Sung,PROPN,1,0,1
bass,NOUN,1,0,0
stead,ADV,1,0,0
Kip,PROPN,1,0,1
jacked,ADJ,1,0,0
wassit,VERB,1,0,0
encouraging,ADJ,1,0,0
riff,NOUN,1,0,0
raff,NOUN,1,0,0
outing,NOUN,1,0,0
Epping,PROPN,1,0,1
Forest,PROPN,1,0,1
hire,VERB,1,0,0
brake,NOUN,1,0,0
roan,NOUN,1,0,0
speckle,VERB,1,0,0
layman,NOUN,1,0,0
necktie,NOUN,1,0,0
bun,NOUN,1,0,0
pop,NOUN,1,0,0
susceptible,ADJ,1,0,0
frisking,NOUN,1,0,0
bracken,NOUN,1,0,0
sporting,NOUN,1,0,0
loco,PROPN,1,0,1
parentis,PROPN,1,0,1
kippin,NOUN,1,0,0
begod,PROPN,1,0,1
knee,VERB,1,0,0
Home,PROPN,1,0,1
ell,NOUN,1,0,0
allotment,NOUN,1,0,0
trot,NOUN,1,0,0
grabber,NOUN,1,0,0
chain,VERB,1,0,0
murder,VERB,1,0,0
harp,NOUN,1,0,0
kiddie,ADJ,1,0,0
Paul,PROPN,1,0,1
coupla,ADJ,1,0,0
eleven,PROPN,1,1,1
pass,NOUN,1,0,0
thin,VERB,1,0,0
increase,NOUN,1,0,0
grubby,ADV,1,0,0
moon,NOUN,1,0,0
contrive,ADJ,1,0,0
greatcoat,NOUN,1,0,0
stroll,VERB,1,0,0
revolve,VERB,1,0,0
navvy,NOUN,1,0,0
clinker,NOUN,1,0,0
Chandos,PROPN,1,0,1
unfounded,ADJ,1,0,0
musical,ADJ,1,0,0
armpit,NOUN,1,0,0
doze,NOUN,1,0,0
troubling,NOUN,1,0,0
surrounding,NOUN,1,0,0
colder,VERB,1,0,0
uncontrollable,ADJ,1,0,0
me,PROPN,1,1,1
wanderin,NOUN,1,0,0
tomb,NOUN,1,0,0
glarin,PROPN,1,0,1
stirren,NOUN,1,0,0
excep,NOUN,1,0,0
strollin,NOUN,1,0,0
appen,VERB,1,0,0
potsherd,NOUN,1,0,0
cleaveth,VERB,1,0,0
Gold,PROPN,1,0,1
Flake,PROPN,1,0,1
fag,VERB,1,0,0
wrap,NOUN,1,0,0
scarf,NOUN,1,0,0
biff,NOUN,1,0,0
dummy,ADJ,1,0,0
mash,VERB,1,0,0
pennorth,NOUN,1,0,0
swipe,VERB,1,0,0
agen,ADJ,1,0,0
chatty,ADJ,1,0,0
Adam,PROPN,1,0,1
withered,ADJ,1,0,0
tomahawk,NOUN,1,0,0
salt,NOUN,1,0,0
heathen,ADV,1,0,0
oldier,NOUN,1,0,0
Silkstone,PROPN,1,0,1
hob,NOUN,1,0,0
toasted,ADJ,1,0,0
trap,NOUN,1,0,0
smut,NOUN,1,0,0
dance,NOUN,1,0,0
talkin,NOUN,1,0,0
Missis,PROPN,1,0,1
rubbin,NOUN,1,0,0
backbone,VERB,1,0,0
Rollicking,PROPN,1,0,1
Sailor,PROPN,1,0,1
increase,VERB,1,0,0
grotesquely,ADV,1,0,0
Wayne,PROPN,1,0,1
swag,NOUN,1,0,0
crozi,ADJ,1,0,0
shudder,VERB,1,0,0
penetrate,NOUN,1,0,0
kick,VERB,1,0,0
urry,NOUN,1,0,0
Gray,PROPN,1,0,1
Inn,PROPN,1,0,1
t,VERB,1,0,0
bloom,VERB,1,0,0
bear,NOUN,1,0,0
stead,NOUN,1,0,0
ave,NOUN,1,0,0
spike,NOUN,1,0,0
Horlicks,PROPN,1,0,1
glad,NOUN,1,0,0
cully,ADV,1,0,0
brrh,NOUN,1,0,0
dorothy,ADJ,1,0,0
unsteady,ADJ,1,0,0
constitootional,ADJ,1,0,0
scrum,VERB,1,0,0
beg,PROPN,1,0,1
sleepily,ADV,1,0,0
wassa,ADJ,1,0,0
worrite,VERB,1,0,0
Jam,PROPN,1,0,1
pilchard,NOUN,1,0,0
shapeless,ADJ,1,0,0
clot,NOUN,1,0,0
cling,VERB,1,0,0
indiscriminately,ADV,1,0,0
spawn,VERB,1,0,0
writhing,NOUN,1,0,0
stench,NOUN,1,0,0
declaiming,NOUN,1,0,0
unreproducible,ADJ,1,0,0
stink,VERB,1,0,0
Bleeding,PROPN,1,0,1
Bank,PROPN,1,0,1
oliday,PROPN,1,0,1
pule,VERB,1,0,0
deathbed,ADJ,1,0,0
penitent,NOUN,1,0,0
Stick,PROPN,1,0,1
gun,NOUN,1,0,0
Lucifer,PROPN,1,0,1
incubi,ADJ,1,0,0
Succubi,PROPN,1,0,1
blarsphemous,ADJ,1,0,0
Malecidite,PROPN,1,0,1
omnia,PROPN,1,0,1
opera,NOUN,1,0,0
Mass,PROPN,1,0,1
chunk,NOUN,1,0,0
toke,NOUN,1,0,0
miracle,NOUN,1,0,0
Sulphur,PROPN,1,0,1
crucifix,VERB,1,0,0
he,NOUN,1,1,0
goat,VERB,1,0,0
drowsiness,NOUN,1,0,0
absolution,NOUN,1,0,0
get,PROPN,1,1,1
ole,PROPN,1,0,1
getsie,PROPN,1,0,1
aquam,PROPN,1,0,1
sacratam,PROPN,1,0,1
quam,NOUN,1,0,0
spargo,PROPN,1,0,1
signumque,ADJ,1,0,0
crucis,PROPN,1,0,1
quod,PROPN,1,0,1
facio,PROPN,1,0,1
fill,NOUN,1,0,0
ard,NOUN,1,0,0
up,NOUN,1,1,0
dearly,ADV,1,0,0
beloved,ADJ,1,0,0
solemnization,NOUN,1,0,0
unholy,ADJ,1,0,0
pox,NOUN,1,0,0
itch,NOUN,1,0,0
headlouse,NOUN,1,0,0
crablouse,NOUN,1,0,0
slimy,ADJ,1,0,0
sawdust,VERB,1,0,0
bolt,VERB,1,0,0
rinse,VERB,1,0,0
sand,NOUN,1,0,0
spittle,NOUN,1,0,0
toothless,ADJ,1,0,0
pauper,NOUN,1,0,0
coffin,NOUN,1,0,0
underground,ADV,1,0,0
meet,NOUN,1,0,0
right,INTJ,1,0,0
bounden,NOUN,1,0,0
revile,VERB,1,0,0
lyin,NOUN,1,0,0
crushin,NOUN,1,0,0
consecrate,VERB,1,0,0
rolling,ADJ,1,0,0
thunder,NOUN,1,0,0
claw,NOUN,1,0,0
star,NOUN,1,0,0
twinkle,VERB,1,0,0
roughin,VERB,1,0,0
Brr,PROPN,1,0,1
Woo,PROPN,1,0,1
tater,NOUN,1,0,0
mould,NOUN,1,0,0
constable,ADJ,1,0,0
ascot,NOUN,1,0,0
doubtfully,ADV,1,0,0
temperature,NOUN,1,0,0
cuttingly,ADV,1,0,0
suck,VERB,1,0,0
teat,NOUN,1,0,0
shrink,NOUN,1,0,0
undreamlike,ADJ,1,0,0
monologue,NOUN,1,0,0
degenerate,VERB,1,0,0
bulk,NOUN,1,0,0
suffocate,VERB,1,0,0
save,NOUN,1,0,0
nod,VERB,1,0,0
porcelain,NOUN,1,0,0
reawake,ADJ,1,0,0
rhythmically,ADV,1,0,0
ticking,NOUN,1,0,0
yell,VERB,1,0,0
trumpet,NOUN,1,0,0
noospaper,NOUN,1,0,0
shamble,ADJ,1,0,0
surplus,NOUN,1,0,0
wad,NOUN,1,0,0
jam,VERB,1,0,0
infinite,ADJ,1,0,0
wrap,VERB,1,0,0
uncover,VERB,1,0,0
fashion,VERB,1,0,0
hood,NOUN,1,0,0
let,NOUN,1,0,0
shaft,NOUN,1,0,0
steal,NOUN,1,0,0
fondling,NOUN,1,0,0
slouch,VERB,1,0,0
frequently,ADV,1,0,0
lassitude,NOUN,1,0,0
condensed,ADJ,1,0,0
content,NOUN,1,0,0
undisturbed,ADJ,1,0,0
make,NOUN,1,1,0
stingy,ADJ,1,0,0
roseate,NOUN,1,0,0
hu,NOUN,1,0,0
ue,NOUN,1,0,0
da,NOUN,1,0,0
awn,NOUN,1,0,0
eat,NOUN,1,0,0
steam,VERB,1,0,0
urns,ADJ,1,0,0
ot,ADP,1,0,0
summersault,NOUN,1,0,0
breakfus,NOUN,1,0,0
addock,NOUN,1,0,0
ope,VERB,1,0,0
godsend,NOUN,1,0,0
Tobies,PROPN,1,0,1
charlie,NOUN,1,0,0
slaver,VERB,1,0,0
Welsh,PROPN,1,0,1
rump,NOUN,1,0,0
steak,NOUN,1,0,0
Burton,PROPN,1,0,1
stoutly,ADV,1,0,0
menace,VERB,1,0,0
whoop,NOUN,1,0,0
debouch,ADJ,1,0,0
hurl,VERB,1,0,0
momentum,NOUN,1,0,0
leader,NOUN,1,0,0
voices,NOUN,1,0,0
slam,VERB,1,0,0
miner,NOUN,1,0,0
alfpenny,NOUN,1,0,0
ripe,ADJ,1,0,0
Greta,PROPN,1,0,1
Garbo,PROPN,1,0,1
mentioning,NOUN,1,0,0
cleaveth,NOUN,1,0,0
stampede,VERB,1,0,0
swoon,VERB,1,0,0
pore,NOUN,1,0,0
hokey,NOUN,1,0,0
pokey,NOUN,1,0,0
deafening,ADJ,1,0,0
choru,NOUN,1,0,0
YELLS,PROPN,1,0,1
us,PROPN,1,1,1
holler,VERB,1,0,0
runnin,NOUN,1,0,0
gentlemanly,ADV,1,0,0
urry,VERB,1,0,0
prog,NOUN,1,0,0
Belches,PROPN,1,0,1
Bes,PROPN,1,0,1
veg,NOUN,1,0,0
agen,VERB,1,0,0
ead,ADJ,1,0,0
agenst,ADJ,1,0,0
smoking,NOUN,1,0,0
ow,NOUN,1,0,0
wild,NOUN,1,0,0
swallere,VERB,1,0,0
ere,VERB,1,0,0
wisdom,NOUN,1,0,0
shillings,NOUN,1,0,0
move,NOUN,1,1,0
endure,VERB,1,0,0
organize,VERB,1,0,0
hullabaloo,NOUN,1,0,0
extinct,ADJ,1,0,0
homeless,ADJ,1,0,0
uncrumple,ADJ,1,0,0
destitute,ADJ,1,0,0
overnight,ADJ,1,0,0
invaluable,ADJ,1,0,0
asset,NOUN,1,0,0
passport,NOUN,1,0,0
scruple,NOUN,1,0,0
communism,NOUN,1,0,0
strongly,ADV,1,0,0
continuously,ADV,1,0,0
unreal,ADJ,1,0,0
dimmer,NOUN,1,0,0
unnoticed,ADJ,1,0,0
habitual,NOUN,1,0,0
enforce,VERB,1,0,0
raid,NOUN,1,0,0
capture,VERB,1,0,0
dreamlike,ADV,1,0,0
eagerly,ADV,1,0,0
gentle,ADJ,1,0,0
deferential,ADJ,1,0,0
grille,NOUN,1,0,0
plead,VERB,1,0,0
guilty,ADJ,1,0,0
bewail,VERB,1,0,0
plank,NOUN,1,0,0
shelf,NOUN,1,0,0
Police,PROPN,1,0,1
adeste,ADJ,1,0,0
fidele,NOUN,1,0,0
drunk,NOUN,1,0,0
wrong,VERB,1,0,0
helpful,ADJ,1,0,0
disappearance,NOUN,1,0,0
neither,ADV,1,1,0
gorn,ADJ,1,0,0
ome,PROPN,1,0,1
downstair,NOUN,1,0,0
unshaven,NOUN,1,0,0
fruitless,ADJ,1,0,0
unprecedented,ADJ,1,0,0
sacerdotal,ADJ,1,0,0
unpunctual,ADJ,1,0,0
befall,VERB,1,0,0
sneaking,NOUN,1,0,0
plesiosaurus,NOUN,1,0,0
Thames,PROPN,1,0,1
notoriety,NOUN,1,0,0
flame,VERB,1,0,0
Further,PROPN,1,1,1
Cabaret,PROPN,1,0,1
article,NOUN,1,0,0
Spyhole,PROPN,1,0,1
consult,VERB,1,0,0
verdict,NOUN,1,0,0
possibility,NOUN,1,0,0
penniless,NOUN,1,0,0
despairing,ADJ,1,0,0
worth,NOUN,1,0,0
delay,VERB,1,0,0
chuckle,NOUN,1,0,0
checked,ADJ,1,0,0
dashingly,ADV,1,0,0
cavalry,NOUN,1,0,0
major,NOUN,1,0,0
ninety,NOUN,1,0,0
devil,VERB,1,0,0
s,PROPN,1,0,1
tinkle,NOUN,1,0,0
hansom,NOUN,1,0,0
Pink,PROPN,1,0,1
Un,PROPN,1,0,1
pitcher,NOUN,1,0,0
Lottie,PROPN,1,0,1
Collins,PROPN,1,0,1
bristle,VERB,1,0,0
brainless,NOUN,1,0,0
prawn,NOUN,1,0,0
inclination,NOUN,1,0,0
relation,NOUN,1,0,0
accursed,ADJ,1,0,0
foresaw,VERB,1,0,0
pheasant,ADJ,1,0,0
shooting,NOUN,1,0,0
confidant,NOUN,1,0,0
war,PROPN,1,0,1
dammit,VERB,1,0,0
prawnishly,ADV,1,0,0
hey,INTJ,1,0,0
sharp,ADV,1,0,0
damn,NOUN,1,0,0
lock,NOUN,1,0,0
excusable,ADJ,1,0,0
track,VERB,1,0,0
fin,VERB,1,0,0
default,NOUN,1,0,0
detain,VERB,1,0,0
queerer,NOUN,1,0,0
bus,NOUN,1,0,0
Hyde,PROPN,1,0,1
shutter,VERB,1,0,0
borderland,NOUN,1,0,0
Knightsbridge,PROPN,1,0,1
Mayfair,PROPN,1,0,1
area,NOUN,1,0,0
deference,NOUN,1,0,0
Magdalen,PROPN,1,0,1
hush,VERB,1,0,0
corpselike,ADJ,1,0,0
blind,NOUN,1,0,0
daytime,NOUN,1,0,0
lurking,NOUN,1,0,0
dusty,NOUN,1,0,0
museum,NOUN,1,0,0
bric,PROPN,1,0,1
brac,NOUN,1,0,0
Lady,PROPN,1,0,1
collector,NOUN,1,0,0
stow,VERB,1,0,0
doubtful,ADJ,1,0,0
yellowed,ADJ,1,0,0
sandalwood,NOUN,1,0,0
label,VERB,1,0,0
Piece,PROPN,1,0,1
Bread,PROPN,1,0,1
Cecil,PROPN,1,0,1
Rhodes,PROPN,1,0,1
South,PROPN,1,0,1
Africa,PROPN,1,0,1
Banquet,PROPN,1,0,1
June,PROPN,1,0,1
prize,NOUN,1,0,0
cash,VERB,1,0,0
jersey,NOUN,1,0,0
passable,ADJ,1,0,0
lisle,NOUN,1,0,0
suede,NOUN,1,0,0
siren,NOUN,1,0,0
plague,VERB,1,0,0
succumbing,NOUN,1,0,0
countrifie,VERB,1,0,0
calculation,NOUN,1,0,0
manicurist,NOUN,1,0,0
prawnish,ADJ,1,0,0
chivalrous,ADJ,1,0,0
disbelieve,VERB,1,0,0
club,NOUN,1,0,0
discussion,NOUN,1,0,0
unutterable,ADJ,1,0,0
Cousin,PROPN,1,0,1
guide,VERB,1,0,0
mitten,NOUN,1,0,0
rheumatoid,ADJ,1,0,0
arthritis,NOUN,1,0,0
skivvy,NOUN,1,0,0
consulting,NOUN,1,0,0
highly,ADV,1,0,0
aghast,ADJ,1,0,0
qualified,ADJ,1,0,0
ruler,NOUN,1,0,0
youngster,NOUN,1,0,0
ABC,PROPN,1,0,1
sure,ADV,1,0,0
arrangement,NOUN,1,0,0
total,ADJ,1,0,0
unqualified,ADJ,1,0,0
bribe,NOUN,1,0,0
miscall,VERB,1,0,0
premium,NOUN,1,0,0
Academy,PROPN,1,0,1
struggle,NOUN,1,0,0
contrast,NOUN,1,0,0
amaze,VERB,1,0,0
Corinthians,PROPN,1,0,1
repellent,ADJ,1,0,0
meanly,ADV,1,0,0
indistinguishably,ADV,1,0,0
detach,VERB,1,0,0
privet,NOUN,1,0,0
crossroad,NOUN,1,0,0
forest,NOUN,1,0,0
Lycidas,PROPN,1,0,1
detached,ADJ,1,0,0
storey,NOUN,1,0,0
RINGWOOD,PROPN,1,0,1
HOUSE,PROPN,1,0,1
ACADEMY,PROPN,1,0,1
GIRLS,PROPN,1,0,1
Music,PROPN,1,0,1
Dancing,PROPN,1,0,1
Taught,PROPN,1,0,1
Edge,PROPN,1,0,1
RUSHINGTON,PROPN,1,0,1
GRANGE,PROPN,1,0,1
SCHOOL,PROPN,1,0,1
BOYS,PROPN,1,0,1
Arithmetic,PROPN,1,0,1
Speciality,PROPN,1,0,1
Rushington,PROPN,1,0,1
respective,ADJ,1,0,0
separate,VERB,1,0,0
hatred,NOUN,1,0,0
magnificent,ADJ,1,0,0
twilit,ADJ,1,0,0
fireless,NOUN,1,0,0
yellow,VERB,1,0,0
ghostly,ADV,1,0,0
photo,NOUN,1,0,0
forty,NOUN,1,0,0
indicate,VERB,1,0,0
vicious,ADJ,1,0,0
untidy,ADJ,1,0,0
shaped,ADJ,1,0,0
bully,NOUN,1,0,0
compunction,NOUN,1,0,0
greeting,NOUN,1,0,0
motion,VERB,1,0,0
commanding,NOUN,1,0,0
subhectore,VERB,1,0,0
everwise,NOUN,1,0,0
tarradiddle,NOUN,1,0,0
induct,VERB,1,0,0
complainingly,ADV,1,0,0
hardworke,VERB,1,0,0
ref,NOUN,1,0,0
expel,VERB,1,0,0
contemptuously,ADV,1,0,0
geyser,NOUN,1,0,0
reception,NOUN,1,0,0
untruthfully,ADV,1,0,0
dialogue,NOUN,1,0,0
shrewish,NOUN,1,0,0
acorn,ADJ,1,0,0
quilt,VERB,1,0,0
wash,NOUN,1,0,0
white,PROPN,1,0,1
basin,PROPN,1,0,1
ewer,NOUN,1,0,0
seaside,NOUN,1,0,0
lack,VERB,1,0,0
homeliness,NOUN,1,0,0
crack,NOUN,1,0,0
salutation,NOUN,1,0,0
dismally,ADV,1,0,0
cardboard,NOUN,1,0,0
relic,NOUN,1,0,0
weakness,NOUN,1,0,0
adjoin,VERB,1,0,0
texture,NOUN,1,0,0
forbiddingly,ADV,1,0,0
leathery,NOUN,1,0,0
cruet,NOUN,1,0,0
spin,VERB,1,0,0
mouthful,NOUN,1,0,0
protective,ADJ,1,0,0
flank,NOUN,1,0,0
suspect,VERB,1,0,0
squeaky,ADJ,1,0,0
thump,NOUN,1,0,0
rap,NOUN,1,0,0
poltergeist,NOUN,1,0,0
jibbing,NOUN,1,0,0
medium,ADJ,1,0,0
largish,ADJ,1,0,0
paper,VERB,1,0,0
greyer,NOUN,1,0,0
bush,NOUN,1,0,0
mausoleum,NOUN,1,0,0
ornamental,ADJ,1,0,0
chalk,NOUN,1,0,0
Speech,PROPN,1,0,1
Silver,PROPN,1,0,1
punctuality,NOUN,1,0,0
Politeness,PROPN,1,0,1
Princes,PROPN,1,0,1
footstep,NOUN,1,0,0
partridge,NOUN,1,0,0
chick,NOUN,1,0,0
hawk,NOUN,1,0,0
soar,VERB,1,0,0
dull,ADV,1,0,0
adenoid,NOUN,1,0,0
uniform,NOUN,1,0,0
verge,VERB,1,0,0
raggedness,NOUN,1,0,0
unison,PROPN,1,0,1
dart,VERB,1,0,0
Almighty,PROPN,1,0,1
grace,VERB,1,0,0
divine,ADJ,1,0,0
guidance,NOUN,1,0,0
prosper,VERB,1,0,0
know,ADJ,1,0,0
ladylike,VERB,1,0,0
worthy,ADJ,1,0,0
respect,NOUN,1,0,0
mathematic,NOUN,1,0,0
spelling,NOUN,1,0,0
freehand,NOUN,1,0,0
History,PROPN,1,0,1
impostor,NOUN,1,0,0
flagrantly,ADV,1,0,0
tentatively,ADV,1,0,0
whereabouts,NOUN,1,0,0
jumper,NOUN,1,0,0
skirt,PROPN,1,0,1
pigtail,NOUN,1,0,0
remark,VERB,1,0,0
cloudily,ADV,1,0,0
Britons,PROPN,1,0,1
fright,NOUN,1,0,0
plumb,VERB,1,0,0
dadaist,NOUN,1,0,0
appal,VERB,1,0,0
king,NOUN,1,0,0
V,PROPN,1,0,1
Hamlet,PROPN,1,0,1
America,PROPN,1,0,1
Atlantic,PROPN,1,0,1
Pacific,PROPN,1,0,1
infant,NOUN,1,0,0
former,ADJ,1,1,0
neatly,ADV,1,0,0
disconnected,ADJ,1,0,0
stanzas,NOUN,1,0,0
ollendorffian,ADJ,1,0,0
learn,NOUN,1,0,0
Pretty,PROPN,1,0,1
Poll,PROPN,1,0,1
subtract,VERB,1,0,0
multiply,VERB,1,0,0
unused,ADJ,1,0,0
gape,VERB,1,0,0
bewilderment,NOUN,1,0,0
lumpish,ADJ,1,0,0
accurate,ADJ,1,0,0
regime,NOUN,1,0,0
quantity,NOUN,1,0,0
sententious,ADJ,1,0,0
girlish,PROPN,1,0,1
gaily,ADV,1,0,0
dainty,ADJ,1,0,0
suitably,ADV,1,0,0
insistence,NOUN,1,0,0
parroting,NOUN,1,0,0
loop,VERB,1,0,0
mangrove,NOUN,1,0,0
tropical,ADJ,1,0,0
swamp,NOUN,1,0,0
civilized,ADJ,1,0,0
antiquated,ADJ,1,0,0
victorian,ADJ,1,0,0
mid,ADJ,1,0,0
nineteenth,ADJ,1,0,0
shill,VERB,1,0,0
Great,PROPN,1,0,1
serviceable,ADJ,1,0,0
duodecimo,ADJ,1,0,0
frontispiece,ADJ,1,0,0
style,VERB,1,0,0
Emperor,PROPN,1,0,1
Buonaparte,PROPN,1,0,1
sway,NOUN,1,0,0
briton,NOUN,1,0,0
frenchman,NOUN,1,0,0
Prussians,PROPN,1,0,1
ally,NOUN,1,0,0
ringing,ADJ,1,0,0
Reform,PROPN,1,0,1
beneficent,ADJ,1,0,0
reform,NOUN,1,0,0
liberty,NOUN,1,0,0
nation,NOUN,1,0,0
Fenimore,PROPN,1,0,1
Cooper,PROPN,1,0,1
Watts,PROPN,1,0,1
Tennyson,PROPN,1,0,1
Nature,PROPN,1,0,1
Notes,PROPN,1,0,1
Trees,PROPN,1,0,1
Bananas,PROPN,1,0,1
Whale,PROPN,1,0,1
Zebra,PROPN,1,0,1
Porcupine,PROPN,1,0,1
Spotted,PROPN,1,0,1
Camelopard,PROPN,1,0,1
Beautiful,PROPN,1,0,1
Peeps,PROPN,1,0,1
Distant,PROPN,1,0,1
Lands,PROPN,1,0,1
parisian,ADJ,1,0,0
tightly,ADV,1,0,0
atlas,NOUN,1,0,0
nought,NOUN,1,0,0
shyness,NOUN,1,0,0
strict,ADJ,1,0,0
Canada,PROPN,1,0,1
beforehand,ADP,1,1,0
tenpence,NOUN,1,0,0
scrag,NOUN,1,0,0
dexterity,NOUN,1,0,0
lean,NOUN,1,0,0
shameface,VERB,1,0,0
shrinking,NOUN,1,0,0
assemble,VERB,1,0,0
peaky,ADJ,1,0,0
Laura,PROPN,1,0,1
Firth,PROPN,1,0,1
pathetic,ADJ,1,0,0
browny,ADJ,1,0,0
chrysanthemum,NOUN,1,0,0
subscribe,VERB,1,0,0
indifference,NOUN,1,0,0
stunt,VERB,1,0,0
maltreat,VERB,1,0,0
gentleness,NOUN,1,0,0
loyalty,NOUN,1,0,0
unfit,VERB,1,0,0
willingness,NOUN,1,0,0
exclusion,NOUN,1,0,0
establish,VERB,1,0,0
concordat,NOUN,1,0,0
dispirit,VERB,1,0,0
tasteless,ADJ,1,0,0
eyehole,NOUN,1,0,0
rice,NOUN,1,0,0
scrape,ADJ,1,0,0
lion,NOUN,1,0,0
partition,VERB,1,0,0
sacrosanct,ADJ,1,0,0
store,NOUN,1,0,0
secrecy,NOUN,1,0,0
intentionally,ADV,1,0,0
mortally,ADV,1,0,0
privacy,NOUN,1,0,0
scrub,NOUN,1,0,0
flare,VERB,1,0,0
presence,NOUN,1,0,0
intrusion,NOUN,1,0,0
restlessly,ADV,1,0,0
pounce,VERB,1,0,0
mischief,VERB,1,0,0
mutilate,VERB,1,0,0
sally,VERB,1,0,0
foray,NOUN,1,0,0
canvass,VERB,1,0,0
dunning,NOUN,1,0,0
editor,NOUN,1,0,0
haggle,VERB,1,0,0
workbox,NOUN,1,0,0
restitche,VERB,1,0,0
bloomer,NOUN,1,0,0
garment,NOUN,1,0,0
coif,NOUN,1,0,0
frozen,ADJ,1,0,0
chastity,NOUN,1,0,0
outsider,NOUN,1,0,0
sweet,NOUN,1,0,0
finery,NOUN,1,0,0
impress,VERB,1,0,0
anti,ADJ,1,0,0
clericalism,ADJ,1,0,0
found,VERB,1,0,0
joyless,ADJ,1,0,0
submerge,VERB,1,0,0
derive,VERB,1,0,0
inexhaustible,ADJ,1,0,0
avarice,NOUN,1,0,0
avaricious,ADJ,1,0,0
miser,NOUN,1,0,0
enterprise,NOUN,1,0,0
dunghill,NOUN,1,0,0
canvassing,NOUN,1,0,0
impudent,NOUN,1,0,0
bluff,PROPN,1,0,1
equipment,NOUN,1,0,0
guineas,NOUN,1,0,0
extra,NOUN,1,0,0
dock,VERB,1,0,0
book,VERB,1,0,0
unauthorized,ADJ,1,0,0
purposeless,NOUN,1,0,0
malignity,NOUN,1,0,0
gain,VERB,1,0,0
hobby,NOUN,1,0,0
experience,VERB,1,0,0
orgasm,NOUN,1,0,0
sided,ADJ,1,0,0
ago,ADP,1,0,0
heighten,VERB,1,0,0
campaign,NOUN,1,0,0
dustbinful,NOUN,1,0,0
tulip,NOUN,1,0,0
bloodless,NOUN,1,0,0
arrival,NOUN,1,0,0
plum,NOUN,1,0,0
inject,VERB,1,0,0
killer,NOUN,1,0,0
odious,ADJ,1,0,0
preconceive,VERB,1,0,0
instinct,ADJ,1,0,0
rearranging,NOUN,1,0,0
scheme,VERB,1,0,0
innovate,VERB,1,0,0
grisly,ADV,1,0,0
concern,VERB,1,0,0
attach,VERB,1,0,0
preposterous,ADJ,1,0,0
leave,NOUN,1,0,0
secondhand,NOUN,1,0,0
edition,NOUN,1,0,0
Hans,PROPN,1,0,1
Andersen,PROPN,1,0,1
wonderfully,ADV,1,0,0
improve,VERB,1,0,0
unteachable,ADJ,1,0,0
warped,ADJ,1,0,0
expand,VERB,1,0,0
daisy,NOUN,1,0,0
roller,NOUN,1,0,0
foundation,NOUN,1,0,0
pilot,VERB,1,0,0
fil,VERB,1,0,0
du,NOUN,1,0,0
jardinier,ADV,1,0,0
Quito,PROPN,1,0,1
Ecuador,PROPN,1,0,1
ply,NOUN,1,0,0
scale,NOUN,1,0,0
clamour,VERB,1,0,0
specialist,NOUN,1,0,0
voluntarily,ADV,1,0,0
Paper,PROPN,1,0,1
parse,VERB,1,0,0
analyse,VERB,1,0,0
centurion,NOUN,1,0,0
medieval,ADJ,1,0,0
eighteenth,ADJ,1,0,0
nobleman,NOUN,1,0,0
antiquity,NOUN,1,0,0
Middle,PROPN,1,0,1
Renaissance,PROPN,1,0,1
Industrial,PROPN,1,0,1
bookless,ADJ,1,0,0
Fid,PROPN,1,0,1
Def,PROPN,1,0,1
oftener,NOUN,1,0,0
Tweedledum,PROPN,1,0,1
Tweedledee,PROPN,1,0,1
block,VERB,1,0,0
hazard,VERB,1,0,0
Jubilee,PROPN,1,0,1
syllable,NOUN,1,0,0
inadequate,ADJ,1,0,0
paraphrase,NOUN,1,0,0
strive,VERB,1,0,0
wallpaper,NOUN,1,0,0
upholsterer,NOUN,1,0,0
spanish,ADJ,1,0,0
galleon,NOUN,1,0,0
printing,NOUN,1,0,0
panorama,NOUN,1,0,0
fonder,NOUN,1,0,0
papiermache,PROPN,1,0,1
innovation,NOUN,1,0,0
jealous,ADJ,1,0,0
actively,ADV,1,0,0
delicious,ADJ,1,0,0
sensation,NOUN,1,0,0
successful,ADJ,1,0,0
grumble,ADJ,1,0,0
thorough,ADJ,1,0,0
applaud,VERB,1,0,0
comment,NOUN,1,0,0
creditable,ADJ,1,0,0
performance,NOUN,1,0,0
succumb,VERB,1,0,0
schoolgirl,NOUN,1,0,0
giggle,VERB,1,0,0
exercise,VERB,1,0,0
stupider,NOUN,1,0,0
subhuman,NOUN,1,0,0
amazing,ADJ,1,0,0
unanswerable,ADJ,1,0,0
wass,NOUN,1,0,0
mispronounce,VERB,1,0,0
indefinitely,ADV,1,0,0
politeness,NOUN,1,0,0
scused,ADJ,1,0,0
blush,VERB,1,0,0
bashful,ADJ,1,0,0
prompt,VERB,1,0,0
shamefacedly,ADV,1,0,0
lavatory,NOUN,1,0,0
dispatch,VERB,1,0,0
messenger,NOUN,1,0,0
latebra,NOUN,1,0,0
pudenda,NOUN,1,0,0
backward,ADV,1,0,0
minor,ADJ,1,0,0
brighten,VERB,1,0,0
noticeably,ADV,1,0,0
crackle,VERB,1,0,0
absorbedly,ADV,1,0,0
squeak,VERB,1,0,0
breathlessly,ADV,1,0,0
Bellona,PROPN,1,0,1
bridegroom,NOUN,1,0,0
broomstick,NOUN,1,0,0
possible,VERB,1,0,0
leap,VERB,1,0,0
flame,NOUN,1,0,0
unlooke,VERB,1,0,0
gleam,NOUN,1,0,0
reward,VERB,1,0,0
fascinating,ADJ,1,0,0
if,NOUN,1,0,0
intimately,ADV,1,0,0
peculiarity,NOUN,1,0,0
stimulant,NOUN,1,0,0
development,NOUN,1,0,0
willingly,ADV,1,0,0
vocation,NOUN,1,0,0
mission,NOUN,1,0,0
dull,VERB,1,0,0
disregard,VERB,1,0,0
anomalous,ADJ,1,0,0
school,VERB,1,0,0
grocer,NOUN,1,0,0
cheat,VERB,1,0,0
bombard,VERB,1,0,0
practacle,ADJ,1,0,0
practacle,NOUN,1,0,0
faithfully,ADV,1,0,0
disorganize,VERB,1,0,0
cuneiform,NOUN,1,0,0
alphabet,PROPN,1,0,1
perturb,VERB,1,0,0
eminently,ADV,1,0,0
limit,VERB,1,0,0
addition,NOUN,1,0,0
subtraction,NOUN,1,0,0
spectacular,ADJ,1,0,0
tour,NOUN,1,0,0
tact,NOUN,1,0,0
safely,ADV,1,0,0
nonconformist,NOUN,1,0,0
adventure,NOUN,1,0,0
anglican,ADJ,1,0,0
Dissenter,PROPN,1,0,1
Turk,PROPN,1,0,1
infidel,PROPN,1,0,1
skirmish,NOUN,1,0,0
scripture,NOUN,1,0,0
Bible,PROPN,1,0,1
prophecy,NOUN,1,0,0
fulfil,VERB,1,0,0
macbeth,NOUN,1,0,0
thou,ADJ,1,0,0
los,ADJ,1,0,0
intrenchant,ADJ,1,0,0
vulnerable,ADJ,1,0,0
crest,NOUN,1,0,0
charmed,ADJ,1,0,0
MACDUFF,PROPN,1,0,1
Angel,PROPN,1,0,1
thou,PROPN,1,0,1
hast,PROPN,1,0,1
haltingly,ADV,1,0,0
incompletely,ADV,1,0,0
commotion,NOUN,1,0,0
message,NOUN,1,0,0
thrill,NOUN,1,0,0
conclave,NOUN,1,0,0
deputation,NOUN,1,0,0
guess,VERB,1,0,0
control,VERB,1,0,0
grimly,ADV,1,0,0
inquisitor,NOUN,1,0,0
alert,ADJ,1,0,0
droop,VERB,1,0,0
peculiarly,ADV,1,0,0
flatten,VERB,1,0,0
pressure,NOUN,1,0,0
speaker,NOUN,1,0,0
traveller,NOUN,1,0,0
youngish,NOUN,1,0,0
mobile,ADJ,1,0,0
scalp,NOUN,1,0,0
nasty,ADV,1,0,0
stool,NOUN,1,0,0
repentance,NOUN,1,0,0
spokesman,NOUN,1,0,0
fleck,NOUN,1,0,0
yellowish,ADJ,1,0,0
voice,VERB,1,0,0
facile,ADJ,1,0,0
bagman,NOUN,1,0,0
eloquence,NOUN,1,0,0
schoolbook,NOUN,1,0,0
News,PROPN,1,0,1
Chronicle,PROPN,1,0,1
film,NOUN,1,0,0
Baptists,PROPN,1,0,1
Methodists,PROPN,1,0,1
nod,NOUN,1,0,0
yer,PROPN,1,0,1
figuring,NOUN,1,0,0
signal,NOUN,1,0,0
say,NOUN,1,1,0
venomous,ADJ,1,0,0
ingratitude,NOUN,1,0,0
watching,NOUN,1,0,0
crass,NOUN,1,0,0
blunt,VERB,1,0,0
approval,NOUN,1,0,0
rebuke,VERB,1,0,0
reprimand,NOUN,1,0,0
helplessness,NOUN,1,0,0
insult,NOUN,1,0,0
drop,NOUN,1,0,0
assurance,NOUN,1,0,0
doubtless,VERB,1,0,0
malice,NOUN,1,0,0
sign,VERB,1,0,0
bowl,NOUN,1,0,0
afresh,ADJ,1,0,0
wrath,NOUN,1,0,0
aside,ADP,1,0,0
outraged,ADJ,1,0,0
straight,ADJ,1,0,0
yours,PRON,1,1,0
cynicism,NOUN,1,0,0
technique,NOUN,1,0,0
humbly,ADV,1,0,0
advert,NOUN,1,0,0
outwardly,ADV,1,0,0
subdue,VERB,1,0,0
syntax,NOUN,1,0,0
verb,NOUN,1,0,0
Parley,PROPN,1,0,1
Francey,PROPN,1,0,1
passey,NOUN,1,0,0
beurre,X,1,0,0
classy,ADJ,1,0,0
advertise,VERB,1,0,0
typing,NOUN,1,0,0
shorthand,NOUN,1,0,0
dancing,NOUN,1,0,0
our,NOUN,1,1,0
Steamer,PROPN,1,0,1
Hesperus,PROPN,1,0,1
harangue,NOUN,1,0,0
permission,NOUN,1,0,0
flicker,ADJ,1,0,0
plane,NOUN,1,0,0
raw,ADJ,1,0,0
eleventh,ADJ,1,0,0
shalt,NOUN,1,0,0
realistic,ADJ,1,0,0
facing,NOUN,1,0,0
aloud,ADJ,1,0,0
oft,ADV,1,0,0
motto,NOUN,1,0,0
speciman,NOUN,1,0,0
subject,ADJ,1,0,0
compete,VERB,1,0,0
illegal,ADJ,1,0,0
snuffy,ADJ,1,0,0
Emma,PROPN,1,0,1
cept,VERB,1,0,0
Cambridge,PROPN,1,0,1
chap,NOUN,1,0,0
at,NOUN,1,0,0
tassel,NOUN,1,0,0
milkman,NOUN,1,0,0
astute,ADJ,1,0,0
competitor,NOUN,1,0,0
hundred,NOUN,1,0,0
principal,NOUN,1,0,0
shrew,NOUN,1,0,0
reasonably,ADV,1,0,0
dump,VERB,1,0,0
cloakroom,NOUN,1,0,0
vegetate,VERB,1,0,0
riot,NOUN,1,0,0
chase,VERB,1,0,0
slash,VERB,1,0,0
primarily,ADV,1,0,0
examination,NOUN,1,0,0
essential,ADJ,1,0,0
taint,NOUN,1,0,0
accordingly,ADV,1,0,0
dimension,NOUN,1,0,0
cubic,ADJ,1,0,0
minority,NOUN,1,0,0
test,VERB,1,0,0
educational,ADJ,1,0,0
accordance,NOUN,1,0,0
funereal,ADJ,1,0,0
audible,ADJ,1,0,0
murmur,NOUN,1,0,0
jography,NOUN,1,0,0
monitor,NOUN,1,0,0
leapt,VERB,1,0,0
contour,PRON,1,0,0
hollow,ADJ,1,0,0
undeceive,VERB,1,0,0
palm,VERB,1,0,0
writhe,VERB,1,0,0
reluctantly,ADV,1,0,0
moi,NOUN,1,0,0
le,ADJ,1,0,0
insufferable,ADJ,1,0,0
impound,VERB,1,0,0
ostensibly,ADV,1,0,0
depress,VERB,1,0,0
proverb,NOUN,1,0,0
sulky,ADJ,1,0,0
nauseate,VERB,1,0,0
doubt,VERB,1,0,0
toy,VERB,1,0,0
disobey,VERB,1,0,0
whine,VERB,1,0,0
routine,ADJ,1,0,0
instruction,NOUN,1,0,0
seedy,ADJ,1,0,0
cowdung,NOUN,1,0,0
drunkenness,ADJ,1,0,0
unrelieved,ADJ,1,0,0
palmy,ADJ,1,0,0
lecturer,NOUN,1,0,0
delirium,NOUN,1,0,0
tremen,NOUN,1,0,0
husky,NOUN,1,0,0
vicarious,ADJ,1,0,0
fail,NOUN,1,0,0
apparatus,NOUN,1,0,0
shaky,ADJ,1,0,0
suety,NOUN,1,0,0
stupor,NOUN,1,0,0
welcome,ADJ,1,0,0
popularity,NOUN,1,0,0
slap,VERB,1,0,0
leak,VERB,1,0,0
dealing,NOUN,1,0,0
naughty,ADJ,1,0,0
laziness,NOUN,1,0,0
outburst,NOUN,1,0,0
giggling,NOUN,1,0,0
deceitfulness,ADJ,1,0,0
slack,VERB,1,0,0
while,VERB,1,0,0
crying,NOUN,1,0,0
madden,VERB,1,0,0
persistent,ADJ,1,0,0
vow,VERB,1,0,0
irritate,VERB,1,0,0
unforgivable,ADJ,1,0,0
instant,ADJ,1,0,0
pellet,NOUN,1,0,0
languid,ADJ,1,0,0
spiritless,ADJ,1,0,0
sicken,VERB,1,0,0
worse,ADV,1,0,0
glare,NOUN,1,0,0
situated,ADJ,1,0,0
Place,PROPN,1,0,1
Nonconformists,PROPN,1,0,1
scare,NOUN,1,0,0
bow,VERB,1,0,0
Brothers,PROPN,1,0,1
vicar,NOUN,1,0,0
Gore,PROPN,1,0,1
concept,NOUN,1,0,0
irrevocably,ADV,1,0,0
logic,NOUN,1,0,0
climate,NOUN,1,0,0
respite,NOUN,1,0,0
nagging,ADJ,1,0,0
soothe,VERB,1,0,0
define,VERB,1,0,0
comeliness,NOUN,1,0,0
rootless,ADJ,1,0,0
freedom,NOUN,1,0,0
atrociously,ADV,1,0,0
bitterer,NOUN,1,0,0
deceive,VERB,1,0,0
scrutiny,NOUN,1,0,0
scraggy,ADJ,1,0,0
bait,VERB,1,0,0
healthy,ADJ,1,0,0
monotony,NOUN,1,0,0
selfish,ADJ,1,0,0
oppress,VERB,1,0,0
farce,NOUN,1,0,0
exam,NOUN,1,0,0
coach,VERB,1,0,0
excelent,NOUN,1,0,0
exsellent,ADJ,1,0,0
ecsellent,PROPN,1,0,1
eccelent,ADJ,1,0,0
tumult,NOUN,1,0,0
tearfully,ADV,1,0,0
mercy,NOUN,1,0,0
hush,NOUN,1,0,0
loudly,ADV,1,0,0
derisively,ADV,1,0,0
imbecile,ADJ,1,0,0
iee,NOUN,1,0,0
smack,NOUN,1,0,0
happily,ADV,1,0,0
heartless,NOUN,1,0,0
Austria,PROPN,1,0,1
fellow,ADJ,1,0,0
countryman,NOUN,1,0,0
strenuously,ADV,1,0,0
foreign,ADJ,1,0,0
American,PROPN,1,0,1
reluctant,ADJ,1,0,0
poisonous,ADJ,1,0,0
misbehave,VERB,1,0,0
vigour,NOUN,1,0,0
corner,VERB,1,0,0
formidable,ADJ,1,0,0
hypocritical,ADJ,1,0,0
home,VERB,1,0,0
surprised,ADJ,1,0,0
Plumstead,PROPN,1,0,1
Episcopi,PROPN,1,0,1
democratic,ADJ,1,0,0
permanently,ADV,1,0,0
bay,NOUN,1,0,0
principally,ADV,1,0,0
flippant,ADJ,1,0,0
acquit,VERB,1,0,0
heartlessness,ADJ,1,0,0
pity,VERB,1,0,0
resounding,ADJ,1,0,0
evident,ADJ,1,0,0
perfunctory,NOUN,1,0,0
congenial,NOUN,1,0,0
Winchester,PROPN,1,0,1
imagining,NOUN,1,0,0
grumbling,NOUN,1,0,0
overwork,VERB,1,0,0
churchwarden,NOUN,1,0,0
engage,VERB,1,0,0
nuisance,NOUN,1,0,0
mumbling,ADJ,1,0,0
display,NOUN,1,0,0
outrage,NOUN,1,0,0
acquiesce,VERB,1,0,0
desolate,ADJ,1,0,0
Dorley,PROPN,1,0,1
Wembridge,PROPN,1,0,1
Holton,PROPN,1,0,1
dank,NOUN,1,0,0
windless,ADJ,1,0,0
bleakest,ADJ,1,0,0
extravagance,NOUN,1,0,0
ticket,NOUN,1,0,0
Iver,PROPN,1,0,1
Heath,PROPN,1,0,1
Beeches,PROPN,1,0,1
wintry,NOUN,1,0,0
mild,ADJ,1,0,0
Eve,PROPN,1,0,1
sprig,NOUN,1,0,0
holly,ADV,1,0,0
dust,VERB,1,0,0
humbug,NOUN,1,0,0
unnecessary,ADJ,1,0,0
turkey,NOUN,1,0,0
relieve,VERB,1,0,0
joyless,NOUN,1,0,0
lemonade,NOUN,1,0,0
Gissing,PROPN,1,0,1
Odd,PROPN,1,0,1
Women,PROPN,1,0,1
habituee,NOUN,1,0,0
out,ADJ,1,1,0
drearily,ADV,1,0,0
muse,VERB,1,0,0
yacht,VERB,1,0,0
inhabited,ADJ,1,0,0
throng,NOUN,1,0,0
bustle,NOUN,1,0,0
illusion,NOUN,1,0,0
spirit,VERB,1,0,0
jade,VERB,1,0,0
corrupting,ADJ,1,0,0
drug,VERB,1,0,0
wearisome,ADJ,1,0,0
unintelligible,ADJ,1,0,0
path,NOUN,1,0,0
moss,NOUN,1,0,0
fungus,NOUN,1,0,0
melancholy,NOUN,1,0,0
warm,NOUN,1,0,0
envy,NOUN,1,0,0
acquaintance,NOUN,1,0,0
Vicar,PROPN,1,0,1
encounter,NOUN,1,0,0
Commerical,PROPN,1,0,1
pretentious,ADJ,1,0,0
dignity,NOUN,1,0,0
blatant,ADJ,1,0,0
blather,VERB,1,0,0
training,NOUN,1,0,0
parade,NOUN,1,0,0
hustling,NOUN,1,0,0
banishment,NOUN,1,0,0
humane,ADJ,1,0,0
catechism,NOUN,1,0,0
require,VERB,1,0,0
leadership,NOUN,1,0,0
Headmaster,PROPN,1,0,1
ceremony,NOUN,1,0,0
impressive,ADJ,1,0,0
prim,ADJ,1,0,0
reddish,ADJ,1,0,0
gait,NOUN,1,0,0
crossword,ADJ,1,0,0
puzzle,NOUN,1,0,0
summit,NOUN,1,0,0
Austrian,PROPN,1,0,1
wishy,NOUN,1,0,0
washy,ADJ,1,0,0
japanned,ADJ,1,0,0
travelling,NOUN,1,0,0
brew,VERB,1,0,0
bucketful,ADJ,1,0,0
Thermos,PROPN,1,0,1
flask,NOUN,1,0,0
whisky,PROPN,1,0,1
workhouse,NOUN,1,0,0
Decayed,PROPN,1,0,1
Gentlewomen,PROPN,1,0,1
mori,NOUN,1,0,0
senescere,PROPN,1,0,1
tyrannous,ADJ,1,0,0
efficient,ADJ,1,0,0
thrusting,NOUN,1,0,0
Geography,PROPN,1,0,1
retch,VERB,1,0,0
crossword,NOUN,1,0,0
oasis,NOUN,1,0,0
discontinue,VERB,1,0,0
respond,VERB,1,0,0
dismal,ADJ,1,0,0
glaze,VERB,1,0,0
economize,VERB,1,0,0
nervous,ADJ,1,0,0
vigilant,ADJ,1,0,0
rigmarole,ADJ,1,0,0
mature,ADJ,1,0,0
schoolmarm,NOUN,1,0,0
cynical,ADJ,1,0,0
victim,NOUN,1,0,0
graciously,ADV,1,0,0
flush,VERB,1,0,0
genial,ADJ,1,0,0
grimace,NOUN,1,0,0
crease,VERB,1,0,0
confidence,NOUN,1,0,0
colleague,NOUN,1,0,0
allot,VERB,1,0,0
pan,VERB,1,0,0
bulgy,ADJ,1,0,0
locked,ADJ,1,0,0
transparent,ADJ,1,0,0
drain,VERB,1,0,0
contract,NOUN,1,0,0
disaster,NOUN,1,0,0
causeless,ADJ,1,0,0
moribund,ADJ,1,0,0
Gables,PROPN,1,0,1
incompetent,ADJ,1,0,0
tame,ADJ,1,0,0
piracy,NOUN,1,0,0
corrupt,VERB,1,0,0
offer,NOUN,1,0,0
commission,NOUN,1,0,0
chaffering,NOUN,1,0,0
clinch,VERB,1,0,0
per,NOUN,1,1,0
footing,NOUN,1,0,0
stroke,NOUN,1,0,0
creaky,NOUN,1,0,0
rus,NOUN,1,0,0
allay,VERB,1,0,0
rope,NOUN,1,0,0
blowy,ADJ,1,0,0
hedgesparrow,NOUN,1,0,0
spiteful,ADJ,1,0,0
gust,NOUN,1,0,0
exact,VERB,1,0,0
genteel,NOUN,1,0,0
likely,ADV,1,0,0
hunting,NOUN,1,0,0
opposite,ADJ,1,0,0
Burrow,PROPN,1,0,1
jerk,VERB,1,0,0
Gotter,PROPN,1,0,1
conflicting,ADJ,1,0,0
lord,PROPN,1,0,1
ye,PROPN,1,0,1
righteous,ADJ,1,0,0
reestablished,ADJ,1,0,0
mrs,PROPN,1,0,1
semprill,PROPN,1,0,1
hath,VERB,1,0,0
digge,VERB,1,0,0
comma,NOUN,1,0,0
cymbal,NOUN,1,0,0
signature,NOUN,1,0,0
loudness,NOUN,1,0,0
scorn,ADJ,1,0,0
heedless,ADJ,1,0,0
rib,NOUN,1,0,0
headmistress,NOUN,1,0,0
Perseus,PROPN,1,0,1
Gorgon,PROPN,1,0,1
Andromeda,PROPN,1,0,1
hi,INTJ,1,0,0
comprehensively,ADV,1,0,0
feat,NOUN,1,0,0
impudence,NOUN,1,0,0
spite,VERB,1,0,0
patch,NOUN,1,0,0
traffic,NOUN,1,0,0
edgeway,NOUN,1,0,0
ascribe,VERB,1,0,0
Providence,PROPN,1,0,1
foolish,ADJ,1,0,0
career,NOUN,1,0,0
disqualify,VERB,1,0,0
inflict,VERB,1,0,0
Bury,PROPN,1,0,1
Edmunds,PROPN,1,0,1
reinstate,VERB,1,0,0
chop,NOUN,1,0,0
shockingly,ADV,1,0,0
slander,VERB,1,0,0
martyr,NOUN,1,0,0
spotless,ADJ,1,0,0
honestly,ADV,1,0,0
generalize,VERB,1,0,0
instinctive,ADJ,1,0,0
rustic,ADJ,1,0,0
dirty,NOUN,1,0,0
mindedness,NOUN,1,0,0
rumour,VERB,1,0,0
official,ADJ,1,0,0
flu,NOUN,1,0,0
Coventry,PROPN,1,0,1
roasted,ADJ,1,0,0
asparagus,ADJ,1,0,0
pearly,ADJ,1,0,0
treacle,VERB,1,0,0
Burgundy,PROPN,1,0,1
lukewarm,ADJ,1,0,0
Liverpool,PROPN,1,0,1
Station,PROPN,1,0,1
shut,ADJ,1,0,0
chaotic,ADJ,1,0,0
canal,NOUN,1,0,0
rusty,ADJ,1,0,0
boiler,NOUN,1,0,0
overgrow,VERB,1,0,0
luxuriate,VERB,1,0,0
padded,ADJ,1,0,0
clutch,NOUN,1,0,0
contentment,NOUN,1,0,0
express,VERB,1,0,0
observantly,ADV,1,0,0
gauge,VERB,1,0,0
tougher,ADV,1,0,0
exorcize,VERB,1,0,0
junction,NOUN,1,0,0
truism,NOUN,1,0,0
happening,NOUN,1,0,0
forcibly,ADV,1,0,0
slum,NOUN,1,0,0
border,VERB,1,0,0
Noah,PROPN,1,0,1
Ark,PROPN,1,0,1
legged,ADJ,1,0,0
rheumatic,ADJ,1,0,0
soil,NOUN,1,0,0
Change,PROPN,1,0,1
around,ADV,1,1,0
emptier,NOUN,1,0,0
unthinkingly,ADV,1,0,0
reviving,NOUN,1,0,0
universe,NOUN,1,0,0
accustomed,ADJ,1,0,0
phraseology,NOUN,1,0,0
immortal,ADJ,1,0,0
unconcernedly,ADV,1,0,0
psychological,ADJ,1,0,0
jargon,NOUN,1,0,0
device,NOUN,1,0,0
unconsciously,ADV,1,0,0
considerable,ADJ,1,0,0
goitre,NOUN,1,0,0
painlessly,ADV,1,0,0
homesick,ADJ,1,0,0
load,NOUN,1,0,0
quake,VERB,1,0,0
deuced,ADJ,1,0,0
pantheist,NOUN,1,0,0
advert,VERB,1,0,0
awkward,ADJ,1,0,0
wolf,NOUN,1,0,0
dying,NOUN,1,0,0
distasteful,ADJ,1,0,0
Afraid,PROPN,1,0,1
consecrated,ADJ,1,0,0
kind,ADV,1,0,0
selfish,NOUN,1,0,0
openly,ADV,1,0,0
downright,ADV,1,0,0
septic,ADJ,1,0,0
gangrene,NOUN,1,0,0
Paradise,PROPN,1,0,1
Atheists,PROPN,1,0,1
incomprehensible,VERB,1,0,0
outlook,NOUN,1,0,0
Christianity,PROPN,1,0,1
rakish,NOUN,1,0,0
broad,ADV,1,0,0
cranium,NOUN,1,0,0
wisp,NOUN,1,0,0
linger,VERB,1,0,0
imprison,VERB,1,0,0
objection,NOUN,1,0,0
part,VERB,1,0,0
hasty,ADJ,1,0,0
equanimity,NOUN,1,0,0
ex,NOUN,1,0,0
exemplary,ADJ,1,0,0
heading,NOUN,1,0,0
eligible,ADJ,1,0,0
card,NOUN,1,0,0
disfavour,NOUN,1,0,0
marrying,ADJ,1,0,0
attraction,NOUN,1,0,0
livelihood,NOUN,1,0,0
advantage,NOUN,1,0,0
parish,ADJ,1,0,0
endearment,NOUN,1,0,0
refusal,NOUN,1,0,0
musing,NOUN,1,0,0
rattle,NOUN,1,0,0
seriousness,NOUN,1,0,0
desire,NOUN,1,0,0
tyrannize,VERB,1,0,0
slavish,NOUN,1,0,0
drill,VERB,1,0,0
polish,VERB,1,0,0
dole,VERB,1,0,0
repeat,NOUN,1,0,0
sameness,NOUN,1,0,0
fuller,NOUN,1,0,0
withering,NOUN,1,0,0
girlish,NOUN,1,0,0
mannerism,NOUN,1,0,0
ho,ADJ,1,0,0
unwell,ADJ,1,0,0
hearty,ADJ,1,0,0
tennis,NOUN,1,0,0
visiting,NOUN,1,0,0
social,NOUN,1,0,0
disappoint,VERB,1,0,0
foresee,VERB,1,0,0
devilish,ADJ,1,0,0
intent,NOUN,1,0,0
steady,ADJ,1,0,0
fidelity,NOUN,1,0,0
diseased,ADJ,1,0,0
keep,NOUN,1,1,0
seaside,ADJ,1,0,0
resistance,NOUN,1,0,0
emptiness,ADJ,1,0,0
protect,VERB,1,0,0
brink,NOUN,1,0,0
desirable,ADJ,1,0,0
security,NOUN,1,0,0
comely,ADV,1,0,0
debauch,VERB,1,0,0
touching,ADJ,1,0,0
motion,NOUN,1,0,0
bud,ADJ,1,0,0
mist,VERB,1,0,0
wheat,NOUN,1,0,0
realization,NOUN,1,0,0
fattish,NOUN,1,0,0
oldish,ADJ,1,0,0
disgust,NOUN,1,0,0
downward,NOUN,1,0,0
smooth,ADJ,1,0,0
maleness,NOUN,1,0,0
recoil,VERB,1,0,0
cajole,VERB,1,0,0
periodical,ADJ,1,0,0
crease,NOUN,1,0,0
cord,NOUN,1,0,0
symptom,NOUN,1,0,0
embarrassment,NOUN,1,0,0
overwork,NOUN,1,0,0
refreshment,NOUN,1,0,0
amicably,ADV,1,0,0
proposal,NOUN,1,0,0
near,VERB,1,0,0
trivial,ADJ,1,0,0
task,NOUN,1,0,0
calculated,ADJ,1,0,0
amount,VERB,1,0,0
Gibbon,PROPN,1,0,1
fifteenth,ADJ,1,0,0
hypertrophy,NOUN,1,0,0
philosophy,NOUN,1,0,0
verminous,ADJ,1,0,0
hedonist,NOUN,1,0,0
bliss,PROPN,1,0,1
sinner,NOUN,1,0,0
perverted,ADJ,1,0,0
massage,VERB,1,0,0
background,NOUN,1,0,0
lamely,ADV,1,0,0
doxology,NOUN,1,0,0
bush,PROPN,1,0,1
gregorian,ADJ,1,0,0
disciplinary,ADJ,1,0,0
unclouded,ADJ,1,0,0
greenish,ADJ,1,0,0
blossom,NOUN,1,0,0
festering,NOUN,1,0,0
scrubbing,NOUN,1,0,0
blower,NOUN,1,0,0
association,NOUN,1,0,0
internecine,ADJ,1,0,0
Funds,PROPN,1,0,1
unaccounte,VERB,1,0,0
register,NOUN,1,0,0
muddle,NOUN,1,0,0
infinitum,NOUN,1,0,0
swiftness,NOUN,1,0,0
temporarily,ADV,1,0,0
recount,VERB,1,0,0
triumph,NOUN,1,0,0
terra,NOUN,1,0,0
incognita,NOUN,1,0,0
anthropophagi,NOUN,1,0,0
musingly,ADV,1,0,0
unmended,ADJ,1,0,0
absent,NOUN,1,0,0
mannish,NOUN,1,0,0
pat,VERB,1,0,0
perceptible,ADJ,1,0,0
trace,NOUN,1,0,0
future,ADJ,1,0,0
enlarge,VERB,1,0,0
premise,NOUN,1,0,0
disfigurement,NOUN,1,0,0
Parliament,PROPN,1,0,1
docile,ADJ,1,0,0
deadhead,NOUN,1,0,0
Party,PROPN,1,0,1
heroic,ADJ,1,0,0
Eva,PROPN,1,0,1
sow,VERB,1,0,0
seed,NOUN,1,0,0
Professor,PROPN,1,0,1
Coulton,PROPN,1,0,1
Inquisition,PROPN,1,0,1
rout,VERB,1,0,0
eczema,NOUN,1,0,0
Mercury,PROPN,1,0,1
unopened,ADJ,1,0,0
rack,VERB,1,0,0
reel,NOUN,1,0,0
rust,VERB,1,0,0
statue,NOUN,1,0,0
idealize,VERB,1,0,0
bearded,ADJ,1,0,0
emperor,NOUN,1,0,0
Room,PROPN,1,0,1
British,PROPN,1,0,1
Museum,PROPN,1,0,1
caligum,VERB,1,0,0
sandal,NOUN,1,0,0
inexorcizable,ADJ,1,0,0
unoccupied,ADJ,1,0,0
distract,VERB,1,0,0
hereafter,ADJ,1,1,0
external,ADJ,1,0,0
unsalaried,ADJ,1,0,0
necessarily,ADV,1,0,0
Maids,PROPN,1,0,1
Warburtons,PROPN,1,0,1
remake,VERB,1,0,0
structure,NOUN,1,0,0
ecstatically,ADV,1,0,0
scented,ADJ,1,0,0
vanishe,NOUN,1,0,0
illumine,VERB,1,0,0
weariness,NOUN,1,0,0
baudelairean,ADJ,1,0,0
unguarded,ADJ,1,0,0
significant,ADJ,1,0,0
weave,VERB,1,0,0
fabric,NOUN,1,0,0
rot,VERB,1,0,0
greyness,ADJ,1,0,0
desolation,NOUN,1,0,0
goal,NOUN,1,0,0
deceiver,NOUN,1,0,0
flinching,NOUN,1,0,0
inscrutable,ADJ,1,0,0
averse,ADJ,1,0,0
orchestra,NOUN,1,0,0
substitute,NOUN,1,0,0
pagan,PROPN,1,0,1
acceptance,NOUN,1,0,0
pantheistic,ADJ,1,0,0
Utopias,PROPN,1,0,1
ant,ADJ,1,0,0
lasting,ADJ,1,0,0
frizzling,NOUN,1,0,0
replenish,VERB,1,0,0
refill,VERB,1,0,0
million,NOUN,1,0,0
thwart,VERB,1,0,0
convent,NOUN,1,0,0
Ave,PROPN,1,0,1
Marias,PROPN,1,0,1
unbelieving,ADJ,1,0,0
superstition,NOUN,1,0,0
unutterably,ADV,1,0,0
soften,VERB,1,0,0
liquid,ADJ,1,0,0
stab,VERB,1,0,0
insignificance,NOUN,1,0,0
chain,NOUN,1,0,0
mail,NOUN,1,0,0
Lincoln,PROPN,1,0,1
arrow,NOUN,1,0,0
Becket,PROPN,1,0,1
cope,NOUN,1,0,0
mitre,PROPN,1,0,1
Queen,PROPN,1,0,1
Elizabeth,PROPN,1,0,1
ruff,NOUN,1,0,0
cocked,ADJ,1,0,0
slip,NOUN,1,0,0
tactfully,ADV,1,0,0
paregoric,ADJ,1,0,0
lozenge,NOUN,1,0,0
Warwick,PROPN,1,0,1
deeping,NOUN,1,0,0
highbrow,PROPN,1,0,1
liquefy,VERB,1,0,0
convex,NOUN,1,0,0
horizontally,ADV,1,0,0
scythe,NOUN,1,0,0
Hengist,PROPN,1,0,1
Horsa,PROPN,1,0,1
cross,ADJ,1,0,0
gartering,ADJ,1,0,0
concentration,NOUN,1,0,0
END,PROPN,1,0,1
