lemma,pos,count,is_stopword,is_proper_noun
the,DET,5396,1,0
be,AUX,3533,1,0
a,DET,2593,1,0
and,CCONJ,2584,1,0
of,ADP,2388,1,0
he,PRON,2353,1,0
in,ADP,1544,1,0
have,AUX,1519,1,0
it,PRON,1473,1,0
to,PART,1322,1,0
i,PRON,1144,1,0
his,PRON,1122,1,0
she,PRON,1031,1,0
you,PRON,975,1,0
they,PRON,939,1,0
with,ADP,915,1,0
to,ADP,885,1,0
for,ADP,725,1,0
not,PART,656,1,0
at,ADP,603,1,0
that,SCONJ,600,1,0
Flory,PROPN,570,0,1
do,AUX,560,1,0
on,ADP,560,1,0
say,VERB,503,1,0
as,ADP,495,1,0
but,CCONJ,481,1,0
her,PRON,463,1,0
this,DET,415,1,0
go,VERB,376,1,0
come,VERB,375,0,0
from,ADP,369,1,0
that,DET,364,1,0
we,PRON,353,1,0
what,PRON,344,1,0
when,SCONJ,336,1,0
there,PRON,331,1,0
all,DET,330,1,0
like,ADP,326,0,0
Elizabeth,PROPN,323,0,1
would,AUX,316,1,0
their,PRON,308,1,0
up,ADP,292,1,0
so,ADV,289,1,0
out,ADP,281,1,0
an,DET,273,1,0
by,ADP,270,1,0
could,AUX,264,1,0
one,NUM,262,1,0
see,VERB,253,1,0
man,NOUN,253,0,0
that,PRON,247,1,0
Mr,PROPN,243,0,1
into,ADP,240,1,0
make,VERB,235,1,0
get,VERB,233,1,0
look,VERB,231,0,0
who,PRON,217,1,0
my,PRON,212,1,0
no,DET,211,1,0
know,VERB,211,0,0
take,VERB,206,1,0
even,ADV,201,1,0
if,SCONJ,201,1,0
down,ADP,197,1,0
will,AUX,195,1,0
think,VERB,193,0,0
then,ADV,188,1,0
two,NUM,188,1,0
time,NOUN,187,0,0
Club,PROPN,185,0,1
which,DET,183,1,0
can,AUX,179,1,0
face,NOUN,178,0,0
some,DET,176,1,0
only,ADV,175,1,0
or,CCONJ,173,1,0
about,ADP,172,1,0
how,SCONJ,167,1,0
than,ADP,166,1,0
doctor,NOUN,164,0,0
after,ADP,162,1,0
now,ADV,160,1,0
way,NOUN,158,0,0
Lackersteen,PROPN,155,0,1
good,ADJ,151,0,0
back,ADV,149,1,0
very,ADV,149,1,0
never,ADV,148,1,0
Po,PROPN,147,0,1
Kyin,PROPN,146,0,1
Ellis,PROPN,145,0,1
Macgregor,PROPN,140,0,1
your,PRON,136,1,0
here,ADV,129,1,0
woman,NOUN,128,0,0
almost,ADV,127,1,0
U,PROPN,126,0,1
away,ADV,126,0,0
hear,VERB,125,0,0
Verrall,PROPN,124,0,1
over,ADP,123,1,0
give,VERB,123,1,0
hand,NOUN,123,0,0
too,ADV,121,1,0
Ko,PROPN,120,0,1
thing,NOUN,119,0,0
little,ADJ,118,0,0
year,NOUN,115,0,0
turn,VERB,115,0,0
old,ADJ,115,0,0
himself,PRON,114,1,0
white,ADJ,113,0,0
day,NOUN,111,0,0
girl,NOUN,110,0,0
oh,INTJ,109,0,0
stand,VERB,107,0,0
head,NOUN,106,0,0
talk,VERB,106,0,0
moment,NOUN,105,0,0
must,AUX,105,1,0
through,ADP,104,1,0
other,ADJ,104,1,0
those,DET,103,1,0
tell,VERB,103,0,0
again,ADV,103,1,0
any,DET,102,1,0
these,DET,101,1,0
Mrs,PROPN,100,0,1
life,NOUN,99,0,0
as,ADV,97,1,0
sit,VERB,96,0,0
against,ADP,96,1,0
put,VERB,95,1,0
Ma,PROPN,95,0,1
begin,VERB,92,0,0
iss,VERB,92,0,0
call,VERB,91,1,0
house,NOUN,91,0,0
quite,ADV,89,1,0
though,SCONJ,89,1,0
something,PRON,89,1,0
seem,VERB,87,1,0
before,ADP,87,1,0
all,ADV,87,1,0
friend,NOUN,85,0,0
more,ADJ,85,1,0
every,DET,84,1,0
tree,NOUN,83,0,0
evening,NOUN,83,0,0
do,VERB,82,1,0
just,ADV,82,1,0
keep,VERB,81,1,0
bring,VERB,80,0,0
more,ADV,79,1,0
rather,ADV,78,1,0
eye,NOUN,77,0,0
morning,NOUN,77,0,0
black,ADJ,77,0,0
let,VERB,76,0,0
should,AUX,75,1,0
people,NOUN,74,0,0
our,PRON,74,1,0
no,INTJ,74,1,0
jungle,NOUN,74,0,0
leave,VERB,73,0,0
find,VERB,73,0,0
where,SCONJ,73,1,0
long,ADJ,72,0,0
Kyauktada,PROPN,71,0,1
arm,NOUN,71,0,0
behind,ADP,71,1,0
nothing,PRON,71,1,0
Westfield,PROPN,71,0,1
under,ADP,70,1,0
without,ADP,70,1,0
yet,ADV,70,1,0
feel,VERB,70,0,0
want,VERB,70,0,0
ah,INTJ,70,0,0
foot,NOUN,69,0,0
servant,NOUN,69,0,0
why,SCONJ,69,1,0
still,ADV,68,1,0
ever,ADV,68,1,0
shall,AUX,68,0,0
happen,VERB,68,0,0
off,ADP,68,1,0
because,SCONJ,67,1,0
word,NOUN,67,0,0
young,ADJ,67,0,0
bad,ADJ,67,0,0
one,PRON,66,1,0
one,NOUN,66,1,0
well,ADV,66,1,0
once,ADV,65,1,0
room,NOUN,65,0,0
great,ADJ,63,0,0
Hla,PROPN,63,0,1
small,ADJ,62,0,0
always,ADV,62,1,0
Europeans,PROPN,62,0,1
speak,VERB,62,0,0
ask,VERB,61,0,0
mean,VERB,61,0,0
God,PROPN,61,0,1
voice,NOUN,61,0,0
upon,SCONJ,60,1,0
there,ADV,60,1,0
together,ADV,60,1,0
same,ADJ,59,1,0
letter,NOUN,59,0,0
night,NOUN,59,0,0
table,NOUN,58,0,0
such,ADJ,58,1,0
live,VERB,58,0,0
May,PROPN,58,1,1
air,NOUN,57,0,0
other,NOUN,57,1,0
well,INTJ,57,1,0
water,NOUN,57,0,0
yes,INTJ,56,0,0
Burma,PROPN,55,0,1
another,DET,55,1,0
while,SCONJ,55,1,0
veranda,NOUN,54,0,0
send,VERB,54,0,0
Ba,PROPN,54,0,1
walk,VERB,54,0,0
road,NOUN,54,0,0
few,ADJ,52,1,0
yellow,ADJ,52,0,0
shoulder,NOUN,52,0,0
try,VERB,52,0,0
Veraswami,PROPN,52,0,1
bloody,ADJ,52,0,0
four,NUM,51,1,0
its,PRON,51,1,0
place,NOUN,51,0,0
anything,PRON,51,1,0
book,NOUN,50,0,0
chair,NOUN,50,0,0
three,NUM,50,1,0
kind,NOUN,50,0,0
hold,VERB,50,0,0
such,DET,50,1,0
yard,NOUN,50,0,0
week,NOUN,49,0,0
understand,VERB,49,0,0
body,NOUN,49,0,0
Flo,PROPN,49,0,1
across,ADP,49,1,0
watch,VERB,48,0,0
much,ADV,48,1,0
long,ADV,48,0,0
except,SCONJ,48,1,0
perhaps,ADV,48,1,0
last,ADJ,47,1,0
country,NOUN,47,0,0
stop,VERB,47,0,0
far,ADV,46,1,0
towards,ADP,46,1,0
first,ADJ,46,1,0
between,ADP,46,1,0
really,ADV,46,1,0
marry,VERB,46,0,0
poor,ADJ,45,0,0
rupee,NOUN,45,0,0
course,NOUN,45,0,0
money,NOUN,45,0,0
run,VERB,45,0,0
Kin,PROPN,45,0,1
hair,NOUN,45,0,0
butler,NOUN,45,0,0
month,NOUN,44,0,0
own,ADJ,44,1,0
side,NOUN,44,1,0
however,ADV,44,1,0
soon,ADV,44,0,0
already,ADV,44,1,0
boy,NOUN,44,0,0
whole,ADJ,44,1,0
grow,VERB,43,0,0
twenty,NUM,43,1,0
much,ADJ,43,1,0
most,ADV,43,1,0
burmese,ADJ,43,0,0
native,ADJ,43,0,0
skin,NOUN,43,0,0
among,ADP,42,1,0
everyone,PRON,42,1,0
village,NOUN,42,0,0
also,ADV,42,1,0
thought,NOUN,42,0,0
dear,ADJ,42,0,0
right,ADJ,42,0,0
dog,NOUN,42,0,0
please,INTJ,42,1,0
hour,NOUN,41,0,0
believe,VERB,41,0,0
start,VERB,41,0,0
suppose,VERB,41,0,0
lie,VERB,41,0,0
bed,NOUN,41,0,0
large,ADJ,40,0,0
round,ADV,40,0,0
meet,VERB,40,0,0
green,ADJ,39,0,0
remember,VERB,39,0,0
follow,VERB,39,0,0
matter,NOUN,39,0,0
might,AUX,39,1,0
pass,VERB,39,0,0
rebellion,NOUN,39,0,0
wear,VERB,38,0,0
sometimes,ADV,38,1,0
case,NOUN,38,0,0
low,ADJ,38,0,0
mind,NOUN,38,0,0
end,NOUN,38,0,0
wait,VERB,38,0,0
break,VERB,38,0,0
Dr,PROPN,38,0,1
sun,NOUN,38,0,0
flower,NOUN,38,0,0
rain,NOUN,38,0,0
dreadful,ADJ,38,0,0
love,VERB,38,0,0
shoot,VERB,38,0,0
hundred,NUM,37,1,0
gun,NOUN,37,0,0
european,ADJ,37,0,0
English,PROPN,37,0,1
down,ADV,37,1,0
gate,NOUN,37,0,0
fall,VERB,37,0,0
Burmese,PROPN,36,0,1
short,ADJ,36,0,0
five,NUM,36,1,0
sir,NOUN,36,0,0
hot,ADJ,36,0,0
path,NOUN,36,0,0
knee,NOUN,36,0,0
Burmans,PROPN,36,0,1
crowd,NOUN,36,0,0
like,VERB,35,0,0
child,NOUN,35,0,0
minute,NOUN,35,0,0
dark,ADJ,35,0,0
carry,VERB,35,0,0
birthmark,NOUN,35,0,0
heat,NOUN,35,0,0
shake,VERB,35,0,0
master,NOUN,35,0,0
home,NOUN,35,0,0
sahib,NOUN,35,0,0
until,ADP,35,1,0
face,VERB,35,0,0
name,NOUN,34,1,0
etc,X,34,0,0
back,NOUN,34,1,0
dress,VERB,34,0,0
door,NOUN,34,0,0
camp,NOUN,34,0,0
several,ADJ,33,1,0
ten,NUM,33,1,0
new,ADJ,33,0,0
over,ADV,33,1,0
use,VERB,33,1,0
round,VERB,33,0,0
drink,VERB,33,0,0
bazaar,NOUN,32,0,0
lead,VERB,32,0,0
next,ADJ,32,1,0
add,VERB,32,0,0
Maxwell,PROPN,32,0,1
cut,VERB,32,0,0
leopard,NOUN,32,0,0
six,NUM,31,1,0
english,ADJ,31,0,0
stay,VERB,31,0,0
everything,PRON,31,1,0
India,PROPN,31,0,1
big,ADJ,31,0,0
heart,NOUN,31,0,0
else,ADV,30,1,0
most,ADJ,30,1,0
appear,VERB,30,0,0
write,VERB,30,0,0
each,DET,30,1,0
listen,VERB,30,0,0
enough,ADV,30,1,0
bird,NOUN,30,0,0
throw,VERB,30,0,0
notice,NOUN,30,0,0
indian,ADJ,30,0,0
move,VERB,30,1,0
fool,NOUN,30,0,0
suddenly,ADV,30,0,0
dead,ADJ,30,0,0
high,ADJ,29,0,0
fifty,NUM,29,1,0
rise,VERB,29,0,0
official,NOUN,29,0,0
since,SCONJ,29,1,0
simply,ADV,29,0,0
earth,NOUN,29,0,0
answer,VERB,29,0,0
paper,NOUN,29,0,0
have,VERB,29,0,0
set,VERB,29,0,0
wife,NOUN,29,0,0
stick,NOUN,29,0,0
round,ADJ,29,0,0
horse,NOUN,29,0,0
cry,VERB,29,0,0
strike,VERB,29,0,0
pony,NOUN,29,0,0
pay,VERB,28,0,0
full,ADJ,28,1,0
trouble,NOUN,28,0,0
Indians,PROPN,28,0,1
conversation,NOUN,28,0,0
forget,VERB,28,0,0
someone,PRON,28,1,0
fact,NOUN,28,0,0
show,VERB,28,1,0
afraid,ADJ,28,0,0
of,ADV,28,1,0
many,ADJ,27,1,0
Sein,PROPN,27,0,1
only,ADJ,27,1,0
sound,NOUN,27,0,0
shout,VERB,27,0,0
native,NOUN,27,0,0
usual,ADJ,27,0,0
shirt,NOUN,27,0,0
drink,NOUN,27,0,0
idea,NOUN,27,0,0
member,NOUN,27,0,0
clear,ADJ,27,0,0
beater,NOUN,27,0,0
beyond,ADP,26,1,0
probably,ADV,26,0,0
catch,VERB,26,0,0
both,DET,26,1,0
ground,NOUN,26,0,0
police,NOUN,26,0,0
read,VERB,26,0,0
alone,ADV,26,1,0
within,ADP,26,1,0
kill,VERB,26,0,0
river,NOUN,26,0,0
notice,VERB,26,0,0
fellow,NOUN,26,0,0
hardly,ADV,26,0,0
youth,NOUN,26,0,0
outside,ADV,26,0,0
tea,NOUN,26,0,0
out,ADV,26,1,0
anyone,PRON,25,1,0
so,SCONJ,25,1,0
step,NOUN,25,0,0
hurt,VERB,25,0,0
bottle,NOUN,25,0,0
touch,VERB,25,0,0
maidan,PROPN,25,0,1
half,ADJ,25,0,0
school,NOUN,25,0,0
bush,NOUN,25,0,0
till,SCONJ,25,0,0
sweat,NOUN,25,0,0
ought,AUX,25,0,0
herself,PRON,25,1,0
elect,VERB,25,0,0
like,ADJ,25,0,0
well,ADJ,25,1,0
dare,VERB,25,0,0
raise,VERB,25,0,0
leaf,NOUN,25,0,0
light,NOUN,25,0,0
no,ADV,25,1,0
pigeon,NOUN,25,0,0
whom,PRON,24,1,0
noise,NOUN,24,0,0
jail,NOUN,24,0,0
cheek,NOUN,24,0,0
thousand,NUM,24,0,0
possible,ADJ,24,0,0
up,ADV,24,1,0
pull,VERB,24,0,0
order,NOUN,24,0,0
Military,PROPN,24,0,1
hurry,VERB,24,0,0
course,ADV,24,0,0
cigarette,NOUN,24,0,0
world,NOUN,24,0,0
ride,VERB,24,0,0
red,ADJ,23,0,0
later,ADV,23,0,0
chance,NOUN,23,0,0
die,VERB,23,0,0
work,NOUN,23,0,0
rest,NOUN,23,0,0
about,ADV,23,1,0
fire,VERB,23,0,0
angry,ADJ,23,0,0
care,VERB,23,0,0
pale,ADJ,23,0,0
silk,NOUN,23,0,0
hat,NOUN,23,0,0
hill,NOUN,23,0,0
church,NOUN,23,0,0
before,ADV,23,1,0
play,VERB,23,0,0
explain,VERB,23,0,0
home,ADV,23,0,0
drop,VERB,23,0,0
scent,NOUN,23,0,0
train,NOUN,23,0,0
half,DET,22,0,0
work,VERB,22,0,0
reach,VERB,22,0,0
question,NOUN,22,0,0
ruin,VERB,22,0,0
expect,VERB,22,0,0
ago,ADV,22,0,0
stone,NOUN,22,0,0
clothe,NOUN,22,0,0
floor,NOUN,22,0,0
business,NOUN,22,0,0
nigger,NOUN,22,0,0
repeat,VERB,22,0,0
whisky,NOUN,22,0,0
horrible,ADJ,22,0,0
spectacle,NOUN,22,0,0
quarter,NOUN,22,0,0
mile,NOUN,22,0,0
roll,VERB,22,0,0
lay,VERB,22,0,0
neck,NOUN,22,0,0
moon,NOUN,22,0,0
aunt,NOUN,22,0,0
polo,NOUN,22,0,0
naked,ADJ,21,0,0
at,ADV,21,1,0
Rangoon,PROPN,21,0,1
clerk,NOUN,21,0,0
spend,VERB,21,0,0
pagoda,NOUN,21,0,0
subject,NOUN,21,0,0
lip,NOUN,21,0,0
belly,NOUN,21,0,0
leg,NOUN,21,0,0
European,PROPN,21,0,1
wooden,ADJ,21,0,0
learn,VERB,21,0,0
least,ADJ,21,1,0
thirty,NUM,21,0,0
mouth,NOUN,21,0,0
nearly,ADV,21,0,0
tennis,NOUN,21,0,0
beside,ADP,21,1,0
uncle,NOUN,21,0,0
forward,ADV,21,0,0
need,VERB,21,0,0
somehow,ADV,21,1,0
front,NOUN,21,1,0
pukka,NOUN,21,0,0
certain,ADJ,21,0,0
station,NOUN,21,0,0
help,VERB,21,0,0
breast,NOUN,21,0,0
spring,VERB,21,0,0
beat,VERB,21,0,0
struggle,VERB,21,0,0
fat,ADJ,20,0,0
Government,PROPN,20,0,1
honour,NOUN,20,0,0
presently,ADV,20,0,0
mother,NOUN,20,0,0
dinner,NOUN,20,0,0
bamboo,NOUN,20,0,0
refuse,VERB,20,0,0
field,NOUN,20,0,0
right,NOUN,20,0,0
grey,ADJ,20,0,0
Police,PROPN,20,0,1
ice,NOUN,20,0,0
themselves,PRON,20,1,0
point,VERB,20,0,0
Paris,PROPN,20,0,1
enter,VERB,20,0,0
along,ADP,20,1,0
forgive,VERB,20,0,0
drive,VERB,20,0,0
talk,NOUN,20,0,0
true,ADJ,20,0,0
row,NOUN,20,0,0
dance,VERB,20,0,0
scene,NOUN,20,0,0
sepoy,NOUN,20,0,0
earthquake,NOUN,20,0,0
vast,ADJ,19,0,0
Mandalay,PROPN,19,0,1
finally,ADV,19,0,0
arrive,VERB,19,0,0
blood,NOUN,19,0,0
rail,NOUN,19,0,0
cold,ADJ,19,0,0
feeling,NOUN,19,0,0
breakfast,NOUN,19,0,0
pink,ADJ,19,0,0
sight,NOUN,19,0,0
tiny,ADJ,19,0,0
real,ADJ,19,0,0
lose,VERB,19,0,0
England,PROPN,19,0,1
creature,NOUN,19,0,0
brown,ADJ,19,0,0
distance,NOUN,19,0,0
pick,VERB,19,0,0
realize,VERB,19,0,0
lovely,ADJ,19,0,0
death,NOUN,19,0,0
Li,PROPN,19,0,1
Yeik,PROPN,19,0,1
hang,VERB,18,0,0
become,VERB,18,1,0
steal,VERB,18,0,0
job,NOUN,18,0,0
Commissioner,PROPN,18,0,1
officer,NOUN,18,0,0
part,NOUN,18,1,0
step,VERB,18,0,0
headman,NOUN,18,0,0
office,NOUN,18,0,0
gold,NOUN,18,0,0
basket,NOUN,18,0,0
hope,VERB,18,0,0
happy,ADJ,18,0,0
may,AUX,18,1,0
draw,VERB,18,0,0
immediately,ADV,18,0,0
Indian,PROPN,18,0,1
anonymous,ADJ,18,0,0
open,ADJ,18,0,0
town,NOUN,18,0,0
free,ADJ,18,0,0
bank,NOUN,18,0,0
round,NOUN,18,0,0
wall,NOUN,18,0,0
spot,NOUN,18,0,0
law,NOUN,18,0,0
damned,ADJ,18,0,0
blue,ADJ,18,0,0
fly,VERB,18,0,0
bitter,ADJ,18,0,0
thick,ADJ,18,0,0
quite,DET,18,1,0
cart,NOUN,18,0,0
silent,ADJ,18,0,0
service,NOUN,18,0,0
exclaim,VERB,18,0,0
pretend,VERB,18,0,0
flat,ADJ,18,0,0
perfectly,ADV,18,0,0
itself,PRON,18,1,0
eight,NUM,17,1,0
gaze,VERB,17,0,0
district,NOUN,17,0,0
strong,ADJ,17,0,0
wish,VERB,17,0,0
Burman,PROPN,17,0,1
number,NOUN,17,0,0
mind,VERB,17,0,0
opinion,NOUN,17,0,0
consider,VERB,17,0,0
food,NOUN,17,0,0
thin,ADJ,17,0,0
bend,VERB,17,0,0
garden,NOUN,17,0,0
edge,NOUN,17,0,0
colour,VERB,17,0,0
chinese,ADJ,17,0,0
grass,NOUN,17,0,0
whether,SCONJ,17,1,0
tone,NOUN,17,0,0
during,ADP,17,1,0
lounge,NOUN,17,0,0
general,ADJ,17,0,0
burst,VERB,17,0,0
stick,VERB,17,0,0
promise,VERB,17,0,0
bit,NOUN,17,0,0
hell,NOUN,17,0,0
fifteen,NUM,17,1,0
after,ADV,17,1,0
manner,NOUN,17,0,0
bear,VERB,17,0,0
line,NOUN,17,0,0
shooting,NOUN,17,0,0
sorry,ADJ,17,0,0
kiss,VERB,17,0,0
middle,NOUN,17,0,0
deep,ADJ,17,0,0
surely,ADV,17,0,0
beautiful,ADJ,16,0,0
march,VERB,16,0,0
anna,NOUN,16,0,0
enough,ADJ,16,1,0
point,NOUN,16,0,0
holy,ADJ,16,0,0
wave,VERB,16,0,0
different,ADJ,16,0,0
Pe,PROPN,16,0,1
movement,NOUN,16,0,0
slowly,ADV,16,0,0
huge,ADJ,16,0,0
nose,NOUN,16,0,0
near,ADP,16,0,0
spite,NOUN,16,0,0
instead,ADV,16,0,0
sharply,ADV,16,0,0
tin,NOUN,16,0,0
suffer,VERB,16,0,0
chap,NOUN,16,0,0
manage,VERB,16,0,0
open,VERB,16,0,0
devil,NOUN,16,0,0
dirty,ADJ,16,0,0
shoe,NOUN,16,0,0
nor,CCONJ,16,1,0
thank,VERB,16,0,0
veranda,ADJ,16,0,0
ass,NOUN,16,0,0
imagine,VERB,16,0,0
actually,ADV,16,0,0
sea,NOUN,16,0,0
yourself,PRON,16,1,0
hiss,ADJ,16,0,0
laugh,VERB,16,0,0
crocodile,NOUN,16,0,0
very,ADJ,16,1,0
kick,VERB,16,0,0
longyi,NOUN,16,0,0
first,ADV,16,1,0
dah,NOUN,16,0,0
buffalo,NOUN,16,0,0
beastly,ADV,16,0,0
hope,NOUN,16,0,0
riot,NOUN,16,0,0
pay,NOUN,16,0,0
wind,NOUN,15,0,0
british,ADJ,15,0,0
rifle,NOUN,15,0,0
grasp,VERB,15,0,0
return,VERB,15,0,0
tall,ADJ,15,0,0
affair,NOUN,15,0,0
dozen,NOUN,15,0,0
ha,INTJ,15,0,0
fashion,NOUN,15,0,0
rich,ADJ,15,0,0
beer,NOUN,15,0,0
myself,PRON,15,1,0
look,NOUN,15,0,0
colour,NOUN,15,0,0
hide,VERB,15,0,0
change,VERB,15,0,0
sleep,VERB,15,0,0
drunk,ADJ,15,0,0
punkah,NOUN,15,0,0
sound,VERB,15,0,0
hat,VERB,15,0,0
ready,ADJ,15,0,0
reason,NOUN,15,0,0
quarrel,NOUN,15,0,0
push,VERB,15,0,0
bullock,NOUN,15,0,0
right,ADV,15,0,0
offend,VERB,15,0,0
ball,NOUN,15,0,0
indeed,ADV,15,1,0
save,VERB,15,0,0
natural,ADJ,15,0,0
sense,NOUN,15,0,0
bottom,NOUN,15,1,0
often,ADV,15,1,0
piece,NOUN,15,0,0
propose,VERB,15,0,0
bedroom,NOUN,15,0,0
offer,VERB,15,0,0
pwe,NOUN,15,0,0
shot,NOUN,15,0,0
heel,NOUN,14,0,0
news,NOUN,14,0,0
official,ADJ,14,0,0
Taik,PROPN,14,0,1
finger,NOUN,14,0,0
produce,VERB,14,0,0
miserable,ADJ,14,0,0
article,NOUN,14,0,0
what,DET,14,1,0
fish,NOUN,14,0,0
hard,ADJ,14,0,0
eat,VERB,14,0,0
cover,VERB,14,0,0
less,ADJ,14,1,0
patch,NOUN,14,0,0
Francis,PROPN,14,0,1
past,ADP,14,0,0
prickly,ADJ,14,0,0
oil,NOUN,14,0,0
pain,NOUN,14,0,0
Christ,PROPN,14,0,1
meeting,NOUN,14,0,0
stream,NOUN,14,0,0
yell,VERB,14,0,0
beneath,ADP,14,0,0
husband,NOUN,14,0,0
agree,VERB,14,0,0
absolutely,ADV,14,0,0
game,NOUN,14,0,0
hit,VERB,14,0,0
shop,NOUN,14,0,0
compound,NOUN,14,0,0
instant,NOUN,14,0,0
joy,NOUN,14,0,0
cartridge,NOUN,14,0,0
serious,ADJ,14,1,0
Lackersteens,PROPN,14,0,1
extraordinary,ADJ,14,0,0
strange,ADJ,14,0,0
early,ADV,14,0,0
tear,VERB,14,0,0
despise,VERB,14,0,0
fling,VERB,14,0,0
escape,VERB,14,0,0
like,NOUN,14,0,0
pot,NOUN,13,0,0
heavy,ADJ,13,0,0
public,ADJ,13,0,0
villager,NOUN,13,0,0
share,VERB,13,0,0
picture,NOUN,13,0,0
backwards,ADV,13,0,0
joke,NOUN,13,0,0
slip,VERB,13,0,0
tooth,NOUN,13,0,0
scandal,NOUN,13,0,0
rage,NOUN,13,0,0
quickly,ADV,13,0,0
quick,ADJ,13,0,0
enormous,ADJ,13,0,0
while,NOUN,13,1,0
fire,NOUN,13,0,0
miss,VERB,13,0,0
left,ADJ,13,0,0
alone,ADJ,13,1,0
end,VERB,13,0,0
Eurasians,PROPN,13,0,1
pocket,NOUN,13,0,0
firm,NOUN,13,0,0
remind,VERB,13,0,0
gin,NOUN,13,0,0
oriental,ADJ,13,0,0
forehead,NOUN,13,0,0
chokra,NOUN,13,0,0
suit,NOUN,13,0,0
single,ADJ,13,0,0
ear,NOUN,13,0,0
scream,VERB,13,0,0
climb,VERB,13,0,0
remain,VERB,13,0,0
pour,VERB,13,0,0
wonderful,ADJ,13,0,0
second,ADJ,13,0,0
behind,ADV,13,1,0
breath,NOUN,12,0,0
stir,VERB,12,0,0
early,ADJ,12,0,0
British,PROPN,12,0,1
fail,VERB,12,0,0
bribe,NOUN,12,0,0
choose,VERB,12,0,0
intend,VERB,12,0,0
danger,NOUN,12,0,0
seven,NUM,12,0,0
tomorrow,NOUN,12,0,0
partly,ADV,12,0,0
above,ADP,12,1,0
weather,NOUN,12,0,0
yet,CCONJ,12,1,0
living,NOUN,12,0,0
forty,NUM,12,1,0
court,NOUN,12,0,0
oriental,NOUN,12,0,0
paddy,NOUN,12,0,0
hospital,NOUN,12,0,0
glare,NOUN,12,0,0
art,NOUN,12,0,0
on,ADV,12,1,0
dust,NOUN,12,0,0
somebody,PRON,12,0,0
fresh,ADJ,12,0,0
pin,VERB,12,0,0
inside,ADP,12,0,0
hate,VERB,12,0,0
straight,ADV,12,0,0
disappear,VERB,12,0,0
meanwhile,ADV,12,1,0
prestige,NOUN,12,0,0
shut,VERB,12,0,0
music,NOUN,12,0,0
gentleman,NOUN,12,0,0
self,NOUN,12,0,0
uncomfortable,ADJ,12,0,0
ugly,ADJ,12,0,0
easily,ADV,12,0,0
cooly,NOUN,12,0,0
crawl,VERB,12,0,0
seize,VERB,12,0,0
afterwards,ADV,12,1,0
murder,NOUN,12,0,0
rid,VERB,12,0,0
escape,NOUN,12,0,0
damn,VERB,12,0,0
madam,PROPN,12,0,1
remark,NOUN,12,0,0
plan,NOUN,12,0,0
halt,VERB,12,0,0
pike,ADV,12,0,0
cool,ADJ,11,0,0
dusty,ADJ,11,0,0
sky,NOUN,11,0,0
bare,ADJ,11,0,0
buy,VERB,11,0,0
decide,VERB,11,0,0
besides,SCONJ,11,1,0
attack,VERB,11,0,0
position,NOUN,11,0,0
animal,NOUN,11,0,0
present,NOUN,11,0,0
cure,VERB,11,0,0
timber,NOUN,11,0,0
dry,VERB,11,0,0
roof,NOUN,11,0,0
cheap,ADJ,11,0,0
habit,NOUN,11,0,0
matter,VERB,11,0,0
wicker,NOUN,11,0,0
pile,NOUN,11,0,0
shave,VERB,11,0,0
close,ADV,11,0,0
power,NOUN,11,0,0
admit,VERB,11,0,0
in,ADV,11,1,0
mali,PROPN,11,0,1
Englishman,PROPN,11,0,1
cloud,NOUN,11,0,0
half,NOUN,11,0,0
beetle,NOUN,11,0,0
lamp,NOUN,11,0,0
nut,NOUN,11,0,0
Forest,PROPN,11,0,1
invisible,ADJ,11,0,0
niece,NOUN,11,0,0
peg,NOUN,11,0,0
outside,ADP,11,0,0
filthy,ADJ,11,0,0
though,ADV,11,1,0
padre,NOUN,11,0,0
lady,NOUN,11,0,0
car,NOUN,11,0,0
press,VERB,11,0,0
any,ADV,11,1,0
rate,NOUN,11,0,0
fill,VERB,11,0,0
deadly,ADJ,11,0,0
tail,NOUN,11,0,0
float,VERB,11,0,0
peasant,NOUN,11,0,0
interest,NOUN,11,0,0
rub,VERB,11,0,0
hut,NOUN,11,0,0
receive,VERB,11,0,0
settle,VERB,11,0,0
blow,VERB,11,0,0
narrow,ADJ,11,0,0
throat,NOUN,11,0,0
exist,VERB,11,0,0
smell,NOUN,11,0,0
cross,VERB,11,0,0
use,NOUN,11,0,0
person,NOUN,11,0,0
yell,NOUN,11,0,0
bath,NOUN,11,0,0
behave,VERB,11,0,0
mud,NOUN,11,0,0
bore,NOUN,11,0,0
decent,ADJ,11,0,0
foreign,ADJ,11,0,0
gleam,VERB,11,0,0
silence,NOUN,11,0,0
Sir,PROPN,11,0,1
drag,VERB,11,0,0
broad,ADJ,11,0,0
tear,NOUN,11,0,0
stifle,VERB,10,0,0
sunlight,NOUN,10,0,0
toe,NOUN,10,0,0
ring,NOUN,10,0,0
prison,NOUN,10,0,0
Deputy,PROPN,10,0,1
wrong,ADJ,10,0,0
worth,ADJ,10,0,0
level,NOUN,10,0,0
beast,NOUN,10,0,0
constable,NOUN,10,0,0
whose,DET,10,1,0
quarrel,VERB,10,0,0
your,NOUN,10,1,0
trust,VERB,10,0,0
type,NOUN,10,0,0
direction,NOUN,10,0,0
difficult,ADJ,10,0,0
close,ADJ,10,0,0
disgusting,ADJ,10,0,0
discuss,VERB,10,0,0
torment,VERB,10,0,0
meal,NOUN,10,0,0
finish,VERB,10,0,0
mat,NOUN,10,0,0
corner,NOUN,10,0,0
view,NOUN,10,0,0
effort,NOUN,10,0,0
sink,VERB,10,0,0
short,NOUN,10,0,0
stocking,NOUN,10,0,0
stretch,VERB,10,0,0
top,NOUN,10,1,0
spear,NOUN,10,0,0
Samuel,PROPN,10,0,1
son,NOUN,10,0,0
hole,NOUN,10,0,0
eh,INTJ,10,0,0
smell,VERB,10,0,0
cloth,NOUN,10,0,0
skull,NOUN,10,0,0
local,ADJ,10,0,0
board,NOUN,10,0,0
mosquito,NOUN,10,0,0
enjoy,VERB,10,0,0
queer,NOUN,10,0,0
lower,VERB,10,0,0
suggest,VERB,10,0,0
rank,NOUN,10,0,0
curious,ADJ,10,0,0
evil,ADJ,10,0,0
allow,VERB,10,0,0
policeman,NOUN,10,0,0
asleep,ADJ,10,0,0
sign,VERB,10,0,0
teach,VERB,10,0,0
clean,ADJ,10,0,0
rickshaw,NOUN,10,0,0
terrible,ADJ,10,0,0
brother,NOUN,10,0,0
Empire,PROPN,10,0,1
dull,ADJ,10,0,0
coat,NOUN,10,0,0
patient,NOUN,10,0,0
utter,VERB,10,0,0
pleased,ADJ,10,0,0
helpless,ADJ,10,0,0
necessary,ADJ,10,0,0
gramophone,NOUN,10,0,0
vanish,VERB,10,0,0
Mattu,PROPN,10,0,1
election,NOUN,10,0,0
rain,VERB,10,0,0
afternoon,NOUN,10,0,0
wild,ADJ,10,0,0
mood,NOUN,10,0,0
track,NOUN,10,0,0
pool,NOUN,10,0,0
soul,NOUN,10,0,0
loneliness,NOUN,10,0,0
plunge,VERB,10,0,0
cock,NOUN,10,0,0
nasty,ADJ,10,0,0
easy,ADJ,10,0,0
wretched,ADJ,10,0,0
prepare,VERB,10,0,0
neither,DET,10,1,0
due,ADJ,10,1,0
father,NOUN,10,0,0
lean,VERB,10,0,0
tongue,NOUN,10,0,0
scream,NOUN,10,0,0
emerge,VERB,10,0,0
lift,VERB,10,0,0
dance,NOUN,10,0,0
Nga,PROPN,10,0,1
detail,NOUN,10,0,0
ignore,VERB,10,0,0
shade,NOUN,9,0,0
drench,VERB,9,0,0
palm,NOUN,9,0,0
box,NOUN,9,0,0
rice,NOUN,9,0,0
sort,NOUN,9,0,0
attempt,NOUN,9,0,0
loyal,ADJ,9,0,0
continue,VERB,9,0,0
evil,NOUN,9,0,0
merit,NOUN,9,0,0
umbrella,NOUN,9,0,0
flow,VERB,9,0,0
mere,ADJ,9,0,0
expression,NOUN,9,0,0
shikoe,VERB,9,0,0
smooth,ADJ,9,0,0
Patriot,PROPN,9,0,1
weak,ADJ,9,0,0
entire,ADJ,9,0,0
beginning,NOUN,9,0,0
Civil,PROPN,9,0,1
dangerous,ADJ,9,0,0
move,NOUN,9,1,0
twice,ADV,9,0,0
sure,ADJ,9,0,0
bowl,NOUN,9,0,0
plate,NOUN,9,0,0
serve,VERB,9,0,0
breathe,VERB,9,0,0
cigar,NOUN,9,0,0
ingyi,NOUN,9,0,0
instance,NOUN,9,0,0
age,NOUN,9,0,0
hideous,ADJ,9,0,0
cemetery,NOUN,9,0,0
peepul,NOUN,9,0,0
slender,ADJ,9,0,0
couple,NOUN,9,0,0
half,ADV,9,0,0
wonder,VERB,9,0,0
creeper,NOUN,9,0,0
size,NOUN,9,0,0
library,NOUN,9,0,0
seldom,ADV,9,0,0
wide,ADJ,9,0,0
tepid,NOUN,9,0,0
order,VERB,9,0,0
swallow,VERB,9,0,0
either,DET,9,1,0
usually,ADV,9,0,0
rule,NOUN,9,0,0
Orientals,PROPN,9,0,1
able,ADJ,9,0,0
glass,NOUN,9,0,0
retire,VERB,9,0,0
hard,ADV,9,0,0
presence,NOUN,9,0,0
clergyman,NOUN,9,0,0
fan,VERB,9,0,0
creep,VERB,9,0,0
twelve,NUM,9,1,0
barely,ADV,9,0,0
society,NOUN,9,0,0
join,VERB,9,0,0
tie,VERB,9,0,0
story,NOUN,9,0,0
regiment,NOUN,9,0,0
deal,NOUN,9,0,0
sharp,ADJ,9,0,0
frightened,ADJ,9,0,0
busy,ADJ,9,0,0
trouser,NOUN,9,0,0
rapidly,ADV,9,0,0
character,NOUN,9,0,0
pleasure,NOUN,9,0,0
forest,NOUN,9,0,0
develop,VERB,9,0,0
further,ADJ,9,1,0
courage,NOUN,9,0,0
possibly,ADV,9,0,0
doorway,NOUN,9,0,0
tiger,NOUN,9,0,0
bachelor,NOUN,9,0,0
coco,ADJ,9,0,0
angrily,ADV,9,0,0
jump,VERB,9,0,0
lonely,ADJ,9,0,0
stream,VERB,9,0,0
thakin,ADJ,9,0,0
uniform,NOUN,9,0,0
pinch,VERB,9,0,0
late,ADV,9,0,0
civilized,ADJ,9,0,0
dimly,ADV,9,0,0
rebel,NOUN,9,0,0
shock,NOUN,9,0,0
start,NOUN,9,0,0
stranger,NOUN,9,0,0
elbow,NOUN,9,0,0
approach,VERB,9,0,0
dear,NOUN,9,0,0
shame,NOUN,9,0,0
sudden,ADJ,9,0,0
beat,NOUN,9,0,0
furious,ADJ,9,0,0
hedge,NOUN,9,0,0
saddle,NOUN,9,0,0
san,ADJ,9,0,0
bough,NOUN,8,0,0
trunk,NOUN,8,0,0
betel,NOUN,8,0,0
boot,NOUN,8,0,0
race,NOUN,8,0,0
fight,VERB,8,0,0
stroke,NOUN,8,0,0
naturally,ADV,8,0,0
ahead,ADV,8,0,0
magistrate,NOUN,8,0,0
sell,VERB,8,0,0
safe,ADJ,8,0,0
dacoit,NOUN,8,0,0
practically,ADV,8,0,0
success,NOUN,8,0,0
accord,VERB,8,0,0
provide,VERB,8,0,0
build,VERB,8,0,0
priest,NOUN,8,0,0
human,ADJ,8,0,0
hey,INTJ,8,0,0
impression,NOUN,8,0,0
god,PROPN,8,0,1
curiously,ADV,8,0,0
greet,VERB,8,0,0
smile,VERB,8,0,0
stiff,ADJ,8,0,0
rag,NOUN,8,0,0
carefully,ADV,8,0,0
certainly,ADV,8,0,0
sir,PROPN,8,0,1
lot,NOUN,8,0,0
attack,NOUN,8,0,0
warder,NOUN,8,0,0
besides,ADV,8,1,0
clearly,ADV,8,0,0
prove,VERB,8,0,0
invite,VERB,8,0,0
desert,VERB,8,0,0
violent,ADJ,8,0,0
swift,ADJ,8,0,0
teak,ADJ,8,0,0
please,VERB,8,1,0
proud,ADJ,8,0,0
need,NOUN,8,0,0
glitter,VERB,8,0,0
moustache,NOUN,8,0,0
obviously,ADV,8,0,0
topi,NOUN,8,0,0
Terai,PROPN,8,0,1
wrist,NOUN,8,0,0
century,NOUN,8,0,0
include,VERB,8,0,0
calf,NOUN,8,0,0
card,NOUN,8,0,0
company,NOUN,8,0,0
like,INTJ,8,0,0
wake,VERB,8,0,0
limb,NOUN,8,0,0
bridge,NOUN,8,0,0
nature,NOUN,8,0,0
but,SCONJ,8,1,0
whatever,DET,8,1,0
knock,VERB,8,0,0
front,ADJ,8,1,0
pair,NOUN,8,0,0
duty,NOUN,8,0,0
nice,ADJ,8,0,0
demand,VERB,8,0,0
soft,ADJ,8,0,0
hopeless,ADJ,8,0,0
mark,NOUN,8,0,0
window,NOUN,8,0,0
anybody,PRON,8,0,0
bone,NOUN,8,0,0
truly,ADV,8,0,0
lie,NOUN,8,0,0
argument,NOUN,8,0,0
bitterly,ADV,8,0,0
ship,NOUN,8,0,0
disease,NOUN,8,0,0
answer,NOUN,8,0,0
fever,NOUN,8,0,0
appearance,NOUN,8,0,0
commit,VERB,8,0,0
impossible,ADJ,8,0,0
trip,NOUN,8,0,0
hillside,NOUN,8,0,0
bye,INTJ,8,0,0
love,NOUN,8,0,0
hop,VERB,8,0,0
feather,NOUN,8,0,0
cling,VERB,8,0,0
gentle,ADJ,8,0,0
flight,NOUN,8,0,0
squat,VERB,8,0,0
tick,NOUN,8,0,0
piano,NOUN,8,0,0
pretext,NOUN,8,0,0
clasp,VERB,8,0,0
War,PROPN,8,0,1
cause,VERB,8,0,0
near,ADV,8,0,0
luck,NOUN,8,0,0
kit,NOUN,8,0,0
swing,VERB,8,0,0
fence,NOUN,8,0,0
shape,VERB,8,0,0
aside,ADV,8,0,0
frock,NOUN,8,0,0
hurriedly,ADV,8,0,0
difference,NOUN,8,0,0
forever,ADV,8,0,0
audience,NOUN,8,0,0
soldier,NOUN,8,0,0
utterly,ADV,8,0,0
sampan,NOUN,8,0,0
Shwe,PROPN,8,0,1
Thongwa,PROPN,8,0,1
thakin,NOUN,8,0,0
perceive,VERB,8,0,0
surprise,NOUN,8,0,0
fear,NOUN,8,0,0
fall,NOUN,8,0,0
choke,VERB,8,0,0
canoe,NOUN,8,0,0
violently,ADV,8,0,0
group,NOUN,8,0,0
moonlight,NOUN,8,0,0
past,ADJ,7,0,0
blaze,VERB,7,0,0
belly,VERB,7,0,0
terror,NOUN,7,0,0
feed,VERB,7,0,0
discover,VERB,7,0,0
Officer,PROPN,7,0,1
act,VERB,7,0,0
string,NOUN,7,0,0
witness,NOUN,7,0,0
shape,NOUN,7,0,0
rat,NOUN,7,0,0
carve,VERB,7,0,0
progress,NOUN,7,0,0
sheet,NOUN,7,0,0
example,NOUN,7,0,0
stuff,NOUN,7,0,0
proceed,VERB,7,0,0
slightly,ADV,7,0,0
persuade,VERB,7,0,0
suspicion,NOUN,7,0,0
thumb,NOUN,7,0,0
coward,NOUN,7,0,0
bow,VERB,7,0,0
examine,VERB,7,0,0
contain,VERB,7,0,0
fetch,VERB,7,0,0
fear,VERB,7,0,0
disapprove,VERB,7,0,0
ourselves,PRON,7,1,0
acquire,VERB,7,0,0
drill,NOUN,7,0,0
bungalow,NOUN,7,0,0
headquarters,NOUN,7,0,0
everywhere,ADV,7,1,0
lawn,NOUN,7,0,0
awful,ADJ,7,0,0
bath,VERB,7,0,0
inside,ADV,7,0,0
litter,VERB,7,0,0
flap,VERB,7,0,0
forearm,NOUN,7,0,0
sake,NOUN,7,0,0
tray,NOUN,7,0,0
fortnight,NOUN,7,0,0
third,ADJ,7,1,0
rot,VERB,7,0,0
garlic,NOUN,7,0,0
nowadays,ADV,7,0,0
sign,NOUN,7,0,0
anger,NOUN,7,0,0
common,ADJ,7,0,0
pace,NOUN,7,0,0
treat,VERB,7,0,0
pew,NOUN,7,0,0
sweeper,NOUN,7,0,0
evidently,ADV,7,0,0
thrust,VERB,7,0,0
introduce,VERB,7,0,0
endure,VERB,7,0,0
fit,ADJ,7,0,0
privately,ADV,7,0,0
gather,VERB,7,0,0
term,NOUN,7,0,0
sedition,NOUN,7,0,0
dirt,NOUN,7,0,0
beggar,NOUN,7,0,0
gut,NOUN,7,0,0
ruin,NOUN,7,0,0
bye,NOUN,7,0,0
wood,NOUN,7,0,0
meaning,NOUN,7,0,0
aged,ADJ,7,0,0
tired,ADJ,7,0,0
dodge,VERB,7,0,0
glorious,ADJ,7,0,0
crush,VERB,7,0,0
peace,NOUN,7,0,0
merely,ADV,7,0,0
wail,VERB,7,0,0
standing,NOUN,7,0,0
ashamed,ADJ,7,0,0
sole,ADJ,7,0,0
truth,NOUN,7,0,0
glad,ADJ,7,0,0
mistress,NOUN,7,0,0
abruptly,ADV,7,0,0
stroke,VERB,7,0,0
visit,NOUN,7,0,0
bury,VERB,7,0,0
note,NOUN,7,0,0
exercise,NOUN,7,0,0
branch,NOUN,7,0,0
bullet,NOUN,7,0,0
thorn,NOUN,7,0,0
hand,VERB,7,0,0
light,ADJ,7,0,0
difficulty,NOUN,7,0,0
effect,NOUN,7,0,0
guilty,ADJ,7,0,0
last,VERB,7,1,0
atmosphere,NOUN,7,0,0
seed,NOUN,7,0,0
Army,PROPN,7,0,1
doubt,ADV,7,0,0
secret,ADJ,7,0,0
seriously,ADV,7,0,0
occur,VERB,7,0,0
memsahib,NOUN,7,0,0
stage,NOUN,7,0,0
silly,ADJ,7,0,0
somewhere,ADV,7,1,0
prisoner,NOUN,7,0,0
wash,VERB,7,0,0
pagri,NOUN,7,0,0
chatter,VERB,7,0,0
artist,NOUN,7,0,0
drawing,NOUN,7,0,0
de,X,7,0,0
existence,NOUN,7,0,0
cavalry,NOUN,7,0,0
snake,NOUN,7,0,0
fearful,ADJ,7,0,0
bent,ADJ,7,0,0
behaviour,NOUN,7,0,0
marriage,NOUN,7,0,0
Thakin,PROPN,7,0,1
snub,VERB,7,0,0
stall,NOUN,7,0,0
bundle,NOUN,7,0,0
whisper,VERB,7,0,0
disgrace,NOUN,7,0,0
disgrace,VERB,7,0,0
triumph,NOUN,7,0,0
second,NOUN,7,0,0
barrel,NOUN,7,0,0
trigger,NOUN,7,0,0
rush,VERB,7,0,0
faint,ADJ,6,0,0
orchid,NOUN,6,0,0
dazzle,VERB,6,0,0
wing,NOUN,6,0,0
help,NOUN,6,0,0
occasion,NOUN,6,0,0
Assistant,PROPN,6,0,1
Englishmen,PROPN,6,0,1
useful,ADJ,6,0,0
private,ADJ,6,0,0
forth,ADV,6,0,0
intrigue,NOUN,6,0,0
grave,NOUN,6,0,0
frog,NOUN,6,0,0
form,NOUN,6,0,0
elephant,NOUN,6,0,0
temper,NOUN,6,0,0
back,VERB,6,1,0
kindly,ADV,6,0,0
page,NOUN,6,0,0
stamp,NOUN,6,0,0
therefore,ADV,6,1,0
interest,VERB,6,0,0
family,NOUN,6,0,0
perfect,ADJ,6,0,0
juice,NOUN,6,0,0
familiar,ADJ,6,0,0
phrase,NOUN,6,0,0
operation,NOUN,6,0,0
accuse,VERB,6,0,0
arrange,VERB,6,0,0
seditious,ADJ,6,0,0
loyalty,NOUN,6,0,0
nonsense,NOUN,6,0,0
click,VERB,6,0,0
flock,NOUN,6,0,0
pang,NOUN,6,0,0
greasy,NOUN,6,0,0
attend,VERB,6,0,0
middle,ADJ,6,0,0
round,ADP,6,0,0
ragged,ADJ,6,0,0
Clubs,PROPN,6,0,1
Irrawaddy,PROPN,6,0,1
fairly,ADV,6,0,0
greatly,ADV,6,0,0
nine,NUM,6,1,0
blow,NOUN,6,0,0
apart,ADV,6,0,0
upper,ADJ,6,0,0
tickle,VERB,6,0,0
June,PROPN,6,0,1
consist,VERB,6,0,0
study,VERB,6,0,0
brandy,NOUN,6,0,0
insult,VERB,6,0,0
post,NOUN,6,0,0
anyway,ADV,6,1,0
light,VERB,6,0,0
s,NOUN,6,0,0
swine,NOUN,6,0,0
friendly,ADJ,6,0,0
East,PROPN,6,0,1
nurse,VERB,6,0,0
sweat,VERB,6,0,0
care,NOUN,6,0,0
Christians,PROPN,6,0,1
station,VERB,6,0,0
cane,NOUN,6,0,0
Tom,PROPN,6,0,1
tent,NOUN,6,0,0
doubt,NOUN,6,0,0
salaam,VERB,6,0,0
clear,VERB,6,0,0
whereat,NOUN,6,0,0
deny,VERB,6,0,0
poke,VERB,6,0,0
alive,ADJ,6,0,0
count,VERB,6,0,0
sigh,NOUN,6,0,0
late,ADJ,6,0,0
disagreeable,ADJ,6,0,0
avoid,VERB,6,0,0
bait,VERB,6,0,0
earn,VERB,6,0,0
Policemen,PROPN,6,0,1
aha,INTJ,6,0,0
honourable,ADJ,6,0,0
noble,ADJ,6,0,0
rough,ADJ,6,0,0
belong,VERB,6,0,0
grey,NOUN,6,0,0
purpose,NOUN,6,0,0
modern,ADJ,6,0,0
once,SCONJ,6,1,0
humour,NOUN,6,0,0
scoundrel,NOUN,6,0,0
eagerly,ADV,6,0,0
fair,ADJ,6,0,0
report,NOUN,6,0,0
openly,ADV,6,0,0
nevertheless,ADV,6,1,0
hammer,VERB,6,0,0
boil,VERB,6,0,0
pity,NOUN,6,0,0
cup,NOUN,6,0,0
burn,VERB,6,0,0
sandal,NOUN,6,0,0
doll,NOUN,6,0,0
fault,NOUN,6,0,0
gently,ADV,6,0,0
wag,VERB,6,0,0
cattle,NOUN,6,0,0
twist,VERB,6,0,0
root,NOUN,6,0,0
rest,VERB,6,0,0
flutter,VERB,6,0,0
pipe,NOUN,6,0,0
upwards,ADV,6,0,0
plant,NOUN,6,0,0
chase,VERB,6,0,0
cur,NOUN,6,0,0
knot,NOUN,6,0,0
taste,VERB,6,0,0
kick,NOUN,6,0,0
jacket,NOUN,6,0,0
sneak,VERB,6,0,0
arrival,NOUN,6,0,0
painful,ADJ,6,0,0
interval,NOUN,6,0,0
hero,NOUN,6,0,0
god,NOUN,6,0,0
pause,NOUN,6,0,0
roar,NOUN,6,0,0
parade,NOUN,6,0,0
despotism,NOUN,6,0,0
friendship,NOUN,6,0,0
speech,NOUN,6,0,0
savage,NOUN,6,0,0
accident,NOUN,6,0,0
queer,ADJ,6,0,0
kneel,VERB,6,0,0
apply,VERB,6,0,0
touch,NOUN,6,0,0
painfully,ADV,6,0,0
inspector,NOUN,6,0,0
Nero,PROPN,6,0,1
Yi,PROPN,6,0,1
present,VERB,6,0,0
hunter,NOUN,6,0,0
weep,VERB,6,0,0
warm,ADJ,6,0,0
attention,NOUN,6,0,0
likely,ADJ,6,0,0
Ingaleikma,PROPN,6,0,1
disappointment,NOUN,6,0,0
incredible,ADJ,6,0,0
capable,ADJ,6,0,0
Miss,PROPN,6,0,1
fragment,NOUN,6,0,0
surge,VERB,6,0,0
race,VERB,6,0,0
bright,ADJ,6,0,0
brush,VERB,6,0,0
interesting,ADJ,6,0,0
fun,NOUN,6,0,0
bend,NOUN,6,0,0
din,NOUN,6,0,0
loud,ADJ,6,0,0
leap,VERB,6,0,0
O,PROPN,6,0,1
rumour,NOUN,6,0,0
sentence,NOUN,6,0,0
fist,NOUN,6,0,0
part,VERB,6,0,0
situation,NOUN,6,0,0
dismay,NOUN,6,0,0
absurd,ADJ,6,0,0
wet,ADJ,6,0,0
mention,VERB,6,0,0
useless,ADJ,6,0,0
tumble,VERB,6,0,0
succeed,VERB,6,0,0
cut,NOUN,6,0,0
bridle,NOUN,6,0,0
surly,ADJ,6,0,0
sick,ADJ,6,0,0
glory,NOUN,6,0,0
furiously,ADV,6,0,0
e,NOUN,5,0,0
Upper,PROPN,5,0,1
memory,NOUN,5,0,0
giant,NOUN,5,0,0
income,NOUN,5,0,0
method,NOUN,5,0,0
simple,ADJ,5,0,0
practice,NOUN,5,0,0
reputation,NOUN,5,0,0
arrest,VERB,5,0,0
charge,NOUN,5,0,0
expose,VERB,5,0,0
accusation,NOUN,5,0,0
ignorance,NOUN,5,0,0
belief,NOUN,5,0,0
swiftly,ADV,5,0,0
brain,NOUN,5,0,0
bangle,NOUN,5,0,0
laugh,NOUN,5,0,0
copy,NOUN,5,0,0
civilization,NOUN,5,0,0
Old,PROPN,5,0,1
imprisonment,NOUN,5,0,0
clever,ADJ,5,0,0
waste,NOUN,5,0,0
hoist,VERB,5,0,0
balance,VERB,5,0,0
base,NOUN,5,0,0
Surgeon,PROPN,5,0,1
delicate,ADJ,5,0,0
fix,VERB,5,0,0
blame,VERB,5,0,0
expensive,ADJ,5,0,0
proof,NOUN,5,0,0
ill,ADJ,5,0,0
pronounce,VERB,5,0,0
harm,NOUN,5,0,0
fond,ADJ,5,0,0
bubble,VERB,5,0,0
deep,ADV,5,0,0
recognize,VERB,5,0,0
starve,VERB,5,0,0
fast,ADV,5,0,0
taste,NOUN,5,0,0
admire,VERB,5,0,0
mirror,NOUN,5,0,0
gaungbaung,NOUN,5,0,0
buttock,NOUN,5,0,0
furniture,NOUN,5,0,0
near,ADJ,5,0,0
file,NOUN,5,0,0
upright,ADJ,5,0,0
bald,ADJ,5,0,0
name,VERB,5,0,0
bruise,NOUN,5,0,0
blue,NOUN,5,0,0
scatter,VERB,5,0,0
building,NOUN,5,0,0
seat,NOUN,5,0,0
diamond,NOUN,5,0,0
mohur,NOUN,5,0,0
rock,VERB,5,0,0
slight,ADJ,5,0,0
Hullo,PROPN,5,0,1
saucepan,NOUN,5,0,0
remark,VERB,5,0,0
horde,NOUN,5,0,0
sprawl,VERB,5,0,0
groan,VERB,5,0,0
badly,ADV,5,0,0
Field,PROPN,5,0,1
booze,VERB,5,0,0
mosquito,ADJ,5,0,0
got,VERB,5,0,0
drunken,ADJ,5,0,0
nip,VERB,5,0,0
damn,ADV,5,0,0
echo,VERB,5,0,0
unable,ADJ,5,0,0
grant,VERB,5,0,0
brute,NOUN,5,0,0
sulky,ADJ,5,0,0
apologize,VERB,5,0,0
smoke,NOUN,5,0,0
Butler,PROPN,5,0,1
pound,NOUN,5,0,0
Sunday,PROPN,5,0,1
leave,NOUN,5,0,0
Blackwood,PROPN,5,0,1
empty,ADJ,5,1,0
trick,NOUN,5,0,0
beam,VERB,5,0,0
ease,NOUN,5,0,0
kind,ADV,5,0,0
walk,NOUN,5,0,0
sigh,VERB,5,0,0
charming,ADJ,5,0,0
bearer,NOUN,5,0,0
lash,NOUN,5,0,0
Anglo,PROPN,5,0,1
deeply,ADV,5,0,0
vote,NOUN,5,0,0
shrink,VERB,5,0,0
empire,NOUN,5,0,0
fight,NOUN,5,0,0
insult,NOUN,5,0,0
martial,ADJ,5,0,0
mistake,NOUN,5,0,0
none,NOUN,5,1,0
gold,ADJ,5,0,0
dakbungalow,NOUN,5,0,0
drop,NOUN,5,0,0
Lord,PROPN,5,0,1
racquet,NOUN,5,0,0
chest,NOUN,5,0,0
clothe,VERB,5,0,0
spirit,NOUN,5,0,0
hass,NOUN,5,0,0
liar,NOUN,5,0,0
about,ADJ,5,1,0
eagerness,NOUN,5,0,0
trade,NOUN,5,0,0
various,ADJ,5,1,0
eastern,ADJ,5,0,0
positively,ADV,5,0,0
inch,NOUN,5,0,0
iss,NOUN,5,0,0
devilish,ADJ,5,0,0
directly,ADV,5,0,0
ass,VERB,5,0,0
hass,VERB,5,0,0
plot,NOUN,5,0,0
depend,VERB,5,0,0
social,ADJ,5,0,0
wass,VERB,5,0,0
pant,VERB,5,0,0
degree,NOUN,5,0,0
warn,VERB,5,0,0
beware,VERB,5,0,0
occasionally,ADV,5,0,0
drinking,NOUN,5,0,0
dove,NOUN,5,0,0
iron,NOUN,5,0,0
snipe,NOUN,5,0,0
march,NOUN,5,0,0
pillow,NOUN,5,0,0
opposite,ADP,5,0,0
notion,NOUN,5,0,0
butter,NOUN,5,0,0
ache,VERB,5,0,0
less,ADV,5,1,0
milk,NOUN,5,0,0
awake,ADJ,5,0,0
decorate,VERB,5,0,0
jasmine,NOUN,5,0,0
oval,NOUN,5,0,0
sandalwood,NOUN,5,0,0
kitten,NOUN,5,0,0
lover,NOUN,5,0,0
neglect,VERB,5,0,0
horribly,ADV,5,0,0
wisdom,NOUN,5,0,0
bathroom,NOUN,5,0,0
cry,NOUN,5,0,0
rare,ADJ,5,0,0
silently,ADV,5,0,0
ghost,NOUN,5,0,0
velvet,NOUN,5,0,0
beauty,NOUN,5,0,0
away,ADP,5,0,0
closely,ADV,5,0,0
wheel,NOUN,5,0,0
wander,VERB,5,0,0
arm,VERB,5,0,0
question,VERB,5,0,0
reflect,VERB,5,0,0
sleep,NOUN,5,0,0
midnight,NOUN,5,0,0
stroll,VERB,5,0,0
responsible,ADJ,5,0,0
loathe,VERB,5,0,0
oneself,PRON,5,0,0
song,NOUN,5,0,0
chief,ADJ,5,0,0
winter,NOUN,5,0,0
language,NOUN,5,0,0
alien,ADJ,5,0,0
silver,NOUN,5,0,0
surround,VERB,5,0,0
opportunity,NOUN,5,0,0
platform,NOUN,5,0,0
conscious,ADJ,5,0,0
tie,NOUN,5,0,0
drift,VERB,5,0,0
neither,CCONJ,5,1,0
fro,PROPN,5,0,1
slow,ADJ,5,0,0
procession,NOUN,5,0,0
complete,ADJ,5,0,0
fighting,NOUN,5,0,0
Pu,PROPN,5,0,1
bother,VERB,5,0,0
profit,VERB,5,0,0
intimacy,NOUN,5,0,0
bazaar,PROPN,5,0,1
important,ADJ,5,0,0
cotton,NOUN,5,0,0
wave,NOUN,5,0,0
either,ADV,5,1,0
little,ADV,5,0,0
Sammy,PROPN,5,0,1
rib,NOUN,5,0,0
nowhere,ADV,5,1,0
painting,NOUN,5,0,0
shabby,ADJ,5,0,0
crash,NOUN,5,0,0
gap,NOUN,5,0,0
squalid,ADJ,5,0,0
splendid,ADJ,5,0,0
unmarried,ADJ,5,0,0
bow,NOUN,5,0,0
anxious,ADJ,5,0,0
gallop,VERB,5,0,0
wallah,PROPN,5,0,1
dammit,VERB,5,0,0
drum,NOUN,5,0,0
thump,NOUN,5,0,0
bore,VERB,5,0,0
clap,VERB,5,0,0
side,VERB,5,1,0
harsh,ADJ,5,0,0
wriggle,VERB,5,0,0
upset,VERB,5,0,0
obscene,ADJ,5,0,0
chatter,NOUN,5,0,0
previous,ADJ,5,0,0
party,NOUN,5,0,0
vague,ADJ,5,0,0
banana,NOUN,5,0,0
imperial,ADJ,5,0,0
sullen,ADJ,5,0,0
funeral,NOUN,5,0,0
favour,NOUN,5,0,0
brilliant,ADJ,5,0,0
shutter,NOUN,5,0,0
crack,VERB,5,0,0
hundred,NOUN,5,0,0
pig,NOUN,5,0,0
powder,NOUN,5,0,0
dig,VERB,5,0,0
opium,NOUN,5,0,0
main,ADJ,5,0,0
risk,VERB,5,0,0
condemn,VERB,5,0,0
horrify,VERB,5,0,0
motor,NOUN,5,0,0
soda,NOUN,5,0,0
bolt,VERB,5,0,0
ankle,NOUN,5,0,0
instantly,ADV,5,0,0
dress,NOUN,5,0,0
quiet,ADJ,5,0,0
envy,NOUN,5,0,0
glance,VERB,5,0,0
close,VERB,5,0,0
futile,ADJ,5,0,0
Yin,PROPN,5,0,1
chestnut,NOUN,5,0,0
present,ADJ,5,0,0
subahdar,NOUN,5,0,0
de,NOUN,5,0,0
blind,VERB,5,0,0
Item,PROPN,5,0,1
lump,NOUN,5,0,0
murder,VERB,5,0,0
melancholy,ADJ,4,0,0
April,PROPN,4,0,1
threat,NOUN,4,0,0
occasional,ADJ,4,0,0
curved,ADJ,4,0,0
vulture,NOUN,4,0,0
circle,VERB,4,0,0
swell,VERB,4,0,0
cropped,ADJ,4,0,0
column,NOUN,4,0,0
faced,ADJ,4,0,0
merchant,NOUN,4,0,0
lucky,ADJ,4,0,0
possession,NOUN,4,0,0
pice,NOUN,4,0,0
decision,NOUN,4,0,0
legal,ADJ,4,0,0
win,VERB,4,0,0
fine,ADJ,4,0,0
bell,NOUN,4,0,0
cunning,ADJ,4,0,0
curtain,NOUN,4,0,0
mark,VERB,4,0,0
thief,NOUN,4,0,0
baby,NOUN,4,0,0
mango,NOUN,4,0,0
secret,NOUN,4,0,0
editor,NOUN,4,0,0
High,PROPN,4,0,1
adjust,VERB,4,0,0
waddle,VERB,4,0,0
disloyalty,NOUN,4,0,0
suspect,VERB,4,0,0
turn,NOUN,4,0,0
thoroughly,ADV,4,0,0
faith,NOUN,4,0,0
prawn,NOUN,4,0,0
smoke,VERB,4,0,0
tobacco,NOUN,4,0,0
pillar,NOUN,4,0,0
support,VERB,4,0,0
splash,VERB,4,0,0
lime,NOUN,4,0,0
paso,NOUN,4,0,0
tight,ADJ,4,0,0
obscure,ADJ,4,0,0
enemy,NOUN,4,0,0
extract,VERB,4,0,0
poetry,NOUN,4,0,0
discomfort,NOUN,4,0,0
kneeling,NOUN,4,0,0
pray,VERB,4,0,0
gift,NOUN,4,0,0
Nirvana,PROPN,4,0,1
wither,VERB,4,0,0
aware,ADJ,4,0,0
scorch,VERB,4,0,0
khaki,NOUN,4,0,0
horizon,NOUN,4,0,0
mostly,ADV,4,1,0
railway,NOUN,4,0,0
government,NOUN,4,0,0
missionary,NOUN,4,0,0
curiosity,NOUN,4,0,0
tune,NOUN,4,0,0
screen,NOUN,4,0,0
purple,ADJ,4,0,0
suck,VERB,4,0,0
haired,ADJ,4,0,0
hollow,ADJ,4,0,0
birthmarked,ADJ,4,0,0
Vie,PROPN,4,0,1
Parisienne,PROPN,4,0,1
gloomy,ADJ,4,0,0
novel,NOUN,4,0,0
Bonzo,PROPN,4,0,1
manager,NOUN,4,0,0
restless,ADJ,4,0,0
grace,NOUN,4,0,0
regular,ADJ,4,0,0
colonel,NOUN,4,0,0
net,NOUN,4,0,0
tonight,NOUN,4,0,0
spiteful,ADJ,4,0,0
stout,ADJ,4,0,0
liquid,ADJ,4,0,0
brass,NOUN,4,0,0
minded,ADJ,4,0,0
whisky,ADJ,4,0,0
cat,NOUN,4,0,0
accent,NOUN,4,0,0
secretary,NOUN,4,0,0
nigger,ADJ,4,0,0
stink,VERB,4,0,0
cheroot,NOUN,4,0,0
News,PROPN,4,0,1
decency,NOUN,4,0,0
sod,NOUN,4,0,0
pal,NOUN,4,0,0
completely,ADV,4,0,0
hint,NOUN,4,0,0
unfortunately,ADV,4,0,0
twitch,VERB,4,0,0
sullenly,ADV,4,0,0
feebly,ADV,4,0,0
excited,ADJ,4,0,0
set,NOUN,4,0,0
slave,NOUN,4,0,0
b,X,4,0,0
La,PROPN,4,0,1
rope,NOUN,4,0,0
travel,VERB,4,0,0
chit,NOUN,4,0,0
war,NOUN,4,0,0
oblige,VERB,4,0,0
Karen,PROPN,4,0,1
nerve,NOUN,4,0,0
affection,NOUN,4,0,0
laughter,NOUN,4,0,0
humorous,ADJ,4,0,0
tortoise,NOUN,4,0,0
handsome,ADJ,4,0,0
possess,VERB,4,0,0
horror,NOUN,4,0,0
insolence,NOUN,4,0,0
Raj,PROPN,4,0,1
Bolshie,PROPN,4,0,1
absolute,ADJ,4,0,0
check,VERB,4,0,0
excuse,VERB,4,0,0
stiffen,VERB,4,0,0
freedom,NOUN,4,0,0
unless,SCONJ,4,1,0
dislike,VERB,4,0,0
refreshment,NOUN,4,0,0
pathetic,ADJ,4,0,0
rotten,ADJ,4,0,0
burra,NOUN,4,0,0
detest,VERB,4,0,0
havildar,NOUN,4,0,0
smash,VERB,4,0,0
fifth,ADJ,4,0,0
mercy,NOUN,4,0,0
brush,NOUN,4,0,0
anecdote,NOUN,4,0,0
bitterness,NOUN,4,0,0
madden,VERB,4,0,0
soak,VERB,4,0,0
alas,INTJ,4,0,0
relief,NOUN,4,0,0
lazy,ADJ,4,0,0
glare,VERB,4,0,0
ribbon,NOUN,4,0,0
current,NOUN,4,0,0
greenish,ADJ,4,0,0
figure,NOUN,4,0,0
pop,VERB,4,0,0
steel,NOUN,4,0,0
clumsy,ADJ,4,0,0
eager,ADJ,4,0,0
description,NOUN,4,0,0
burden,NOUN,4,0,0
gesticulate,VERB,4,0,0
search,VERB,4,0,0
capture,VERB,4,0,0
quote,VERB,4,0,0
unfortunate,ADJ,4,0,0
forbid,VERB,4,0,0
boring,ADJ,4,0,0
needle,NOUN,4,0,0
vaguely,ADV,4,0,0
degenerate,ADJ,4,0,0
fade,VERB,4,0,0
record,NOUN,4,0,0
excitedly,ADV,4,0,0
interrupt,VERB,4,0,0
lender,NOUN,4,0,0
around,ADP,4,1,0
achievement,NOUN,4,0,0
countryman,NOUN,4,0,0
suit,VERB,4,0,0
grab,VERB,4,0,0
stricken,VERB,4,0,0
being,NOUN,4,1,0
square,ADJ,4,0,0
eighteen,NUM,4,0,0
conspiracy,NOUN,4,0,0
oath,NOUN,4,0,0
prevent,VERB,4,0,0
Heaven,PROPN,4,0,1
din,VERB,4,0,0
hunt,VERB,4,0,0
image,NOUN,4,0,0
intimate,ADJ,4,0,0
defy,VERB,4,0,0
season,NOUN,4,0,0
curve,VERB,4,0,0
duck,NOUN,4,0,0
mysterious,ADJ,4,0,0
mix,VERB,4,0,0
bread,NOUN,4,0,0
wallah,NOUN,4,0,0
special,ADJ,4,0,0
straight,ADJ,4,0,0
pawn,VERB,4,0,0
youthful,ADJ,4,0,0
stalk,NOUN,4,0,0
faintly,ADV,4,0,0
secretly,ADV,4,0,0
fan,NOUN,4,0,0
will,NOUN,4,1,0
spell,NOUN,4,0,0
worry,VERB,4,0,0
scrub,NOUN,4,0,0
dense,ADJ,4,0,0
line,VERB,4,0,0
visible,ADJ,4,0,0
innumerable,ADJ,4,0,0
nose,VERB,4,0,0
perch,VERB,4,0,0
meaningless,ADJ,4,0,0
below,ADV,4,1,0
undergrowth,NOUN,4,0,0
linger,VERB,4,0,0
gyi,NOUN,4,0,0
collar,NOUN,4,0,0
back,ADP,4,1,0
hoof,NOUN,4,0,0
o,INTJ,4,0,0
egret,NOUN,4,0,0
smack,VERB,4,0,0
strip,NOUN,4,0,0
top,ADJ,4,1,0
teapot,NOUN,4,0,0
petrol,NOUN,4,0,0
lantern,NOUN,4,0,0
cook,NOUN,4,0,0
pariah,PROPN,4,0,1
aim,NOUN,4,0,0
lout,NOUN,4,0,0
cowardly,ADV,4,0,0
delight,VERB,4,0,0
shout,NOUN,4,0,0
Saturday,PROPN,4,0,1
grip,NOUN,4,0,0
eleven,NUM,4,1,0
possibility,NOUN,4,0,0
careless,ADJ,4,0,0
debauchery,NOUN,4,0,0
dry,ADJ,4,0,0
stagnant,ADJ,4,0,0
overhead,NOUN,4,0,0
mist,NOUN,4,0,0
good,NOUN,4,0,0
horn,NOUN,4,0,0
storm,NOUN,4,0,0
remote,ADJ,4,0,0
object,NOUN,4,0,0
sahiblog,NOUN,4,0,0
Department,PROPN,4,0,1
conceivable,ADJ,4,0,0
long,VERB,4,0,0
dread,VERB,4,0,0
quicken,VERB,4,0,0
marigold,NOUN,4,0,0
cage,NOUN,4,0,0
ridiculous,ADJ,4,0,0
state,NOUN,4,0,0
invent,VERB,4,0,0
zinc,NOUN,4,0,0
singlet,NOUN,4,0,0
brick,NOUN,4,0,0
suspect,NOUN,4,0,0
guard,VERB,4,0,0
coolie,NOUN,4,0,0
flog,VERB,4,0,0
heaven,PROPN,4,0,1
loiter,VERB,4,0,0
weed,NOUN,4,0,0
muscle,NOUN,4,0,0
bearing,NOUN,4,0,0
illustrate,VERB,4,0,0
stamp,VERB,4,0,0
inform,VERB,4,0,0
relative,NOUN,4,0,0
concern,VERB,4,0,0
altogether,ADV,4,0,0
nebulous,ADJ,4,0,0
cause,NOUN,4,0,0
hasten,VERB,4,0,0
warmth,NOUN,4,0,0
fright,NOUN,4,0,0
stupid,ADJ,4,0,0
wherever,SCONJ,4,1,0
adore,VERB,4,0,0
paint,VERB,4,0,0
blossom,NOUN,4,0,0
cafe,NOUN,4,0,0
studio,NOUN,4,0,0
describe,VERB,4,0,0
simultaneously,ADV,4,0,0
hip,NOUN,4,0,0
calm,ADJ,4,0,0
trot,VERB,4,0,0
practise,VERB,4,0,0
nuisance,NOUN,4,0,0
bearded,ADJ,4,0,0
generally,ADV,4,0,0
sniff,NOUN,4,0,0
untidy,ADJ,4,0,0
petty,ADJ,4,0,0
dreadfully,ADV,4,0,0
dancing,NOUN,4,0,0
Hindustani,PROPN,4,0,1
sail,VERB,4,0,0
darkness,NOUN,4,0,0
knot,VERB,4,0,0
demon,NOUN,4,0,0
crop,NOUN,4,0,0
ravish,VERB,4,0,0
intention,NOUN,4,0,0
adventure,NOUN,4,0,0
pause,VERB,4,0,0
tread,VERB,4,0,0
stench,NOUN,4,0,0
band,NOUN,4,0,0
orchestra,NOUN,4,0,0
daze,VERB,4,0,0
acquaintance,NOUN,4,0,0
writhe,VERB,4,0,0
cover,NOUN,4,0,0
frighten,VERB,4,0,0
savage,ADJ,4,0,0
shadow,NOUN,4,0,0
provoke,VERB,4,0,0
rebel,VERB,4,0,0
harmonium,NOUN,4,0,0
engine,NOUN,4,0,0
kitchen,NOUN,4,0,0
bronze,NOUN,4,0,0
whole,NOUN,4,1,0
topis,NOUN,4,0,0
cough,VERB,4,0,0
somewhat,ADV,4,0,0
sort,ADV,4,0,0
short,ADV,4,0,0
Rosa,PROPN,4,0,1
glance,NOUN,4,0,0
greyish,ADJ,4,0,0
pineapple,NOUN,4,0,0
recoil,VERB,4,0,0
split,VERB,4,0,0
altar,NOUN,4,0,0
tale,NOUN,4,0,0
brim,NOUN,4,0,0
cactus,NOUN,4,0,0
bribe,VERB,4,0,0
attempt,VERB,4,0,0
scar,VERB,4,0,0
Governor,PROPN,4,0,1
sacred,ADJ,4,0,0
drawer,NOUN,4,0,0
comfortable,ADJ,4,0,0
prescription,NOUN,4,0,0
Ach,PROPN,4,0,1
distressed,ADJ,4,0,0
desire,VERB,4,0,0
renew,VERB,4,0,0
hag,NOUN,4,0,0
shiko,NOUN,4,0,0
tremble,VERB,4,0,0
glide,VERB,4,0,0
hyacinth,NOUN,4,0,0
ashore,ADV,4,0,0
bag,NOUN,4,0,0
result,NOUN,4,0,0
cow,NOUN,4,0,0
fowl,NOUN,4,0,0
excitement,NOUN,4,0,0
heavily,ADV,4,0,0
call,NOUN,4,1,0
trail,VERB,4,0,0
Shoot,PROPN,4,0,1
List,PROPN,4,0,1
highbrow,NOUN,4,0,0
sickly,ADJ,4,0,0
rot,NOUN,4,0,0
abominably,ADV,4,0,0
mess,NOUN,4,0,0
helplessly,ADV,4,0,0
Nancy,PROPN,4,0,1
bar,VERB,4,0,0
endless,ADJ,4,0,0
san,PROPN,4,0,1
jodhpur,NOUN,4,0,0
ride,NOUN,4,0,0
pagris,NOUN,4,0,0
assure,VERB,4,0,0
account,NOUN,4,0,0
laterite,ADJ,4,0,0
yield,VERB,4,0,0
Policeman,PROPN,4,0,1
clank,NOUN,4,0,0
aisle,NOUN,4,0,0
pistol,NOUN,4,0,0
publish,VERB,3,0,0
divisional,ADJ,3,0,0
eave,NOUN,3,0,0
fierce,ADJ,3,0,0
sag,VERB,3,0,0
fruit,NOUN,3,0,0
length,NOUN,3,0,0
vivid,ADJ,3,0,0
magenta,NOUN,3,0,0
chew,VERB,3,0,0
troop,NOUN,3,0,0
rhythmic,ADJ,3,0,0
rule,VERB,3,0,0
ambition,NOUN,3,0,0
clerkship,NOUN,3,0,0
steady,ADJ,3,0,0
store,NOUN,3,0,0
u,NOUN,3,0,0
quality,NOUN,3,0,0
information,NOUN,3,0,0
alarm,NOUN,3,0,0
Township,PROPN,3,0,1
sub,ADJ,3,0,0
promote,VERB,3,0,0
subordinate,NOUN,3,0,0
ceaseless,NOUN,3,0,0
measure,NOUN,3,0,0
false,ADJ,3,0,0
sized,ADJ,3,0,0
invariably,ADV,3,0,0
share,NOUN,3,0,0
instrument,NOUN,3,0,0
devote,VERB,3,0,0
pile,VERB,3,0,0
prayer,NOUN,3,0,0
tend,VERB,3,0,0
hungry,ADJ,3,0,0
visitor,NOUN,3,0,0
shoulder,VERB,3,0,0
recall,VERB,3,0,0
jet,NOUN,3,0,0
black,NOUN,3,0,0
machine,NOUN,3,0,0
especially,ADV,3,0,0
honour,VERB,3,0,0
similar,ADJ,3,0,0
red,NOUN,3,0,0
promising,ADJ,3,0,0
armpit,NOUN,3,0,0
weight,NOUN,3,0,0
load,NOUN,3,0,0
spit,VERB,3,0,0
scarlet,ADJ,3,0,0
thigh,NOUN,3,0,0
easy,ADV,3,0,0
softly,ADV,3,0,0
inquiry,NOUN,3,0,0
superintendent,NOUN,3,0,0
Porley,PROPN,3,0,1
deal,VERB,3,0,0
lately,ADV,3,0,0
importance,NOUN,3,0,0
preparation,NOUN,3,0,0
cough,NOUN,3,0,0
wish,NOUN,3,0,0
abstractedly,ADV,3,0,0
waste,VERB,3,0,0
curry,NOUN,3,0,0
declare,VERB,3,0,0
sluttish,ADJ,3,0,0
furnish,VERB,3,0,0
muslin,PROPN,3,0,1
salmon,NOUN,3,0,0
symbol,NOUN,3,0,0
greatness,NOUN,3,0,0
sewing,NOUN,3,0,0
pen,NOUN,3,0,0
clip,NOUN,3,0,0
honoured,ADJ,3,0,0
happiness,NOUN,3,0,0
obey,VERB,3,0,0
live,ADJ,3,0,0
monastery,NOUN,3,0,0
direct,VERB,3,0,0
ill,ADV,3,0,0
sallow,ADJ,3,0,0
fat,NOUN,3,0,0
khaki,PROPN,3,0,1
amble,VERB,3,0,0
crescent,NOUN,3,0,0
constantly,ADV,3,0,0
slop,VERB,3,0,0
centre,NOUN,3,0,0
membership,NOUN,3,0,0
pleader,NOUN,3,0,0
score,NOUN,3,0,0
american,ADJ,3,0,0
yawn,VERB,3,0,0
swish,VERB,3,0,0
mail,NOUN,3,0,0
phlox,NOUN,3,0,0
bloom,NOUN,3,0,0
frangipani,NOUN,3,0,0
tamarind,NOUN,3,0,0
forwards,ADV,3,0,0
Punch,PROPN,3,0,1
Macduff,PROPN,3,0,1
wall,VERB,3,0,0
mildew,VERB,3,0,0
shiny,ADJ,3,0,0
pore,NOUN,3,0,0
education,NOUN,3,0,0
govern,VERB,3,0,0
namely,ADV,3,1,0
complain,VERB,3,0,0
hurried,ADJ,3,0,0
booze,NOUN,3,0,0
gloomily,ADV,3,0,0
coloured,ADJ,3,0,0
neat,ADJ,3,0,0
club,NOUN,3,0,0
Dear,PROPN,3,0,1
slimy,ADJ,3,0,0
pencil,NOUN,3,0,0
action,NOUN,3,0,0
caress,VERB,3,0,0
startling,ADJ,3,0,0
pal,VERB,3,0,0
assistant,NOUN,3,0,0
intelligent,ADJ,3,0,0
trembling,NOUN,3,0,0
uncontrollably,ADV,3,0,0
history,NOUN,3,0,0
eurasian,ADJ,3,0,0
tart,NOUN,3,0,0
bitch,NOUN,3,0,0
transfer,VERB,3,0,0
perverse,ADJ,3,0,0
scented,ADJ,3,0,0
bout,NOUN,3,0,0
sack,VERB,3,0,0
shove,VERB,3,0,0
pack,NOUN,3,0,0
loose,ADJ,3,0,0
Christian,PROPN,3,0,1
underneath,ADP,3,0,0
genuinely,ADV,3,0,0
mine,NOUN,3,1,0
Prome,PROPN,3,0,1
incident,NOUN,3,0,0
Hell,PROPN,3,0,1
nickname,VERB,3,0,0
plant,VERB,3,0,0
attitude,NOUN,3,0,0
genuine,ADJ,3,0,0
er,INTJ,3,0,0
wretch,NOUN,3,0,0
disrespectful,ADJ,3,0,0
saying,NOUN,3,0,0
guess,VERB,3,0,0
sound,ADJ,3,0,0
smile,NOUN,3,0,0
postpone,VERB,3,0,0
meantime,NOUN,3,0,0
hotter,ADJ,3,0,0
thirsty,ADJ,3,0,0
sulkily,ADV,3,0,0
no,NOUN,3,1,0
policy,NOUN,3,0,0
flatten,VERB,3,0,0
firmly,ADV,3,0,0
lesson,NOUN,3,0,0
decay,NOUN,3,0,0
babus,NOUN,3,0,0
Dyer,PROPN,3,0,1
gathering,NOUN,3,0,0
sacrifice,VERB,3,0,0
Morning,PROPN,3,0,1
appetite,NOUN,3,0,0
thank,NOUN,3,0,0
everybody,PRON,3,0,0
ex,NOUN,3,0,0
particularly,ADV,3,0,0
skulk,VERB,3,0,0
Siam,PROPN,3,0,1
China,PROPN,3,0,1
interminable,ADJ,3,0,0
ant,NOUN,3,0,0
delightful,ADJ,3,0,0
plump,ADJ,3,0,0
mainly,ADV,3,0,0
moral,ADJ,3,0,0
supine,ADJ,3,0,0
stink,NOUN,3,0,0
white,NOUN,3,0,0
salt,NOUN,3,0,0
englishman,NOUN,3,0,0
lack,VERB,3,0,0
tradition,NOUN,3,0,0
poison,NOUN,3,0,0
mad,ADJ,3,0,0
corrupt,VERB,3,0,0
bearable,ADJ,3,0,0
favourite,ADJ,3,0,0
snub,NOUN,3,0,0
inferior,ADJ,3,0,0
justice,NOUN,3,0,0
pious,ADJ,3,0,0
businessman,NOUN,3,0,0
machinery,NOUN,3,0,0
sacrifice,NOUN,3,0,0
boat,NOUN,3,0,0
Britannica,PROPN,3,0,1
proper,ADJ,3,0,0
monstrous,ADJ,3,0,0
prisson,NOUN,3,0,0
Thibaw,PROPN,3,0,1
torture,NOUN,3,0,0
uprush,NOUN,3,0,0
wreck,VERB,3,0,0
satisfy,VERB,3,0,0
venereal,ADJ,3,0,0
whereas,SCONJ,3,1,0
influence,NOUN,3,0,0
scale,NOUN,3,0,0
chuck,VERB,3,0,0
proclaim,VERB,3,0,0
desolate,ADJ,3,0,0
Hindu,PROPN,3,0,1
argue,VERB,3,0,0
yesterday,NOUN,3,0,0
unpleasant,ADJ,3,0,0
career,NOUN,3,0,0
outrage,NOUN,3,0,0
extortion,NOUN,3,0,0
rap,VERB,3,0,0
source,NOUN,3,0,0
doubtfully,ADV,3,0,0
libel,VERB,3,0,0
entirely,ADV,3,0,0
equal,ADJ,3,0,0
knife,NOUN,3,0,0
sermon,NOUN,3,0,0
behalf,NOUN,3,0,0
Prestige,PROPN,3,0,1
detach,VERB,3,0,0
libel,NOUN,3,0,0
gracious,ADJ,3,0,0
sum,NOUN,3,0,0
perish,VERB,3,0,0
good,INTJ,3,0,0
insist,VERB,3,0,0
smoking,NOUN,3,0,0
talking,NOUN,3,0,0
Shan,PROPN,3,0,1
damp,NOUN,3,0,0
idle,VERB,3,0,0
glisten,VERB,3,0,0
clock,NOUN,3,0,0
section,NOUN,3,0,0
cookhouse,NOUN,3,0,0
ingyi,PROPN,3,0,1
mount,VERB,3,0,0
inclined,ADJ,3,0,0
experience,NOUN,3,0,0
muck,NOUN,3,0,0
disgust,NOUN,3,0,0
spongy,ADJ,3,0,0
penny,NOUN,3,0,0
pitch,VERB,3,0,0
cylinder,NOUN,3,0,0
slender,NOUN,3,0,0
longyis,NOUN,3,0,0
Master,PROPN,3,0,1
affect,VERB,3,0,0
embrace,NOUN,3,0,0
idle,ADJ,3,0,0
concubine,NOUN,3,0,0
boast,VERB,3,0,0
strangeness,NOUN,3,0,0
last,ADV,3,1,0
prostitute,NOUN,3,0,0
shaving,NOUN,3,0,0
chin,NOUN,3,0,0
lounge,VERB,3,0,0
stalk,VERB,3,0,0
sin,NOUN,3,0,0
ennui,NOUN,3,0,0
up,NOUN,3,1,0
crushed,ADJ,3,0,0
pyinkado,NOUN,3,0,0
foliage,NOUN,3,0,0
swam,VERB,3,0,0
boiling,NOUN,3,0,0
dentist,NOUN,3,0,0
dash,VERB,3,0,0
rattle,NOUN,3,0,0
high,ADV,3,0,0
frisk,VERB,3,0,0
plume,NOUN,3,0,0
block,VERB,3,0,0
jolt,VERB,3,0,0
shriek,NOUN,3,0,0
grease,NOUN,3,0,0
sniff,VERB,3,0,0
scratch,VERB,3,0,0
loaf,VERB,3,0,0
differently,ADV,3,0,0
normal,ADJ,3,0,0
silky,ADJ,3,0,0
train,VERB,3,0,0
dislike,NOUN,3,0,0
quail,VERB,3,0,0
sinister,NOUN,3,0,0
mound,NOUN,3,0,0
remain,NOUN,3,0,0
haunt,VERB,3,0,0
pity,VERB,3,0,0
amicably,ADV,3,0,0
libellous,ADJ,3,0,0
evaporate,VERB,3,0,0
community,NOUN,3,0,0
glee,NOUN,3,0,0
spark,NOUN,3,0,0
nickname,NOUN,3,0,0
poet,NOUN,3,0,0
whereupon,SCONJ,3,1,0
Monkey,PROPN,3,0,1
period,NOUN,3,0,0
cricket,NOUN,3,0,0
dreary,ADJ,3,0,0
rubbish,NOUN,3,0,0
barbarous,ADJ,3,0,0
suppress,VERB,3,0,0
stale,ADJ,3,0,0
low,ADV,3,0,0
steam,NOUN,3,0,0
clearing,NOUN,3,0,0
herd,NOUN,3,0,0
chicken,NOUN,3,0,0
log,NOUN,3,0,0
circle,NOUN,3,0,0
shy,ADJ,3,0,0
past,NOUN,3,0,0
reality,NOUN,3,0,0
adult,NOUN,3,0,0
poison,VERB,3,0,0
particular,ADJ,3,0,0
bayonet,NOUN,3,0,0
drunkard,NOUN,3,0,0
dictate,VERB,3,0,0
Colonel,PROPN,3,0,1
Nationalists,PROPN,3,0,1
kicking,NOUN,3,0,0
drown,VERB,3,0,0
pretty,ADJ,3,0,0
retirement,NOUN,3,0,0
garland,NOUN,3,0,0
crop,VERB,3,0,0
complicated,ADJ,3,0,0
idleness,NOUN,3,0,0
slant,VERB,3,0,0
dart,VERB,3,0,0
posture,NOUN,3,0,0
matter,ADV,3,0,0
sub,NOUN,3,0,0
lank,NOUN,3,0,0
shin,NOUN,3,0,0
emerald,NOUN,3,0,0
explanation,NOUN,3,0,0
own,VERB,3,1,0
agony,NOUN,3,0,0
upstairs,ADV,3,0,0
feeble,ADJ,3,0,0
mamootie,NOUN,3,0,0
brisk,ADJ,3,0,0
demeanour,NOUN,3,0,0
disgusting,NOUN,3,0,0
John,PROPN,3,0,1
frequent,VERB,3,0,0
chili,NOUN,3,0,0
health,NOUN,3,0,0
shaky,ADJ,3,0,0
gap,VERB,3,0,0
bareheade,VERB,3,0,0
mild,ADJ,3,0,0
urgent,ADJ,3,0,0
overcome,VERB,3,0,0
recover,VERB,3,0,0
harmless,ADJ,3,0,0
lilac,NOUN,3,0,0
shell,NOUN,3,0,0
bloom,VERB,3,0,0
zinnia,NOUN,3,0,0
coarse,ADJ,3,0,0
trace,NOUN,3,0,0
literally,ADV,3,0,0
exactly,ADV,3,0,0
Jove,PROPN,3,0,1
fancy,ADJ,3,0,0
wine,NOUN,3,0,0
Marcel,PROPN,3,0,1
Proust,PROPN,3,0,1
reading,NOUN,3,0,0
scarcely,ADV,3,0,0
coal,NOUN,3,0,0
abash,VERB,3,0,0
dark,NOUN,3,0,0
grotesque,ADJ,3,0,0
brow,NOUN,3,0,0
rustle,VERB,3,0,0
cushion,NOUN,3,0,0
prefer,VERB,3,0,0
pose,NOUN,3,0,0
needless,ADJ,3,0,0
engage,VERB,3,0,0
Honourable,PROPN,3,0,1
inevitable,ADJ,3,0,0
picture,VERB,3,0,0
Montparnasse,PROPN,3,0,1
foolish,ADJ,3,0,0
visit,VERB,3,0,0
pension,NOUN,3,0,0
carcass,NOUN,3,0,0
fly,NOUN,3,0,0
washing,NOUN,3,0,0
pursue,VERB,3,0,0
crown,NOUN,3,0,0
Mother,PROPN,3,0,1
clean,VERB,3,0,0
wash,NOUN,3,0,0
inherit,VERB,3,0,0
foreigner,NOUN,3,0,0
dream,VERB,3,0,0
hound,NOUN,3,0,0
fool,VERB,3,0,0
veritable,ADJ,3,0,0
shameful,ADJ,3,0,0
appreciate,VERB,3,0,0
star,VERB,3,0,0
form,VERB,3,0,0
sampans,PROPN,3,0,1
wicked,ADJ,3,0,0
turmeric,NOUN,3,0,0
bound,VERB,3,0,0
peer,VERB,3,0,0
Aunt,PROPN,3,0,1
obliquely,ADV,3,0,0
prospect,NOUN,3,0,0
screw,VERB,3,0,0
laundress,ADJ,3,0,0
barber,NOUN,3,0,0
readiness,NOUN,3,0,0
surprise,VERB,3,0,0
opposite,ADJ,3,0,0
resist,VERB,3,0,0
absence,NOUN,3,0,0
play,NOUN,3,0,0
cross,NOUN,3,0,0
sword,NOUN,3,0,0
scarf,NOUN,3,0,0
thread,VERB,3,0,0
startle,VERB,3,0,0
lamplight,NOUN,3,0,0
dancer,NOUN,3,0,0
skirt,NOUN,3,0,0
outward,NOUN,3,0,0
rotate,VERB,3,0,0
imprison,VERB,3,0,0
extend,VERB,3,0,0
upright,ADV,3,0,0
whirl,VERB,3,0,0
ugliness,NOUN,3,0,0
swim,VERB,3,0,0
mask,NOUN,3,0,0
gesture,NOUN,3,0,0
gay,ADJ,3,0,0
metal,NOUN,3,0,0
wildly,ADV,3,0,0
expedition,NOUN,3,0,0
stroll,NOUN,3,0,0
failure,NOUN,3,0,0
greeting,NOUN,3,0,0
careful,ADJ,3,0,0
motto,NOUN,3,0,0
market,NOUN,3,0,0
meat,NOUN,3,0,0
joint,NOUN,3,0,0
reassure,VERB,3,0,0
newcomer,NOUN,3,0,0
divide,VERB,3,0,0
weiksa,NOUN,3,0,0
proof,ADJ,3,0,0
infantry,NOUN,3,0,0
hold,NOUN,3,0,0
glove,NOUN,3,0,0
anywhere,ADV,3,1,0
cease,VERB,3,0,0
weekly,ADJ,3,0,0
protect,VERB,3,0,0
dye,VERB,3,0,0
dismiss,VERB,3,0,0
drive,NOUN,3,0,0
switch,NOUN,3,0,0
revolver,NOUN,3,0,0
overseer,NOUN,3,0,0
disaster,NOUN,3,0,0
distant,ADJ,3,0,0
torture,VERB,3,0,0
blasphemy,NOUN,3,0,0
lapse,NOUN,3,0,0
appal,VERB,3,0,0
praise,VERB,3,0,0
Urdu,PROPN,3,0,1
shudder,NOUN,3,0,0
magazine,NOUN,3,0,0
choice,NOUN,3,0,0
nasal,ADJ,3,0,0
bishop,PROPN,3,0,1
dread,NOUN,3,0,0
madam,NOUN,3,0,0
pound,VERB,3,0,0
torment,NOUN,3,0,0
coldly,ADV,3,0,0
recede,VERB,3,0,0
poverty,NOUN,3,0,0
sympathy,NOUN,3,0,0
place,VERB,3,0,0
awfully,ADV,3,0,0
decade,NOUN,3,0,0
convict,NOUN,3,0,0
thatch,VERB,3,0,0
bump,VERB,3,0,0
sugar,NOUN,3,0,0
dravidian,ADJ,3,0,0
stake,NOUN,3,0,0
nostril,NOUN,3,0,0
slipper,NOUN,3,0,0
chocolate,NOUN,3,0,0
accept,VERB,3,0,0
silence,VERB,3,0,0
tightly,ADV,3,0,0
spill,VERB,3,0,0
flush,VERB,3,0,0
disfigured,ADJ,3,0,0
flatly,ADV,3,0,0
pretence,NOUN,3,0,0
banal,ADJ,3,0,0
act,NOUN,3,0,0
puzzle,VERB,3,0,0
blind,ADJ,3,0,0
murderer,NOUN,3,0,0
nga,NOUN,3,0,0
brothel,NOUN,3,0,0
deliver,VERB,3,0,0
be,VERB,3,1,0
chink,NOUN,3,0,0
grain,NOUN,3,0,0
devour,VERB,3,0,0
bounce,VERB,3,0,0
whisker,NOUN,3,0,0
defend,VERB,3,0,0
force,VERB,3,0,0
unlike,ADP,3,0,0
blade,NOUN,3,0,0
entrail,NOUN,3,0,0
coat,VERB,3,0,0
hysterical,ADJ,3,0,0
lest,ADP,3,0,0
abominable,ADJ,3,0,0
jetty,NOUN,3,0,0
creek,NOUN,3,0,0
bolt,NOUN,3,0,0
flood,VERB,3,0,0
reappear,VERB,3,0,0
ma,PROPN,3,0,1
ply,VERB,3,0,0
disappointing,ADJ,3,0,0
flash,NOUN,3,0,0
suspicious,ADJ,3,0,0
head,VERB,3,0,0
bush,PROPN,3,0,1
steady,VERB,3,0,0
speed,NOUN,3,0,0
handful,NOUN,3,0,0
grin,VERB,3,0,0
daylight,NOUN,3,0,0
series,NOUN,3,0,0
wound,VERB,3,0,0
crash,VERB,3,0,0
either,CCONJ,3,1,0
sling,VERB,3,0,0
pretty,ADV,3,0,0
undoubtedly,ADV,3,0,0
frangipani,ADJ,3,0,0
frangipani,PROPN,3,0,1
exile,NOUN,3,0,0
nameless,NOUN,3,0,0
lizard,NOUN,3,0,0
depart,VERB,3,0,0
proposal,NOUN,3,0,0
hail,VERB,3,0,0
rabbit,NOUN,3,0,0
topi,PROPN,3,0,1
return,NOUN,3,0,0
mare,NOUN,3,0,0
poise,VERB,3,0,0
mutter,VERB,3,0,0
horseback,NOUN,3,0,0
hurtle,VERB,3,0,0
tighten,VERB,3,0,0
salute,VERB,3,0,0
collect,VERB,3,0,0
temporarily,ADV,3,0,0
horsemanship,NOUN,3,0,0
Macregor,PROPN,3,0,1
Boy,PROPN,3,0,1
trash,NOUN,3,0,0
rubbah,NOUN,3,0,0
distress,NOUN,3,0,0
Lieutenant,PROPN,3,0,1
lieutenant,NOUN,3,0,0
knowledge,NOUN,3,0,0
shriek,VERB,3,0,0
volume,NOUN,3,0,0
bowel,NOUN,3,0,0
bill,NOUN,3,0,0
horseman,NOUN,3,0,0
player,NOUN,3,0,0
general,NOUN,3,0,0
march,PROPN,3,0,1
offensive,ADJ,3,0,0
that,ADV,3,1,0
conclude,VERB,3,0,0
verrall,NOUN,3,0,0
rock,NOUN,3,0,0
anger,VERB,3,0,0
swab,NOUN,3,0,0
slide,VERB,3,0,0
verrall,VERB,3,0,0
Belinda,PROPN,3,0,1
leaden,ADJ,3,0,0
indoor,NOUN,3,0,0
balsam,NOUN,3,0,0
throughout,ADP,3,1,0
dismount,VERB,3,0,0
Galay,PROPN,3,0,1
Inspector,PROPN,3,0,1
by,ADV,3,1,0
depressing,ADJ,3,0,0
co,VERB,3,0,0
Ranger,PROPN,3,0,1
burial,NOUN,3,0,0
rattle,VERB,3,0,0
fatigue,NOUN,3,0,0
design,VERB,3,0,0
raincoat,NOUN,3,0,0
stationmaster,NOUN,3,0,0
remove,VERB,3,0,0
suicide,NOUN,3,0,0
whine,VERB,3,0,0
durbar,NOUN,3,0,0
e,PROPN,2,0,1
desert,NOUN,2,0,0
Sub,PROPN,2,0,1
midday,NOUN,2,0,0
contrast,NOUN,2,0,0
porcelain,NOUN,2,0,0
idol,NOUN,2,0,0
shapely,ADV,2,0,0
tawny,ADJ,2,0,0
successful,ADJ,2,0,0
beef,NOUN,2,0,0
childish,ADJ,2,0,0
match,NOUN,2,0,0
seventeen,NUM,2,0,0
appointment,NOUN,2,0,0
labyrinth,NOUN,2,0,0
plain,ADJ,2,0,0
talent,NOUN,2,0,0
miserably,ADV,2,0,0
minor,ADJ,2,0,0
reward,NOUN,2,0,0
equal,NOUN,2,0,0
scheme,NOUN,2,0,0
gang,NOUN,2,0,0
superior,NOUN,2,0,0
supporter,NOUN,2,0,0
counter,NOUN,2,0,0
invulnerable,ADJ,2,0,0
judge,NOUN,2,0,0
absorb,VERB,2,0,0
carelessness,NOUN,2,0,0
practical,ADJ,2,0,0
lakh,NOUN,2,0,0
Buddhist,PROPN,2,0,1
male,NOUN,2,0,0
definite,ADJ,2,0,0
triangular,NOUN,2,0,0
beaded,ADJ,2,0,0
pock,NOUN,2,0,0
timid,ADJ,2,0,0
wage,NOUN,2,0,0
advance,VERB,2,0,0
Ali,PROPN,2,0,1
erect,ADJ,2,0,0
coffee,NOUN,2,0,0
hardworking,ADJ,2,0,0
perceptible,ADJ,2,0,0
vacant,ADJ,2,0,0
observe,VERB,2,0,0
blot,VERB,2,0,0
mourn,VERB,2,0,0
uplift,VERB,2,0,0
mighty,ADJ,2,0,0
western,ADJ,2,0,0
reader,NOUN,2,0,0
event,NOUN,2,0,0
cousin,NOUN,2,0,0
sighted,ADJ,2,0,0
mouthful,NOUN,2,0,0
verb,NOUN,2,0,0
Superintendent,PROPN,2,0,1
risk,NOUN,2,0,0
dismissal,NOUN,2,0,0
nationalism,NOUN,2,0,0
disloyal,ADJ,2,0,0
anti,ADJ,2,0,0
bribery,NOUN,2,0,0
object,VERB,2,0,0
wonder,NOUN,2,0,0
persist,VERB,2,0,0
accuse,NOUN,2,0,0
steam,VERB,2,0,0
other,PROPN,2,1,1
jointed,ADJ,2,0,0
ruler,NOUN,2,0,0
writing,NOUN,2,0,0
hunger,NOUN,2,0,0
slice,VERB,2,0,0
grunt,NOUN,2,0,0
brown,PROPN,2,0,1
stuff,VERB,2,0,0
passionate,ADJ,2,0,0
debauch,NOUN,2,0,0
ingaleik,NOUN,2,0,0
gorgeous,ADJ,2,0,0
yellow,NOUN,2,0,0
paso,PROPN,2,0,1
shin,VERB,2,0,0
flesh,NOUN,2,0,0
swollen,ADJ,2,0,0
fashioned,ADJ,2,0,0
spire,NOUN,2,0,0
atone,VERB,2,0,0
intriguing,ADJ,2,0,0
plan,VERB,2,0,0
fountain,NOUN,2,0,0
cooking,NOUN,2,0,0
strive,VERB,2,0,0
appeal,NOUN,2,0,0
reassuring,ADJ,2,0,0
satin,NOUN,2,0,0
discolour,VERB,2,0,0
haggard,ADJ,2,0,0
sunburn,NOUN,2,0,0
lank,ADJ,2,0,0
batter,VERB,2,0,0
cock,VERB,2,0,0
woebegone,ADJ,2,0,0
manoeuvre,VERB,2,0,0
roof,VERB,2,0,0
spiritual,ADJ,2,0,0
doubly,ADV,2,0,0
Middle,PROPN,2,0,1
Ages,PROPN,2,0,1
block,NOUN,2,0,0
population,NOUN,2,0,0
Baptist,PROPN,2,0,1
liverish,ADJ,2,0,0
sing,VERB,2,0,0
aloud,ADV,2,0,0
throb,VERB,2,0,0
newspaper,NOUN,2,0,0
overgrow,VERB,2,0,0
swath,NOUN,2,0,0
hollyhock,NOUN,2,0,0
slay,VERB,2,0,0
petunias,NOUN,2,0,0
shrubbery,NOUN,2,0,0
hibiscus,NOUN,2,0,0
bilious,ADJ,2,0,0
pale,PROPN,2,0,1
abnormally,ADV,2,0,0
bored,ADJ,2,0,0
pout,VERB,2,0,0
lad,NOUN,2,0,0
sideway,NOUN,2,0,0
mangy,ADJ,2,0,0
billiard,NOUN,2,0,0
chick,NOUN,2,0,0
sambhur,PROPN,2,0,1
florid,ADJ,2,0,0
sharp,ADV,2,0,0
naughty,ADJ,2,0,0
affectionately,ADV,2,0,0
martyr,NOUN,2,0,0
ooze,VERB,2,0,0
sot,NOUN,2,0,0
Cockney,PROPN,2,0,1
missus,NOUN,2,0,0
deliberately,ADV,2,0,0
post,VERB,2,0,0
literary,ADJ,2,0,0
shrug,VERB,2,0,0
re,VERB,2,1,0
pencil,VERB,2,0,0
out,NOUN,2,1,0
paw,VERB,2,0,0
garlic,ADJ,2,0,0
impressive,ADJ,2,0,0
loathing,NOUN,2,0,0
working,NOUN,2,0,0
perpetual,ADJ,2,0,0
Oriental,PROPN,2,0,1
firm,ADJ,2,0,0
feature,NOUN,2,0,0
Steady,PROPN,2,0,1
babu,PROPN,2,0,1
slobber,VERB,2,0,0
spew,VERB,2,0,0
calmly,ADV,2,0,0
damn,ADJ,2,0,0
kneed,NOUN,2,0,0
going,NOUN,2,0,0
smelly,ADV,2,0,0
fit,NOUN,2,0,0
routine,NOUN,2,0,0
illustration,NOUN,2,0,0
today,NOUN,2,0,0
Monday,PROPN,2,0,1
congregation,NOUN,2,0,0
teacher,NOUN,2,0,0
Woking,PROPN,2,0,1
rhyme,NOUN,2,0,0
reply,VERB,2,0,0
peculiar,ADJ,2,0,0
distinctly,ADV,2,0,0
rim,VERB,2,0,0
turtle,NOUN,2,0,0
schoolmaster,NOUN,2,0,0
wilful,ADJ,2,0,0
facetious,ADJ,2,0,0
proverbial,ADJ,2,0,0
figure,VERB,2,0,0
contourless,NOUN,2,0,0
elongate,VERB,2,0,0
sighing,ADJ,2,0,0
import,VERB,2,0,0
dripping,ADJ,2,0,0
shocking,ADJ,2,0,0
authority,NOUN,2,0,0
democratic,ADJ,2,0,0
agreement,NOUN,2,0,0
notoriously,ADV,2,0,0
sour,ADJ,2,0,0
display,NOUN,2,0,0
sentiment,NOUN,2,0,0
welcome,VERB,2,0,0
mongolian,ADJ,2,0,0
wantonly,ADV,2,0,0
stiffly,VERB,2,0,0
Aryans,PROPN,2,0,1
awe,VERB,2,0,0
blackball,VERB,2,0,0
awkward,ADJ,2,0,0
mature,ADJ,2,0,0
liquid,NOUN,2,0,0
dispute,NOUN,2,0,0
beg,VERB,2,0,0
yourself,NOUN,2,1,0
cave,VERB,2,0,0
Roman,PROPN,2,0,1
bloodshed,NOUN,2,0,0
Paget,PROPN,2,0,1
drivel,NOUN,2,0,0
our,NOUN,2,1,0
found,VERB,2,0,0
off,ADV,2,1,0
colore,NOUN,2,0,0
outrageous,ADJ,2,0,0
skin,VERB,2,0,0
street,NOUN,2,0,0
School,PROPN,2,0,1
coin,NOUN,2,0,0
contempt,NOUN,2,0,0
damp,ADJ,2,0,0
stew,VERB,2,0,0
petal,ADJ,2,0,0
left,NOUN,2,0,0
squad,NOUN,2,0,0
Gurkha,PROPN,2,0,1
bagpipe,NOUN,2,0,0
oil,VERB,2,0,0
squawk,NOUN,2,0,0
narrowly,ADV,2,0,0
Doctor,PROPN,2,0,1
effusively,ADV,2,0,0
cultured,ADJ,2,0,0
hiss,VERB,2,0,0
rummage,VERB,2,0,0
hung,PROPN,2,0,1
cave,NOUN,2,0,0
waterfall,NOUN,2,0,0
grave,ADJ,2,0,0
female,ADJ,2,0,0
beloved,ADJ,2,0,0
builder,NOUN,2,0,0
latin,ADJ,2,0,0
list,NOUN,2,0,0
forefinger,NOUN,2,0,0
spurious,ADJ,2,0,0
political,ADJ,2,0,0
cement,NOUN,2,0,0
worthy,ADJ,2,0,0
white,PROPN,2,0,1
humbug,NOUN,2,0,0
rob,VERB,2,0,0
sneak,NOUN,2,0,0
justify,VERB,2,0,0
beastliness,NOUN,2,0,0
weakness,NOUN,2,0,0
admiration,NOUN,2,0,0
positive,ADJ,2,0,0
superintend,VERB,2,0,0
shock,VERB,2,0,0
planter,NOUN,2,0,0
improve,VERB,2,0,0
civilize,VERB,2,0,0
elevate,VERB,2,0,0
pure,ADJ,2,0,0
magnificent,ADJ,2,0,0
Bosh,PROPN,2,0,1
industry,NOUN,2,0,0
muslin,NOUN,2,0,0
fishing,NOUN,2,0,0
cast,VERB,2,0,0
Pox,PROPN,2,0,1
culture,NOUN,2,0,0
billycock,NOUN,2,0,0
World,PROPN,2,0,1
avenge,VERB,2,0,0
inspire,VERB,2,0,0
advance,NOUN,2,0,0
least,ADV,2,1,0
date,NOUN,2,0,0
construct,VERB,2,0,0
plague,NOUN,2,0,0
cholera,NOUN,2,0,0
claim,VERB,2,0,0
was,VERB,2,0,0
counsel,VERB,2,0,0
honestly,ADV,2,0,0
sly,ADJ,2,0,0
below,ADP,2,1,0
dingy,ADJ,2,0,0
kerosene,PROPN,2,0,1
motion,NOUN,2,0,0
notorious,ADJ,2,0,0
target,NOUN,2,0,0
behold,VERB,2,0,0
double,VERB,2,0,0
caterpillar,NOUN,2,0,0
grateful,ADJ,2,0,0
servility,NOUN,2,0,0
Europe,PROPN,2,0,1
cursed,ADJ,2,0,0
brew,VERB,2,0,0
blacken,VERB,2,0,0
enmity,NOUN,2,0,0
damage,NOUN,2,0,0
cunning,NOUN,2,0,0
villainy,ADJ,2,0,0
reasonably,ADV,2,0,0
honest,ADJ,2,0,0
spread,VERB,2,0,0
appalling,ADJ,2,0,0
handkerchief,NOUN,2,0,0
troubled,ADJ,2,0,0
interfere,VERB,2,0,0
Precepts,PROPN,2,0,1
nod,NOUN,2,0,0
wink,NOUN,2,0,0
accomplish,VERB,2,0,0
calumny,NOUN,2,0,0
loosely,ADV,2,0,0
secure,VERB,2,0,0
slippery,NOUN,2,0,0
support,NOUN,2,0,0
likely,ADV,2,0,0
protest,NOUN,2,0,0
fancy,VERB,2,0,0
good,ADV,2,0,0
disappointed,ADJ,2,0,0
approximately,ADV,2,0,0
chiefly,ADV,2,0,0
plaster,NOUN,2,0,0
bookshelf,NOUN,2,0,0
motionless,NOUN,2,0,0
appropriate,ADJ,2,0,0
sleepy,ADJ,2,0,0
ember,NOUN,2,0,0
woodfire,NOUN,2,0,0
kettle,NOUN,2,0,0
Maung,PROPN,2,0,1
square,NOUN,2,0,0
tramp,VERB,2,0,0
machan,NOUN,2,0,0
quietly,ADV,2,0,0
disapproval,NOUN,2,0,0
jealous,ADJ,2,0,0
Tennis,PROPN,2,0,1
bun,NOUN,2,0,0
watery,ADJ,2,0,0
lacquered,ADJ,2,0,0
privilege,NOUN,2,0,0
blue,PROPN,2,0,1
embroider,VERB,2,0,0
starch,VERB,2,0,0
locket,NOUN,2,0,0
copper,NOUN,2,0,0
outlandish,ADJ,2,0,0
grotesquely,ADV,2,0,0
mingled,ADJ,2,0,0
cheekbone,NOUN,2,0,0
eyelid,NOUN,2,0,0
parent,NOUN,2,0,0
collarless,NOUN,2,0,0
shudder,VERB,2,0,0
passive,ADJ,2,0,0
bo,NOUN,2,0,0
drone,VERB,2,0,0
lechery,NOUN,2,0,0
magical,ADJ,2,0,0
successive,ADJ,2,0,0
avert,VERB,2,0,0
reproach,VERB,2,0,0
bosom,NOUN,2,0,0
slack,NOUN,2,0,0
moth,NOUN,2,0,0
shelf,NOUN,2,0,0
energy,NOUN,2,0,0
lukewarm,ADJ,2,0,0
plum,NOUN,2,0,0
thrush,NOUN,2,0,0
echo,NOUN,2,0,0
poisonous,ADJ,2,0,0
dribble,VERB,2,0,0
miry,NOUN,2,0,0
cable,NOUN,2,0,0
above,ADV,2,1,0
nibble,VERB,2,0,0
peepul,PROPN,2,0,1
berry,NOUN,2,0,0
dome,NOUN,2,0,0
match,VERB,2,0,0
tender,NOUN,2,0,0
beak,NOUN,2,0,0
recrosse,VERB,2,0,0
southward,ADV,2,0,0
detour,NOUN,2,0,0
fringe,NOUN,2,0,0
yelp,VERB,2,0,0
hare,NOUN,2,0,0
Bullock,PROPN,2,0,1
peacefully,ADV,2,0,0
tangled,ADJ,2,0,0
magnify,VERB,2,0,0
glow,VERB,2,0,0
saya,PROPN,2,0,1
de,PROPN,2,0,1
rein,NOUN,2,0,0
prod,VERB,2,0,0
driver,NOUN,2,0,0
grease,VERB,2,0,0
screaming,NOUN,2,0,0
wind,VERB,2,0,0
well,NOUN,2,1,0
arrow,NOUN,2,0,0
hitch,VERB,2,0,0
laughing,NOUN,2,0,0
cultivate,VERB,2,0,0
across,ADV,2,1,0
roughly,ADV,2,0,0
shikoing,NOUN,2,0,0
relighte,VERB,2,0,0
thugyi,NOUN,2,0,0
min,NOUN,2,0,0
earthenware,NOUN,2,0,0
sober,ADJ,2,0,0
announce,VERB,2,0,0
comb,NOUN,2,0,0
Mug,PROPN,2,0,1
bay,VERB,2,0,0
chorus,NOUN,2,0,0
bay,NOUN,2,0,0
yelp,NOUN,2,0,0
flinch,VERB,2,0,0
gravestone,NOUN,2,0,0
whitish,ADJ,2,0,0
tomb,NOUN,2,0,0
accustomed,ADJ,2,0,0
boozing,NOUN,2,0,0
dishonour,VERB,2,0,0
handwriting,NOUN,2,0,0
undersigned,ADJ,2,0,0
publicly,ADV,2,0,0
palpable,ADJ,2,0,0
monkey,NOUN,2,0,0
bum,NOUN,2,0,0
Special,PROPN,2,0,1
Togo,PROPN,2,0,1
bum,PROPN,2,0,1
formative,ADJ,2,0,0
virtue,NOUN,2,0,0
insane,ADJ,2,0,0
whore,NOUN,2,0,0
teak,NOUN,2,0,0
corrupting,ADJ,2,0,0
acclimatize,VERB,2,0,0
rhythm,NOUN,2,0,0
tropical,ADJ,2,0,0
monsoon,NOUN,2,0,0
westward,ADV,2,0,0
stuffy,ADJ,2,0,0
plough,VERB,2,0,0
fork,NOUN,2,0,0
July,PROPN,2,0,1
Asia,PROPN,2,0,1
ripen,VERB,2,0,0
kite,NOUN,2,0,0
countless,ADJ,2,0,0
yellow,VERB,2,0,0
lane,NOUN,2,0,0
military,ADJ,2,0,0
civilian,NOUN,2,0,0
theory,NOUN,2,0,0
covert,ADJ,2,0,0
exchange,VERB,2,0,0
boredom,NOUN,2,0,0
blowsy,NOUN,2,0,0
boyish,ADJ,2,0,0
celebrate,VERB,2,0,0
foot,VERB,2,0,0
sore,NOUN,2,0,0
pit,NOUN,2,0,0
hatred,NOUN,2,0,0
tragedy,NOUN,2,0,0
benevolent,ADJ,2,0,0
final,ADJ,2,0,0
incapable,ADJ,2,0,0
apple,NOUN,2,0,0
backside,NOUN,2,0,0
idealize,VERB,2,0,0
prevalent,ADJ,2,0,0
unthinkable,ADJ,2,0,0
permit,VERB,2,0,0
code,NOUN,2,0,0
bully,VERB,2,0,0
monk,NOUN,2,0,0
system,NOUN,2,0,0
Time,PROPN,2,0,1
liable,ADJ,2,0,0
console,VERB,2,0,0
Colombo,PROPN,2,0,1
en,ADP,2,0,0
bloc,NOUN,2,0,0
luggage,NOUN,2,0,0
crowd,VERB,2,0,0
sweetmeat,NOUN,2,0,0
kind,ADJ,2,0,0
sickle,NOUN,2,0,0
change,NOUN,2,0,0
cartwheel,NOUN,2,0,0
sister,NOUN,2,0,0
boarding,NOUN,2,0,0
cocktail,NOUN,2,0,0
howl,VERB,2,0,0
Gilbert,PROPN,2,0,1
vulgar,ADJ,2,0,0
jingle,NOUN,2,0,0
loafer,NOUN,2,0,0
futility,NOUN,2,0,0
fright,PROPN,2,0,1
purple,NOUN,2,0,0
crow,NOUN,2,0,0
morosely,ADV,2,0,0
tip,NOUN,2,0,0
ink,NOUN,2,0,0
stain,VERB,2,0,0
interrogate,VERB,2,0,0
timorous,ADJ,2,0,0
kilte,VERB,2,0,0
bite,NOUN,2,0,0
roar,VERB,2,0,0
offender,NOUN,2,0,0
bellow,VERB,2,0,0
clink,NOUN,2,0,0
cringe,VERB,2,0,0
lock,NOUN,2,0,0
bar,NOUN,2,0,0
third,NOUN,2,1,0
per,ADP,2,1,0
profit,NOUN,2,0,0
tender,ADJ,2,0,0
brown,NOUN,2,0,0
hack,VERB,2,0,0
nervous,ADJ,2,0,0
stringy,ADJ,2,0,0
incessantly,ADV,2,0,0
walking,NOUN,2,0,0
spare,VERB,2,0,0
o,NOUN,2,0,0
ye,X,2,0,0
moreover,ADV,2,1,0
overnight,ADV,2,0,0
conceal,VERB,2,0,0
heartily,ADV,2,0,0
photograph,NOUN,2,0,0
splash,NOUN,2,0,0
grimy,ADJ,2,0,0
envelope,NOUN,2,0,0
drug,NOUN,2,0,0
force,NOUN,2,0,0
eschew,VERB,2,0,0
prosperity,NOUN,2,0,0
Friend,PROPN,2,0,1
writer,NOUN,2,0,0
resemble,VERB,2,0,0
hesitate,VERB,2,0,0
obvious,ADJ,2,0,0
fury,NOUN,2,0,0
yap,VERB,2,0,0
bleed,VERB,2,0,0
chalk,NOUN,2,0,0
cower,VERB,2,0,0
slime,NOUN,2,0,0
agonized,ADJ,2,0,0
astonished,ADJ,2,0,0
extricate,VERB,2,0,0
bison,NOUN,2,0,0
mottled,ADJ,2,0,0
sidelong,ADJ,2,0,0
introduction,NOUN,2,0,0
rude,ADJ,2,0,0
land,NOUN,2,0,0
Englishwomen,PROPN,2,0,1
wound,NOUN,2,0,0
consent,NOUN,2,0,0
primrose,NOUN,2,0,0
honey,NOUN,2,0,0
gardening,NOUN,2,0,0
eye,VERB,2,0,0
crimson,NOUN,2,0,0
impulse,NOUN,2,0,0
skip,VERB,2,0,0
Edgar,PROPN,2,0,1
Wallace,PROPN,2,0,1
mine,PRON,2,1,0
credit,NOUN,2,0,0
moustachioed,ADJ,2,0,0
statue,NOUN,2,0,0
uncomfortably,ADV,2,0,0
rearrange,VERB,2,0,0
total,ADJ,2,0,0
metallic,ADJ,2,0,0
curve,NOUN,2,0,0
disregarded,ADJ,2,0,0
casually,ADV,2,0,0
funny,ADJ,2,0,0
gait,NOUN,2,0,0
thirst,NOUN,2,0,0
Michael,PROPN,2,0,1
Arlen,PROPN,2,0,1
author,NOUN,2,0,0
broker,NOUN,2,0,0
shirk,VERB,2,0,0
strength,NOUN,2,0,0
mess,VERB,2,0,0
quantity,NOUN,2,0,0
thereafter,ADV,2,1,0
sum,VERB,2,0,0
aristocratic,ADJ,2,0,0
classifiable,ADJ,2,0,0
succession,NOUN,2,0,0
fee,NOUN,2,0,0
management,NOUN,2,0,0
Art,PROPN,2,0,1
plane,NOUN,2,0,0
covering,NOUN,2,0,0
expense,NOUN,2,0,0
poulterer,NOUN,2,0,0
lovingly,ADV,2,0,0
boarder,NOUN,2,0,0
sparrow,NOUN,2,0,0
crust,NOUN,2,0,0
rickety,NOUN,2,0,0
ostrich,NOUN,2,0,0
egg,NOUN,2,0,0
fourth,ADJ,2,0,0
battle,NOUN,2,0,0
deprive,VERB,2,0,0
pan,NOUN,2,0,0
depress,VERB,2,0,0
generation,NOUN,2,0,0
paint,NOUN,2,0,0
turpentine,NOUN,2,0,0
wrap,VERB,2,0,0
scrub,VERB,2,0,0
revolting,NOUN,2,0,0
Park,PROPN,2,0,1
summer,NOUN,2,0,0
schoolfellow,NOUN,2,0,0
doom,VERB,2,0,0
Highbrow,PROPN,2,0,1
socialism,NOUN,2,0,0
willing,ADJ,2,0,0
penniless,NOUN,2,0,0
spinsterhood,NOUN,2,0,0
lifetime,NOUN,2,0,0
delight,NOUN,2,0,0
Canal,PROPN,2,0,1
hull,NOUN,2,0,0
deck,NOUN,2,0,0
graceless,ADJ,2,0,0
passenger,NOUN,2,0,0
jaldi,ADV,2,0,0
agreeable,ADJ,2,0,0
maidan,NOUN,2,0,0
whack,VERB,2,0,0
fleet,NOUN,2,0,0
gangway,NOUN,2,0,0
missie,NOUN,2,0,0
North,PROPN,2,0,1
parch,VERB,2,0,0
plain,NOUN,2,0,0
torchlight,NOUN,2,0,0
saurian,ADJ,2,0,0
Eton,PROPN,2,0,1
South,PROPN,2,0,1
disgraceful,ADJ,2,0,0
terribly,ADV,2,0,0
contrive,VERB,2,0,0
eyeball,NOUN,2,0,0
launder,VERB,2,0,0
shave,NOUN,2,0,0
Palm,PROPN,2,0,1
Beach,PROPN,2,0,1
burst,NOUN,2,0,0
star,NOUN,2,0,0
thread,NOUN,2,0,0
dung,NOUN,2,0,0
pandemonium,NOUN,2,0,0
castanet,NOUN,2,0,0
hoarse,ADJ,2,0,0
hum,VERB,2,0,0
squalling,NOUN,2,0,0
roadway,NOUN,2,0,0
muslin,ADJ,2,0,0
fast,ADJ,2,0,0
Chinese,PROPN,2,0,1
peanut,NOUN,2,0,0
Myaype,PROPN,2,0,1
traffic,NOUN,2,0,0
regulation,NOUN,2,0,0
stare,VERB,2,0,0
fun,ADJ,2,0,0
doubtful,ADJ,2,0,0
presumably,ADV,2,0,0
chattering,NOUN,2,0,0
reek,NOUN,2,0,0
nasally,ADV,2,0,0
unexpected,ADJ,2,0,0
instruction,NOUN,2,0,0
slim,ADJ,2,0,0
longyi,PROPN,2,0,1
pannier,NOUN,2,0,0
petal,NOUN,2,0,0
thump,VERB,2,0,0
twisting,NOUN,2,0,0
precisely,ADV,2,0,0
incredibly,ADV,2,0,0
curtsy,NOUN,2,0,0
climax,NOUN,2,0,0
raucous,ADJ,2,0,0
mixture,NOUN,2,0,0
comment,VERB,2,0,0
marionette,NOUN,2,0,0
diabolical,ADJ,2,0,0
define,VERB,2,0,0
robe,NOUN,2,0,0
incautiously,ADV,2,0,0
chill,NOUN,2,0,0
unwise,ADJ,2,0,0
lurid,ADJ,2,0,0
syllable,NOUN,2,0,0
unison,PROPN,2,0,1
protrude,VERB,2,0,0
astonishing,ADJ,2,0,0
feat,NOUN,2,0,0
Bravo,PROPN,2,0,1
restore,VERB,2,0,0
clown,NOUN,2,0,0
cracker,NOUN,2,0,0
impress,VERB,2,0,0
manly,ADJ,2,0,0
pluck,VERB,2,0,0
queer,VERB,2,0,0
quite,ADJ,2,1,0
kid,NOUN,2,0,0
claw,NOUN,2,0,0
removal,NOUN,2,0,0
swing,NOUN,2,0,0
trial,NOUN,2,0,0
arrest,NOUN,2,0,0
circumstance,NOUN,2,0,0
project,VERB,2,0,0
prophesy,VERB,2,0,0
distribute,VERB,2,0,0
shortly,ADV,2,0,0
properly,ADV,2,0,0
ringleader,NOUN,2,0,0
kid,ADJ,2,0,0
plaster,VERB,2,0,0
sol,NOUN,2,0,0
plug,VERB,2,0,0
jolly,ADV,2,0,0
tax,NOUN,2,0,0
melt,VERB,2,0,0
sufficient,ADJ,2,0,0
grocer,NOUN,2,0,0
cheque,NOUN,2,0,0
uproar,NOUN,2,0,0
despair,NOUN,2,0,0
pedal,NOUN,2,0,0
respectability,NOUN,2,0,0
despondently,ADV,2,0,0
omen,NOUN,2,0,0
Wimpole,PROPN,2,0,1
price,NOUN,2,0,0
seeking,NOUN,2,0,0
limp,ADJ,2,0,0
triviality,NOUN,2,0,0
scrap,VERB,2,0,0
smart,VERB,2,0,0
nearer,ADJ,2,0,0
brink,NOUN,2,0,0
irritate,VERB,2,0,0
disagreement,NOUN,2,0,0
disquiet,VERB,2,0,0
induce,VERB,2,0,0
repel,VERB,2,0,0
meagre,NOUN,2,0,0
cigar,ADJ,2,0,0
sale,NOUN,2,0,0
evident,ADJ,2,0,0
overdue,ADJ,2,0,0
reluctantly,ADV,2,0,0
subscription,NOUN,2,0,0
Poor,PROPN,2,0,1
sunstroke,NOUN,2,0,0
both,CCONJ,2,1,0
revert,VERB,2,0,0
hostile,ADJ,2,0,0
modish,ADJ,2,0,0
expressive,ADJ,2,0,0
surface,NOUN,2,0,0
fret,VERB,2,0,0
remarkable,ADJ,2,0,0
wad,VERB,2,0,0
abreast,NOUN,2,0,0
pet,NOUN,2,0,0
handcart,NOUN,2,0,0
guard,NOUN,2,0,0
negligently,ADV,2,0,0
amuse,VERB,2,0,0
enclosure,NOUN,2,0,0
mob,NOUN,2,0,0
seethe,VERB,2,0,0
jostle,VERB,2,0,0
cascade,NOUN,2,0,0
thousand,NOUN,2,0,0
jar,NOUN,2,0,0
streak,NOUN,2,0,0
vegetable,NOUN,2,0,0
swarm,NOUN,2,0,0
merchandise,NOUN,2,0,0
open,ADV,2,0,0
rhinoceros,NOUN,2,0,0
property,NOUN,2,0,0
german,ADJ,2,0,0
comfort,VERB,2,0,0
restrain,VERB,2,0,0
grubby,ADJ,2,0,0
blackmail,VERB,2,0,0
outer,ADJ,2,0,0
hobble,VERB,2,0,0
pigtail,NOUN,2,0,0
portrait,NOUN,2,0,0
incense,NOUN,2,0,0
straw,NOUN,2,0,0
chop,VERB,2,0,0
highly,ADV,2,0,0
giggle,VERB,2,0,0
Chinaman,PROPN,2,0,1
waistcoat,NOUN,2,0,0
elegance,NOUN,2,0,0
wail,NOUN,2,0,0
hastily,ADV,2,0,0
flurry,NOUN,2,0,0
blame,NOUN,2,0,0
exclamation,NOUN,2,0,0
definitely,ADV,2,0,0
constant,ADJ,2,0,0
deliberate,ADJ,2,0,0
inexhaustible,ADJ,2,0,0
lend,VERB,2,0,0
rape,NOUN,2,0,0
immediate,ADJ,2,0,0
confidential,ADJ,2,0,0
perform,VERB,2,0,0
sympathetic,ADJ,2,0,0
certificate,NOUN,2,0,0
betray,VERB,2,0,0
connivance,NOUN,2,0,0
aback,ADV,2,0,0
rape,VERB,2,0,0
regard,NOUN,2,0,0
tap,NOUN,2,0,0
circus,NOUN,2,0,0
conjurer,NOUN,2,0,0
cost,VERB,2,0,0
stride,NOUN,2,0,0
astonish,VERB,2,0,0
heaven,NOUN,2,0,0
Latin,PROPN,2,0,1
pounce,VERB,2,0,0
quell,VERB,2,0,0
conduct,NOUN,2,0,0
translate,VERB,2,0,0
scripture,NOUN,2,0,0
disapprovingly,ADV,2,0,0
desire,NOUN,2,0,0
style,NOUN,2,0,0
awed,ADJ,2,0,0
temple,NOUN,2,0,0
fro,VERB,2,0,0
heel,VERB,2,0,0
supply,NOUN,2,0,0
Surgeons,PROPN,2,0,1
Queen,PROPN,2,0,1
Victoria,PROPN,2,0,1
haste,NOUN,2,0,0
garlic,PROPN,2,0,1
Compounder,PROPN,2,0,1
brief,ADJ,2,0,0
medicine,NOUN,2,0,0
apology,NOUN,2,0,0
contrary,NOUN,2,0,0
allowance,NOUN,2,0,0
obscene,VERB,2,0,0
shade,VERB,2,0,0
calumniate,VERB,2,0,0
evidence,NOUN,2,0,0
candidate,NOUN,2,0,0
emotion,NOUN,2,0,0
rash,ADJ,2,0,0
gravely,ADV,2,0,0
promise,NOUN,2,0,0
heroic,ADJ,2,0,0
decently,ADV,2,0,0
anew,ADV,2,0,0
significant,ADJ,2,0,0
extraordinarily,ADV,2,0,0
jewel,NOUN,2,0,0
pucker,VERB,2,0,0
utter,ADJ,2,0,0
anxiously,ADV,2,0,0
whimper,VERB,2,0,0
pitiful,ADJ,2,0,0
compunction,NOUN,2,0,0
embroidery,NOUN,2,0,0
channel,NOUN,2,0,0
filter,VERB,2,0,0
parrot,NOUN,2,0,0
overhead,ADV,2,0,0
paddle,VERB,2,0,0
reflection,NOUN,2,0,0
feel,NOUN,2,0,0
skinny,ADJ,2,0,0
crouch,VERB,2,0,0
corrugated,ADJ,2,0,0
intolerable,ADJ,2,0,0
double,ADJ,2,0,0
throne,NOUN,2,0,0
bunch,NOUN,2,0,0
bind,VERB,2,0,0
scrap,NOUN,2,0,0
thrill,VERB,2,0,0
puttee,NOUN,2,0,0
sunburned,ADJ,2,0,0
rut,VERB,2,0,0
loin,NOUN,2,0,0
pattern,NOUN,2,0,0
intricate,ADJ,2,0,0
stubble,NOUN,2,0,0
acre,NOUN,2,0,0
boundary,NOUN,2,0,0
save,NOUN,2,0,0
far,ADJ,2,0,0
load,VERB,2,0,0
tug,VERB,2,0,0
level,VERB,2,0,0
breech,NOUN,2,0,0
muzzle,NOUN,2,0,0
corps,NOUN,2,0,0
serpent,NOUN,2,0,0
slippery,ADJ,2,0,0
lowing,NOUN,2,0,0
fondle,VERB,2,0,0
gloom,NOUN,2,0,0
jungle,ADJ,2,0,0
try,NOUN,2,0,0
arching,NOUN,2,0,0
laurel,NOUN,2,0,0
hen,NOUN,2,0,0
space,NOUN,2,0,0
automatically,ADV,2,0,0
shower,VERB,2,0,0
willingly,ADV,2,0,0
run,NOUN,2,0,0
beckon,VERB,2,0,0
bark,NOUN,2,0,0
bite,VERB,2,0,0
agonizing,ADJ,2,0,0
whistle,NOUN,2,0,0
whisper,NOUN,2,0,0
forepaw,NOUN,2,0,0
blast,VERB,2,0,0
snarling,NOUN,2,0,0
sob,VERB,2,0,0
agitation,NOUN,2,0,0
along,ADV,2,1,0
curl,VERB,2,0,0
quiver,VERB,2,0,0
squeeze,VERB,2,0,0
stubble,ADJ,2,0,0
rear,NOUN,2,0,0
gild,VERB,2,0,0
exhaustion,NOUN,2,0,0
eating,NOUN,2,0,0
hearing,NOUN,2,0,0
penniless,ADJ,2,0,0
surer,NOUN,2,0,0
unnerve,VERB,2,0,0
croton,PROPN,2,0,1
indifferent,ADJ,2,0,0
graze,VERB,2,0,0
indicate,VERB,2,0,0
smooth,VERB,2,0,0
bent,VERB,2,0,0
kiss,NOUN,2,0,0
interminably,ADV,2,0,0
bless,VERB,2,0,0
trouble,VERB,2,0,0
solitude,NOUN,2,0,0
planet,NOUN,2,0,0
murmur,VERB,2,0,0
indistinctly,ADV,2,0,0
just,ADJ,2,1,0
jerk,VERB,2,0,0
right,VERB,2,0,0
totter,VERB,2,0,0
tremor,NOUN,2,0,0
shore,NOUN,2,0,0
twitter,VERB,2,0,0
nip,NOUN,2,0,0
enthusiastically,ADV,2,0,0
heap,NOUN,2,0,0
accord,NOUN,2,0,0
instinct,NOUN,2,0,0
Sikhs,PROPN,2,0,1
wheel,VERB,2,0,0
brutal,ADJ,2,0,0
exact,ADJ,2,0,0
inquire,VERB,2,0,0
Excise,PROPN,2,0,1
Verral,PROPN,2,0,1
pegging,NOUN,2,0,0
bay,PROPN,2,0,1
gruffly,NOUN,2,0,0
matchless,NOUN,2,0,0
specially,ADV,2,0,0
wrench,VERB,2,0,0
vision,NOUN,2,0,0
Sikh,PROPN,2,0,1
chestnut,ADJ,2,0,0
career,VERB,2,0,0
girth,NOUN,2,0,0
hence,ADV,2,1,0
birth,NOUN,2,0,0
deserve,VERB,2,0,0
ointment,NOUN,2,0,0
seek,VERB,2,0,0
text,NOUN,2,0,0
Esprit,PROPN,2,0,1
anxiety,NOUN,2,0,0
sicken,VERB,2,0,0
footstep,NOUN,2,0,0
outside,NOUN,2,0,0
accost,VERB,2,0,0
oblique,ADJ,2,0,0
unutterably,ADV,2,0,0
wit,NOUN,2,0,0
mirror,VERB,2,0,0
coolness,NOUN,2,0,0
swore,NOUN,2,0,0
encounter,VERB,2,0,0
Lenin,PROPN,2,0,1
tapeworm,NOUN,2,0,0
raid,NOUN,2,0,0
exchange,NOUN,2,0,0
poodle,NOUN,2,0,0
alike,ADV,2,0,0
forsake,VERB,2,0,0
report,VERB,2,0,0
trail,NOUN,2,0,0
pyjama,NOUN,2,0,0
physical,ADJ,2,0,0
physically,ADV,2,0,0
fake,VERB,2,0,0
hateful,ADJ,2,0,0
boldly,ADV,2,0,0
bee,NOUN,2,0,0
arab,ADJ,2,0,0
fiercely,ADV,2,0,0
archly,ADV,2,0,0
disappoint,VERB,2,0,0
waylay,VERB,2,0,0
insolent,ADJ,2,0,0
plaintively,ADV,2,0,0
wan,VERB,2,0,0
concrete,NOUN,2,0,0
streaming,ADJ,2,0,0
near,VERB,2,0,0
dream,NOUN,2,0,0
accompany,VERB,2,0,0
spoil,VERB,2,0,0
penetrate,VERB,2,0,0
climate,NOUN,2,0,0
interested,ADJ,2,0,0
riding,NOUN,2,0,0
muttering,NOUN,2,0,0
flit,VERB,2,0,0
her,NOUN,2,1,0
racing,NOUN,2,0,0
pigsticking,NOUN,2,0,0
squadron,NOUN,2,0,0
lance,NOUN,2,0,0
syce,NOUN,2,0,0
actual,ADJ,2,0,0
knuckle,NOUN,2,0,0
collapse,VERB,2,0,0
breakfast,VERB,2,0,0
unroll,VERB,2,0,0
convert,VERB,2,0,0
rid,ADJ,2,0,0
brightness,NOUN,2,0,0
seriousness,NOUN,2,0,0
vulgarly,ADV,2,0,0
wallah,ADJ,2,0,0
unconsciously,ADV,2,0,0
hallucination,NOUN,2,0,0
undo,VERB,2,0,0
regret,VERB,2,0,0
assemble,VERB,2,0,0
Rifle,PROPN,2,0,1
lecture,VERB,2,0,0
unknown,ADJ,2,0,0
witness,VERB,2,0,0
reckless,ADJ,2,0,0
damage,VERB,2,0,0
nail,NOUN,2,0,0
unguarde,VERB,2,0,0
dishonouring,NOUN,2,0,0
jealousy,NOUN,2,0,0
longing,NOUN,2,0,0
envy,VERB,2,0,0
version,NOUN,2,0,0
threaten,VERB,2,0,0
virtually,ADV,2,0,0
stagger,VERB,2,0,0
ring,VERB,2,0,0
shower,NOUN,2,0,0
labour,NOUN,2,0,0
agenda,NOUN,2,0,0
desperate,ADJ,2,0,0
rower,NOUN,2,0,0
oar,NOUN,2,0,0
rubber,NOUN,2,0,0
surprised,ADJ,2,0,0
is,ADV,2,1,0
mistaken,ADJ,2,0,0
opt,VERB,2,0,0
unanimous,ADJ,2,0,0
otherwise,ADV,2,1,0
swine,VERB,2,0,0
ballot,NOUN,2,0,0
swathe,VERB,2,0,0
passage,NOUN,2,0,0
reverent,ADJ,2,0,0
b,PROPN,2,0,1
retreat,VERB,2,0,0
bleat,VERB,2,0,0
unforgivable,ADJ,2,0,0
background,NOUN,2,0,0
sixteen,NUM,2,0,0
Spagnall,PROPN,2,0,1
delirium,NOUN,2,0,0
tremen,NOUN,2,0,0
graf,NOUN,2,0,0
hearted,ADJ,2,0,0
stomach,NOUN,2,0,0
slangy,ADJ,2,0,0
whip,NOUN,2,0,0
mournful,ADJ,2,0,0
shift,VERB,2,0,0
slaughter,VERB,2,0,0
schoolboy,NOUN,2,0,0
insolently,ADV,2,0,0
land,VERB,2,0,0
cackle,VERB,2,0,0
pelt,VERB,2,0,0
fortunately,ADV,2,0,0
grin,NOUN,2,0,0
min,X,2,0,0
Ellit,PROPN,2,0,1
punish,VERB,2,0,0
distractedly,ADV,2,0,0
clung,PROPN,2,0,1
despairingly,ADV,2,0,0
froth,NOUN,2,0,0
panic,NOUN,2,0,0
engulf,VERB,2,0,0
ludicrous,ADJ,2,0,0
trample,VERB,2,0,0
limply,ADV,2,0,0
miraculously,ADV,2,0,0
noisily,ADV,2,0,0
boom,VERB,2,0,0
obscene,NOUN,2,0,0
unawares,ADV,2,0,0
foresee,VERB,2,0,0
shame,VERB,2,0,0
Napoleon,PROPN,2,0,1
unwilling,ADJ,2,0,0
genius,NOUN,2,0,0
deafen,VERB,2,0,0
bloke,VERB,2,0,0
ole,NOUN,2,0,0
irregularity,NOUN,2,0,0
pince,NOUN,2,0,0
nez,PROPN,2,0,1
has,VERB,2,1,0
gladly,ADV,2,0,0
amen,INTJ,2,0,0
hymn,NOUN,2,0,0
ghastly,ADJ,2,0,0
rigid,ADJ,2,0,0
surprisingly,ADV,2,0,0
Shin,PROPN,2,0,1
tombstone,NOUN,2,0,0
duly,ADV,2,0,0
shok,NOUN,2,0,0
Macdougall,PROPN,2,0,1
decoration,NOUN,2,0,0
hall,NOUN,2,0,0
gallery,NOUN,2,0,0
Maymyo,PROPN,2,0,1
George,PROPN,1,0,1
Orwell,PROPN,1,0,1
ebook,NOUN,1,0,0
pub,NOUN,1,0,0
e,X,1,0,0
inaccessible,ADJ,1,0,0
Magistrate,PROPN,1,0,1
closeness,NOUN,1,0,0
newly,ADV,1,0,0
ultramarine,NOUN,1,0,0
zenith,NOUN,1,0,0
quiver,NOUN,1,0,0
Unblinking,PROPN,1,0,1
grossness,NOUN,1,0,0
bulge,PROPN,1,0,1
symmetrically,ADV,1,0,0
unwrinkled,ADJ,1,0,0
squat,NOUN,1,0,0
arch,VERB,1,0,0
arakanese,ADJ,1,0,0
longyis,ADJ,1,0,0
check,NOUN,1,0,0
informal,ADJ,1,0,0
lacquer,VERB,1,0,0
brilliantly,ADV,1,0,0
eighty,NOUN,1,0,0
victorious,ADJ,1,0,0
coated,ADJ,1,0,0
tramp,NOUN,1,0,0
parasite,NOUN,1,0,0
friendless,ADJ,1,0,0
stinking,NOUN,1,0,0
clerk,VERB,1,0,0
blackmail,NOUN,1,0,0
lucrative,ADJ,1,0,0
salary,NOUN,1,0,0
misappropriate,VERB,1,0,0
honorific,ADJ,1,0,0
denounce,VERB,1,0,0
confederate,NOUN,1,0,0
honesty,NOUN,1,0,0
steadily,ADV,1,0,0
vastest,NOUN,1,0,0
judgment,NOUN,1,0,0
strictly,ADV,1,0,0
impartiality,NOUN,1,0,0
revenue,NOUN,1,0,0
litigant,NOUN,1,0,0
levy,VERB,1,0,0
toll,NOUN,1,0,0
taxation,NOUN,1,0,0
jurisdiction,NOUN,1,0,0
tribute,NOUN,1,0,0
punitive,ADJ,1,0,0
amount,NOUN,1,1,0
proceed,NOUN,1,0,0
robbery,NOUN,1,0,0
loot,NOUN,1,0,0
numerous,ADJ,1,0,0
discredit,VERB,1,0,0
suborn,VERB,1,0,0
certainty,NOUN,1,0,0
buddhist,ADJ,1,0,0
incarnation,NOUN,1,0,0
closing,NOUN,1,0,0
outweigh,VERB,1,0,0
stonework,NOUN,1,0,0
gilt,NOUN,1,0,0
tinkle,VERB,1,0,0
tinkle,NOUN,1,0,0
rank,VERB,1,0,0
dignified,ADJ,1,0,0
barbaric,ADJ,1,0,0
meditation,NOUN,1,0,0
smallish,ADJ,1,0,0
wheezily,ADV,1,0,0
under,ADV,1,1,0
convict,VERB,1,0,0
enumerate,VERB,1,0,0
Thitpingyi,PROPN,1,0,1
assault,NOUN,1,0,0
Shah,PROPN,1,0,1
narrow,ADV,1,0,0
blancmange,NOUN,1,0,0
tool,NOUN,1,0,0
unimaginative,ADJ,1,0,0
excellent,ADJ,1,0,0
ee,NOUN,1,0,0
excellently,ADV,1,0,0
bilingual,ADJ,1,0,0
villainously,ADV,1,0,0
print,VERB,1,0,0
compose,VERB,1,0,0
Gazette,PROPN,1,0,1
nationalist,ADJ,1,0,0
heroic,NOUN,1,0,0
smallness,NOUN,1,0,0
circulation,NOUN,1,0,0
manifold,ADJ,1,0,0
blessing,NOUN,1,0,0
cinematograph,NOUN,1,0,0
syphili,NOUN,1,0,0
inspiring,ADJ,1,0,0
benefactor,NOUN,1,0,0
Fine,PROPN,1,0,1
Gentleman,PROPN,1,0,1
Shwemyo,PROPN,1,0,1
progeny,NOUN,1,0,0
oversight,NOUN,1,0,0
infant,NOUN,1,0,0
unprovided,ADJ,1,0,0
starvation,NOUN,1,0,0
wretche,VERB,1,0,0
through,ADV,1,1,0
meditatively,ADV,1,0,0
creditor,NOUN,1,0,0
apprentice,NOUN,1,0,0
Schools,PROPN,1,0,1
puffing,NOUN,1,0,0
labour,VERB,1,0,0
porter,NOUN,1,0,0
taik,NOUN,1,0,0
mean,NOUN,1,0,0
quarter,VERB,1,0,0
friction,NOUN,1,0,0
jargon,NOUN,1,0,0
patchwork,NOUN,1,0,0
abstract,ADJ,1,0,0
concert,VERB,1,0,0
slander,VERB,1,0,0
destroy,VERB,1,0,0
villain,NOUN,1,0,0
extent,NOUN,1,0,0
mutiny,NOUN,1,0,0
propaganda,NOUN,1,0,0
comfortably,ADV,1,0,0
accusing,NOUN,1,0,0
arouse,VERB,1,0,0
flatulence,NOUN,1,0,0
confidentially,ADV,1,0,0
thus,ADV,1,1,0
merry,ADJ,1,0,0
childlike,ADJ,1,0,0
interview,NOUN,1,0,0
angular,ADJ,1,0,0
dysentery,NOUN,1,0,0
unrewarded,ADJ,1,0,0
punctually,ADV,1,0,0
urgently,ADV,1,0,0
kindly,ADJ,1,0,0
simian,ADJ,1,0,0
orgy,NOUN,1,0,0
belch,VERB,1,0,0
walled,ADJ,1,0,0
recognizable,ADJ,1,0,0
veneered,ADJ,1,0,0
sideboard,NOUN,1,0,0
lithograph,NOUN,1,0,0
Royal,PROPN,1,0,1
Family,PROPN,1,0,1
extinguisher,NOUN,1,0,0
stitch,VERB,1,0,0
glimpse,NOUN,1,0,0
back,ADJ,1,1,0
starched,ADJ,1,0,0
pink,NOUN,1,0,0
brocade,VERB,1,0,0
fatness,NOUN,1,0,0
accumulate,VERB,1,0,0
crown,VERB,1,0,0
confidante,NOUN,1,0,0
plenty,NOUN,1,0,0
obstinate,NOUN,1,0,0
scheming,NOUN,1,0,0
harm,VERB,1,0,0
powerful,ADJ,1,0,0
drank,VERB,1,0,0
inconvenience,NOUN,1,0,0
deposit,NOUN,1,0,0
everlastingly,ADV,1,0,0
praline,NOUN,1,0,0
height,NOUN,1,0,0
thong,PROPN,1,0,1
cocker,NOUN,1,0,0
spaniel,NOUN,1,0,0
secondary,ADJ,1,0,0
battered,ADJ,1,0,0
hideousness,NOUN,1,0,0
sidelongness,NOUN,1,0,0
quake,VERB,1,0,0
shiver,VERB,1,0,0
dumpy,ADJ,1,0,0
storey,NOUN,1,0,0
citadel,NOUN,1,0,0
millionaire,NOUN,1,0,0
pine,NOUN,1,0,0
vain,ADJ,1,0,0
boast,NOUN,1,0,0
ochreous,ADJ,1,0,0
glittering,NOUN,1,0,0
range,NOUN,1,0,0
blackish,ADJ,1,0,0
grove,NOUN,1,0,0
tip,VERB,1,0,0
typical,ADJ,1,0,0
Marco,PROPN,1,0,1
Polo,PROPN,1,0,1
convenient,ADJ,1,0,0
terminus,NOUN,1,0,0
Progress,PROPN,1,0,1
interpretable,ADJ,1,0,0
army,NOUN,1,0,0
ravenous,ADJ,1,0,0
durable,ADJ,1,0,0
Gibraltar,PROPN,1,0,1
Hong,PROPN,1,0,1
Kong,PROPN,1,0,1
roman,ADJ,1,0,0
catholic,ADJ,1,0,0
respectively,ADV,1,0,0
fakir,NOUN,1,0,0
thou,ADJ,1,0,0
bloody,NOUN,1,0,0
Thou,PROPN,1,0,1
fiercer,NOUN,1,0,0
thumping,NOUN,1,0,0
bolster,NOUN,1,0,0
starlike,NOUN,1,0,0
mauve,NOUN,1,0,0
border,NOUN,1,0,0
larkspur,PROPN,1,0,1
petunia,PROPN,1,0,1
riot,VERB,1,0,0
richness,NOUN,1,0,0
creamy,ADJ,1,0,0
stalkless,ADJ,1,0,0
bougainvillea,PROPN,1,0,1
croton,NOUN,1,0,0
feathery,NOUN,1,0,0
frond,NOUN,1,0,0
clash,NOUN,1,0,0
watering,NOUN,1,0,0
nectar,NOUN,1,0,0
sandy,ADJ,1,0,0
District,PROPN,1,0,1
sideways,NOUN,1,0,0
clip,VERB,1,0,0
soldierly,ADV,1,0,0
dammit,NOUN,1,0,0
coming,NOUN,1,0,0
enamel,PROPN,1,0,1
Piccadilly,PROPN,1,0,1
homesick,VERB,1,0,0
pickle,VERB,1,0,0
forlorn,ADJ,1,0,0
buzz,VERB,1,0,0
curtain,VERB,1,0,0
unhomelike,ADJ,1,0,0
coco,PROPN,1,0,1
mat,VERB,1,0,0
wicker,VERB,1,0,0
illustrated,ADJ,1,0,0
ornament,ADJ,1,0,0
lazily,ADV,1,0,0
fine,ADV,1,0,0
bloated,ADJ,1,0,0
concentration,NOUN,1,0,0
wiry,ADJ,1,0,0
feature,VERB,1,0,0
Divisional,PROPN,1,0,1
large,ADV,1,0,0
boned,ADJ,1,0,0
downy,NOUN,1,0,0
groan,NOUN,1,0,0
master,VERB,1,0,0
due,ADP,1,1,0
Dravidian,PROPN,1,0,1
irise,VERB,1,0,0
spoonful,NOUN,1,0,0
resigned,ADJ,1,0,0
beefy,ADJ,1,0,0
ingenuous,ADJ,1,0,0
toothbrush,NOUN,1,0,0
unexpectedly,ADV,1,0,0
mousehole,NOUN,1,0,0
sourly,ADV,1,0,0
wounding,NOUN,1,0,0
exaggerate,VERB,1,0,0
sardonic,ADJ,1,0,0
nosegay,NOUN,1,0,0
blond,ADJ,1,0,0
eyelash,NOUN,1,0,0
colt,NOUN,1,0,0
gazette,VERB,1,0,0
discussion,NOUN,1,0,0
wade,VERB,1,0,0
diarrhoea,NOUN,1,0,0
treat,NOUN,1,0,0
philosophically,ADV,1,0,0
b,NOUN,1,0,0
Pegu,PROPN,1,0,1
ditch,NOUN,1,0,0
stump,NOUN,1,0,0
Chesterton,PROPN,1,0,1
London,PROPN,1,0,1
nag,VERB,1,0,0
prelude,NOUN,1,0,0
abuse,NOUN,1,0,0
scum,NOUN,1,0,0
chip,VERB,1,0,0
sweaty,NOUN,1,0,0
snout,NOUN,1,0,0
Greasy,PROPN,1,0,1
sincere,ADJ,1,0,0
unclean,ADJ,1,0,0
contact,NOUN,1,0,0
perversity,NOUN,1,0,0
lap,NOUN,1,0,0
oily,ADJ,1,0,0
silly,VERB,1,0,0
university,NOUN,1,0,0
knock,NOUN,1,0,0
Molly,PROPN,1,0,1
Pereira,PROPN,1,0,1
Beer,PROPN,1,0,1
Munich,PROPN,1,0,1
acrid,ADJ,1,0,0
dictionary,NOUN,1,0,0
tour,NOUN,1,0,0
Allowance,PROPN,1,0,1
chewing,NOUN,1,0,0
Next,PROPN,1,1,1
snivel,VERB,1,0,0
psalm,NOUN,1,0,0
Madrassi,PROPN,1,0,1
French,PROPN,1,0,1
smutty,NOUN,1,0,0
complete,VERB,1,0,0
biography,NOUN,1,0,0
Ealing,PROPN,1,0,1
curate,NOUN,1,0,0
Horsham,PROPN,1,0,1
precaution,NOUN,1,0,0
thaw,VERB,1,0,0
witty,ADJ,1,0,0
cheer,VERB,1,0,0
creak,VERB,1,0,0
booming,ADJ,1,0,0
floorboard,NOUN,1,0,0
tingle,ADJ,1,0,0
jocosely,ADV,1,0,0
incorporate,VERB,1,0,0
divert,VERB,1,0,0
puggy,NOUN,1,0,0
bulky,ADJ,1,0,0
mock,ADJ,1,0,0
salute,NOUN,1,0,0
twiddle,VERB,1,0,0
geniality,NOUN,1,0,0
strenuous,ADJ,1,0,0
model,VERB,1,0,0
quotation,NOUN,1,0,0
bumble,VERB,1,0,0
discontent,VERB,1,0,0
exhaustedly,ADV,1,0,0
newt,NOUN,1,0,0
thrashing,NOUN,1,0,0
sens,NOUN,1,0,0
unequal,ADJ,1,0,0
wheeled,ADJ,1,0,0
vehicle,NOUN,1,0,0
tin,VERB,1,0,0
trifle,NOUN,1,0,0
laziness,NOUN,1,0,0
reform,NOUN,1,0,0
class,NOUN,1,0,0
spirit,PROPN,1,0,1
respectful,ADJ,1,0,0
arrear,NOUN,1,0,0
eheu,ADJ,1,0,0
fugace,NOUN,1,0,0
Dominion,PROPN,1,0,1
murmur,NOUN,1,0,0
unpin,VERB,1,0,0
uncalled,ADJ,1,0,0
gruffly,ADV,1,0,0
dignity,NOUN,1,0,0
Aryan,PROPN,1,0,1
tartly,ADV,1,0,0
discountenance,VERB,1,0,0
prejudice,NOUN,1,0,0
pain,VERB,1,0,0
resent,ADJ,1,0,0
Mongolians,PROPN,1,0,1
Dravidians,PROPN,1,0,1
distinct,ADJ,1,0,0
status,NOUN,1,0,0
hide,NOUN,1,0,0
pal,ADJ,1,0,0
purse,VERB,1,0,0
whimsically,ADV,1,0,0
excuse,NOUN,1,0,0
conciliatory,ADJ,1,0,0
consideration,NOUN,1,0,0
lemonade,NOUN,1,0,0
plain,ADV,1,0,0
lemonade,ADJ,1,0,0
sunset,NOUN,1,0,0
grumble,VERB,1,0,0
fidget,VERB,1,0,0
critical,ADJ,1,0,0
tape,NOUN,1,0,0
ingratitude,NOUN,1,0,0
legality,NOUN,1,0,0
recurrent,ADJ,1,0,0
theme,NOUN,1,0,0
consequent,ADJ,1,0,0
reign,NOUN,1,0,0
passing,NOUN,1,0,0
stew,ADJ,1,0,0
pennyworth,NOUN,1,0,0
pluck,PROPN,1,0,1
Amritsar,PROPN,1,0,1
Catholics,PROPN,1,0,1
mention,NOUN,1,0,0
Bloody,PROPN,1,0,1
Mary,PROPN,1,0,1
governor,NOUN,1,0,0
witless,NOUN,1,0,0
porker,NOUN,1,0,0
parody,NOUN,1,0,0
godless,ADJ,1,0,0
sidelong,NOUN,1,0,0
popularity,NOUN,1,0,0
Exit,PROPN,1,0,1
Booker,PROPN,1,0,1
Washington,PROPN,1,0,1
officio,ADJ,1,0,0
honorary,ADJ,1,0,0
lick,NOUN,1,0,0
tar,NOUN,1,0,0
Piebald,PROPN,1,0,1
lemon,NOUN,1,0,0
desultory,ADJ,1,0,0
context,NOUN,1,0,0
veer,VERB,1,0,0
supineness,NOUN,1,0,0
topic,NOUN,1,0,0
obsession,NOUN,1,0,0
saint,NOUN,1,0,0
sneer,VERB,1,0,0
hoot,VERB,1,0,0
hyena,ADJ,1,0,0
anglo,ADJ,1,0,0
jam,NOUN,1,0,0
comfortless,ADJ,1,0,0
swelter,VERB,1,0,0
smelling,NOUN,1,0,0
chicked,ADJ,1,0,0
ache,PROPN,1,0,1
stuffiness,NOUN,1,0,0
malaise,NOUN,1,0,0
stodgy,ADJ,1,0,0
festive,ADJ,1,0,0
apre,NOUN,1,0,0
vous,ADJ,1,0,0
madame,ADJ,1,0,0
gallantly,ADV,1,0,0
oven,NOUN,1,0,0
oppressive,ADJ,1,0,0
stirring,NOUN,1,0,0
weariness,NOUN,1,0,0
blinding,ADJ,1,0,0
Cambodia,PROPN,1,0,1
cloudless,NOUN,1,0,0
waiting,NOUN,1,0,0
stimulate,VERB,1,0,0
soar,VERB,1,0,0
swirl,NOUN,1,0,0
lank,PROPN,1,0,1
unkempt,NOUN,1,0,0
adjoin,VERB,1,0,0
scurrying,NOUN,1,0,0
jack,NOUN,1,0,0
vermouth,NOUN,1,0,0
liquor,NOUN,1,0,0
fuzzy,ADJ,1,0,0
credulous,ADJ,1,0,0
fitting,ADJ,1,0,0
bag,VERB,1,0,0
concertina,ADJ,1,0,0
fern,PROPN,1,0,1
bottom,VERB,1,0,0
unappetizing,NOUN,1,0,0
essay,NOUN,1,0,0
Emerson,PROPN,1,0,1
Carlyle,PROPN,1,0,1
Stevenson,PROPN,1,0,1
reach,NOUN,1,0,0
Sick,PROPN,1,0,1
palsy,ADJ,1,0,0
complication,NOUN,1,0,0
Septicaemia,PROPN,1,0,1
peritonitis,NOUN,1,0,0
paralysis,NOUN,1,0,0
ganglia,NOUN,1,0,0
specialist,NOUN,1,0,0
Nonconformist,PROPN,1,0,1
minister,NOUN,1,0,0
holiday,NOUN,1,0,0
motion,VERB,1,0,0
san,NOUN,1,0,0
peur,VERB,1,0,0
et,PROPN,1,0,1
sans,PROPN,1,0,1
reproche,VERB,1,0,0
tag,NOUN,1,0,0
virgin,NOUN,1,0,0
Jubilee,PROPN,1,0,1
eighty,NUM,1,0,0
agitated,ADJ,1,0,0
criticize,VERB,1,0,0
balanced,ADJ,1,0,0
abuse,VERB,1,0,0
administrator,NOUN,1,0,0
Clive,PROPN,1,0,1
Warren,PROPN,1,0,1
Hastings,PROPN,1,0,1
Dalhousie,PROPN,1,0,1
Curzon,PROPN,1,0,1
immortal,ADJ,1,0,0
Shakespeare,PROPN,1,0,1
arrogant,ADJ,1,0,0
concede,VERB,1,0,0
sterling,ADJ,1,0,0
exterior,NOUN,1,0,0
gilt,ADJ,1,0,0
fellowship,NOUN,1,0,0
swap,VERB,1,0,0
necessity,NOUN,1,0,0
uplift,ADJ,1,0,0
essayist,NOUN,1,0,0
Booze,PROPN,1,0,1
cynical,ADJ,1,0,0
unsuitable,ADJ,1,0,0
slimy,PROPN,1,0,1
man,PROPN,1,0,1
pose,VERB,1,0,0
everlasting,ADJ,1,0,0
thieving,NOUN,1,0,0
forefinger,VERB,1,0,0
irony,NOUN,1,0,0
stab,VERB,1,0,0
topsy,ADJ,1,0,0
turvy,ADJ,1,0,0
fanatically,ADV,1,0,0
maintain,VERB,1,0,0
flogging,NOUN,1,0,0
hanging,NOUN,1,0,0
dose,VERB,1,0,0
zeal,NOUN,1,0,0
falter,VERB,1,0,0
shuddering,NOUN,1,0,0
believer,NOUN,1,0,0
Prayer,PROPN,1,0,1
contract,NOUN,1,0,0
miner,NOUN,1,0,0
trader,NOUN,1,0,0
Rice,PROPN,1,0,1
Ring,PROPN,1,0,1
device,NOUN,1,0,0
monopoly,NOUN,1,0,0
Jews,PROPN,1,0,1
Scotchmen,PROPN,1,0,1
trade,VERB,1,0,0
Japanese,PROPN,1,0,1
gut,VERB,1,0,0
resource,NOUN,1,0,0
football,NOUN,1,0,0
precious,ADJ,1,0,0
factory,NOUN,1,0,0
manual,ADJ,1,0,0
competition,NOUN,1,0,0
forty,NOUN,1,0,0
thereabout,NOUN,1,0,0
man,VERB,1,0,0
seaworthy,ADJ,1,0,0
eighteenth,ADJ,1,0,0
standard,NOUN,1,0,0
continent,NOUN,1,0,0
independent,ADJ,1,0,0
instance,VERB,1,0,0
Japan,PROPN,1,0,1
hamper,VERB,1,0,0
apathy,NOUN,1,0,0
superstition,NOUN,1,0,0
us,PROPN,1,1,1
unswerve,VERB,1,0,0
Justice,PROPN,1,0,1
Pax,PROPN,1,0,1
pax,ADJ,1,0,0
lawyer,NOUN,1,0,0
boil,NOUN,1,0,0
misrepresentation,NOUN,1,0,0
modernize,VERB,1,0,0
national,ADJ,1,0,0
swinery,NOUN,1,0,0
villas,PROPN,1,0,1
villa,NOUN,1,0,0
villa,PROPN,1,0,1
pulp,NOUN,1,0,0
sawn,VERB,1,0,0
Wild,PROPN,1,0,1
Duck,PROPN,1,0,1
Ibsen,PROPN,1,0,1
Bernard,PROPN,1,0,1
Shaw,PROPN,1,0,1
sloth,NOUN,1,0,0
torchbearer,NOUN,1,0,0
hygienic,ADJ,1,0,0
louse,NOUN,1,0,0
progress,VERB,1,0,0
regretfully,ADV,1,0,0
allusion,NOUN,1,0,0
harp,VERB,1,0,0
irrigate,VERB,1,0,0
conquer,VERB,1,0,0
famine,NOUN,1,0,0
combat,VERB,1,0,0
leprosy,NOUN,1,0,0
smallpox,NOUN,1,0,0
distinction,NOUN,1,0,0
pessimism,NOUN,1,0,0
seditiousness,NOUN,1,0,0
septic,ADJ,1,0,0
civilizing,ADJ,1,0,0
sorry,INTJ,1,0,0
housetop,NOUN,1,0,0
ignoble,ADJ,1,0,0
Belial,PROPN,1,0,1
Paradise,PROPN,1,0,1
Lost,PROPN,1,0,1
safety,NOUN,1,0,0
valve,NOUN,1,0,0
Black,PROPN,1,0,1
Mass,PROPN,1,0,1
durwan,PROPN,1,0,1
grasshopp,ADJ,1,0,0
forth,ADP,1,0,0
talab,PROPN,1,0,1
piteously,ADV,1,0,0
massage,VERB,1,0,0
heartedness,NOUN,1,0,0
degeneracy,NOUN,1,0,0
uttering,ADJ,1,0,0
whine,NOUN,1,0,0
wretchedness,NOUN,1,0,0
abjectness,NOUN,1,0,0
mental,ADJ,1,0,0
defective,NOUN,1,0,0
postpone,NOUN,1,0,0
Utopia,PROPN,1,0,1
shamble,VERB,1,0,0
retriever,ADJ,1,0,0
hesitant,ADJ,1,0,0
afoot,NOUN,1,0,0
underground,ADJ,1,0,0
plotting,NOUN,1,0,0
incur,VERB,1,0,0
incalculable,ADJ,1,0,0
depth,NOUN,1,0,0
cruelty,NOUN,1,0,0
bestiality,NOUN,1,0,0
s,VERB,1,0,0
sample,NOUN,1,0,0
recruiting,NOUN,1,0,0
battalion,NOUN,1,0,0
illegitimate,ADJ,1,0,0
determine,VERB,1,0,0
calumny,PROPN,1,0,1
untrue,ADJ,1,0,0
lowdown,PROPN,1,0,1
polish,VERB,1,0,0
delicacy,NOUN,1,0,0
uselessness,NOUN,1,0,0
impervious,ADJ,1,0,0
backbite,VERB,1,0,0
sacrosanct,ADJ,1,0,0
remarking,NOUN,1,0,0
forthwith,ADP,1,0,0
probability,NOUN,1,0,0
equip,VERB,1,0,0
bandolier,NOUN,1,0,0
preach,VERB,1,0,0
fetish,NOUN,1,0,0
embroil,VERB,1,0,0
benefit,VERB,1,0,0
barometer,NOUN,1,0,0
mercury,NOUN,1,0,0
Set,PROPN,1,0,1
Fair,PROPN,1,0,1
Beware,PROPN,1,0,1
befriend,VERB,1,0,0
Civis,PROPN,1,0,1
Romanus,PROPN,1,0,1
underrate,VERB,1,0,0
finger,VERB,1,0,0
impressively,ADV,1,0,0
mixed,ADJ,1,0,0
Kyins,PROPN,1,0,1
clerical,ADJ,1,0,0
ceiling,NOUN,1,0,0
rafter,NOUN,1,0,0
sparrow,VERB,1,0,0
nest,VERB,1,0,0
poster,NOUN,1,0,0
furled,ADJ,1,0,0
canopy,NOUN,1,0,0
rainy,ADJ,1,0,0
riddle,VERB,1,0,0
silver,ADJ,1,0,0
tuktoo,ADV,1,0,0
clung,NOUN,1,0,0
heraldic,ADJ,1,0,0
dragon,NOUN,1,0,0
eave,VERB,1,0,0
thicket,NOUN,1,0,0
droning,NOUN,1,0,0
sleepiness,NOUN,1,0,0
chloroform,NOUN,1,0,0
lullaby,NOUN,1,0,0
bungalow,ADJ,1,0,0
durwan,ADJ,1,0,0
awaken,VERB,1,0,0
bedside,NOUN,1,0,0
San,PROPN,1,0,1
abbreviation,NOUN,1,0,0
rustic,NOUN,1,0,0
harass,VERB,1,0,0
downwards,ADP,1,0,0
beardless,ADJ,1,0,0
pimp,VERB,1,0,0
borrow,VERB,1,0,0
beget,VERB,1,0,0
bigamy,NOUN,1,0,0
devoted,ADJ,1,0,0
deceive,VERB,1,0,0
swore,PROPN,1,0,1
teacup,NOUN,1,0,0
tinni,NOUN,1,0,0
ritual,ADJ,1,0,0
incumbent,NOUN,1,0,0
toast,NOUN,1,0,0
noon,NOUN,1,0,0
leaven,VERB,1,0,0
toddy,NOUN,1,0,0
tasting,NOUN,1,0,0
catlap,NOUN,1,0,0
dudh,NOUN,1,0,0
scraping,NOUN,1,0,0
temperedly,ADV,1,0,0
coil,VERB,1,0,0
ebony,NOUN,1,0,0
bas,PROPN,1,0,1
redeem,VERB,1,0,0
tingle,VERB,1,0,0
faithful,ADJ,1,0,0
ugh,NOUN,1,0,0
ideal,NOUN,1,0,0
philtre,NOUN,1,0,0
finery,NOUN,1,0,0
jade,VERB,1,0,0
ashame,VERB,1,0,0
disgustedly,ADV,1,0,0
recline,VERB,1,0,0
whiteness,NOUN,1,0,0
fascination,NOUN,1,0,0
nauseate,VERB,1,0,0
witchcraft,NOUN,1,0,0
weaken,VERB,1,0,0
idiotic,ADJ,1,0,0
sap,VERB,1,0,0
coldness,NOUN,1,0,0
hover,VERB,1,0,0
encounter,NOUN,1,0,0
yawning,NOUN,1,0,0
scrubby,NOUN,1,0,0
sunken,ADJ,1,0,0
limbe,VERB,1,0,0
tuktoo,ADJ,1,0,0
acrid,NOUN,1,0,0
brown,VERB,1,0,0
distaste,NOUN,1,0,0
floor,VERB,1,0,0
pitch,NOUN,1,0,0
frantic,ADJ,1,0,0
suicidal,ADJ,1,0,0
powerless,ADJ,1,0,0
uphill,ADJ,1,0,0
stunt,VERB,1,0,0
turpentiny,ADJ,1,0,0
lifeless,NOUN,1,0,0
olive,NOUN,1,0,0
disreputable,ADJ,1,0,0
clumsily,ADV,1,0,0
ivy,NOUN,1,0,0
slanting,ADJ,1,0,0
ford,NOUN,1,0,0
shallow,ADJ,1,0,0
greener,ADV,1,0,0
festoon,VERB,1,0,0
spidery,NOUN,1,0,0
waxen,NOUN,1,0,0
bergamot,NOUN,1,0,0
stinging,ADJ,1,0,0
hearten,VERB,1,0,0
stepping,ADJ,1,0,0
upstream,ADJ,1,0,0
buttress,VERB,1,0,0
weave,VERB,1,0,0
strand,NOUN,1,0,0
cavern,NOUN,1,0,0
grotto,NOUN,1,0,0
shoal,NOUN,1,0,0
silvery,ADJ,1,0,0
mahseer,NOUN,1,0,0
sardine,NOUN,1,0,0
flop,VERB,1,0,0
otter,NOUN,1,0,0
web,VERB,1,0,0
stirring,ADJ,1,0,0
high,NOUN,1,0,0
distinguish,VERB,1,0,0
shimmer,VERB,1,0,0
growl,VERB,1,0,0
tame,ADJ,1,0,0
jade,NOUN,1,0,0
iridescent,NOUN,1,0,0
wax,NOUN,1,0,0
coralline,NOUN,1,0,0
halve,VERB,1,0,0
treetops,NOUN,1,0,0
outright,ADV,1,0,0
maze,NOUN,1,0,0
impasse,NOUN,1,0,0
aspidistra,NOUN,1,0,0
terminate,VERB,1,0,0
firefly,NOUN,1,0,0
greenish,NOUN,1,0,0
twilight,NOUN,1,0,0
parallel,ADJ,1,0,0
gyi,PROPN,1,0,1
le,NOUN,1,0,0
venerable,ADJ,1,0,0
squat,ADJ,1,0,0
axle,NOUN,1,0,0
whitewash,VERB,1,0,0
tendril,NOUN,1,0,0
ruinous,ADJ,1,0,0
thatch,NOUN,1,0,0
barren,ADJ,1,0,0
roost,VERB,1,0,0
homeward,NOUN,1,0,0
treetop,NOUN,1,0,0
massive,ADJ,1,0,0
spoke,NOUN,1,0,0
strongly,ADV,1,0,0
brindle,VERB,1,0,0
wizene,VERB,1,0,0
toenail,NOUN,1,0,0
pariah,NOUN,1,0,0
blackened,ADJ,1,0,0
handleless,NOUN,1,0,0
heat,VERB,1,0,0
kerosene,ADJ,1,0,0
drunk,NOUN,1,0,0
alter,VERB,1,0,0
pardonable,ADJ,1,0,0
gambling,NOUN,1,0,0
comb,VERB,1,0,0
pin,NOUN,1,0,0
gorge,VERB,1,0,0
pea,NOUN,1,0,0
dish,NOUN,1,0,0
pretentious,ADJ,1,0,0
descendant,NOUN,1,0,0
Frenchmen,PROPN,1,0,1
eatable,ADJ,1,0,0
systematically,ADV,1,0,0
bottom,ADJ,1,1,0
regularly,ADV,1,0,0
crow,VERB,1,0,0
foresight,NOUN,1,0,0
vulcanite,ADJ,1,0,0
butt,NOUN,1,0,0
ghostly,ADJ,1,0,0
phantom,NOUN,1,0,0
cur,INTJ,1,0,0
spineless,ADJ,1,0,0
idling,NOUN,1,0,0
fornicating,NOUN,1,0,0
examining,NOUN,1,0,0
superior,ADJ,1,0,0
oafish,ADJ,1,0,0
ordinary,ADJ,1,0,0
precedent,NOUN,1,0,0
loan,NOUN,1,0,0
handed,ADJ,1,0,0
sandy,NOUN,1,0,0
cursing,NOUN,1,0,0
process,NOUN,1,0,0
counterstroke,NOUN,1,0,0
contradict,VERB,1,0,0
recently,ADV,1,0,0
commissioner,NOUN,1,0,0
demur,VERB,1,0,0
substitute,VERB,1,0,0
equally,ADV,1,0,0
refusal,NOUN,1,0,0
nagging,NOUN,1,0,0
jeer,NOUN,1,0,0
womb,NOUN,1,0,0
stare,NOUN,1,0,0
Blueface,PROPN,1,0,1
critic,NOUN,1,0,0
Nation,PROPN,1,0,1
couplet,NOUN,1,0,0
rum,NOUN,1,0,0
subsequent,ADJ,1,0,0
Spanish,PROPN,1,0,1
Inquisition,PROPN,1,0,1
illuminati,NOUN,1,0,0
conker,NOUN,1,0,0
footballer,NOUN,1,0,0
captain,NOUN,1,0,0
spiked,ADJ,1,0,0
sonnet,NOUN,1,0,0
ape,VERB,1,0,0
Anglicanism,PROPN,1,0,1
verse,NOUN,1,0,0
Scrum,PROPN,1,0,1
Great,PROPN,1,0,1
Referee,PROPN,1,0,1
scholarship,NOUN,1,0,0
can,VERB,1,0,0
curriculum,NOUN,1,0,0
underpaid,ADJ,1,0,0
unaware,NOUN,1,0,0
premium,NOUN,1,0,0
afford,VERB,1,0,0
reward,VERB,1,0,0
scrawl,VERB,1,0,0
chummery,NOUN,1,0,0
swill,VERB,1,0,0
bawl,VERB,1,0,0
filthiness,NOUN,1,0,0
silliness,NOUN,1,0,0
squander,VERB,1,0,0
jewish,ADJ,1,0,0
north,NOUN,1,0,0
monotonous,ADJ,1,0,0
worship,NOUN,1,0,0
rush,NOUN,1,0,0
Smart,PROPN,1,0,1
Mookerdum,PROPN,1,0,1
bookshop,NOUN,1,0,0
Anderson,PROPN,1,0,1
beefsteak,NOUN,1,0,0
eventless,ADJ,1,0,0
attuned,ADJ,1,0,0
February,PROPN,1,0,1
squall,NOUN,1,0,0
downpour,NOUN,1,0,0
vaporous,ADJ,1,0,0
morass,NOUN,1,0,0
mousy,ADJ,1,0,0
seedling,NOUN,1,0,0
dab,VERB,1,0,0
pronged,ADJ,1,0,0
August,PROPN,1,0,1
squawking,NOUN,1,0,0
Central,PROPN,1,0,1
tail,VERB,1,0,0
October,PROPN,1,0,1
hop,PROPN,1,0,1
scotch,NOUN,1,0,0
gonyin,PROPN,1,0,1
haunted,ADJ,1,0,0
honeysuckle,NOUN,1,0,0
rose,NOUN,1,0,0
pear,NOUN,1,0,0
violet,NOUN,1,0,0
valley,NOUN,1,0,0
myriad,NOUN,1,0,0
geese,ADJ,1,0,0
jeel,NOUN,1,0,0
crossing,NOUN,1,0,0
wheat,NOUN,1,0,0
muffled,ADJ,1,0,0
cold,NOUN,1,0,0
misty,ADJ,1,0,0
incongruous,ADJ,1,0,0
wilderness,NOUN,1,0,0
drenched,ADJ,1,0,0
loom,VERB,1,0,0
blanket,NOUN,1,0,0
pie,NOUN,1,0,0
eternal,ADJ,1,0,0
flame,NOUN,1,0,0
holly,ADV,1,0,0
intrude,VERB,1,0,0
edge,VERB,1,0,0
dew,NOUN,1,0,0
future,NOUN,1,0,0
comforting,ADJ,1,0,0
patriotism,NOUN,1,0,0
hostility,NOUN,1,0,0
strain,NOUN,1,0,0
cruel,ADJ,1,0,0
voraciously,ADV,1,0,0
tiresome,ADJ,1,0,0
tiring,ADJ,1,0,0
willy,ADV,1,0,0
nilly,ADV,1,0,0
seventh,ADJ,1,0,0
birthday,NOUN,1,0,0
intermittent,ADJ,1,0,0
bitterer,NOUN,1,0,0
imperialism,NOUN,1,0,0
educate,VERB,1,0,0
theft,NOUN,1,0,0
unenviable,ADJ,1,0,0
bargain,NOUN,1,0,0
wrecked,ADJ,1,0,0
liver,NOUN,1,0,0
pine,ADJ,1,0,0
outpost,NOUN,1,0,0
delusion,NOUN,1,0,0
scientific,ADJ,1,0,0
Public,PROPN,1,0,1
Works,PROPN,1,0,1
competently,ADV,1,0,0
intelligently,ADV,1,0,0
postmaster,NOUN,1,0,0
provincial,ADJ,1,0,0
administration,NOUN,1,0,0
backbone,NOUN,1,0,0
safely,ADV,1,0,0
cherish,VERB,1,0,0
fortify,VERB,1,0,0
dullness,NOUN,1,0,0
million,NUM,1,0,0
stifling,NOUN,1,0,0
stultify,VERB,1,0,0
censor,VERB,1,0,0
public,NOUN,1,0,0
cog,NOUN,1,0,0
idler,NOUN,1,0,0
backbiter,NOUN,1,0,0
fornicator,NOUN,1,0,0
secrecy,NOUN,1,0,0
revolt,NOUN,1,0,0
Kipling,PROPN,1,0,1
listening,NOUN,1,0,0
Bodger,PROPN,1,0,1
dutifully,ADV,1,0,0
sincerity,NOUN,1,0,0
au,ADP,1,0,0
fond,PROPN,1,0,1
exploit,VERB,1,0,0
unbreakable,ADJ,1,0,0
tabus,PROPN,1,0,1
whatever,NOUN,1,1,0
inwardly,ADV,1,0,0
thickest,ADV,1,0,0
skulle,VERB,1,0,0
hiccup,VERB,1,0,0
sterile,ADJ,1,0,0
unshaven,NOUN,1,0,0
rough,ADV,1,0,0
cottage,NOUN,1,0,0
sahibdom,NOUN,1,0,0
board,VERB,1,0,0
curse,VERB,1,0,0
successor,NOUN,1,0,0
speed,VERB,1,0,0
squabble,VERB,1,0,0
squirrel,NOUN,1,0,0
dangle,VERB,1,0,0
grind,VERB,1,0,0
paste,NOUN,1,0,0
slab,NOUN,1,0,0
deterioration,NOUN,1,0,0
particle,NOUN,1,0,0
compound,VERB,1,0,0
soil,NOUN,1,0,0
cropping,NOUN,1,0,0
creak,NOUN,1,0,0
remedy,NOUN,1,0,0
reserve,VERB,1,0,0
prose,VERB,1,0,0
wreck,NOUN,1,0,0
Bath,PROPN,1,0,1
Cheltenham,PROPN,1,0,1
decomposition,NOUN,1,0,0
Boggleywalah,PROPN,1,0,1
hated,ADJ,1,0,0
inner,ADJ,1,0,0
unexpresse,VERB,1,0,0
scandalmongere,VERB,1,0,0
discourse,VERB,1,0,0
gifted,ADJ,1,0,0
skunk,NOUN,1,0,0
unmanly,ADJ,1,0,0
whining,NOUN,1,0,0
imaginary,ADJ,1,0,0
woe,NOUN,1,0,0
Wititterly,PROPN,1,0,1
Hamlet,PROPN,1,0,1
rotting,NOUN,1,0,0
dishonour,ADJ,1,0,0
human,NOUN,1,0,0
wince,VERB,1,0,0
wide,ADV,1,0,0
mulberry,NOUN,1,0,0
rhythmically,ADV,1,0,0
baying,NOUN,1,0,0
goldleaf,NOUN,1,0,0
swoop,VERB,1,0,0
tub,NOUN,1,0,0
beard,NOUN,1,0,0
Nordenflycht,PROPN,1,0,1
Physical,PROPN,1,0,1
Jerks,PROPN,1,0,1
sedentary,NOUN,1,0,0
perpendicular,ADJ,1,0,0
downright,ADV,1,0,0
lunge,VERB,1,0,0
congest,VERB,1,0,0
apoplexy,NOUN,1,0,0
tallowy,VERB,1,0,0
cost,NOUN,1,0,0
Mohammed,PROPN,1,0,1
arabian,ADJ,1,0,0
express,VERB,1,0,0
comprehension,NOUN,1,0,0
contortion,NOUN,1,0,0
exact,VERB,1,0,0
notched,ADJ,1,0,0
speckle,VERB,1,0,0
Thief,PROPN,1,0,1
ferociously,ADV,1,0,0
tomcat,NOUN,1,0,0
inspiration,NOUN,1,0,0
scar,NOUN,1,0,0
moodily,ADV,1,0,0
Three,PROPN,1,1,1
carbine,NOUN,1,0,0
unfurnished,ADJ,1,0,0
latrine,NOUN,1,0,0
stank,NOUN,1,0,0
ringworm,NOUN,1,0,0
ladle,VERB,1,0,0
dahl,NOUN,1,0,0
pannikin,NOUN,1,0,0
chorus,VERB,1,0,0
green,NOUN,1,0,0
pinkish,ADJ,1,0,0
aquarelle,PROPN,1,0,1
later,ADJ,1,0,0
bee,PROPN,1,0,1
eaters,PROPN,1,0,1
emerald,PROPN,1,0,1
green,PROPN,1,0,1
curvet,VERB,1,0,0
swallow,NOUN,1,0,0
garment,NOUN,1,0,0
dumping,NOUN,1,0,0
Starveling,PROPN,1,0,1
straighten,VERB,1,0,0
drape,VERB,1,0,0
shroud,VERB,1,0,0
skeleton,NOUN,1,0,0
cote,NOUN,1,0,0
lymphatic,ADJ,1,0,0
witte,VERB,1,0,0
Manipur,PROPN,1,0,1
dialect,NOUN,1,0,0
nobody,PRON,1,1,0
Zerbadi,PROPN,1,0,1
aloft,ADV,1,0,0
quivering,NOUN,1,0,0
grating,NOUN,1,0,0
kwaaa,NOUN,1,0,0
tame,NOUN,1,0,0
strut,VERB,1,0,0
zigzag,PROPN,1,0,1
gruffer,NOUN,1,0,0
gaunt,ADJ,1,0,0
younger,ADV,1,0,0
protection,NOUN,1,0,0
stride,VERB,1,0,0
briskly,ADV,1,0,0
pigsticker,NOUN,1,0,0
mornin,NOUN,1,0,0
hearty,ADJ,1,0,0
matutinal,ADJ,1,0,0
irish,ADJ,1,0,0
invigorate,VERB,1,0,0
cheeriness,NOUN,1,0,0
bladder,NOUN,1,0,0
lard,NOUN,1,0,0
scoutmaster,NOUN,1,0,0
homosexual,VERB,1,0,0
pudgy,NOUN,1,0,0
dimpled,ADJ,1,0,0
flap,NOUN,1,0,0
foolscap,NOUN,1,0,0
beg,NOUN,1,0,0
whereby,SCONJ,1,1,0
eminently,ADV,1,0,0
dishonest,ADJ,1,0,0
corrupt,ADJ,1,0,0
implicate,VERB,1,0,0
Nationalist,PROPN,1,0,1
Party,PROPN,1,0,1
material,NOUN,1,0,0
wherefore,ADV,1,0,0
consort,NOUN,1,0,0
copybook,NOUN,1,0,0
ultimately,ADV,1,0,0
entangle,VERB,1,0,0
ranger,NOUN,1,0,0
allowable,ADJ,1,0,0
alliance,NOUN,1,0,0
partisanship,NOUN,1,0,0
wrong,NOUN,1,0,0
loss,NOUN,1,0,0
conspicuously,ADV,1,0,0
partisan,NOUN,1,0,0
champion,VERB,1,0,0
sahibdom,PROPN,1,0,1
terrified,ADJ,1,0,0
scramble,VERB,1,0,0
splinter,NOUN,1,0,0
hollow,NOUN,1,0,0
Nyaunglebin,PROPN,1,0,1
menace,VERB,1,0,0
hairy,ADJ,1,0,0
prehistoric,ADJ,1,0,0
default,NOUN,1,0,0
loutish,ADJ,1,0,0
lumber,VERB,1,0,0
lollop,VERB,1,0,0
hatless,ADJ,1,0,0
schoolgirl,NOUN,1,0,0
thaw,NOUN,1,0,0
gore,VERB,1,0,0
embarrassment,NOUN,1,0,0
twisted,ADJ,1,0,0
looking,ADJ,1,0,0
Scrub,PROPN,1,0,1
tallish,ADJ,1,0,0
worn,ADJ,1,0,0
withered,ADJ,1,0,0
propriety,NOUN,1,0,0
sunshade,NOUN,1,0,0
bark,VERB,1,0,0
blackcurrant,NOUN,1,0,0
grab,NOUN,1,0,0
unreasonable,ADJ,1,0,0
refer,VERB,1,0,0
bleeding,NOUN,1,0,0
trickle,NOUN,1,0,0
garrulously,ADV,1,0,0
wallflower,NOUN,1,0,0
African,PROPN,1,0,1
weed,VERB,1,0,0
overpoweringly,ADV,1,0,0
beastly,ADJ,1,0,0
consolation,NOUN,1,0,0
decanter,NOUN,1,0,0
apprehensively,ADV,1,0,0
dark,ADV,1,0,0
truss,NOUN,1,0,0
divine,ADJ,1,0,0
splendid,ADV,1,0,0
sombre,NOUN,1,0,0
blob,NOUN,1,0,0
harebell,NOUN,1,0,0
smoothness,NOUN,1,0,0
globe,NOUN,1,0,0
trotter,NOUN,1,0,0
camera,NOUN,1,0,0
jumble,NOUN,1,0,0
boulevard,NOUN,1,0,0
Villon,PROPN,1,0,1
Baudelaire,PROPN,1,0,1
Maupassant,PROPN,1,0,1
student,NOUN,1,0,0
Whisky,PROPN,1,0,1
tripe,NOUN,1,0,0
hopelessly,ADV,1,0,0
garbage,NOUN,1,0,0
overwhelm,VERB,1,0,0
pardon,VERB,1,0,0
Alsatia,PROPN,1,0,1
thrilled,ADJ,1,0,0
perpetrate,VERB,1,0,0
peep,VERB,1,0,0
eld,ADJ,1,0,0
unclaimed,ADJ,1,0,0
footlong,ADJ,1,0,0
yokel,NOUN,1,0,0
Zulu,PROPN,1,0,1
warrior,NOUN,1,0,0
regalia,NOUN,1,0,0
detect,VERB,1,0,0
novelty,NOUN,1,0,0
assert,VERB,1,0,0
garish,ADJ,1,0,0
gleam,ADJ,1,0,0
ebony,PROPN,1,0,1
vase,NOUN,1,0,0
laundry,NOUN,1,0,0
dutch,ADJ,1,0,0
respectfully,ADV,1,0,0
spelt,VERB,1,0,0
momentary,ADJ,1,0,0
nostalgia,NOUN,1,0,0
mermaid,NOUN,1,0,0
sofa,NOUN,1,0,0
Charming,PROPN,1,0,1
William,PROPN,1,0,1
Locke,PROPN,1,0,1
thick,NOUN,1,0,0
litter,NOUN,1,0,0
Benares,PROPN,1,0,1
brassware,ADJ,1,0,0
ornament,NOUN,1,0,0
chintz,ADJ,1,0,0
tethered,ADJ,1,0,0
loop,NOUN,1,0,0
orphan,NOUN,1,0,0
fortune,NOUN,1,0,0
fluctuate,VERB,1,0,0
optimistic,ADJ,1,0,0
prosperous,ADJ,1,0,0
phase,NOUN,1,0,0
baked,ADJ,1,0,0
vapouring,NOUN,1,0,0
sensibility,NOUN,1,0,0
Women,PROPN,1,0,1
Suffrage,PROPN,1,0,1
Higher,PROPN,1,0,1
Thought,PROPN,1,0,1
abortive,ADJ,1,0,0
literature,NOUN,1,0,0
exile,VERB,1,0,0
unlimited,ADJ,1,0,0
scope,NOUN,1,0,0
Armistice,PROPN,1,0,1
bleak,ADJ,1,0,0
Highgate,PROPN,1,0,1
greenhouse,NOUN,1,0,0
stable,NOUN,1,0,0
optimism,NOUN,1,0,0
unforgettable,ADJ,1,0,0
Good,PROPN,1,0,1
synonymous,ADJ,1,0,0
elegant,NOUN,1,0,0
laborious,ADJ,1,0,0
creed,NOUN,1,0,0
subtilize,VERB,1,0,0
diffuse,VERB,1,0,0
predominate,VERB,1,0,0
influenza,NOUN,1,0,0
dedicate,VERB,1,0,0
wholly,ADV,1,0,0
relapse,VERB,1,0,0
muddle,VERB,1,0,0
french,ADJ,1,0,0
notre,PROPN,1,0,1
mee,NOUN,1,0,0
Anglaise,PROPN,1,0,1
banker,NOUN,1,0,0
twelfth,ADJ,1,0,0
arrondissement,NOUN,1,0,0
reek,VERB,1,0,0
boar,NOUN,1,0,0
decrepit,ADJ,1,0,0
satyr,NOUN,1,0,0
Cafe,PROPN,1,0,1
Bock,PROPN,1,0,1
Formidable,PROPN,1,0,1
patroness,NOUN,1,0,0
tiptoe,VERB,1,0,0
stair,NOUN,1,0,0
basin,NOUN,1,0,0
tongue,VERB,1,0,0
widow,NOUN,1,0,0
establishment,NOUN,1,0,0
Samaritaine,PROPN,1,0,1
helping,NOUN,1,0,0
den,NOUN,1,0,0
leprous,ADJ,1,0,0
verdigris,VERB,1,0,0
geyser,NOUN,1,0,0
mulishly,ADV,1,0,0
ferret,NOUN,1,0,0
mean,ADJ,1,0,0
previously,ADV,1,0,0
depressed,ADJ,1,0,0
nightmare,NOUN,1,0,0
housekeeping,NOUN,1,0,0
irregular,ADJ,1,0,0
greyish,NOUN,1,0,0
guidance,NOUN,1,0,0
technique,NOUN,1,0,0
frying,NOUN,1,0,0
satanic,ADJ,1,0,0
pigsty,NOUN,1,0,0
slumber,VERB,1,0,0
rusty,ADJ,1,0,0
gas,NOUN,1,0,0
stove,NOUN,1,0,0
fouled,ADJ,1,0,0
poached,ADJ,1,0,0
dearest,NOUN,1,0,0
dearest,VERB,1,0,0
Untidy,PROPN,1,0,1
porridge,NOUN,1,0,0
rapt,ADJ,1,0,0
wordly,ADJ,1,0,0
assume,VERB,1,0,0
Bohemians,PROPN,1,0,1
artistic,ADJ,1,0,0
temperament,NOUN,1,0,0
palette,NOUN,1,0,0
smudge,VERB,1,0,0
sketching,NOUN,1,0,0
Conte,PROPN,1,0,1
crayon,NOUN,1,0,0
swamp,VERB,1,0,0
lunch,NOUN,1,0,0
Nash,PROPN,1,0,1
Magazine,PROPN,1,0,1
elderly,ADJ,1,0,0
ineffectual,ADJ,1,0,0
contemptible,ADJ,1,0,0
engraving,NOUN,1,0,0
cheap,ADV,1,0,0
solace,NOUN,1,0,0
rue,X,1,0,0
Sketch,PROPN,1,0,1
Tatter,PROPN,1,0,1
Graphic,PROPN,1,0,1
Sporting,PROPN,1,0,1
Dramatic,PROPN,1,0,1
Charlton,PROPN,1,0,1
Hall,PROPN,1,0,1
Warwickshire,PROPN,1,0,1
Burrowdean,PROPN,1,0,1
Hon,PROPN,1,0,1
Tyke,PROPN,1,0,1
Bowlby,PROPN,1,0,1
Alsatian,PROPN,1,0,1
Kublai,PROPN,1,0,1
Khan,PROPN,1,0,1
prize,NOUN,1,0,0
Cruft,PROPN,1,0,1
sunbathe,VERB,1,0,0
canne,NOUN,1,0,0
Barbara,PROPN,1,0,1
Pilbrick,PROPN,1,0,1
Edward,PROPN,1,0,1
Tuke,PROPN,1,0,1
Lady,PROPN,1,0,1
Pamela,PROPN,1,0,1
Westrope,PROPN,1,0,1
Captain,PROPN,1,0,1
Tuppy,PROPN,1,0,1
Benacre,PROPN,1,0,1
golden,ADJ,1,0,0
sordid,VERB,1,0,0
meanness,NOUN,1,0,0
unnatural,ADJ,1,0,0
healthy,ADJ,1,0,0
excess,NOUN,1,0,0
grouse,NOUN,1,0,0
Ascot,PROPN,1,0,1
yacht,VERB,1,0,0
Cowes,PROPN,1,0,1
brainy,ADJ,1,0,0
paintbrush,NOUN,1,0,0
vocabulary,NOUN,1,0,0
insurance,NOUN,1,0,0
dabbler,NOUN,1,0,0
degrading,ADJ,1,0,0
ptomaine,NOUN,1,0,0
poisoning,NOUN,1,0,0
cable,VERB,1,0,0
meditative,ADJ,1,0,0
advantage,NOUN,1,0,0
queen,NOUN,1,0,0
sail,NOUN,1,0,0
herald,VERB,1,0,0
porpoise,NOUN,1,0,0
Mediterranean,PROPN,1,0,1
enamel,ADJ,1,0,0
Ocean,PROPN,1,0,1
skim,VERB,1,0,0
phosphorescent,ADJ,1,0,0
arrowhead,NOUN,1,0,0
wealth,NOUN,1,0,0
phrase,VERB,1,0,0
idher,NOUN,1,0,0
ao,INTJ,1,0,0
sahiblog,VERB,1,0,0
anticipation,NOUN,1,0,0
flapping,ADJ,1,0,0
barefoote,VERB,1,0,0
turbane,VERB,1,0,0
reverently,ADV,1,0,0
bronze,VERB,1,0,0
clipped,ADJ,1,0,0
glassy,NOUN,1,0,0
basking,NOUN,1,0,0
propel,VERB,1,0,0
descend,VERB,1,0,0
prow,NOUN,1,0,0
besought,VERB,1,0,0
missie,INTJ,1,0,0
missie,PROPN,1,0,1
bat,NOUN,1,0,0
row,VERB,1,0,0
quay,NOUN,1,0,0
discharge,VERB,1,0,0
rival,NOUN,1,0,0
spittle,NOUN,1,0,0
Orient,PROPN,1,0,1
cinnamon,NOUN,1,0,0
swimming,NOUN,1,0,0
Mount,PROPN,1,0,1
Lavinia,PROPN,1,0,1
foam,VERB,1,0,0
Coca,PROPN,1,0,1
Cola,PROPN,1,0,1
fuel,VERB,1,0,0
poised,ADJ,1,0,0
heron,NOUN,1,0,0
giantess,NOUN,1,0,0
tropic,NOUN,1,0,0
barbaric,PROPN,1,0,1
unseen,ADJ,1,0,0
torch,NOUN,1,0,0
whistle,ADJ,1,0,0
warmly,ADV,1,0,0
ostensibly,ADV,1,0,0
surreptitious,ADJ,1,0,0
smuggle,VERB,1,0,0
demi,NOUN,1,0,0
mondaine,NOUN,1,0,0
America,PROPN,1,0,1
admission,NOUN,1,0,0
selfish,ADJ,1,0,0
tenderly,ADV,1,0,0
impersonal,ADJ,1,0,0
offer,NOUN,1,0,0
shilling,NOUN,1,0,0
laden,ADJ,1,0,0
stork,NOUN,1,0,0
mohammedan,ADJ,1,0,0
pagri,VERB,1,0,0
tray,VERB,1,0,0
squint,VERB,1,0,0
forkful,NOUN,1,0,0
crass,NOUN,1,0,0
laundress,NOUN,1,0,0
patronize,VERB,1,0,0
lack,NOUN,1,0,0
sterilize,VERB,1,0,0
scissor,NOUN,1,0,0
Condy,PROPN,1,0,1
fluid,NOUN,1,0,0
sambhur,ADJ,1,0,0
apparent,ADJ,1,0,0
providential,NOUN,1,0,0
peepul,ADJ,1,0,0
cloy,VERB,1,0,0
sweetness,NOUN,1,0,0
putrid,ADJ,1,0,0
arrangement,NOUN,1,0,0
daring,ADJ,1,0,0
strident,ADJ,1,0,0
squeal,NOUN,1,0,0
brassily,ADV,1,0,0
squall,VERB,1,0,0
whatever,PRON,1,1,0
jazz,NOUN,1,0,0
historical,ADJ,1,0,0
drama,NOUN,1,0,0
revue,NOUN,1,0,0
bang,VERB,1,0,0
posture,VERB,1,0,0
intone,VERB,1,0,0
mournfully,ADV,1,0,0
blaze,NOUN,1,0,0
theatre,NOUN,1,0,0
show,NOUN,1,1,0
regulate,VERB,1,0,0
elephantine,NOUN,1,0,0
smelly,ADJ,1,0,0
feral,ADJ,1,0,0
redden,VERB,1,0,0
tinfoil,NOUN,1,0,0
sherbet,NOUN,1,0,0
ice,VERB,1,0,0
haung,PROPN,1,0,1
galay,NOUN,1,0,0
breastless,NOUN,1,0,0
satin,PROPN,1,0,1
ancient,ADJ,1,0,0
downward,ADV,1,0,0
languidly,ADV,1,0,0
plaque,NOUN,1,0,0
hammer,NOUN,1,0,0
nodding,NOUN,1,0,0
posturing,NOUN,1,0,0
joint,VERB,1,0,0
roundabout,NOUN,1,0,0
sinuous,ADJ,1,0,0
snakehead,NOUN,1,0,0
agility,NOUN,1,0,0
knee,VERB,1,0,0
snowdrop,NOUN,1,0,0
amid,ADP,1,0,0
shouting,NOUN,1,0,0
amazement,NOUN,1,0,0
sip,VERB,1,0,0
forward,ADJ,1,0,0
twist,NOUN,1,0,0
cobra,NOUN,1,0,0
Mongols,PROPN,1,0,1
whenever,SCONJ,1,1,0
woad,NOUN,1,0,0
palace,NOUN,1,0,0
prick,VERB,1,0,0
discursively,ADV,1,0,0
powder,VERB,1,0,0
thickly,ADV,1,0,0
tempo,NOUN,1,0,0
brassy,ADJ,1,0,0
trochaic,ADJ,1,0,0
chant,VERB,1,0,0
posterior,ADJ,1,0,0
independently,ADV,1,0,0
applause,NOUN,1,0,0
benefit,NOUN,1,0,0
frown,VERB,1,0,0
dismayed,ADJ,1,0,0
abjectly,ADV,1,0,0
ours,PRON,1,1,0
strict,ADJ,1,0,0
inkling,NOUN,1,0,0
pwe,PROPN,1,0,1
ramble,VERB,1,0,0
barehande,VERB,1,0,0
starlight,NOUN,1,0,0
warmness,NOUN,1,0,0
separately,ADV,1,0,0
tacit,ADJ,1,0,0
decidedly,ADV,1,0,0
gala,NOUN,1,0,0
salaaming,NOUN,1,0,0
missiesahib,NOUN,1,0,0
welcome,NOUN,1,0,0
arboreal,PROPN,1,0,1
specialist,PROPN,1,0,1
guardian,NOUN,1,0,0
bandit,NOUN,1,0,0
amiably,ADV,1,0,0
trap,NOUN,1,0,0
bait,NOUN,1,0,0
nephew,NOUN,1,0,0
eligible,ADJ,1,0,0
halter,NOUN,1,0,0
butter,VERB,1,0,0
noose,NOUN,1,0,0
affectionate,VERB,1,0,0
moonshine,NOUN,1,0,0
pining,NOUN,1,0,0
shipload,NOUN,1,0,0
frozen,ADJ,1,0,0
mutton,NOUN,1,0,0
storage,NOUN,1,0,0
juicy,ADJ,1,0,0
repulsive,ADJ,1,0,0
pasture,NOUN,1,0,0
consignment,NOUN,1,0,0
warrant,VERB,1,0,0
prime,ADJ,1,0,0
condition,NOUN,1,0,0
pantomime,NOUN,1,0,0
goatish,ADJ,1,0,0
keen,ADJ,1,0,0
clattering,NOUN,1,0,0
interlude,NOUN,1,0,0
flory,ADJ,1,0,0
monster,NOUN,1,0,0
crooked,ADJ,1,0,0
stem,VERB,1,0,0
apt,ADJ,1,0,0
unparalleled,ADJ,1,0,0
listener,NOUN,1,0,0
smutty,ADJ,1,0,0
shelve,VERB,1,0,0
achieve,VERB,1,0,0
feud,NOUN,1,0,0
faction,NOUN,1,0,0
enrol,VERB,1,0,0
perjury,NOUN,1,0,0
efficiently,ADV,1,0,0
bail,NOUN,1,0,0
rioter,NOUN,1,0,0
strike,NOUN,1,0,0
centre,VERB,1,0,0
girdle,VERB,1,0,0
magician,PROPN,1,0,1
doom,NOUN,1,0,0
magic,ADJ,1,0,0
extra,ADJ,1,0,0
command,NOUN,1,0,0
washout,NOUN,1,0,0
peter,PROPN,1,0,1
Depressing,PROPN,1,0,1
scratch,NOUN,1,0,0
bambooing,NOUN,1,0,0
coddle,VERB,1,0,0
nursing,NOUN,1,0,0
Bambooing,PROPN,1,0,1
mashed,ADJ,1,0,0
Turks,PROPN,1,0,1
kukris,NOUN,1,0,0
depressingly,ADV,1,0,0
peaceful,ADJ,1,0,0
annual,ADJ,1,0,0
capitation,NOUN,1,0,0
languid,ADJ,1,0,0
pint,NOUN,1,0,0
Flame,PROPN,1,0,1
streak,VERB,1,0,0
cosmetic,NOUN,1,0,0
african,ADJ,1,0,0
witch,NOUN,1,0,0
illicit,VERB,1,0,0
pawnbroker,NOUN,1,0,0
chetty,ADJ,1,0,0
cash,VERB,1,0,0
belonging,NOUN,1,0,0
grate,VERB,1,0,0
gatepost,NOUN,1,0,0
bundle,VERB,1,0,0
compensate,VERB,1,0,0
playing,NOUN,1,0,0
abide,NOUN,1,0,0
extreme,NOUN,1,0,0
signify,VERB,1,0,0
fifteen,VERB,1,1,0
dirzi,NOUN,1,0,0
bahinchut,ADV,1,0,0
orderly,ADJ,1,0,0
fritter,NOUN,1,0,0
frequently,ADV,1,0,0
cockroach,NOUN,1,0,0
flour,NOUN,1,0,0
bin,NOUN,1,0,0
onion,NOUN,1,0,0
comprehensively,ADV,1,0,0
stricture,NOUN,1,0,0
sex,NOUN,1,0,0
signal,NOUN,1,0,0
premature,ADJ,1,0,0
extraction,NOUN,1,0,0
incompetent,ADJ,1,0,0
despairing,ADJ,1,0,0
telling,NOUN,1,0,0
continually,ADV,1,0,0
recapture,VERB,1,0,0
utmost,ADJ,1,0,0
relationship,NOUN,1,0,0
banality,NOUN,1,0,0
desolate,VERB,1,0,0
evasion,NOUN,1,0,0
companionship,NOUN,1,0,0
confidence,NOUN,1,0,0
tactful,ADJ,1,0,0
superficial,ADJ,1,0,0
imply,VERB,1,0,0
uneasiness,NOUN,1,0,0
verge,VERB,1,0,0
cicerone,ADJ,1,0,0
interpreter,NOUN,1,0,0
custom,NOUN,1,0,0
contrast,VERB,1,0,0
favourably,ADV,1,0,0
tolerant,ADJ,1,0,0
antagonize,VERB,1,0,0
incurious,ADJ,1,0,0
disparage,VERB,1,0,0
inhabitant,NOUN,1,0,0
missionary,ADJ,1,0,0
revoltingly,ADV,1,0,0
sight,VERB,1,0,0
slope,NOUN,1,0,0
tom,NOUN,1,0,0
sloping,ADJ,1,0,0
criminal,ADJ,1,0,0
sweeping,ADJ,1,0,0
marelike,NOUN,1,0,0
kinship,NOUN,1,0,0
hatefulness,NOUN,1,0,0
kin,ADJ,1,0,0
coarse,ADV,1,0,0
attractive,ADJ,1,0,0
eccentricity,NOUN,1,0,0
unsatisfactoriness,NOUN,1,0,0
unsoundness,NOUN,1,0,0
derelict,NOUN,1,0,0
entrap,VERB,1,0,0
sidle,VERB,1,0,0
corner,VERB,1,0,0
excitable,ADJ,1,0,0
toadstool,NOUN,1,0,0
autobiography,NOUN,1,0,0
unquenchable,ADJ,1,0,0
torrent,NOUN,1,0,0
sing,NOUN,1,0,0
rapidity,NOUN,1,0,0
choleric,ADJ,1,0,0
whacking,NOUN,1,0,0
knob,NOUN,1,0,0
longyis,ADV,1,0,0
preserve,VERB,1,0,0
incognito,NOUN,1,0,0
convert,NOUN,1,0,0
fondness,NOUN,1,0,0
fiery,ADV,1,0,0
noise,VERB,1,0,0
abroad,ADJ,1,0,0
spoil,ADJ,1,0,0
booklet,NOUN,1,0,0
entitle,VERB,1,0,0
Scourge,PROPN,1,0,1
Alcohol,PROPN,1,0,1
Press,PROPN,1,0,1
doff,VERB,1,0,0
Englishwoman,PROPN,1,0,1
sweltering,NOUN,1,0,0
seasonable,ADJ,1,0,0
afflict,VERB,1,0,0
infallible,ADJ,1,0,0
Europian,PROPN,1,0,1
Chollop,PROPN,1,0,1
Martin,PROPN,1,0,1
Chuzzlewit,PROPN,1,0,1
dim,ADJ,1,0,0
impertinent,NOUN,1,0,0
Specific,PROPN,1,0,1
renowned,ADJ,1,0,0
advise,VERB,1,0,0
judicious,ADJ,1,0,0
adamant,ADJ,1,0,0
sunstroke,PROPN,1,0,1
menace,NOUN,1,0,0
detain,VERB,1,0,0
flourish,NOUN,1,0,0
charity,NOUN,1,0,0
cadge,NOUN,1,0,0
doubt,VERB,1,0,0
grade,NOUN,1,0,0
cadge,VERB,1,0,0
pretension,NOUN,1,0,0
asset,NOUN,1,0,0
bosh,ADV,1,0,0
excite,VERB,1,0,0
dago,NOUN,1,0,0
Mexicans,PROPN,1,0,1
Italians,PROPN,1,0,1
dago,PROPN,1,0,1
mauvais,PROPN,1,0,1
role,NOUN,1,0,0
film,NOUN,1,0,0
weedy,ADJ,1,0,0
cringing,NOUN,1,0,0
caste,NOUN,1,0,0
specimen,NOUN,1,0,0
upbringing,NOUN,1,0,0
sprung,VERB,1,0,0
mushroom,NOUN,1,0,0
ready,ADV,1,0,0
McFee,PROPN,1,0,1
seduce,VERB,1,0,0
gharry,NOUN,1,0,0
corkscrew,NOUN,1,0,0
curl,NOUN,1,0,0
fern,ADJ,1,0,0
divan,PROPN,1,0,1
implore,VERB,1,0,0
opening,NOUN,1,0,0
outcast,NOUN,1,0,0
pluck,NOUN,1,0,0
viewpoint,NOUN,1,0,0
queerly,ADV,1,0,0
trust,NOUN,1,0,0
effaced,ADJ,1,0,0
enthusiasm,NOUN,1,0,0
knowledgeable,ADJ,1,0,0
torrid,ADJ,1,0,0
burnish,VERB,1,0,0
roadside,NOUN,1,0,0
overthrow,VERB,1,0,0
twin,VERB,1,0,0
uproot,VERB,1,0,0
wrestle,NOUN,1,0,0
concrete,ADJ,1,0,0
peacock,NOUN,1,0,0
mince,VERB,1,0,0
toed,NOUN,1,0,0
parapet,NOUN,1,0,0
dunce,NOUN,1,0,0
cap,NOUN,1,0,0
shaven,ADJ,1,0,0
cow,VERB,1,0,0
jingle,VERB,1,0,0
dart,NOUN,1,0,0
confusion,NOUN,1,0,0
multi,ADJ,1,0,0
scum,PROPN,1,0,1
mooring,NOUN,1,0,0
pole,NOUN,1,0,0
pop,NOUN,1,0,0
eyed,ADJ,1,0,0
dungaree,NOUN,1,0,0
unrecognizable,ADJ,1,0,0
intestine,NOUN,1,0,0
unwillingly,ADV,1,0,0
reluctance,NOUN,1,0,0
anise,NOUN,1,0,0
clove,NOUN,1,0,0
stocky,ADJ,1,0,0
elder,NOUN,1,0,0
astride,ADP,1,0,0
bargaining,NOUN,1,0,0
pomelo,NOUN,1,0,0
heliotrope,NOUN,1,0,0
lobster,NOUN,1,0,0
brittle,ADJ,1,0,0
crimson,ADJ,1,0,0
ham,NOUN,1,0,0
coco,NOUN,1,0,0
larvae,NOUN,1,0,0
aphrodisiac,NOUN,1,0,0
soap,NOUN,1,0,0
pill,NOUN,1,0,0
glaze,VERB,1,0,0
prinjal,NOUN,1,0,0
persimmon,ADJ,1,0,0
necklace,NOUN,1,0,0
cheep,VERB,1,0,0
Buddhas,PROPN,1,0,1
Kruschen,PROPN,1,0,1
clay,NOUN,1,0,0
papi,ADJ,1,0,0
mache,NOUN,1,0,0
alligator,NOUN,1,0,0
mortar,NOUN,1,0,0
sneeze,NOUN,1,0,0
inaudibly,ADV,1,0,0
spice,NOUN,1,0,0
sauce,NOUN,1,0,0
wholesome,ADJ,1,0,0
gudgeon,ADJ,1,0,0
spine,NOUN,1,0,0
gill,NOUN,1,0,0
farth,ADJ,1,0,0
Lancashire,PROPN,1,0,1
barbarity,NOUN,1,0,0
damnably,ADV,1,0,0
longyi,ADJ,1,0,0
blazer,NOUN,1,0,0
Letter,PROPN,1,0,1
menacing,ADJ,1,0,0
chinless,ADJ,1,0,0
honking,ADJ,1,0,0
sweetish,ADJ,1,0,0
lettering,NOUN,1,0,0
paste,VERB,1,0,0
serene,ADJ,1,0,0
smouldering,NOUN,1,0,0
maize,NOUN,1,0,0
horsehair,NOUN,1,0,0
bulging,NOUN,1,0,0
instep,NOUN,1,0,0
cram,VERB,1,0,0
heeled,ADJ,1,0,0
deform,VERB,1,0,0
artificially,ADV,1,0,0
anachronism,NOUN,1,0,0
Beauty,PROPN,1,0,1
Palaungs,PROPN,1,0,1
giraffe,NOUN,1,0,0
queerer,NOUN,1,0,0
bustle,NOUN,1,0,0
crinoline,NOUN,1,0,0
gallon,NOUN,1,0,0
prise,VERB,1,0,0
lid,NOUN,1,0,0
fatherly,ADJ,1,0,0
frame,NOUN,1,0,0
hospitality,NOUN,1,0,0
knelt,NOUN,1,0,0
grinning,NOUN,1,0,0
infra,NOUN,1,0,0
favour,VERB,1,0,0
equal,VERB,1,0,0
orange,PROPN,1,0,1
Ugh,PROPN,1,0,1
acorn,ADJ,1,0,0
naive,ADJ,1,0,0
admiring,ADJ,1,0,0
stay,NOUN,1,0,0
ch,NOUN,1,0,0
scandalize,VERB,1,0,0
principle,NOUN,1,0,0
strait,ADJ,1,0,0
compress,VERB,1,0,0
undress,ADJ,1,0,0
lapse,VERB,1,0,0
charm,VERB,1,0,0
vainly,ADV,1,0,0
explore,VERB,1,0,0
horrified,ADJ,1,0,0
astonishment,PROPN,1,0,1
clicking,NOUN,1,0,0
howling,NOUN,1,0,0
wring,VERB,1,0,0
sponge,NOUN,1,0,0
poppy,ADJ,1,0,0
bud,NOUN,1,0,0
venture,VERB,1,0,0
outlook,NOUN,1,0,0
ungentlemanly,ADV,1,0,0
shy,VERB,1,0,0
nape,NOUN,1,0,0
temperature,NOUN,1,0,0
bake,VERB,1,0,0
soothe,VERB,1,0,0
charm,NOUN,1,0,0
lag,VERB,1,0,0
puff,VERB,1,0,0
saliva,NOUN,1,0,0
Dogs,PROPN,1,0,1
trash,VERB,1,0,0
clump,NOUN,1,0,0
Goodbye,PROPN,1,0,1
thinking,NOUN,1,0,0
sticky,ADJ,1,0,0
bead,VERB,1,0,0
sweating,ADJ,1,0,0
catafalque,NOUN,1,0,0
underlay,VERB,1,0,0
intelligence,NOUN,1,0,0
masterpiece,NOUN,1,0,0
mentality,NOUN,1,0,0
overt,ADJ,1,0,0
irrelevant,ADJ,1,0,0
judge,VERB,1,0,0
forward,VERB,1,0,0
fully,ADV,1,0,0
traitor,NOUN,1,0,0
angle,NOUN,1,0,0
charge,VERB,1,0,0
illegal,ADJ,1,0,0
magic,NOUN,1,0,0
precinct,NOUN,1,0,0
homosexual,ADJ,1,0,0
drummer,NOUN,1,0,0
Machiavelli,PROPN,1,0,1
Sweeny,PROPN,1,0,1
Todd,PROPN,1,0,1
Marquis,PROPN,1,0,1
Sade,PROPN,1,0,1
past,ADV,1,0,0
homesick,NOUN,1,0,0
dire,ADJ,1,0,0
penalty,NOUN,1,0,0
hullabaloo,NOUN,1,0,0
rushing,NOUN,1,0,0
fro,NOUN,1,0,0
whoever,PRON,1,1,0
privy,ADJ,1,0,0
logical,ADJ,1,0,0
sequence,NOUN,1,0,0
credible,ADJ,1,0,0
conceivably,ADV,1,0,0
advantage,VERB,1,0,0
anonymously,ADV,1,0,0
league,NOUN,1,0,0
taker,NOUN,1,0,0
incite,VERB,1,0,0
abduct,VERB,1,0,0
Rule,PROPN,1,0,1
convey,VERB,1,0,0
crumble,VERB,1,0,0
undermine,VERB,1,0,0
sawn,NOUN,1,0,0
massacre,NOUN,1,0,0
superstitious,ADJ,1,0,0
pupil,NOUN,1,0,0
magician,NOUN,1,0,0
tour,VERB,1,0,0
Whiteaway,PROPN,1,0,1
Laidlaw,PROPN,1,0,1
Agent,PROPN,1,0,1
provocateur,NOUN,1,0,0
agent,NOUN,1,0,0
provocateur,PROPN,1,0,1
Andamans,PROPN,1,0,1
nick,NOUN,1,0,0
justly,ADV,1,0,0
pace,VERB,1,0,0
rise,NOUN,1,0,0
blacker,NOUN,1,0,0
fame,NOUN,1,0,0
Greatness,PROPN,1,0,1
unimpressed,ADJ,1,0,0
wickedly,ADV,1,0,0
Pali,PROPN,1,0,1
diffidence,NOUN,1,0,0
wickedness,ADJ,1,0,0
associate,VERB,1,0,0
elevated,ADJ,1,0,0
Ch,PROPN,1,0,1
gossip,VERB,1,0,0
ambitious,ADJ,1,0,0
attain,VERB,1,0,0
seller,NOUN,1,0,0
grander,NOUN,1,0,0
jaw,NOUN,1,0,0
numberless,ADJ,1,0,0
soften,VERB,1,0,0
magnificence,NOUN,1,0,0
project,NOUN,1,0,0
dumb,ADJ,1,0,0
worm,VERB,1,0,0
holy,NOUN,1,0,0
entry,NOUN,1,0,0
gutter,NOUN,1,0,0
thieve,VERB,1,0,0
linen,NOUN,1,0,0
splendour,NOUN,1,0,0
survey,VERB,1,0,0
storming,NOUN,1,0,0
compound,PROPN,1,0,1
sackcloth,NOUN,1,0,0
shed,NOUN,1,0,0
sheetless,ADJ,1,0,0
charpoy,NOUN,1,0,0
moveless,NOUN,1,0,0
amputated,ADJ,1,0,0
doze,VERB,1,0,0
snap,VERB,1,0,0
flea,NOUN,1,0,0
decay,VERB,1,0,0
cop,VERB,1,0,0
inertia,NOUN,1,0,0
out,ADJ,1,1,0
department,NOUN,1,0,0
awry,ADJ,1,0,0
gnarl,VERB,1,0,0
file,VERB,1,0,0
queue,VERB,1,0,0
sleeve,NOUN,1,0,0
sweating,NOUN,1,0,0
profusely,ADV,1,0,0
fussy,ADJ,1,0,0
amenity,NOUN,1,0,0
populace,NOUN,1,0,0
villainous,ADJ,1,0,0
scribble,VERB,1,0,0
dye,NOUN,1,0,0
largely,ADV,1,0,0
diagnosis,NOUN,1,0,0
Head,PROPN,1,0,1
reply,NOUN,1,0,0
beforehand,ADV,1,1,0
ungentlemanly,ADJ,1,0,0
pointless,ADJ,1,0,0
cutting,NOUN,1,0,0
majority,NOUN,1,0,0
submit,VERB,1,0,0
pad,NOUN,1,0,0
amazing,ADJ,1,0,0
impregnate,VERB,1,0,0
suffocate,VERB,1,0,0
developed,ADJ,1,0,0
abandon,VERB,1,0,0
Suez,PROPN,1,0,1
discouraging,ADJ,1,0,0
ignorant,ADJ,1,0,0
gangrene,NOUN,1,0,0
tumour,NOUN,1,0,0
melon,NOUN,1,0,0
herb,NOUN,1,0,0
urine,NOUN,1,0,0
menstrual,ADJ,1,0,0
picturesque,ADJ,1,0,0
compile,VERB,1,0,0
pharmacopoeia,NOUN,1,0,0
Culpeper,PROPN,1,0,1
strangulate,VERB,1,0,0
hernia,NOUN,1,0,0
fussily,ADV,1,0,0
cradle,NOUN,1,0,0
insulting,ADJ,1,0,0
err,VERB,1,0,0
scare,VERB,1,0,0
permanently,ADV,1,0,0
pressure,NOUN,1,0,0
dare,NOUN,1,0,0
funk,VERB,1,0,0
possitively,ADV,1,0,0
ass,ADJ,1,0,0
superiority,NOUN,1,0,0
ass,X,1,0,0
Britannia,PROPN,1,0,1
moribund,ADJ,1,0,0
slaughter,NOUN,1,0,0
Hampdens,PROPN,1,0,1
taxis,NOUN,1,0,0
burst,ADJ,1,0,0
unutterable,ADJ,1,0,0
humor,NOUN,1,0,0
parcel,NOUN,1,0,0
dropsy,NOUN,1,0,0
hutch,NOUN,1,0,0
outline,VERB,1,0,0
sham,ADJ,1,0,0
accurately,ADV,1,0,0
blacker,PROPN,1,0,1
connect,VERB,1,0,0
sympathizer,NOUN,1,0,0
intriguer,NOUN,1,0,0
Qui,PROPN,1,0,1
conflict,NOUN,1,0,0
count,NOUN,1,0,0
chilling,ADJ,1,0,0
fortress,ADJ,1,0,0
impregnable,ADJ,1,0,0
tolerate,VERB,1,0,0
damp,VERB,1,0,0
ass,PROPN,1,0,1
number,VERB,1,0,0
subtle,ADJ,1,0,0
gratifying,NOUN,1,0,0
associate,NOUN,1,0,0
presume,VERB,1,0,0
exhilarate,VERB,1,0,0
circumspect,ADJ,1,0,0
orbit,NOUN,1,0,0
danse,NOUN,1,0,0
du,PROPN,1,0,1
edification,NOUN,1,0,0
salvation,NOUN,1,0,0
homesickness,NOUN,1,0,0
inexhaustibly,ADV,1,0,0
brave,VERB,1,0,0
goat,NOUN,1,0,0
dash,NOUN,1,0,0
ruff,NOUN,1,0,0
hurrying,NOUN,1,0,0
tiding,NOUN,1,0,0
hideously,ADV,1,0,0
downcast,NOUN,1,0,0
vent,VERB,1,0,0
degenerate,VERB,1,0,0
Manchester,PROPN,1,0,1
flower,VERB,1,0,0
drab,NOUN,1,0,0
tirade,NOUN,1,0,0
graceless,NOUN,1,0,0
jeered,ADJ,1,0,0
kadaw,NOUN,1,0,0
warning,NOUN,1,0,0
gone,PROPN,1,0,1
cleverer,NOUN,1,0,0
hang,NOUN,1,0,0
instinctively,ADV,1,0,0
course,VERB,1,0,0
abasement,NOUN,1,0,0
abject,ADJ,1,0,0
shamelessly,ADV,1,0,0
crept,ADJ,1,0,0
wormlike,NOUN,1,0,0
prostrate,NOUN,1,0,0
need,AUX,1,0,0
finality,NOUN,1,0,0
gracelessness,NOUN,1,0,0
lowness,NOUN,1,0,0
entreaty,NOUN,1,0,0
grovel,VERB,1,0,0
dominion,NOUN,1,0,0
sorrow,NOUN,1,0,0
nobility,NOUN,1,0,0
wrong,VERB,1,0,0
sob,NOUN,1,0,0
disentangle,VERB,1,0,0
stow,VERB,1,0,0
offence,NOUN,1,0,0
carriage,NOUN,1,0,0
footed,ADJ,1,0,0
deprecate,VERB,1,0,0
attract,VERB,1,0,0
inland,PROPN,1,0,1
eastern,PROPN,1,0,1
bank,PROPN,1,0,1
comparative,ADJ,1,0,0
cool,NOUN,1,0,0
hollow,VERB,1,0,0
ripple,VERB,1,0,0
profuse,NOUN,1,0,0
winding,ADJ,1,0,0
interlace,VERB,1,0,0
wrinkly,ADJ,1,0,0
grandmama,NOUN,1,0,0
paddle,NOUN,1,0,0
backless,NOUN,1,0,0
bilge,PROPN,1,0,1
sixty,NUM,1,1,0
wisp,NOUN,1,0,0
brogue,NOUN,1,0,0
speckled,ADJ,1,0,0
narrow,VERB,1,0,0
steep,ADJ,1,0,0
guide,VERB,1,0,0
barnacle,NOUN,1,0,0
foothold,NOUN,1,0,0
mole,NOUN,1,0,0
sprout,VERB,1,0,0
cuff,VERB,1,0,0
L,PROPN,1,0,1
upside,ADV,1,0,0
rheumatism,NOUN,1,0,0
combine,VERB,1,0,0
cluster,NOUN,1,0,0
moonlike,NOUN,1,0,0
rustic,ADJ,1,0,0
darkish,ADJ,1,0,0
Venice,PROPN,1,0,1
pride,NOUN,1,0,0
forego,VERB,1,0,0
appreciably,ADV,1,0,0
lessen,VERB,1,0,0
fuss,NOUN,1,0,0
red,PROPN,1,0,1
hibiscus,PROPN,1,0,1
begonia,NOUN,1,0,0
worse,ADV,1,0,0
milk,VERB,1,0,0
guiltily,ADV,1,0,0
insufficient,ADJ,1,0,0
veranda,PROPN,1,0,1
jungle,PROPN,1,0,1
lovely,ADV,1,0,0
unlikely,ADJ,1,0,0
teem,VERB,1,0,0
roam,VERB,1,0,0
kill,NOUN,1,0,0
trivial,ADJ,1,0,0
mucky,ADJ,1,0,0
splendidly,ADV,1,0,0
eater,NOUN,1,0,0
wait,NOUN,1,0,0
panting,NOUN,1,0,0
perfunctorily,ADV,1,0,0
delightedly,ADV,1,0,0
active,ADJ,1,0,0
whoop,NOUN,1,0,0
bamboos,NOUN,1,0,0
flagstaff,NOUN,1,0,0
densely,ADV,1,0,0
tattoo,VERB,1,0,0
lace,NOUN,1,0,0
thickness,NOUN,1,0,0
sever,VERB,1,0,0
upward,ADJ,1,0,0
flick,NOUN,1,0,0
prisone,VERB,1,0,0
gush,VERB,1,0,0
lifeless,ADJ,1,0,0
snowy,ADJ,1,0,0
cliff,NOUN,1,0,0
hawthorn,NOUN,1,0,0
gabbling,NOUN,1,0,0
cloudy,ADJ,1,0,0
nat,NOUN,1,0,0
dryad,NOUN,1,0,0
apparently,ADV,1,0,0
Nat,PROPN,1,0,1
wild,NOUN,1,0,0
tap,VERB,1,0,0
scarlet,NOUN,1,0,0
dip,VERB,1,0,0
tapping,NOUN,1,0,0
lumpy,ADJ,1,0,0
whistle,VERB,1,0,0
catapulted,ADJ,1,0,0
deafening,ADJ,1,0,0
broken,ADJ,1,0,0
swirl,VERB,1,0,0
leapt,VERB,1,0,0
Kachin,PROPN,1,0,1
adoration,NOUN,1,0,0
vomit,VERB,1,0,0
enviously,ADV,1,0,0
knack,NOUN,1,0,0
paralysed,ADJ,1,0,0
verdigris,PROPN,1,0,1
cluck,NOUN,1,0,0
cluck,VERB,1,0,0
twice,DET,1,0,0
trumpet,NOUN,1,0,0
whichever,DET,1,0,0
multitudinous,ADJ,1,0,0
basis,NOUN,1,0,0
pier,NOUN,1,0,0
bramble,ADJ,1,0,0
oppress,VERB,1,0,0
cidada,NOUN,1,0,0
shrill,ADJ,1,0,0
pinging,NOUN,1,0,0
twanging,NOUN,1,0,0
guitar,NOUN,1,0,0
coo,VERB,1,0,0
topmost,ADJ,1,0,0
refrain,VERB,1,0,0
handle,VERB,1,0,0
appraisingly,ADV,1,0,0
barley,NOUN,1,0,0
ladder,NOUN,1,0,0
hug,VERB,1,0,0
fle,VERB,1,0,0
killing,NOUN,1,0,0
beyond,ADV,1,1,0
oblong,NOUN,1,0,0
mow,VERB,1,0,0
smother,VERB,1,0,0
doodle,NOUN,1,0,0
doo,NOUN,1,0,0
skirt,VERB,1,0,0
trickle,VERB,1,0,0
bantam,NOUN,1,0,0
peck,VERB,1,0,0
vigorously,ADV,1,0,0
bunch,VERB,1,0,0
whirr,NOUN,1,0,0
aiming,NOUN,1,0,0
consciousness,NOUN,1,0,0
lightning,NOUN,1,0,0
marvellous,ADJ,1,0,0
stillness,NOUN,1,0,0
momentous,ADJ,1,0,0
yieldingly,ADV,1,0,0
awkwardness,NOUN,1,0,0
teaching,NOUN,1,0,0
leap,NOUN,1,0,0
hurrah,NOUN,1,0,0
Char,PROPN,1,0,1
leash,NOUN,1,0,0
dive,VERB,1,0,0
rapid,ADJ,1,0,0
wire,NOUN,1,0,0
underfoot,NOUN,1,0,0
landmark,NOUN,1,0,0
enjoin,VERB,1,0,0
SG,PROPN,1,0,1
rustling,NOUN,1,0,0
pellet,NOUN,1,0,0
goodness,NOUN,1,0,0
whence,ADV,1,1,0
dialogue,NOUN,1,0,0
frightful,ADJ,1,0,0
punctuate,VERB,1,0,0
downward,NOUN,1,0,0
tumult,NOUN,1,0,0
marching,NOUN,1,0,0
sudden,ADV,1,0,0
pattering,NOUN,1,0,0
scuttle,VERB,1,0,0
noisy,ADJ,1,0,0
pall,NOUN,1,0,0
crane,VERB,1,0,0
eare,VERB,1,0,0
intently,ADV,1,0,0
spring,NOUN,1,0,0
flat,ADV,1,0,0
gasp,VERB,1,0,0
damn,INTJ,1,0,0
sg,NOUN,1,0,0
thrash,VERB,1,0,0
climbable,ADJ,1,0,0
crippled,ADJ,1,0,0
whimpering,NOUN,1,0,0
pug,NOUN,1,0,0
fang,NOUN,1,0,0
paw,NOUN,1,0,0
slink,VERB,1,0,0
shone,NOUN,1,0,0
beam,NOUN,1,0,0
inordinate,VERB,1,0,0
compare,VERB,1,0,0
fainting,NOUN,1,0,0
rendezvous,NOUN,1,0,0
skinning,NOUN,1,0,0
pack,VERB,1,0,0
organ,NOUN,1,0,0
unusually,ADV,1,0,0
morose,NOUN,1,0,0
Debrett,PROPN,1,0,1
misunderstood,NOUN,1,0,0
fortunate,ADJ,1,0,0
sulk,VERB,1,0,0
Illustrations,PROPN,1,0,1
keep,NOUN,1,1,0
uninhabitable,ADJ,1,0,0
consequently,ADV,1,0,0
exciting,ADJ,1,0,0
dubious,ADJ,1,0,0
unintelligible,ADJ,1,0,0
disquieting,ADJ,1,0,0
yielding,ADJ,1,0,0
nearer,NOUN,1,0,0
drivel,VERB,1,0,0
flare,VERB,1,0,0
smoky,ADJ,1,0,0
wisps,NOUN,1,0,0
yellowish,ADJ,1,0,0
jaundiced,ADJ,1,0,0
jagged,ADJ,1,0,0
design,NOUN,1,0,0
fantastic,ADJ,1,0,0
transfigure,VERB,1,0,0
slot,NOUN,1,0,0
rod,NOUN,1,0,0
crust,VERB,1,0,0
freight,NOUN,1,0,0
solid,ADJ,1,0,0
snow,NOUN,1,0,0
adjective,NOUN,1,0,0
unfinishe,VERB,1,0,0
Dartle,PROPN,1,0,1
lightly,ADV,1,0,0
mingle,VERB,1,0,0
stultification,NOUN,1,0,0
remoteness,NOUN,1,0,0
symbolize,VERB,1,0,0
unbridgeable,ADJ,1,0,0
gulf,NOUN,1,0,0
disengage,VERB,1,0,0
blunt,VERB,1,0,0
salvage,VERB,1,0,0
remonstrance,NOUN,1,0,0
boring,NOUN,1,0,0
anglo,NOUN,1,0,0
interruption,NOUN,1,0,0
coatpocket,NOUN,1,0,0
delay,NOUN,1,0,0
egoistically,ADV,1,0,0
nullify,VERB,1,0,0
devilishly,ADV,1,0,0
blessed,ADJ,1,0,0
sick,NOUN,1,0,0
aching,NOUN,1,0,0
cinema,NOUN,1,0,0
read,NOUN,1,0,0
portable,ADJ,1,0,0
radio,NOUN,1,0,0
foreignness,NOUN,1,0,0
landscape,NOUN,1,0,0
imaginable,ADJ,1,0,0
solitary,ADJ,1,0,0
paradise,NOUN,1,0,0
meandering,NOUN,1,0,0
impertinence,NOUN,1,0,0
eliz,NOUN,1,0,0
beth,PROPN,1,0,1
plaintive,ADJ,1,0,0
release,VERB,1,0,0
staggering,ADJ,1,0,0
dizzily,ADV,1,0,0
unintelligently,ADV,1,0,0
prefix,NOUN,1,0,0
criminal,NOUN,1,0,0
nga,DET,1,0,0
Typhaeus,PROPN,1,0,1
unhurt,ADJ,1,0,0
hysterically,ADV,1,0,0
ataxic,ADJ,1,0,0
Earthquake,PROPN,1,0,1
cautiously,ADV,1,0,0
joie,ADJ,1,0,0
vivre,NOUN,1,0,0
exhilarating,ADJ,1,0,0
dam,NOUN,1,0,0
explosion,NOUN,1,0,0
butler,VERB,1,0,0
graciously,ADV,1,0,0
biggish,ADJ,1,0,0
heathen,ADJ,1,0,0
thathanabaing,NOUN,1,0,0
Major,PROPN,1,0,1
Maclagan,PROPN,1,0,1
teetotal,ADJ,1,0,0
pledge,NOUN,1,0,0
relate,VERB,1,0,0
encourage,VERB,1,0,0
whitened,ADJ,1,0,0
spiral,NOUN,1,0,0
formally,ADV,1,0,0
prompt,VERB,1,0,0
canter,VERB,1,0,0
manifestly,ADV,1,0,0
triangle,NOUN,1,0,0
fore,NOUN,1,0,0
fearless,ADJ,1,0,0
tough,ADJ,1,0,0
offensively,ADV,1,0,0
tan,VERB,1,0,0
elegant,ADJ,1,0,0
buckskin,PROPN,1,0,1
meerschaum,ADJ,1,0,0
mash,NOUN,1,0,0
Dak,PROPN,1,0,1
boot,VERB,1,0,0
backward,ADJ,1,0,0
pity,INTJ,1,0,0
trop,X,1,0,0
Arab,PROPN,1,0,1
Hira,PROPN,1,0,1
Singh,PROPN,1,0,1
pony,PROPN,1,0,1
companion,NOUN,1,0,0
boxwood,NOUN,1,0,0
critically,ADV,1,0,0
catapult,NOUN,1,0,0
centaur,NOUN,1,0,0
Shabash,PROPN,1,0,1
orthodox,ADJ,1,0,0
canter,NOUN,1,0,0
transfixed,ADJ,1,0,0
solemnity,NOUN,1,0,0
concentrate,VERB,1,0,0
religious,ADJ,1,0,0
ritual,NOUN,1,0,0
unwelcome,ADJ,1,0,0
inferiority,NOUN,1,0,0
transfixing,NOUN,1,0,0
ungraciously,ADV,1,0,0
curb,NOUN,1,0,0
chain,NOUN,1,0,0
temporize,VERB,1,0,0
pink,ADV,1,0,0
whelp,NOUN,1,0,0
response,NOUN,1,0,0
Chalo,PROPN,1,0,1
bound,NOUN,1,0,0
crack,NOUN,1,0,0
joint,ADJ,1,0,0
mercifully,ADV,1,0,0
blurred,ADJ,1,0,0
focus,VERB,1,0,0
gruff,ADJ,1,0,0
extreme,ADJ,1,0,0
ignominiously,ADV,1,0,0
damaged,ADJ,1,0,0
appealingly,ADV,1,0,0
click,NOUN,1,0,0
stiffly,NOUN,1,0,0
bruise,VERB,1,0,0
contemptuous,ADJ,1,0,0
loosen,VERB,1,0,0
briefly,ADV,1,0,0
saddled,ADJ,1,0,0
peg,VERB,1,0,0
humiliation,NOUN,1,0,0
concerned,ADJ,1,0,0
peel,VERB,1,0,0
torn,ADJ,1,0,0
politely,ADV,1,0,0
humiliating,ADJ,1,0,0
substitute,NOUN,1,0,0
boracic,NOUN,1,0,0
sponge,VERB,1,0,0
graz,NOUN,1,0,0
plausible,ADJ,1,0,0
attribute,VERB,1,0,0
undeserved,ADJ,1,0,0
renown,VERB,1,0,0
Fate,PROPN,1,0,1
graze,NOUN,1,0,0
yawn,NOUN,1,0,0
heated,ADJ,1,0,0
natured,ADJ,1,0,0
annoy,VERB,1,0,0
Hyde,PROPN,1,0,1
agitator,NOUN,1,0,0
snappish,ADJ,1,0,0
beatitude,NOUN,1,0,0
ell,NOUN,1,0,0
Corps,PROPN,1,0,1
gnaw,VERB,1,0,0
Scotch,PROPN,1,0,1
soaker,NOUN,1,0,0
breeder,NOUN,1,0,0
turf,NOUN,1,0,0
reprovingly,ADV,1,0,0
laddie,NOUN,1,0,0
dirrt,VERB,1,0,0
blasphemously,ADV,1,0,0
liven,VERB,1,0,0
nerve,VERB,1,0,0
smartly,ADV,1,0,0
pique,NOUN,1,0,0
fibre,NOUN,1,0,0
breastplate,NOUN,1,0,0
serpentine,VERB,1,0,0
indefinable,ADJ,1,0,0
distinguished,ADJ,1,0,0
guest,NOUN,1,0,0
usurp,VERB,1,0,0
Prince,PROPN,1,0,1
Wales,PROPN,1,0,1
duchess,NOUN,1,0,0
musical,ADJ,1,0,0
comedy,NOUN,1,0,0
champagne,NOUN,1,0,0
unbelievable,ADJ,1,0,0
unaccountable,ADJ,1,0,0
dreadly,ADV,1,0,0
caddish,ADJ,1,0,0
feminine,ADJ,1,0,0
urge,VERB,1,0,0
vulgarity,NOUN,1,0,0
generous,ADJ,1,0,0
straightforward,ADJ,1,0,0
speak,NOUN,1,0,0
swish,NOUN,1,0,0
appalled,ADJ,1,0,0
accursed,ADJ,1,0,0
Conservator,PROPN,1,0,1
Forests,PROPN,1,0,1
dodo,NOUN,1,0,0
marriageable,ADJ,1,0,0
drunken,VERB,1,0,0
rupee,VERB,1,0,0
probable,ADJ,1,0,0
intervene,VERB,1,0,0
explode,VERB,1,0,0
shield,NOUN,1,0,0
electron,NOUN,1,0,0
featureless,ADJ,1,0,0
disc,NOUN,1,0,0
ruby,PROPN,1,0,1
pleasant,ADJ,1,0,0
vice,NOUN,1,0,0
pleasant,NOUN,1,0,0
plague,VERB,1,0,0
dirty,VERB,1,0,0
redemption,NOUN,1,0,0
punishment,NOUN,1,0,0
clubhouse,NOUN,1,0,0
sadden,VERB,1,0,0
mohur,PROPN,1,0,1
warily,NOUN,1,0,0
defiant,ADJ,1,0,0
verge,NOUN,1,0,0
hysteric,NOUN,1,0,0
bitch,VERB,1,0,0
nimbly,ADV,1,0,0
whip,VERB,1,0,0
disobedient,ADJ,1,0,0
Pike,PROPN,1,0,1
wearied,ADJ,1,0,0
clutch,VERB,1,0,0
figurine,NOUN,1,0,0
blackmailing,NOUN,1,0,0
tenacity,NOUN,1,0,0
egg,VERB,1,0,0
specie,NOUN,1,0,0
saga,NOUN,1,0,0
incautious,ADJ,1,0,0
Daily,PROPN,1,0,1
Worker,PROPN,1,0,1
ful,NOUN,1,0,0
shiver,ADJ,1,0,0
recital,NOUN,1,0,0
scandalous,ADJ,1,0,0
irritated,ADJ,1,0,0
class,VERB,1,0,0
Cook,PROPN,1,0,1
stilte,VERB,1,0,0
six,NOUN,1,0,0
seven,VERB,1,0,0
coolie,VERB,1,0,0
prophylactic,NOUN,1,0,0
illegally,ADV,1,0,0
procure,VERB,1,0,0
measure,VERB,1,0,0
sting,VERB,1,0,0
brier,NOUN,1,0,0
hound,VERB,1,0,0
officious,ADJ,1,0,0
vacate,VERB,1,0,0
state,VERB,1,0,0
peaceably,ADV,1,0,0
ungracious,ADJ,1,0,0
courtesy,NOUN,1,0,0
title,VERB,1,0,0
simplicity,NOUN,1,0,0
loathsome,ADJ,1,0,0
snobbishness,ADV,1,0,0
peer,NOUN,1,0,0
writ,NOUN,1,0,0
issue,VERB,1,0,0
debt,NOUN,1,0,0
faking,NOUN,1,0,0
horseless,NOUN,1,0,0
riffraff,NOUN,1,0,0
catalogue,VERB,1,0,0
non,ADJ,1,0,0
famous,ADJ,1,0,0
except,VERB,1,0,0
convenience,NOUN,1,0,0
swear,ADJ,1,0,0
singular,ADJ,1,0,0
inspect,VERB,1,0,0
outspoken,ADJ,1,0,0
review,NOUN,1,0,0
Rifles,PROPN,1,0,1
reprimand,VERB,1,0,0
insulted,ADJ,1,0,0
unpaid,ADJ,1,0,0
charmed,ADJ,1,0,0
handle,NOUN,1,0,0
dun,VERB,1,0,0
disconcerting,ADJ,1,0,0
protuberant,ADJ,1,0,0
exceedingly,ADV,1,0,0
weigh,VERB,1,0,0
balance,NOUN,1,0,0
wanting,NOUN,1,0,0
scrutiny,NOUN,1,0,0
respect,NOUN,1,0,0
normally,ADV,1,0,0
snob,NOUN,1,0,0
spending,NOUN,1,0,0
owing,ADJ,1,0,0
fabulous,ADJ,1,0,0
ascetically,ADV,1,0,0
exercise,VERB,1,0,0
ceaselessly,ADV,1,0,0
brutally,ADV,1,0,0
ration,VERB,1,0,0
fitness,NOUN,1,0,0
wed,VERB,1,0,0
centaurlike,NOUN,1,0,0
springy,ADJ,1,0,0
religion,NOUN,1,0,0
womanizing,NOUN,1,0,0
abhor,VERB,1,0,0
siren,NOUN,1,0,0
lure,VERB,1,0,0
enmesh,VERB,1,0,0
succumb,VERB,1,0,0
disgust,VERB,1,0,0
callous,ADJ,1,0,0
pinch,NOUN,1,0,0
tantalizing,ADJ,1,0,0
involuntarily,ADV,1,0,0
propos,ADJ,1,0,0
botte,NOUN,1,0,0
Satan,PROPN,1,0,1
mischief,NOUN,1,0,0
ripple,NOUN,1,0,0
unfixing,ADJ,1,0,0
four,NOUN,1,0,0
orderly,NOUN,1,0,0
rack,NOUN,1,0,0
rein,VERB,1,0,0
chivy,VERB,1,0,0
saccharine,NOUN,1,0,0
surlily,ADV,1,0,0
scraggy,ADJ,1,0,0
prettiness,NOUN,1,0,0
puff,NOUN,1,0,0
outline,NOUN,1,0,0
revelation,NOUN,1,0,0
rear,VERB,1,0,0
hind,NOUN,1,0,0
unmarre,VERB,1,0,0
pitiless,NOUN,1,0,0
agony,ADJ,1,0,0
blur,NOUN,1,0,0
aquarelle,NOUN,1,0,0
peach,NOUN,1,0,0
unkind,NOUN,1,0,0
fearfully,ADV,1,0,0
exceptional,ADJ,1,0,0
beating,NOUN,1,0,0
tearful,ADJ,1,0,0
lustrous,ADJ,1,0,0
sooty,ADJ,1,0,0
crustacean,NOUN,1,0,0
Beggar,PROPN,1,0,1
Niagara,PROPN,1,0,1
wilt,VERB,1,0,0
querulously,ADV,1,0,0
content,NOUN,1,0,0
rouse,VERB,1,0,0
seep,VERB,1,0,0
lantern,ADJ,1,0,0
exceptionally,ADV,1,0,0
dacoity,NOUN,1,0,0
sagae,VERB,1,0,0
expectantly,ADV,1,0,0
his,PROPN,1,1,1
chilly,ADJ,1,0,0
terpsichorean,ADJ,1,0,0
doleful,ADJ,1,0,0
oblivious,ADJ,1,0,0
pestilence,NOUN,1,0,0
wanna,VERB,1,0,0
shadowy,ADJ,1,0,0
higher,ADV,1,0,0
murk,NOUN,1,0,0
indefatigably,ADV,1,0,0
voluptuous,ADJ,1,0,0
ash,NOUN,1,0,0
monopolize,VERB,1,0,0
feverishly,ADJ,1,0,0
shorten,VERB,1,0,0
fit,VERB,1,0,0
sixteen,ADJ,1,0,0
desirable,ADJ,1,0,0
horrid,NOUN,1,0,0
transient,ADJ,1,0,0
dawn,NOUN,1,0,0
ache,ADV,1,0,0
glue,VERB,1,0,0
restless,NOUN,1,0,0
struggle,NOUN,1,0,0
pillowslip,NOUN,1,0,0
stoical,ADJ,1,0,0
bickering,NOUN,1,0,0
monger,VERB,1,0,0
monosyllable,NOUN,1,0,0
miscellany,NOUN,1,0,0
assurance,NOUN,1,0,0
ford,PROPN,1,0,1
faraway,PROPN,1,0,1
rainless,NOUN,1,0,0
thunder,NOUN,1,0,0
martin,NOUN,1,0,0
hawk,VERB,1,0,0
abreast,VERB,1,0,0
hunting,NOUN,1,0,0
talker,NOUN,1,0,0
gruff,NOUN,1,0,0
jerky,ADJ,1,0,0
catalogue,NOUN,1,0,0
evocative,ADJ,1,0,0
aura,NOUN,1,0,0
soldiering,NOUN,1,0,0
tanned,ADJ,1,0,0
romance,NOUN,1,0,0
panache,NOUN,1,0,0
cavalryman,NOUN,1,0,0
West,PROPN,1,0,1
Frontier,PROPN,1,0,1
Cavalry,PROPN,1,0,1
barrack,NOUN,1,0,0
streaming,NOUN,1,0,0
bugle,NOUN,1,0,0
spur,NOUN,1,0,0
regimental,ADJ,1,0,0
messroom,NOUN,1,0,0
splendid,VERB,1,0,0
equestrian,ADJ,1,0,0
taradiddle,NOUN,1,0,0
bond,NOUN,1,0,0
jorrock,NOUN,1,0,0
successfully,ADV,1,0,0
invitation,NOUN,1,0,0
thankful,ADJ,1,0,0
embrace,VERB,1,0,0
crook,NOUN,1,0,0
tire,VERB,1,0,0
finch,NOUN,1,0,0
chrome,NOUN,1,0,0
hen,PROPN,1,0,1
whir,VERB,1,0,0
midflight,NOUN,1,0,0
incuriously,ADV,1,0,0
flick,VERB,1,0,0
vanilla,NOUN,1,0,0
fragrant,ADJ,1,0,0
pod,NOUN,1,0,0
staleness,ADJ,1,0,0
enisle,VERB,1,0,0
jar,VERB,1,0,0
folly,ADJ,1,0,0
mindless,ADJ,1,0,0
extenuate,NOUN,1,0,0
unjust,ADJ,1,0,0
journey,NOUN,1,0,0
mutiny,VERB,1,0,0
semi,ADJ,1,0,0
moonless,ADJ,1,0,0
moonstone,NOUN,1,0,0
cook,VERB,1,0,0
tiredness,NOUN,1,0,0
extravagant,ADJ,1,0,0
shoo,VERB,1,0,0
suitable,ADJ,1,0,0
hiding,NOUN,1,0,0
denunciation,NOUN,1,0,0
pseudo,NOUN,1,0,0
disconcert,VERB,1,0,0
protest,VERB,1,0,0
cardboard,NOUN,1,0,0
leather,NOUN,1,0,0
fur,NOUN,1,0,0
stank,VERB,1,0,0
beautifully,ADV,1,0,0
Gone,PROPN,1,0,1
assistance,NOUN,1,0,0
mishap,NOUN,1,0,0
daunt,VERB,1,0,0
message,NOUN,1,0,0
lumpish,ADJ,1,0,0
whispering,NOUN,1,0,0
reddish,ADJ,1,0,0
flee,VERB,1,0,0
zinnias,PROPN,1,0,1
gaily,ADV,1,0,0
italicize,VERB,1,0,0
obligation,NOUN,1,0,0
terrify,VERB,1,0,0
wince,NOUN,1,0,0
foul,ADJ,1,0,0
odour,NOUN,1,0,0
sham,VERB,1,0,0
stank,ADJ,1,0,0
pleading,NOUN,1,0,0
utter,NOUN,1,0,0
plead,VERB,1,0,0
tee,NOUN,1,0,0
heee,VERB,1,0,0
carrion,NOUN,1,0,0
voiceless,ADJ,1,0,0
lumpishly,ADV,1,0,0
crease,VERB,1,0,0
sleepless,ADJ,1,0,0
smear,NOUN,1,0,0
mumble,VERB,1,0,0
reeking,NOUN,1,0,0
cruelly,ADV,1,0,0
syce,ADJ,1,0,0
shirt,VERB,1,0,0
grub,VERB,1,0,0
sunshine,NOUN,1,0,0
planting,NOUN,1,0,0
cockscomb,NOUN,1,0,0
itinerant,ADJ,1,0,0
peddler,NOUN,1,0,0
analphabetic,ADJ,1,0,0
Bible,PROPN,1,0,1
thriller,NOUN,1,0,0
Agatha,PROPN,1,0,1
Christie,PROPN,1,0,1
restlessness,NOUN,1,0,0
dekko,ADJ,1,0,0
riderless,ADJ,1,0,0
silly,ADV,1,0,0
stirrup,NOUN,1,0,0
clash,VERB,1,0,0
suspecting,NOUN,1,0,0
vilely,ADV,1,0,0
tumbler,ADJ,1,0,0
drinkable,ADJ,1,0,0
nauseous,ADJ,1,0,0
dose,NOUN,1,0,0
toothache,PROPN,1,0,1
accurse,VERB,1,0,0
brace,NOUN,1,0,0
undress,VERB,1,0,0
cornered,ADJ,1,0,0
negroid,ADJ,1,0,0
candlelight,NOUN,1,0,0
responsibility,NOUN,1,0,0
cool,VERB,1,0,0
towel,NOUN,1,0,0
compress,NOUN,1,0,0
temper,VERB,1,0,0
whereupon,NOUN,1,1,0
naively,ADV,1,0,0
pillow,VERB,1,0,0
rumour,VERB,1,0,0
indignant,ADJ,1,0,0
epistolary,ADJ,1,0,0
syntax,NOUN,1,0,0
capital,NOUN,1,0,0
seventeenth,ADJ,1,0,0
divine,NOUN,1,0,0
italic,NOUN,1,0,0
rival,VERB,1,0,0
wile,NOUN,1,0,0
mature,VERB,1,0,0
spy,NOUN,1,0,0
delude,VERB,1,0,0
Lugale,PROPN,1,0,1
Rogue,PROPN,1,0,1
Seven,PROPN,1,0,1
jackall,NOUN,1,0,0
worker,NOUN,1,0,0
sensationally,ADV,1,0,0
swear,VERB,1,0,0
minion,NOUN,1,0,0
regrettably,ADV,1,0,0
abdomen,NOUN,1,0,0
conspire,VERB,1,0,0
disastrous,ADJ,1,0,0
realise,VERB,1,0,0
Contest,PROPN,1,0,1
supreme,PROPN,1,0,1
Hero,PROPN,1,0,1
Conceitedness,PROPN,1,0,1
Hundred,PROPN,1,1,1
revolver,ADJ,1,0,0
veritably,ADV,1,0,0
Nauseous,PROPN,1,0,1
effrontery,NOUN,1,0,0
promptitude,NOUN,1,0,0
daring,NOUN,1,0,0
Conglomeration,PROPN,1,0,1
occurrence,NOUN,1,0,0
Disgusting,PROPN,1,0,1
Height,PROPN,1,0,1
venom,NOUN,1,0,0
disposal,NOUN,1,0,0
stock,NOUN,1,0,0
weapon,NOUN,1,0,0
armoury,NOUN,1,0,0
follower,NOUN,1,0,0
shotgun,NOUN,1,0,0
piping,NOUN,1,0,0
dummy,ADJ,1,0,0
teakwood,NOUN,1,0,0
terrorem,NOUN,1,0,0
sentence,VERB,1,0,0
transportation,NOUN,1,0,0
breed,VERB,1,0,0
distract,VERB,1,0,0
neuralgia,NOUN,1,0,0
earache,NOUN,1,0,0
imagined,ADJ,1,0,0
perfection,NOUN,1,0,0
murderous,ADJ,1,0,0
spiritually,ADV,1,0,0
sentimentally,ADV,1,0,0
caress,NOUN,1,0,0
base,ADJ,1,0,0
snobbish,VERB,1,0,0
heartless,ADJ,1,0,0
barking,NOUN,1,0,0
inhabit,VERB,1,0,0
rightly,ADV,1,0,0
simile,NOUN,1,0,0
mentionable,ADJ,1,0,0
Envy,PROPN,1,0,1
disguising,NOUN,1,0,0
knowing,NOUN,1,0,0
essentially,ADV,1,0,0
squirm,NOUN,1,0,0
hopefully,ADV,1,0,0
divine,VERB,1,0,0
fretful,ADJ,1,0,0
monologue,NOUN,1,0,0
apropos,NOUN,1,0,0
Tatler,PROPN,1,0,1
beach,NOUN,1,0,0
opposite,NOUN,1,0,0
tack,NOUN,1,0,0
foolishly,ADV,1,0,0
suffering,NOUN,1,0,0
heartrending,ADJ,1,0,0
maid,VERB,1,0,0
horrid,ADJ,1,0,0
shockingly,ADV,1,0,0
indifferently,ADV,1,0,0
recur,VERB,1,0,0
following,ADJ,1,0,0
unimportant,ADJ,1,0,0
gossip,NOUN,1,0,0
pis,NOUN,1,0,0
aller,NOUN,1,0,0
spirited,ADJ,1,0,0
afoot,ADJ,1,0,0
peddle,VERB,1,0,0
philosopher,NOUN,1,0,0
innocent,ADJ,1,0,0
Martaban,PROPN,1,0,1
isolate,VERB,1,0,0
wilt,PROPN,1,0,1
thou,NOUN,1,0,0
kerosene,NOUN,1,0,0
yoke,NOUN,1,0,0
dump,VERB,1,0,0
gesture,VERB,1,0,0
west,NOUN,1,0,0
hoe,VERB,1,0,0
rake,NOUN,1,0,0
croak,VERB,1,0,0
lackersteen,NOUN,1,0,0
eleven,ADJ,1,1,0
temporary,ADJ,1,0,0
voting,NOUN,1,0,0
vote,VERB,1,0,0
wrangle,VERB,1,0,0
funk,NOUN,1,0,0
quota,NOUN,1,0,0
missus,ADJ,1,0,0
thoroughness,NOUN,1,0,0
nearer,PROPN,1,0,1
barge,NOUN,1,0,0
slowness,NOUN,1,0,0
starveling,NOUN,1,0,0
primitive,ADJ,1,0,0
brace,VERB,1,0,0
meagre,ADJ,1,0,0
strain,VERB,1,0,0
ponderous,ADJ,1,0,0
onwards,ADP,1,0,0
distasteful,ADJ,1,0,0
tolerantly,ADV,1,0,0
embark,VERB,1,0,0
awkward,ADV,1,0,0
arise,VERB,1,0,0
circular,NOUN,1,0,0
opted,ADJ,1,0,0
circular,ADJ,1,0,0
affront,NOUN,1,0,0
disagree,VERB,1,0,0
emphatically,ADV,1,0,0
anticipate,VERB,1,0,0
corps,X,1,0,0
rely,VERB,1,0,0
damn,NOUN,1,0,0
pride,VERB,1,0,0
relieve,VERB,1,0,0
distrust,NOUN,1,0,0
say,NOUN,1,1,0
infernal,ADJ,1,0,0
en,X,1,0,0
bon,PROPN,1,0,1
swab,VERB,1,0,0
oily,ADV,1,0,0
bastard,NOUN,1,0,0
tearfully,ADV,1,0,0
Downright,PROPN,1,0,1
Bolshevism,PROPN,1,0,1
adhere,VERB,1,0,0
turf,VERB,1,0,0
disapproving,ADJ,1,0,0
judicial,ADJ,1,0,0
mien,NOUN,1,0,0
Mistaken,PROPN,1,0,1
contribution,NOUN,1,0,0
plump,VERB,1,0,0
spasm,NOUN,1,0,0
goggle,VERB,1,0,0
Sahib,PROPN,1,0,1
Rangers,PROPN,1,0,1
preoccupy,VERB,1,0,0
mummy,NOUN,1,0,0
coffin,NOUN,1,0,0
profound,ADJ,1,0,0
purely,ADV,1,0,0
personal,ADJ,1,0,0
nonentity,NOUN,1,0,0
monstrosity,NOUN,1,0,0
sacrilege,NOUN,1,0,0
shed,VERB,1,0,0
fisherman,ADJ,1,0,0
yellower,NOUN,1,0,0
lined,ADJ,1,0,0
skirmish,NOUN,1,0,0
Henry,PROPN,1,0,1
Imperial,PROPN,1,0,1
unremitting,ADJ,1,0,0
go,NOUN,1,1,0
orange,ADJ,1,0,0
ripe,ADJ,1,0,0
equivalent,NOUN,1,0,0
shun,VERB,1,0,0
chip,NOUN,1,0,0
screw,NOUN,1,0,0
ant,ADJ,1,0,0
pepper,NOUN,1,0,0
conviction,NOUN,1,0,0
anyhow,ADV,1,1,0
hot,NOUN,1,0,0
launch,NOUN,1,0,0
brood,VERB,1,0,0
sneaking,NOUN,1,0,0
colony,NOUN,1,0,0
german,NOUN,1,0,0
reprisal,NOUN,1,0,0
Rhinoceros,PROPN,1,0,1
raid,VERB,1,0,0
decimate,VERB,1,0,0
gutless,NOUN,1,0,0
sanguinary,ADJ,1,0,0
trample,NOUN,1,0,0
slice,NOUN,1,0,0
malicious,ADJ,1,0,0
epicene,VERB,1,0,0
regard,VERB,1,0,0
victory,NOUN,1,0,0
swell,ADJ,1,0,0
jeer,VERB,1,0,0
lash,VERB,1,0,0
formidable,ADJ,1,0,0
mending,NOUN,1,0,0
disdain,VERB,1,0,0
shatter,VERB,1,0,0
whereat,VERB,1,0,0
scoot,VERB,1,0,0
armful,NOUN,1,0,0
laterite,NOUN,1,0,0
mangy,VERB,1,0,0
incestuous,ADJ,1,0,0
ineptly,ADV,1,0,0
victor,NOUN,1,0,0
affray,NOUN,1,0,0
assault,VERB,1,0,0
vengeance,NOUN,1,0,0
chaprassi,NOUN,1,0,0
corroborate,VERB,1,0,0
unison,NOUN,1,0,0
provocation,NOUN,1,0,0
truthful,ADJ,1,0,0
disturbed,ADJ,1,0,0
wounded,ADJ,1,0,0
concoction,NOUN,1,0,0
unprovoked,ADJ,1,0,0
accepted,ADJ,1,0,0
lock,VERB,1,0,0
moon,VERB,1,0,0
suggestion,NOUN,1,0,0
revoke,VERB,1,0,0
nervousness,NOUN,1,0,0
bang,PROPN,1,0,1
hook,NOUN,1,0,0
dah,PROPN,1,0,1
murmurous,ADJ,1,0,0
humming,NOUN,1,0,0
pugnaciously,ADV,1,0,0
disturbance,NOUN,1,0,0
fusillade,NOUN,1,0,0
pebble,NOUN,1,0,0
hail,NOUN,1,0,0
waver,VERB,1,0,0
fatal,ADJ,1,0,0
coolly,ADV,1,0,0
sternly,ADV,1,0,0
sailing,NOUN,1,0,0
address,VERB,1,0,0
debonair,NOUN,1,0,0
cheerful,ADJ,1,0,0
ellit,VERB,1,0,0
thunderous,ADJ,1,0,0
loop,VERB,1,0,0
irresolutely,ADV,1,0,0
Catholic,PROPN,1,0,1
chokras,X,1,0,0
calm,NOUN,1,0,0
soup,NOUN,1,0,0
shying,NOUN,1,0,0
stanch,VERB,1,0,0
Calm,PROPN,1,0,1
calm,VERB,1,0,0
perforate,VERB,1,0,0
insect,NOUN,1,0,0
thudding,NOUN,1,0,0
viciously,ADV,1,0,0
unnerving,ADJ,1,0,0
peril,NOUN,1,0,0
weeping,NOUN,1,0,0
f,NOUN,1,0,0
heedless,ADJ,1,0,0
slosh,VERB,1,0,0
s,PROPN,1,0,1
stove,VERB,1,0,0
tremendous,ADJ,1,0,0
outdo,VERB,1,0,0
astonishment,NOUN,1,0,0
detachment,NOUN,1,0,0
prowl,VERB,1,0,0
overlook,VERB,1,0,0
wink,VERB,1,0,0
hitherto,VERB,1,0,0
retreat,NOUN,1,0,0
hell,PROPN,1,0,1
aim,VERB,1,0,0
firing,NOUN,1,0,0
ooze,NOUN,1,0,0
deep,NOUN,1,0,0
free,VERB,1,0,0
lap,VERB,1,0,0
sprig,NOUN,1,0,0
aimlessly,ADV,1,0,0
besiege,VERB,1,0,0
roaring,NOUN,1,0,0
louder,ADV,1,0,0
current,ADJ,1,0,0
flounder,VERB,1,0,0
sock,NOUN,1,0,0
sharpen,VERB,1,0,0
clamber,VERB,1,0,0
moonwhite,PROPN,1,0,1
military,NOUN,1,0,0
civil,ADJ,1,0,0
wedge,VERB,1,0,0
uselessly,ADV,1,0,0
cramp,VERB,1,0,0
tangle,VERB,1,0,0
laocoon,NOUN,1,0,0
fold,NOUN,1,0,0
unrolled,ADJ,1,0,0
terrific,ADJ,1,0,0
bellowing,NOUN,1,0,0
suffocating,NOUN,1,0,0
dak,NOUN,1,0,0
onwards,ADV,1,0,0
dreamlike,ADJ,1,0,0
unreal,ADJ,1,0,0
jammed,ADJ,1,0,0
wrestle,VERB,1,0,0
stumpy,ADJ,1,0,0
Rajput,PROPN,1,0,1
adversary,NOUN,1,0,0
Hukm,PROPN,1,0,1
ne,PROPN,1,0,1
Idiot,PROPN,1,0,1
subabdar,NOUN,1,0,0
pierce,VERB,1,0,0
blast,NOUN,1,0,0
rally,VERB,1,0,0
viscous,ADJ,1,0,0
eddying,NOUN,1,0,0
open,NOUN,1,0,0
haunch,NOUN,1,0,0
limp,VERB,1,0,0
ammunition,NOUN,1,0,0
lop,VERB,1,0,0
rolling,ADJ,1,0,0
disregard,VERB,1,0,0
hay,PROPN,1,0,1
volley,NOUN,1,0,0
armed,ADJ,1,0,0
recoil,NOUN,1,0,0
bulge,VERB,1,0,0
retreating,NOUN,1,0,0
straggle,VERB,1,0,0
two,NOUN,1,0,0
gracefully,ADV,1,0,0
gazelle,NOUN,1,0,0
unbroken,ADJ,1,0,0
exhaust,VERB,1,0,0
thrust,NOUN,1,0,0
belt,NOUN,1,0,0
studious,ADJ,1,0,0
negligee,NOUN,1,0,0
smart,ADJ,1,0,0
rout,VERB,1,0,0
satisfactory,ADJ,1,0,0
indignantly,ADV,1,0,0
valuable,ADJ,1,0,0
disperse,VERB,1,0,0
although,SCONJ,1,1,0
satisfaction,NOUN,1,0,0
plundering,NOUN,1,0,0
impudence,NOUN,1,0,0
tuck,VERB,1,0,0
patronizing,ADJ,1,0,0
Low,PROPN,1,0,1
eastward,ADV,1,0,0
sweep,VERB,1,0,0
vapour,NOUN,1,0,0
intensely,ADV,1,0,0
nebula,NOUN,1,0,0
shelter,NOUN,1,0,0
quieter,NOUN,1,0,0
cathedral,ADJ,1,0,0
city,NOUN,1,0,0
watertight,NOUN,1,0,0
alibi,NOUN,1,0,0
stampede,VERB,1,0,0
plunder,VERB,1,0,0
casualty,NOUN,1,0,0
resign,VERB,1,0,0
fat,VERB,1,0,0
comment,NOUN,1,0,0
cease,NOUN,1,0,0
following,NOUN,1,0,0
sluice,NOUN,1,0,0
heal,VERB,1,0,0
rainwater,NOUN,1,0,0
squelch,VERB,1,0,0
periodical,ADJ,1,0,0
whirling,NOUN,1,0,0
network,NOUN,1,0,0
rivulet,NOUN,1,0,0
bare,NOUN,1,0,0
apropos,NUM,1,0,0
Tommy,PROPN,1,0,1
Gin,PROPN,1,0,1
saviour,NOUN,1,0,0
triumphant,ADJ,1,0,0
programme,NOUN,1,0,0
calculate,VERB,1,0,0
outbreak,NOUN,1,0,0
trip,VERB,1,0,0
mid,NOUN,1,0,0
squeal,VERB,1,0,0
emphatic,ADJ,1,0,0
vex,VERB,1,0,0
Horace,PROPN,1,0,1
drought,NOUN,1,0,0
trowel,VERB,1,0,0
Bay,PROPN,1,0,1
Bengal,PROPN,1,0,1
instalment,NOUN,1,0,0
submissive,ADJ,1,0,0
exploit,NOUN,1,0,0
withdraw,VERB,1,0,0
genially,ADV,1,0,0
aha,ADJ,1,0,0
conquering,NOUN,1,0,0
vein,NOUN,1,0,0
congratulation,NOUN,1,0,0
flory,NOUN,1,0,0
lively,ADJ,1,0,0
heroism,NOUN,1,0,0
exaggerated,ADJ,1,0,0
impressed,ADJ,1,0,0
testimony,NOUN,1,0,0
fellow,ADJ,1,0,0
ploughing,NOUN,1,0,0
waterlogge,VERB,1,0,0
impassable,ADJ,1,0,0
humility,NOUN,1,0,0
grit,NOUN,1,0,0
begun,VERB,1,0,0
sure,ADV,1,0,0
spate,NOUN,1,0,0
absent,VERB,1,0,0
bronchitis,ADV,1,0,0
crime,NOUN,1,0,0
pederasty,PROPN,1,0,1
postage,NOUN,1,0,0
triumphantly,ADV,1,0,0
acquit,VERB,1,0,0
steamed,ADJ,1,0,0
alarm,VERB,1,0,0
creditably,ADV,1,0,0
council,NOUN,1,0,0
vigorous,ADJ,1,0,0
conclave,NOUN,1,0,0
latter,ADJ,1,1,0
bright,ADV,1,0,0
backing,NOUN,1,0,0
strategy,NOUN,1,0,0
flagrante,X,1,0,0
delicto,ADV,1,0,0
plateau,NOUN,1,0,0
posterior,NOUN,1,0,0
masterstroke,NOUN,1,0,0
cope,VERB,1,0,0
Meissonier,PROPN,1,0,1
Moscow,PROPN,1,0,1
pore,VERB,1,0,0
map,NOUN,1,0,0
marshal,NOUN,1,0,0
cocked,ADJ,1,0,0
suffuse,VERB,1,0,0
excessive,ADJ,1,0,0
mistake,VERB,1,0,0
correct,ADJ,1,0,0
incredulous,ADJ,1,0,0
unfold,VERB,1,0,0
irrepressible,ADJ,1,0,0
peal,NOUN,1,0,0
stretch,NOUN,1,0,0
slow,VERB,1,0,0
cataract,NOUN,1,0,0
ocean,NOUN,1,0,0
cocoon,NOUN,1,0,0
loathly,ADJ,1,0,0
bug,NOUN,1,0,0
invade,VERB,1,0,0
dining,NOUN,1,0,0
uneatable,NOUN,1,0,0
neither,ADV,1,1,0
confidently,ADV,1,0,0
unuttered,ADJ,1,0,0
alarming,ADJ,1,0,0
suspense,NOUN,1,0,0
inseparable,ADJ,1,0,0
aloof,ADJ,1,0,0
inside,NOUN,1,0,0
amusement,NOUN,1,0,0
pester,VERB,1,0,0
unceasingly,ADV,1,0,0
defence,NOUN,1,0,0
happily,ADV,1,0,0
unbutton,VERB,1,0,0
rollicking,NOUN,1,0,0
chuckle,NOUN,1,0,0
inarticulate,NOUN,1,0,0
bonhomie,PROPN,1,0,1
hullo,PROPN,1,0,1
fairy,NOUN,1,0,0
prince,NOUN,1,0,0
Hope,PROPN,1,0,1
intrude,NOUN,1,0,0
brand,NOUN,1,0,0
whisky,PROPN,1,0,1
mystify,VERB,1,0,0
New,PROPN,1,0,1
hurry,NOUN,1,0,0
yours,PRON,1,1,0
crass,ADJ,1,0,0
aboard,ADV,1,0,0
rickshaw,ADJ,1,0,0
ferrule,NOUN,1,0,0
overturn,VERB,1,0,0
astray,ADV,1,0,0
shuffle,VERB,1,0,0
sodden,ADJ,1,0,0
snort,NOUN,1,0,0
ruefully,ADV,1,0,0
waterproof,NOUN,1,0,0
fend,VERB,1,0,0
clamorous,ADJ,1,0,0
bob,VERB,1,0,0
agitatedly,ADV,1,0,0
Stationmaster,PROPN,1,0,1
Madam,PROPN,1,0,1
train,PROPN,1,0,1
apologetically,ADV,1,0,0
squabby,NOUN,1,0,0
unprecedented,ADJ,1,0,0
command,VERB,1,0,0
expostulate,VERB,1,0,0
notebook,NOUN,1,0,0
inspection,NOUN,1,0,0
owe,VERB,1,0,0
hay,NOUN,1,0,0
corn,NOUN,1,0,0
hoot,NOUN,1,0,0
behinde,VERB,1,0,0
forlornly,ADV,1,0,0
gain,VERB,1,0,0
unmannerly,ADJ,1,0,0
odious,ADJ,1,0,0
steeple,NOUN,1,0,0
ray,NOUN,1,0,0
refract,VERB,1,0,0
rainstorm,NOUN,1,0,0
christian,ADJ,1,0,0
freshly,ADV,1,0,0
refine,VERB,1,0,0
discoloured,ADJ,1,0,0
cassock,NOUN,1,0,0
surplice,NOUN,1,0,0
amiable,ADJ,1,0,0
cheek,VERB,1,0,0
uncertain,ADJ,1,0,0
humbly,ADV,1,0,0
Doubtless,PROPN,1,0,1
baptize,VERB,1,0,0
infancy,NOUN,1,0,0
merciless,NOUN,1,0,0
tuft,NOUN,1,0,0
boozily,ADV,1,0,0
snivel,NOUN,1,0,0
imitation,NOUN,1,0,0
snigger,NOUN,1,0,0
desk,NOUN,1,0,0
intermittently,ADV,1,0,0
nudge,VERB,1,0,0
Eurydice,PROPN,1,0,1
rustle,NOUN,1,0,0
quaver,VERB,1,0,0
bronchitically,ADV,1,0,0
pump,VERB,1,0,0
singing,NOUN,1,0,0
earnest,ADJ,1,0,0
booming,NOUN,1,0,0
shameface,VERB,1,0,0
wordless,NOUN,1,0,0
darken,VERB,1,0,0
patter,NOUN,1,0,0
sunday,NOUN,1,0,0
parish,PROPN,1,0,1
church,PROPN,1,0,1
sidelong,PROPN,1,0,1
hornbill,NOUN,1,0,0
marshy,ADJ,1,0,0
grazing,NOUN,1,0,0
teal,NOUN,1,0,0
remake,VERB,1,0,0
rosebud,NOUN,1,0,0
unmusical,ADJ,1,0,0
dealing,NOUN,1,0,0
moneylender,NOUN,1,0,0
lectern,NOUN,1,0,0
pulpit,NOUN,1,0,0
roll,NOUN,1,0,0
sermon,ADJ,1,0,0
Father,PROPN,1,0,1
Son,PROPN,1,0,1
Holy,PROPN,1,0,1
Ghost,PROPN,1,0,1
sermon,PROPN,1,0,1
indistinct,ADJ,1,0,0
burble,VERB,1,0,0
unheard,ADJ,1,0,0
coward,VERB,1,0,0
maniac,NOUN,1,0,0
astounded,ADJ,1,0,0
rag,VERB,1,0,0
vestige,NOUN,1,0,0
detailed,ADJ,1,0,0
squeak,VERB,1,0,0
convulsive,ADJ,1,0,0
ineffectually,ADV,1,0,0
unconcerned,ADJ,1,0,0
glistened,ADJ,1,0,0
deed,NOUN,1,0,0
haul,VERB,1,0,0
disgusted,ADJ,1,0,0
fixedly,ADV,1,0,0
bloodless,ADJ,1,0,0
revulsion,NOUN,1,0,0
maniacal,ADJ,1,0,0
doing,NOUN,1,1,0
tutor,VERB,1,0,0
considerable,ADJ,1,0,0
karen,NOUN,1,0,0
vilest,ADJ,1,0,0
despair,VERB,1,0,0
theirs,PROPN,1,0,1
evade,VERB,1,0,0
claim,NOUN,1,0,0
unheard,ADV,1,0,0
Karens,PROPN,1,0,1
uncertainty,NOUN,1,0,0
vile,ADJ,1,0,0
relax,VERB,1,0,0
sulphur,NOUN,1,0,0
china,PROPN,1,0,1
mythical,ADJ,1,0,0
unspeakable,ADJ,1,0,0
abomination,NOUN,1,0,0
pinching,NOUN,1,0,0
Home,PROPN,1,0,1
drudgery,NOUN,1,0,0
alternative,NOUN,1,0,0
disgraced,ADJ,1,0,0
mercenary,ADJ,1,0,0
jilt,VERB,1,0,0
leper,NOUN,1,0,0
lunatic,NOUN,1,0,0
disobey,VERB,1,0,0
plaintain,NOUN,1,0,0
tattered,ADJ,1,0,0
dine,NOUN,1,0,0
unsteady,VERB,1,0,0
mildewed,ADJ,1,0,0
palliative,NOUN,1,0,0
whoring,NOUN,1,0,0
endurable,ADJ,1,0,0
lethargy,NOUN,1,0,0
book,VERB,1,0,0
casual,NOUN,1,0,0
uninterested,ADJ,1,0,0
wedding,NOUN,1,0,0
bridal,NOUN,1,0,0
Obscene,PROPN,1,0,1
automatic,ADJ,1,0,0
lee,PROPN,1,0,1
glow,NOUN,1,0,0
weakly,ADJ,1,0,0
obediently,ADV,1,0,0
timorously,ADV,1,0,0
forgiveness,NOUN,1,0,0
shattered,ADJ,1,0,0
translucent,ADJ,1,0,0
gelatine,NOUN,1,0,0
bicycle,VERB,1,0,0
bicycle,NOUN,1,0,0
myopically,ADV,1,0,0
violence,NOUN,1,0,0
control,NOUN,1,0,0
bedpost,NOUN,1,0,0
corpse,NOUN,1,0,0
stain,NOUN,1,0,0
accidentally,ADV,1,0,0
address,NOUN,1,0,0
virtuous,ADJ,1,0,0
accidental,ADJ,1,0,0
verdict,NOUN,1,0,0
medico,NOUN,1,0,0
skill,NOUN,1,0,0
inscribe,VERB,1,0,0
epitaph,NOUN,1,0,0
occasion,VERB,1,0,0
confer,VERB,1,0,0
unmitigated,ADJ,1,0,0
scoundrelism,NOUN,1,0,0
crystallize,VERB,1,0,0
Shok,PROPN,1,0,1
untrustworthy,ADJ,1,0,0
General,PROPN,1,0,1
Hospital,PROPN,1,0,1
mandalay,NOUN,1,0,0
intolerably,ADV,1,0,0
product,NOUN,1,0,0
p,NOUN,1,0,0
pariahs,NOUN,1,0,0
bake,NOUN,1,0,0
clinic,NOUN,1,0,0
supplement,VERB,1,0,0
reduce,VERB,1,0,0
Glasgow,PROPN,1,0,1
electrician,NOUN,1,0,0
Flotilla,PROPN,1,0,1
Company,PROPN,1,0,1
drunkenness,ADJ,1,0,0
precarious,ADJ,1,0,0
garage,NOUN,1,0,0
magnetos,NOUN,1,0,0
unsatisfying,ADJ,1,0,0
accomplished,ADJ,1,0,0
pimping,NOUN,1,0,0
prairie,ADJ,1,0,0
oyster,NOUN,1,0,0
sew,VERB,1,0,0
darn,ADJ,1,0,0
refill,NOUN,1,0,0
neurotic,ADJ,1,0,0
unending,ADJ,1,0,0
pani,ADJ,1,0,0
but,ADV,1,1,0
gone,ADJ,1,0,0
client,NOUN,1,0,0
addition,NOUN,1,0,0
ingratiate,VERB,1,0,0
freely,ADV,1,0,0
officiate,VERB,1,0,0
summon,VERB,1,0,0
award,VERB,1,0,0
flag,NOUN,1,0,0
species,NOUN,1,0,0
bevy,NOUN,1,0,0
aide,NOUN,1,0,0
waxwork,NOUN,1,0,0
sowar,NOUN,1,0,0
bodyguard,NOUN,1,0,0
pennone,VERB,1,0,0
blare,VERB,1,0,0
ingyis,NOUN,1,0,0
clank,VERB,1,0,0
scabbard,NOUN,1,0,0
thugyis,NOUN,1,0,0
hilte,VERB,1,0,0
award,NOUN,1,0,0
vary,VERB,1,0,0
embossed,ADJ,1,0,0
scroll,NOUN,1,0,0
timely,ADJ,1,0,0
aid,NOUN,1,0,0
henchman,NOUN,1,0,0
upright,NOUN,1,0,0
felicitate,VERB,1,0,0
mortal,ADJ,1,0,0
wrong,ADV,1,0,0
apoplexy,ADJ,1,0,0
armour,NOUN,1,0,0
fate,NOUN,1,0,0
heartbroken,VERB,1,0,0
avail,VERB,1,0,0
subterranean,ADJ,1,0,0
elapse,NOUN,1,0,0
likeable,ADJ,1,0,0
hardness,NOUN,1,0,0
accentuate,VERB,1,0,0
exhaustive,ADJ,1,0,0
subordinate,ADJ,1,0,0
Nature,PROPN,1,0,1
END,PROPN,1,0,1
