lemma,pos,count,is_stopword,is_proper_noun
the,DET,4731,1,0
be,AUX,3079,1,0
and,CCONJ,2989,1,0
i,PRON,2969,1,0
a,DET,2665,1,0
of,ADP,2338,1,0
it,PRON,1565,1,0
in,ADP,1467,1,0
to,PART,1220,1,0
have,AUX,1068,1,0
you,PRON,999,1,0
they,PRON,720,1,0
he,PRON,701,1,0
with,ADP,650,1,0
do,AUX,643,1,0
to,ADP,640,1,0
that,SCONJ,603,1,0
on,ADP,585,1,0
she,PRON,542,1,0
for,ADP,525,1,0
but,CCONJ,521,1,0
get,VERB,502,1,0
at,ADP,481,1,0
my,PRON,442,1,0
as,ADP,436,1,0
go,VERB,432,1,0
we,PRON,402,1,0
up,ADP,383,1,0
that,DET,382,1,0
there,PRON,378,1,0
out,ADP,363,1,0
when,SCONJ,341,1,0
know,VERB,337,0,0
that,PRON,328,1,0
what,PRON,328,1,0
or,CCONJ,320,1,0
his,PRON,315,1,0
about,ADP,312,1,0
like,ADP,310,0,0
all,DET,309,1,0
see,VERB,280,1,0
could,AUX,266,1,0
time,NOUN,260,0,0
thing,NOUN,252,0,0
think,VERB,243,0,0
kind,NOUN,238,0,0
old,ADJ,237,0,0
if,SCONJ,233,1,0
say,VERB,228,1,0
come,VERB,226,0,0
look,VERB,224,0,0
into,ADP,215,1,0
who,PRON,213,1,0
just,ADV,210,1,0
so,ADV,209,1,0
from,ADP,207,1,0
would,AUX,205,1,0
one,NUM,204,1,0
which,DET,195,1,0
even,ADV,192,1,0
make,VERB,188,1,0
an,DET,187,1,0
day,NOUN,187,0,0
some,DET,181,1,0
little,ADJ,173,0,0
this,DET,171,1,0
year,NOUN,169,0,0
then,ADV,166,1,0
never,ADV,164,1,0
use,VERB,162,1,0
by,ADP,159,1,0
can,AUX,159,1,0
way,NOUN,157,0,0
people,NOUN,154,0,0
not,PART,147,1,0
any,DET,147,1,0
down,ADP,144,1,0
always,ADV,140,1,0
no,DET,138,1,0
over,ADP,137,1,0
bit,NOUN,137,0,0
their,PRON,137,1,0
other,ADJ,136,1,0
her,PRON,132,1,0
your,PRON,131,1,0
something,PRON,130,1,0
house,NOUN,128,0,0
good,ADJ,126,0,0
all,ADV,126,1,0
Binfield,PROPN,126,0,1
very,ADV,125,1,0
shop,NOUN,125,0,0
back,ADV,124,1,0
take,VERB,124,1,0
how,SCONJ,124,1,0
those,DET,122,1,0
tell,VERB,122,0,0
same,ADJ,119,1,0
where,SCONJ,117,1,0
life,NOUN,117,0,0
feel,VERB,117,0,0
give,VERB,115,1,0
war,NOUN,112,0,0
seem,VERB,111,1,0
only,ADV,110,1,0
after,ADP,108,1,0
man,NOUN,105,0,0
still,ADV,104,1,0
woman,NOUN,103,0,0
off,ADP,103,1,0
two,NUM,102,1,0
because,SCONJ,102,1,0
as,ADV,99,1,0
happen,VERB,99,0,0
now,ADV,99,1,0
remember,VERB,98,0,0
Hilda,PROPN,98,0,1
than,ADP,98,1,0
chap,NOUN,97,0,0
feeling,NOUN,96,0,0
there,ADV,96,1,0
want,VERB,95,0,0
before,ADP,93,1,0
call,VERB,92,1,0
Father,PROPN,91,0,1
read,VERB,90,0,0
face,NOUN,89,0,0
place,NOUN,88,0,0
really,ADV,87,1,0
ever,ADV,87,1,0
moment,NOUN,84,0,0
though,SCONJ,83,1,0
another,DET,83,1,0
suppose,VERB,83,0,0
too,ADV,82,1,0
boy,NOUN,82,0,0
about,ADV,81,1,0
away,ADV,81,0,0
through,ADP,81,1,0
do,VERB,80,1,0
big,ADJ,80,0,0
fish,NOUN,79,0,0
hear,VERB,78,0,0
course,NOUN,77,0,0
Mother,PROPN,77,0,1
kid,NOUN,76,0,0
start,VERB,76,0,0
turn,VERB,75,0,0
again,ADV,72,1,0
suddenly,ADV,72,0,0
might,AUX,72,1,0
pool,NOUN,72,0,0
leave,VERB,71,0,0
mind,NOUN,70,0,0
myself,PRON,70,1,0
more,ADJ,70,1,0
name,NOUN,69,1,0
sometimes,ADV,69,1,0
end,NOUN,68,0,0
keep,VERB,68,1,0
bad,ADJ,67,0,0
great,ADJ,67,0,0
live,VERB,67,0,0
three,NUM,67,1,0
here,ADV,67,1,0
Joe,PROPN,67,0,1
our,PRON,66,1,0
almost,ADV,66,1,0
of,ADV,66,1,0
under,ADP,66,1,0
fishing,NOUN,66,0,0
why,SCONJ,65,1,0
rather,ADV,65,1,0
town,NOUN,65,0,0
five,NUM,64,1,0
water,NOUN,64,0,0
work,VERB,64,0,0
put,VERB,63,1,0
catch,VERB,63,0,0
nothing,PRON,61,1,0
week,NOUN,61,0,0
long,ADV,61,0,0
fact,NOUN,60,0,0
these,DET,60,1,0
except,SCONJ,60,1,0
book,NOUN,59,0,0
eye,NOUN,59,0,0
stand,VERB,59,0,0
much,ADJ,59,1,0
down,ADV,58,1,0
mean,VERB,58,0,0
job,NOUN,58,0,0
girl,NOUN,57,0,0
fat,ADJ,56,0,0
well,ADV,56,1,0
begin,VERB,56,0,0
young,ADJ,56,0,0
find,VERB,56,0,0
new,ADJ,55,0,0
George,PROPN,54,0,1
behind,ADP,54,1,0
every,DET,54,1,0
probably,ADV,54,0,0
head,NOUN,54,0,0
road,NOUN,54,0,0
hand,NOUN,54,0,0
believe,VERB,54,0,0
smell,NOUN,54,0,0
hair,NOUN,53,0,0
white,ADJ,53,0,0
one,NOUN,52,1,0
quite,ADV,52,1,0
morning,NOUN,51,0,0
try,VERB,51,0,0
run,VERB,51,0,0
more,ADV,51,1,0
grow,VERB,51,0,0
first,ADJ,51,1,0
window,NOUN,50,0,0
anything,PRON,50,1,0
twenty,NUM,50,1,0
Lower,PROPN,50,0,1
car,NOUN,49,0,0
business,NOUN,49,0,0
across,ADP,49,1,0
yet,ADV,49,1,0
let,VERB,49,0,0
sit,VERB,49,0,0
few,ADJ,49,1,0
side,NOUN,48,1,0
everything,PRON,48,1,0
round,ADJ,48,0,0
school,NOUN,48,0,0
line,NOUN,48,0,0
tooth,NOUN,47,0,0
tree,NOUN,47,0,0
walk,VERB,47,0,0
stop,VERB,47,0,0
different,ADJ,46,0,0
stuff,NOUN,46,0,0
small,ADJ,46,0,0
low,ADJ,46,0,0
till,SCONJ,46,0,0
whether,SCONJ,45,1,0
idea,NOUN,44,0,0
much,ADV,44,1,0
paper,NOUN,44,0,0
else,ADV,44,1,0
hour,NOUN,44,0,0
enough,ADV,44,1,0
last,ADJ,43,1,0
merely,ADV,43,0,0
money,NOUN,43,0,0
next,ADJ,43,1,0
between,ADP,43,1,0
world,NOUN,42,0,0
lot,NOUN,42,0,0
talk,VERB,42,0,0
wonder,VERB,42,0,0
street,NOUN,42,0,0
like,VERB,42,0,0
God,PROPN,41,0,1
long,ADJ,41,0,0
black,ADJ,41,0,0
fish,VERB,41,0,0
lie,VERB,40,0,0
well,INTJ,40,1,0
red,ADJ,40,0,0
sort,NOUN,40,0,0
enormous,ADJ,40,0,0
actually,ADV,40,0,0
yard,NOUN,39,0,0
buy,VERB,39,0,0
nearly,ADV,39,0,0
pass,VERB,39,0,0
minute,NOUN,39,0,0
full,ADJ,39,1,0
thought,NOUN,39,0,0
ten,NUM,38,1,0
other,NOUN,38,1,0
far,ADV,38,1,0
without,ADP,38,1,0
care,VERB,38,0,0
later,ADV,38,0,0
should,AUX,38,1,0
once,ADV,37,1,0
whole,ADJ,37,1,0
will,AUX,36,1,0
part,NOUN,36,1,0
nobody,PRON,36,1,0
soon,ADV,36,0,0
along,ADP,36,1,0
air,NOUN,35,0,0
wear,VERB,35,0,0
look,NOUN,35,0,0
foot,NOUN,35,0,0
yes,INTJ,35,0,0
watch,VERB,35,0,0
voice,NOUN,35,0,0
half,DET,35,0,0
bomb,NOUN,35,0,0
have,VERB,34,0,0
on,ADV,34,1,0
perhaps,ADV,34,1,0
course,ADV,34,0,0
huge,ADJ,34,0,0
own,ADJ,34,1,0
its,PRON,34,1,0
round,ADV,34,0,0
story,NOUN,34,0,0
must,AUX,34,1,0
change,VERB,34,0,0
dead,ADJ,33,0,0
such,ADJ,33,1,0
somewhere,ADV,33,1,0
usual,ADJ,33,0,0
already,ADV,33,1,0
send,VERB,33,0,0
cut,VERB,33,0,0
kind,ADV,33,0,0
mile,NOUN,33,0,0
back,NOUN,32,1,0
family,NOUN,32,0,0
spend,VERB,32,0,0
stick,VERB,32,0,0
night,NOUN,32,0,0
market,NOUN,32,0,0
exist,VERB,32,0,0
afternoon,NOUN,32,0,0
blue,ADJ,31,0,0
room,NOUN,31,0,0
manage,VERB,31,0,0
inside,ADP,31,0,0
four,NUM,31,1,0
tea,NOUN,31,0,0
round,NOUN,30,0,0
door,NOUN,30,0,0
among,ADP,30,1,0
so,SCONJ,30,1,0
expect,VERB,30,0,0
House,PROPN,30,0,1
strike,VERB,29,0,0
row,NOUN,29,0,0
understand,VERB,29,0,0
die,VERB,29,0,0
case,NOUN,29,0,0
Sunday,PROPN,29,0,1
horse,NOUN,28,0,0
evening,NOUN,28,0,0
leg,NOUN,28,0,0
class,NOUN,28,0,0
many,ADJ,28,1,0
since,SCONJ,28,1,0
dark,ADJ,28,0,0
hill,NOUN,28,0,0
pipe,NOUN,28,0,0
pay,VERB,27,0,0
Old,PROPN,27,0,1
anyone,PRON,27,1,0
table,NOUN,27,0,0
summer,NOUN,27,0,0
eat,VERB,27,0,0
hundred,NUM,27,1,0
also,ADV,27,1,0
corner,NOUN,27,0,0
stay,VERB,27,0,0
machine,NOUN,27,0,0
drive,VERB,27,0,0
baby,NOUN,27,0,0
rod,NOUN,27,0,0
Road,PROPN,26,0,1
meet,VERB,26,0,0
quid,NOUN,26,0,0
home,ADV,26,0,0
no,INTJ,26,1,0
most,ADJ,26,1,0
pretty,ADV,26,0,0
over,ADV,26,1,0
home,NOUN,26,0,0
couple,NOUN,26,0,0
pick,VERB,26,0,0
Mrs,PROPN,26,0,1
Elsie,PROPN,26,0,1
eight,NUM,25,1,0
bed,NOUN,25,0,0
forget,VERB,25,0,0
Bowling,PROPN,25,0,1
noise,NOUN,25,0,0
finally,ADV,25,0,0
towards,ADP,25,1,0
certain,ADJ,25,0,0
exactly,ADV,25,0,0
matter,NOUN,25,0,0
word,NOUN,25,0,0
bag,NOUN,25,0,0
somehow,ADV,25,1,0
against,ADP,25,1,0
follow,VERB,25,0,0
Wheeler,PROPN,25,0,1
Porteous,PROPN,25,0,1
belong,VERB,24,0,0
forty,NUM,24,1,0
nowadays,ADV,24,0,0
forth,ADV,24,0,0
hardly,ADV,24,0,0
matter,VERB,24,0,0
after,ADV,24,1,0
poor,ADJ,24,0,0
learn,VERB,24,0,0
Hitler,PROPN,24,0,1
ground,NOUN,24,0,0
child,NOUN,24,0,0
memory,NOUN,24,0,0
Uncle,PROPN,24,0,1
Ezekiel,PROPN,24,0,1
top,NOUN,24,1,0
month,NOUN,24,0,0
listen,VERB,24,0,0
round,VERB,23,0,0
before,ADV,23,1,0
thin,ADJ,23,0,0
sight,NOUN,23,0,0
bring,VERB,23,0,0
imagine,VERB,23,0,0
devil,NOUN,23,0,0
high,ADJ,23,0,0
somebody,PRON,23,0,0
meal,NOUN,23,0,0
trade,NOUN,23,0,0
grey,ADJ,22,0,0
grass,NOUN,22,0,0
stone,NOUN,22,0,0
London,PROPN,22,0,1
wife,NOUN,22,0,0
queer,NOUN,22,0,0
country,NOUN,22,0,0
effect,NOUN,22,0,0
ask,VERB,22,0,0
bird,NOUN,22,0,0
bar,NOUN,22,0,0
himself,PRON,22,1,0
hold,VERB,22,0,0
son,NOUN,22,0,0
fall,VERB,22,0,0
speak,VERB,22,0,0
wood,NOUN,22,0,0
middle,NOUN,21,0,0
such,DET,21,1,0
type,NOUN,21,0,0
green,ADJ,21,0,0
enough,ADJ,21,1,0
early,ADV,21,0,0
play,VERB,21,0,0
fifty,NUM,21,1,0
front,NOUN,21,1,0
suit,NOUN,21,0,0
sell,VERB,21,0,0
right,ADJ,21,0,0
open,ADJ,21,0,0
counter,NOUN,21,0,0
notice,VERB,21,0,0
both,DET,21,1,0
together,ADV,21,1,0
wall,NOUN,21,0,0
alive,ADJ,21,0,0
tin,NOUN,21,0,0
picture,NOUN,21,0,0
ago,ADV,21,0,0
smell,VERB,21,0,0
Thames,PROPN,21,0,1
carp,NOUN,21,0,0
Army,PROPN,21,0,1
oh,INTJ,21,0,0
false,ADJ,20,0,0
while,SCONJ,20,1,0
real,ADJ,20,0,0
office,NOUN,20,0,0
drop,VERB,20,0,0
up,ADV,20,1,0
dog,NOUN,20,0,0
field,NOUN,20,0,0
moustache,NOUN,20,0,0
right,ADV,20,0,0
penny,NOUN,20,0,0
everyone,PRON,20,1,0
private,ADJ,20,0,0
fly,VERB,20,0,0
church,NOUN,20,0,0
afterwards,ADV,20,1,0
hook,NOUN,20,0,0
shut,VERB,19,0,0
hedge,NOUN,19,0,0
Ellesmere,PROPN,19,0,1
half,ADJ,19,0,0
bank,NOUN,19,0,0
boot,NOUN,19,0,0
discover,VERB,19,0,0
rest,NOUN,19,0,0
end,VERB,19,0,0
bread,NOUN,19,0,0
Street,PROPN,19,0,1
gut,NOUN,19,0,0
bloke,NOUN,19,0,0
fly,NOUN,19,0,0
at,ADV,19,1,0
show,VERB,19,1,0
gun,NOUN,19,0,0
break,VERB,19,0,0
marry,VERB,19,0,0
certainly,ADV,19,0,0
write,VERB,19,0,0
officer,NOUN,19,0,0
quarter,NOUN,18,0,0
either,CCONJ,18,1,0
cover,VERB,18,0,0
hold,NOUN,18,0,0
fifteen,NUM,18,1,0
use,NOUN,18,0,0
especially,ADV,18,0,0
chase,VERB,18,0,0
generally,ADV,18,0,0
distance,NOUN,18,0,0
hat,NOUN,18,0,0
impression,NOUN,18,0,0
mouth,NOUN,18,0,0
set,VERB,18,0,0
sir,NOUN,18,0,0
up,NOUN,18,1,0
England,PROPN,18,0,1
yell,VERB,18,0,0
work,NOUN,18,0,0
smash,VERB,18,0,0
bear,VERB,18,0,0
gang,NOUN,18,0,0
wrong,ADJ,18,0,0
wander,VERB,18,0,0
Grimmett,PROPN,18,0,1
lecturer,NOUN,18,0,0
dirty,ADJ,17,0,0
butter,NOUN,17,0,0
arm,NOUN,17,0,0
ought,AUX,17,0,0
well,ADJ,17,0,0
fire,NOUN,17,0,0
father,NOUN,17,0,0
lead,VERB,17,0,0
egg,NOUN,17,0,0
gas,NOUN,17,0,0
cold,ADJ,17,0,0
nose,NOUN,17,0,0
chance,NOUN,17,0,0
until,ADP,17,1,0
peculiar,ADJ,17,0,0
box,NOUN,17,0,0
High,PROPN,17,0,1
finish,VERB,17,0,0
often,ADV,17,1,0
wild,ADJ,17,0,0
food,NOUN,17,0,0
any,ADV,17,1,0
strong,ADJ,17,0,0
light,NOUN,17,0,0
least,ADJ,17,1,0
during,ADP,17,1,0
themselves,PRON,17,1,0
ill,ADJ,17,0,0
several,ADJ,16,1,0
bloody,ADJ,16,0,0
question,NOUN,16,0,0
hot,ADJ,16,0,0
thirty,NUM,16,0,0
first,ADV,16,1,0
funny,ADJ,16,0,0
ahead,ADV,16,0,0
holiday,NOUN,16,0,0
suburb,NOUN,16,0,0
letter,NOUN,16,0,0
kill,VERB,16,0,0
train,NOUN,16,0,0
middle,ADJ,16,0,0
half,ADV,16,0,0
tall,ADJ,16,0,0
less,ADV,16,1,0
rush,VERB,16,0,0
rubber,NOUN,16,0,0
mix,VERB,16,0,0
out,ADV,16,1,0
fight,VERB,16,0,0
someone,PRON,16,1,0
beside,ADP,16,1,0
six,NUM,16,1,0
grasp,VERB,16,0,0
tiny,ADJ,16,0,0
shopkeeper,NOUN,16,0,0
occur,VERB,16,0,0
second,ADJ,16,0,0
age,NOUN,15,0,0
ordinary,ADJ,15,0,0
insurance,NOUN,15,0,0
colour,NOUN,15,0,0
chiefly,ADV,15,0,0
beer,NOUN,15,0,0
pint,NOUN,15,0,0
seven,NUM,15,0,0
mother,NOUN,15,0,0
mind,VERB,15,0,0
partly,ADV,15,0,0
piece,NOUN,15,0,0
public,ADJ,15,0,0
gate,NOUN,15,0,0
curious,ADJ,15,0,0
roof,NOUN,15,0,0
quiet,ADJ,15,0,0
hell,NOUN,15,0,0
only,ADJ,15,1,0
inch,NOUN,15,0,0
near,ADP,15,0,0
sweet,ADJ,15,0,0
edge,NOUN,15,0,0
shout,VERB,15,0,0
Upper,PROPN,15,0,1
sense,NOUN,15,0,0
hang,VERB,15,0,0
join,VERB,15,0,0
weed,NOUN,15,0,0
recognize,VERB,15,0,0
winter,NOUN,15,0,0
move,VERB,15,1,0
Miss,PROPN,15,0,1
pub,NOUN,14,0,0
difference,NOUN,14,0,0
bath,NOUN,14,0,0
besides,ADV,14,1,0
walk,NOUN,14,0,0
dress,NOUN,14,0,0
open,VERB,14,0,0
past,ADP,14,0,0
decide,VERB,14,0,0
realize,VERB,14,0,0
notion,NOUN,14,0,0
pound,NOUN,14,0,0
West,PROPN,14,0,1
cost,VERB,14,0,0
lump,NOUN,14,0,0
trouble,NOUN,14,0,0
modern,ADJ,14,0,0
factory,NOUN,14,0,0
pretend,VERB,14,0,0
pocket,NOUN,14,0,0
travel,VERB,14,0,0
less,ADJ,14,1,0
sound,NOUN,14,0,0
direction,NOUN,14,0,0
dusty,ADJ,14,0,0
curiously,ADV,14,0,0
dust,NOUN,14,0,0
Katie,PROPN,14,0,1
bicycle,NOUN,14,0,0
thick,ADJ,14,0,0
peace,NOUN,14,0,0
rate,NOUN,14,0,0
sun,NOUN,14,0,0
badly,ADV,14,0,0
Mr,PROPN,14,0,1
primrose,NOUN,14,0,0
fade,VERB,14,0,0
stroll,VERB,14,0,0
garden,NOUN,13,0,0
mental,ADJ,13,0,0
shoulder,NOUN,13,0,0
rotten,ADJ,13,0,0
reason,NOUN,13,0,0
general,ADJ,13,0,0
aged,ADJ,13,0,0
neck,NOUN,13,0,0
twelve,NUM,13,1,0
empty,ADJ,13,1,0
bill,NOUN,13,0,0
fix,VERB,13,0,0
wind,NOUN,13,0,0
shilling,NOUN,13,0,0
sack,NOUN,13,0,0
lose,VERB,13,0,0
brick,NOUN,13,0,0
floor,NOUN,13,0,0
whatever,DET,13,1,0
nice,ADJ,13,0,0
sergeant,NOUN,13,0,0
pull,VERB,13,0,0
interesting,ADJ,13,0,0
fool,NOUN,13,0,0
iron,NOUN,13,0,0
Christ,PROPN,13,0,1
poster,NOUN,13,0,0
pavement,NOUN,13,0,0
forward,ADV,13,0,0
soldier,NOUN,13,0,0
swallow,VERB,13,0,0
village,NOUN,13,0,0
brewery,NOUN,13,0,0
dinner,NOUN,13,0,0
Walton,PROPN,13,0,1
Lovegrove,PROPN,13,0,1
point,NOUN,13,0,0
hotel,NOUN,13,0,0
vague,ADJ,13,0,0
ghost,NOUN,13,0,0
colour,VERB,12,0,0
truth,NOUN,12,0,0
nine,NUM,12,1,0
yourself,PRON,12,1,0
half,NOUN,12,0,0
particularly,ADV,12,0,0
in,ADV,12,1,0
firm,NOUN,12,0,0
cigar,NOUN,12,0,0
clear,VERB,12,0,0
kick,NOUN,12,0,0
radio,NOUN,12,0,0
workhouse,NOUN,12,0,0
seed,NOUN,12,0,0
existence,NOUN,12,0,0
cow,NOUN,12,0,0
immediately,ADV,12,0,0
bone,NOUN,12,0,0
wonderful,ADJ,12,0,0
meadow,NOUN,12,0,0
change,NOUN,12,0,0
pink,ADJ,12,0,0
attitude,NOUN,12,0,0
true,ADJ,12,0,0
everybody,PRON,12,0,0
chuck,VERB,12,0,0
damn,NOUN,12,0,0
stretch,VERB,12,0,0
thousand,NUM,12,0,0
need,VERB,12,0,0
taste,NOUN,12,0,0
movement,NOUN,12,0,0
roll,VERB,12,0,0
shove,VERB,12,0,0
no,ADV,12,1,0
crowd,NOUN,12,0,0
late,ADJ,12,0,0
yellow,ADJ,12,0,0
hole,NOUN,12,0,0
pig,NOUN,12,0,0
answer,VERB,12,0,0
errand,NOUN,12,0,0
farmer,NOUN,12,0,0
farm,NOUN,12,0,0
fellow,NOUN,12,0,0
occasionally,ADV,12,0,0
School,PROPN,12,0,1
fair,ADJ,12,0,0
rise,VERB,12,0,0
while,NOUN,12,1,0
bike,NOUN,12,0,0
local,ADJ,12,0,0
tackle,NOUN,12,0,0
paste,NOUN,12,0,0
float,NOUN,12,0,0
June,PROPN,12,0,1
presently,ADV,12,0,0
poetry,NOUN,12,0,0
talk,NOUN,12,0,0
right,NOUN,12,0,0
decent,ADJ,12,0,0
although,SCONJ,11,1,0
bite,VERB,11,0,0
figure,NOUN,11,0,0
mood,NOUN,11,0,0
seventeen,NUM,11,0,0
however,ADV,11,1,0
maybe,ADV,11,0,0
price,NOUN,11,0,0
deal,NOUN,11,0,0
boil,VERB,11,0,0
Bletchley,PROPN,11,0,1
number,NOUN,11,0,0
bastard,NOUN,11,0,0
glass,NOUN,11,0,0
answer,NOUN,11,0,0
everywhere,ADV,11,1,0
lad,NOUN,11,0,0
order,NOUN,11,0,0
plane,NOUN,11,0,0
clerk,NOUN,11,0,0
second,NOUN,11,0,0
finger,NOUN,11,0,0
instance,NOUN,11,0,0
likely,ADJ,11,0,0
anywhere,ADV,11,1,0
past,NOUN,11,0,0
sea,NOUN,11,0,0
whole,NOUN,11,1,0
atmosphere,NOUN,11,0,0
describe,VERB,11,0,0
fill,VERB,11,0,0
burn,VERB,11,0,0
march,VERB,11,0,0
Birmingham,PROPN,11,0,1
Wetherall,PROPN,11,0,1
behind,ADV,11,1,0
motor,NOUN,11,0,0
War,PROPN,11,0,1
wooden,ADJ,11,0,0
beech,NOUN,11,0,0
worth,ADJ,11,0,0
hard,ADJ,11,0,0
camp,NOUN,11,0,0
animal,NOUN,11,0,0
Brewer,PROPN,11,0,1
pond,NOUN,11,0,0
reading,NOUN,11,0,0
wire,NOUN,11,0,0
frightful,ADJ,11,0,0
sure,ADJ,11,0,0
wait,VERB,11,0,0
Book,PROPN,11,0,1
future,NOUN,11,0,0
beginning,NOUN,11,0,0
form,NOUN,11,0,0
bathroom,NOUN,10,0,0
patch,NOUN,10,0,0
back,ADJ,10,1,0
knee,NOUN,10,0,0
early,ADJ,10,0,0
rot,VERB,10,0,0
unless,SCONJ,10,1,0
size,NOUN,10,0,0
worried,ADJ,10,0,0
breakfast,NOUN,10,0,0
quite,DET,10,1,0
plenty,NOUN,10,0,0
allow,VERB,10,0,0
clothe,NOUN,10,0,0
instead,ADV,10,0,0
free,ADJ,10,0,0
bottom,NOUN,10,1,0
build,VERB,10,0,0
knock,VERB,10,0,0
dare,VERB,10,0,0
store,NOUN,10,0,0
branch,NOUN,10,0,0
act,VERB,10,0,0
weather,NOUN,10,0,0
newspaper,NOUN,10,0,0
glimpse,NOUN,10,0,0
flower,NOUN,10,0,0
shape,NOUN,10,0,0
truncheon,NOUN,10,0,0
good,NOUN,10,0,0
outside,ADP,10,0,0
brown,ADJ,10,0,0
murder,NOUN,10,0,0
soft,ADJ,10,0,0
straight,ADV,10,0,0
sound,VERB,10,0,0
smoke,NOUN,10,0,0
slowly,ADV,10,0,0
collar,NOUN,10,0,0
Shooter,PROPN,10,0,1
short,ADJ,10,0,0
Lord,PROPN,10,0,1
completely,ADV,10,0,0
kitchen,NOUN,10,0,0
dig,VERB,10,0,0
grocer,NOUN,10,0,0
sweet,NOUN,10,0,0
one,PRON,10,1,0
earth,NOUN,10,0,0
trouser,NOUN,10,0,0
rat,NOUN,10,0,0
frighten,VERB,10,0,0
shell,NOUN,10,0,0
swear,VERB,10,0,0
Grammar,PROPN,10,0,1
vaguely,ADV,10,0,0
bury,VERB,10,0,0
late,ADV,10,0,0
dozen,NOUN,10,0,0
bait,NOUN,10,0,0
Chamford,PROPN,10,0,1
Hill,PROPN,10,0,1
alone,ADV,10,1,0
hospital,NOUN,10,0,0
Club,PROPN,10,0,1
chair,NOUN,10,0,0
lecture,NOUN,10,0,0
sign,NOUN,10,0,0
ah,INTJ,10,0,0
bald,ADJ,9,0,0
soul,NOUN,9,0,0
mostly,ADV,9,1,0
natural,ADJ,9,0,0
front,ADJ,9,1,0
mine,NOUN,9,1,0
today,NOUN,9,0,0
ready,ADJ,9,0,0
blow,VERB,9,0,0
King,PROPN,9,0,1
raw,ADJ,9,0,0
practically,ADV,9,0,0
overcoat,NOUN,9,0,0
bowler,NOUN,9,0,0
commission,NOUN,9,0,0
rid,VERB,9,0,0
society,NOUN,9,0,0
carry,VERB,9,0,0
sixteen,NUM,9,0,0
itself,PRON,9,1,0
Sir,PROPN,9,0,1
ghastly,ADJ,9,0,0
packet,NOUN,9,0,0
power,NOUN,9,0,0
mistake,NOUN,9,0,0
go,NOUN,9,1,0
anyway,ADV,9,1,0
customer,NOUN,9,0,0
obviously,ADV,9,0,0
manner,NOUN,9,0,0
engine,NOUN,9,0,0
highbrow,NOUN,9,0,0
novel,NOUN,9,0,0
passage,NOUN,9,0,0
hit,VERB,9,0,0
large,ADJ,9,0,0
streamlined,ADJ,9,0,0
throw,VERB,9,0,0
skin,NOUN,9,0,0
burst,VERB,9,0,0
length,NOUN,9,0,0
leaf,NOUN,9,0,0
mouse,NOUN,9,0,0
death,NOUN,9,0,0
tremendous,ADJ,9,0,0
master,NOUN,9,0,0
king,NOUN,9,0,0
extraordinary,ADJ,9,0,0
trough,NOUN,9,0,0
sainfoin,NOUN,9,0,0
beyond,ADP,9,1,0
bottle,NOUN,9,0,0
button,NOUN,9,0,0
swarm,VERB,9,0,0
steal,VERB,9,0,0
Saturday,PROPN,9,0,1
seriously,ADV,9,0,0
either,ADV,9,1,0
beef,NOUN,9,0,0
along,ADV,9,1,0
hide,VERB,9,0,0
rabbit,NOUN,9,0,0
explain,VERB,9,0,0
fight,NOUN,9,0,0
last,ADV,9,1,0
peppermint,NOUN,9,0,0
can,NOUN,9,0,0
dump,NOUN,9,0,0
Reading,PROPN,9,0,1
needle,NOUN,9,0,0
gentle,NOUN,9,0,0
cheese,NOUN,9,0,0
jump,VERB,9,0,0
off,ADV,9,1,0
bother,VERB,9,0,0
Left,PROPN,9,0,1
remain,VERB,9,0,0
german,ADJ,9,0,0
Minns,PROPN,9,0,1
meeting,NOUN,9,0,0
e,NOUN,8,0,0
blade,NOUN,8,0,0
temporary,ADJ,8,0,0
reach,VERB,8,0,0
body,NOUN,8,0,0
belly,NOUN,8,0,0
apple,NOUN,8,0,0
Salamander,PROPN,8,0,1
past,ADV,8,0,0
bet,VERB,8,0,0
queer,ADJ,8,0,0
feed,VERB,8,0,0
shot,NOUN,8,0,0
dodge,VERB,8,0,0
match,NOUN,8,0,0
bend,VERB,8,0,0
trick,NOUN,8,0,0
eleven,NUM,8,1,0
conversation,NOUN,8,0,0
asleep,ADJ,8,0,0
print,NOUN,8,0,0
social,ADJ,8,0,0
gentleman,NOUN,8,0,0
salesman,NOUN,8,0,0
inside,ADV,8,0,0
building,NOUN,8,0,0
admit,VERB,8,0,0
statue,NOUN,8,0,0
period,NOUN,8,0,0
altogether,ADV,8,0,0
jam,NOUN,8,0,0
view,NOUN,8,0,0
special,ADJ,8,0,0
count,VERB,8,0,0
eighteen,NUM,8,0,0
serve,VERB,8,0,0
Fascism,PROPN,8,0,1
cross,VERB,8,0,0
bombing,NOUN,8,0,0
lean,VERB,8,0,0
bomber,NOUN,8,0,0
block,NOUN,8,0,0
stream,VERB,8,0,0
station,NOUN,8,0,0
cheap,ADJ,8,0,0
funeral,NOUN,8,0,0
interest,NOUN,8,0,0
dull,ADJ,8,0,0
tongue,NOUN,8,0,0
though,ADV,8,1,0
drag,VERB,8,0,0
ball,NOUN,8,0,0
down,NOUN,8,1,0
proud,ADJ,8,0,0
doorway,NOUN,8,0,0
Hall,PROPN,8,0,1
lane,NOUN,8,0,0
bull,NOUN,8,0,0
easy,ADJ,8,0,0
swing,VERB,8,0,0
leather,NOUN,8,0,0
apron,NOUN,8,0,0
grab,VERB,8,0,0
dough,NOUN,8,0,0
tomorrow,NOUN,8,0,0
ear,NOUN,8,0,0
worm,NOUN,8,0,0
Sid,PROPN,8,0,1
accent,NOUN,8,0,0
willow,NOUN,8,0,0
sink,VERB,8,0,0
sneak,VERB,8,0,0
slip,VERB,8,0,0
Hodges,PROPN,8,0,1
game,NOUN,8,0,0
able,ADJ,8,0,0
crown,NOUN,8,0,0
luckily,ADV,8,0,0
possible,ADJ,8,0,0
most,ADV,8,1,0
capable,ADJ,8,0,0
assistant,NOUN,8,0,0
vicar,NOUN,8,0,0
boat,NOUN,8,0,0
frightened,ADJ,8,0,0
like,INTJ,8,0,0
Mile,PROPN,8,0,1
hall,NOUN,8,0,0
slogan,NOUN,8,0,0
Rowbottom,PROPN,8,0,1
pale,ADJ,7,0,0
thank,VERB,7,0,0
note,NOUN,7,0,0
fourteen,NUM,7,0,0
beam,NOUN,7,0,0
sleep,VERB,7,0,0
Flying,PROPN,7,0,1
exact,ADJ,7,0,0
husband,NOUN,7,0,0
sticky,ADJ,7,0,0
attention,NOUN,7,0,0
argument,NOUN,7,0,0
news,NOUN,7,0,0
railway,NOUN,7,0,0
Zog,PROPN,7,0,1
nasty,ADJ,7,0,0
anti,ADJ,7,0,0
uniform,NOUN,7,0,0
smoke,VERB,7,0,0
blood,NOUN,7,0,0
coal,NOUN,7,0,0
own,VERB,7,1,0
Estate,PROPN,7,0,1
bell,NOUN,7,0,0
manager,NOUN,7,0,0
interested,ADJ,7,0,0
grocery,NOUN,7,0,0
deal,VERB,7,0,0
kick,VERB,7,0,0
besides,SCONJ,7,1,0
peaceful,ADJ,7,0,0
got,VERB,7,0,0
strange,ADJ,7,0,0
remind,VERB,7,0,0
sing,VERB,7,0,0
string,NOUN,7,0,0
childhood,NOUN,7,0,0
hard,ADV,7,0,0
aeroplane,NOUN,7,0,0
heart,NOUN,7,0,0
living,NOUN,7,0,0
fine,ADJ,7,0,0
milk,NOUN,7,0,0
float,VERB,7,0,0
try,NOUN,7,0,0
doubt,ADV,7,0,0
traffic,NOUN,7,0,0
bus,NOUN,7,0,0
person,NOUN,7,0,0
impossible,ADJ,7,0,0
mud,NOUN,7,0,0
million,NUM,7,0,0
fag,NOUN,7,0,0
escape,VERB,7,0,0
corn,NOUN,7,0,0
either,DET,7,1,0
knife,NOUN,7,0,0
spot,NOUN,7,0,0
breech,NOUN,7,0,0
whale,NOUN,7,0,0
brother,NOUN,7,0,0
wake,VERB,7,0,0
Nailer,PROPN,7,0,1
tin,ADJ,7,0,0
barber,NOUN,7,0,0
allotment,NOUN,7,0,0
tobacco,NOUN,7,0,0
Mill,PROPN,7,0,1
Farm,PROPN,7,0,1
warm,ADJ,7,0,0
bough,NOUN,7,0,0
dangerous,ADJ,7,0,0
draw,VERB,7,0,0
dreadful,ADJ,7,0,0
hut,NOUN,7,0,0
brute,NOUN,7,0,0
stick,NOUN,7,0,0
coat,NOUN,7,0,0
surely,ADV,7,0,0
spectacle,NOUN,7,0,0
official,ADJ,7,0,0
help,VERB,7,0,0
struggle,VERB,7,0,0
anxious,ADJ,7,0,0
safe,ADJ,7,0,0
cane,NOUN,7,0,0
simply,ADV,7,0,0
surface,NOUN,7,0,0
stir,VERB,7,0,0
glide,VERB,7,0,0
doubt,NOUN,7,0,0
wherever,SCONJ,7,1,0
shirt,NOUN,7,0,0
dace,NOUN,7,0,0
perch,NOUN,7,0,0
river,NOUN,7,0,0
particular,ADJ,7,0,0
improve,VERB,7,0,0
trench,NOUN,7,0,0
pile,NOUN,7,0,0
Nobby,PROPN,7,0,1
dump,VERB,7,0,0
rattle,VERB,7,0,0
drink,VERB,7,0,0
aside,ADV,7,0,0
path,NOUN,7,0,0
cheer,VERB,7,0,0
Dump,PROPN,7,0,1
dream,NOUN,7,0,0
perfectly,ADV,7,0,0
vision,NOUN,7,0,0
cake,NOUN,7,0,0
wine,NOUN,7,0,0
platform,NOUN,7,0,0
Witchett,PROPN,7,0,1
Stalin,PROPN,7,0,1
gosh,INTJ,7,0,0
lunch,NOUN,7,0,0
barmaid,NOUN,7,0,0
beastly,ADV,6,0,0
razor,NOUN,6,0,0
barrel,NOUN,6,0,0
shape,VERB,6,0,0
landmark,NOUN,6,0,0
soap,NOUN,6,0,0
bob,NOUN,6,0,0
anybody,PRON,6,0,0
step,NOUN,6,0,0
ours,PRON,6,1,0
present,NOUN,6,0,0
foresee,VERB,6,0,0
serious,ADJ,6,1,0
shall,AUX,6,0,0
enjoy,VERB,6,0,0
light,ADJ,6,0,0
dry,VERB,6,0,0
fee,NOUN,6,0,0
term,NOUN,6,0,0
angry,ADJ,6,0,0
outer,ADJ,6,0,0
paint,VERB,6,0,0
sorry,ADJ,6,0,0
Hesperides,PROPN,6,0,1
Credit,PROPN,6,0,1
profit,NOUN,6,0,0
Crum,PROPN,6,0,1
arrive,VERB,6,0,0
respectable,ADJ,6,0,0
fear,NOUN,6,0,0
proper,ADJ,6,0,0
chain,NOUN,6,0,0
ugly,ADJ,6,0,0
sized,ADJ,6,0,0
properly,ADV,6,0,0
back,ADP,6,1,0
company,NOUN,6,0,0
stiff,ADJ,6,0,0
cage,NOUN,6,0,0
cellar,NOUN,6,0,0
grant,VERB,6,0,0
appearance,NOUN,6,0,0
Pudley,PROPN,6,0,1
whiz,VERB,6,0,0
prevent,VERB,6,0,0
deep,ADJ,6,0,0
present,ADJ,6,0,0
waste,VERB,6,0,0
fling,VERB,6,0,0
chap,PROPN,6,0,1
miss,VERB,6,0,0
develop,VERB,6,0,0
brass,NOUN,6,0,0
lack,NOUN,6,0,0
back,VERB,6,1,0
beat,VERB,6,0,0
single,ADJ,6,0,0
bedroom,NOUN,6,0,0
bitter,ADJ,6,0,0
bright,ADJ,6,0,0
cap,NOUN,6,0,0
sort,ADV,6,0,0
coffee,NOUN,6,0,0
fresh,ADJ,6,0,0
solid,ADJ,6,0,0
accord,VERB,6,0,0
sudden,ADJ,6,0,0
roar,VERB,6,0,0
stranger,NOUN,6,0,0
lift,VERB,6,0,0
touch,NOUN,6,0,0
pew,NOUN,6,0,0
desperate,ADJ,6,0,0
fro,PROPN,6,0,1
mysterious,ADJ,6,0,0
cross,NOUN,6,0,0
Boer,PROPN,6,0,1
english,ADJ,6,0,0
bullfinch,NOUN,6,0,0
dim,ADJ,6,0,0
stock,NOUN,6,0,0
season,NOUN,6,0,0
bind,VERB,6,0,0
hungry,ADJ,6,0,0
trail,VERB,6,0,0
disappear,VERB,6,0,0
filthy,ADJ,6,0,0
fence,NOUN,6,0,0
afford,VERB,6,0,0
unlike,ADP,6,0,0
drink,NOUN,6,0,0
English,PROPN,6,0,1
whom,PRON,6,1,0
widow,NOUN,6,0,0
seedsman,NOUN,6,0,0
whereas,SCONJ,6,1,0
teach,VERB,6,0,0
fireplace,NOUN,6,0,0
consider,VERB,6,0,0
spring,NOUN,6,0,0
human,ADJ,6,0,0
imagination,NOUN,6,0,0
ceiling,NOUN,6,0,0
crawl,VERB,6,0,0
eastern,ADJ,6,0,0
wheat,NOUN,6,0,0
sex,NOUN,6,0,0
start,NOUN,6,0,0
lie,NOUN,6,0,0
parent,NOUN,6,0,0
nest,NOUN,6,0,0
heavy,ADJ,6,0,0
ourselves,PRON,6,1,0
tie,VERB,6,0,0
date,NOUN,6,0,0
Jack,PROPN,6,0,1
cover,NOUN,6,0,0
mantelpiece,NOUN,6,0,0
dustbin,NOUN,6,0,0
Howlett,PROPN,6,0,1
quick,ADJ,6,0,0
happy,ADJ,6,0,0
clear,ADJ,6,0,0
upwards,ADV,6,0,0
within,ADP,6,1,0
carve,VERB,6,0,0
sixpence,NOUN,6,0,0
each,DET,6,1,0
Burford,PROPN,6,0,1
Weir,PROPN,6,0,1
detail,NOUN,6,0,0
backwater,NOUN,6,0,0
butcher,NOUN,6,0,0
damn,VERB,6,0,0
difficult,ADJ,6,0,0
towpath,NOUN,6,0,0
silly,ADJ,6,0,0
bream,NOUN,6,0,0
club,NOUN,6,0,0
drain,VERB,6,0,0
Chums,PROPN,6,0,1
awful,ADJ,6,0,0
mess,NOUN,6,0,0
Cockney,PROPN,6,0,1
earn,VERB,6,0,0
Donovan,PROPN,6,0,1
bunch,NOUN,6,0,0
sarazin,NOUN,6,0,0
repeat,VERB,6,0,0
ruin,VERB,6,0,0
past,ADJ,6,0,0
Party,PROPN,6,0,1
typewriter,NOUN,6,0,0
nor,CCONJ,6,1,0
worry,VERB,6,0,0
Waters,PROPN,6,0,1
churchyard,NOUN,6,0,0
army,NOUN,6,0,0
shoot,VERB,6,0,0
Joseph,PROPN,6,0,1
sheet,NOUN,6,0,0
acre,NOUN,6,0,0
ghastly,ADV,6,0,0
remark,NOUN,6,0,0
left,NOUN,6,0,0
Council,PROPN,6,0,1
democracy,NOUN,6,0,0
audience,NOUN,6,0,0
spanner,NOUN,6,0,0
afraid,ADJ,6,0,0
Oxford,PROPN,6,0,1
mention,VERB,6,0,0
surprised,ADJ,6,0,0
Westerham,PROPN,6,0,1
cemetery,NOUN,6,0,0
garage,NOUN,6,0,0
oo,NOUN,6,0,0
sky,NOUN,5,0,0
underneath,ADV,5,0,0
shelf,NOUN,5,0,0
grey,NOUN,5,0,0
weight,NOUN,5,0,0
fat,NOUN,5,0,0
skull,NOUN,5,0,0
twice,ADV,5,0,0
fetch,VERB,5,0,0
prove,VERB,5,0,0
rule,NOUN,5,0,0
yell,NOUN,5,0,0
hop,VERB,5,0,0
quickly,ADV,5,0,0
tie,NOUN,5,0,0
oak,NOUN,5,0,0
News,PROPN,5,0,1
fold,VERB,5,0,0
breast,NOUN,5,0,0
pleasure,NOUN,5,0,0
herself,PRON,5,1,0
dress,VERB,5,0,0
top,ADJ,5,1,0
Bible,PROPN,5,0,1
appeal,VERB,5,0,0
Christmas,PROPN,5,0,1
marmalade,NOUN,5,0,0
halfpenny,NOUN,5,0,0
law,NOUN,5,0,0
neutral,ADJ,5,0,0
fruit,NOUN,5,0,0
wicked,ADJ,5,0,0
save,VERB,5,0,0
step,VERB,5,0,0
fit,VERB,5,0,0
level,NOUN,5,0,0
twist,VERB,5,0,0
awake,ADJ,5,0,0
dream,VERB,5,0,0
Cheerful,PROPN,5,0,1
include,VERB,5,0,0
builder,NOUN,5,0,0
surprise,VERB,5,0,0
sweat,VERB,5,0,0
charge,NOUN,5,0,0
under,ADV,5,1,0
hat,VERB,5,0,0
pure,ADJ,5,0,0
cheek,NOUN,5,0,0
rose,NOUN,5,0,0
pleasant,ADJ,5,0,0
spot,VERB,5,0,0
slide,VERB,5,0,0
commercial,ADJ,5,0,0
simple,ADJ,5,0,0
upper,ADJ,5,0,0
lip,NOUN,5,0,0
saloon,ADJ,5,0,0
van,NOUN,5,0,0
experience,NOUN,5,0,0
luck,NOUN,5,0,0
identify,VERB,5,0,0
pair,NOUN,5,0,0
singing,NOUN,5,0,0
pity,NOUN,5,0,0
edition,NOUN,5,0,0
ice,NOUN,5,0,0
list,NOUN,5,0,0
haul,VERB,5,0,0
tap,NOUN,5,0,0
roll,NOUN,5,0,0
fit,NOUN,5,0,0
touch,VERB,5,0,0
advert,NOUN,5,0,0
rich,ADJ,5,0,0
face,VERB,5,0,0
hollow,ADJ,5,0,0
tear,VERB,5,0,0
raid,NOUN,5,0,0
trap,NOUN,5,0,0
queue,NOUN,5,0,0
oil,NOUN,5,0,0
knowing,NOUN,5,0,0
jet,NOUN,5,0,0
reality,NOUN,5,0,0
Samuel,PROPN,5,0,1
stocking,NOUN,5,0,0
organ,NOUN,5,0,0
opposite,ADJ,5,0,0
sixty,NUM,5,1,0
throat,NOUN,5,0,0
deep,ADV,5,0,0
Bashan,PROPN,5,0,1
wave,NOUN,5,0,0
faint,ADJ,5,0,0
last,VERB,5,1,0
weigh,VERB,5,0,0
degree,NOUN,5,0,0
valley,NOUN,5,0,0
chimney,NOUN,5,0,0
July,PROPN,5,0,1
Simmons,PROPN,5,0,1
sugar,NOUN,5,0,0
fairly,ADV,5,0,0
shake,VERB,5,0,0
tradesman,NOUN,5,0,0
crack,VERB,5,0,0
sample,NOUN,5,0,0
Union,PROPN,5,0,1
puzzle,VERB,5,0,0
win,VERB,5,0,0
notice,NOUN,5,0,0
whisker,NOUN,5,0,0
argue,VERB,5,0,0
slow,ADJ,5,0,0
settle,VERB,5,0,0
favourite,ADJ,5,0,0
gradually,ADV,5,0,0
otherwise,ADV,5,1,0
provide,VERB,5,0,0
theory,NOUN,5,0,0
Jackie,PROPN,5,0,1
Sundays,PROPN,5,0,1
cook,VERB,5,0,0
range,NOUN,5,0,0
secret,ADJ,5,0,0
firm,ADJ,5,0,0
refuse,VERB,5,0,0
hiding,NOUN,5,0,0
catapult,NOUN,5,0,0
sting,VERB,5,0,0
doctor,NOUN,5,0,0
Home,PROPN,5,0,1
regular,ADJ,5,0,0
copy,NOUN,5,0,0
armchair,NOUN,5,0,0
cricket,NOUN,5,0,0
bug,NOUN,5,0,0
neither,DET,5,1,0
board,NOUN,5,0,0
Black,PROPN,5,0,1
Hand,PROPN,5,0,1
fortnight,NOUN,5,0,0
guess,VERB,5,0,0
elm,NOUN,5,0,0
Harry,PROPN,5,0,1
Barnes,PROPN,5,0,1
instantly,ADV,5,0,0
member,NOUN,5,0,0
rusty,ADJ,5,0,0
carpet,NOUN,5,0,0
chalk,NOUN,5,0,0
lodge,NOUN,5,0,0
rubbish,NOUN,5,0,0
bush,NOUN,5,0,0
fear,VERB,5,0,0
swell,VERB,5,0,0
looking,ADJ,5,0,0
Gravitt,PROPN,5,0,1
wasp,NOUN,5,0,0
chub,NOUN,5,0,0
roach,NOUN,5,0,0
barely,ADV,5,0,0
trout,NOUN,5,0,0
retire,VERB,5,0,0
stream,NOUN,5,0,0
jungle,NOUN,5,0,0
jar,NOUN,5,0,0
correspondence,NOUN,5,0,0
whose,DET,5,1,0
meanwhile,ADV,5,1,0
chief,ADJ,5,0,0
daddy,NOUN,5,0,0
plaster,NOUN,5,0,0
account,NOUN,5,0,0
Circle,PROPN,5,0,1
lucky,ADJ,5,0,0
draper,NOUN,5,0,0
beech,PROPN,5,0,1
France,PROPN,5,0,1
Germans,PROPN,5,0,1
barbed,ADJ,5,0,0
flannel,NOUN,5,0,0
Colchester,PROPN,5,0,1
meaningless,ADJ,5,0,0
Twelve,PROPN,5,1,1
habit,NOUN,5,0,0
normal,ADJ,5,0,0
Ealing,PROPN,5,0,1
nature,NOUN,5,0,0
tennis,NOUN,5,0,0
married,ADJ,5,0,0
fake,VERB,5,0,0
alibi,NOUN,5,0,0
guilty,ADJ,5,0,0
hate,NOUN,5,0,0
coloured,ADJ,5,0,0
Latin,PROPN,5,0,1
switch,VERB,5,0,0
duck,NOUN,5,0,0
jolt,NOUN,5,0,0
glad,ADJ,5,0,0
estate,NOUN,5,0,0
graf,NOUN,5,0,0
Jug,PROPN,5,0,1
Bottle,PROPN,5,0,1
Todgers,PROPN,5,0,1
te,PROPN,5,0,1
Hotel,PROPN,5,0,1
square,NOUN,4,0,0
shave,VERB,4,0,0
mirror,NOUN,4,0,0
soap,VERB,4,0,0
tendency,NOUN,4,0,0
nickname,VERB,4,0,0
sour,ADJ,4,0,0
district,NOUN,4,0,0
deeply,ADV,4,0,0
sure,INTJ,4,0,0
quietly,ADV,4,0,0
herd,NOUN,4,0,0
hook,VERB,4,0,0
Billy,PROPN,4,0,1
dining,NOUN,4,0,0
wedding,NOUN,4,0,0
gloome,VERB,4,0,0
teapot,NOUN,4,0,0
light,VERB,4,0,0
glance,NOUN,4,0,0
fro,VERB,4,0,0
pencil,NOUN,4,0,0
tow,NOUN,4,0,0
creature,NOUN,4,0,0
important,ADJ,4,0,0
owe,VERB,4,0,0
contain,VERB,4,0,0
chip,VERB,4,0,0
joke,NOUN,4,0,0
murder,VERB,4,0,0
waiting,NOUN,4,0,0
shoe,NOUN,4,0,0
illusion,NOUN,4,0,0
vulgar,ADJ,4,0,0
coarse,NOUN,4,0,0
fiddle,VERB,4,0,0
laugh,VERB,4,0,0
weeker,NOUN,4,0,0
boss,NOUN,4,0,0
prole,NOUN,4,0,0
thinking,NOUN,4,0,0
swindle,NOUN,4,0,0
swindle,VERB,4,0,0
god,PROPN,4,0,1
french,ADJ,4,0,0
seventy,NUM,4,0,0
frame,NOUN,4,0,0
sand,NOUN,4,0,0
Platt,PROPN,4,0,1
anglo,ADJ,4,0,0
rent,NOUN,4,0,0
lay,VERB,4,0,0
ring,VERB,4,0,0
battle,NOUN,4,0,0
curse,VERB,4,0,0
ring,NOUN,4,0,0
dart,VERB,4,0,0
whip,NOUN,4,0,0
chest,NOUN,4,0,0
major,ADJ,4,0,0
bully,VERB,4,0,0
scream,VERB,4,0,0
male,ADJ,4,0,0
hefty,ADJ,4,0,0
bent,ADJ,4,0,0
mortal,ADJ,4,0,0
sack,VERB,4,0,0
scared,ADJ,4,0,0
Jews,PROPN,4,0,1
damn,ADJ,4,0,0
mild,ADJ,4,0,0
canary,NOUN,4,0,0
shabby,ADJ,4,0,0
commercial,NOUN,4,0,0
carriage,NOUN,4,0,0
common,ADJ,4,0,0
backyard,NOUN,4,0,0
flat,ADJ,4,0,0
zoom,VERB,4,0,0
study,VERB,4,0,0
tub,NOUN,4,0,0
slap,VERB,4,0,0
rib,NOUN,4,0,0
doubt,VERB,4,0,0
income,NOUN,4,0,0
press,VERB,4,0,0
mine,PRON,4,1,0
below,ADP,4,1,0
mistake,VERB,4,0,0
borrow,VERB,4,0,0
bleed,VERB,4,0,0
soak,VERB,4,0,0
above,ADP,4,1,0
corps,NOUN,4,0,0
flat,NOUN,4,0,0
fire,VERB,4,0,0
american,ADJ,4,0,0
grub,NOUN,4,0,0
threepence,NOUN,4,0,0
tiddle,NOUN,4,0,0
slick,ADJ,4,0,0
shiny,ADJ,4,0,0
plate,NOUN,4,0,0
taste,VERB,4,0,0
squirt,VERB,4,0,0
bullet,NOUN,4,0,0
frankfurter,NOUN,4,0,0
saw,VERB,4,0,0
horrible,ADJ,4,0,0
lamp,NOUN,4,0,0
smooth,ADJ,4,0,0
smile,NOUN,4,0,0
westward,ADV,4,0,0
Strand,PROPN,4,0,1
expression,NOUN,4,0,0
city,NOUN,4,0,0
sleep,NOUN,4,0,0
fighting,NOUN,4,0,0
style,NOUN,4,0,0
history,NOUN,4,0,0
candle,NOUN,4,0,0
jaw,NOUN,4,0,0
help,NOUN,4,0,0
friend,NOUN,4,0,0
deadly,ADJ,4,0,0
enemy,NOUN,4,0,0
therefore,ADV,4,1,0
Sihon,PROPN,4,0,1
Amorites,PROPN,4,0,1
Og,PROPN,4,0,1
wish,VERB,4,0,0
grown,NOUN,4,0,0
medicine,NOUN,4,0,0
beard,NOUN,4,0,0
corpse,NOUN,4,0,0
tiger,NOUN,4,0,0
puke,VERB,4,0,0
difficulty,NOUN,4,0,0
land,NOUN,4,0,0
chaff,NOUN,4,0,0
become,VERB,4,1,0
scale,NOUN,4,0,0
mass,NOUN,4,0,0
blackberry,NOUN,4,0,0
hazel,ADJ,4,0,0
sharp,ADJ,4,0,0
bankrupt,ADJ,4,0,0
fascination,NOUN,4,0,0
glue,VERB,4,0,0
broken,ADJ,4,0,0
prize,NOUN,4,0,0
gold,NOUN,4,0,0
hundred,NOUN,4,0,0
Penny,PROPN,4,0,1
heel,NOUN,4,0,0
pot,NOUN,4,0,0
pride,NOUN,4,0,0
tough,ADJ,4,0,0
bike,VERB,4,0,0
rag,NOUN,4,0,0
poultry,NOUN,4,0,0
chicken,NOUN,4,0,0
minded,ADJ,4,0,0
shock,VERB,4,0,0
article,NOUN,4,0,0
sentimental,ADJ,4,0,0
tale,NOUN,4,0,0
bayonet,NOUN,4,0,0
dirt,NOUN,4,0,0
Liberal,PROPN,4,0,1
reaction,NOUN,4,0,0
land,VERB,4,0,0
suit,VERB,4,0,0
apron,PROPN,4,0,1
quote,VERB,4,0,0
prefer,VERB,4,0,0
roast,NOUN,4,0,0
green,NOUN,4,0,0
geranium,NOUN,4,0,0
scandal,NOUN,4,0,0
wheel,NOUN,4,0,0
loft,NOUN,4,0,0
add,VERB,4,0,0
flour,NOUN,4,0,0
vast,ADJ,4,0,0
dresser,NOUN,4,0,0
spoil,VERB,4,0,0
pin,NOUN,4,0,0
space,NOUN,4,0,0
belief,NOUN,4,0,0
hire,VERB,4,0,0
sweep,VERB,4,0,0
grace,NOUN,4,0,0
thrash,VERB,4,0,0
practice,NOUN,4,0,0
weak,ADJ,4,0,0
method,NOUN,4,0,0
insect,NOUN,4,0,0
poisonous,ADJ,4,0,0
greengrocer,NOUN,4,0,0
sick,ADJ,4,0,0
Dr,PROPN,4,0,1
tear,NOUN,4,0,0
Companion,PROPN,4,0,1
ad,NOUN,4,0,0
illustration,NOUN,4,0,0
bluebottle,NOUN,4,0,0
stew,NOUN,4,0,0
buzz,VERB,4,0,0
object,VERB,4,0,0
apart,ADV,4,0,0
saving,NOUN,4,0,0
magic,ADJ,4,0,0
overhead,ADV,4,0,0
jealous,ADJ,4,0,0
scare,VERB,4,0,0
shallow,ADJ,4,0,0
shadow,NOUN,4,0,0
vegetable,NOUN,4,0,0
chick,NOUN,4,0,0
indian,ADJ,4,0,0
clever,ADJ,4,0,0
sixteen,ADJ,4,0,0
football,NOUN,4,0,0
handle,NOUN,4,0,0
leave,NOUN,4,0,0
gaze,VERB,4,0,0
ave,VERB,4,0,0
plug,VERB,4,0,0
splash,NOUN,4,0,0
salmon,NOUN,4,0,0
monstrous,ADJ,4,0,0
sailing,NOUN,4,0,0
selfish,ADJ,4,0,0
near,ADJ,4,0,0
civilization,NOUN,4,0,0
typical,ADJ,4,0,0
chemical,NOUN,4,0,0
alone,ADJ,4,1,0
rain,VERB,4,0,0
exaggerate,VERB,4,0,0
whore,NOUN,4,0,0
establish,VERB,4,0,0
clump,NOUN,4,0,0
tool,NOUN,4,0,0
pack,VERB,4,0,0
stockbroker,NOUN,4,0,0
Eastbourne,PROPN,4,0,1
slight,ADJ,4,0,0
endless,ADJ,4,0,0
forest,NOUN,4,0,0
journey,NOUN,4,0,0
dolle,VERB,4,0,0
smart,ADJ,4,0,0
loaf,VERB,4,0,0
phrase,NOUN,4,0,0
photograph,NOUN,4,0,0
daughter,NOUN,4,0,0
white,PROPN,4,0,1
slump,NOUN,4,0,0
perfect,ADJ,4,0,0
underneath,ADP,4,0,0
desert,NOUN,4,0,0
hen,NOUN,4,0,0
lifetime,NOUN,4,0,0
chestnut,NOUN,4,0,0
Lilywhite,PROPN,4,0,1
cloth,NOUN,4,0,0
May,PROPN,4,1,1
utter,ADJ,4,0,0
fail,VERB,4,0,0
Monday,PROPN,4,0,1
pudding,NOUN,4,0,0
explosion,NOUN,4,0,0
coast,NOUN,4,0,0
knot,NOUN,4,0,0
training,NOUN,4,0,0
furniture,NOUN,4,0,0
shock,NOUN,4,0,0
lovely,ADJ,4,0,0
ship,NOUN,4,0,0
whipcord,NOUN,4,0,0
accident,NOUN,4,0,0
secretary,NOUN,4,0,0
Coast,PROPN,4,0,1
Force,PROPN,4,0,1
bully,NOUN,4,0,0
Lidgebird,PROPN,4,0,1
enter,VERB,4,0,0
raise,VERB,4,0,0
detective,NOUN,4,0,0
Wells,PROPN,4,0,1
cheque,NOUN,4,0,0
ribbon,NOUN,4,0,0
everlasting,ADJ,4,0,0
middling,ADJ,4,0,0
whoever,PRON,4,1,0
Vincent,PROPN,4,0,1
pretty,ADJ,4,0,0
colony,NOUN,4,0,0
instant,NOUN,4,0,0
vanish,VERB,4,0,0
play,NOUN,4,0,0
grave,NOUN,4,0,0
lecture,VERB,4,0,0
tap,VERB,4,0,0
tonight,NOUN,4,0,0
Nazis,PROPN,4,0,1
mean,ADJ,4,0,0
hatred,NOUN,4,0,0
Labour,PROPN,4,0,1
brain,NOUN,4,0,0
Europe,PROPN,4,0,1
greek,ADJ,4,0,0
shy,VERB,4,0,0
exceptional,ADJ,4,0,0
nerve,NOUN,4,0,0
spite,NOUN,4,0,0
split,NOUN,4,0,0
fond,ADJ,4,0,0
amber,NOUN,4,0,0
copse,NOUN,4,0,0
sham,VERB,4,0,0
mackintosh,NOUN,4,0,0
song,NOUN,3,0,0
below,ADV,3,1,0
bare,ADJ,3,0,0
tumbler,NOUN,3,0,0
set,NOUN,3,0,0
Warner,PROPN,3,0,1
elbow,NOUN,3,0,0
nuisance,NOUN,3,0,0
inclined,ADJ,3,0,0
waist,NOUN,3,0,0
broad,ADJ,3,0,0
Fatty,PROPN,3,0,1
Tubby,PROPN,3,0,1
party,NOUN,3,0,0
fatty,NOUN,3,0,0
wither,VERB,3,0,0
definitely,ADV,3,0,0
upright,ADJ,3,0,0
apply,VERB,3,0,0
complete,ADJ,3,0,0
odd,NOUN,3,0,0
double,ADJ,3,0,0
frantic,ADJ,3,0,0
outside,ADV,3,0,0
agony,NOUN,3,0,0
wanna,VERB,3,0,0
dry,ADJ,3,0,0
soapy,ADJ,3,0,0
carefully,ADV,3,0,0
temper,NOUN,3,0,0
silver,NOUN,3,0,0
Chronicle,PROPN,3,0,1
announce,VERB,3,0,0
bent,VERB,3,0,0
breathe,VERB,3,0,0
hint,NOUN,3,0,0
hare,NOUN,3,0,0
disaster,NOUN,3,0,0
petty,ADJ,3,0,0
rock,VERB,3,0,0
tune,NOUN,3,0,0
Lorna,PROPN,3,0,1
revolve,VERB,3,0,0
separate,ADJ,3,0,0
dairy,NOUN,3,0,0
Crown,PROPN,3,0,1
juice,NOUN,3,0,0
China,PROPN,3,0,1
balance,NOUN,3,0,0
inner,ADJ,3,0,0
alike,ADV,3,0,0
incapable,ADJ,3,0,0
bookie,NOUN,3,0,0
average,ADJ,3,0,0
torture,NOUN,3,0,0
nightmare,NOUN,3,0,0
suck,VERB,3,0,0
fast,ADV,3,0,0
well,NOUN,3,1,0
racket,NOUN,3,0,0
property,NOUN,3,0,0
beauty,NOUN,3,0,0
wallop,VERB,3,0,0
director,NOUN,3,0,0
key,NOUN,3,0,0
policy,NOUN,3,0,0
aspirin,NOUN,3,0,0
concrete,ADJ,3,0,0
cash,NOUN,3,0,0
represent,VERB,3,0,0
needless,ADJ,3,0,0
cement,NOUN,3,0,0
population,NOUN,3,0,0
increase,VERB,3,0,0
lawyer,NOUN,3,0,0
stuffing,NOUN,3,0,0
opening,NOUN,3,0,0
line,VERB,3,0,0
Ho,PROPN,3,0,1
curtain,NOUN,3,0,0
bob,PROPN,3,0,1
wriggle,VERB,3,0,0
pain,NOUN,3,0,0
cock,NOUN,3,0,0
strut,VERB,3,0,0
admiral,NOUN,3,0,0
tray,NOUN,3,0,0
jacket,NOUN,3,0,0
bum,NOUN,3,0,0
pace,NOUN,3,0,0
opposite,ADP,3,0,0
Express,PROPN,3,0,1
baloney,NOUN,3,0,0
sway,VERB,3,0,0
fright,PROPN,3,0,1
tired,ADJ,3,0,0
outlook,NOUN,3,0,0
scene,NOUN,3,0,0
please,VERB,3,1,0
ray,NOUN,3,0,0
close,ADJ,3,0,0
by,ADV,3,1,0
bunk,NOUN,3,0,0
wrap,VERB,3,0,0
break,NOUN,3,0,0
fry,VERB,3,0,0
amount,NOUN,3,1,0
slab,NOUN,3,0,0
pie,NOUN,3,0,0
squeeze,VERB,3,0,0
comfort,NOUN,3,0,0
propaganda,NOUN,3,0,0
newsboy,PROPN,3,0,1
flap,VERB,3,0,0
further,ADJ,3,1,0
countryside,NOUN,3,0,0
honestly,ADV,3,0,0
ooze,VERB,3,0,0
sausage,NOUN,3,0,0
Germany,PROPN,3,0,1
streamline,VERB,3,0,0
steel,NOUN,3,0,0
tailor,NOUN,3,0,0
through,ADV,3,1,0
cabbage,NOUN,3,0,0
prophetic,ADJ,3,0,0
nose,VERB,3,0,0
skeleton,NOUN,3,0,0
Jones,PROPN,3,0,1
cough,VERB,3,0,0
bellow,VERB,3,0,0
troop,NOUN,3,0,0
howl,VERB,3,0,0
frock,NOUN,3,0,0
scare,NOUN,3,0,0
parish,PROPN,3,0,1
Georgie,PROPN,3,0,1
suspicion,NOUN,3,0,0
psalm,NOUN,3,0,0
beneath,ADP,3,0,0
coffin,NOUN,3,0,0
drown,VERB,3,0,0
clip,VERB,3,0,0
form,VERB,3,0,0
encyclopedia,NOUN,3,0,0
temple,NOUN,3,0,0
furnace,NOUN,3,0,0
hustle,VERB,3,0,0
petrol,NOUN,3,0,0
stink,NOUN,3,0,0
brandy,NOUN,3,0,0
overall,NOUN,3,0,0
heaven,PROPN,3,0,1
PART,PROPN,3,1,1
cradle,NOUN,3,0,0
date,VERB,3,0,0
eld,ADJ,3,0,0
damp,ADJ,3,0,0
plastery,NOUN,3,0,0
lettering,NOUN,3,0,0
grasp,NOUN,3,0,0
suspect,VERB,3,0,0
latakia,NOUN,3,0,0
film,NOUN,3,0,0
delusion,NOUN,3,0,0
September,PROPN,3,0,1
reach,NOUN,3,0,0
clean,VERB,3,0,0
various,ADJ,3,1,0
nut,NOUN,3,0,0
knowledge,NOUN,3,0,0
share,VERB,3,0,0
farthing,NOUN,3,0,0
pistol,NOUN,3,0,0
chocolate,NOUN,3,0,0
Monster,PROPN,3,0,1
lemonade,PROPN,3,0,1
lumpy,ADJ,3,0,0
sister,NOUN,3,0,0
boast,VERB,3,0,0
fall,NOUN,3,0,0
turnip,NOUN,3,0,0
standard,NOUN,3,0,0
wrinkle,VERB,3,0,0
hag,NOUN,3,0,0
terrific,ADJ,3,0,0
regard,VERB,3,1,0
terrify,VERB,3,0,0
loose,ADJ,3,0,0
drunken,ADJ,3,0,0
faced,ADJ,3,0,0
battlefield,NOUN,3,0,0
produce,VERB,3,0,0
foreigner,NOUN,3,0,0
election,NOUN,3,0,0
excitement,NOUN,3,0,0
politic,NOUN,3,0,0
store,VERB,3,0,0
opinion,NOUN,3,0,0
century,NOUN,3,0,0
boar,NOUN,3,0,0
treat,VERB,3,0,0
atrocity,NOUN,3,0,0
tackle,VERB,3,0,0
grandfather,NOUN,3,0,0
blunt,ADJ,3,0,0
mealy,ADJ,3,0,0
learning,NOUN,3,0,0
People,PROPN,3,0,1
tablecloth,NOUN,3,0,0
onion,NOUN,3,0,0
wing,NOUN,3,0,0
stump,NOUN,3,0,0
characteristic,ADJ,3,0,0
mixture,NOUN,3,0,0
quantity,NOUN,3,0,0
plot,NOUN,3,0,0
inherit,VERB,3,0,0
sink,NOUN,3,0,0
pump,NOUN,3,0,0
beetle,NOUN,3,0,0
eating,NOUN,3,0,0
satisfied,ADJ,3,0,0
moreover,ADV,3,1,0
wish,NOUN,3,0,0
practise,VERB,3,0,0
clockwork,NOUN,3,0,0
suggest,VERB,3,0,0
mechanical,ADJ,3,0,0
foreign,ADJ,3,0,0
tolerate,VERB,3,0,0
dumpling,NOUN,3,0,0
Yorkshire,PROPN,3,0,1
thrashing,NOUN,3,0,0
strap,NOUN,3,0,0
saddler,NOUN,3,0,0
forbid,VERB,3,0,0
climb,VERB,3,0,0
squailer,NOUN,3,0,0
cat,NOUN,3,0,0
blow,NOUN,3,0,0
toad,NOUN,3,0,0
blackbeetle,NOUN,3,0,0
mushroom,NOUN,3,0,0
plum,NOUN,3,0,0
cup,NOUN,3,0,0
shutter,NOUN,3,0,0
blossom,NOUN,3,0,0
sewing,NOUN,3,0,0
fender,NOUN,3,0,0
steadily,ADV,3,0,0
shame,NOUN,3,0,0
meat,NOUN,3,0,0
act,NOUN,3,0,0
dame,NOUN,3,0,0
occasion,NOUN,3,0,0
usually,ADV,3,0,0
hundredweight,NOUN,3,0,0
ferret,NOUN,3,0,0
auctioneer,NOUN,3,0,0
fairy,NOUN,3,0,0
breath,NOUN,3,0,0
cloud,NOUN,3,0,0
silk,NOUN,3,0,0
both,CCONJ,3,1,0
aitche,NOUN,3,0,0
excited,ADJ,3,0,0
clip,NOUN,3,0,0
circle,NOUN,3,0,0
farmhouse,NOUN,3,0,0
splash,VERB,3,0,0
instinct,NOUN,3,0,0
bite,NOUN,3,0,0
marble,NOUN,3,0,0
twitch,VERB,3,0,0
fennel,NOUN,3,0,0
dot,NOUN,3,0,0
carter,NOUN,3,0,0
fork,NOUN,3,0,0
rumour,NOUN,3,0,0
cheek,VERB,3,0,0
mound,NOUN,3,0,0
post,NOUN,3,0,0
stamp,VERB,3,0,0
shy,ADJ,3,0,0
rank,NOUN,3,0,0
minnow,NOUN,3,0,0
Wicksey,PROPN,3,0,1
schoolroom,NOUN,3,0,0
arithmetic,ADJ,3,0,0
concern,VERB,3,0,0
ambition,NOUN,3,0,0
connect,VERB,3,0,0
wit,NOUN,3,0,0
packing,NOUN,3,0,0
bun,NOUN,3,0,0
dart,NOUN,3,0,0
Willy,PROPN,3,0,1
asylum,NOUN,3,0,0
cousin,NOUN,3,0,0
fisherman,NOUN,3,0,0
boyhood,NOUN,3,0,0
individual,ADJ,3,0,0
flame,NOUN,3,0,0
plait,VERB,3,0,0
shill,VERB,3,0,0
reel,NOUN,3,0,0
Nottingham,PROPN,3,0,1
Ere,PROPN,3,0,1
grasshopper,NOUN,3,0,0
grating,NOUN,3,0,0
shoal,NOUN,3,0,0
literally,ADV,3,0,0
copper,NOUN,3,0,0
reed,NOUN,3,0,0
blame,VERB,3,0,0
very,ADJ,3,1,0
tench,NOUN,3,0,0
terror,NOUN,3,0,0
concentration,NOUN,3,0,0
poison,VERB,3,0,0
turn,NOUN,3,0,0
root,NOUN,3,0,0
jack,NOUN,3,0,0
Queen,PROPN,3,0,1
Amazon,PROPN,3,0,1
utterly,ADV,3,0,0
wide,ADJ,3,0,0
close,VERB,3,0,0
snap,VERB,3,0,0
stomach,NOUN,3,0,0
secret,NOUN,3,0,0
till,NOUN,3,0,0
Jew,PROPN,3,0,1
idiocy,NOUN,3,0,0
swap,VERB,3,0,0
wound,VERB,3,0,0
spirit,NOUN,3,0,0
scrap,VERB,3,0,0
muck,NOUN,3,0,0
litter,NOUN,3,0,0
boredom,NOUN,3,0,0
poplar,NOUN,3,0,0
magazine,NOUN,3,0,0
opposite,NOUN,3,0,0
shin,VERB,3,0,0
wrapper,NOUN,3,0,0
hope,NOUN,3,0,0
call,NOUN,3,1,0
businessman,NOUN,3,0,0
wet,ADJ,3,0,0
Farver,PROPN,3,0,1
dance,VERB,3,0,0
round,ADP,3,0,0
Nat,PROPN,3,0,1
Gould,PROPN,3,0,1
away,ADP,3,0,0
incredible,ADJ,3,0,0
pitch,VERB,3,0,0
cool,ADJ,3,0,0
solemnly,ADV,3,0,0
lodge,VERB,3,0,0
patent,NOUN,3,0,0
schoolboy,NOUN,3,0,0
outskirt,NOUN,3,0,0
slack,NOUN,3,0,0
little,ADV,3,0,0
away,NOUN,3,0,0
none,NOUN,3,1,0
eager,ADJ,3,0,0
wage,NOUN,3,0,0
nagging,ADJ,3,0,0
prayer,NOUN,3,0,0
yessir,NOUN,3,0,0
bacon,NOUN,3,0,0
margarine,NOUN,3,0,0
trace,NOUN,3,0,0
Edward,PROPN,3,0,1
border,NOUN,3,0,0
effort,NOUN,3,0,0
Sesame,PROPN,3,0,1
near,ADV,3,0,0
name,VERB,3,1,0
accept,VERB,3,0,0
hurt,VERB,3,0,0
shrink,VERB,3,0,0
capital,NOUN,3,0,0
obvious,ADJ,3,0,0
promptly,ADV,3,0,0
permanent,ADJ,3,0,0
bankruptcy,NOUN,3,0,0
gentle,ADJ,3,0,0
plain,ADJ,3,0,0
feminine,ADJ,3,0,0
stillness,NOUN,3,0,0
kiss,VERB,3,0,0
poverty,NOUN,3,0,0
sign,VERB,3,0,0
future,ADJ,3,0,0
junk,NOUN,3,0,0
third,ADJ,3,1,0
b,X,3,0,0
hand,VERB,3,0,0
cream,NOUN,3,0,0
spinney,NOUN,3,0,0
hate,VERB,3,0,0
head,VERB,3,0,0
Doxley,PROPN,3,0,1
tombstone,NOUN,3,0,0
growth,NOUN,3,0,0
next,ADV,3,1,0
annuity,NOUN,3,0,0
plumber,NOUN,3,0,0
mixed,ADJ,3,0,0
pay,NOUN,3,0,0
Cheam,PROPN,3,0,1
chairman,NOUN,3,0,0
Defence,PROPN,3,0,1
boom,VERB,3,0,0
plant,VERB,3,0,0
tripe,NOUN,3,0,0
naturally,ADV,3,0,0
physical,ADJ,3,0,0
in,NOUN,3,1,0
subscription,NOUN,3,0,0
Bristol,PROPN,3,0,1
distinguish,VERB,3,0,0
million,NOUN,3,0,0
eternal,ADJ,3,0,0
pal,NOUN,3,0,0
move,NOUN,3,1,0
godless,ADJ,3,0,0
agent,NOUN,3,0,0
worker,NOUN,3,0,0
success,NOUN,3,0,0
out,NOUN,3,1,0
clergyman,NOUN,3,0,0
Harold,PROPN,3,0,1
pin,VERB,3,0,0
sake,NOUN,3,0,0
duty,NOUN,3,0,0
suspicious,ADJ,3,0,0
crank,NOUN,3,0,0
seance,NOUN,3,0,0
architect,NOUN,3,0,0
fascist,ADJ,3,0,0
piano,NOUN,3,0,0
burr,NOUN,3,0,0
fascism,NOUN,3,0,0
gramophone,NOUN,3,0,0
interest,VERB,3,0,0
Fascists,PROPN,3,0,1
Rome,PROPN,3,0,1
actual,ADJ,3,0,0
hammer,VERB,3,0,0
fright,NOUN,3,0,0
Communists,PROPN,3,0,1
destiny,NOUN,3,0,0
August,PROPN,3,0,1
Greek,PROPN,3,0,1
curly,ADJ,3,0,0
dear,ADJ,3,0,0
fun,NOUN,3,0,0
loudspeaker,NOUN,3,0,0
hardware,NOUN,3,0,0
track,NOUN,3,0,0
ironmonger,NOUN,3,0,0
mist,NOUN,3,0,0
hillside,NOUN,3,0,0
smother,VERB,3,0,0
slow,VERB,3,0,0
ember,NOUN,3,0,0
ash,NOUN,3,0,0
plan,VERB,3,0,0
accelerator,NOUN,3,0,0
crockery,NOUN,3,0,0
Jesus,PROPN,3,0,1
post,VERB,3,0,0
address,VERB,3,0,0
suitcase,NOUN,3,0,0
trip,NOUN,3,0,0
turning,NOUN,3,0,0
creep,VERB,3,0,0
account,VERB,3,0,0
Market,PROPN,3,0,1
prosperous,ADJ,3,0,0
wallpaper,NOUN,3,0,0
lounge,NOUN,3,0,0
pewter,NOUN,3,0,0
aisle,NOUN,3,0,0
Air,PROPN,3,0,1
mask,NOUN,3,0,0
patient,NOUN,3,0,0
bin,PROPN,3,0,1
thin,VERB,3,0,0
booze,NOUN,3,0,0
Cookson,PROPN,3,0,1
gossome,VERB,3,0,0
loony,NOUN,3,0,0
Tudor,PROPN,3,0,1
hee,PROPN,3,0,1
Pixy,PROPN,3,0,1
Glen,PROPN,3,0,1
rip,VERB,3,0,0
e,PROPN,2,0,1
Popular,PROPN,2,0,1
nip,VERB,2,0,0
January,PROPN,2,0,1
privet,ADJ,2,0,0
dentist,NOUN,2,0,0
brush,NOUN,2,0,0
fair,NOUN,2,0,0
sag,VERB,2,0,0
active,ADJ,2,0,0
bounce,VERB,2,0,0
gum,NOUN,2,0,0
pinch,VERB,2,0,0
kid,VERB,2,0,0
unable,ADJ,2,0,0
shipwreck,NOUN,2,0,0
racing,NOUN,2,0,0
influence,NOUN,2,0,0
planet,NOUN,2,0,0
jockey,NOUN,2,0,0
race,NOUN,2,0,0
Corsair,PROPN,2,0,1
Bride,PROPN,2,0,1
share,NOUN,2,0,0
whisky,NOUN,2,0,0
quart,NOUN,2,0,0
stamping,NOUN,2,0,0
danger,NOUN,2,0,0
plug,NOUN,2,0,0
aim,VERB,2,0,0
soapy,NOUN,2,0,0
downstairs,ADV,2,0,0
poky,ADJ,2,0,0
state,NOUN,2,0,0
loudly,ADV,2,0,0
puff,VERB,2,0,0
upset,ADJ,2,0,0
plague,NOUN,2,0,0
famine,NOUN,2,0,0
revolution,NOUN,2,0,0
due,ADJ,2,1,0
security,NOUN,2,0,0
wash,VERB,2,0,0
lightning,NOUN,2,0,0
speed,NOUN,2,0,0
dreary,ADJ,2,0,0
ruler,NOUN,2,0,0
mark,NOUN,2,0,0
French,PROPN,2,0,1
yearn,VERB,2,0,0
twopence,NOUN,2,0,0
sole,ADJ,2,0,0
tame,ADJ,2,0,0
spread,VERB,2,0,0
Spain,PROPN,2,0,1
waver,VERB,2,0,0
semi,ADJ,2,0,0
detached,ADJ,2,0,0
our,NOUN,2,1,0
stucco,NOUN,2,0,0
Mon,PROPN,2,0,1
Belle,PROPN,2,0,1
Vue,PROPN,2,0,1
herring,NOUN,2,0,0
wear,NOUN,2,0,0
glove,NOUN,2,0,0
vacuum,NOUN,2,0,0
cleaner,NOUN,2,0,0
bunk,VERB,2,0,0
stove,NOUN,2,0,0
prison,NOUN,2,0,0
cell,NOUN,2,0,0
semidetache,VERB,2,0,0
shiver,NOUN,2,0,0
tail,NOUN,2,0,0
leech,NOUN,2,0,0
rot,NOUN,2,0,0
bung,VERB,2,0,0
card,NOUN,2,0,0
horn,NOUN,2,0,0
roller,NOUN,2,0,0
eighty,NUM,2,0,0
scoop,VERB,2,0,0
material,NOUN,2,0,0
bargain,NOUN,2,0,0
American,PROPN,2,0,1
Herbert,PROPN,2,0,1
defence,NOUN,2,0,0
subtle,ADJ,2,0,0
householder,NOUN,2,0,0
payment,NOUN,2,0,0
twice,DET,2,0,0
doll,NOUN,2,0,0
Sixpenny,PROPN,2,0,1
curse,NOUN,2,0,0
square,ADJ,2,0,0
spiky,NOUN,2,0,0
evidently,ADV,2,0,0
saw,NOUN,2,0,0
cursing,NOUN,2,0,0
dragon,NOUN,2,0,0
edge,VERB,2,0,0
her,NOUN,2,1,0
wriggling,NOUN,2,0,0
deck,NOUN,2,0,0
lady,NOUN,2,0,0
fumble,VERB,2,0,0
threepenny,NOUN,2,0,0
Queer,PROPN,2,0,1
funk,NOUN,2,0,0
blacksmith,PROPN,2,0,1
rub,VERB,2,0,0
swim,VERB,2,0,0
scar,VERB,2,0,0
overhead,NOUN,2,0,0
canvasser,NOUN,2,0,0
Mail,PROPN,2,0,1
legal,ADJ,2,0,0
impress,VERB,2,0,0
slum,NOUN,2,0,0
peg,VERB,2,0,0
cock,VERB,2,0,0
dive,NOUN,2,0,0
wet,VERB,2,0,0
winner,NOUN,2,0,0
sprout,VERB,2,0,0
waistcoat,ADJ,2,0,0
nickname,NOUN,2,0,0
personal,ADJ,2,0,0
sheer,ADJ,2,0,0
hulk,NOUN,2,0,0
lorry,NOUN,2,0,0
comedy,NOUN,2,0,0
show,NOUN,2,1,0
emotion,NOUN,2,0,0
tragic,ADJ,2,0,0
Oliver,PROPN,2,0,1
Hardy,PROPN,2,0,1
sensitive,ADJ,2,0,0
forehead,NOUN,2,0,0
paroxysm,NOUN,2,0,0
weeping,NOUN,2,0,0
fle,VERB,2,0,0
downright,ADV,2,0,0
sunshine,NOUN,2,0,0
damage,NOUN,2,0,0
mentally,ADV,2,0,0
environment,NOUN,2,0,0
circumstance,NOUN,2,0,0
fortune,NOUN,2,0,0
pick,NOUN,2,0,0
m,NOUN,2,0,0
plain,NOUN,2,0,0
ride,VERB,2,0,0
whichever,DET,2,0,0
conference,NOUN,2,0,0
bloomer,NOUN,2,0,0
plonk,ADV,2,0,0
chapel,NOUN,2,0,0
alley,NOUN,2,0,0
stall,NOUN,2,0,0
peacefulness,NOUN,2,0,0
beast,NOUN,2,0,0
pineapple,NOUN,2,0,0
parlour,NOUN,2,0,0
plonk,ADJ,2,0,0
chromium,NOUN,2,0,0
decoration,NOUN,2,0,0
refrigerator,NOUN,2,0,0
stool,NOUN,2,0,0
order,VERB,2,0,0
jerk,VERB,2,0,0
parcel,NOUN,2,0,0
nation,NOUN,2,0,0
Crippen,PROPN,2,0,1
bit,VERB,2,0,0
revelation,NOUN,2,0,0
Legs,PROPN,2,0,1
spit,VERB,2,0,0
turtle,NOUN,2,0,0
absurd,ADJ,2,0,0
artist,NOUN,2,0,0
toothpaste,NOUN,2,0,0
choose,VERB,2,0,0
sixpenny,NOUN,2,0,0
Havana,PROPN,2,0,1
warm,VERB,2,0,0
clean,ADJ,2,0,0
thoughtful,ADJ,2,0,0
toot,VERB,2,0,0
waken,VERB,2,0,0
walker,NOUN,2,0,0
war,PROPN,2,0,1
dumb,ADJ,2,0,0
say,INTJ,2,1,0
dirty,NOUN,2,0,0
crater,NOUN,2,0,0
cough,NOUN,2,0,0
parade,NOUN,2,0,0
yer,NOUN,2,0,0
purple,ADJ,2,0,0
speaker,NOUN,2,0,0
glorious,ADJ,2,0,0
smack,VERB,2,0,0
dung,NOUN,2,0,0
merchant,NOUN,2,0,0
dusty,NOUN,2,0,0
serge,ADJ,2,0,0
hassock,NOUN,2,0,0
Eton,PROPN,2,0,1
undertaker,NOUN,2,0,0
nave,NOUN,2,0,0
chin,NOUN,2,0,0
powerful,ADJ,2,0,0
lantern,ADJ,2,0,0
churn,VERB,2,0,0
rumble,VERB,2,0,0
underground,ADV,2,0,0
plenty,ADJ,2,0,0
lack,VERB,2,0,0
egyptian,ADJ,2,0,0
throne,NOUN,2,0,0
activity,NOUN,2,0,0
Church,PROPN,2,0,1
wheeze,NOUN,2,0,0
necessary,ADJ,2,0,0
text,NOUN,2,0,0
evil,NOUN,2,0,0
fiery,ADJ,2,0,0
carrier,NOUN,2,0,0
Lady,PROPN,2,0,1
Rampling,PROPN,2,0,1
Chamberlain,PROPN,2,0,1
recruiting,NOUN,2,0,0
drunk,NOUN,2,0,0
Vicky,PROPN,2,0,1
Jonah,PROPN,2,0,1
may,AUX,2,1,0
origin,NOUN,2,0,0
outbreak,NOUN,2,0,0
clutch,VERB,2,0,0
crash,VERB,2,0,0
conscious,ADJ,2,0,0
terrier,NOUN,2,0,0
Oxfordshire,PROPN,2,0,1
colonnade,NOUN,2,0,0
roughly,ADV,2,0,0
cigarette,NOUN,2,0,0
bay,PROPN,2,0,1
rum,NOUN,2,0,0
munch,VERB,2,0,0
dusk,NOUN,2,0,0
rare,ADJ,2,0,0
nuts,ADJ,2,0,0
crab,NOUN,2,0,0
hip,NOUN,2,0,0
odd,ADJ,2,0,0
authority,NOUN,2,0,0
dogcart,NOUN,2,0,0
equal,ADJ,2,0,0
newts,PROPN,2,0,1
position,NOUN,2,0,0
repair,NOUN,2,0,0
worth,NOUN,2,0,0
Mixture,PROPN,2,0,1
whistle,NOUN,2,0,0
print,VERB,2,0,0
thousand,NOUN,2,0,0
fizzy,ADJ,2,0,0
heat,NOUN,2,0,0
calf,NOUN,2,0,0
ridiculous,ADJ,2,0,0
skirt,NOUN,2,0,0
handle,VERB,2,0,0
service,NOUN,2,0,0
tinker,NOUN,2,0,0
gypsy,NOUN,2,0,0
police,NOUN,2,0,0
mat,NOUN,2,0,0
Thursday,PROPN,2,0,1
switch,NOUN,2,0,0
cattle,NOUN,2,0,0
harmless,ADJ,2,0,0
charge,VERB,2,0,0
backwards,ADV,2,0,0
sail,NOUN,2,0,0
Woo,PROPN,2,0,1
credit,NOUN,2,0,0
list,VERB,2,0,0
faith,NOUN,2,0,0
skewer,VERB,2,0,0
liberal,ADJ,2,0,0
tend,VERB,2,0,0
greatly,ADV,2,0,0
straight,ADJ,2,0,0
bark,VERB,2,0,0
Lane,PROPN,2,0,1
conscientious,ADJ,2,0,0
Little,PROPN,2,0,1
Englander,PROPN,2,0,1
frog,NOUN,2,0,0
vivid,ADJ,2,0,0
everlastingly,ADV,2,0,0
thirty,NOUN,2,0,0
shirtsleeve,NOUN,2,0,0
educate,VERB,2,0,0
witted,ADJ,2,0,0
Carlyle,PROPN,2,0,1
parlour,NUM,2,0,0
World,PROPN,2,0,1
coo,VERB,2,0,0
tent,NOUN,2,0,0
ruminative,ADJ,2,0,0
Red,PROPN,2,0,1
gastric,ADJ,2,0,0
sceptical,ADJ,2,0,0
being,NOUN,2,0,0
busy,ADJ,2,0,0
honest,ADJ,2,0,0
postmaster,NOUN,2,0,0
streak,NOUN,2,0,0
famous,ADJ,2,0,0
variation,NOUN,2,0,0
netting,NOUN,2,0,0
advertisement,NOUN,2,0,0
exaggeration,NOUN,2,0,0
mealy,PROPN,2,0,1
ghostly,ADJ,2,0,0
forearm,NOUN,2,0,0
ton,NOUN,2,0,0
bundle,NOUN,2,0,0
bait,VERB,2,0,0
strip,NOUN,2,0,0
peel,NOUN,2,0,0
sacred,ADJ,2,0,0
wonderfully,ADV,2,0,0
occasional,ADJ,2,0,0
ignorant,ADJ,2,0,0
Ireland,PROPN,2,0,1
west,NOUN,2,0,0
lock,VERB,2,0,0
eunuchs,NOUN,2,0,0
mount,VERB,2,0,0
seldom,ADV,2,0,0
curiosity,NOUN,2,0,0
process,NOUN,2,0,0
housework,NOUN,2,0,0
mutton,NOUN,2,0,0
jam,PROPN,2,0,1
choke,VERB,2,0,0
smoking,NOUN,2,0,0
rob,VERB,2,0,0
age,VERB,2,0,0
rough,ADV,2,0,0
cart,NOUN,2,0,0
bat,NOUN,2,0,0
earwig,NOUN,2,0,0
snake,NOUN,2,0,0
potato,NOUN,2,0,0
poison,NOUN,2,0,0
thumb,NOUN,2,0,0
mustard,NOUN,2,0,0
gorge,VERB,2,0,0
cure,NOUN,2,0,0
drinking,NOUN,2,0,0
dissolve,VERB,2,0,0
Binfleld,PROPN,2,0,1
terrible,ADJ,2,0,0
Ripper,PROPN,2,0,1
rightly,ADV,2,0,0
serial,ADJ,2,0,0
Household,PROPN,2,0,1
Hints,PROPN,2,0,1
cylinder,NOUN,2,0,0
reader,NOUN,2,0,0
stew,VERB,2,0,0
slice,NOUN,2,0,0
mumble,VERB,2,0,0
receive,VERB,2,0,0
sanitary,ADJ,2,0,0
sail,VERB,2,0,0
ride,NOUN,2,0,0
useless,ADJ,2,0,0
teacher,NOUN,2,0,0
deaf,ADJ,2,0,0
equipment,NOUN,2,0,0
smelly,NOUN,2,0,0
succeed,VERB,2,0,0
clumsy,ADJ,2,0,0
thirteen,NUM,2,0,0
eagle,NOUN,2,0,0
labourer,NOUN,2,0,0
ordeal,NOUN,2,0,0
earthworm,NOUN,2,0,0
amount,VERB,2,0,0
handwriting,NOUN,2,0,0
forge,VERB,2,0,0
blasted,ADJ,2,0,0
net,NOUN,2,0,0
terrified,ADJ,2,0,0
bask,VERB,2,0,0
diamond,NOUN,2,0,0
Wallace,PROPN,2,0,1
plunge,NOUN,2,0,0
tug,VERB,2,0,0
overhear,VERB,2,0,0
satchel,NOUN,2,0,0
far,ADJ,2,0,0
tangle,VERB,2,0,0
drift,VERB,2,0,0
ome,NOUN,2,0,0
kneel,VERB,2,0,0
screw,VERB,2,0,0
promise,VERB,2,0,0
favour,NOUN,2,0,0
water,VERB,2,0,0
quiver,NOUN,2,0,0
hotter,ADJ,2,0,0
accidentally,ADV,2,0,0
red,NOUN,2,0,0
helpless,ADJ,2,0,0
whack,VERB,2,0,0
pretext,NOUN,2,0,0
ditch,NOUN,2,0,0
belch,NOUN,2,0,0
trunk,NOUN,2,0,0
echo,NOUN,2,0,0
navel,NOUN,2,0,0
keeper,NOUN,2,0,0
caretaker,NOUN,2,0,0
quarry,NOUN,2,0,0
saucepan,NOUN,2,0,0
rout,VERB,2,0,0
trample,VERB,2,0,0
can,VERB,2,0,0
headmaster,NOUN,2,0,0
stripe,NOUN,2,0,0
downhill,ADV,2,0,0
nineteen,NUM,2,0,0
surprise,NOUN,2,0,0
University,PROPN,2,0,1
college,NOUN,2,0,0
flatten,VERB,2,0,0
Boy,PROPN,2,0,1
belt,NOUN,2,0,0
gravel,NOUN,2,0,0
Chelsea,PROPN,2,0,1
Lardy,PROPN,2,0,1
Busters,PROPN,2,0,1
desk,NOUN,2,0,0
nail,NOUN,2,0,0
Blowers,PROPN,2,0,1
gag,NOUN,2,0,0
stamp,NOUN,2,0,0
left,ADJ,2,0,0
paint,NOUN,2,0,0
grand,ADJ,2,0,0
smelly,ADJ,2,0,0
flood,VERB,2,0,0
thump,VERB,2,0,0
horsehair,NOUN,2,0,0
gut,PROPN,2,0,1
substitute,NOUN,2,0,0
gimp,NOUN,2,0,0
technicality,NOUN,2,0,0
mealworm,NOUN,2,0,0
treacle,NOUN,2,0,0
please,INTJ,2,1,0
zoom,NOUN,2,0,0
live,ADJ,2,0,0
honey,NOUN,2,0,0
gudgeon,ADJ,2,0,0
brandling,NOUN,2,0,0
currant,NOUN,2,0,0
mad,ADJ,2,0,0
sprawl,VERB,2,0,0
relative,ADJ,2,0,0
rush,NOUN,2,0,0
weir,PROPN,2,0,1
passion,NOUN,2,0,0
pray,VERB,2,0,0
nosed,ADJ,2,0,0
entirely,ADV,2,0,0
Confirmation,PROPN,2,0,1
nightjar,NOUN,2,0,0
hawk,VERB,2,0,0
Wordsworth,PROPN,2,0,1
Gray,PROPN,2,0,1
poetic,ADJ,2,0,0
affect,VERB,2,0,0
plant,NOUN,2,0,0
intensity,NOUN,2,0,0
longing,NOUN,2,0,0
crop,VERB,2,0,0
bleak,ADJ,2,0,0
dismal,ADJ,2,0,0
millionaire,NOUN,2,0,0
mill,NOUN,2,0,0
cure,VERB,2,0,0
be,VERB,2,1,0
Farrel,PROPN,2,0,1
plantation,NOUN,2,0,0
beautiful,ADJ,2,0,0
Italy,PROPN,2,0,1
desolation,NOUN,2,0,0
surly,ADV,2,0,0
across,ADV,2,1,0
astonishing,ADJ,2,0,0
solitude,NOUN,2,0,0
reflect,VERB,2,0,0
hollow,NOUN,2,0,0
bulrush,NOUN,2,0,0
plunge,VERB,2,0,0
possess,VERB,2,0,0
lain,VERB,2,0,0
explore,VERB,2,0,0
farth,ADJ,2,0,0
overflow,NOUN,2,0,0
boggy,NOUN,2,0,0
overhang,VERB,2,0,0
possibly,ADV,2,0,0
hurry,VERB,2,0,0
arrangement,NOUN,2,0,0
motive,NOUN,2,0,0
Fishing,PROPN,2,0,1
confession,NOUN,2,0,0
flop,NOUN,2,0,0
everlasting,NOUN,2,0,0
calculate,VERB,2,0,0
shaving,NOUN,2,0,0
salesmanship,NOUN,2,0,0
autumn,NOUN,2,0,0
kit,NOUN,2,0,0
barn,NOUN,2,0,0
billet,VERB,2,0,0
putty,NOUN,2,0,0
wretched,ADJ,2,0,0
turd,NOUN,2,0,0
mainly,ADV,2,0,0
surname,NOUN,2,0,0
cockney,NOUN,2,0,0
hop,NOUN,2,0,0
Fish,PROPN,2,0,1
stripy,ADJ,2,0,0
f,X,2,0,0
cop,VERB,2,0,0
amusement,NOUN,2,0,0
dugout,NOUN,2,0,0
poplar,ADJ,2,0,0
Company,PROPN,2,0,1
fever,NOUN,2,0,0
horizon,NOUN,2,0,0
trim,VERB,2,0,0
bang,VERB,2,0,0
Needle,PROPN,2,0,1
thread,NOUN,2,0,0
cork,NOUN,2,0,0
hank,NOUN,2,0,0
cry,VERB,2,0,0
no,NOUN,2,1,0
keen,ADJ,2,0,0
trodden,ADJ,2,0,0
suitable,ADJ,2,0,0
Margate,PROPN,2,0,1
Bournemouth,PROPN,2,0,1
feature,NOUN,2,0,0
boarding,NOUN,2,0,0
sandbucket,NOUN,2,0,0
loiter,VERB,2,0,0
pier,NOUN,2,0,0
bore,VERB,2,0,0
beach,NOUN,2,0,0
sure,ADV,2,0,0
lead,NOUN,2,0,0
casually,ADV,2,0,0
disgraceful,ADJ,2,0,0
fancy,ADJ,2,0,0
voluntarily,ADV,2,0,0
considerable,ADJ,2,0,0
Boots,PROPN,2,0,1
Library,PROPN,2,0,1
weekly,ADJ,2,0,0
island,NOUN,2,0,0
weekly,NOUN,2,0,0
rapidly,ADV,2,0,0
self,NOUN,2,0,0
Bill,PROPN,2,0,1
splendid,ADJ,2,0,0
issue,VERB,2,0,0
octopus,NOUN,2,0,0
composition,NOUN,2,0,0
hay,NOUN,2,0,0
dauntless,NOUN,2,0,0
Dauntless,PROPN,2,0,1
employ,VERB,2,0,0
Africa,PROPN,2,0,1
frozen,ADJ,2,0,0
Siberia,PROPN,2,0,1
Peru,PROPN,2,0,1
grain,NOUN,2,0,0
Hopi,PROPN,2,0,1
suthe,VERB,2,0,0
jest,PROPN,2,0,1
solemn,NOUN,2,0,0
crumb,NOUN,2,0,0
mumbling,ADJ,2,0,0
explanation,NOUN,2,0,0
retail,ADJ,2,0,0
county,NOUN,2,0,0
livestock,NOUN,2,0,0
powder,NOUN,2,0,0
branch,VERB,2,0,0
department,NOUN,2,0,0
gather,VERB,2,0,0
neighbourhood,NOUN,2,0,0
loss,NOUN,2,0,0
Winkle,PROPN,2,0,1
willing,ADJ,2,0,0
loafing,NOUN,2,0,0
since,ADV,2,1,0
hopeless,ADJ,2,0,0
greasy,NOUN,2,0,0
Woodbines,PROPN,2,0,1
sound,ADJ,2,0,0
foresight,NOUN,2,0,0
uplift,ADJ,2,0,0
cutaway,PROPN,2,0,1
distress,NOUN,2,0,0
Tin,PROPN,2,0,1
Tab,PROPN,2,0,1
official,NOUN,2,0,0
conscience,NOUN,2,0,0
Man,PROPN,2,0,1
Nonconformist,PROPN,2,0,1
James,PROPN,2,0,1
sand,VERB,2,0,0
slicer,NOUN,2,0,0
jockey,VERB,2,0,0
Thursdays,PROPN,2,0,1
yet,CCONJ,2,1,0
dole,NOUN,2,0,0
cross,ADJ,2,0,0
gent,NOUN,2,0,0
Valley,PROPN,2,0,1
Commercial,PROPN,2,0,1
adventure,NOUN,2,0,0
ticket,NOUN,2,0,0
Anthony,PROPN,2,0,1
Hope,PROPN,2,0,1
Lilies,PROPN,2,0,1
slump,VERB,2,0,0
gutter,NOUN,2,0,0
lower,VERB,2,0,0
prise,VERB,2,0,0
America,PROPN,2,0,1
bolt,VERB,2,0,0
Sally,PROPN,2,0,1
Chivers,PROPN,2,0,1
Simmonses,PROPN,2,0,1
beam,VERB,2,0,0
battleship,NOUN,2,0,0
lordly,ADV,2,0,0
lend,VERB,2,0,0
snail,NOUN,2,0,0
mortgage,VERB,2,0,0
Sarazins,PROPN,2,0,1
contact,NOUN,2,0,0
two,NOUN,2,0,0
four,NOUN,2,0,0
delicate,ADJ,2,0,0
stupid,ADJ,2,0,0
silent,ADJ,2,0,0
refine,VERB,2,0,0
stretch,NOUN,2,0,0
footpath,NOUN,2,0,0
rotting,NOUN,2,0,0
bramble,NOUN,2,0,0
brushwood,NOUN,2,0,0
ripple,VERB,2,0,0
chestnut,ADJ,2,0,0
cool,NOUN,2,0,0
underfoot,NOUN,2,0,0
pension,NOUN,2,0,0
Watson,PROPN,2,0,1
cancer,NOUN,2,0,0
disease,NOUN,2,0,0
bang,NOUN,2,0,0
elephant,NOUN,2,0,0
dwindle,NOUN,2,0,0
fair,ADV,2,0,0
lovegrove,VERB,2,0,0
star,VERB,2,0,0
reign,NOUN,2,0,0
aggravate,VERB,2,0,0
pickle,NOUN,2,0,0
eternity,NOUN,2,0,0
stifle,VERB,2,0,0
ENGLAND,PROPN,2,0,1
DECLARES,PROPN,2,0,1
WAR,PROPN,2,0,1
GERMANY,PROPN,2,0,1
splinter,NOUN,2,0,0
drove,NOUN,2,0,0
slap,NOUN,2,0,0
wounded,ADJ,2,0,0
tommie,NOUN,2,0,0
split,VERB,2,0,0
madam,PROPN,2,0,1
will,NOUN,2,1,0
patriotic,ADJ,2,0,0
gallant,ADJ,2,0,0
Belgium,PROPN,2,0,1
moon,NOUN,2,0,0
Aunt,PROPN,2,0,1
Martha,PROPN,2,0,1
meaning,NOUN,2,0,0
indigestion,NOUN,2,0,0
benevolent,ADJ,2,0,0
Ginger,PROPN,2,0,1
loot,NOUN,2,0,0
distinctly,ADV,2,0,0
nephew,NOUN,2,0,0
pane,NOUN,2,0,0
blowflame,NOUN,2,0,0
pyramid,NOUN,2,0,0
gritty,ADJ,2,0,0
sixty,ADJ,2,1,0
flood,NOUN,2,0,0
pointless,ADJ,2,0,0
Ministries,PROPN,2,0,1
typist,NOUN,2,0,0
event,NOUN,2,0,0
salute,VERB,2,0,0
handsome,ADJ,2,0,0
professional,ADJ,2,0,0
twin,ADJ,2,0,0
check,VERB,2,0,0
invasion,NOUN,2,0,0
imaginary,ADJ,2,0,0
bubble,NOUN,2,0,0
Private,PROPN,2,0,1
upon,SCONJ,2,1,0
axis,NOUN,2,0,0
aid,NOUN,2,0,0
file,VERB,2,0,0
patriotism,NOUN,2,0,0
smutty,NOUN,2,0,0
rain,NOUN,2,0,0
Henry,PROPN,2,0,1
Compton,PROPN,2,0,1
Mackenzie,PROPN,2,0,1
Conrad,PROPN,2,0,1
Lawrence,PROPN,2,0,1
Mudie,PROPN,2,0,1
Times,PROPN,2,0,1
library,NOUN,2,0,0
Stephen,PROPN,2,0,1
Arnold,PROPN,2,0,1
Bennett,PROPN,2,0,1
Elinor,PROPN,2,0,1
Glyn,PROPN,2,0,1
education,NOUN,2,0,0
question,VERB,2,0,0
sensible,ADJ,2,0,0
panic,NOUN,2,0,0
disbelief,NOUN,2,0,0
pile,VERB,2,0,0
suet,NOUN,2,0,0
collection,NOUN,2,0,0
opportunity,NOUN,2,0,0
that,ADV,2,1,0
orbit,NOUN,2,0,0
imitation,NOUN,2,0,0
pip,NOUN,2,0,0
telephone,NOUN,2,0,0
miserable,ADJ,2,0,0
sale,NOUN,2,0,0
peddle,VERB,2,0,0
bar,VERB,2,0,0
reduce,VERB,2,0,0
stroke,NOUN,2,0,0
corridor,NOUN,2,0,0
inspiration,NOUN,2,0,0
waft,VERB,2,0,0
good,ADV,2,0,0
intelligent,ADJ,2,0,0
underling,NOUN,2,0,0
emperor,NOUN,2,0,0
coin,NOUN,2,0,0
least,ADV,2,1,0
scribble,VERB,2,0,0
Inspector,PROPN,2,0,1
interview,VERB,2,0,0
assessment,NOUN,2,0,0
scoot,VERB,2,0,0
dope,NOUN,2,0,0
dance,NOUN,2,0,0
pavilion,NOUN,2,0,0
employee,NOUN,2,0,0
childish,ADJ,2,0,0
snob,NOUN,2,0,0
India,PROPN,2,0,1
trichinopoly,ADJ,2,0,0
Smith,PROPN,2,0,1
invisible,ADJ,2,0,0
photo,NOUN,2,0,0
perpetually,ADV,2,0,0
Vincents,PROPN,2,0,1
traveller,NOUN,2,0,0
character,NOUN,2,0,0
mystery,NOUN,2,0,0
bump,VERB,2,0,0
suspect,NOUN,2,0,0
marriage,NOUN,2,0,0
energy,NOUN,2,0,0
joy,NOUN,2,0,0
mean,NOUN,2,0,0
love,VERB,2,0,0
indignation,NOUN,2,0,0
seat,NOUN,2,0,0
contrary,NOUN,2,0,0
whisper,NOUN,2,0,0
waitress,NOUN,2,0,0
quiver,VERB,2,0,0
cheap,NOUN,2,0,0
trust,VERB,2,0,0
over,NOUN,2,1,0
by,NOUN,2,1,0
yearning,NOUN,2,0,0
cotton,VERB,2,0,0
acquaintance,NOUN,2,0,0
once,SCONJ,2,1,0
muslin,PROPN,2,0,1
direct,ADJ,2,0,0
connexion,NOUN,2,0,0
indoor,NOUN,2,0,0
pretence,NOUN,2,0,0
delighted,ADJ,2,0,0
gloomy,ADJ,2,0,0
draught,NOUN,2,0,0
stand,NOUN,2,0,0
Democracy,PROPN,2,0,1
significance,NOUN,2,0,0
invariably,ADV,2,0,0
speech,NOUN,2,0,0
thank,NOUN,2,0,0
knit,VERB,2,0,0
chop,VERB,2,0,0
executioner,NOUN,2,0,0
Communist,PROPN,2,0,1
nervous,ADJ,2,0,0
differently,ADV,2,0,0
Trotskyist,PROPN,2,0,1
Leader,PROPN,2,0,1
procession,NOUN,2,0,0
deafen,VERB,2,0,0
trotskyist,ADJ,2,0,0
hire,NOUN,2,0,0
haired,ADJ,2,0,0
dialectic,NOUN,2,0,0
star,NOUN,2,0,0
brood,VERB,2,0,0
bachelor,NOUN,2,0,0
latin,ADJ,2,0,0
dying,NOUN,2,0,0
poem,NOUN,2,0,0
sitting,NOUN,2,0,0
briar,ADJ,2,0,0
intolerable,ADJ,2,0,0
upstairs,ADV,2,0,0
oxfordy,ADJ,2,0,0
dreamy,NOUN,2,0,0
Greeks,PROPN,2,0,1
Romans,PROPN,2,0,1
poet,NOUN,2,0,0
translate,VERB,2,0,0
lion,NOUN,2,0,0
gallop,VERB,2,0,0
painting,NOUN,2,0,0
compare,VERB,2,0,0
slogans,PROPN,2,0,1
porteous,ADJ,2,0,0
verity,NOUN,2,0,0
smashing,NOUN,2,0,0
convince,VERB,2,0,0
pyjama,NOUN,2,0,0
foolishness,NOUN,2,0,0
March,PROPN,2,0,1
sheep,NOUN,2,0,0
hula,NOUN,2,0,0
hitch,VERB,2,0,0
squat,VERB,2,0,0
gatepost,NOUN,2,0,0
impulse,NOUN,2,0,0
lung,NOUN,2,0,0
bye,INTJ,2,0,0
downward,NOUN,2,0,0
paddle,VERB,2,0,0
Derby,PROPN,2,0,1
dossier,NOUN,2,0,0
Day,PROPN,2,0,1
Judgment,PROPN,2,0,1
Friday,PROPN,2,0,1
saunder,NOUN,2,0,0
Walls,PROPN,2,0,1
Ice,PROPN,2,0,1
Cream,PROPN,2,0,1
whistle,VERB,2,0,0
Nettlefield,PROPN,2,0,1
jerk,NOUN,2,0,0
looking,NOUN,2,0,0
fork,VERB,2,0,0
beat,NOUN,2,0,0
Uxbridge,PROPN,2,0,1
neatly,ADV,2,0,0
temptation,NOUN,2,0,0
Bank,PROPN,2,0,1
flight,NOUN,2,0,0
grim,ADJ,2,0,0
pince,NOUN,2,0,0
nez,PROPN,2,0,1
Temperance,PROPN,2,0,1
trod,VERB,2,0,0
arch,NOUN,2,0,0
fake,ADJ,2,0,0
picturesque,ADJ,2,0,0
brake,NOUN,2,0,0
outlying,ADJ,2,0,0
housing,NOUN,2,0,0
fleet,NOUN,2,0,0
continuous,ADJ,2,0,0
brace,VERB,2,0,0
Lancashire,PROPN,2,0,1
chaos,NOUN,2,0,0
Dagenham,PROPN,2,0,1
alter,VERB,2,0,0
St,PROPN,2,0,1
Wm,PROPN,2,0,1
Sandford,PROPN,2,0,1
Painter,PROPN,2,0,1
Carpenter,PROPN,2,0,1
sock,NOUN,2,0,0
summery,NOUN,2,0,0
mint,NOUN,2,0,0
sauce,NOUN,2,0,0
warming,NOUN,2,0,0
pan,NOUN,2,0,0
like,ADJ,2,0,0
Bowlings,PROPN,2,0,1
B,PROPN,2,0,1
O,PROPN,2,0,1
fake,NOUN,2,0,0
genuine,ADJ,2,0,0
panel,NOUN,2,0,0
napkin,NOUN,2,0,0
boozed,ADJ,2,0,0
inside,NOUN,2,0,0
arty,NOUN,2,0,0
gateleg,NOUN,2,0,0
sexton,NOUN,2,0,0
Trew,PROPN,2,0,1
Betterton,PROPN,2,0,1
distingue,NOUN,2,0,0
bessemer,NOUN,2,0,0
combine,NOUN,2,0,0
Truefitt,PROPN,2,0,1
bucket,NOUN,2,0,0
Merrall,PROPN,2,0,1
loony,ADJ,2,0,0
oven,ADV,2,0,0
interloper,NOUN,2,0,0
banner,NOUN,2,0,0
jerry,NOUN,2,0,0
cute,ADJ,2,0,0
gramphone,NOUN,2,0,0
slot,NOUN,2,0,0
kiosk,NOUN,2,0,0
canoe,NOUN,2,0,0
jest,NOUN,2,0,0
shoulder,VERB,2,0,0
bulldog,NOUN,2,0,0
Adam,PROPN,2,0,1
superior,ADJ,2,0,0
mouthpiece,NOUN,2,0,0
ge,NOUN,2,0,0
gingery,NOUN,2,0,0
frowsy,NOUN,2,0,0
Players,PROPN,2,0,1
noisy,ADJ,2,0,0
closing,NOUN,2,0,0
Wendy,PROPN,2,0,1
chunk,NOUN,2,0,0
Nature,PROPN,2,0,1
twinkle,VERB,2,0,0
Watkin,PROPN,2,0,1
wave,VERB,2,0,0
credit,VERB,2,0,0
dodge,NOUN,2,0,0
warn,VERB,2,0,0
bursting,NOUN,2,0,0
metal,NOUN,2,0,0
ing,NOUN,2,0,0
Perrott,PROPN,2,0,1
lesson,NOUN,2,0,0
supper,NOUN,2,0,0
absolutely,ADV,2,0,0
sweat,NOUN,2,0,0
backbone,NOUN,2,0,0
dash,VERB,2,0,0
oo,VERB,2,0,0
Daddy,PROPN,2,0,1
Mummy,PROPN,2,0,1
affair,NOUN,2,0,0
Coventry,PROPN,2,0,1
guilt,NOUN,2,0,0
wrong,NOUN,2,0,0
solicitor,NOUN,2,0,0
Orwell,PROPN,1,0,1
ebook,NOUN,1,0,0
publish,VERB,1,0,0
e,X,1,0,0
yellowish,ADJ,1,0,0
privet,NOUN,1,0,0
bluntish,ADJ,1,0,0
washbasin,NOUN,1,0,0
bricky,VERB,1,0,0
pudgy,ADJ,1,0,0
freckle,VERB,1,0,0
sideshow,NOUN,1,0,0
measure,VERB,1,0,0
disgustingly,ADV,1,0,0
hearty,ADJ,1,0,0
athletic,ADJ,1,0,0
morose,NOUN,1,0,0
digestion,NOUN,1,0,0
magnify,VERB,1,0,0
grin,VERB,1,0,0
Hollywood,PROPN,1,0,1
sheik,NOUN,1,0,0
crutch,NOUN,1,0,0
burglary,NOUN,1,0,0
twin,NOUN,1,0,0
temporarily,ADV,1,0,0
dock,NOUN,1,0,0
Mellors,PROPN,1,0,1
Astrology,PROPN,1,0,1
mare,NOUN,1,0,0
outsider,NOUN,1,0,0
ascendant,NOUN,1,0,0
mellor,NOUN,1,0,0
astrology,NOUN,1,0,0
risk,VERB,1,0,0
instinct,ADJ,1,0,0
indicate,VERB,1,0,0
alternative,NOUN,1,0,0
dribble,VERB,1,0,0
buffalo,NOUN,1,0,0
mug,NOUN,1,0,0
Dadda,PROPN,1,0,1
dadda,NOUN,1,0,0
da,X,1,0,0
signal,NOUN,1,0,0
partially,ADV,1,0,0
smack,NOUN,1,0,0
dressed,ADJ,1,0,0
disgusting,ADJ,1,0,0
sponge,VERB,1,0,0
disagreeable,ADJ,1,0,0
Japanese,PROPN,1,0,1
sideboard,ADV,1,0,0
decanter,NOUN,1,0,0
alarm,NOUN,1,0,0
dismay,VERB,1,0,0
sidelong,ADJ,1,0,0
extravagant,ADJ,1,0,0
wizene,VERB,1,0,0
perpetual,ADJ,1,0,0
brooding,ADJ,1,0,0
hump,VERB,1,0,0
gypsy,ADJ,1,0,0
main,ADJ,1,0,0
earthquake,NOUN,1,0,0
instalment,NOUN,1,0,0
litany,NOUN,1,0,0
definite,ADJ,1,0,0
firmly,ADV,1,0,0
cheese,VERB,1,0,0
unbearable,ADJ,1,0,0
cot,NOUN,1,0,0
shade,VERB,1,0,0
bowel,NOUN,1,0,0
pod,NOUN,1,0,0
importance,NOUN,1,0,0
Golden,PROPN,1,0,1
persist,VERB,1,0,0
fivepence,NOUN,1,0,0
label,NOUN,1,0,0
proportion,NOUN,1,0,0
irritate,VERB,1,0,0
obscure,ADJ,1,0,0
intend,VERB,1,0,0
gust,NOUN,1,0,0
fester,VERB,1,0,0
council,NOUN,1,0,0
uglier,ADJ,1,0,0
creosote,VERB,1,0,0
privet,PROPN,1,0,1
Laurels,PROPN,1,0,1
Myrtles,PROPN,1,0,1
Hawthorns,PROPN,1,0,1
Abri,PROPN,1,0,1
Repos,PROPN,1,0,1
demoralized,ADJ,1,0,0
bounce,NOUN,1,0,0
sole,NOUN,1,0,0
tout,ADJ,1,0,0
tribe,NOUN,1,0,0
Grey,PROPN,1,0,1
brazen,NOUN,1,0,0
publican,NOUN,1,0,0
tout,VERB,1,0,0
place,VERB,1,0,0
correctly,ADV,1,0,0
economically,ADV,1,0,0
socially,ADV,1,0,0
chamber,NOUN,1,0,0
quake,NOUN,1,0,0
suffering,NOUN,1,0,0
navvy,NOUN,1,0,0
suffer,VERB,1,0,0
physically,ADV,1,0,0
basic,ADJ,1,0,0
tenth,NOUN,1,0,0
surround,VERB,1,0,0
Building,PROPN,1,0,1
Society,PROPN,1,0,1
cleverest,ADJ,1,0,0
victim,NOUN,1,0,0
kindness,NOUN,1,0,0
lick,VERB,1,0,0
surmount,VERB,1,0,0
bisexual,ADJ,1,0,0
cornucopia,NOUN,1,0,0
pour,VERB,1,0,0
portable,ADJ,1,0,0
freehold,ADJ,1,0,0
leasehold,ADJ,1,0,0
price,VERB,1,0,0
payable,ADJ,1,0,0
cheerful,ADJ,1,0,0
Wilson,PROPN,1,0,1
Bloom,PROPN,1,0,1
Brookes,PROPN,1,0,1
Scatterby,PROPN,1,0,1
tile,NOUN,1,0,0
alias,NOUN,1,0,0
timber,NOUN,1,0,0
knock,NOUN,1,0,0
Rothwell,PROPN,1,0,1
All,PROPN,1,1,1
Steel,PROPN,1,0,1
Bicycle,PROPN,1,0,1
flesh,NOUN,1,0,0
watering,NOUN,1,0,0
howl,NOUN,1,0,0
tenant,NOUN,1,0,0
association,NOUN,1,0,0
Meadows,PROPN,1,0,1
deserve,VERB,1,0,0
baronetcy,NOUN,1,0,0
stake,NOUN,1,0,0
sap,NOUN,1,0,0
devoted,ADJ,1,0,0
slave,NOUN,1,0,0
Tories,PROPN,1,0,1
yes,NOUN,1,0,0
bumsucker,NOUN,1,0,0
goose,NOUN,1,0,0
gild,VERB,1,0,0
downtrodden,ADJ,1,0,0
sucker,NOUN,1,0,0
Bolshevism,PROPN,1,0,1
Walpole,PROPN,1,0,1
Bazaar,PROPN,1,0,1
title,NOUN,1,0,0
trim,NOUN,1,0,0
sarcasm,NOUN,1,0,0
abuse,NOUN,1,0,0
ginger,VERB,1,0,0
grey,PROPN,1,0,1
pounce,VERB,1,0,0
circular,ADJ,1,0,0
ere,VERB,1,0,0
cept,VERB,1,0,0
convenience,NOUN,1,0,0
moony,NOUN,1,0,0
pink,NOUN,1,0,0
stiff,NOUN,1,0,0
sparrow,NOUN,1,0,0
coattail,NOUN,1,0,0
benefit,NOUN,1,0,0
standoffish,NOUN,1,0,0
shopgirl,NOUN,1,0,0
skivvy,NOUN,1,0,0
tremble,VERB,1,0,0
flinch,VERB,1,0,0
fore,NOUN,1,0,0
double,ADV,1,0,0
sir,PROPN,1,0,1
dread,NOUN,1,0,0
report,VERB,1,0,0
impertinence,NOUN,1,0,0
nark,NOUN,1,0,0
element,NOUN,1,0,0
Communism,PROPN,1,0,1
support,VERB,1,0,0
meek,NOUN,1,0,0
cucumber,NOUN,1,0,0
token,NOUN,1,0,0
Spanish,PROPN,1,0,1
Inquisitor,PROPN,1,0,1
Russian,PROPN,1,0,1
Ogpu,PROPN,1,0,1
devote,VERB,1,0,0
run,NOUN,1,0,0
washing,NOUN,1,0,0
Daily,PROPN,1,0,1
Templegate,PROPN,1,0,1
peppercorn,NOUN,1,0,0
woodbine,NOUN,1,0,0
tubby,ADJ,1,0,0
total,ADJ,1,0,0
insulting,ADJ,1,0,0
comment,NOUN,1,0,0
hunchback,NOUN,1,0,0
squint,NOUN,1,0,0
label,VERB,1,0,0
automatically,ADV,1,0,0
punch,VERB,1,0,0
ass,NOUN,1,0,0
Seafoam,PROPN,1,0,1
Soap,PROPN,1,0,1
permanency,NOUN,1,0,0
prod,VERB,1,0,0
Tom,PROPN,1,0,1
bridge,NOUN,1,0,0
baker,NOUN,1,0,0
load,VERB,1,0,0
birth,NOUN,1,0,0
farce,NOUN,1,0,0
fatness,NOUN,1,0,0
but,SCONJ,1,1,0
comic,ADJ,1,0,0
Hamlet,PROPN,1,0,1
romeo,NOUN,1,0,0
funnily,ADV,1,0,0
Passion,PROPN,1,0,1
David,PROPN,1,0,1
pace,VERB,1,0,0
stun,VERB,1,0,0
Sheila,PROPN,1,0,1
untrue,ADJ,1,0,0
realization,NOUN,1,0,0
stark,ADJ,1,0,0
horror,NOUN,1,0,0
behave,VERB,1,0,0
obscene,ADJ,1,0,0
embankment,NOUN,1,0,0
cheer,NOUN,1,0,0
aircraft,ADJ,1,0,0
Woolwich,PROPN,1,0,1
Arsenal,PROPN,1,0,1
popular,ADJ,1,0,0
bishop,NOUN,1,0,0
love,NOUN,1,0,0
characteristic,NOUN,1,0,0
internally,ADV,1,0,0
tender,NOUN,1,0,0
aching,ADJ,1,0,0
smile,VERB,1,0,0
insensitive,ADJ,1,0,0
hangover,NOUN,1,0,0
forrader,NOUN,1,0,0
ow,INTJ,1,0,0
trace,VERB,1,0,0
m,VERB,1,0,0
warning,NOUN,1,0,0
declare,VERB,1,0,0
disarmament,ADJ,1,0,0
Bridge,PROPN,1,0,1
zoom,ADJ,1,0,0
whizz,NOUN,1,0,0
printing,NOUN,1,0,0
whelk,NOUN,1,0,0
wilderness,NOUN,1,0,0
chucking,ADJ,1,0,0
consulting,NOUN,1,0,0
halfway,ADV,1,0,0
photographer,NOUN,1,0,0
wholesaler,NOUN,1,0,0
appointment,NOUN,1,0,0
avoid,VERB,1,0,0
Lyons,PROPN,1,0,1
Dairy,PROPN,1,0,1
snack,NOUN,1,0,0
plonk,PROPN,1,0,1
tinny,ADJ,1,0,0
enamel,PROPN,1,0,1
phantom,ADJ,1,0,0
carton,NOUN,1,0,0
tube,NOUN,1,0,0
privacy,NOUN,1,0,0
narrow,ADJ,1,0,0
ledge,NOUN,1,0,0
slickness,NOUN,1,0,0
shininess,NOUN,1,0,0
streamlining,NOUN,1,0,0
Everything,PROPN,1,1,1
keeping,NOUN,1,0,0
ant,NOUN,1,0,0
goldfish,NOUN,1,0,0
starnoosstan,ADJ,1,0,0
nerd,NOUN,1,0,0
discovery,NOUN,1,0,0
successive,ADJ,1,0,0
passionately,ADV,1,0,0
blast,VERB,1,0,0
introduction,NOUN,1,0,0
domestic,ADJ,1,0,0
poisoning,NOUN,1,0,0
drama,NOUN,1,0,0
Seddon,PROPN,1,0,1
Maybrick,PROPN,1,0,1
roast,VERB,1,0,0
pop,NOUN,1,0,0
pear,NOUN,1,0,0
Standard,PROPN,1,0,1
orrible,ADJ,1,0,0
Ersatz,PROPN,1,0,1
Celluloid,PROPN,1,0,1
arc,NOUN,1,0,0
blaze,VERB,1,0,0
vegetation,NOUN,1,0,0
cement,VERB,1,0,0
mock,ADJ,1,0,0
graze,VERB,1,0,0
brass,VERB,1,0,0
tack,NOUN,1,0,0
filth,NOUN,1,0,0
cabinet,NOUN,1,0,0
grade,VERB,1,0,0
jeweller,NOUN,1,0,0
necklace,NOUN,1,0,0
admittedly,ADV,1,0,0
offensive,ADJ,1,0,0
baptize,VERB,1,0,0
tobacconist,NOUN,1,0,0
partial,ADJ,1,0,0
guarantee,VERB,1,0,0
philosophic,ADJ,1,0,0
coldish,ADJ,1,0,0
insane,ADJ,1,0,0
waxwork,NOUN,1,0,0
shellburst,NOUN,1,0,0
turkey,NOUN,1,0,0
November,PROPN,1,0,1
x,NOUN,1,0,0
book,VERB,1,0,0
altered,ADJ,1,0,0
thermite,ADJ,1,0,0
platoon,NOUN,1,0,0
rake,NOUN,1,0,0
corkscrew,VERB,1,0,0
ramrod,NOUN,1,0,0
bawl,VERB,1,0,0
nah,VERB,1,0,0
ed,NOUN,1,0,0
starin,NOUN,1,0,0
double,VERB,1,0,0
limp,ADJ,1,0,0
siren,NOUN,1,0,0
loud,ADJ,1,0,0
prisoner,NOUN,1,0,0
up,VERB,1,0,0
castor,NOUN,1,0,0
Charing,PROPN,1,0,1
Cross,PROPN,1,0,1
drivel,NOUN,1,0,0
FAMOUS,PROPN,1,0,1
SURGEON,PROPN,1,0,1
STATEMENT,PROPN,1,0,1
KING,PROPN,1,0,1
ZOG,PROPN,1,0,1
POSTPONED,PROPN,1,0,1
Negro,PROPN,1,0,1
outward,VERB,1,0,0
dank,NOUN,1,0,0
decaying,NOUN,1,0,0
sweetish,PROPN,1,0,1
grease,NOUN,1,0,0
whiff,NOUN,1,0,0
incense,NOUN,1,0,0
overlaid,ADJ,1,0,0
predominantly,ADV,1,0,0
musty,ADJ,1,0,0
powdered,ADJ,1,0,0
serge,NOUN,1,0,0
saw,ADJ,1,0,0
buckle,VERB,1,0,0
wheezing,NOUN,1,0,0
fishmonger,NOUN,1,0,0
joiner,NOUN,1,0,0
nearest,ADP,1,0,0
pulpit,NOUN,1,0,0
droop,VERB,1,0,0
gaunt,ADJ,1,0,0
parchment,NOUN,1,0,0
jaw,PROPN,1,0,1
anatomical,ADJ,1,0,0
museum,NOUN,1,0,0
leanness,NOUN,1,0,0
agonize,VERB,1,0,0
bellow,NOUN,1,0,0
reserve,NOUN,1,0,0
Rumbletummy,PROPN,1,0,1
antiphonal,ADJ,1,0,0
shepherd,NOUN,1,0,0
congregation,NOUN,1,0,0
bass,NOUN,1,0,0
tidal,ADJ,1,0,0
og,VERB,1,0,0
subterranean,ADJ,1,0,0
og,NOUN,1,0,0
Dog,PROPN,1,0,1
corpsy,PROPN,1,0,1
rustle,NOUN,1,0,0
creeping,NOUN,1,0,0
performance,NOUN,1,0,0
dos,NOUN,1,0,0
chapter,NOUN,1,0,0
stuff,VERB,1,0,0
Israel,PROPN,1,0,1
Asher,PROPN,1,0,1
abode,NOUN,1,0,0
Dan,PROPN,1,0,1
thou,PROPN,1,0,1
unto,ADP,1,0,0
Beersheba,PROPN,1,0,1
smote,VERB,1,0,0
fifth,ADJ,1,0,0
rigmarole,NOUN,1,0,0
Shimei,PROPN,1,0,1
Nebuchadnezzar,PROPN,1,0,1
Ahithophel,PROPN,1,0,1
Hashbadada,PROPN,1,0,1
garment,NOUN,1,0,0
assyrian,ADJ,1,0,0
camel,NOUN,1,0,0
cedar,NOUN,1,0,0
sacrifice,VERB,1,0,0
offering,NOUN,1,0,0
nail,VERB,1,0,0
graveyard,NOUN,1,0,0
roar,NOUN,1,0,0
pipeclayed,ADJ,1,0,0
scarlet,ADJ,1,0,0
tight,ADJ,1,0,0
pillbox,NOUN,1,0,0
Windsor,PROPN,1,0,1
Shadrach,PROPN,1,0,1
Meshach,PROPN,1,0,1
Abednego,PROPN,1,0,1
appoint,VERB,1,0,0
Lion,PROPN,1,0,1
Unicorn,PROPN,1,0,1
II,PROPN,1,0,1
momentarily,ADV,1,0,0
subconsciously,ADV,1,0,0
bin,NOUN,1,0,0
plop,VERB,1,0,0
breed,NOUN,1,0,0
measure,NOUN,1,0,0
shovel,NOUN,1,0,0
jig,NOUN,1,0,0
puzzle,NOUN,1,0,0
geography,NOUN,1,0,0
inhabitant,NOUN,1,0,0
ripple,NOUN,1,0,0
The,PROPN,1,1,1
witch,NOUN,1,0,0
Abdulla,PROPN,1,0,1
boozy,ADJ,1,0,0
aware,ADJ,1,0,0
sleepy,ADJ,1,0,0
hush,NOUN,1,0,0
juicy,ADJ,1,0,0
vary,VERB,1,0,0
dewberry,NOUN,1,0,0
sloe,NOUN,1,0,0
hazelnut,NOUN,1,0,0
minor,ADJ,1,0,0
haw,NOUN,1,0,0
Angelica,PROPN,1,0,1
thirsty,ADJ,1,0,0
stem,NOUN,1,0,0
sorrel,NOUN,1,0,0
shamrock,NOUN,1,0,0
plantain,NOUN,1,0,0
lookout,NOUN,1,0,0
Roper,PROPN,1,0,1
quarrel,VERB,1,0,0
ounce,NOUN,1,0,0
Paradise,PROPN,1,0,1
Farthing,PROPN,1,0,1
Everlastings,PROPN,1,0,1
liquorice,NOUN,1,0,0
popcorn,NOUN,1,0,0
motto,NOUN,1,0,0
oval,NOUN,1,0,0
matchwood,NOUN,1,0,0
spoon,NOUN,1,0,0
Caraway,PROPN,1,0,1
Comfits,PROPN,1,0,1
standby,NOUN,1,0,0
monster,NOUN,1,0,0
greeny,NOUN,1,0,0
Baby,PROPN,1,0,1
ere,ADV,1,0,0
clumping,NOUN,1,0,0
holland,PROPN,1,0,1
overall,ADV,1,0,0
ragged,ADJ,1,0,0
parody,NOUN,1,0,0
descend,VERB,1,0,0
pigtail,NOUN,1,0,0
draggle,VERB,1,0,0
trodden,VERB,1,0,0
wean,VERB,1,0,0
ladylike,NOUN,1,0,0
proverb,NOUN,1,0,0
unanswerable,ADJ,1,0,0
hung,ADJ,1,0,0
cowpat,NOUN,1,0,0
slummy,ADJ,1,0,0
vermin,NOUN,1,0,0
tease,VERB,1,0,0
Poor,PROPN,1,0,1
shack,NOUN,1,0,0
stave,NOUN,1,0,0
smoky,ADJ,1,0,0
pumpkin,NOUN,1,0,0
smock,NOUN,1,0,0
hullabaloo,NOUN,1,0,0
barking,NOUN,1,0,0
squealing,NOUN,1,0,0
crush,NOUN,1,0,0
throwing,NOUN,1,0,0
abide,VERB,1,0,0
heifer,NOUN,1,0,0
windmill,NOUN,1,0,0
hypnotic,ADJ,1,0,0
delivery,NOUN,1,0,0
fodder,NOUN,1,0,0
stingy,ADJ,1,0,0
chin,PROPN,1,0,1
beard,PROPN,1,0,1
fingering,NOUN,1,0,0
absent,ADJ,1,0,0
cost,NOUN,1,0,0
ale,NOUN,1,0,0
nine,NOUN,1,0,0
sheepish,ADJ,1,0,0
drunk,ADJ,1,0,0
equivalent,NOUN,1,0,0
scum,NOUN,1,0,0
patriot,NOUN,1,0,0
Jacks,PROPN,1,0,1
Nonconformists,PROPN,1,0,1
Shot,PROPN,1,0,1
cockle,NOUN,1,0,0
Mafeking,PROPN,1,0,1
relieve,VERB,1,0,0
boer,NOUN,1,0,0
Krooger,PROPN,1,0,1
Government,PROPN,1,0,1
Englishmen,PROPN,1,0,1
queen,NOUN,1,0,0
tax,NOUN,1,0,0
licence,NOUN,1,0,0
constituency,NOUN,1,0,0
Conservatives,PROPN,1,0,1
conservative,NOUN,1,0,0
streamer,NOUN,1,0,0
conservative,ADJ,1,0,0
candidate,NOUN,1,0,0
duckweed,NOUN,1,0,0
cobble,VERB,1,0,0
fine,ADV,1,0,0
thistledown,NOUN,1,0,0
ghostly,ADV,1,0,0
cackle,NOUN,1,0,0
real,ADV,1,0,0
nineteenth,ADJ,1,0,0
Gladstone,PROPN,1,0,1
denounce,VERB,1,0,0
refer,VERB,1,0,0
Park,PROPN,1,0,1
riff,NOUN,1,0,0
raff,NOUN,1,0,0
flung,ADJ,1,0,0
empire,NOUN,1,0,0
burden,NOUN,1,0,0
dooty,NOUN,1,0,0
pore,ADJ,1,0,0
black,NOUN,1,0,0
shameful,ADJ,1,0,0
pro,ADJ,1,0,0
boer,ADJ,1,0,0
nigger,ADJ,1,0,0
british,ADJ,1,0,0
illustrate,VERB,1,0,0
youngster,NOUN,1,0,0
grandparent,NOUN,1,0,0
cobbler,NOUN,1,0,0
dusty,ADV,1,0,0
bushy,ADJ,1,0,0
better,VERB,1,0,0
tallow,ADJ,1,0,0
quick,ADV,1,0,0
Spencer,PROPN,1,0,1
read,NOUN,1,0,0
pork,NOUN,1,0,0
slipper,NOUN,1,0,0
smudgy,NOUN,1,0,0
starling,NOUN,1,0,0
chew,VERB,1,0,0
radish,NOUN,1,0,0
Sea,PROPN,1,0,1
bleach,VERB,1,0,0
doctrine,NOUN,1,0,0
retort,VERB,1,0,0
overwhelmed,ADJ,1,0,0
bale,NOUN,1,0,0
cubby,ADJ,1,0,0
notebook,NOUN,1,0,0
oblige,VERB,1,0,0
enterprise,NOUN,1,0,0
expand,VERB,1,0,0
selling,NOUN,1,0,0
invention,NOUN,1,0,0
radius,NOUN,1,0,0
fancier,NOUN,1,0,0
goldfinch,NOUN,1,0,0
diet,NOUN,1,0,0
pituitary,ADJ,1,0,0
deficiency,NOUN,1,0,0
largish,ADJ,1,0,0
moisten,VERB,1,0,0
straighten,VERB,1,0,0
gigantic,ADJ,1,0,0
blacklead,VERB,1,0,0
flap,NOUN,1,0,0
mess,VERB,1,0,0
firewood,NOUN,1,0,0
cadge,VERB,1,0,0
candy,VERB,1,0,0
pastry,NOUN,1,0,0
rolling,ADJ,1,0,0
solemn,PROPN,1,0,1
indrawn,VERB,1,0,0
priestess,NOUN,1,0,0
celebrate,VERB,1,0,0
rite,NOUN,1,0,0
mottle,VERB,1,0,0
precise,ADJ,1,0,0
whisk,NOUN,1,0,0
mincer,NOUN,1,0,0
rolling,NOUN,1,0,0
cooking,NOUN,1,0,0
gossip,NOUN,1,0,0
outside,ADJ,1,0,0
easily,ADV,1,0,0
novelette,NOUN,1,0,0
unbelievably,ADV,1,0,0
east,NOUN,1,0,0
Great,PROPN,1,0,1
Prime,PROPN,1,0,1
Minister,PROPN,1,0,1
polygamy,NOUN,1,0,0
harem,NOUN,1,0,0
guard,NOUN,1,0,0
shocked,ADJ,1,0,0
eunuch,NOUN,1,0,0
zenana,PROPN,1,0,1
mill,VERB,1,0,0
oat,NOUN,1,0,0
laundry,NOUN,1,0,0
sew,VERB,1,0,0
decadent,ADJ,1,0,0
aristocratic,ADJ,1,0,0
later,ADJ,1,0,0
tick,NOUN,1,0,0
caper,NOUN,1,0,0
roly,ADJ,1,0,0
poly,ADJ,1,0,0
theory,ADJ,1,0,0
liable,ADJ,1,0,0
discipline,NOUN,1,0,0
Spare,PROPN,1,0,1
shed,NOUN,1,0,0
smoker,NOUN,1,0,0
around,ADP,1,1,0
swimming,NOUN,1,0,0
snowball,VERB,1,0,0
attack,VERB,1,0,0
swan,NOUN,1,0,0
toss,VERB,1,0,0
ste,VERB,1,0,0
lizard,NOUN,1,0,0
gooseberry,NOUN,1,0,0
colic,NOUN,1,0,0
raspberry,NOUN,1,0,0
rash,NOUN,1,0,0
cramp,NOUN,1,0,0
forefinger,NOUN,1,0,0
lockjaw,ADJ,1,0,0
wart,NOUN,1,0,0
Cowcake,PROPN,1,0,1
Karswood,PROPN,1,0,1
spice,NOUN,1,0,0
syrupy,NOUN,1,0,0
skim,VERB,1,0,0
virtue,NOUN,1,0,0
sore,ADJ,1,0,0
Sulphur,PROPN,1,0,1
tonic,NOUN,1,0,0
bowl,NOUN,1,0,0
sulphur,NOUN,1,0,0
editor,NOUN,1,0,0
hash,VERB,1,0,0
Palmer,PROPN,1,0,1
Manning,PROPN,1,0,1
commit,VERB,1,0,0
window,VERB,1,0,0
upset,VERB,1,0,0
gutte,VERB,1,0,0
wickedness,NOUN,1,0,0
dismember,VERB,1,0,0
neat,ADJ,1,0,0
furnishing,NOUN,1,0,0
crowded,ADJ,1,0,0
orange,PROPN,1,0,1
remedy,NOUN,1,0,0
heroine,NOUN,1,0,0
timer,NOUN,1,0,0
threepennyworth,NOUN,1,0,0
hearth,NOUN,1,0,0
hob,NOUN,1,0,0
serial,NOUN,1,0,0
Zam,PROPN,1,0,1
Buk,PROPN,1,0,1
correspondent,NOUN,1,0,0
buzzing,NOUN,1,0,0
doze,NOUN,1,0,0
clock,NOUN,1,0,0
reverently,ADV,1,0,0
fwat,VERB,1,0,0
bout,VERB,1,0,0
truly,ADV,1,0,0
thankful,ADJ,1,0,0
amen,INTJ,1,0,0
pipe,VERB,1,0,0
Ours,PROPN,1,1,1
precious,ADJ,1,0,0
wainscoting,NOUN,1,0,0
overrun,VERB,1,0,0
larder,NOUN,1,0,0
longingly,ADV,1,0,0
drat,VERB,1,0,0
blackleaded,ADJ,1,0,0
imposter,NOUN,1,0,0
blackboard,NOUN,1,0,0
eare,VERB,1,0,0
grammar,NOUN,1,0,0
slate,NOUN,1,0,0
truant,NOUN,1,0,0
cause,VERB,1,0,0
hush,VERB,1,0,0
formula,NOUN,1,0,0
leader,NOUN,1,0,0
corduroy,ADJ,1,0,0
ginger,NOUN,1,0,0
spread,NOUN,1,0,0
distinction,NOUN,1,0,0
password,NOUN,1,0,0
desperado,NOUN,1,0,0
knocker,NOUN,1,0,0
rat,VERB,1,0,0
nesting,NOUN,1,0,0
copy,VERB,1,0,0
yesterday,NOUN,1,0,0
stickleback,NOUN,1,0,0
forbade,NOUN,1,0,0
grownup,NOUN,1,0,0
gulp,VERB,1,0,0
bob,ADJ,1,0,0
shooting,NOUN,1,0,0
rationalize,VERB,1,0,0
cunning,ADJ,1,0,0
circuit,NOUN,1,0,0
skirt,VERB,1,0,0
buttercup,NOUN,1,0,0
bloom,NOUN,1,0,0
paradise,PROPN,1,0,1
tom,NOUN,1,0,0
ome,ADV,1,0,0
sid,INTJ,1,0,0
Righto,PROPN,1,0,1
ho,PROPN,1,0,1
blub,VERB,1,0,0
shade,NOUN,1,0,0
ordinarily,ADV,1,0,0
fit,ADJ,1,0,0
sun,VERB,1,0,0
newt,NOUN,1,0,0
rest,VERB,1,0,0
nibble,ADJ,1,0,0
re,VERB,1,1,0
mistaking,NOUN,1,0,0
dive,VERB,1,0,0
tighten,VERB,1,0,0
jerking,NOUN,1,0,0
straining,NOUN,1,0,0
haul,NOUN,1,0,0
silvery,ADJ,1,0,0
kneeling,NOUN,1,0,0
gloat,VERB,1,0,0
glisten,VERB,1,0,0
rainbow,NOUN,1,0,0
billycock,NOUN,1,0,0
cowhide,NOUN,1,0,0
gaiter,NOUN,1,0,0
cower,VERB,1,0,0
partridge,NOUN,1,0,0
hawk,NOUN,1,0,0
nutcracker,NOUN,1,0,0
ee,VERB,1,0,0
flee,VERB,1,0,0
swipe,NOUN,1,0,0
wallop,NOUN,1,0,0
weal,NOUN,1,0,0
meandering,NOUN,1,0,0
scrounge,VERB,1,0,0
permission,NOUN,1,0,0
soar,VERB,1,0,0
preserve,VERB,1,0,0
pheasant,NOUN,1,0,0
load,NOUN,1,0,0
target,NOUN,1,0,0
sid,NOUN,1,0,0
chaffinch,NOUN,1,0,0
jeered,ADJ,1,0,0
overgrow,VERB,1,0,0
thrush,NOUN,1,0,0
fledge,VERB,1,0,0
Bennet,PROPN,1,0,1
master,PROPN,1,0,1
rage,NOUN,1,0,0
snub,VERB,1,0,0
roam,VERB,1,0,0
sweaty,NOUN,1,0,0
fizzy,PROPN,1,0,1
feel,NOUN,1,0,0
strain,VERB,1,0,0
glum,NOUN,1,0,0
whack,NOUN,1,0,0
for,NOUN,1,1,0
strict,ADJ,1,0,0
insist,VERB,1,0,0
overshadow,AUX,1,0,0
expensive,ADJ,1,0,0
pedal,NOUN,1,0,0
trembling,NOUN,1,0,0
wolf,NOUN,1,0,0
swish,VERB,1,0,0
terrifying,ADJ,1,0,0
utter,NOUN,1,0,0
dunce,NOUN,1,0,0
Science,PROPN,1,0,1
scholarship,NOUN,1,0,0
schoolteacher,NOUN,1,0,0
drilling,NOUN,1,0,0
sentiment,NOUN,1,0,0
loyalty,NOUN,1,0,0
goofy,NOUN,1,0,0
found,VERB,1,0,0
Cardinal,PROPN,1,0,1
Wolsey,PROPN,1,0,1
compulsory,ADJ,1,0,0
brace,NOUN,1,0,0
compo,PROPN,1,0,1
ink,NOUN,1,0,0
sharpen,VERB,1,0,0
baker,PROPN,1,0,1
opposite,ADV,1,0,0
etiquette,NOUN,1,0,0
inky,ADJ,1,0,0
penholder,NOUN,1,0,0
conker,NOUN,1,0,0
masturbate,VERB,1,0,0
Simeon,PROPN,1,0,1
hammer,NOUN,1,0,0
handed,ADJ,1,0,0
screwdriver,NOUN,1,0,0
striped,ADJ,1,0,0
sport,NOUN,1,0,0
ratting,NOUN,1,0,0
threshing,ADJ,1,0,0
thresh,VERB,1,0,0
stack,NOUN,1,0,0
froze,VERB,1,0,0
skate,VERB,1,0,0
squirrel,NOUN,1,0,0
birdnest,VERB,1,0,0
cruel,ADJ,1,0,0
trample,NOUN,1,0,0
spawn,VERB,1,0,0
ram,VERB,1,0,0
nozzle,NOUN,1,0,0
backside,NOUN,1,0,0
bathe,VERB,1,0,0
Wally,PROPN,1,0,1
drag,NOUN,1,0,0
tench,VERB,1,0,0
whopping,ADJ,1,0,0
eel,NOUN,1,0,0
walking,NOUN,1,0,0
technique,NOUN,1,0,0
barb,NOUN,1,0,0
plier,NOUN,1,0,0
thrill,VERB,1,0,0
Gamage,PROPN,1,0,1
catalogue,NOUN,1,0,0
Limerick,PROPN,1,0,1
priest,NOUN,1,0,0
disgorger,NOUN,1,0,0
beg,VERB,1,0,0
enamena,VERB,1,0,0
mina,PROPN,1,0,1
mo,NOUN,1,0,0
mastiff,NOUN,1,0,0
jingle,NOUN,1,0,0
humbly,ADV,1,0,0
ai,VERB,1,0,0
careful,ADJ,1,0,0
cluster,NOUN,1,0,0
sawdust,NOUN,1,0,0
Wasp,PROPN,1,0,1
bake,VERB,1,0,0
pour,NOUN,1,0,0
turpentine,NOUN,1,0,0
wrong,ADV,1,0,0
turps,NOUN,1,0,0
stopwatch,NOUN,1,0,0
flick,VERB,1,0,0
Greenbottle,PROPN,1,0,1
ticklish,ADJ,1,0,0
Bread,PROPN,1,0,1
paste,VERB,1,0,0
aniseed,NOUN,1,0,0
redworm,NOUN,1,0,0
manure,NOUN,1,0,0
heap,NOUN,1,0,0
strip,VERB,1,0,0
moss,NOUN,1,0,0
lively,ADJ,1,0,0
cowdung,NOUN,1,0,0
cherry,NOUN,1,0,0
sixteenth,NOUN,1,0,0
coarse,ADV,1,0,0
midwinter,NOUN,1,0,0
fifteen,ADJ,1,1,0
predicate,NOUN,1,0,0
subjunctive,NOUN,1,0,0
clause,NOUN,1,0,0
dark,NOUN,1,0,0
midge,NOUN,1,0,0
Towler,PROPN,1,0,1
prowl,VERB,1,0,0
lemonade,NOUN,1,0,0
bath,VERB,1,0,0
eaten,VERB,1,0,0
handkerchief,NOUN,1,0,0
edible,ADJ,1,0,0
muddy,ADJ,1,0,0
Conservancy,PROPN,1,0,1
Board,PROPN,1,0,1
sunday,NOUN,1,0,0
pike,ADJ,1,0,0
muffle,VERB,1,0,0
pole,NOUN,1,0,0
willingly,ADV,1,0,0
craze,NOUN,1,0,0
fretwork,NOUN,1,0,0
postage,NOUN,1,0,0
nightstock,NOUN,1,0,0
schoolmaster,NOUN,1,0,0
Lucy,PROPN,1,0,1
meadow,VERB,1,0,0
grove,VERB,1,0,0
savage,ADJ,1,0,0
grove,NOUN,1,0,0
landscape,NOUN,1,0,0
long,VERB,1,0,0
short,ADV,1,0,0
quiff,NOUN,1,0,0
idealize,VERB,1,0,0
beside,ADV,1,1,0
coarse,ADJ,1,0,0
Roach,PROPN,1,0,1
rudd,ADJ,1,0,0
barbel,NOUN,1,0,0
pike,NOUN,1,0,0
canal,NOUN,1,0,0
Scotch,PROPN,1,0,1
snobbish,ADJ,1,0,0
rear,VERB,1,0,0
artificial,ADJ,1,0,0
moat,NOUN,1,0,0
pond,VERB,1,0,0
tyre,NOUN,1,0,0
fowl,NOUN,1,0,0
hodge,NOUN,1,0,0
crabby,ADJ,1,0,0
surly,ADJ,1,0,0
hey,INTJ,1,0,0
un,PROPN,1,0,1
Fisherman,PROPN,1,0,1
pool,VERB,1,0,0
ahind,VERB,1,0,0
whelp,NOUN,1,0,0
hobble,VERB,1,0,0
owner,NOUN,1,0,0
park,NOUN,1,0,0
nettle,NOUN,1,0,0
gnarl,VERB,1,0,0
Anne,PROPN,1,0,1
lake,NOUN,1,0,0
astonish,VERB,1,0,0
fifty,NOUN,1,1,0
boathouse,NOUN,1,0,0
gleam,ADJ,1,0,0
reddy,NOUN,1,0,0
brown,PROPN,1,0,1
pike,ADV,1,0,0
spinner,NOUN,1,0,0
hunk,NOUN,1,0,0
plop,NOUN,1,0,0
pigeon,NOUN,1,0,0
clearing,NOUN,1,0,0
immensely,ADV,1,0,0
dampness,NOUN,1,0,0
sword,NOUN,1,0,0
breathing,NOUN,1,0,0
carp,ADJ,1,0,0
bream,ADJ,1,0,0
carp,VERB,1,0,0
decade,NOUN,1,0,0
likely,ADV,1,0,0
bailiff,NOUN,1,0,0
tantalization,NOUN,1,0,0
colossal,ADJ,1,0,0
offer,VERB,1,0,0
stole,VERB,1,0,0
medium,ADJ,1,0,0
hooked,ADJ,1,0,0
comparison,NOUN,1,0,0
choice,NOUN,1,0,0
fraction,NOUN,1,0,0
junction,NOUN,1,0,0
giraffe,NOUN,1,0,0
accountancy,NOUN,1,0,0
bronchitis,NOUN,1,0,0
inspection,NOUN,1,0,0
queue,VERB,1,0,0
wintry,NOUN,1,0,0
sordid,VERB,1,0,0
barb,VERB,1,0,0
stiffen,VERB,1,0,0
joint,NOUN,1,0,0
emptiness,NOUN,1,0,0
exhaustion,NOUN,1,0,0
potted,ADJ,1,0,0
slouch,VERB,1,0,0
coster,NOUN,1,0,0
picking,NOUN,1,0,0
poaching,NOUN,1,0,0
stealing,NOUN,1,0,0
Kent,PROPN,1,0,1
Essex,PROPN,1,0,1
expert,NOUN,1,0,0
beckon,VERB,1,0,0
sly,ADJ,1,0,0
vicious,ADJ,1,0,0
Ja,PROPN,1,0,1
acrost,VERB,1,0,0
garn,NOUN,1,0,0
trudge,VERB,1,0,0
sandy,ADJ,1,0,0
disturb,VERB,1,0,0
multiply,VERB,1,0,0
ang,PROPN,1,0,1
drore,NOUN,1,0,0
saluting,NOUN,1,0,0
fate,ADJ,1,0,0
scratch,NOUN,1,0,0
wand,NOUN,1,0,0
darn,VERB,1,0,0
blunt,NOUN,1,0,0
mucky,ADJ,1,0,0
courtyard,NOUN,1,0,0
pidgin,ADJ,1,0,0
wantee,NOUN,1,0,0
sewee,NOUN,1,0,0
clothee,NOUN,1,0,0
Likee,PROPN,1,0,1
thisee,PROPN,1,0,1
gesture,NOUN,1,0,0
misunderstood,NOUN,1,0,0
fatigue,NOUN,1,0,0
alight,NOUN,1,0,0
part,VERB,1,1,0
search,VERB,1,0,0
afloat,ADV,1,0,0
essential,NOUN,1,0,0
orderly,ADV,1,0,0
surgical,ADJ,1,0,0
medical,ADJ,1,0,0
haversack,NOUN,1,0,0
fancy,NOUN,1,0,0
brittle,ADJ,1,0,0
pliable,ADJ,1,0,0
kip,PROPN,1,0,1
Field,PROPN,1,0,1
punishment,NOUN,1,0,0
promising,ADJ,1,0,0
prospect,NOUN,1,0,0
Clark,PROPN,1,0,1
College,PROPN,1,0,1
down,ADJ,1,1,0
villa,NOUN,1,0,0
recreation,NOUN,1,0,0
Yarmouth,PROPN,1,0,1
Hastings,PROPN,1,0,1
Brighton,PROPN,1,0,1
flush,ADJ,1,0,0
stumpy,ADJ,1,0,0
clamour,VERB,1,0,0
lobworm,NOUN,1,0,0
ringing,NOUN,1,0,0
wind,VERB,1,0,0
flounder,NOUN,1,0,0
dangle,VERB,1,0,0
plank,NOUN,1,0,0
gleaming,ADJ,1,0,0
warty,NOUN,1,0,0
salty,ADJ,1,0,0
test,VERB,1,0,0
squashy,ADJ,1,0,0
reel,VERB,1,0,0
Absurd,PROPN,1,0,1
sidle,VERB,1,0,0
pert,NOUN,1,0,0
plain,ADV,1,0,0
chant,VERB,1,0,0
unnatural,ADJ,1,0,0
subscriber,NOUN,1,0,0
seller,NOUN,1,0,0
Good,PROPN,1,0,1
Companions,PROPN,1,0,1
Bengal,PROPN,1,0,1
Lancer,PROPN,1,0,1
Hatter,PROPN,1,0,1
castle,NOUN,1,0,0
debauch,NOUN,1,0,0
thief,NOUN,1,0,0
chinese,ADJ,1,0,0
opium,NOUN,1,0,0
den,VERB,1,0,0
polynesian,ADJ,1,0,0
Brazil,PROPN,1,0,1
vile,ADJ,1,0,0
Sherlock,PROPN,1,0,1
Holmes,PROPN,1,0,1
Nikola,PROPN,1,0,1
Iron,PROPN,1,0,1
Pirate,PROPN,1,0,1
Dracula,PROPN,1,0,1
Raffles,PROPN,1,0,1
Ranger,PROPN,1,0,1
Gull,PROPN,1,0,1
boxing,NOUN,1,0,0
Dickens,PROPN,1,0,1
Thackeray,PROPN,1,0,1
Quentin,PROPN,1,0,1
Durward,PROPN,1,0,1
incite,VERB,1,0,0
Ruskin,PROPN,1,0,1
Smiles,PROPN,1,0,1
accord,NOUN,1,0,0
dreadful,NOUN,1,0,0
Buffalo,PROPN,1,0,1
Nick,PROPN,1,0,1
Carter,PROPN,1,0,1
Sexton,PROPN,1,0,1
Blake,PROPN,1,0,1
gem,NOUN,1,0,0
Magnet,PROPN,1,0,1
pi,NOUN,1,0,0
buying,NOUN,1,0,0
Mississippi,PROPN,1,0,1
cuttle,NOUN,1,0,0
metal,PROPN,1,0,1
schooling,NOUN,1,0,0
consecutively,ADV,1,0,0
paragraph,NOUN,1,0,0
disgust,NOUN,1,0,0
stale,ADJ,1,0,0
Foxe,PROPN,1,0,1
Martyrs,PROPN,1,0,1
explorer,NOUN,1,0,0
golf,NOUN,1,0,0
volcano,NOUN,1,0,0
petrify,VERB,1,0,0
mammoth,NOUN,1,0,0
tusk,NOUN,1,0,0
Inca,PROPN,1,0,1
treasure,NOUN,1,0,0
cobwebs,NOUN,1,0,0
lath,NOUN,1,0,0
toy,NOUN,1,0,0
bead,NOUN,1,0,0
orchid,NOUN,1,0,0
bloom,VERB,1,0,0
Indians,PROPN,1,0,1
scarlet,NOUN,1,0,0
skin,VERB,1,0,0
drum,NOUN,1,0,0
bliss,ADJ,1,0,0
bliss,NOUN,1,0,0
sniff,NOUN,1,0,0
sixteenth,ADJ,1,0,0
birthday,NOUN,1,0,0
unpleasantness,NOUN,1,0,0
preoccupied,ADJ,1,0,0
sidelong,NOUN,1,0,0
lap,NOUN,1,0,0
Fraid,PROPN,1,0,1
precedent,NOUN,1,0,0
writing,NOUN,1,0,0
arrange,VERB,1,0,0
lately,ADV,1,0,0
upshot,NOUN,1,0,0
competition,NOUN,1,0,0
tentacle,NOUN,1,0,0
lease,NOUN,1,0,0
gilt,NOUN,1,0,0
gardening,NOUN,1,0,0
pea,NOUN,1,0,0
universal,ADJ,1,0,0
provider,NOUN,1,0,0
oats,NOUN,1,0,0
biscuit,NOUN,1,0,0
embrocation,NOUN,1,0,0
conditioning,NOUN,1,0,0
incubator,NOUN,1,0,0
sanitary,NOUN,1,0,0
nesting,ADJ,1,0,0
bulb,NOUN,1,0,0
killer,NOUN,1,0,0
insecticide,ADJ,1,0,0
refusal,NOUN,1,0,0
stock,VERB,1,0,0
compete,VERB,1,0,0
gentry,NOUN,1,0,0
hoist,VERB,1,0,0
whenever,SCONJ,1,1,0
bore,NOUN,1,0,0
ploughboy,NOUN,1,0,0
multiplication,NOUN,1,0,0
tinker,VERB,1,0,0
resentful,ADJ,1,0,0
bump,NOUN,1,0,0
here,ADJ,1,1,0
carrot,NOUN,1,0,0
linen,NOUN,1,0,0
Sarazin,PROPN,1,0,1
systematically,ADV,1,0,0
quality,NOUN,1,0,0
alternatively,ADV,1,0,0
record,VERB,1,0,0
bitterly,ADV,1,0,0
resent,VERB,1,0,0
refinement,NOUN,1,0,0
recoil,VERB,1,0,0
soulless,ADJ,1,0,0
thrust,VERB,1,0,0
bunkum,NOUN,1,0,0
pleased,ADJ,1,0,0
objection,NOUN,1,0,0
engineer,NOUN,1,0,0
deliver,VERB,1,0,0
demand,VERB,1,0,0
fashionable,ADJ,1,0,0
scandalize,VERB,1,0,0
fully,ADV,1,0,0
fathom,VERB,1,0,0
veer,VERB,1,0,0
degenerate,VERB,1,0,0
aitch,NOUN,1,0,0
apt,ADJ,1,0,0
ready,ADV,1,0,0
overgrown,ADJ,1,0,0
lout,NOUN,1,0,0
arise,VERB,1,0,0
furious,ADJ,1,0,0
upstanding,ADJ,1,0,0
whisker,VERB,1,0,0
stouter,ADJ,1,0,0
version,NOUN,1,0,0
liberal,NOUN,1,0,0
firebrand,NOUN,1,0,0
respected,ADJ,1,0,0
union,NOUN,1,0,0
Keir,PROPN,1,0,1
Hardie,PROPN,1,0,1
Baptist,PROPN,1,0,1
Chapel,PROPN,1,0,1
locally,ADV,1,0,0
infidel,NOUN,1,0,0
councillor,NOUN,1,0,0
canting,NOUN,1,0,0
liberty,NOUN,1,0,0
Grand,PROPN,1,0,1
extempore,NOUN,1,0,0
legendary,ADJ,1,0,0
whisper,VERB,1,0,0
van,PROPN,1,0,1
man,PROPN,1,0,1
widower,NOUN,1,0,0
cashier,NOUN,1,0,0
grind,ADJ,1,0,0
carve,NOUN,1,0,0
ham,PROPN,1,0,1
inferior,ADJ,1,0,0
judge,VERB,1,0,0
detailed,ADJ,1,0,0
grocere,VERB,1,0,0
spin,VERB,1,0,0
grade,NOUN,1,0,0
per,ADP,1,1,0
alert,ADJ,1,0,0
snubby,ADJ,1,0,0
grease,VERB,1,0,0
slick,VERB,1,0,0
smarm,NOUN,1,0,0
cinema,NOUN,1,0,0
commoner,NOUN,1,0,0
country,ADJ,1,0,0
flimsy,ADJ,1,0,0
rickety,NOUN,1,0,0
German,PROPN,1,0,1
Emperor,PROPN,1,0,1
collar,VERB,1,0,0
natty,ADJ,1,0,0
dogskin,NOUN,1,0,0
Big,PROPN,1,0,1
Business,PROPN,1,0,1
Lever,PROPN,1,0,1
William,PROPN,1,0,1
Whiteley,PROPN,1,0,1
train,VERB,1,0,0
career,NOUN,1,0,0
Littleburns,PROPN,1,0,1
Academy,PROPN,1,0,1
bookkeeping,NOUN,1,0,0
blah,NOUN,1,0,0
Art,PROPN,1,0,1
Salesmanship,PROPN,1,0,1
arithmetic,NOUN,1,0,0
copperplate,NOUN,1,0,0
enormously,ADV,1,0,0
crime,NOUN,1,0,0
furtively,ADV,1,0,0
translation,NOUN,1,0,0
Maupassant,PROPN,1,0,1
Paul,PROPN,1,0,1
de,X,1,0,0
Kock,PROPN,1,0,1
County,PROPN,1,0,1
stodge,VERB,1,0,0
Marie,PROPN,1,0,1
Corelli,PROPN,1,0,1
Caine,PROPN,1,0,1
literary,ADJ,1,0,0
discussion,NOUN,1,0,0
pressure,NOUN,1,0,0
Browning,PROPN,1,0,1
ruffian,NOUN,1,0,0
sulky,NOUN,1,0,0
scowl,VERB,1,0,0
da,NOUN,1,0,0
despairingly,ADV,1,0,0
steerage,NOUN,1,0,0
excuse,VERB,1,0,0
complication,NOUN,1,0,0
disgrace,NOUN,1,0,0
ashamed,ADJ,1,0,0
greyer,NOUN,1,0,0
involve,VERB,1,0,0
worry,NOUN,1,0,0
badness,NOUN,1,0,0
overflowing,ADJ,1,0,0
bosom,NOUN,1,0,0
opulent,ADJ,1,0,0
mutton,PROPN,1,0,1
regularly,ADV,1,0,0
spectacled,ADJ,1,0,0
rupture,VERB,1,0,0
fate,NOUN,1,0,0
gradual,ADJ,1,0,0
chipping,NOUN,1,0,0
seeing,NOUN,1,0,0
tapeworm,NOUN,1,0,0
textbook,NOUN,1,0,0
supply,VERB,1,0,0
speechless,ADJ,1,0,0
failure,NOUN,1,0,0
remark,VERB,1,0,0
dusty,PROPN,1,0,1
coil,VERB,1,0,0
drapery,NOUN,1,0,0
originally,ADV,1,0,0
grateful,ADJ,1,0,0
working,ADJ,1,0,0
normally,ADV,1,0,0
muslin,ADJ,1,0,0
peculiarly,ADV,1,0,0
hushed,ADJ,1,0,0
subdue,VERB,1,0,0
whirring,NOUN,1,0,0
scissor,NOUN,1,0,0
curve,NOUN,1,0,0
submissive,ADJ,1,0,0
dreadfully,ADV,1,0,0
figurative,ADJ,1,0,0
officially,ADV,1,0,0
custom,NOUN,1,0,0
engage,VERB,1,0,0
fringe,VERB,1,0,0
Lovers,PROPN,1,0,1
twilight,NOUN,1,0,0
brushing,NOUN,1,0,0
rushing,NOUN,1,0,0
hurry,NOUN,1,0,0
crusty,ADJ,1,0,0
gap,NOUN,1,0,0
Central,PROPN,1,0,1
hat,PROPN,1,0,1
yield,VERB,1,0,0
malleable,ADJ,1,0,0
blackthorn,ADJ,1,0,0
hawthorn,NOUN,1,0,0
owl,NOUN,1,0,0
hoot,VERB,1,0,0
cockchafer,NOUN,1,0,0
harsh,ADJ,1,0,0
comfortably,ADV,1,0,0
painfully,ADV,1,0,0
cripple,NOUN,1,0,0
asset,NOUN,1,0,0
starvation,NOUN,1,0,0
clung,VERB,1,0,0
Crimp,PROPN,1,0,1
watchmaker,NOUN,1,0,0
skilled,ADJ,1,0,0
workman,NOUN,1,0,0
cataract,NOUN,1,0,0
grandchild,NOUN,1,0,0
charing,NOUN,1,0,0
bankrupt,NOUN,1,0,0
liver,NOUN,1,0,0
pledge,NOUN,1,0,0
illegitimate,ADJ,1,0,0
basin,NOUN,1,0,0
stank,ADJ,1,0,0
secure,ADJ,1,0,0
continuity,NOUN,1,0,0
religious,ADJ,1,0,0
prevalent,ADJ,1,0,0
sin,NOUN,1,0,0
precisely,ADV,1,0,0
survive,VERB,1,0,0
individually,ADV,1,0,0
continue,VERB,1,0,0
evil,ADJ,1,0,0
shift,VERB,1,0,0
influenza,NOUN,1,0,0
pneumonia,NOUN,1,0,0
thrift,NOUN,1,0,0
deathbed,NOUN,1,0,0
rhinoceros,NOUN,1,0,0
Vic,PROPN,1,0,1
woollen,ADJ,1,0,0
underclothe,NOUN,1,0,0
feather,NOUN,1,0,0
October,PROPN,1,0,1
cosy,ADJ,1,0,0
underworld,NOUN,1,0,0
ending,NOUN,1,0,0
shaken,NOUN,1,0,0
dispirit,VERB,1,0,0
epoch,NOUN,1,0,0
flux,NOUN,1,0,0
leading,ADJ,1,0,0
aloud,NOUN,1,0,0
ULTIMATUM,PROPN,1,0,1
FRANCE,PROPN,1,0,1
mobilize,VERB,1,0,0
hush,ADJ,1,0,0
thunderstorm,NOUN,1,0,0
spare,VERB,1,0,0
tin,VERB,1,0,0
oatmeal,ADJ,1,0,0
feverish,ADJ,1,0,0
armful,NOUN,1,0,0
principle,NOUN,1,0,0
zwee,NOUN,1,0,0
boom,NOUN,1,0,0
burst,ADJ,1,0,0
shatter,VERB,1,0,0
cartridge,NOUN,1,0,0
icy,ADJ,1,0,0
south,PROPN,1,0,1
coast,PROPN,1,0,1
north,NOUN,1,0,0
crocodile,NOUN,1,0,0
pink,ADV,1,0,0
monkey,NOUN,1,0,0
zoo,NOUN,1,0,0
gorse,NOUN,1,0,0
bush,PROPN,1,0,1
freezing,ADJ,1,0,0
Tommy,PROPN,1,0,1
illiterate,ADJ,1,0,0
spry,NOUN,1,0,0
madam,NOUN,1,0,0
knighthood,NOUN,1,0,0
swagger,VERB,1,0,0
gorblimey,ADJ,1,0,0
resist,VERB,1,0,0
idiot,NOUN,1,0,0
conscription,NOUN,1,0,0
lark,NOUN,1,0,0
Britons,PROPN,1,0,1
Kaiser,PROPN,1,0,1
rap,VERB,1,0,0
nun,NOUN,1,0,0
Brussels,PROPN,1,0,1
apathetic,ADJ,1,0,0
stain,NOUN,1,0,0
ache,VERB,1,0,0
value,NOUN,1,0,0
holder,NOUN,1,0,0
appalling,ADJ,1,0,0
tragedy,NOUN,1,0,0
pauper,NOUN,1,0,0
overshadow,VERB,1,0,0
yellower,NOUN,1,0,0
ramble,VERB,1,0,0
protect,VERB,1,0,0
broody,NOUN,1,0,0
urgent,ADJ,1,0,0
internal,ADJ,1,0,0
chill,NOUN,1,0,0
final,ADJ,1,0,0
Somme,PROPN,1,0,1
Egypt,PROPN,1,0,1
cottage,NOUN,1,0,0
objector,NOUN,1,0,0
forlorn,ADJ,1,0,0
taking,NOUN,1,0,0
commandeer,VERB,1,0,0
shaft,NOUN,1,0,0
armlet,NOUN,1,0,0
khaki,PROPN,1,0,1
graveside,NOUN,1,0,0
passing,NOUN,1,0,0
signboard,NOUN,1,0,0
homework,NOUN,1,0,0
mend,VERB,1,0,0
puncture,NOUN,1,0,0
Spot,PROPN,1,0,1
loft,PROPN,1,0,1
cab,NOUN,1,0,0
sit,NOUN,1,0,0
beano,NOUN,1,0,0
extra,ADJ,1,0,0
labour,ADJ,1,0,0
battalion,NOUN,1,0,0
maroon,VERB,1,0,0
oceanic,ADJ,1,0,0
cruiser,NOUN,1,0,0
function,NOUN,1,0,0
inertia,NOUN,1,0,0
sequence,NOUN,1,0,0
gazette,VERB,1,0,0
about,ADJ,1,1,0
midland,NOUN,1,0,0
demand,NOUN,1,0,0
lean,ADJ,1,0,0
grizzle,VERB,1,0,0
grave,ADJ,1,0,0
De,PROPN,1,0,1
Reszke,PROPN,1,0,1
Wage,PROPN,1,0,1
Cut,PROPN,1,0,1
System,PROPN,1,0,1
worm,VERB,1,0,0
secretarial,ADJ,1,0,0
shorthand,NOUN,1,0,0
damned,ADJ,1,0,0
ration,NOUN,1,0,0
responsible,ADJ,1,0,0
south,ADJ,1,0,0
North,PROPN,1,0,1
Cornish,PROPN,1,0,1
consist,VERB,1,0,0
Office,PROPN,1,0,1
wire,VERB,1,0,0
inform,VERB,1,0,0
scheme,NOUN,1,0,0
via,ADP,1,1,0
mission,NOUN,1,0,0
guard,VERB,1,0,0
reasonable,ADJ,1,0,0
state,VERB,1,0,0
condition,NOUN,1,0,0
entrench,VERB,1,0,0
coil,NOUN,1,0,0
blanket,NOUN,1,0,0
waterproof,ADJ,1,0,0
groundsheet,NOUN,1,0,0
outfit,NOUN,1,0,0
corrugate,VERB,1,0,0
care,NOUN,1,0,0
nil,NOUN,1,0,0
jog,VERB,1,0,0
lonely,ADJ,1,0,0
yokel,NOUN,1,0,0
surge,VERB,1,0,0
rag,VERB,1,0,0
Atlantic,PROPN,1,0,1
decentish,ADJ,1,0,0
room,VERB,1,0,0
inhabit,VERB,1,0,0
gardener,NOUN,1,0,0
revert,VERB,1,0,0
type,VERB,1,0,0
dug,VERB,1,0,0
spud,NOUN,1,0,0
cultivation,NOUN,1,0,0
hope,VERB,1,0,0
sevenpenny,ADJ,1,0,0
Ian,PROPN,1,0,1
Hay,PROPN,1,0,1
Sapper,PROPN,1,0,1
Craig,PROPN,1,0,1
Kennedy,PROPN,1,0,1
Thou,PROPN,1,0,1
Gavest,PROPN,1,0,1
intention,NOUN,1,0,0
rig,VERB,1,0,0
attempt,NOUN,1,0,0
discriminate,VERB,1,0,0
pail,NOUN,1,0,0
garbage,NOUN,1,0,0
Marcel,PROPN,1,0,1
Proust,PROPN,1,0,1
Polly,PROPN,1,0,1
Sinister,PROPN,1,0,1
victory,NOUN,1,0,0
conscript,NOUN,1,0,0
fortification,NOUN,1,0,0
appetite,NOUN,1,0,0
thirst,NOUN,1,0,0
Dick,PROPN,1,0,1
upbringing,NOUN,1,0,0
lending,NOUN,1,0,0
Kipling,PROPN,1,0,1
Galsworthy,PROPN,1,0,1
Barry,PROPN,1,0,1
Pain,PROPN,1,0,1
Jacobs,PROPN,1,0,1
Pett,PROPN,1,0,1
Ridge,PROPN,1,0,1
Onions,PROPN,1,0,1
Seton,PROPN,1,0,1
Merriman,PROPN,1,0,1
Maurice,PROPN,1,0,1
Baring,PROPN,1,0,1
McKenna,PROPN,1,0,1
Sinclair,PROPN,1,0,1
Leacock,PROPN,1,0,1
Silas,PROPN,1,0,1
Hocking,PROPN,1,0,1
Jean,PROPN,1,0,1
Stratton,PROPN,1,0,1
Porter,PROPN,1,0,1
shrimp,NOUN,1,0,0
revel,VERB,1,0,0
lover,NOUN,1,0,0
Oscar,PROPN,1,0,1
Wilde,PROPN,1,0,1
Dorian,PROPN,1,0,1
Stevenson,PROPN,1,0,1
New,PROPN,1,0,1
Arabian,PROPN,1,0,1
Nights,PROPN,1,0,1
author,NOUN,1,0,0
Moore,PROPN,1,0,1
Esther,PROPN,1,0,1
Ibsen,PROPN,1,0,1
Norway,PROPN,1,0,1
slice,VERB,1,0,0
tot,VERB,1,0,0
harm,NOUN,1,0,0
meaninglessness,NOUN,1,0,0
unspeakably,ADV,1,0,0
barrage,NOUN,1,0,0
coke,NOUN,1,0,0
snug,ADJ,1,0,0
bolt,NOUN,1,0,0
lunatic,NOUN,1,0,0
plus,CCONJ,1,0,0
horde,NOUN,1,0,0
junior,ADJ,1,0,0
General,PROPN,1,0,1
Staff,PROPN,1,0,1
defective,NOUN,1,0,0
nihilist,NOUN,1,0,0
Bolshies,PROPN,1,0,1
unspeakable,ADJ,1,0,0
idiotic,ADJ,1,0,0
unquestionable,ADJ,1,0,0
forgot,VERB,1,0,0
orange,ADJ,1,0,0
torquay,NOUN,1,0,0
vividly,ADV,1,0,0
disbelieve,VERB,1,0,0
Lloyd,PROPN,1,0,1
band,NOUN,1,0,0
ex,ADJ,1,0,0
service,ADJ,1,0,0
mask,VERB,1,0,0
tunic,NOUN,1,0,0
grind,VERB,1,0,0
scramble,VERB,1,0,0
wound,NOUN,1,0,0
gratuity,NOUN,1,0,0
bide,VERB,1,0,0
shopkeeping,ADJ,1,0,0
forsake,VERB,1,0,0
ex,NOUN,1,0,0
gin,NOUN,1,0,0
what,DET,1,1,0
circulate,VERB,1,0,0
dictate,VERB,1,0,0
platinum,NOUN,1,0,0
blonde,NOUN,1,0,0
financial,ADJ,1,0,0
Majesty,PROPN,1,0,1
cold,NOUN,1,0,0
grocering,NOUN,1,0,0
ref,NOUN,1,0,0
salary,NOUN,1,0,0
attach,VERB,1,0,0
beautifully,ADV,1,0,0
advertise,VERB,1,0,0
risk,NOUN,1,0,0
flourish,VERB,1,0,0
hint,VERB,1,0,0
salaried,ADJ,1,0,0
rapid,ADJ,1,0,0
succession,NOUN,1,0,0
dictionary,NOUN,1,0,0
cutlery,NOUN,1,0,0
corkscrew,NOUN,1,0,0
opener,NOUN,1,0,0
similar,ADJ,1,0,0
gadget,NOUN,1,0,0
accessory,NOUN,1,0,0
carbon,NOUN,1,0,0
temperament,NOUN,1,0,0
Midland,PROPN,1,0,1
bed,VERB,1,0,0
faintly,ADV,1,0,0
slop,NOUN,1,0,0
yolk,ADJ,1,0,0
lemon,NOUN,1,0,0
moth,NOUN,1,0,0
jack,VERB,1,0,0
earning,NOUN,1,0,0
traipsing,NOUN,1,0,0
standing,NOUN,1,0,0
slam,VERB,1,0,0
unlearn,VERB,1,0,0
nonsense,NOUN,1,0,0
idle,ADJ,1,0,0
struggle,NOUN,1,0,0
survivor,NOUN,1,0,0
lifebelt,NOUN,1,0,0
hustling,ADJ,1,0,0
staff,NOUN,1,0,0
starve,NOUN,1,0,0
Lords,PROPN,1,0,1
gravitate,VERB,1,0,0
Fleet,PROPN,1,0,1
lift,NOUN,1,0,0
attendant,ADJ,1,0,0
attache,NOUN,1,0,0
recommend,VERB,1,0,0
civvie,NOUN,1,0,0
Hullo,PROPN,1,0,1
tip,NOUN,1,0,0
eh,INTJ,1,0,0
hm,INTJ,1,0,0
bearer,NOUN,1,0,0
eyebrow,NOUN,1,0,0
glory,NOUN,1,0,0
whim,NOUN,1,0,0
beggar,NOUN,1,0,0
merit,NOUN,1,0,0
Stick,PROPN,1,0,1
Salesman,PROPN,1,0,1
Hm,PROPN,1,0,1
purse,VERB,1,0,0
behalf,NOUN,1,0,0
deflect,VERB,1,0,0
pad,NOUN,1,0,0
stylo,NOUN,1,0,0
close,ADV,1,0,0
impressive,ADJ,1,0,0
Representative,PROPN,1,0,1
around,ADV,1,1,0
client,NOUN,1,0,0
neither,ADV,1,1,0
intrigue,NOUN,1,0,0
post,ADJ,1,0,0
war,ADJ,1,0,0
pep,NOUN,1,0,0
punch,NOUN,1,0,0
grit,NOUN,1,0,0
clap,VERB,1,0,0
keen,ADV,1,0,0
jaw,VERB,1,0,0
executive,NOUN,1,0,0
attribute,VERB,1,0,0
application,NOUN,1,0,0
neither,CCONJ,1,1,0
go,ADJ,1,1,0
getter,NOUN,1,0,0
twenty,NOUN,1,0,0
genteel,ADJ,1,0,0
enclosure,NOUN,1,0,0
prance,VERB,1,0,0
vantage,VERB,1,0,0
tolerable,ADJ,1,0,0
Crust,PROPN,1,0,1
bad,ADV,1,0,0
overlap,NOUN,1,0,0
slim,ADJ,1,0,0
timid,ADJ,1,0,0
distinct,ADJ,1,0,0
resemblance,NOUN,1,0,0
agree,VERB,1,0,0
gracefully,ADV,1,0,0
totally,ADV,1,0,0
hearsay,NOUN,1,0,0
stricken,VERB,1,0,0
generation,NOUN,1,0,0
sailor,NOUN,1,0,0
appeal,NOUN,1,0,0
shopkeeper,ADJ,1,0,0
goofy,ADJ,1,0,0
penniless,ADJ,1,0,0
twentieth,ADJ,1,0,0
eighty,NOUN,1,0,0
teak,ADJ,1,0,0
helmet,NOUN,1,0,0
Hindustani,PROPN,1,0,1
word,VERB,1,0,0
anecdote,NOUN,1,0,0
shoot,NOUN,1,0,0
Poona,PROPN,1,0,1
create,VERB,1,0,0
cyst,NOUN,1,0,0
outlandish,ADJ,1,0,0
Borneo,PROPN,1,0,1
Sarawak,PROPN,1,0,1
cobra,NOUN,1,0,0
cummerbund,NOUN,1,0,0
collector,NOUN,1,0,0
colourless,ADJ,1,0,0
Ceylon,PROPN,1,0,1
spear,NOUN,1,0,0
ornament,NOUN,1,0,0
shellfish,NOUN,1,0,0
impressed,ADJ,1,0,0
major,NOUN,1,0,0
colonel,NOUN,1,0,0
theirs,NOUN,1,0,0
judge,NOUN,1,0,0
renti,ADJ,1,0,0
incline,VERB,1,0,0
kow,PROPN,1,0,1
decayed,ADJ,1,0,0
throw,NOUN,1,0,0
intellectual,ADJ,1,0,0
superior,NOUN,1,0,0
mistook,VERB,1,0,0
marine,ADJ,1,0,0
peanut,NOUN,1,0,0
vulgar,VERB,1,0,0
impressively,ADV,1,0,0
slip,NOUN,1,0,0
promotion,NOUN,1,0,0
fiver,NOUN,1,0,0
enteric,NOUN,1,0,0
your,NOUN,1,1,0
fantasy,NOUN,1,0,0
cleverly,ADV,1,0,0
purpose,NOUN,1,0,0
suddenness,NOUN,1,0,0
string,VERB,1,0,0
imply,VERB,1,0,0
trap,VERB,1,0,0
altar,NOUN,1,0,0
relaxe,NOUN,1,0,0
youth,NOUN,1,0,0
overnight,ADV,1,0,0
depressed,ADJ,1,0,0
lifeless,ADJ,1,0,0
frump,NOUN,1,0,0
deny,VERB,1,0,0
decay,VERB,1,0,0
essential,ADJ,1,0,0
vitality,NOUN,1,0,0
crust,NOUN,1,0,0
wiping,NOUN,1,0,0
consequently,ADV,1,0,0
maisonette,NOUN,1,0,0
transfer,VERB,1,0,0
spare,ADJ,1,0,0
persuade,VERB,1,0,0
misery,NOUN,1,0,0
soup,NOUN,1,0,0
hunch,VERB,1,0,0
throughout,ADP,1,1,0
bracket,VERB,1,0,0
negative,ADJ,1,0,0
writhe,VERB,1,0,0
housekeeping,NOUN,1,0,0
emphasis,NOUN,1,0,0
convulsion,NOUN,1,0,0
tip,VERB,1,0,0
lower,ADV,1,0,0
unfaithful,ADJ,1,0,0
cunning,NOUN,1,0,0
telepathy,PROPN,1,0,1
equally,ADV,1,0,0
permanently,ADV,1,0,0
innocent,ADJ,1,0,0
separation,NOUN,1,0,0
divorce,NOUN,1,0,0
link,NOUN,1,0,0
fetter,NOUN,1,0,0
disapproval,NOUN,1,0,0
greyish,ADJ,1,0,0
slightly,ADJ,1,0,0
remnant,ADJ,1,0,0
sad,ADJ,1,0,0
fancy,VERB,1,0,0
heavily,ADV,1,0,0
product,NOUN,1,0,0
wrinkle,NOUN,1,0,0
burble,VERB,1,0,0
progress,NOUN,1,0,0
vague,NOUN,1,0,0
loneliness,NOUN,1,0,0
envy,VERB,1,0,0
theosophy,NOUN,1,0,0
Radiant,PROPN,1,0,1
Energy,PROPN,1,0,1
lettuce,NOUN,1,0,0
starve,VERB,1,0,0
healing,NOUN,1,0,0
Pelmanism,PROPN,1,0,1
booklet,NOUN,1,0,0
hay,PROPN,1,0,1
cookery,NOUN,1,0,0
bee,NOUN,1,0,0
bee,ADJ,1,0,0
conduct,VERB,1,0,0
tour,NOUN,1,0,0
stage,NOUN,1,0,0
spiritualism,NOUN,1,0,0
medium,NOUN,1,0,0
eighteenpence,NOUN,1,0,0
veil,NOUN,1,0,0
tanner,NOUN,1,0,0
seedy,ADJ,1,0,0
shaky,ADJ,1,0,0
spasm,NOUN,1,0,0
Butter,PROPN,1,0,1
ectoplasm,NOUN,1,0,0
so,CCONJ,1,1,0
manifestation,NOUN,1,0,0
find,NOUN,1,0,0
protest,VERB,1,0,0
third,NOUN,1,1,0
cheap,ADV,1,0,0
admission,NOUN,1,0,0
strangle,VERB,1,0,0
cannon,NOUN,1,0,0
consciousness,NOUN,1,0,0
shipyard,NOUN,1,0,0
rivet,VERB,1,0,0
chance,VERB,1,0,0
III,PROPN,1,0,1
bill,VERB,1,0,0
misty,ADJ,1,0,0
sect,NOUN,1,0,0
placard,NOUN,1,0,0
Menace,PROPN,1,0,1
introduce,VERB,1,0,0
pianist,NOUN,1,0,0
unsuccessfully,ADV,1,0,0
wisps,NOUN,1,0,0
mild,ADV,1,0,0
bottom,ADJ,1,1,0
Parish,PROPN,1,0,1
lantern,NOUN,1,0,0
Mothers,PROPN,1,0,1
virgin,NOUN,1,0,0
wad,NOUN,1,0,0
cutting,NOUN,1,0,0
lick,NOUN,1,0,0
plank,VERB,1,0,0
pitch,ADJ,1,0,0
pine,NOUN,1,0,0
corrugated,ADJ,1,0,0
drape,VERB,1,0,0
pall,NOUN,1,0,0
mobile,ADJ,1,0,0
constant,ADJ,1,0,0
speaking,NOUN,1,0,0
bestial,ADJ,1,0,0
hideous,ADJ,1,0,0
outburst,NOUN,1,0,0
sadism,NOUN,1,0,0
iniquitous,ADJ,1,0,0
persecution,NOUN,1,0,0
Dark,PROPN,1,0,1
Ages,PROPN,1,0,1
european,ADJ,1,0,0
Act,PROPN,1,0,1
Alliance,PROPN,1,0,1
democratic,ADJ,1,0,0
deliberately,ADV,1,0,0
openly,ADV,1,0,0
damnedest,NOUN,1,0,0
catcher,NOUN,1,0,0
gospel,NOUN,1,0,0
draughty,ADJ,1,0,0
entitle,VERB,1,0,0
revolutionary,NOUN,1,0,0
hopeful,ADJ,1,0,0
advance,NOUN,1,0,0
Melanesians,PROPN,1,0,1
express,VERB,1,0,0
voice,VERB,1,0,0
stimulating,ADJ,1,0,0
statistic,NOUN,1,0,0
suicide,NOUN,1,0,0
jumper,NOUN,1,0,0
purl,NOUN,1,0,0
treason,NOUN,1,0,0
bosh,ADJ,1,0,0
droopy,NOUN,1,0,0
blacklist,VERB,1,0,0
employer,NOUN,1,0,0
badger,VERB,1,0,0
pitchfork,VERB,1,0,0
Berlin,PROPN,1,0,1
Front,PROPN,1,1,1
comintern,ADJ,1,0,0
pact,NOUN,1,0,0
cash,VERB,1,0,0
peroxide,VERB,1,0,0
communist,ADJ,1,0,0
trotskyist,NOUN,1,0,0
side,VERB,1,1,0
anxiety,NOUN,1,0,0
listening,NOUN,1,0,0
Hate,PROPN,1,0,1
sensation,NOUN,1,0,0
cave,VERB,1,0,0
eggshell,NOUN,1,0,0
blob,NOUN,1,0,0
strawberry,PROPN,1,0,1
Smash,PROPN,1,0,1
sleeping,NOUN,1,0,0
smashed,ADJ,1,0,0
tone,NOUN,1,0,0
Likeliest,PROPN,1,0,1
sufficient,ADJ,1,0,0
electric,ADJ,1,0,0
burn,NOUN,1,0,0
worship,VERB,1,0,0
inevitable,ADJ,1,0,0
mingy,ADJ,1,0,0
outpost,NOUN,1,0,0
sighted,ADJ,1,0,0
diving,NOUN,1,0,0
boa,NOUN,1,0,0
constrictor,NOUN,1,0,0
clapping,NOUN,1,0,0
Robinson,PROPN,1,0,1
dialectical,ADJ,1,0,0
materialism,NOUN,1,0,0
proletariat,NOUN,1,0,0
Lenin,PROPN,1,0,1
summing,NOUN,1,0,0
wriggle,NOUN,1,0,0
unofficially,ADV,1,0,0
talking,NOUN,1,0,0
stitch,NOUN,1,0,0
seal,NOUN,1,0,0
droopy,ADJ,1,0,0
chip,NOUN,1,0,0
betrayal,NOUN,1,0,0
imperialist,ADJ,1,0,0
boiling,NOUN,1,0,0
boil,NOUN,1,0,0
strongly,ADV,1,0,0
rugger,NOUN,1,0,0
Got,PROPN,1,0,1
frosted,ADJ,1,0,0
ledger,NOUN,1,0,0
bumsucke,VERB,1,0,0
infantry,NOUN,1,0,0
charging,NOUN,1,0,0
drift,NOUN,1,0,0
swelter,VERB,1,0,0
heroism,NOUN,1,0,0
hero,NOUN,1,0,0
stink,VERB,1,0,0
polecat,NOUN,1,0,0
piss,VERB,1,0,0
rifle,NOUN,1,0,0
tract,NOUN,1,0,0
proletarian,ADJ,1,0,0
solidarity,NOUN,1,0,0
Trotsky,PROPN,1,0,1
damp,NOUN,1,0,0
darkness,NOUN,1,0,0
result,NOUN,1,0,0
freshen,VERB,1,0,0
eye,VERB,1,0,0
Hopeless,PROPN,1,0,1
Progress,PROPN,1,0,1
Culture,PROPN,1,0,1
striking,ADJ,1,0,0
dreamy,ADJ,1,0,0
discoloured,ADJ,1,0,0
university,NOUN,1,0,0
curl,NOUN,1,0,0
Public,PROPN,1,0,1
mannerism,NOUN,1,0,0
Harris,PROPN,1,0,1
tweed,VERB,1,0,0
flannel,PROPN,1,0,1
bounder,NOUN,1,0,0
insensible,ADJ,1,0,0
polite,ADJ,1,0,0
hospitable,ADJ,1,0,0
handy,ADJ,1,0,0
infest,VERB,1,0,0
classy,ADJ,1,0,0
goth,NOUN,1,0,0
dish,VERB,1,0,0
soda,NOUN,1,0,0
smallish,ADJ,1,0,0
earthenware,NOUN,1,0,0
mountain,NOUN,1,0,0
Sicily,PROPN,1,0,1
refill,VERB,1,0,0
purchase,VERB,1,0,0
wireless,ADJ,1,0,0
tickle,VERB,1,0,0
musical,ADJ,1,0,0
instrument,NOUN,1,0,0
Athens,PROPN,1,0,1
Pericles,PROPN,1,0,1
Mary,PROPN,1,0,1
phoenician,ADJ,1,0,0
trireme,NOUN,1,0,0
Keats,PROPN,1,0,1
puff,NOUN,1,0,0
mellow,ADJ,1,0,0
soothe,VERB,1,0,0
olive,NOUN,1,0,0
peacock,NOUN,1,0,0
arena,NOUN,1,0,0
trident,NOUN,1,0,0
wing,VERB,1,0,0
galley,NOUN,1,0,0
general,NOUN,1,0,0
armour,NOUN,1,0,0
shield,NOUN,1,0,0
advantage,NOUN,1,0,0
maidish,NOUN,1,0,0
veiled,ADJ,1,0,0
rhyme,NOUN,1,0,0
roman,ADJ,1,0,0
Ashtaroth,PROPN,1,0,1
curl,VERB,1,0,0
Porreous,PROPN,1,0,1
lanky,ADJ,1,0,0
graceful,ADJ,1,0,0
bloody,VERB,1,0,0
pose,NOUN,1,0,0
mere,ADJ,1,0,0
adventurer,NOUN,1,0,0
Ephemeral,PROPN,1,0,1
purely,ADV,1,0,0
ephemeral,ADJ,1,0,0
ephemeral,PROPN,1,0,1
crucify,VERB,1,0,0
saying,NOUN,1,0,0
Crete,PROPN,1,0,1
Mycenae,PROPN,1,0,1
tyrant,NOUN,1,0,0
middle,ADV,1,0,0
driver,NOUN,1,0,0
collapse,VERB,1,0,0
pore,NOUN,1,0,0
siege,NOUN,1,0,0
Troy,PROPN,1,0,1
cultivate,VERB,1,0,0
study,NOUN,1,0,0
tag,NOUN,1,0,0
Keat,PROPN,1,0,1
Ode,PROPN,1,0,1
Nightingale,PROPN,1,0,1
skylark,NOUN,1,0,0
concerned,ADJ,1,0,0
aloud,ADV,1,0,0
lounging,NOUN,1,0,0
rise,NOUN,1,0,0
music,NOUN,1,0,0
eddy,NOUN,1,0,0
bookshelf,NOUN,1,0,0
casement,NOUN,1,0,0
arbitrary,ADJ,1,0,0
Wonderfully,PROPN,1,0,1
forwards,ADV,1,0,0
fainter,NOUN,1,0,0
russo,ADJ,1,0,0
japanese,ADJ,1,0,0
defend,VERB,1,0,0
Marquess,PROPN,1,0,1
Queensbury,PROPN,1,0,1
paralysed,ADJ,1,0,0
gorilla,NOUN,1,0,0
shivery,NOUN,1,0,0
hump,NOUN,1,0,0
gloom,NOUN,1,0,0
cheery,ADJ,1,0,0
stress,NOUN,1,0,0
bonus,NOUN,1,0,0
uninsured,ADJ,1,0,0
switchbacke,VERB,1,0,0
Pale,PROPN,1,0,1
stirring,NOUN,1,0,0
scatter,VERB,1,0,0
melt,VERB,1,0,0
clayey,NOUN,1,0,0
soil,NOUN,1,0,0
mudguard,NOUN,1,0,0
model,NOUN,1,0,0
biggish,ADJ,1,0,0
mileage,NOUN,1,0,0
bonnet,NOUN,1,0,0
Austrian,PROPN,1,0,1
Empire,PROPN,1,0,1
vibrate,VERB,1,0,0
motion,NOUN,1,0,0
wobble,ADJ,1,0,0
hawaiian,ADJ,1,0,0
balmy,ADJ,1,0,0
tramp,NOUN,1,0,0
remain,NOUN,1,0,0
wisp,NOUN,1,0,0
slop,VERB,1,0,0
sharply,ADV,1,0,0
lark,ADJ,1,0,0
unusual,ADJ,1,0,0
seasonal,ADJ,1,0,0
gland,NOUN,1,0,0
bud,NOUN,1,0,0
still,ADJ,1,1,0
vibration,NOUN,1,0,0
haunch,NOUN,1,0,0
crinkly,ADV,1,0,0
Wife,PROPN,1,0,1
dental,ADJ,1,0,0
unsuccessful,ADJ,1,0,0
Newts,PROPN,1,0,1
caddi,NOUN,1,0,0
microscope,NOUN,1,0,0
wonder,NOUN,1,0,0
soppy,ADJ,1,0,0
humanity,NOUN,1,0,0
Calm,PROPN,1,0,1
seep,NOUN,1,0,0
foolery,NOUN,1,0,0
whizz,VERB,1,0,0
diving,VERB,1,0,0
Bren,PROPN,1,0,1
beforehand,ADV,1,1,0
personally,ADV,1,0,0
political,ADJ,1,0,0
cosh,VERB,1,0,0
policeman,NOUN,1,0,0
intellectually,ADV,1,0,0
absence,NOUN,1,0,0
inventory,NOUN,1,0,0
public,NOUN,1,0,0
snigger,VERB,1,0,0
crank,VERB,1,0,0
starter,NOUN,1,0,0
jam,VERB,1,0,0
gear,NOUN,1,0,0
desert,VERB,1,0,0
comfortable,ADJ,1,0,0
incurable,ADJ,1,0,0
flying,NOUN,1,0,0
rumpus,NOUN,1,0,0
purchase,NOUN,1,0,0
quietness,NOUN,1,0,0
sluggish,ADJ,1,0,0
sage,NOUN,1,0,0
ancient,ADJ,1,0,0
hermit,NOUN,1,0,0
cave,NOUN,1,0,0
cesspool,NOUN,1,0,0
vital,ADJ,1,0,0
scramble,NOUN,1,0,0
din,NOUN,1,0,0
marrow,NOUN,1,0,0
gulp,NOUN,1,0,0
seaweed,NOUN,1,0,0
maximum,ADJ,1,0,0
jug,NOUN,1,0,0
expense,NOUN,1,0,0
seaside,NOUN,1,0,0
Trust,PROPN,1,0,1
obstinate,NOUN,1,0,0
perseverance,NOUN,1,0,0
careless,ADJ,1,0,0
brush,VERB,1,0,0
waistcoat,NOUN,1,0,0
after,NOUN,1,1,0
nag,VERB,1,0,0
queer,VERB,1,0,0
heavyweight,ADJ,1,0,0
championship,NOUN,1,0,0
improbable,ADJ,1,0,0
rent,VERB,1,0,0
seventeenth,NOUN,1,0,0
shipshape,NOUN,1,0,0
watertight,NOUN,1,0,0
Family,PROPN,1,0,1
address,NOUN,1,0,0
Saunders,PROPN,1,0,1
Glisso,PROPN,1,0,1
Floor,PROPN,1,0,1
Polish,PROPN,1,0,1
confidence,NOUN,1,0,0
eighteenth,NOUN,1,0,0
wink,NOUN,1,0,0
breaking,NOUN,1,0,0
breeze,NOUN,1,0,0
blowing,NOUN,1,0,0
flock,NOUN,1,0,0
attract,VERB,1,0,0
Weaver,PROPN,1,0,1
insure,VERB,1,0,0
undulate,VERB,1,0,0
silky,NOUN,1,0,0
boundary,NOUN,1,0,0
route,NOUN,1,0,0
nearer,VERB,1,0,0
crossroad,NOUN,1,0,0
succumb,VERB,1,0,0
Barclay,PROPN,1,0,1
tempt,VERB,1,0,0
klaxon,NOUN,1,0,0
forbidden,ADJ,1,0,0
strictly,ADV,1,0,0
approve,VERB,1,0,0
tag,VERB,1,0,0
vindictive,ADJ,1,0,0
rear,NOUN,1,0,0
rind,NOUN,1,0,0
Rolls,PROPN,1,0,1
Royces,PROPN,1,0,1
Hispano,PROPN,1,0,1
Suizas,PROPN,1,0,1
pen,NOUN,1,0,0
pusher,NOUN,1,0,0
wheeling,NOUN,1,0,0
pram,NOUN,1,0,0
mowing,NOUN,1,0,0
chug,VERB,1,0,0
Austin,PROPN,1,0,1
Sevens,PROPN,1,0,1
saver,NOUN,1,0,0
nosey,NOUN,1,0,0
Parkers,PROPN,1,0,1
rule,VERB,1,0,0
Secretary,PROPN,1,0,1
Scotland,PROPN,1,0,1
Yard,PROPN,1,0,1
League,PROPN,1,0,1
Beaverbrook,PROPN,1,0,1
tandem,NOUN,1,0,0
bench,NOUN,1,0,0
Bishops,PROPN,1,0,1
Mussolini,PROPN,1,0,1
Pope,PROPN,1,0,1
peep,NOUN,1,0,0
dwindle,VERB,1,0,0
IV,PROPN,1,0,1
steep,ADJ,1,0,0
accurate,ADJ,1,0,0
lichen,PROPN,1,0,1
tarmac,NOUN,1,0,0
macadam,NOUN,1,0,0
bumpy,ADJ,1,0,0
hedgerow,NOUN,1,0,0
eave,NOUN,1,0,0
pergola,NOUN,1,0,0
dot,VERB,1,0,0
entrance,NOUN,1,0,0
kennel,NOUN,1,0,0
PEDIGREE,PROPN,1,0,1
sealyham,VERB,1,0,0
pups,NOUN,1,0,0
DOGS,PROPN,1,0,1
BOARDED,PROPN,1,0,1
anemone,NOUN,1,0,0
declutch,VERB,1,0,0
trod,NOUN,1,0,0
i,NOUN,1,1,0
demolish,VERB,1,0,0
manufacturing,NOUN,1,0,0
Gosh,PROPN,1,0,1
chief,NOUN,1,0,0
tower,NOUN,1,0,0
brand,NOUN,1,0,0
flow,VERB,1,0,0
guess,NOUN,1,0,0
concrete,NOUN,1,0,0
seemingly,ADV,1,0,0
clutch,NOUN,1,0,0
lych,NOUN,1,0,0
unhomelike,NOUN,1,0,0
rough,ADJ,1,0,0
sod,NOUN,1,0,0
angel,NOUN,1,0,0
Blackett,PROPN,1,0,1
plumb,NOUN,1,0,0
vault,NOUN,1,0,0
seal,VERB,1,0,0
queer,ADV,1,0,0
Rodgers,PROPN,1,0,1
grubby,ADJ,1,0,0
scrap,NOUN,1,0,0
larkspur,NOUN,1,0,0
snotty,ADJ,1,0,0
crowd,VERB,1,0,0
adjust,NOUN,1,0,0
halt,VERB,1,0,0
annihilate,VERB,1,0,0
hereabouts,ADJ,1,0,0
dingy,ADJ,1,0,0
Beg,PROPN,1,0,1
pardon,PROPN,1,0,1
spade,NOUN,1,0,0
south,NOUN,1,0,0
distressed,ADJ,1,0,0
area,NOUN,1,0,0
Lessee,PROPN,1,0,1
ole,ADJ,1,0,0
Miles,PROPN,1,0,1
cinemas,PROPN,1,0,1
bronze,NOUN,1,0,0
memorial,NOUN,1,0,0
newness,NOUN,1,0,0
balloon,NOUN,1,0,0
Hayes,PROPN,1,0,1
Slough,PROPN,1,0,1
chilliness,NOUN,1,0,0
Todd,PROPN,1,0,1
dormer,ADJ,1,0,0
apparently,ADV,1,0,0
extent,NOUN,1,0,0
riverside,NOUN,1,0,0
crude,ADJ,1,0,0
signature,NOUN,1,0,0
artistic,ADV,1,0,0
pansy,NOUN,1,0,0
cobbled,ADJ,1,0,0
enlarge,VERB,1,0,0
concrete,VERB,1,0,0
had,VERB,1,1,0
stab,NOUN,1,0,0
ichabod,ADJ,1,0,0
trilby,PROPN,1,0,1
sunny,ADJ,1,0,0
consequential,ADJ,1,0,0
lamb,PROPN,1,0,1
treat,NOUN,1,0,0
ninety,NUM,1,0,0
Stilton,PROPN,1,0,1
hunt,VERB,1,0,0
hanging,NOUN,1,0,0
dimly,ADV,1,0,0
hollow,VERB,1,0,0
flag,NOUN,1,0,0
frizzed,ADJ,1,0,0
pause,VERB,1,0,0
painful,ADJ,1,0,0
bowling,NOUN,1,0,0
a,NOUN,1,1,0
W,PROPN,1,0,1
response,NOUN,1,0,0
register,VERB,1,0,0
bronzy,NOUN,1,0,0
Tel,PROPN,1,0,1
el,PROPN,1,0,1
Kebir,PROPN,1,0,1
medieval,ADJ,1,0,0
inglenook,NOUN,1,0,0
panelling,NOUN,1,0,0
waiter,NOUN,1,0,0
lamb,NOUN,1,0,0
belch,VERB,1,0,0
lunch,VERB,1,0,0
plan,NOUN,1,0,0
hobnail,NOUN,1,0,0
grate,VERB,1,0,0
dumple,VERB,1,0,0
expensiveness,NOUN,1,0,0
blot,VERB,1,0,0
motorcar,NOUN,1,0,0
medieval,NOUN,1,0,0
top,VERB,1,0,0
scrape,VERB,1,0,0
almondy,NOUN,1,0,0
WENDY,PROPN,1,0,1
TEASHOP,PROPN,1,0,1
MORNING,PROPN,1,0,1
COFFEE,PROPN,1,0,1
HOME,PROPN,1,0,1
cakes,NOUN,1,0,0
walnut,NOUN,1,0,0
pave,VERB,1,0,0
rustic,ADJ,1,0,0
hydrangea,NOUN,1,0,0
antique,ADJ,1,0,0
chandelier,NOUN,1,0,0
arty,PROPN,1,0,1
antiqueness,NOUN,1,0,0
simultaneously,ADV,1,0,0
frigid,ADJ,1,0,0
chat,NOUN,1,0,0
Corn,PROPN,1,0,1
Seed,PROPN,1,0,1
Merchant,PROPN,1,0,1
brim,NOUN,1,0,0
scythe,VERB,1,0,0
folk,NOUN,1,0,0
gravitt,VERB,1,0,0
depart,VERB,1,0,0
veal,NOUN,1,0,0
ham,NOUN,1,0,0
rail,VERB,1,0,0
batch,NOUN,1,0,0
coachman,NOUN,1,0,0
aunt,NOUN,1,0,0
level,VERB,1,0,0
bedstead,NOUN,1,0,0
moustache,PROPN,1,0,1
underground,ADJ,1,0,0
cease,VERB,1,0,0
sweetish,NOUN,1,0,0
sihon,NOUN,1,0,0
worn,ADJ,1,0,0
epitaph,NOUN,1,0,0
readable,ADJ,1,0,0
pattern,NOUN,1,0,0
sermon,PROPN,1,0,1
fon,VERB,1,0,0
Gent,PROPN,1,0,1
parif,PROPN,1,0,1
h,PROPN,1,0,1
juft,PROPN,1,0,1
upright,PROPN,1,0,1
manifold,ADJ,1,0,0
bene,NOUN,1,0,0
volence,NOUN,1,0,0
diligent,NOUN,1,0,0
beloved,ADJ,1,0,0
Amelia,PROPN,1,0,1
iffue,PROPN,1,0,1
feven,VERB,1,0,0
S,PROPN,1,0,1
used,ADJ,1,1,0
pronounce,VERB,1,0,0
s,NOUN,1,0,0
F,PROPN,1,0,1
cassock,NOUN,1,0,0
vicar,ADJ,1,0,0
thereabout,NOUN,1,0,0
tripper,NOUN,1,0,0
sightseeing,NOUN,1,0,0
architecture,NOUN,1,0,0
remarkable,ADJ,1,0,0
foundation,NOUN,1,0,0
Saxon,PROPN,1,0,1
doddering,ADJ,1,0,0
Norman,PROPN,1,0,1
vestry,NOUN,1,0,0
effigy,NOUN,1,0,0
Roderick,PROPN,1,0,1
Bone,PROPN,1,0,1
Battle,PROPN,1,0,1
Newbury,PROPN,1,0,1
whip,VERB,1,0,0
gallery,NOUN,1,0,0
sermon,NOUN,1,0,0
lily,NOUN,1,0,0
mumble,ADJ,1,0,0
decently,ADV,1,0,0
Expenses,PROPN,1,0,1
frightened,VERB,1,0,0
streaky,ADJ,1,0,0
wreck,NOUN,1,0,0
dodderer,NOUN,1,0,0
healthy,ADJ,1,0,0
churchyard,ADJ,1,0,0
momentary,ADJ,1,0,0
hostile,ADJ,1,0,0
remote,ADJ,1,0,0
Sporting,PROPN,1,0,1
Dramatic,PROPN,1,0,1
toniest,NOUN,1,0,0
second,ADV,1,0,0
hopelessly,ADV,1,0,0
dye,VERB,1,0,0
hockey,NOUN,1,0,0
chalky,ADJ,1,0,0
gorn,VERB,1,0,0
ere,ADJ,1,0,0
friendly,ADJ,1,0,0
fivish,NOUN,1,0,0
compartment,NOUN,1,0,0
sepulchral,ADJ,1,0,0
dessay,VERB,1,0,0
Stockings,PROPN,1,0,1
combine,VERB,1,0,0
military,ADJ,1,0,0
aerodrome,NOUN,1,0,0
reckon,VERB,1,0,0
creep,NOUN,1,0,0
Warden,PROPN,1,0,1
shelter,NOUN,1,0,0
Town,PROPN,1,0,1
subject,NOUN,1,0,0
saucy,NOUN,1,0,0
suck,NOUN,1,0,0
sulphurous,ADJ,1,0,0
thermite,NOUN,1,0,0
Ouse,PROPN,1,0,1
Memorial,PROPN,1,0,1
sanatorium,NOUN,1,0,0
reely,ADV,1,0,0
Mental,PROPN,1,0,1
creak,VERB,1,0,0
slant,VERB,1,0,0
clerkly,ADV,1,0,0
dispatch,NOUN,1,0,0
Tube,PROPN,1,0,1
schoolkid,NOUN,1,0,0
straggle,VERB,1,0,0
three,NOUN,1,0,0
crasher,NOUN,1,0,0
I,PROPN,1,1,1
haddock,NOUN,1,0,0
grill,VERB,1,0,0
kidney,NOUN,1,0,0
toast,NOUN,1,0,0
breakfast,VERB,1,0,0
haunt,VERB,1,0,0
magic,NOUN,1,0,0
column,NOUN,1,0,0
quite,ADJ,1,1,0
military,NOUN,1,0,0
alongside,ADV,1,0,0
briton,NOUN,1,0,0
prepare,VERB,1,0,0
doorstep,NOUN,1,0,0
Kind,PROPN,1,0,1
kippered,ADJ,1,0,0
Girl,PROPN,1,0,1
Guide,PROPN,1,0,1
detachment,NOUN,1,0,0
hostel,NOUN,1,0,0
whatnot,ADV,1,0,0
Sam,PROPN,1,0,1
Browne,PROPN,1,0,1
Monica,PROPN,1,0,1
rear,ADJ,1,0,0
dunno,VERB,1,0,0
shower,NOUN,1,0,0
queerer,NOUN,1,0,0
hallucination,NOUN,1,0,0
wavy,ADJ,1,0,0
waterweed,NOUN,1,0,0
cuttlefish,PROPN,1,0,1
Cumberledge,PROPN,1,0,1
volcanic,ADJ,1,0,0
eruption,NOUN,1,0,0
cube,NOUN,1,0,0
asphalt,NOUN,1,0,0
makeshift,ADJ,1,0,0
thistle,NOUN,1,0,0
centre,NOUN,1,0,0
Lillywhite,PROPN,1,0,1
bricke,VERB,1,0,0
International,PROPN,1,0,1
skinflint,NOUN,1,0,0
going,NOUN,1,0,0
dimension,NOUN,1,0,0
drug,NOUN,1,0,0
ironmongery,NOUN,1,0,0
groan,VERB,1,0,0
obliterate,VERB,1,0,0
dearer,NOUN,1,0,0
shopman,NOUN,1,0,0
mince,VERB,1,0,0
debate,VERB,1,0,0
parallel,ADJ,1,0,0
bungalow,NOUN,1,0,0
spring,VERB,1,0,0
bend,NOUN,1,0,0
lock,NOUN,1,0,0
bargeman,NOUN,1,0,0
mooch,VERB,1,0,0
heron,NOUN,1,0,0
cram,VERB,1,0,0
rowing,NOUN,1,0,0
punt,NOUN,1,0,0
launch,NOUN,1,0,0
aboard,ADV,1,0,0
wash,NOUN,1,0,0
choppy,ADJ,1,0,0
creation,NOUN,1,0,0
luminous,ADJ,1,0,0
cruising,NOUN,1,0,0
alien,NOUN,1,0,0
lark,VERB,1,0,0
bottom,VERB,1,0,0
Navy,PROPN,1,0,1
please,NOUN,1,1,0
ME,PROPN,1,1,1
clicking,NOUN,1,0,0
typewritten,ADJ,1,0,0
possessor,NOUN,1,0,0
gift,NOUN,1,0,0
excessive,ADJ,1,0,0
modesty,NOUN,1,0,0
reward,NOUN,1,0,0
underrate,VERB,1,0,0
ability,NOUN,1,0,0
affectionate,VERB,1,0,0
loyal,ADJ,1,0,0
attractive,ADJ,1,0,0
fault,NOUN,1,0,0
generosity,NOUN,1,0,0
Persevere,PROPN,1,0,1
precaution,NOUN,1,0,0
cautiously,ADV,1,0,0
examine,VERB,1,0,0
tallish,ADJ,1,0,0
fattish,ADJ,1,0,0
slut,NOUN,1,0,0
postcard,NOUN,1,0,0
decorator,NOUN,1,0,0
fitting,NOUN,1,0,0
elsie,NOUN,1,0,0
swam,VERB,1,0,0
ballstop,NOUN,1,0,0
porcelain,NOUN,1,0,0
exercise,VERB,1,0,0
scientific,ADJ,1,0,0
frightening,ADJ,1,0,0
milky,ADJ,1,0,0
shamble,VERB,1,0,0
twisted,ADJ,1,0,0
shapeless,ADJ,1,0,0
Confectioner,PROPN,1,0,1
Tobacconist,PROPN,1,0,1
mangy,ADJ,1,0,0
flyblown,NOUN,1,0,0
rack,NOUN,1,0,0
underhung,ADJ,1,0,0
pouch,NOUN,1,0,0
uninteresting,NOUN,1,0,0
likeliest,NOUN,1,0,0
devene,VERB,1,0,0
listless,ADJ,1,0,0
flatly,ADV,1,0,0
lemme,PROPN,1,0,1
see,PROPN,1,1,1
cardboard,NOUN,1,0,0
Amber,PROPN,1,0,1
orge,NOUN,1,0,0
ur,VERB,1,0,0
orge,ADV,1,0,0
ju,PROPN,1,0,1
stoutish,ADJ,1,0,0
soupstrainer,ADJ,1,0,0
interrupt,VERB,1,0,0
poke,VERB,1,0,0
search,NOUN,1,0,0
accumulate,VERB,1,0,0
poking,NOUN,1,0,0
shuffle,VERB,1,0,0
desolate,ADJ,1,0,0
conceive,VERB,1,0,0
many,DET,1,1,0
mangle,NOUN,1,0,0
muddle,VERB,1,0,0
moustache,VERB,1,0,0
respect,VERB,1,0,0
lamented,ADJ,1,0,0
court,NOUN,1,0,0
amber,PROPN,1,0,1
vulcanite,ADJ,1,0,0
ere,PROPN,1,0,1
alf,VERB,1,0,0
fuss,VERB,1,0,0
fourth,ADJ,1,0,0
sulky,ADJ,1,0,0
damn,ADV,1,0,0
Staffordshire,PROPN,1,0,1
Guinness,PROPN,1,0,1
both,ADV,1,1,0
taxi,NOUN,1,0,0
continuously,ADV,1,0,0
fro,NOUN,1,0,0
conquering,NOUN,1,0,0
ruin,NOUN,1,0,0
gravy,NOUN,1,0,0
picturesqueness,NOUN,1,0,0
sham,PROPN,1,0,1
countrifie,VERB,1,0,0
dish,NOUN,1,0,0
sick,NOUN,1,0,0
antique,NOUN,1,0,0
playing,NOUN,1,0,0
cruise,VERB,1,0,0
oak,VERB,1,0,0
undergrowth,NOUN,1,0,0
penetrate,VERB,1,0,0
Queerer,PROPN,1,0,1
detour,NOUN,1,0,0
rustle,VERB,1,0,0
spike,NOUN,1,0,0
Gravel,PROPN,1,0,1
lawn,NOUN,1,0,0
aimless,ADV,1,0,0
extraordinarily,ADV,1,0,0
Round,PROPN,1,0,1
Pond,PROPN,1,0,1
Kensington,PROPN,1,0,1
Gardens,PROPN,1,0,1
UPPER,PROPN,1,0,1
BINFIELD,PROPN,1,0,1
MODEL,PROPN,1,0,1
YACHT,PROPN,1,0,1
CLUB,PROPN,1,0,1
tropical,ADJ,1,0,0
sham,ADJ,1,0,0
swarm,NOUN,1,0,0
oldish,ADJ,1,0,0
tuft,NOUN,1,0,0
sunburnt,ADJ,1,0,0
short,NOUN,1,0,0
sandal,NOUN,1,0,0
celanese,ADJ,1,0,0
twinkled,ADJ,1,0,0
health,NOUN,1,0,0
scout,NOUN,1,0,0
grown,ADJ,1,0,0
pride,VERB,1,0,0
hee,NOUN,1,0,0
design,VERB,1,0,0
midst,NOUN,1,0,0
satanic,ADJ,1,0,0
chuckle,NOUN,1,0,0
Elizabethan,PROPN,1,0,1
nudist,ADJ,1,0,0
determined,ADJ,1,0,0
enrich,VERB,1,0,0
defile,VERB,1,0,0
Garden,PROPN,1,0,1
Cities,PROPN,1,0,1
Woodland,PROPN,1,0,1
City,PROPN,1,0,1
primeval,NOUN,1,0,0
amid,ADP,1,0,0
surrounding,NOUN,1,0,0
enlighten,VERB,1,0,0
vegetarian,NOUN,1,0,0
eminent,ADJ,1,0,0
Helena,PROPN,1,0,1
Thurloe,PROPN,1,0,1
novelist,NOUN,1,0,0
Professor,PROPN,1,0,1
Woad,PROPN,1,0,1
psychic,ADJ,1,0,0
research,NOUN,1,0,0
mealtime,NOUN,1,0,0
wee,ADJ,1,0,0
convincing,ADJ,1,0,0
sane,ADJ,1,0,0
fashion,NOUN,1,0,0
vegetarianism,NOUN,1,0,0
worship,NOUN,1,0,0
dew,NOUN,1,0,0
buttress,NOUN,1,0,0
buttress,VERB,1,0,0
rock,NOUN,1,0,0
elve,VERB,1,0,0
florist,NOUN,1,0,0
spook,NOUN,1,0,0
hunter,NOUN,1,0,0
lifer,NOUN,1,0,0
crazy,ADJ,1,0,0
grenade,NOUN,1,0,0
damp,VERB,1,0,0
lunatic,ADJ,1,0,0
pit,NOUN,1,0,0
uneasy,ADJ,1,0,0
primitive,ADJ,1,0,0
inconvenience,NOUN,1,0,0
satisfactory,ADJ,1,0,0
dispose,VERB,1,0,0
hid,VERB,1,0,0
mosquito,NOUN,1,0,0
sacrosanct,ADJ,1,0,0
roguish,ADJ,1,0,0
bust,VERB,1,0,0
gnome,NOUN,1,0,0
pixy,NOUN,1,0,0
Sentimental,PROPN,1,0,1
depend,VERB,1,0,0
pox,NOUN,1,0,0
revisit,VERB,1,0,0
stratosphere,NOUN,1,0,0
indeed,ADV,1,1,0
wireless,NOUN,1,0,0
broadcast,NOUN,1,0,0
plummy,ADJ,1,0,0
Will,PROPN,1,1,1
Percival,PROPN,1,0,1
Chute,PROPN,1,0,1
eyelash,NOUN,1,0,0
pause,NOUN,1,0,0
landlord,NOUN,1,0,0
register,NOUN,1,0,0
drunk,VERB,1,0,0
bearing,NOUN,1,0,0
situation,NOUN,1,0,0
flu,NOUN,1,0,0
assume,VERB,1,0,0
Bradshaw,PROPN,1,0,1
map,NOUN,1,0,0
unfortunately,ADV,1,0,0
hymn,NOUN,1,0,0
amuse,VERB,1,0,0
ingenious,ADJ,1,0,0
procedure,NOUN,1,0,0
certificate,NOUN,1,0,0
admire,VERB,1,0,0
condition,VERB,1,0,0
reflex,NOUN,1,0,0
dignified,ADJ,1,0,0
prompt,ADJ,1,0,0
BOOM,PROPN,1,0,1
BRRRRR,PROPN,1,0,1
melt,NOUN,1,0,0
crash,NOUN,1,0,0
freeze,VERB,1,0,0
toe,NOUN,1,0,0
projectile,NOUN,1,0,0
clang,NOUN,1,0,0
scream,NOUN,1,0,0
jammed,ADJ,1,0,0
skid,VERB,1,0,0
diagonally,ADV,1,0,0
shrieking,NOUN,1,0,0
dither,VERB,1,0,0
haze,NOUN,1,0,0
schoolchildren,NOUN,1,0,0
calm,VERB,1,0,0
flock,VERB,1,0,0
lever,NOUN,1,0,0
tick,VERB,1,0,0
lynch,VERB,1,0,0
spy,NOUN,1,0,0
murmur,VERB,1,0,0
awed,ADJ,1,0,0
ambulance,NOUN,1,0,0
collect,VERB,1,0,0
damaged,ADJ,1,0,0
upstairs,ADJ,1,0,0
drawer,NOUN,1,0,0
bedroom,VERB,1,0,0
force,NOUN,1,0,0
varnish,VERB,1,0,0
scullery,NOUN,1,0,0
Wood,PROPN,1,0,1
Milne,PROPN,1,0,1
discuss,VERB,1,0,0
shudder,NOUN,1,0,0
jump,NOUN,1,0,0
Ministry,PROPN,1,0,1
inspect,VERB,1,0,0
report,NOUN,1,0,0
disappointing,ADJ,1,0,0
burial,NOUN,1,0,0
freely,ADV,1,0,0
drain,NOUN,1,0,0
explode,VERB,1,0,0
Disgusting,PROPN,1,0,1
eastward,ADV,1,0,0
throb,NOUN,1,0,0
rhythm,NOUN,1,0,0
perspective,NOUN,1,0,0
doubtful,ADJ,1,0,0
finished,NOUN,1,0,0
tuck,VERB,1,0,0
lest,ADP,1,0,0
Royal,PROPN,1,0,1
charter,VERB,1,0,0
accountant,NOUN,1,0,0
plaster,VERB,1,0,0
stay,NOUN,1,0,0
escape,NOUN,1,0,0
hot,NOUN,1,0,0
prophecy,NOUN,1,0,0
reassure,VERB,1,0,0
hall,PROPN,1,0,1
Southall,PROPN,1,0,1
tenement,NOUN,1,0,0
privateness,NOUN,1,0,0
John,PROPN,1,0,1
coupon,NOUN,1,0,0
Williams,PROPN,1,0,1
Illusion,PROPN,1,0,1
Baloney,PROPN,1,0,1
recover,VERB,1,0,0
pang,NOUN,1,0,0
familiar,ADJ,1,0,0
silence,NOUN,1,0,0
cart,VERB,1,0,0
stair,NOUN,1,0,0
landing,NOUN,1,0,0
banister,NOUN,1,0,0
present,VERB,1,0,0
Dry,PROPN,1,0,1
mackintoshy,ADJ,1,0,0
bedrock,NOUN,1,0,0
weasel,NOUN,1,0,0
depress,VERB,1,0,0
say,NOUN,1,1,0
genuinely,ADV,1,0,0
score,NOUN,1,0,0
directory,NOUN,1,0,0
watchful,ADJ,1,0,0
National,PROPN,1,0,1
Broadcast,PROPN,1,0,1
need,NOUN,1,0,0
Bedford,PROPN,1,0,1
map,VERB,1,0,0
vinegar,NOUN,1,0,0
evidence,NOUN,1,0,0
Dear,PROPN,1,0,1
Madam,PROPN,1,0,1
reference,NOUN,1,0,0
inst,NOUN,1,0,0
convert,VERB,1,0,0
description,NOUN,1,0,0
flash,NOUN,1,0,0
brazen,VERB,1,0,0
lid,NOUN,1,0,0
cop,NOUN,1,0,0
lighting,NOUN,1,0,0
fin,VERB,1,0,0
doom,NOUN,1,0,0
conclusion,NOUN,1,0,0
letting,NOUN,1,0,0
white,NOUN,1,0,0
sulking,ADJ,1,0,0
catty,ADJ,1,0,0
squalor,NOUN,1,0,0
conceivable,ADJ,1,0,0
motif,NOUN,1,0,0
loom,VERB,1,0,0
injure,VERB,1,0,0
innocence,NOUN,1,0,0
resistance,NOUN,1,0,0
possibility,NOUN,1,0,0
END,PROPN,1,0,1
