lemma,pos,count,is_stopword,is_proper_noun
the,DET,3735,1,0
be,AUX,2855,1,0
a,DET,2409,1,0
and,CCONJ,2271,1,0
of,ADP,1584,1,0
i,PRON,1423,1,0
in,ADP,1174,1,0
he,PRON,1145,1,0
to,PART,1001,1,0
it,PRON,992,1,0
have,AUX,986,1,0
for,ADP,703,1,0
you,PRON,577,1,0
to,ADP,552,1,0
we,PRON,520,1,0
at,ADP,514,1,0
they,PRON,499,1,0
on,ADP,482,1,0
that,SCONJ,480,1,0
with,ADP,462,1,0
not,PART,435,1,0
his,PRON,409,1,0
but,CCONJ,368,1,0
as,ADP,349,1,0
do,AUX,347,1,0
go,VERB,297,1,0
my,PRON,289,1,0
say,VERB,288,1,0
an,DET,274,1,0
man,NOUN,273,0,0
one,NUM,272,1,0
there,PRON,266,1,0
day,NOUN,254,0,0
from,ADP,236,1,0
this,DET,236,1,0
get,VERB,233,1,0
or,CCONJ,228,1,0
out,ADP,227,1,0
by,ADP,220,1,0
when,SCONJ,218,1,0
up,ADP,215,1,0
would,AUX,211,1,0
all,DET,208,1,0
who,PRON,194,1,0
two,NUM,192,1,0
what,PRON,185,1,0
come,VERB,182,0,0
that,DET,180,1,0
franc,NOUN,177,0,0
could,AUX,174,1,0
like,ADP,163,0,0
make,VERB,163,1,0
she,PRON,161,1,0
tramp,NOUN,156,0,0
then,ADV,152,1,0
some,DET,152,1,0
see,VERB,152,1,0
no,DET,151,1,0
about,ADP,151,1,0
take,VERB,146,1,0
if,SCONJ,144,1,0
time,NOUN,143,0,0
work,NOUN,143,0,0
into,ADP,142,1,0
which,DET,142,1,0
so,ADV,137,1,0
Boris,PROPN,134,0,1
look,VERB,132,0,0
can,AUX,128,1,0
only,ADV,124,1,0
their,PRON,121,1,0
five,NUM,118,1,0
think,VERB,117,0,0
give,VERB,116,1,0
our,PRON,116,1,0
hour,NOUN,115,0,0
than,ADP,112,1,0
know,VERB,112,0,0
down,ADP,109,1,0
that,PRON,107,1,0
thing,NOUN,106,0,0
money,NOUN,106,0,0
work,VERB,104,0,0
good,ADJ,103,0,0
hotel,NOUN,102,0,0
very,ADV,102,1,0
night,NOUN,100,0,0
after,ADP,99,1,0
even,ADV,97,1,0
bed,NOUN,96,0,0
people,NOUN,95,0,0
tell,VERB,94,0,0
one,PRON,94,1,0
waiter,NOUN,94,0,0
bad,ADJ,93,0,0
woman,NOUN,89,0,0
food,NOUN,88,0,0
room,NOUN,87,0,0
hundred,NUM,87,1,0
will,AUX,86,1,0
any,DET,85,1,0
life,NOUN,85,0,0
never,ADV,85,1,0
other,ADJ,84,1,0
old,ADJ,84,0,0
pay,VERB,82,0,0
find,VERB,80,0,0
way,NOUN,79,0,0
nothing,PRON,77,1,0
morning,NOUN,76,0,0
use,VERB,76,1,0
too,ADV,76,1,0
week,NOUN,76,0,0
your,PRON,76,1,0
three,NUM,75,1,0
house,NOUN,71,0,0
job,NOUN,71,0,0
there,ADV,70,1,0
call,VERB,70,1,0
few,ADJ,70,1,0
once,ADV,70,1,0
patron,NOUN,70,0,0
seem,VERB,69,1,0
where,SCONJ,68,1,0
put,VERB,68,1,0
keep,VERB,67,1,0
more,ADJ,67,1,0
bread,NOUN,67,0,0
how,SCONJ,66,1,0
word,NOUN,66,0,0
leave,VERB,66,0,0
ten,NUM,65,1,0
without,ADP,65,1,0
another,DET,65,1,0
off,ADP,65,1,0
restaurant,NOUN,65,0,0
though,SCONJ,64,1,0
as,ADV,64,1,0
sleep,VERB,63,0,0
because,SCONJ,62,1,0
back,ADV,62,1,0
must,AUX,61,1,0
street,NOUN,60,0,0
her,PRON,60,1,0
these,DET,60,1,0
Paris,PROPN,59,0,1
sit,VERB,59,0,0
twenty,NUM,59,1,0
six,NUM,58,1,0
clothe,NOUN,58,0,0
now,ADV,58,1,0
over,ADP,57,1,0
do,VERB,57,1,0
floor,NOUN,56,0,0
four,NUM,56,1,0
talk,VERB,56,0,0
kitchen,NOUN,56,0,0
something,PRON,55,1,0
face,NOUN,55,0,0
before,ADP,55,1,0
away,ADV,55,0,0
every,DET,54,1,0
year,NOUN,54,0,0
again,ADV,53,1,0
same,ADJ,53,1,0
tea,NOUN,53,0,0
till,SCONJ,52,0,0
ask,VERB,52,0,0
quite,ADV,52,1,0
still,ADV,51,1,0
more,ADV,51,1,0
should,AUX,51,1,0
stand,VERB,51,0,0
begin,VERB,51,0,0
spike,NOUN,51,0,0
Paddy,PROPN,51,0,1
just,ADV,50,1,0
fifty,NUM,50,1,0
London,PROPN,49,0,1
month,NOUN,49,0,0
little,ADJ,48,0,0
live,VERB,48,0,0
place,NOUN,48,0,0
sometimes,ADV,48,1,0
between,ADP,48,1,0
hear,VERB,48,0,0
cook,NOUN,48,0,0
try,VERB,47,0,0
all,ADV,47,1,0
hand,NOUN,47,0,0
well,ADV,47,1,0
foot,NOUN,46,0,0
want,VERB,46,0,0
pound,NOUN,46,0,0
buy,VERB,45,0,0
door,NOUN,45,0,0
great,ADJ,45,0,0
here,ADV,45,1,0
last,ADJ,45,1,0
turn,VERB,44,0,0
himself,PRON,44,1,0
head,NOUN,44,0,0
first,ADJ,44,1,0
mean,VERB,44,0,0
about,ADV,43,1,0
each,DET,43,1,0
meal,NOUN,43,0,0
girl,NOUN,42,0,0
feel,VERB,42,0,0
plongeur,NOUN,42,0,0
half,DET,41,0,0
one,NOUN,41,1,0
walk,VERB,41,0,0
anything,PRON,41,1,0
except,SCONJ,40,1,0
might,AUX,40,1,0
open,VERB,39,0,0
well,INTJ,39,1,0
through,ADP,38,1,0
quarter,NOUN,38,0,0
sell,VERB,38,0,0
spend,VERB,38,0,0
end,NOUN,38,0,0
lodging,NOUN,38,0,0
eat,VERB,38,0,0
long,ADJ,37,0,0
fall,VERB,37,0,0
always,ADV,36,1,0
table,NOUN,36,0,0
almost,ADV,36,1,0
much,ADV,36,1,0
wait,VERB,36,0,0
set,VERB,36,0,0
Bozo,PROPN,36,0,1
next,ADJ,35,1,0
poor,ADJ,35,0,0
russian,ADJ,35,0,0
course,NOUN,35,0,0
ever,ADV,35,1,0
wear,VERB,35,0,0
eight,NUM,35,1,0
seven,NUM,34,0,0
dirty,ADJ,34,0,0
its,PRON,34,1,0
under,ADP,34,1,0
Jew,PROPN,34,0,1
most,ADJ,34,1,0
together,ADV,33,1,0
speak,VERB,33,0,0
idea,NOUN,33,0,0
mon,PROPN,33,0,1
everyone,PRON,32,1,0
run,VERB,32,0,0
customer,NOUN,32,0,0
steal,VERB,32,0,0
throw,VERB,31,0,0
minute,NOUN,31,0,0
stop,VERB,31,0,0
manage,VERB,31,0,0
such,ADJ,31,1,0
perhaps,ADV,31,1,0
kind,NOUN,31,0,0
remember,VERB,31,0,0
why,SCONJ,30,1,0
Hôtel,PROPN,30,0,1
free,ADJ,30,0,0
moment,NOUN,30,0,0
wash,VERB,30,0,0
etc,X,29,0,0
friend,NOUN,29,0,0
service,NOUN,29,0,0
England,PROPN,29,0,1
pavement,NOUN,28,0,0
shilling,NOUN,28,0,0
small,ADJ,28,0,0
thirty,NUM,28,0,0
rather,ADV,28,1,0
thousand,NUM,28,0,0
send,VERB,28,0,0
coffee,NOUN,28,0,0
water,NOUN,28,0,0
hard,ADJ,28,0,0
bistro,NOUN,27,0,0
cut,VERB,27,0,0
earn,VERB,27,0,0
lie,VERB,27,0,0
let,VERB,27,0,0
different,ADJ,27,0,0
poverty,NOUN,27,0,0
lose,VERB,27,0,0
coat,NOUN,27,0,0
cigarette,NOUN,27,0,0
de,PROPN,27,0,1
later,ADV,26,0,0
wall,NOUN,26,0,0
hungry,ADJ,26,0,0
so,SCONJ,26,1,0
twelve,NUM,26,1,0
grow,VERB,26,0,0
far,ADV,26,1,0
red,ADJ,26,0,0
piece,NOUN,26,0,0
drink,NOUN,26,0,0
tobacco,NOUN,26,0,0
beggar,NOUN,26,0,0
down,ADV,25,1,0
many,ADJ,25,1,0
paper,NOUN,25,0,0
sort,NOUN,25,0,0
instance,NOUN,25,0,0
wine,NOUN,25,0,0
short,ADJ,25,0,0
against,ADP,25,1,0
among,ADP,25,1,0
several,ADJ,25,1,0
much,ADJ,25,1,0
out,ADV,25,1,0
other,NOUN,25,1,0
also,ADV,25,1,0
those,DET,25,1,0
trouble,NOUN,25,0,0
break,VERB,25,0,0
well,ADJ,25,1,0
casual,ADJ,25,0,0
lodger,NOUN,24,0,0
eh,INTJ,24,0,0
have,VERB,24,0,0
while,SCONJ,24,1,0
save,VERB,24,0,0
evening,NOUN,24,0,0
long,ADV,24,0,0
ah,INTJ,24,0,0
bottle,NOUN,24,0,0
stone,NOUN,24,0,0
large,ADJ,24,0,0
everything,PRON,24,1,0
show,VERB,24,1,0
however,ADV,24,1,0
shop,NOUN,24,0,0
ward,NOUN,24,0,0
bring,VERB,24,0,0
cell,NOUN,24,0,0
dark,ADJ,23,0,0
during,ADP,23,1,0
myself,PRON,23,1,0
pocket,NOUN,23,0,0
story,NOUN,23,0,0
own,ADJ,23,1,0
become,VERB,23,1,0
arrive,VERB,23,0,0
suppose,VERB,23,0,0
shall,AUX,23,0,0
need,VERB,23,0,0
milk,NOUN,23,0,0
hot,ADJ,23,0,0
fire,NOUN,23,0,0
workhouse,NOUN,23,0,0
window,NOUN,22,0,0
whole,ADJ,22,1,0
at,ADV,22,1,0
drunk,ADJ,22,0,0
centime,NOUN,22,0,0
soon,ADV,22,0,0
simply,ADV,22,0,0
drink,VERB,22,0,0
corner,NOUN,22,0,0
eye,NOUN,22,0,0
write,VERB,22,0,0
young,ADJ,22,0,0
believe,VERB,22,0,0
serve,VERB,22,0,0
read,VERB,22,0,0
office,NOUN,22,0,0
pass,VERB,22,0,0
charge,NOUN,22,0,0
road,NOUN,22,0,0
else,ADV,21,1,0
dress,VERB,21,0,0
starve,VERB,21,0,0
answer,VERB,21,0,0
dinner,NOUN,21,0,0
waste,VERB,21,0,0
most,ADV,21,1,0
expect,VERB,21,0,0
police,NOUN,21,0,0
enough,ADV,21,1,0
newspaper,NOUN,21,0,0
name,NOUN,21,1,0
case,NOUN,21,0,0
really,ADV,21,1,0
book,NOUN,20,0,0
only,ADJ,20,1,0
yet,ADV,20,1,0
half,NOUN,20,0,0
love,NOUN,20,0,0
Roucolle,PROPN,20,0,1
boy,NOUN,20,0,0
hold,VERB,20,0,0
world,NOUN,20,0,0
worth,ADJ,20,0,0
start,VERB,20,0,0
probably,ADV,20,0,0
instead,ADV,20,0,0
low,ADJ,20,0,0
fact,NOUN,20,0,0
someone,PRON,20,1,0
ami,NOUN,20,0,0
staff,NOUN,20,0,0
Christ,PROPN,20,0,1
appear,VERB,20,0,0
question,NOUN,20,0,0
change,VERB,20,0,0
plate,NOUN,20,0,0
bloody,ADJ,20,0,0
cheap,ADJ,19,0,0
rent,NOUN,19,0,0
stay,VERB,19,0,0
curious,ADJ,19,0,0
luck,NOUN,19,0,0
first,ADV,19,1,0
high,ADJ,19,0,0
back,NOUN,19,1,0
round,ADV,19,0,0
black,ADJ,19,0,0
cry,VERB,19,0,0
cold,ADJ,19,0,0
watch,VERB,19,0,0
penny,NOUN,19,0,0
since,SCONJ,19,1,0
new,ADJ,19,0,0
move,VERB,19,1,0
suddenly,ADV,19,0,0
sleep,NOUN,19,0,0
order,NOUN,19,0,0
anyone,PRON,19,1,0
Embankment,PROPN,19,0,1
de,X,18,0,0
side,NOUN,18,1,0
dirt,NOUN,18,0,0
near,ADP,18,0,0
beyond,ADP,18,1,0
prison,NOUN,18,0,0
reason,NOUN,18,0,0
upon,SCONJ,18,1,0
cellar,NOUN,18,0,0
rich,ADJ,18,0,0
law,NOUN,18,0,0
rate,NOUN,18,0,0
often,ADV,18,1,0
common,ADJ,18,0,0
leg,NOUN,18,0,0
play,VERB,18,0,0
impossible,ADJ,18,0,0
wife,NOUN,18,0,0
picture,NOUN,18,0,0
clean,ADJ,18,0,0
Madame,PROPN,17,0,1
hair,NOUN,17,0,0
bug,NOUN,17,0,0
happen,VERB,17,0,0
usual,ADJ,17,0,0
trade,NOUN,17,0,0
rest,NOUN,17,0,0
half,ADJ,17,0,0
boot,NOUN,17,0,0
fortnight,NOUN,17,0,0
arm,NOUN,17,0,0
meet,VERB,17,0,0
full,ADJ,17,1,0
laugh,VERB,17,0,0
hardly,ADV,17,0,0
potato,NOUN,17,0,0
less,ADJ,17,1,0
lot,NOUN,17,0,0
bench,NOUN,17,0,0
fifteen,NUM,17,1,0
help,VERB,17,0,0
least,ADJ,17,1,0
may,AUX,17,1,0
washing,NOUN,17,0,0
whether,SCONJ,17,1,0
allow,VERB,17,0,0
generally,ADV,17,0,0
X,PROPN,17,0,1
dining,NOUN,17,0,0
yard,NOUN,17,0,0
themselves,PRON,16,1,0
dozen,NOUN,16,0,0
character,NOUN,16,0,0
actually,ADV,16,0,0
glass,NOUN,16,0,0
big,ADJ,16,0,0
home,NOUN,16,0,0
afternoon,NOUN,16,0,0
dead,ADJ,16,0,0
english,ADJ,16,0,0
afterwards,ADV,16,1,0
catch,VERB,16,0,0
overcoat,NOUN,16,0,0
white,ADJ,16,0,0
evidently,ADV,16,0,0
feed,VERB,16,0,0
air,NOUN,16,0,0
seventy,NUM,16,0,0
ticket,NOUN,16,0,0
porter,NOUN,16,0,0
wage,NOUN,16,0,0
dish,NOUN,16,0,0
consider,VERB,16,0,0
ready,ADJ,16,0,0
no,INTJ,16,1,0
society,NOUN,16,0,0
plongeur,PROPN,16,0,1
pot,NOUN,16,0,0
o,NOUN,16,0,0
queer,NOUN,15,0,0
noise,NOUN,15,0,0
like,ADJ,15,0,0
artist,NOUN,15,0,0
refuse,VERB,15,0,0
litre,NOUN,15,0,0
mere,ADJ,15,0,0
part,NOUN,15,1,0
true,ADJ,15,0,0
listen,VERB,15,0,0
passage,NOUN,15,0,0
like,VERB,15,0,0
sight,NOUN,15,0,0
yes,INTJ,15,0,0
second,ADJ,15,0,0
thought,NOUN,15,0,0
certain,ADJ,15,0,0
before,ADV,15,1,0
clerk,NOUN,15,0,0
across,ADP,15,1,0
pawn,VERB,15,0,0
number,NOUN,15,0,0
war,NOUN,15,0,0
Army,PROPN,15,0,1
chance,NOUN,15,0,0
forget,VERB,15,0,0
rule,NOUN,15,0,0
notice,VERB,15,0,0
tin,NOUN,15,0,0
Maria,PROPN,15,0,1
beg,VERB,15,0,0
Tramp,PROPN,15,0,1
Major,PROPN,15,0,1
condition,NOUN,14,0,0
stick,VERB,14,0,0
quarrel,NOUN,14,0,0
du,PROPN,14,0,1
child,NOUN,14,0,0
fight,VERB,14,0,0
ordinary,ADJ,14,0,0
end,VERB,14,0,0
voice,NOUN,14,0,0
die,VERB,14,0,0
experience,NOUN,14,0,0
public,ADJ,14,0,0
Charlie,PROPN,14,0,1
presently,ADV,14,0,0
light,NOUN,14,0,0
English,PROPN,14,0,1
letter,NOUN,14,0,0
sixty,NUM,14,1,0
useless,ADJ,14,0,0
trouser,NOUN,14,0,0
doorway,NOUN,14,0,0
matter,NOUN,14,0,0
produce,VERB,14,0,0
enough,ADJ,14,1,0
nor,CCONJ,14,1,0
past,NOUN,14,0,0
saucepan,NOUN,14,0,0
less,ADV,14,1,0
no,ADV,14,1,0
care,VERB,14,0,0
cafeterie,NOUN,14,0,0
apart,ADV,14,0,0
Sainte,PROPN,14,0,1
Eloïse,PROPN,14,0,1
social,ADJ,14,0,0
cocaine,NOUN,14,0,0
rue,X,13,0,0
open,ADJ,13,0,0
shout,VERB,13,0,0
towards,ADP,13,1,0
forty,NUM,13,1,0
soldier,NOUN,13,0,0
discover,VERB,13,0,0
workman,NOUN,13,0,0
game,NOUN,13,0,0
sense,NOUN,13,0,0
pleasure,NOUN,13,0,0
hurry,VERB,13,0,0
understand,VERB,13,0,0
lead,VERB,13,0,0
candle,NOUN,13,0,0
class,NOUN,13,0,0
merely,ADV,13,0,0
smuggle,VERB,13,0,0
yourself,PRON,13,1,0
up,ADV,13,1,0
belly,NOUN,13,0,0
manner,NOUN,13,0,0
article,NOUN,13,0,0
mind,NOUN,13,0,0
pawnshop,NOUN,13,0,0
Metro,PROPN,13,0,1
manager,NOUN,13,0,0
possibly,ADV,13,0,0
Jesus,PROPN,13,0,1
already,ADV,13,1,0
employee,NOUN,13,0,0
home,ADV,13,0,0
real,ADJ,13,0,0
shoulder,NOUN,13,0,0
search,VERB,13,0,0
fetch,VERB,13,0,0
behind,ADP,13,1,0
fellow,NOUN,13,0,0
slave,NOUN,13,0,0
Auberge,PROPN,13,0,1
sweat,NOUN,13,0,0
comfortable,ADJ,13,0,0
pick,VERB,13,0,0
lodge,VERB,13,0,0
cup,NOUN,13,0,0
shut,VERB,12,0,0
french,ADJ,12,0,0
quite,DET,12,1,0
thin,ADJ,12,0,0
pair,NOUN,12,0,0
packet,NOUN,12,0,0
half,ADV,12,0,0
smell,VERB,12,0,0
midnight,NOUN,12,0,0
dame,NOUN,12,0,0
fill,VERB,12,0,0
explain,VERB,12,0,0
past,ADP,12,0,0
brandy,NOUN,12,0,0
top,NOUN,12,1,0
fine,ADJ,12,0,0
promise,VERB,12,0,0
realize,VERB,12,0,0
besides,SCONJ,12,1,0
soup,NOUN,12,0,0
notice,NOUN,12,0,0
smoke,VERB,12,0,0
suitcase,NOUN,12,0,0
use,NOUN,12,0,0
fat,ADJ,12,0,0
finally,ADV,12,0,0
interesting,ADJ,12,0,0
suggest,VERB,12,0,0
sing,VERB,12,0,0
above,ADP,12,1,0
sheet,NOUN,12,0,0
oh,INTJ,12,0,0
easy,ADJ,12,0,0
be,VERB,12,1,0
effect,NOUN,12,0,0
tired,ADJ,12,0,0
Pole,PROPN,12,0,1
Yvonne,PROPN,12,0,1
secret,ADJ,12,0,0
officer,NOUN,12,0,0
burst,VERB,12,0,0
box,NOUN,12,0,0
imagine,VERB,12,0,0
point,NOUN,12,0,0
bar,NOUN,12,0,0
until,ADP,12,1,0
engage,VERB,12,0,0
strike,VERB,12,0,0
crockery,NOUN,12,0,0
type,NOUN,12,0,0
sack,VERB,12,0,0
prayer,NOUN,12,0,0
sure,ADJ,12,0,0
church,NOUN,12,0,0
colour,NOUN,12,0,0
slice,NOUN,12,0,0
mate,NOUN,12,0,0
charity,NOUN,12,0,0
screever,NOUN,12,0,0
scene,NOUN,11,0,0
policeman,NOUN,11,0,0
cover,VERB,11,0,0
draw,VERB,11,0,0
Englishman,PROPN,11,0,1
carry,VERB,11,0,0
describe,VERB,11,0,0
splendid,ADJ,11,0,0
song,NOUN,11,0,0
whom,PRON,11,1,0
finish,VERB,11,0,0
learn,VERB,11,0,0
smart,ADJ,11,0,0
smoking,NOUN,11,0,0
demand,VERB,11,0,0
bottom,NOUN,11,1,0
huge,ADJ,11,0,0
knee,NOUN,11,0,0
seize,VERB,11,0,0
lie,NOUN,11,0,0
loaf,NOUN,11,0,0
margarine,NOUN,11,0,0
nature,NOUN,11,0,0
sous,ADJ,11,0,0
extra,ADJ,11,0,0
exactly,ADV,11,0,0
vast,ADJ,11,0,0
hunger,NOUN,11,0,0
dog,NOUN,11,0,0
owe,VERB,11,0,0
hand,VERB,11,0,0
argue,VERB,11,0,0
receive,VERB,11,0,0
naked,ADJ,11,0,0
dear,ADJ,11,0,0
off,ADV,11,1,0
fourteen,NUM,11,0,0
mile,NOUN,11,0,0
cap,NOUN,11,0,0
once,SCONJ,11,1,0
doctor,NOUN,11,0,0
nine,NUM,11,1,0
race,NOUN,11,0,0
meat,NOUN,11,0,0
difference,NOUN,11,0,0
bathroom,NOUN,11,0,0
Jehan,PROPN,11,0,1
follow,VERB,11,0,0
below,ADP,11,1,0
breakfast,NOUN,11,0,0
strange,ADJ,11,0,0
insult,NOUN,11,0,0
exist,VERB,11,0,0
sixpence,NOUN,11,0,0
round,VERB,11,0,0
God,PROPN,11,0,1
Irishman,PROPN,11,0,1
Bella,PROPN,11,0,1
bare,ADJ,10,0,0
Saturday,PROPN,10,0,1
chair,NOUN,10,0,0
foreigner,NOUN,10,0,0
prostitute,NOUN,10,0,0
shoe,NOUN,10,0,0
both,DET,10,1,0
accord,VERB,10,0,0
Henri,PROPN,10,0,1
France,PROPN,10,0,1
Jules,PROPN,10,0,1
strong,ADJ,10,0,0
cheek,NOUN,10,0,0
messieur,VERB,10,0,0
somebody,PRON,10,0,0
stair,NOUN,10,0,0
powder,NOUN,10,0,0
pity,NOUN,10,0,0
ring,NOUN,10,0,0
that,ADV,10,1,0
filthy,ADJ,10,0,0
result,NOUN,10,0,0
after,ADV,10,1,0
straight,ADV,10,0,0
avoid,VERB,10,0,0
cheese,NOUN,10,0,0
self,NOUN,10,0,0
style,NOUN,10,0,0
shirt,NOUN,10,0,0
feeling,NOUN,10,0,0
whatever,DET,10,1,0
name,VERB,10,1,0
Russian,PROPN,10,0,1
gentleman,NOUN,10,0,0
in,ADV,10,1,0
moustache,NOUN,10,0,0
fool,NOUN,10,0,0
wake,VERB,10,0,0
exclaim,VERB,10,0,0
suit,NOUN,10,0,0
borrow,VERB,10,0,0
stick,NOUN,10,0,0
miss,VERB,10,0,0
match,NOUN,10,0,0
de,ADP,10,0,0
Cottard,PROPN,10,0,1
chef,NOUN,10,0,0
personnel,NOUN,10,0,0
cloth,NOUN,10,0,0
mob,NOUN,10,0,0
over,ADV,10,1,0
Sunday,PROPN,10,0,1
example,NOUN,10,0,0
doubt,ADV,10,0,0
devil,NOUN,10,0,0
pray,VERB,10,0,0
dustbin,NOUN,10,0,0
luxury,NOUN,10,0,0
Salvation,PROPN,10,0,1
Romton,PROPN,10,0,1
tay,NOUN,10,0,0
crown,NOUN,10,0,0
shelter,NOUN,10,0,0
address,VERB,9,0,0
third,ADJ,9,1,0
tiny,ADJ,9,0,0
navvy,NOUN,9,0,0
fairly,ADV,9,0,0
creature,NOUN,9,0,0
Furex,PROPN,9,0,1
youth,NOUN,9,0,0
happy,ADJ,9,0,0
roll,VERB,9,0,0
alone,ADV,9,1,0
ago,ADV,9,0,0
immediately,ADV,9,0,0
escape,VERB,9,0,0
knock,VERB,9,0,0
light,VERB,9,0,0
front,NOUN,9,1,0
blood,NOUN,9,0,0
star,VERB,9,0,0
blue,ADJ,9,0,0
pale,ADJ,9,0,0
swear,VERB,9,0,0
heart,NOUN,9,0,0
car,NOUN,9,0,0
plan,NOUN,9,0,0
simple,ADJ,9,0,0
pretend,VERB,9,0,0
expensive,ADJ,9,0,0
soap,NOUN,9,0,0
hard,ADV,9,0,0
provide,VERB,9,0,0
weather,NOUN,9,0,0
station,NOUN,9,0,0
cost,VERB,9,0,0
necessary,ADJ,9,0,0
hospital,NOUN,9,0,0
treat,VERB,9,0,0
tip,NOUN,9,0,0
outside,ADP,9,0,0
ami,PROPN,9,0,1
lavatory,NOUN,9,0,0
mistress,NOUN,9,0,0
easily,ADV,9,0,0
asleep,ADJ,9,0,0
curse,VERB,9,0,0
bind,VERB,9,0,0
collar,NOUN,9,0,0
remind,VERB,9,0,0
pain,NOUN,9,0,0
honour,NOUN,9,0,0
disease,NOUN,9,0,0
fear,NOUN,9,0,0
usually,ADV,9,0,0
of,ADV,9,1,0
thief,NOUN,9,0,0
slip,VERB,9,0,0
meanwhile,ADV,9,1,0
mix,VERB,9,0,0
Dieu,PROPN,9,0,1
cheat,VERB,9,0,0
term,NOUN,9,0,0
friendly,ADJ,9,0,0
wrong,ADJ,9,0,0
especially,ADV,9,0,0
enjoy,VERB,9,0,0
French,PROPN,9,0,1
oath,NOUN,9,0,0
ice,NOUN,9,0,0
copper,NOUN,9,0,0
such,DET,9,1,0
Mario,PROPN,9,0,1
toast,NOUN,9,0,0
cooking,NOUN,9,0,0
beer,NOUN,9,0,0
present,ADJ,9,0,0
silly,ADJ,9,0,0
age,NOUN,9,0,0
mouth,NOUN,9,0,0
indeed,ADV,9,1,0
stuff,NOUN,9,0,0
lady,NOUN,9,0,0
lay,VERB,9,0,0
dangerous,ADJ,9,0,0
dormitory,NOUN,9,0,0
ninepence,NOUN,9,0,0
pauper,NOUN,9,0,0
narrow,ADJ,8,0,0
tall,ADJ,8,0,0
attitude,NOUN,8,0,0
pack,VERB,8,0,0
fortune,NOUN,8,0,0
wooden,ADJ,8,0,0
line,NOUN,8,0,0
student,NOUN,8,0,0
rag,NOUN,8,0,0
share,VERB,8,0,0
decent,ADJ,8,0,0
filth,NOUN,8,0,0
knife,NOUN,8,0,0
cross,VERB,8,0,0
midday,NOUN,8,0,0
copy,VERB,8,0,0
lesson,NOUN,8,0,0
et,NOUN,8,0,0
prefer,VERB,8,0,0
safe,ADJ,8,0,0
gas,NOUN,8,0,0
sound,NOUN,8,0,0
count,VERB,8,0,0
decide,VERB,8,0,0
person,NOUN,8,0,0
appearance,NOUN,8,0,0
razor,NOUN,8,0,0
fearful,ADJ,8,0,0
mind,VERB,8,0,0
swallow,VERB,8,0,0
thousand,NOUN,8,0,0
continue,VERB,8,0,0
within,ADP,8,1,0
cease,VERB,8,0,0
surprised,ADJ,8,0,0
counter,NOUN,8,0,0
sweep,VERB,8,0,0
ill,ADJ,8,0,0
Commerce,PROPN,8,0,1
doubt,NOUN,8,0,0
hope,NOUN,8,0,0
pan,NOUN,8,0,0
rub,VERB,8,0,0
past,ADJ,8,0,0
card,NOUN,8,0,0
recently,ADV,8,0,0
possible,ADJ,8,0,0
nearly,ADV,8,0,0
early,ADV,8,0,0
italian,ADJ,8,0,0
right,ADJ,8,0,0
board,NOUN,8,0,0
course,ADV,8,0,0
warm,ADJ,8,0,0
intend,VERB,8,0,0
copy,NOUN,8,0,0
joke,NOUN,8,0,0
stove,NOUN,8,0,0
bit,NOUN,8,0,0
honest,ADJ,8,0,0
general,ADJ,8,0,0
obvious,ADJ,8,0,0
hang,VERB,8,0,0
back,ADJ,8,1,0
doorkeeper,NOUN,8,0,0
idiot,NOUN,8,0,0
sink,NOUN,8,0,0
polish,VERB,8,0,0
need,NOUN,8,0,0
living,NOUN,8,0,0
despise,VERB,8,0,0
educate,VERB,8,0,0
matter,VERB,8,0,0
vegetable,NOUN,8,0,0
regular,ADJ,8,0,0
imbecile,NOUN,8,0,0
kneel,VERB,8,0,0
blanket,NOUN,8,0,0
yer,PRON,8,0,0
threepence,NOUN,8,0,0
gate,NOUN,8,0,0
Edbury,PROPN,8,0,1
swear,ADJ,8,0,0
pub,NOUN,7,0,0
furious,ADJ,7,0,0
past,ADV,7,0,0
seldom,ADV,7,0,0
reek,NOUN,7,0,0
mostly,ADV,7,1,0
baker,NOUN,7,0,0
slum,NOUN,7,0,0
pink,ADJ,7,0,0
kill,VERB,7,0,0
vary,VERB,7,0,0
disappear,VERB,7,0,0
son,NOUN,7,0,0
sixteen,NUM,7,0,0
loaf,VERB,7,0,0
ragged,ADJ,7,0,0
photograph,NOUN,7,0,0
late,ADJ,7,0,0
parent,NOUN,7,0,0
plenty,NOUN,7,0,0
underground,ADV,7,0,0
peasant,NOUN,7,0,0
brown,ADJ,7,0,0
instant,NOUN,7,0,0
meaning,NOUN,7,0,0
very,ADJ,7,1,0
fit,ADJ,7,0,0
lift,VERB,7,0,0
eleven,NUM,7,1,0
itself,PRON,7,1,0
nose,NOUN,7,0,0
step,NOUN,7,0,0
deep,ADJ,7,0,0
smell,NOUN,7,0,0
rat,NOUN,7,0,0
silence,NOUN,7,0,0
beside,ADP,7,1,0
look,NOUN,7,0,0
pull,VERB,7,0,0
art,NOUN,7,0,0
human,ADJ,7,0,0
empty,ADJ,7,1,0
price,NOUN,7,0,0
luckily,ADV,7,0,0
advance,NOUN,7,0,0
laundry,NOUN,7,0,0
linen,NOUN,7,0,0
butter,NOUN,7,0,0
badly,ADV,7,0,0
rage,NOUN,7,0,0
scarcely,ADV,7,0,0
rapidly,ADV,7,0,0
protest,VERB,7,0,0
tomorrow,NOUN,7,0,0
mark,VERB,7,0,0
value,NOUN,7,0,0
Numéro,PROPN,7,0,1
able,ADJ,7,0,0
Frenchmen,PROPN,7,0,1
captain,NOUN,7,0,0
grant,VERB,7,0,0
cent,NOUN,7,0,0
scrub,VERB,7,0,0
wonder,VERB,7,0,0
lucky,ADJ,7,0,0
clean,VERB,7,0,0
spite,NOUN,7,0,0
obviously,ADV,7,0,0
drag,VERB,7,0,0
ourselves,PRON,7,1,0
system,NOUN,7,0,0
brain,NOUN,7,0,0
bath,NOUN,7,0,0
saint,NOUN,7,0,0
thank,VERB,7,0,0
equal,ADJ,7,0,0
ought,AUX,7,0,0
casual,NOUN,7,0,0
but,SCONJ,7,1,0
official,NOUN,7,0,0
while,NOUN,7,1,0
Mon,PROPN,7,0,1
duke,NOUN,7,0,0
frequent,VERB,7,0,0
enter,VERB,7,0,0
repeat,VERB,7,0,0
accent,NOUN,7,0,0
parcel,NOUN,7,0,0
lean,VERB,7,0,0
care,NOUN,7,0,0
point,VERB,7,0,0
lift,NOUN,7,0,0
tail,NOUN,7,0,0
cleanliness,NOUN,7,0,0
hell,NOUN,7,0,0
proud,ADJ,7,0,0
sorry,ADJ,7,0,0
drop,NOUN,7,0,0
body,NOUN,7,0,0
search,NOUN,7,0,0
sharp,ADJ,7,0,0
mattress,NOUN,7,0,0
kip,NOUN,7,0,0
halfpenny,NOUN,7,0,0
stevedore,NOUN,7,0,0
wid,VERB,7,0,0
along,ADP,7,1,0
pitch,NOUN,7,0,0
dem,ADJ,7,0,0
swearing,NOUN,7,0,0
cartoon,NOUN,7,0,0
evil,NOUN,7,0,0
clergyman,NOUN,7,0,0
mooch,VERB,7,0,0
du,X,6,0,0
mine,NOUN,6,1,0
join,VERB,6,0,0
shout,NOUN,6,0,0
singing,NOUN,6,0,0
mysterious,ADJ,6,0,0
respectable,ADJ,6,0,0
des,PROPN,6,0,1
march,VERB,6,0,0
burn,VERB,6,0,0
drive,VERB,6,0,0
american,ADJ,6,0,0
sock,NOUN,6,0,0
cafés,NOUN,6,0,0
worker,NOUN,6,0,0
standard,NOUN,6,0,0
St,PROPN,6,0,1
below,ADV,6,1,0
sewer,NOUN,6,0,0
purpose,NOUN,6,0,0
marry,VERB,6,0,0
settle,VERB,6,0,0
drinking,NOUN,6,0,0
admit,VERB,6,0,0
et,PROPN,6,0,1
un,PROPN,6,0,1
conversation,NOUN,6,0,0
fresh,ADJ,6,0,0
soft,ADJ,6,0,0
lip,NOUN,6,0,0
disgusting,ADJ,6,0,0
utterly,ADV,6,0,0
la,PROPN,6,0,1
bowl,NOUN,6,0,0
quiet,ADJ,6,0,0
lamp,NOUN,6,0,0
note,NOUN,6,0,0
joy,NOUN,6,0,0
everywhere,ADV,6,1,0
square,ADJ,6,0,0
struggle,VERB,6,0,0
stupid,ADJ,6,0,0
sole,ADJ,6,0,0
summer,NOUN,6,0,0
either,CCONJ,6,1,0
prepare,VERB,6,0,0
complicated,ADJ,6,0,0
business,NOUN,6,0,0
sudden,ADJ,6,0,0
elsewhere,ADV,6,1,0
boil,VERB,6,0,0
monsieur,X,6,0,0
pile,NOUN,6,0,0
block,NOUN,6,0,0
disagreeable,ADJ,6,0,0
hat,NOUN,6,0,0
trick,NOUN,6,0,0
accept,VERB,6,0,0
due,ADJ,6,1,0
lazy,ADJ,6,0,0
cat,NOUN,6,0,0
moon,NOUN,6,0,0
row,NOUN,6,0,0
step,VERB,6,0,0
ground,NOUN,6,0,0
worth,NOUN,6,0,0
instantly,ADV,6,0,0
refugee,NOUN,6,0,0
dishwasher,NOUN,6,0,0
per,ADP,6,1,0
tray,NOUN,6,0,0
chess,NOUN,6,0,0
touch,VERB,6,0,0
egg,NOUN,6,0,0
wash,NOUN,6,0,0
death,NOUN,6,0,0
fail,VERB,6,0,0
besides,ADV,6,1,0
score,NOUN,6,0,0
tie,NOUN,6,0,0
important,ADJ,6,0,0
tie,VERB,6,0,0
carefully,ADV,6,0,0
skin,NOUN,6,0,0
clearly,ADV,6,0,0
hop,VERB,6,0,0
crime,NOUN,6,0,0
add,VERB,6,0,0
pillow,NOUN,6,0,0
crowd,NOUN,6,0,0
Seine,PROPN,6,0,1
occur,VERB,6,0,0
direct,VERB,6,0,0
suffer,VERB,6,0,0
last,VERB,6,1,0
seventeen,NUM,6,0,0
none,NOUN,6,1,0
speech,NOUN,6,0,0
mistake,NOUN,6,0,0
animal,NOUN,6,0,0
turn,NOUN,6,0,0
typical,ADJ,6,0,0
spoil,VERB,6,0,0
soul,NOUN,6,0,0
sou,NOUN,6,0,0
account,NOUN,6,0,0
opinion,NOUN,6,0,0
swindle,VERB,6,0,0
talk,NOUN,6,0,0
vanish,VERB,6,0,0
today,NOUN,6,0,0
pride,NOUN,6,0,0
average,ADJ,6,0,0
dun,NOUN,6,0,0
round,NOUN,6,0,0
useful,ADJ,6,0,0
heat,NOUN,6,0,0
winter,NOUN,6,0,0
den,NOUN,6,0,0
suck,VERB,6,0,0
fro,PROPN,6,0,1
smoke,NOUN,6,0,0
measure,VERB,6,0,0
hymn,NOUN,6,0,0
India,PROPN,6,0,1
Magyar,PROPN,6,0,1
forth,ADV,6,0,0
cook,VERB,6,0,0
working,NOUN,6,0,0
shake,VERB,6,0,0
basin,NOUN,6,0,0
bastard,NOUN,6,0,0
shame,NOUN,6,0,0
return,VERB,6,0,0
run,NOUN,6,0,0
constantly,ADV,6,0,0
offer,VERB,6,0,0
level,NOUN,6,0,0
regularly,ADV,6,0,0
figure,NOUN,6,0,0
inspection,NOUN,6,0,0
wipe,VERB,6,0,0
proprietor,NOUN,6,0,0
bidon,NOUN,6,0,0
teach,VERB,6,0,0
arrange,VERB,6,0,0
jule,NOUN,6,0,0
glad,ADJ,6,0,0
country,NOUN,6,0,0
cause,NOUN,6,0,0
improvement,NOUN,6,0,0
sew,VERB,6,0,0
twopence,NOUN,6,0,0
Road,PROPN,6,0,1
victim,NOUN,6,0,0
accommodation,NOUN,6,0,0
unhappy,ADJ,6,0,0
eightpence,NOUN,6,0,0
skilly,ADV,6,0,0
Kent,PROPN,6,0,1
distribute,VERB,6,0,0
gallery,NOUN,6,0,0
sevenpence,NOUN,6,0,0
William,PROPN,6,0,1
Fred,PROPN,6,0,1
cruel,ADJ,6,0,0
Binfield,PROPN,6,0,1
o,INTJ,5,0,0
yell,NOUN,5,0,0
spirit,NOUN,5,0,0
description,NOUN,5,0,0
sour,ADJ,5,0,0
arab,ADJ,5,0,0
occasionally,ADV,5,0,0
pile,VERB,5,0,0
hide,VERB,5,0,0
loose,ADJ,5,0,0
innumerable,ADJ,5,0,0
ceiling,NOUN,5,0,0
market,NOUN,5,0,0
solitary,ADJ,5,0,0
mad,ADJ,5,0,0
extraordinary,ADJ,5,0,0
Boulevard,PROPN,5,0,1
temper,NOUN,5,0,0
kick,VERB,5,0,0
taxi,NOUN,5,0,0
sober,ADJ,5,0,0
refined,ADJ,5,0,0
Les,PROPN,5,0,1
extraordinarily,ADV,5,0,0
family,NOUN,5,0,0
somehow,ADV,5,1,0
subject,NOUN,5,0,0
alas,INTJ,5,0,0
hope,VERB,5,0,0
brother,NOUN,5,0,0
eighteen,NUM,5,0,0
remain,VERB,5,0,0
bedroom,NOUN,5,0,0
chicken,NOUN,5,0,0
mercy,NOUN,5,0,0
reality,NOUN,5,0,0
being,NOUN,5,1,0
weep,VERB,5,0,0
mean,ADJ,5,0,0
company,NOUN,5,0,0
Italian,PROPN,5,0,1
nobody,PRON,5,1,0
include,VERB,5,0,0
start,NOUN,5,0,0
difficult,ADJ,5,0,0
squalid,ADJ,5,0,0
stroke,NOUN,5,0,0
difficulty,NOUN,5,0,0
bolt,VERB,5,0,0
café,NOUN,5,0,0
process,NOUN,5,0,0
boredom,NOUN,5,0,0
organ,NOUN,5,0,0
handle,VERB,5,0,0
Merde,PROPN,5,0,1
thrust,VERB,5,0,0
afford,VERB,5,0,0
nevertheless,ADV,5,1,0
worry,VERB,5,0,0
afraid,ADJ,5,0,0
shoot,VERB,5,0,0
neck,NOUN,5,0,0
bundle,NOUN,5,0,0
lunch,NOUN,5,0,0
absolutely,ADV,5,0,0
left,ADJ,5,0,0
factory,NOUN,5,0,0
theory,NOUN,5,0,0
watchman,NOUN,5,0,0
courage,NOUN,5,0,0
bill,NOUN,5,0,0
enormous,ADJ,5,0,0
order,VERB,5,0,0
shave,VERB,5,0,0
chest,NOUN,5,0,0
downstairs,ADV,5,0,0
lame,ADJ,5,0,0
beneath,ADP,5,0,0
rest,VERB,5,0,0
smash,VERB,5,0,0
maître,NOUN,5,0,0
hole,NOUN,5,0,0
various,ADJ,5,1,0
kilometre,NOUN,5,0,0
Place,PROPN,5,0,1
recognize,VERB,5,0,0
support,VERB,5,0,0
queue,NOUN,5,0,0
crate,NOUN,5,0,0
ex,NOUN,5,0,0
wild,ADJ,5,0,0
rush,VERB,5,0,0
oblige,VERB,5,0,0
sneak,VERB,5,0,0
spit,VERB,5,0,0
move,NOUN,5,1,0
set,NOUN,5,0,0
Russians,PROPN,5,0,1
certainly,ADV,5,0,0
fourth,ADJ,5,0,0
abject,ADJ,5,0,0
awake,ADJ,5,0,0
blow,NOUN,5,0,0
horribly,ADV,5,0,0
pipe,NOUN,5,0,0
abandon,VERB,5,0,0
scheme,NOUN,5,0,0
main,ADJ,5,0,0
ignore,VERB,5,0,0
faced,ADJ,5,0,0
news,NOUN,5,0,0
cough,VERB,5,0,0
loud,ADJ,5,0,0
round,ADP,5,0,0
envelope,NOUN,5,0,0
Rue,PROPN,5,0,1
wolf,VERB,5,0,0
Nom,PROPN,5,0,1
alive,ADJ,5,0,0
Communists,PROPN,5,0,1
touch,NOUN,5,0,0
deal,NOUN,5,0,0
bar,VERB,5,0,0
unshaven,ADJ,5,0,0
store,NOUN,5,0,0
mention,VERB,5,0,0
post,NOUN,5,0,0
city,NOUN,5,0,0
double,ADJ,5,0,0
servile,ADJ,5,0,0
fair,ADJ,5,0,0
taste,NOUN,5,0,0
sweet,ADJ,5,0,0
cream,NOUN,5,0,0
interval,NOUN,5,0,0
entirely,ADV,5,0,0
tone,NOUN,5,0,0
chamber,NOUN,5,0,0
face,VERB,5,0,0
apron,NOUN,5,0,0
degree,NOUN,5,0,0
above,ADV,5,1,0
dripping,ADJ,5,0,0
excellent,ADJ,5,0,0
affair,NOUN,5,0,0
bang,VERB,5,0,0
replace,VERB,5,0,0
sign,NOUN,5,0,0
opening,NOUN,5,0,0
rush,NOUN,5,0,0
basement,NOUN,5,0,0
duty,NOUN,5,0,0
sugar,NOUN,5,0,0
skill,NOUN,5,0,0
slack,NOUN,5,0,0
silver,NOUN,5,0,0
busy,ADJ,5,0,0
quantity,NOUN,5,0,0
power,NOUN,5,0,0
paint,VERB,5,0,0
thumb,NOUN,5,0,0
yell,VERB,5,0,0
thoroughly,ADV,5,0,0
custom,NOUN,5,0,0
unless,SCONJ,5,1,0
position,NOUN,5,0,0
similar,ADJ,5,0,0
spy,NOUN,5,0,0
Morandi,PROPN,5,0,1
Serbian,PROPN,5,0,1
principle,NOUN,5,0,0
mass,NOUN,5,0,0
genuine,ADJ,5,0,0
artistic,ADJ,5,0,0
finger,NOUN,5,0,0
diet,NOUN,5,0,0
cocoa,NOUN,5,0,0
singer,NOUN,5,0,0
routine,NOUN,5,0,0
grease,NOUN,5,0,0
flat,ADJ,5,0,0
breathe,VERB,5,0,0
river,NOUN,5,0,0
namely,ADV,5,1,0
hat,VERB,5,0,0
maternity,NOUN,5,0,0
Heaven,PROPN,5,0,1
penniless,ADJ,5,0,0
sandwich,NOUN,5,0,0
expense,NOUN,5,0,0
pint,NOUN,5,0,0
whimpering,NOUN,5,0,0
modern,ADJ,5,0,0
unpleasant,ADJ,5,0,0
compare,VERB,5,0,0
represent,VERB,5,0,0
vague,ADJ,5,0,0
cotton,NOUN,5,0,0
Hill,PROPN,5,0,1
pew,NOUN,5,0,0
phrase,NOUN,5,0,0
deputy,NOUN,5,0,0
tune,NOUN,5,0,0
f,NOUN,5,0,0
since,ADV,5,1,0
bun,NOUN,5,0,0
religious,ADJ,5,0,0
Rowton,PROPN,5,0,1
Houses,PROPN,5,0,1
tanner,NOUN,5,0,0
bob,NOUN,5,0,0
star,NOUN,5,0,0
drawing,NOUN,5,0,0
improve,VERB,5,0,0
parasite,NOUN,5,0,0
slang,PROPN,5,0,1
Cromley,PROPN,5,0,1
monster,NOUN,5,0,0
cubicle,NOUN,5,0,0
e,NOUN,4,0,0
harm,NOUN,4,0,0
Coq,PROPN,4,0,1
grey,ADJ,4,0,0
abruptly,ADV,4,0,0
atmosphere,NOUN,4,0,0
Arabs,PROPN,4,0,1
back,ADP,4,1,0
bricklayer,NOUN,4,0,0
down,NOUN,4,1,0
mother,NOUN,4,0,0
daughter,NOUN,4,0,0
Rougiers,PROPN,4,0,1
couple,NOUN,4,0,0
neither,DET,4,1,0
literally,ADV,4,0,0
single,ADJ,4,0,0
Saturdays,PROPN,4,0,1
miser,NOUN,4,0,0
though,ADV,4,1,0
sodden,ADJ,4,0,0
red,NOUN,4,0,0
le,X,4,0,0
wish,VERB,4,0,0
picture,VERB,4,0,0
nice,ADJ,4,0,0
wet,ADJ,4,0,0
favourite,ADJ,4,0,0
civilized,ADJ,4,0,0
mais,PROPN,4,0,1
din,VERB,4,0,0
jump,VERB,4,0,0
naturally,ADV,4,0,0
convent,NOUN,4,0,0
guide,NOUN,4,0,0
inside,ADP,4,0,0
inside,ADV,4,0,0
dust,NOUN,4,0,0
Voilà,PROPN,4,0,1
electric,ADJ,4,0,0
throat,NOUN,4,0,0
fast,ADV,4,0,0
rob,VERB,4,0,0
liberty,NOUN,4,0,0
bitter,ADJ,4,0,0
agony,NOUN,4,0,0
tear,NOUN,4,0,0
cultivate,VERB,4,0,0
second,NOUN,4,0,0
heel,NOUN,4,0,0
future,NOUN,4,0,0
prevent,VERB,4,0,0
so,CCONJ,4,1,0
is,ADV,4,1,0
altogether,ADV,4,0,0
terrible,ADJ,4,0,0
boring,ADJ,4,0,0
crust,NOUN,4,0,0
income,NOUN,4,0,0
dare,VERB,4,0,0
round,ADJ,4,0,0
near,ADJ,4,0,0
insult,VERB,4,0,0
yellow,ADJ,4,0,0
approach,VERB,4,0,0
bored,ADJ,4,0,0
relief,NOUN,4,0,0
reach,VERB,4,0,0
pretence,NOUN,4,0,0
school,NOUN,4,0,0
bearded,ADJ,4,0,0
pawn,NOUN,4,0,0
elbow,NOUN,4,0,0
close,ADJ,4,0,0
regiment,NOUN,4,0,0
Scribe,PROPN,4,0,1
history,NOUN,4,0,0
Waterloo,PROPN,4,0,1
up,NOUN,4,1,0
tip,VERB,4,0,0
boast,VERB,4,0,0
outlook,NOUN,4,0,0
barman,NOUN,4,0,0
Royal,PROPN,4,0,1
Government,PROPN,4,0,1
Americans,PROPN,4,0,1
suit,VERB,4,0,0
surly,ADJ,4,0,0
slowly,ADV,4,0,0
explanation,NOUN,4,0,0
sixty,ADJ,4,1,0
reach,NOUN,4,0,0
cardboard,NOUN,4,0,0
contain,VERB,4,0,0
stuff,VERB,4,0,0
rendezvous,NOUN,4,0,0
greasy,NOUN,4,0,0
despair,NOUN,4,0,0
share,NOUN,4,0,0
bone,NOUN,4,0,0
mood,NOUN,4,0,0
drift,VERB,4,0,0
answer,NOUN,4,0,0
agency,NOUN,4,0,0
swab,VERB,4,0,0
tub,NOUN,4,0,0
apply,VERB,4,0,0
distance,NOUN,4,0,0
perfect,ADJ,4,0,0
memory,NOUN,4,0,0
polite,ADJ,4,0,0
constant,ADJ,4,0,0
drop,VERB,4,0,0
collapse,VERB,4,0,0
late,ADV,4,0,0
ashamed,ADJ,4,0,0
horrible,ADJ,4,0,0
spittle,NOUN,4,0,0
dry,ADJ,4,0,0
cunning,ADJ,4,0,0
curiously,ADV,4,0,0
previous,ADJ,4,0,0
gratitude,NOUN,4,0,0
surprise,NOUN,4,0,0
situation,NOUN,4,0,0
right,ADV,4,0,0
possession,NOUN,4,0,0
pleased,ADJ,4,0,0
nasty,ADJ,4,0,0
weak,ADJ,4,0,0
shabby,ADJ,4,0,0
outright,ADV,4,0,0
thick,ADJ,4,0,0
chalk,NOUN,4,0,0
right,NOUN,4,0,0
change,NOUN,4,0,0
hall,NOUN,4,0,0
sir,NOUN,4,0,0
politic,NOUN,4,0,0
Daily,PROPN,4,0,1
Mail,PROPN,4,0,1
hundred,NOUN,4,0,0
detective,NOUN,4,0,0
weekly,ADJ,4,0,0
quickly,ADV,4,0,0
sharply,ADV,4,0,0
smile,NOUN,4,0,0
question,VERB,4,0,0
remark,NOUN,4,0,0
by,ADV,4,1,0
extract,VERB,4,0,0
clever,ADJ,4,0,0
Mais,PROPN,4,0,1
rise,VERB,4,0,0
grand,ADJ,4,0,0
print,VERB,4,0,0
Je,PROPN,4,0,1
beef,NOUN,4,0,0
seat,NOUN,4,0,0
pretty,ADJ,4,0,0
dreadful,ADJ,4,0,0
dim,ADJ,4,0,0
violently,ADV,4,0,0
sky,NOUN,4,0,0
dishcloth,NOUN,4,0,0
fierce,ADJ,4,0,0
cellar,ADJ,4,0,0
middle,NOUN,4,0,0
scullion,NOUN,4,0,0
hurry,NOUN,4,0,0
débrouillard,NOUN,4,0,0
Idiot,PROPN,4,0,1
prosecute,VERB,4,0,0
cupboard,NOUN,4,0,0
idle,ADJ,4,0,0
shaft,NOUN,4,0,0
jam,NOUN,4,0,0
can,NOUN,4,1,0
physical,ADJ,4,0,0
sawdust,NOUN,4,0,0
sweat,VERB,4,0,0
double,VERB,4,0,0
strip,VERB,4,0,0
Valenti,PROPN,4,0,1
thirteen,NUM,4,0,0
fist,NOUN,4,0,0
normally,ADV,4,0,0
apprentice,NOUN,4,0,0
either,ADV,4,1,0
private,ADJ,4,0,0
cellarman,NOUN,4,0,0
ration,NOUN,4,0,0
swill,VERB,4,0,0
pour,VERB,4,0,0
queer,ADJ,4,0,0
denounce,VERB,4,0,0
raise,VERB,4,0,0
quarrelling,NOUN,4,0,0
idle,VERB,4,0,0
efficiency,NOUN,4,0,0
punctuality,NOUN,4,0,0
interest,NOUN,4,0,0
stuffy,ADJ,4,0,0
virtue,NOUN,4,0,0
boulot,NOUN,4,0,0
necessarily,ADV,4,0,0
bin,PROPN,4,0,1
taste,VERB,4,0,0
sound,ADJ,4,0,0
vein,NOUN,4,0,0
tale,NOUN,4,0,0
throughout,ADP,4,1,0
startling,ADJ,4,0,0
grateful,ADJ,4,0,0
atheist,NOUN,4,0,0
shave,NOUN,4,0,0
oil,NOUN,4,0,0
louf,PROPN,4,0,1
like,INTJ,4,0,0
alteration,NOUN,4,0,0
muscle,NOUN,4,0,0
leisure,NOUN,4,0,0
Tower,PROPN,4,0,1
hastily,ADV,4,0,0
patriotic,ADJ,4,0,0
spectacle,NOUN,4,0,0
sick,ADJ,4,0,0
blow,VERB,4,0,0
crawl,VERB,4,0,0
playing,NOUN,4,0,0
suffering,NOUN,4,0,0
starvation,NOUN,4,0,0
nurse,NOUN,4,0,0
lock,VERB,4,0,0
shelf,NOUN,4,0,0
medical,ADJ,4,0,0
damn,VERB,4,0,0
substitute,NOUN,4,0,0
tree,NOUN,4,0,0
grinder,NOUN,4,0,0
inspector,NOUN,4,0,0
similarly,ADV,4,0,0
nag,VERB,4,0,0
raw,ADJ,4,0,0
whisper,VERB,4,0,0
therefore,ADV,4,1,0
gharry,NOUN,4,0,0
pony,NOUN,4,0,0
whip,NOUN,4,0,0
energy,NOUN,4,0,0
chap,NOUN,4,0,0
conceal,VERB,4,0,0
sexual,ADJ,4,0,0
Roumanians,PROPN,4,0,1
Lambeth,PROPN,4,0,1
collect,VERB,4,0,0
scarf,NOUN,4,0,0
seller,NOUN,4,0,0
sailor,NOUN,4,0,0
towel,NOUN,4,0,0
profitable,ADJ,4,0,0
north,NOUN,4,0,0
yer,NOUN,4,0,0
meeting,NOUN,4,0,0
yer,PROPN,4,0,1
hence,ADV,4,1,0
habitually,ADV,4,0,0
ounce,NOUN,4,0,0
dere,ADV,4,0,0
spike,ADJ,4,0,0
De,PROPN,4,0,1
tramp,VERB,4,0,0
harmonium,NOUN,4,0,0
nosed,ADJ,4,0,0
painter,NOUN,4,0,0
herd,VERB,4,0,0
scum,NOUN,4,0,0
gambling,NOUN,4,0,0
hostel,NOUN,4,0,0
jolly,ADV,4,0,0
Bridge,PROPN,4,0,1
screeve,VERB,4,0,0
rain,VERB,4,0,0
railing,NOUN,4,0,0
moocher,NOUN,4,0,0
photographer,NOUN,4,0,0
practice,NOUN,4,0,0
tramping,NOUN,4,0,0
enforce,VERB,4,0,0
congregation,NOUN,4,0,0
minister,NOUN,4,0,0
wicked,ADJ,4,0,0
heartless,ADJ,4,0,0
deceiver,NOUN,4,0,0
Lower,PROPN,4,0,1
vagrancy,NOUN,4,0,0
destitute,ADJ,4,0,0
garden,NOUN,4,0,0
stream,VERB,3,0,0
ride,VERB,3,0,0
cry,NOUN,3,0,0
hawker,NOUN,3,0,0
cobble,NOUN,3,0,0
Italians,PROPN,3,0,1
equivalent,NOUN,3,0,0
quietly,ADV,3,0,0
Trois,PROPN,3,0,1
Moineaux,PROPN,3,0,1
maid,NOUN,3,0,0
husband,NOUN,3,0,0
largely,ADV,3,0,0
cobbler,NOUN,3,0,0
stonemason,NOUN,3,0,0
attic,NOUN,3,0,0
attend,VERB,3,0,0
study,VERB,3,0,0
Church,PROPN,3,0,1
Montparnasse,PROPN,3,0,1
eccentric,ADJ,3,0,0
behaviour,NOUN,3,0,0
complain,VERB,3,0,0
melancholy,ADJ,3,0,0
stab,VERB,3,0,0
agree,VERB,3,0,0
bout,NOUN,3,0,0
southward,ADV,3,0,0
Europe,PROPN,3,0,1
gentle,ADJ,3,0,0
furniture,NOUN,3,0,0
slip,NOUN,3,0,0
curiosity,NOUN,3,0,0
contact,NOUN,3,0,0
object,NOUN,3,0,0
brick,NOUN,3,0,0
floor,VERB,3,0,0
funeral,NOUN,3,0,0
cow,NOUN,3,0,0
dice,NOUN,3,0,0
education,NOUN,3,0,0
cherry,NOUN,3,0,0
baby,NOUN,3,0,0
tongue,NOUN,3,0,0
sad,ADJ,3,0,0
gay,ADJ,3,0,0
sink,VERB,3,0,0
drunk,NOUN,3,0,0
address,NOUN,3,0,0
vulgar,ADJ,3,0,0
boulevard,NOUN,3,0,0
edge,NOUN,3,0,0
dress,NOUN,3,0,0
perfectly,ADV,3,0,0
monsieur,NOUN,3,0,0
figure,VERB,3,0,0
heavy,ADJ,3,0,0
frock,NOUN,3,0,0
dull,ADJ,3,0,0
slavery,NOUN,3,0,0
ash,NOUN,3,0,0
ghost,NOUN,3,0,0
away,ADP,3,0,0
beautiful,ADJ,3,0,0
disappointment,NOUN,3,0,0
capture,VERB,3,0,0
passion,NOUN,3,0,0
bitterly,ADV,3,0,0
lonely,ADJ,3,0,0
fear,VERB,3,0,0
peculiar,ADJ,3,0,0
reduce,VERB,3,0,0
mumble,VERB,3,0,0
tobacconist,NOUN,3,0,0
stamp,NOUN,3,0,0
eighty,NUM,3,0,0
confess,VERB,3,0,0
panic,NOUN,3,0,0
shopman,NOUN,3,0,0
prosperous,ADJ,3,0,0
dodge,VERB,3,0,0
basket,NOUN,3,0,0
mountain,NOUN,3,0,0
plan,VERB,3,0,0
underfeed,VERB,3,0,0
client,NOUN,3,0,0
push,VERB,3,0,0
uncomfortable,ADJ,3,0,0
beginning,NOUN,3,0,0
redeem,VERB,3,0,0
feature,NOUN,3,0,0
extent,NOUN,3,0,0
consolation,NOUN,3,0,0
genuinely,ADV,3,0,0
any,ADV,3,1,0
whistle,NOUN,3,0,0
gather,VERB,3,0,0
promptly,ADV,3,0,0
following,ADJ,3,0,0
roof,NOUN,3,0,0
Revolution,PROPN,3,0,1
Second,PROPN,3,0,1
Siberian,PROPN,3,0,1
Rifles,PROPN,3,0,1
brush,NOUN,3,0,0
Halles,PROPN,3,0,1
strategy,NOUN,3,0,0
military,ADJ,3,0,0
Napoleon,PROPN,3,0,1
statue,NOUN,3,0,0
on,ADV,3,1,0
mon,NOUN,3,0,0
father,NOUN,3,0,0
colonel,NOUN,3,0,0
attendant,NOUN,3,0,0
army,NOUN,3,0,0
commission,NOUN,3,0,0
champagne,NOUN,3,0,0
season,NOUN,3,0,0
cocktail,NOUN,3,0,0
American,PROPN,3,0,1
writing,NOUN,3,0,0
chief,ADJ,3,0,0
promise,NOUN,3,0,0
v,NOUN,3,0,0
solid,ADJ,3,0,0
shock,NOUN,3,0,0
mixture,NOUN,3,0,0
Bouillon,PROPN,3,0,1
Zip,PROPN,3,0,1
iron,NOUN,3,0,0
bedstead,NOUN,3,0,0
chain,NOUN,3,0,0
groan,VERB,3,0,0
roll,NOUN,3,0,0
talkative,ADJ,3,0,0
please,INTJ,3,1,0
choose,VERB,3,0,0
meantime,NOUN,3,0,0
Attaquez,PROPN,3,0,1
sol,NOUN,3,0,0
bridge,NOUN,3,0,0
Rivoli,PROPN,3,0,1
employment,NOUN,3,0,0
etiquette,NOUN,3,0,0
walking,NOUN,3,0,0
bang,PROPN,3,0,1
chocolate,NOUN,3,0,0
cheer,VERB,3,0,0
what,DET,3,1,0
neat,ADJ,3,0,0
hopeful,ADJ,3,0,0
loiter,VERB,3,0,0
advertisement,NOUN,3,0,0
favour,NOUN,3,0,0
litter,NOUN,3,0,0
hold,NOUN,3,0,0
shrug,VERB,3,0,0
rid,VERB,3,0,0
silently,ADV,3,0,0
thy,PRON,3,0,0
perfume,NOUN,3,0,0
assure,VERB,3,0,0
rue,NOUN,3,0,0
daily,ADJ,3,0,0
torture,NOUN,3,0,0
veritable,ADJ,3,0,0
Jews,PROPN,3,0,1
village,NOUN,3,0,0
declare,VERB,3,0,0
cure,NOUN,3,0,0
angry,ADJ,3,0,0
tight,ADJ,3,0,0
wrap,VERB,3,0,0
une,PROPN,3,0,1
de,NOUN,3,0,0
essential,ADJ,3,0,0
attention,NOUN,3,0,0
Le,PROPN,3,0,1
Sport,PROPN,3,0,1
block,VERB,3,0,0
passport,NOUN,3,0,0
miracle,NOUN,3,0,0
salt,NOUN,3,0,0
surely,ADV,3,0,0
gorge,VERB,3,0,0
appeal,VERB,3,0,0
own,VERB,3,0,0
inspect,VERB,3,0,0
political,ADJ,3,0,0
object,VERB,3,0,0
communist,ADJ,3,0,0
insist,VERB,3,0,0
stroll,VERB,3,0,0
about,ADJ,3,1,0
coast,NOUN,3,0,0
clear,ADJ,3,0,0
staircase,NOUN,3,0,0
behind,ADV,3,1,0
forward,ADV,3,0,0
vacant,ADJ,3,0,0
novel,NOUN,3,0,0
entrance,NOUN,3,0,0
fee,NOUN,3,0,0
apparently,ADV,3,0,0
suspicious,ADJ,3,0,0
Communist,PROPN,3,0,1
comrade,NOUN,3,0,0
gleam,NOUN,3,0,0
impression,NOUN,3,0,0
introduce,VERB,3,0,0
scarlet,ADJ,3,0,0
veal,NOUN,3,0,0
consist,VERB,3,0,0
indecent,NOUN,3,0,0
garlic,NOUN,3,0,0
linger,VERB,3,0,0
tame,ADJ,3,0,0
beetroot,NOUN,3,0,0
salad,NOUN,3,0,0
prospect,NOUN,3,0,0
Tuileries,PROPN,3,0,1
arrangement,NOUN,3,0,0
glance,VERB,3,0,0
furnace,NOUN,3,0,0
along,ADV,3,1,0
press,VERB,3,0,0
aside,ADV,3,0,0
skull,NOUN,3,0,0
underground,ADJ,3,0,0
temperature,NOUN,3,0,0
nowadays,ADV,3,0,0
cher,NOUN,3,0,0
whore,NOUN,3,0,0
belong,VERB,3,0,0
strictly,ADV,3,0,0
forbid,VERB,3,0,0
warn,VERB,3,0,0
Tu,PROPN,3,0,1
drench,VERB,3,0,0
contract,NOUN,3,0,0
whereat,NOUN,3,0,0
urn,NOUN,3,0,0
breath,NOUN,3,0,0
store,VERB,3,0,0
hairy,ADJ,3,0,0
remote,ADJ,3,0,0
coup,PROPN,3,0,1
upstairs,ADV,3,0,0
fruit,NOUN,3,0,0
lump,NOUN,3,0,0
boiling,NOUN,3,0,0
clock,NOUN,3,0,0
shirk,VERB,3,0,0
partly,ADV,3,0,0
engueulade,NOUN,3,0,0
stench,NOUN,3,0,0
odd,ADJ,3,0,0
page,NOUN,3,0,0
fester,VERB,3,0,0
eatable,ADJ,3,0,0
partially,ADV,3,0,0
holiday,NOUN,3,0,0
ahead,ADV,3,0,0
roughly,ADV,3,0,0
compensation,NOUN,3,0,0
chiefly,ADV,3,0,0
alone,ADJ,3,1,0
crowd,VERB,3,0,0
mirror,NOUN,3,0,0
tear,VERB,3,0,0
unusual,ADJ,3,0,0
brothel,NOUN,3,0,0
deliver,VERB,3,0,0
bow,VERB,3,0,0
train,VERB,3,0,0
bully,VERB,3,0,0
darken,VERB,3,0,0
nonsense,NOUN,3,0,0
jacket,NOUN,3,0,0
contempt,NOUN,3,0,0
anybody,PRON,3,0,0
discipline,NOUN,3,0,0
manual,ADJ,3,0,0
sewing,NOUN,3,0,0
special,ADJ,3,0,0
broken,ADJ,3,0,0
scrap,NOUN,3,0,0
trust,VERB,3,0,0
prove,VERB,3,0,0
jeer,VERB,3,0,0
openly,ADV,3,0,0
calmly,ADV,3,0,0
blasphemy,NOUN,3,0,0
mean,NOUN,3,0,0
astonish,VERB,3,0,0
steak,NOUN,3,0,0
bakery,NOUN,3,0,0
stimulate,VERB,3,0,0
effort,NOUN,3,0,0
bully,NOUN,3,0,0
technique,NOUN,3,0,0
glorious,ADJ,3,0,0
union,NOUN,3,0,0
slightly,ADV,3,0,0
peach,NOUN,3,0,0
thus,ADV,3,1,0
machine,NOUN,3,0,0
imitation,NOUN,3,0,0
treatment,NOUN,3,0,0
slap,VERB,3,0,0
whenever,SCONJ,3,1,0
quick,ADJ,3,0,0
standing,NOUN,3,0,0
automatically,ADV,3,0,0
theft,NOUN,3,0,0
famous,ADJ,3,0,0
strength,NOUN,3,0,0
state,NOUN,3,0,0
corpse,NOUN,3,0,0
deposit,NOUN,3,0,0
dance,VERB,3,0,0
starving,NOUN,3,0,0
clatter,VERB,3,0,0
passenger,NOUN,3,0,0
hideous,ADJ,3,0,0
town,NOUN,3,0,0
party,NOUN,3,0,0
fight,NOUN,3,0,0
express,VERB,3,0,0
trip,NOUN,3,0,0
murder,NOUN,3,0,0
bedclothe,NOUN,3,0,0
Azaya,PROPN,3,0,1
wander,VERB,3,0,0
cadge,VERB,3,0,0
steadily,ADV,3,0,0
blind,ADJ,3,0,0
stage,NOUN,3,0,0
funny,ADJ,3,0,0
sack,NOUN,3,0,0
serious,ADJ,3,1,0
habit,NOUN,3,0,0
cushion,NOUN,3,0,0
cabbage,NOUN,3,0,0
barrack,NOUN,3,0,0
ruin,VERB,3,0,0
glance,NOUN,3,0,0
fix,VERB,3,0,0
deal,VERB,3,0,0
lack,NOUN,3,0,0
revenge,NOUN,3,0,0
dismal,ADJ,3,0,0
horse,NOUN,3,0,0
Norman,PROPN,3,0,1
dry,VERB,3,0,0
skulk,VERB,3,0,0
success,NOUN,3,0,0
credit,NOUN,3,0,0
inch,NOUN,3,0,0
shed,NOUN,3,0,0
earth,NOUN,3,0,0
debt,NOUN,3,0,0
quarrel,VERB,3,0,0
attempt,VERB,3,0,0
alley,ADJ,3,0,0
train,NOUN,3,0,0
slight,ADJ,3,0,0
sprawl,VERB,3,0,0
tremendous,ADJ,3,0,0
excitement,NOUN,3,0,0
Frenchman,PROPN,3,0,1
expression,NOUN,3,0,0
lavender,NOUN,3,0,0
marriage,NOUN,3,0,0
coal,NOUN,3,0,0
puller,NOUN,3,0,0
essentially,ADV,3,0,0
survive,VERB,3,0,0
intelligent,ADJ,3,0,0
fundamental,ADJ,3,0,0
majority,NOUN,3,0,0
ignorance,NOUN,3,0,0
present,VERB,3,0,0
profit,NOUN,3,0,0
examine,VERB,3,0,0
foreign,ADJ,3,0,0
boat,NOUN,3,0,0
bootlace,NOUN,3,0,0
anxious,ADJ,3,0,0
vagabond,NOUN,3,0,0
fourpence,NOUN,3,0,0
foul,ADJ,3,0,0
grey,NOUN,3,0,0
sake,NOUN,3,0,0
close,ADV,3,0,0
streak,VERB,3,0,0
house,PROPN,3,0,1
out,NOUN,3,1,0
Whitechapel,PROPN,3,0,1
underfed,ADJ,3,0,0
Londoner,PROPN,3,0,1
East,PROPN,3,0,1
drunken,ADJ,3,0,0
m,VERB,3,0,0
ave,NOUN,3,0,0
trumpet,NOUN,3,0,0
ere,NOUN,3,0,0
c,NOUN,3,0,0
dat,NOUN,3,0,0
rusty,ADJ,3,0,0
dey,PROPN,3,0,1
fully,ADV,3,0,0
chronic,ADJ,3,0,0
lad,NOUN,3,0,0
rough,ADJ,3,0,0
Lord,PROPN,3,0,1
lounge,VERB,3,0,0
beat,VERB,3,0,0
Ide,PROPN,3,0,1
confine,VERB,3,0,0
sum,NOUN,3,0,0
register,VERB,3,0,0
uniform,NOUN,3,0,0
bathing,NOUN,3,0,0
toe,NOUN,3,0,0
supper,NOUN,3,0,0
stale,ADJ,3,0,0
frankly,ADV,3,0,0
line,VERB,3,0,0
irish,ADJ,3,0,0
walk,NOUN,3,0,0
ten,NOUN,3,0,0
Dat,PROPN,3,0,1
library,NOUN,3,0,0
unemployment,NOUN,3,0,0
capable,ADJ,3,0,0
authority,NOUN,3,0,0
Brother,PROPN,3,0,1
circumstance,NOUN,3,0,0
fivepence,NOUN,3,0,0
motor,NOUN,3,0,0
stink,VERB,3,0,0
nancy,NOUN,3,0,0
og,NOUN,3,0,0
Etonian,PROPN,3,0,1
redemption,NOUN,3,0,0
got,VERB,3,0,0
cripple,NOUN,3,0,0
labour,NOUN,3,0,0
nobber,NOUN,3,0,0
meteor,NOUN,3,0,0
Mars,PROPN,3,0,1
sleeper,NOUN,3,0,0
prejudice,NOUN,3,0,0
acrobat,NOUN,3,0,0
photo,NOUN,3,0,0
Shorty,PROPN,3,0,1
impulse,NOUN,3,0,0
beggar,PROPN,3,0,1
guess,VERB,3,0,0
presumably,ADV,3,0,0
Cockney,PROPN,3,0,1
rhyme,VERB,3,0,0
Twopenny,PROPN,3,0,1
original,ADJ,3,0,0
handbill,NOUN,3,0,0
slummer,NOUN,3,0,0
sermon,NOUN,3,0,0
deliberately,ADV,3,0,0
practically,ADV,3,0,0
rope,NOUN,3,0,0
loss,NOUN,3,0,0
autumn,NOUN,3,0,0
Bill,PROPN,3,0,1
Oxford,PROPN,3,0,1
stowaway,NOUN,3,0,0
Gilderoy,PROPN,3,0,1
herself,PRON,3,1,0
atavism,NOUN,3,0,0
farm,NOUN,3,0,0
restriction,NOUN,3,0,0
publish,VERB,2,0,0
e,PROPN,2,0,1
choke,VERB,2,0,0
Monce,PROPN,2,0,1
sabot,NOUN,2,0,0
chorus,NOUN,2,0,0
fling,VERB,2,0,0
convey,VERB,2,0,0
least,ADV,2,1,0
desolate,ADJ,2,0,0
refuse,NOUN,2,0,0
cart,NOUN,2,0,0
leprous,ADJ,2,0,0
act,NOUN,2,0,0
male,ADJ,2,0,0
population,NOUN,2,0,0
shopkeeper,NOUN,2,0,0
laundress,NOUN,2,0,0
representative,ADJ,2,0,0
rickety,NOUN,2,0,0
arid,PROPN,2,0,1
layer,NOUN,2,0,0
float,VERB,2,0,0
fantastically,ADV,2,0,0
fancy,ADJ,2,0,0
Sorbonne,PROPN,2,0,1
leather,NOUN,2,0,0
strew,VERB,2,0,0
decently,ADV,2,0,0
normal,ADJ,2,0,0
free,VERB,2,0,0
postcard,NOUN,2,0,0
Michel,PROPN,2,0,1
seal,VERB,2,0,0
strict,ADJ,2,0,0
curly,ADJ,2,0,0
peculiarity,NOUN,2,0,0
unfaithful,ADJ,2,0,0
imprisonment,NOUN,2,0,0
jerk,VERB,2,0,0
witted,ADJ,2,0,0
travel,VERB,2,0,0
quarrelsome,ADJ,2,0,0
soak,VERB,2,0,0
antique,ADJ,2,0,0
background,NOUN,2,0,0
est,X,2,0,0
carve,VERB,2,0,0
sausage,NOUN,2,0,0
jack,NOUN,2,0,0
minded,ADJ,2,0,0
stomach,NOUN,2,0,0
apéritif,NOUN,2,0,0
Fraises,PROPN,2,0,1
Madelon,PROPN,2,0,1
comment,NOUN,2,0,0
making,NOUN,2,0,0
sample,NOUN,2,0,0
occasional,ADJ,2,0,0
dancing,NOUN,2,0,0
declaim,VERB,2,0,0
glitter,VERB,2,0,0
que,PROPN,2,0,1
le,NOUN,2,0,0
ruin,NOUN,2,0,0
wisdom,NOUN,2,0,0
acquire,VERB,2,0,0
perceive,VERB,2,0,0
sensibility,NOUN,2,0,0
happiness,NOUN,2,0,0
hate,VERB,2,0,0
Bordeaux,PROPN,2,0,1
fastidious,ADJ,2,0,0
well,NOUN,2,1,0
discuss,VERB,2,0,0
oneself,PRON,2,0,0
puddle,NOUN,2,0,0
blank,ADJ,2,0,0
ruinous,ADJ,2,0,0
shooting,NOUN,2,0,0
bolt,NOUN,2,0,0
palm,NOUN,2,0,0
regard,VERB,2,0,0
suspiciously,ADV,2,0,0
jet,NOUN,2,0,0
plaster,NOUN,2,0,0
shadow,NOUN,2,0,0
flight,NOUN,2,0,0
forcément,NOUN,2,0,0
otherwise,ADV,2,1,0
garish,ADJ,2,0,0
carpet,NOUN,2,0,0
stifle,VERB,2,0,0
shin,VERB,2,0,0
far,ADJ,2,0,0
velvet,NOUN,2,0,0
shrink,VERB,2,0,0
halt,VERB,2,0,0
force,VERB,2,0,0
broad,ADJ,2,0,0
coat,VERB,2,0,0
shock,VERB,2,0,0
nowhere,ADV,2,1,0
expound,VERB,2,0,0
philosophy,NOUN,2,0,0
experience,VERB,2,0,0
renew,VERB,2,0,0
accursed,ADJ,2,0,0
scream,VERB,2,0,0
en,ADP,2,0,0
supreme,ADJ,2,0,0
ecstasy,NOUN,2,0,0
emotion,NOUN,2,0,0
scatter,VERB,2,0,0
hasten,VERB,2,0,0
hollow,ADJ,2,0,0
fare,NOUN,2,0,0
speciman,NOUN,2,0,0
aim,VERB,2,0,0
ambiguous,ADJ,2,0,0
whisker,NOUN,2,0,0
apache,NOUN,2,0,0
tenpence,NOUN,2,0,0
actual,ADJ,2,0,0
fringe,NOUN,2,0,0
attach,VERB,2,0,0
net,NOUN,2,0,0
enemy,NOUN,2,0,0
pigeon,NOUN,2,0,0
govern,VERB,2,0,0
rye,NOUN,2,0,0
correspondingly,ADV,2,0,0
blade,NOUN,2,0,0
extreme,ADJ,2,0,0
disaster,NOUN,2,0,0
Pardon,PROPN,2,0,1
belgian,ADJ,2,0,0
pig,NOUN,2,0,0
string,NOUN,2,0,0
grab,VERB,2,0,0
pure,ADJ,2,0,0
funk,NOUN,2,0,0
inseparable,ADJ,2,0,0
interest,VERB,2,0,0
poem,NOUN,2,0,0
suburb,NOUN,2,0,0
inexperienced,ADJ,2,0,0
exchange,VERB,2,0,0
discovery,NOUN,2,0,0
outweigh,VERB,2,0,0
vaguely,ADV,2,0,0
margarine,VERB,2,0,0
anxiety,NOUN,2,0,0
grandiose,ADJ,2,0,0
pledge,NOUN,2,0,0
offence,NOUN,2,0,0
fray,VERB,2,0,0
pant,NOUN,2,0,0
attempt,NOUN,2,0,0
Tiens,PROPN,2,0,1
hurt,VERB,2,0,0
near,ADV,2,0,0
soldierly,ADV,2,0,0
immensely,ADV,2,0,0
Foch,PROPN,2,0,1
des,X,2,0,0
Cambronne,PROPN,2,0,1
association,NOUN,2,0,0
General,PROPN,2,0,1
medal,NOUN,2,0,0
spread,VERB,2,0,0
interestingly,ADV,2,0,0
depend,VERB,2,0,0
cork,NOUN,2,0,0
Biarritz,PROPN,2,0,1
Marché,PROPN,2,0,1
Blancs,PROPN,2,0,1
Manteaux,PROPN,2,0,1
jolly,ADJ,2,0,0
vile,ADJ,2,0,0
synthetic,ADJ,2,0,0
winding,ADJ,2,0,0
skylight,NOUN,2,0,0
s,NOUN,2,0,0
bite,NOUN,2,0,0
deeply,ADV,2,0,0
repay,VERB,2,0,0
rain,NOUN,2,0,0
help,NOUN,2,0,0
cheerful,ADJ,2,0,0
carelessly,ADV,2,0,0
Good,PROPN,2,0,1
une,NOUN,2,0,0
sleeve,NOUN,2,0,0
garage,NOUN,2,0,0
maxim,NOUN,2,0,0
ankle,NOUN,2,0,0
seine,ADJ,2,0,0
washer,NOUN,2,0,0
batter,VERB,2,0,0
dodge,NOUN,2,0,0
bribe,VERB,2,0,0
agony,ADJ,2,0,0
sooner,SCONJ,2,0,0
rob,NOUN,2,0,0
cobblestone,NOUN,2,0,0
devour,VERB,2,0,0
magic,NOUN,2,0,0
act,VERB,2,0,0
list,NOUN,2,0,0
genius,NOUN,2,0,0
gold,NOUN,2,0,0
Nice,PROPN,2,0,1
upright,ADJ,2,0,0
limp,VERB,2,0,0
lion,NOUN,2,0,0
bleu,NOUN,2,0,0
flannel,NOUN,2,0,0
bowler,NOUN,2,0,0
weigh,VERB,2,0,0
reply,VERB,2,0,0
charming,ADJ,2,0,0
kiss,NOUN,2,0,0
flower,NOUN,2,0,0
thee,PRON,2,0,0
love,VERB,2,0,0
contribute,VERB,2,0,0
whole,NOUN,2,1,0
seriously,ADV,2,0,0
gutter,NOUN,2,0,0
bum,NOUN,2,0,0
god,NOUN,2,0,0
intolerable,ADJ,2,0,0
conceive,VERB,2,0,0
decency,NOUN,2,0,0
early,ADJ,2,0,0
march,NOUN,2,0,0
Judas,PROPN,2,0,1
national,ADJ,2,0,0
form,NOUN,2,0,0
precious,ADJ,2,0,0
greyish,ADJ,2,0,0
verminous,ADJ,2,0,0
packing,NOUN,2,0,0
button,NOUN,2,0,0
win,VERB,2,0,0
chessboard,NOUN,2,0,0
ugly,ADJ,2,0,0
pleasant,ADJ,2,0,0
rod,NOUN,2,0,0
bait,VERB,2,0,0
substitute,VERB,2,0,0
complete,ADJ,2,0,0
frequently,ADV,2,0,0
offensive,ADJ,2,0,0
kind,ADJ,2,0,0
despair,VERB,2,0,0
clear,VERB,2,0,0
vigorous,ADJ,2,0,0
retreat,NOUN,2,0,0
frenchman,NOUN,2,0,0
helpful,ADJ,2,0,0
bank,NOUN,2,0,0
suspect,VERB,2,0,0
weight,NOUN,2,0,0
miserable,ADJ,2,0,0
guerre,PROPN,2,0,1
receiver,NOUN,2,0,0
interfere,VERB,2,0,0
spot,NOUN,2,0,0
cough,NOUN,2,0,0
favourable,ADJ,2,0,0
nerve,NOUN,2,0,0
sufficient,ADJ,2,0,0
carte,NOUN,2,0,0
Port,PROPN,2,0,1
series,NOUN,2,0,0
pounce,VERB,2,0,0
hurried,ADJ,2,0,0
alcohol,NOUN,2,0,0
occasion,NOUN,2,0,0
front,ADJ,2,1,0
eagerly,ADV,2,0,0
suicide,NOUN,2,0,0
Fondary,PROPN,2,0,1
likely,ADV,2,0,0
y,PROPN,2,0,1
prix,PROPN,2,0,1
fixe,PROPN,2,0,1
exception,NOUN,2,0,0
Bolshevik,PROPN,2,0,1
Moscow,PROPN,2,0,1
conservative,ADJ,2,0,0
south,ADV,2,0,0
casually,ADV,2,0,0
haunt,NOUN,2,0,0
frightened,ADJ,2,0,0
conspiratorial,ADJ,2,0,0
proceeding,NOUN,2,0,0
dive,VERB,2,0,0
Frenchwoman,PROPN,2,0,1
iron,VERB,2,0,0
emerge,VERB,2,0,0
Mot,PROPN,2,0,1
password,NOUN,2,0,0
satisfied,ADJ,2,0,0
poster,NOUN,2,0,0
tack,VERB,2,0,0
track,NOUN,2,0,0
argument,NOUN,2,0,0
organization,NOUN,2,0,0
Labour,PROPN,2,0,1
Party,PROPN,2,0,1
Socialism,PROPN,2,0,1
connexion,NOUN,2,0,0
évidemment,NOUN,2,0,0
thorough,ADJ,2,0,0
undertake,VERB,2,0,0
thump,VERB,2,0,0
visit,NOUN,2,0,0
personally,ADV,2,0,0
swindler,NOUN,2,0,0
imaginary,ADJ,2,0,0
Concorde,PROPN,2,0,1
fade,VERB,2,0,0
fattish,NOUN,2,0,0
horrid,NOUN,2,0,0
greet,VERB,2,0,0
astonishment,NOUN,2,0,0
inform,VERB,2,0,0
wave,VERB,2,0,0
flick,VERB,2,0,0
decorate,VERB,2,0,0
picturesque,ADJ,2,0,0
sham,ADJ,2,0,0
beam,NOUN,2,0,0
leaflet,NOUN,2,0,0
claim,VERB,2,0,0
Salon,PROPN,2,0,1
cheat,NOUN,2,0,0
illusion,NOUN,2,0,0
menu,NOUN,2,0,0
oyster,NOUN,2,0,0
en,X,2,0,0
stew,VERB,2,0,0
undo,VERB,2,0,0
mince,VERB,2,0,0
wedge,NOUN,2,0,0
stream,NOUN,2,0,0
haggard,ADJ,2,0,0
labyrinthine,ADJ,2,0,0
space,NOUN,2,0,0
glare,NOUN,2,0,0
aprone,VERB,2,0,0
flesh,NOUN,2,0,0
shove,VERB,2,0,0
range,NOUN,2,0,0
oven,NOUN,2,0,0
Fahrenheit,PROPN,2,0,1
noisily,ADV,2,0,0
kick,NOUN,2,0,0
twist,VERB,2,0,0
careful,ADJ,2,0,0
low,ADV,2,0,0
deafen,VERB,2,0,0
metal,NOUN,2,0,0
clamour,VERB,2,0,0
waist,NOUN,2,0,0
scour,VERB,2,0,0
sand,NOUN,2,0,0
Ça,PROPN,2,0,1
marche,PROPN,2,0,1
Charenton,PROPN,2,0,1
asylum,NOUN,2,0,0
accordingly,ADV,2,0,0
pas,PROPN,2,0,1
Italy,PROPN,2,0,1
willing,ADJ,2,0,0
sign,VERB,2,0,0
good,NOUN,2,0,0
merciless,NOUN,2,0,0
murky,ADJ,2,0,0
crowded,ADJ,2,0,0
feu,PROPN,2,0,1
yelling,NOUN,2,0,0
bell,NOUN,2,0,0
voucher,NOUN,2,0,0
file,VERB,2,0,0
supply,VERB,2,0,0
strain,NOUN,2,0,0
pack,NOUN,2,0,0
scrambled,ADJ,2,0,0
truly,ADV,2,0,0
cafetier,NOUN,2,0,0
nauseate,VERB,2,0,0
quart,NOUN,2,0,0
hopelessly,ADV,2,0,0
through,ADV,2,1,0
wonderful,ADJ,2,0,0
direction,NOUN,2,0,0
cafeterie,ADJ,2,0,0
brasswork,NOUN,2,0,0
luncheon,NOUN,2,0,0
turmoil,NOUN,2,0,0
indoor,NOUN,2,0,0
Zola,PROPN,2,0,1
catering,NOUN,2,0,0
fro,VERB,2,0,0
darkness,NOUN,2,0,0
noon,NOUN,2,0,0
awaken,VERB,2,0,0
damage,NOUN,2,0,0
pantry,NOUN,2,0,0
cool,ADJ,2,0,0
humane,ADJ,2,0,0
age,VERB,2,0,0
Eton,PROPN,2,0,1
yet,CCONJ,2,1,0
frontier,NOUN,2,0,0
barrow,NOUN,2,0,0
diamond,NOUN,2,0,0
accuse,VERB,2,0,0
method,NOUN,2,0,0
unheard,ADJ,2,0,0
scullery,NOUN,2,0,0
misery,NOUN,2,0,0
leaf,NOUN,2,0,0
trample,VERB,2,0,0
sweaty,NOUN,2,0,0
instructive,ADJ,2,0,0
glide,VERB,2,0,0
final,ADJ,2,0,0
Tom,PROPN,2,0,1
smile,VERB,2,0,0
benign,ADJ,2,0,0
charwomen,PROPN,2,0,1
bright,ADJ,2,0,0
superiority,NOUN,2,0,0
amount,VERB,2,0,0
prestige,NOUN,2,0,0
accurately,ADV,2,0,0
signal,VERB,2,0,0
lord,PROPN,2,0,1
chambermaid,NOUN,2,0,0
Negroes,PROPN,2,0,1
department,NOUN,2,0,0
divide,VERB,2,0,0
pilfering,NOUN,2,0,0
scale,NOUN,2,0,0
amass,VERB,2,0,0
payment,NOUN,2,0,0
pocket,VERB,2,0,0
Greek,PROPN,2,0,1
Armenian,PROPN,2,0,1
force,NOUN,2,0,0
snake,NOUN,2,0,0
university,NOUN,2,0,0
profession,NOUN,2,0,0
threaten,VERB,2,0,0
deny,VERB,2,0,0
vieux,NOUN,2,0,0
grasp,VERB,2,0,0
particularly,ADV,2,0,0
frantic,ADJ,2,0,0
verb,NOUN,2,0,0
aged,ADJ,2,0,0
Shakespeare,PROPN,2,0,1
beastly,ADV,2,0,0
differ,VERB,2,0,0
greatly,ADV,2,0,0
alike,ADV,2,0,0
servant,NOUN,2,0,0
non,ADJ,2,0,0
instruction,NOUN,2,0,0
pin,VERB,2,0,0
insufferable,ADJ,2,0,0
mentality,NOUN,2,0,0
snob,NOUN,2,0,0
moreover,ADV,2,1,0
employer,NOUN,2,0,0
drudge,NOUN,2,0,0
German,PROPN,2,0,1
lord,NOUN,2,0,0
stock,NOUN,2,0,0
clung,ADJ,2,0,0
beast,NOUN,2,0,0
statement,NOUN,2,0,0
fork,NOUN,2,0,0
lick,VERB,2,0,0
gravy,NOUN,2,0,0
judge,VERB,2,0,0
say,INTJ,2,1,0
finger,VERB,2,0,0
smartness,NOUN,2,0,0
forehead,NOUN,2,0,0
material,NOUN,2,0,0
inferior,ADJ,2,0,0
consequence,NOUN,2,0,0
damage,VERB,2,0,0
roast,NOUN,2,0,0
broom,NOUN,2,0,0
millionaire,NOUN,2,0,0
murmur,NOUN,2,0,0
marmalade,NOUN,2,0,0
sauce,NOUN,2,0,0
blackmail,NOUN,2,0,0
eating,NOUN,2,0,0
Empire,PROPN,2,0,1
print,NOUN,2,0,0
amen,INTJ,2,0,0
bang,NOUN,2,0,0
pigsty,NOUN,2,0,0
rubbish,NOUN,2,0,0
excited,ADJ,2,0,0
astonishment,PROPN,2,0,1
cash,NOUN,2,0,0
grocer,NOUN,2,0,0
elephant,NOUN,2,0,0
tooth,NOUN,2,0,0
draught,NOUN,2,0,0
hip,NOUN,2,0,0
sous,NOUN,2,0,0
nuisance,NOUN,2,0,0
stamp,VERB,2,0,0
literature,NOUN,2,0,0
variation,NOUN,2,0,0
tumble,VERB,2,0,0
dawn,NOUN,2,0,0
drowsy,NOUN,2,0,0
gloomily,ADV,2,0,0
daylight,NOUN,2,0,0
sun,NOUN,2,0,0
sleeping,NOUN,2,0,0
encourage,VERB,2,0,0
sensation,NOUN,2,0,0
aside,ADP,2,0,0
journey,NOUN,2,0,0
contentment,NOUN,2,0,0
afield,ADV,2,0,0
uproar,NOUN,2,0,0
purple,ADJ,2,0,0
necessity,NOUN,2,0,0
confused,ADJ,2,0,0
din,NOUN,2,0,0
Marseillaise,PROPN,2,0,1
silent,ADJ,2,0,0
sham,NOUN,2,0,0
balanced,ADJ,2,0,0
pinch,VERB,2,0,0
breast,NOUN,2,0,0
Manuel,PROPN,2,0,1
handy,ADJ,2,0,0
Louis,PROPN,2,0,1
communist,NOUN,2,0,0
Republic,PROPN,2,0,1
comradeship,NOUN,2,0,0
heroism,NOUN,2,0,0
hero,NOUN,2,0,0
Verdun,PROPN,2,0,1
wound,NOUN,2,0,0
fit,NOUN,2,0,0
wink,NOUN,2,0,0
deep,ADV,2,0,0
à,NOUN,2,0,0
bas,PROPN,2,0,1
limb,NOUN,2,0,0
dance,NOUN,2,0,0
empty,VERB,2,1,0
thunder,VERB,2,0,0
water,VERB,2,0,0
confession,NOUN,2,0,0
briefly,ADV,2,0,0
headache,NOUN,2,0,0
crew,NOUN,2,0,0
stain,VERB,2,0,0
implore,VERB,2,0,0
damnable,ADJ,2,0,0
intelligence,NOUN,2,0,0
reflect,VERB,2,0,0
enceinte,NOUN,2,0,0
enceinte,VERB,2,0,0
appal,VERB,2,0,0
ma,PROPN,2,0,1
advice,NOUN,2,0,0
kindly,ADV,2,0,0
grip,VERB,2,0,0
completely,ADV,2,0,0
neither,CCONJ,2,1,0
twin,NOUN,2,0,0
lancés,NOUN,2,0,0
sympathetic,ADJ,2,0,0
temperament,NOUN,2,0,0
unlock,VERB,2,0,0
electricity,NOUN,2,0,0
patience,NOUN,2,0,0
whitewash,VERB,2,0,0
fitting,ADJ,2,0,0
distant,ADJ,2,0,0
sharp,ADV,2,0,0
passionately,ADV,2,0,0
boast,NOUN,2,0,0
fool,VERB,2,0,0
vomit,VERB,2,0,0
spare,VERB,2,0,0
invent,VERB,2,0,0
cut,NOUN,2,0,0
baize,NOUN,2,0,0
check,NOUN,2,0,0
decoration,NOUN,2,0,0
concierge,NOUN,2,0,0
interview,NOUN,2,0,0
ham,NOUN,2,0,0
adequate,ADJ,2,0,0
fire,VERB,2,0,0
joint,NOUN,2,0,0
roof,VERB,2,0,0
raid,VERB,2,0,0
scrap,VERB,2,0,0
overnight,ADV,2,0,0
outside,NOUN,2,0,0
onion,NOUN,2,0,0
incompetence,NOUN,2,0,0
comparatively,ADV,2,0,0
Tolstoy,PROPN,2,0,1
petty,ADJ,2,0,0
cramp,VERB,2,0,0
chop,VERB,2,0,0
burning,NOUN,2,0,0
crise,PROPN,2,0,1
nerfs,PROPN,2,0,1
apologize,VERB,2,0,0
Tea,PROPN,2,0,1
music,NOUN,2,0,0
Vienna,PROPN,2,0,1
separate,VERB,2,0,0
supply,NOUN,2,0,0
stow,VERB,2,0,0
dispute,NOUN,2,0,0
properly,ADV,2,0,0
increase,NOUN,2,0,0
fatigue,NOUN,2,0,0
continuous,ADJ,2,0,0
barely,ADV,2,0,0
lazier,ADV,2,0,0
malignant,ADJ,2,0,0
trap,VERB,2,0,0
Français,PROPN,2,0,1
destroy,VERB,2,0,0
B,PROPN,2,0,1
sound,VERB,2,0,0
tart,NOUN,2,0,0
short,ADV,2,0,0
idleness,ADJ,2,0,0
form,VERB,2,0,0
civilization,NOUN,2,0,0
rickshaw,NOUN,2,0,0
eastern,ADJ,2,0,0
rickshaw,ADJ,2,0,0
disease,VERB,2,0,0
bahinchut,NOUN,2,0,0
lung,NOUN,2,0,0
cheap,ADV,2,0,0
equal,VERB,2,0,0
sore,NOUN,2,0,0
thrash,VERB,2,0,0
unnecessary,ADJ,2,0,0
amount,NOUN,2,1,0
convenience,NOUN,2,0,0
king,NOUN,2,0,0
benefit,NOUN,2,0,0
immediate,ADJ,2,0,0
economic,ADJ,2,0,0
risk,NOUN,2,0,0
essay,NOUN,2,0,0
side,VERB,2,1,0
foresee,VERB,2,0,0
alternative,NOUN,2,0,0
superstitious,ADJ,2,0,0
shape,NOUN,2,0,0
ultimately,ADV,2,0,0
consequently,ADV,2,0,0
equally,ADV,2,0,0
reference,NOUN,2,0,0
bath,VERB,2,0,0
auberge,ADJ,2,0,0
firewood,NOUN,2,0,0
alert,ADJ,2,0,0
smuggling,NOUN,2,0,0
betray,VERB,2,0,0
bowel,NOUN,2,0,0
yearn,VERB,2,0,0
surprising,ADJ,2,0,0
clasp,VERB,2,0,0
tap,VERB,2,0,0
arrest,VERB,2,0,0
Commissaire,PROPN,2,0,1
release,VERB,2,0,0
Tilbury,PROPN,2,0,1
diary,NOUN,2,0,0
praise,VERB,2,0,0
climate,NOUN,2,0,0
architecture,NOUN,2,0,0
building,NOUN,2,0,0
stare,VERB,2,0,0
build,VERB,2,0,0
outside,ADV,2,0,0
helpless,ADJ,2,0,0
dressed,ADJ,2,0,0
demeanour,NOUN,2,0,0
frank,ADJ,2,0,0
movement,NOUN,2,0,0
powerful,ADJ,2,0,0
degrade,VERB,2,0,0
irrational,ADJ,2,0,0
doss,ADJ,2,0,0
kerb,NOUN,2,0,0
patch,VERB,2,0,0
sleepy,ADJ,2,0,0
wave,NOUN,2,0,0
shut,NOUN,2,0,0
loathsome,ADJ,2,0,0
wood,NOUN,2,0,0
convex,ADJ,2,0,0
stank,VERB,2,0,0
bear,VERB,2,0,0
counterpane,NOUN,2,0,0
bladder,NOUN,2,0,0
roller,NOUN,2,0,0
sticky,ADJ,2,0,0
unwashed,ADJ,2,0,0
eastward,ADV,2,0,0
high,ADV,2,0,0
back,VERB,2,1,0
forty,NOUN,2,0,0
mug,NOUN,2,0,0
bacon,NOUN,2,0,0
eternal,ADJ,2,0,0
dirty,NOUN,2,0,0
Pennyfields,PROPN,2,0,1
owner,NOUN,2,0,0
south,ADJ,2,0,0
downstair,NOUN,2,0,0
firing,NOUN,2,0,0
Steve,PROPN,2,0,1
nap,NOUN,2,0,0
sharing,NOUN,2,0,0
wizene,VERB,2,0,0
pensioner,NOUN,2,0,0
pence,NOUN,2,0,0
west,NOUN,2,0,0
tram,NOUN,2,0,0
noisy,ADJ,2,0,0
square,NOUN,2,0,0
drunkenness,ADJ,2,0,0
feverish,ADJ,2,0,0
land,NOUN,2,0,0
lascar,NOUN,2,0,0
silk,NOUN,2,0,0
interrupting,NOUN,2,0,0
angrily,ADV,2,0,0
argue,NOUN,2,0,0
fate,NOUN,2,0,0
Middlesex,PROPN,2,0,1
Street,PROPN,2,0,1
brat,NOUN,2,0,0
bawl,VERB,2,0,0
Pensioner,PROPN,2,0,1
ole,VERB,2,0,0
afore,ADV,2,0,0
disregard,VERB,2,0,0
Bow,PROPN,2,0,1
no,NOUN,2,1,0
rarely,ADV,2,0,0
fellow,ADJ,2,0,0
tis,VERB,2,0,0
dey,NOUN,2,0,0
dat,PROPN,2,0,1
spike,VERB,2,0,0
bronchitis,NOUN,2,0,0
varicose,ADJ,2,0,0
dere,PROPN,2,0,1
cricket,NOUN,2,0,0
crucifix,NOUN,2,0,0
expose,VERB,2,0,0
Father,PROPN,2,0,1
thereafter,ADV,2,1,0
pronounce,VERB,2,0,0
furtively,ADV,2,0,0
health,NOUN,2,0,0
grin,VERB,2,0,0
hearing,NOUN,2,0,0
twopenny,ADJ,2,0,0
intention,NOUN,2,0,0
humiliate,VERB,2,0,0
fairness,NOUN,2,0,0
billy,NOUN,2,0,0
villainous,ADJ,2,0,0
route,NOUN,2,0,0
Chelsea,PROPN,2,0,1
luxurious,ADJ,2,0,0
bag,NOUN,2,0,0
ruffian,NOUN,2,0,0
confiscate,VERB,2,0,0
undressing,ADJ,2,0,0
repulsive,ADJ,2,0,0
stark,ADJ,2,0,0
elbow,VERB,2,0,0
locked,ADJ,2,0,0
scrubby,NOUN,2,0,0
underneath,ADV,2,0,0
hardness,NOUN,2,0,0
desert,VERB,2,0,0
homosexuality,NOUN,2,0,0
peel,VERB,2,0,0
shiver,VERB,2,0,0
smallpox,NOUN,2,0,0
rash,NOUN,2,0,0
disperse,VERB,2,0,0
spike,PROPN,2,0,1
eightpenny,NOUN,2,0,0
grain,NOUN,2,0,0
braid,NOUN,2,0,0
respectability,NOUN,2,0,0
browse,VERB,2,0,0
tug,NOUN,2,0,0
hungrily,ADV,2,0,0
pity,VERB,2,0,0
feelin,PROPN,2,0,1
appalling,ADJ,2,0,0
extravagance,NOUN,2,0,0
stranger,NOUN,2,0,0
apropos,NOUN,2,0,0
worm,NOUN,2,0,0
bodied,ADJ,2,0,0
murmur,VERB,2,0,0
malnutrition,NOUN,2,0,0
straw,NOUN,2,0,0
palliasse,NOUN,2,0,0
hunk,NOUN,2,0,0
magnificent,ADJ,2,0,0
appeal,NOUN,2,0,0
deadly,ADJ,2,0,0
Pip,PROPN,2,0,1
charitable,ADJ,2,0,0
lend,VERB,2,0,0
Strand,PROPN,2,0,1
schoolboy,NOUN,2,0,0
boat,VERB,2,0,0
M,PROPN,2,0,1
patent,NOUN,2,0,0
next,ADV,2,1,0
dat,VERB,2,0,0
mornin,PROPN,2,0,1
feller,NOUN,2,0,0
light,ADJ,2,0,0
establish,VERB,2,0,0
Winston,PROPN,2,0,1
likeness,NOUN,2,0,0
twisted,ADJ,2,0,0
Roman,PROPN,2,0,1
trouble,VERB,2,0,0
bloke,NOUN,2,0,0
boa,NOUN,2,0,0
constrictor,NOUN,2,0,0
rabbit,NOUN,2,0,0
gift,NOUN,2,0,0
bin,NOUN,2,0,0
leam,VERB,2,0,0
puzzle,NOUN,2,0,0
Aldebaran,PROPN,2,0,1
critic,NOUN,2,0,0
fag,NOUN,2,0,0
contrary,NOUN,2,0,0
crush,VERB,2,0,0
fault,NOUN,2,0,0
opportunity,NOUN,2,0,0
play,NOUN,2,0,0
accident,NOUN,2,0,0
ear,NOUN,2,0,0
console,VERB,2,0,0
embankment,ADJ,2,0,0
harsh,ADJ,2,0,0
whereas,SCONJ,2,1,0
criminal,NOUN,2,0,0
glimpse,NOUN,2,0,0
ship,NOUN,2,0,0
theatre,NOUN,2,0,0
hire,NOUN,2,0,0
Old,PROPN,2,0,1
kid,NOUN,2,0,0
interference,NOUN,2,0,0
Fields,PROPN,2,0,1
immoral,ADJ,2,0,0
conduct,NOUN,2,0,0
Hyde,PROPN,2,0,1
Park,PROPN,2,0,1
behave,VERB,2,0,0
return,NOUN,2,0,0
backside,NOUN,2,0,0
literary,ADJ,2,0,0
tolerate,VERB,2,0,0
swing,VERB,2,0,0
community,NOUN,2,0,0
arise,VERB,2,0,0
test,NOUN,2,0,0
businessman,NOUN,2,0,0
slang,NOUN,2,0,0
drum,NOUN,2,0,0
burglar,NOUN,2,0,0
derivation,NOUN,2,0,0
glim,NOUN,2,0,0
formation,NOUN,2,0,0
conceivably,ADV,2,0,0
w,PROPN,2,0,1
paradox,NOUN,2,0,0
Londoners,PROPN,2,0,1
magical,ADJ,2,0,0
compliment,NOUN,2,0,0
protest,NOUN,2,0,0
text,NOUN,2,0,0
annotator,NOUN,2,0,0
freely,ADV,2,0,0
glimme,VERB,2,0,0
unemployed,ADJ,2,0,0
yesterday,NOUN,2,0,0
stank,NOUN,2,0,0
merit,VERB,2,0,0
grave,NOUN,2,0,0
preach,VERB,2,0,0
brave,ADJ,2,0,0
eighteenpence,NOUN,2,0,0
Cross,PROPN,2,0,1
range,VERB,2,0,0
chatter,VERB,2,0,0
endless,ADJ,2,0,0
Bootle,PROPN,2,0,1
outnumber,VERB,2,0,0
pennyworth,NOUN,2,0,0
acutely,ADV,2,0,0
meadow,NOUN,2,0,0
tansy,NOUN,2,0,0
sturdy,ADJ,2,0,0
moochin,NOUN,2,0,0
parson,NOUN,2,0,0
beggin,NOUN,2,0,0
lay,NOUN,2,0,0
docker,NOUN,2,0,0
rotting,NOUN,2,0,0
condemn,VERB,2,0,0
amend,VERB,2,0,0
rebellion,NOUN,2,0,0
generation,NOUN,2,0,0
Poor,PROPN,2,0,1
inquiry,NOUN,2,0,0
bury,VERB,2,0,0
advise,VERB,2,0,0
sniff,VERB,2,0,0
missis,NOUN,2,0,0
journalist,NOUN,2,0,0
cold,NOUN,2,0,0
Scotty,PROPN,2,0,1
Glasgow,PROPN,2,0,1
wastage,NOUN,2,0,0
overflow,VERB,2,0,0
tool,NOUN,2,0,0
scum,ADJ,2,0,0
tripper,NOUN,2,0,0
blackguard,NOUN,2,0,0
ideal,ADJ,2,0,0
belief,NOUN,2,0,0
nomadic,ADJ,2,0,0
compel,VERB,2,0,0
vagrant,ADJ,2,0,0
rot,VERB,2,0,0
perpetual,ADJ,2,0,0
demoralize,VERB,2,0,0
minor,ADJ,2,0,0
little,ADV,2,0,0
problem,NOUN,2,0,0
present,NOUN,2,0,0
institution,NOUN,2,0,0
objection,NOUN,2,0,0
homeless,ADJ,2,0,0
exposure,NOUN,2,0,0
Hangover,PROPN,2,0,1
coffin,NOUN,2,0,0
legislation,NOUN,2,0,0
municipal,ADJ,2,0,0
George,PROPN,1,0,1
Orwell,PROPN,1,0,1
ebook,NOUN,1,0,0
e,X,1,0,0
scathful,ADJ,1,0,0
poverte,NOUN,1,0,0
Chaucer,PROPN,1,0,1
succession,NOUN,1,0,0
opposite,ADJ,1,0,0
Sacrée,PROPN,1,0,1
Salope,PROPN,1,0,1
squash,VERB,1,0,0
wallpaper,NOUN,1,0,0
Espèce,PROPN,1,0,1
trâinée,ADJ,1,0,0
Va,PROPN,1,0,1
donc,VERB,1,0,0
vielle,PROPN,1,0,1
vache,PROPN,1,0,1
thereupon,ADV,1,1,0
variegate,VERB,1,0,0
squadron,NOUN,1,0,0
cavalry,NOUN,1,0,0
sketch,VERB,1,0,0
outburst,NOUN,1,0,0
chase,VERB,1,0,0
orange,ADJ,1,0,0
peel,NOUN,1,0,0
loud,PROPN,1,0,1
ravine,NOUN,1,0,0
lurch,VERB,1,0,0
freeze,VERB,1,0,0
collapse,NOUN,1,0,0
tile,NOUN,1,0,0
Poles,PROPN,1,0,1
third,NOUN,1,1,0
conduct,VERB,1,0,0
feud,NOUN,1,0,0
revolver,NOUN,1,0,0
rackety,NOUN,1,0,0
amid,ADP,1,0,0
warren,NOUN,1,0,0
storey,NOUN,1,0,0
partition,NOUN,1,0,0
inveterately,ADV,1,0,0
patronne,PROPN,1,0,1
sweeping,NOUN,1,0,0
matchwood,NOUN,1,0,0
crack,NOUN,1,0,0
house,VERB,1,0,0
column,NOUN,1,0,0
ravenously,ADV,1,0,0
hecatomb,NOUN,1,0,0
sulphur,NOUN,1,0,0
whereupon,SCONJ,1,1,0
retort,VERB,1,0,0
sulphur,VERB,1,0,0
homelike,ADJ,1,0,0
luggage,NOUN,1,0,0
picker,NOUN,1,0,0
bulgarian,ADJ,1,0,0
lecture,NOUN,1,0,0
theology,NOUN,1,0,0
darn,VERB,1,0,0
widower,NOUN,1,0,0
consumptive,VERB,1,0,0
gathering,NOUN,1,0,0
groove,NOUN,1,0,0
dwarfish,ADJ,1,0,0
ply,VERB,1,0,0
pornographic,ADJ,1,0,0
châteaux,NOUN,1,0,0
Loire,PROPN,1,0,1
buyer,NOUN,1,0,0
economy,NOUN,1,0,0
romantic,ADV,1,0,0
chauffeur,NOUN,1,0,0
employ,NOUN,1,0,0
desperately,ADV,1,0,0
plant,VERB,1,0,0
upper,ADJ,1,0,0
jail,NOUN,1,0,0
saving,NOUN,1,0,0
induce,VERB,1,0,0
wrist,NOUN,1,0,0
signify,VERB,1,0,0
handcuff,NOUN,1,0,0
Putney,PROPN,1,0,1
Azores,PROPN,1,0,1
anywhere,ADV,1,1,0
domesticate,VERB,1,0,0
rowdy,ADJ,1,0,0
methodically,ADV,1,0,0
womanish,ADJ,1,0,0
Monsieur,PROPN,1,0,1
Roumanian,PROPN,1,0,1
Liniousin,PROPN,1,0,1
Laurent,PROPN,1,0,1
merchant,NOUN,1,0,0
signature,NOUN,1,0,0
fun,ADJ,1,0,0
biography,NOUN,1,0,0
II,PROPN,1,0,1
Life,PROPN,1,0,1
inscribe,VERB,1,0,0
Crédit,PROPN,1,0,1
mort,NOUN,1,0,0
sashe,VERB,1,0,0
Auvergnat,PROPN,1,0,1
Malaga,PROPN,1,0,1
framboise,VERB,1,0,0
épouser,NOUN,1,0,0
soldat,PROPN,1,0,1
moi,X,1,0,0
qui,NOUN,1,0,0
aime,VERB,1,0,0
tout,PROPN,1,0,1
régiment,NOUN,1,0,0
cheery,NOUN,1,0,0
local,ADJ,1,0,0
remittance,NOUN,1,0,0
excessively,ADV,1,0,0
abnormally,ADV,1,0,0
dimple,VERB,1,0,0
caper,VERB,1,0,0
orator,NOUN,1,0,0
barricade,NOUN,1,0,0
gesticulate,VERB,1,0,0
piggy,ADJ,1,0,0
enthusiasm,NOUN,1,0,0
profoundly,ADV,1,0,0
femme,VERB,1,0,0
tué,X,1,0,0
abyss,NOUN,1,0,0
plumb,VERB,1,0,0
raffiné,NOUN,1,0,0
vicieux,NOUN,1,0,0
Messieurs,PROPN,1,0,1
vie,PROPN,1,0,1
belle,NOUN,1,0,0
beseech,VERB,1,0,0
ze,PROPN,1,0,1
vid,PROPN,1,0,1
Samian,PROPN,1,0,1
vine,NOUN,1,0,0
Ve,PROPN,1,0,1
vill,ADV,1,0,0
seme,NOUN,1,0,0
zese,PROPN,1,0,1
vie,X,1,0,0
est,PROPN,1,0,1
belle,PROPN,1,0,1
fullness,NOUN,1,0,0
discourse,VERB,1,0,0
possibility,NOUN,1,0,0
desire,NOUN,1,0,0
lawyer,NOUN,1,0,0
disobey,VERB,1,0,0
tumblerful,ADJ,1,0,0
prop,VERB,1,0,0
bordel,NOUN,1,0,0
debauchery,NOUN,1,0,0
confound,ADV,1,0,0
exigeant,ADJ,1,0,0
en,ADJ,1,0,0
divert,VERB,1,0,0
flaring,NOUN,1,0,0
shutter,VERB,1,0,0
footstep,NOUN,1,0,0
crooked,ADJ,1,0,0
upwards,ADV,1,0,0
crow,NOUN,1,0,0
flaring,ADJ,1,0,0
illuminate,VERB,1,0,0
patch,NOUN,1,0,0
hobble,VERB,1,0,0
ha,INTJ,1,0,0
yourselve,VERB,1,1,0
shiver,NOUN,1,0,0
terror,NOUN,1,0,0
creep,VERB,1,0,0
breathing,NOUN,1,0,0
scraping,NOUN,1,0,0
switch,NOUN,1,0,0
electrolier,NOUN,1,0,0
globe,NOUN,1,0,0
flood,VERB,1,0,0
behold,ADV,1,0,0
colour,VERB,1,0,0
yourself,NOUN,1,1,0
plush,NOUN,1,0,0
red,VERB,1,0,0
quilt,NOUN,1,0,0
whimper,NOUN,1,0,0
fright,NOUN,1,0,0
bound,ADJ,1,0,0
elude,VERB,1,0,0
paint,NOUN,1,0,0
distort,VERB,1,0,0
doubtless,NOUN,1,0,0
tiger,NOUN,1,0,0
incomparable,ADJ,1,0,0
rapture,NOUN,1,0,0
strive,VERB,1,0,0
ideal,NOUN,1,0,0
creed,NOUN,1,0,0
profitless,NOUN,1,0,0
savagely,ADV,1,0,0
attack,NOUN,1,0,0
anew,ADV,1,0,0
murder,VERB,1,0,0
secure,ADJ,1,0,0
pyramid,NOUN,1,0,0
smear,NOUN,1,0,0
irrecoverable,ADJ,1,0,0
conception,NOUN,1,0,0
shortness,NOUN,1,0,0
réalité,NOUN,1,0,0
duration,NOUN,1,0,0
nothingness,NOUN,1,0,0
attain,VERB,1,0,0
savagery,NOUN,1,0,0
petal,NOUN,1,0,0
rose,NOUN,1,0,0
languid,ADJ,1,0,0
vain,ADJ,1,0,0
regret,NOUN,1,0,0
revulsion,NOUN,1,0,0
nauseous,ADJ,1,0,0
prey,NOUN,1,0,0
vault,NOUN,1,0,0
echo,VERB,1,0,0
Love,PROPN,1,0,1
diverse,ADJ,1,0,0
flourish,VERB,1,0,0
III,PROPN,1,0,1
Hitherto,PROPN,1,0,1
precaution,NOUN,1,0,0
tourist,NOUN,1,0,0
interpreter,NOUN,1,0,0
compositor,NOUN,1,0,0
side,ADJ,1,1,0
mark,NOUN,1,0,0
intellectual,ADJ,1,0,0
duplicate,ADJ,1,0,0
key,NOUN,1,0,0
penniless,NOUN,1,0,0
prosaically,ADV,1,0,0
lowness,NOUN,1,0,0
shift,NOUN,1,0,0
meanness,NOUN,1,0,0
wiping,NOUN,1,0,0
secrecy,NOUN,1,0,0
tangle,VERB,1,0,0
laundress,ADJ,1,0,0
catch,NOUN,1,0,0
ostensibly,ADV,1,0,0
Luxembourg,PROPN,1,0,1
Gardens,PROPN,1,0,1
household,NOUN,1,0,0
dearer,NOUN,1,0,0
barber,NOUN,1,0,0
arc,VERB,1,0,0
precariousness,NOUN,1,0,0
spirit,PROPN,1,0,1
forearm,NOUN,1,0,0
flick,NOUN,1,0,0
nail,NOUN,1,0,0
plop,NOUN,1,0,0
foodless,ADJ,1,0,0
clumsy,ADJ,1,0,0
Bread,PROPN,1,0,1
extra,NOUN,1,0,0
venture,NOUN,1,0,0
greengrocer,NOUN,1,0,0
kilogram,NOUN,1,0,0
slink,VERB,1,0,0
stray,VERB,1,0,0
fly,NOUN,1,0,0
multiply,VERB,1,0,0
wasteful,ADJ,1,0,0
Gruyere,PROPN,1,0,1
grindstone,NOUN,1,0,0
snivel,VERB,1,0,0
refrain,VERB,1,0,0
jeune,NOUN,1,0,0
squelette,NOUN,1,0,0
Baudelaire,PROPN,1,0,1
rouse,VERB,1,0,0
accessory,NOUN,1,0,0
secondhand,NOUN,1,0,0
Montagne,PROPN,1,0,1
Genevieve,PROPN,1,0,1
haired,ADJ,1,0,0
injury,NOUN,1,0,0
incredibly,ADV,1,0,0
billiard,NOUN,1,0,0
ball,NOUN,1,0,0
flatten,VERB,1,0,0
complication,NOUN,1,0,0
annihilate,VERB,1,0,0
limit,NOUN,1,0,0
liable,ADJ,1,0,0
craven,ADJ,1,0,0
indifferent,ADJ,1,0,0
shocking,ADJ,1,0,0
wander,NOUN,1,0,0
topic,NOUN,1,0,0
diet,PROPN,1,0,1
anodyne,NOUN,1,0,0
IV,PROPN,1,0,1
pupil,NOUN,1,0,0
dismiss,VERB,1,0,0
fund,NOUN,1,0,0
leave,NOUN,1,0,0
remove,VERB,1,0,0
sly,ADV,1,0,0
portal,NOUN,1,0,0
Liberté,PROPN,1,0,1
Égalité,PROPN,1,0,1
Fraternité,PROPN,1,0,1
classroom,NOUN,1,0,0
assess,VERB,1,0,0
beckon,NOUN,1,0,0
button,VERB,1,0,0
display,VERB,1,0,0
woollen,ADJ,1,0,0
shamble,VERB,1,0,0
mutter,VERB,1,0,0
moderately,ADV,1,0,0
pawnable,ADJ,1,0,0
spare,ADJ,1,0,0
wise,ADJ,1,0,0
bistro,ADJ,1,0,0
uneasy,ADJ,1,0,0
strangely,ADV,1,0,0
due,ADP,1,1,0
arthritis,NOUN,1,0,0
looking,NOUN,1,0,0
illness,NOUN,1,0,0
adventurous,ADJ,1,0,0
ambition,NOUN,1,0,0
mâitre,NOUN,1,0,0
select,ADJ,1,0,0
Right,PROPN,1,0,1
Bank,PROPN,1,0,1
war,ADJ,1,0,0
soldiering,NOUN,1,0,0
Kutuzof,PROPN,1,0,1
Clausewitz,PROPN,1,0,1
Moltke,PROPN,1,0,1
please,VERB,1,0,0
Gloserie,PROPN,1,0,1
Lilas,PROPN,1,0,1
Marshal,PROPN,1,0,1
Ney,PROPN,1,0,1
nearer,NOUN,1,0,0
surrender,VERB,1,0,0
piff,PROPN,1,0,1
Edouard,PROPN,1,0,1
Sept,PROPN,1,0,1
cellarman,PROPN,1,0,1
scrubber,NOUN,1,0,0
compute,VERB,1,0,0
ça,PROPN,1,0,1
reviendra,PROPN,1,0,1
victory,NOUN,1,0,0
changeable,ADJ,1,0,0
reconcile,VERB,1,0,0
gamble,NOUN,1,0,0
Maxim,PROPN,1,0,1
guarçon,ADJ,1,0,0
twelve,NOUN,1,1,0
extradite,VERB,1,0,0
embezzlement,NOUN,1,0,0
fine,NOUN,1,0,0
Hôtels,PROPN,1,0,1
bosh,ADJ,1,0,0
publisher,NOUN,1,0,0
bend,VERB,1,0,0
dish,ADJ,1,0,0
asking,NOUN,1,0,0
influential,ADJ,1,0,0
assume,VERB,1,0,0
cosy,ADJ,1,0,0
squander,VERB,1,0,0
Gaulois,PROPN,1,0,1
Bleu,PROPN,1,0,1
anticipation,NOUN,1,0,0
shimmy,ADJ,1,0,0
odour,NOUN,1,0,0
slop,NOUN,1,0,0
misgiving,NOUN,1,0,0
attic,ADJ,1,0,0
stand,NOUN,1,0,0
shape,VERB,1,0,0
mound,NOUN,1,0,0
grimy,ADJ,1,0,0
spot,VERB,1,0,0
insect,NOUN,1,0,0
quay,NOUN,1,0,0
Font,PROPN,1,0,1
barrel,NOUN,1,0,0
mechanic,NOUN,1,0,0
heaven,NOUN,1,0,0
Chance,PROPN,1,0,1
certainty,NOUN,1,0,0
entendue,NOUN,1,0,0
magnetos,NOUN,1,0,0
persist,VERB,1,0,0
extremity,NOUN,1,0,0
wretched,ADJ,1,0,0
odd,NOUN,1,0,0
ink,NOUN,1,0,0
ink,VERB,1,0,0
cave,NOUN,1,0,0
scrubbing,NOUN,1,0,0
untouched,ADJ,1,0,0
bureau,NOUN,1,0,0
stout,ADJ,1,0,0
looking,ADJ,1,0,0
restaurateur,PROPN,1,0,1
redecorate,VERB,1,0,0
optimism,NOUN,1,0,0
stocking,NOUN,1,0,0
feasible,ADJ,1,0,0
flinch,VERB,1,0,0
pencil,NOUN,1,0,0
en,NOUN,1,0,0
diamant,NOUN,1,0,0
security,NOUN,1,0,0
VI,PROPN,1,0,1
ingratiatingly,ADV,1,0,0
engaged,ADJ,1,0,0
straight,ADJ,1,0,0
Malheureusement,PROPN,1,0,1
enrol,VERB,1,0,0
slow,ADJ,1,0,0
railway,NOUN,1,0,0
truck,NOUN,1,0,0
reject,VERB,1,0,0
circus,NOUN,1,0,0
shift,VERB,1,0,0
performance,NOUN,1,0,0
attraction,NOUN,1,0,0
petit,NOUN,1,0,0
petit,ADJ,1,0,0
match,VERB,1,0,0
unbutton,VERB,1,0,0
bus,NOUN,1,0,0
swing,NOUN,1,0,0
untruly,ADV,1,0,0
Bien,PROPN,1,0,1
wicker,NOUN,1,0,0
hundredweight,ADJ,1,0,0
handwriting,NOUN,1,0,0
sweet,NOUN,1,0,0
Cherished,PROPN,1,0,1
Wolf,PROPN,1,0,1
delight,NOUN,1,0,0
thy,ADJ,1,0,0
linger,ADJ,1,0,0
request,NOUN,1,0,0
Thou,PROPN,1,0,1
dost,VERB,1,0,0
desolate,VERB,1,0,0
embarrassment,NOUN,1,0,0
wouldst,ADJ,1,0,0
thou,NOUN,1,0,0
cony,NOUN,1,0,0
sister,NOUN,1,0,0
thee,NOUN,1,0,0
Courage,PROPN,1,0,1
wolf,NOUN,1,0,0
sincere,ADJ,1,0,0
embrace,NOUN,1,0,0
thy,PROPN,1,0,1
disappoint,VERB,1,0,0
spoon,NOUN,1,0,0
squabble,NOUN,1,0,0
anger,NOUN,1,0,0
tolerable,ADJ,1,0,0
appetite,NOUN,1,0,0
torment,NOUN,1,0,0
surprisingly,ADV,1,0,0
capacity,NOUN,1,0,0
Royale,PROPN,1,0,1
Madeleine,PROPN,1,0,1
solemnly,ADV,1,0,0
sacrifice,NOUN,1,0,0
immortal,ADJ,1,0,0
utter,ADJ,1,0,0
restive,ADJ,1,0,0
patronage,NOUN,1,0,0
beard,NOUN,1,0,0
Iscariot,PROPN,1,0,1
billet,NOUN,1,0,0
capitaine,NOUN,1,0,0
jewish,ADJ,1,0,0
coin,NOUN,1,0,0
saying,NOUN,1,0,0
VII,PROPN,1,0,1
ooze,VERB,1,0,0
fast,VERB,1,0,0
fasting,NOUN,1,0,0
voluntarily,ADV,1,0,0
inert,ADJ,1,0,0
fishing,NOUN,1,0,0
bluebottle,NOUN,1,0,0
dace,NOUN,1,0,0
siege,NOUN,1,0,0
Memoirs,PROPN,1,0,1
Sherlock,PROPN,1,0,1
Holmes,PROPN,1,0,1
spineless,ADJ,1,0,0
brainless,NOUN,1,0,0
after,NOUN,1,1,0
influenza,NOUN,1,0,0
jellyfish,NOUN,1,0,0
pump,VERB,1,0,0
luke,ADJ,1,0,0
inertia,NOUN,1,0,0
flocculent,NOUN,1,0,0
cuckoo,NOUN,1,0,0
spit,NOUN,1,0,0
furiously,ADV,1,0,0
flatly,ADV,1,0,0
consent,VERB,1,0,0
extort,VERB,1,0,0
disappointed,ADJ,1,0,0
review,VERB,1,0,0
indecency,NOUN,1,0,0
lieu,NOUN,1,0,0
forestall,VERB,1,0,0
Foutre,PROPN,1,0,1
camp,NOUN,1,0,0
correct,ADJ,1,0,0
daytime,NOUN,1,0,0
watch,NOUN,1,0,0
cover,NOUN,1,0,0
your,NOUN,1,1,0
Francs,PROPN,1,0,1
Bourgeois,PROPN,1,0,1
brazen,NOUN,1,0,0
Beresina,PROPN,1,0,1
ruse,VERB,1,0,0
weakness,NOUN,1,0,0
ruse,NOUN,1,0,0
successfully,ADV,1,0,0
hitch,NOUN,1,0,0
valise,NOUN,1,0,0
awkward,ADJ,1,0,0
obstinacy,NOUN,1,0,0
interested,ADJ,1,0,0
bicycle,NOUN,1,0,0
Petit,PROPN,1,0,1
Parisien,PROPN,1,0,1
reconnoitre,VERB,1,0,0
trembling,NOUN,1,0,0
opposite,ADP,1,0,0
rejoice,VERB,1,0,0
creak,VERB,1,0,0
revel,VERB,1,0,0
pedantry,NOUN,1,0,0
identification,NOUN,1,0,0
tax,NOUN,1,0,0
trudge,VERB,1,0,0
Fate,PROPN,1,0,1
unamuse,VERB,1,0,0
Broca,PROPN,1,0,1
parboil,VERB,1,0,0
else,NOUN,1,1,0
anyway,ADV,1,1,0
note,VERB,1,0,0
spring,VERB,1,0,0
grip,NOUN,1,0,0
optimistic,ADJ,1,0,0
Allons,PROPN,1,0,1
altercation,NOUN,1,0,0
contrary,ADJ,1,0,0
marvellous,ADJ,1,0,0
VIII,PROPN,1,0,1
taxis,NOUN,1,0,0
Russia,PROPN,1,0,1
englishman,NOUN,1,0,0
exiled,ADJ,1,0,0
gallant,ADJ,1,0,0
unfortunately,ADV,1,0,0
notecase,NOUN,1,0,0
exile,NOUN,1,0,0
mysteriously,ADV,1,0,0
patriot,NOUN,1,0,0
Moses,PROPN,1,0,1
Egyptians,PROPN,1,0,1
Bible,PROPN,1,0,1
agent,NOUN,1,0,0
Bolsheviks,PROPN,1,0,1
exile,VERB,1,0,0
correspondent,NOUN,1,0,0
commission,VERB,1,0,0
loathe,VERB,1,0,0
opposite,NOUN,1,0,0
suspicion,NOUN,1,0,0
deportation,NOUN,1,0,0
somewhere,ADV,1,1,0
Chamber,PROPN,1,0,1
Deputies,PROPN,1,0,1
caution,NOUN,1,0,0
trade,VERB,1,0,0
slayer,NOUN,1,0,0
courtyard,NOUN,1,0,0
landing,NOUN,1,0,0
surly,ADV,1,0,0
startle,VERB,1,0,0
frosted,ADJ,1,0,0
stricken,VERB,1,0,0
propaganda,NOUN,1,0,0
lettering,NOUN,1,0,0
crude,ADJ,1,0,0
Lenin,PROPN,1,0,1
wrapper,NOUN,1,0,0
careless,ADJ,1,0,0
fussily,ADV,1,0,0
everybody,PRON,1,0,0
laundry,ADJ,1,0,0
revolutionary,ADJ,1,0,0
shrug,NOUN,1,0,0
dove,NOUN,1,0,0
Ivan,PROPN,1,0,1
Alexandrovitch,PROPN,1,0,1
revolution,NOUN,1,0,0
firmly,ADV,1,0,0
controversy,NOUN,1,0,0
bourgeois,ADJ,1,0,0
pastime,NOUN,1,0,0
deed,NOUN,1,0,0
sympathy,NOUN,1,0,0
Ministers,PROPN,1,0,1
contemptuous,ADJ,1,0,0
Football,PROPN,1,0,1
continent,NOUN,1,0,0
nod,VERB,1,0,0
gravely,ADV,1,0,0
knowledge,NOUN,1,0,0
particular,NOUN,1,0,0
pay,NOUN,1,0,0
Au,PROPN,1,0,1
revoir,NOUN,1,0,0
sacrificial,ADJ,1,0,0
cigar,NOUN,1,0,0
beaming,NOUN,1,0,0
finely,ADV,1,0,0
postman,NOUN,1,0,0
ce,NOUN,1,0,0
prey,VERB,1,0,0
admirably,ADV,1,0,0
ix,NOUN,1,0,0
traipse,VERB,1,0,0
diminish,VERB,1,0,0
come,NOUN,1,0,0
importance,NOUN,1,0,0
fatal,ADJ,1,0,0
jeweller,NOUN,1,0,0
smack,VERB,1,0,0
flush,NOUN,1,0,0
dignified,ADJ,1,0,0
wavy,ADJ,1,0,0
breasted,ADJ,1,0,0
smelling,NOUN,1,0,0
scent,NOUN,1,0,0
tomato,NOUN,1,0,0
genially,ADV,1,0,0
shuffle,VERB,1,0,0
uneasily,ADV,1,0,0
warmly,ADV,1,0,0
golfer,NOUN,1,0,0
certainement,NOUN,1,0,0
golf,NOUN,1,0,0
principal,ADJ,1,0,0
attentively,ADV,1,0,0
driver,NOUN,1,0,0
entendu,NOUN,1,0,0
maitre,ADJ,1,0,0
lavatory,PROPN,1,0,1
grandly,ADV,1,0,0
smallish,ADJ,1,0,0
trumpery,NOUN,1,0,0
le,INTJ,1,0,0
Normand,PROPN,1,0,1
propose,VERB,1,0,0
medieval,ADJ,1,0,0
historical,ADJ,1,0,0
inn,NOUN,1,0,0
site,NOUN,1,0,0
Charlemagne,PROPN,1,0,1
strongly,ADV,1,0,0
incompetent,ADJ,1,0,0
unmistakable,ADJ,1,0,0
discourage,VERB,1,0,0
fous,PROPN,1,0,1
Jardin,PROPN,1,0,1
Plantes,PROPN,1,0,1
shot,NOUN,1,0,0
select,VERB,1,0,0
bortch,NOUN,1,0,0
crayfish,NOUN,1,0,0
casserole,NOUN,1,0,0
plum,NOUN,1,0,0
suet,NOUN,1,0,0
pudding,NOUN,1,0,0
Roquefort,PROPN,1,0,1
Burgundy,PROPN,1,0,1
international,ADJ,1,0,0
eager,ADJ,1,0,0
beam,VERB,1,0,0
bent,ADJ,1,0,0
cher,PROPN,1,0,1
appoint,VERB,1,0,0
waistcoat,NOUN,1,0,0
crushed,ADJ,1,0,0
Gamembert,PROPN,1,0,1
eclair,NOUN,1,0,0
jumble,VERB,1,0,0
swine,NOUN,1,0,0
stillroom,NOUN,1,0,0
Gottard,PROPN,1,0,1
recommendation,NOUN,1,0,0
classical,ADJ,1,0,0
facade,NOUN,1,0,0
check,VERB,1,0,0
assistant,NOUN,1,0,0
overwork,NOUN,1,0,0
experienced,ADJ,1,0,0
practise,VERB,1,0,0
stoop,VERB,1,0,0
stiflingly,ADV,1,0,0
bulb,NOUN,1,0,0
queerly,ADV,1,0,0
deck,NOUN,1,0,0
liner,NOUN,1,0,0
cramped,ADJ,1,0,0
humming,ADJ,1,0,0
whir,VERB,1,0,0
whir,NOUN,1,0,0
engine,NOUN,1,0,0
shouting,NOUN,1,0,0
shuddering,NOUN,1,0,0
draught,VERB,1,0,0
slab,NOUN,1,0,0
damp,ADJ,1,0,0
spongy,ADJ,1,0,0
toi,NOUN,1,0,0
cloudless,ADJ,1,0,0
maidenhead,ADJ,1,0,0
branch,VERB,1,0,0
fuzzy,ADJ,1,0,0
motion,NOUN,1,0,0
doorpost,ADV,1,0,0
hurriedly,ADV,1,0,0
stifling,ADJ,1,0,0
ceilinge,VERB,1,0,0
inferno,NOUN,1,0,0
clanging,NOUN,1,0,0
skip,VERB,1,0,0
stoke,VERB,1,0,0
moustachio,NOUN,1,0,0
middle,ADJ,1,0,0
booming,NOUN,1,0,0
continuously,ADV,1,0,0
deux,PROPN,1,0,1
oeufs,X,1,0,0
brouillés,PROPN,1,0,1
Chateaubriand,PROPN,1,0,1
pommes,PROPN,1,0,1
sautées,NOUN,1,0,0
unknowingly,ADV,1,0,0
beckon,VERB,1,0,0
lunatic,ADJ,1,0,0
fous,ADJ,1,0,0
moi,NOUN,1,0,0
camp,PROPN,1,0,1
reception,NOUN,1,0,0
maquereau,NOUN,1,0,0
mackerel,PROPN,1,0,1
curse,NOUN,1,0,0
probation,NOUN,1,0,0
booze,NOUN,1,0,0
leaving,NOUN,1,0,0
mellow,ADJ,1,0,0
Benvenuto,PROPN,1,0,1
Cellini,PROPN,1,0,1
insurance,NOUN,1,0,0
prod,VERB,1,0,0
genial,ADJ,1,0,0
permanent,ADJ,1,0,0
Arcade,PROPN,1,0,1
Species,PROPN,1,0,1
chuck,VERB,1,0,0
lapel,NOUN,1,0,0
earnestly,ADV,1,0,0
stupidity,NOUN,1,0,0
morality,NOUN,1,0,0
foolish,ADJ,1,0,0
scruple,NOUN,1,0,0
discharge,VERB,1,0,0
throng,VERB,1,0,0
XI,PROPN,1,0,1
exceptionally,ADV,1,0,0
hardship,NOUN,1,0,0
stuffiness,NOUN,1,0,0
organize,VERB,1,0,0
breadcutter,NOUN,1,0,0
dim,PROPN,1,0,1
electric,PROPN,1,0,1
bulb,PROPN,1,0,1
thermometer,NOUN,1,0,0
near,VERB,1,0,0
Greenland,PROPN,1,0,1
icy,ADJ,1,0,0
coral,NOUN,1,0,0
strand,NOUN,1,0,0
excitable,ADJ,1,0,0
operatic,ADJ,1,0,0
gesture,NOUN,1,0,0
uncouth,NOUN,1,0,0
Transylvanian,PROPN,1,0,1
collide,VERB,1,0,0
incessantly,ADV,1,0,0
spasmodic,ADJ,1,0,0
burst,NOUN,1,0,0
burst,ADJ,1,0,0
guest,NOUN,1,0,0
banging,NOUN,1,0,0
rang,VERB,1,0,0
simultaneous,ADJ,1,0,0
crash,NOUN,1,0,0
slice,VERB,1,0,0
rolling,ADJ,1,0,0
pat,NOUN,1,0,0
porridge,NOUN,1,0,0
pound,VERB,1,0,0
grind,VERB,1,0,0
voucher,ADJ,1,0,0
calculate,VERB,1,0,0
mental,ADJ,1,0,0
astonishingly,ADV,1,0,0
leap,VERB,1,0,0
multitude,NOUN,1,0,0
sort,VERB,1,0,0
simultaneously,ADV,1,0,0
grapefruit,NOUN,1,0,0
lightning,NOUN,1,0,0
pende,VERB,1,0,0
lost,ADJ,1,0,0
soda,NOUN,1,0,0
reliable,ADJ,1,0,0
delirium,NOUN,1,0,0
lull,NOUN,1,0,0
gallipot,NOUN,1,0,0
chunk,NOUN,1,0,0
incline,VERB,1,0,0
stretch,VERB,1,0,0
snatch,NOUN,1,0,0
Rigoletto,PROPN,1,0,1
praise,NOUN,1,0,0
pandemonium,NOUN,1,0,0
relatively,ADV,1,0,0
uninterrupte,VERB,1,0,0
period,NOUN,1,0,0
warm,VERB,1,0,0
firelit,ADJ,1,0,0
blindingly,ADV,1,0,0
arctic,ADJ,1,0,0
petrol,NOUN,1,0,0
essence,NOUN,1,0,0
individually,ADV,1,0,0
mess,NOUN,1,0,0
charging,NOUN,1,0,0
collision,NOUN,1,0,0
maniacs,NOUN,1,0,0
chaos,NOUN,1,0,0
length,NOUN,1,0,0
heeltap,NOUN,1,0,0
bedside,NOUN,1,0,0
bien,PROPN,1,0,1
saoulé,VERB,1,0,0
la,ADP,1,0,0
gueule,NOUN,1,0,0
pas,NOUN,1,0,0
vrai,NOUN,1,0,0
cinder,NOUN,1,0,0
turkish,ADJ,1,0,0
XII,PROPN,1,0,1
communicate,VERB,1,0,0
delightfully,ADV,1,0,0
comely,ADV,1,0,0
sleek,ADJ,1,0,0
gross,VERB,1,0,0
chestnut,NOUN,1,0,0
northern,ADJ,1,0,0
permit,NOUN,1,0,0
antiquated,ADJ,1,0,0
rack,NOUN,1,0,0
of,NOUN,1,1,0
flake,NOUN,1,0,0
treacly,ADV,1,0,0
lather,VERB,1,0,0
combine,VERB,1,0,0
intolerably,ADV,1,0,0
insolent,ADJ,1,0,0
civility,NOUN,1,0,0
amusing,ADJ,1,0,0
splendour,ADJ,1,0,0
spotless,NOUN,1,0,0
gilt,NOUN,1,0,0
cornice,NOUN,1,0,0
cherubim,NOUN,1,0,0
slither,VERB,1,0,0
compound,NOUN,1,0,0
soapy,ADJ,1,0,0
lettuce,NOUN,1,0,0
armpit,NOUN,1,0,0
mixed,ADJ,1,0,0
rinse,VERB,1,0,0
coco,ADJ,1,0,0
nut,NOUN,1,0,0
mat,NOUN,1,0,0
preen,VERB,1,0,0
alter,NOUN,1,0,0
irritation,NOUN,1,0,0
solemn,ADJ,1,0,0
priest,NOUN,1,0,0
assistant,ADJ,1,0,0
fiery,ADJ,1,0,0
pause,VERB,1,0,0
soundproof,NOUN,1,0,0
fais,ADJ,1,0,0
chier,NOUN,1,0,0
Maquereau,PROPN,1,0,1
Squire,PROPN,1,0,1
Western,PROPN,1,0,1
Jones,PROPN,1,0,1
sail,VERB,1,0,0
graceful,ADJ,1,0,0
swan,NOUN,1,0,0
reverently,ADV,1,0,0
aristocrat,NOUN,1,0,0
odious,ADJ,1,0,0
decade,NOUN,1,0,0
occupation,NOUN,1,0,0
addition,NOUN,1,0,0
actress,NOUN,1,0,0
blonde,ADJ,1,0,0
wig,NOUN,1,0,0
vitality,NOUN,1,0,0
xiii,NOUN,1,0,0
Reason,PROPN,1,0,1
decree,VERB,1,0,0
elaborate,ADJ,1,0,0
caste,NOUN,1,0,0
grade,VERB,1,0,0
private,NOUN,1,0,0
conscientious,ADJ,1,0,0
lookout,NOUN,1,0,0
slackness,NOUN,1,0,0
bonus,NOUN,1,0,0
separate,ADJ,1,0,0
franc,VERB,1,0,0
retain,VERB,1,0,0
lastly,ADV,1,0,0
dreg,NOUN,1,0,0
tutoie,VERB,1,0,0
courier,NOUN,1,0,0
storekeeper,NOUN,1,0,0
Germans,PROPN,1,0,1
lingua,NOUN,1,0,0
franca,NOUN,1,0,0
perquisite,NOUN,1,0,0
pigkeeper,NOUN,1,0,0
trifle,NOUN,1,0,0
proceed,NOUN,1,0,0
illicit,ADJ,1,0,0
teaspoonful,NOUN,1,0,0
swig,NOUN,1,0,0
daily,ADV,1,0,0
sunday,NOUN,1,0,0
entitle,VERB,1,0,0
refunded,ADJ,1,0,0
proverb,NOUN,1,0,0
Trust,PROPN,1,0,1
venereal,ADJ,1,0,0
adopt,VERB,1,0,0
dangerous,ADV,1,0,0
weakling,NOUN,1,0,0
swift,ADJ,1,0,0
slash,VERB,1,0,0
thick,ADV,1,0,0
nimble,ADJ,1,0,0
language,NOUN,1,0,0
sulky,ADJ,1,0,0
crown,VERB,1,0,0
severe,ADJ,1,0,0
penalty,NOUN,1,0,0
interview,VERB,1,0,0
fume,VERB,1,0,0
duly,ADV,1,0,0
choice,NOUN,1,0,0
twice,ADV,1,0,0
protect,VERB,1,0,0
XIV,PROPN,1,0,1
disorder,NOUN,1,0,0
steady,ADJ,1,0,0
management,NOUN,1,0,0
unavoidable,ADJ,1,0,0
economize,VERB,1,0,0
grill,VERB,1,0,0
accumulate,VERB,1,0,0
haste,NOUN,1,0,0
mealtime,NOUN,1,0,0
pace,NOUN,1,0,0
rag,VERB,1,0,0
demon,NOUN,1,0,0
foutre,NOUN,1,0,0
defeat,VERB,1,0,0
cabman,NOUN,1,0,0
Hamlet,PROPN,1,0,1
conspire,VERB,1,0,0
undoubtedly,ADV,1,0,0
workmanlike,ADJ,1,0,0
steadier,ADV,1,0,0
skilled,ADJ,1,0,0
ouvrier,ADV,1,0,0
mar,VERB,1,0,0
gear,NOUN,1,0,0
cooking,ADJ,1,0,0
Faites,PROPN,1,0,1
marcher,ADJ,1,0,0
côtelette,PROPN,1,0,1
veau,PROPN,1,0,1
unfailingly,ADV,1,0,0
arc,NOUN,1,0,0
perpetually,ADV,1,0,0
discreet,VERB,1,0,0
spending,NOUN,1,0,0
proxy,NOUN,1,0,0
Grand,PROPN,1,0,1
identify,VERB,1,0,0
participate,VERB,1,0,0
banquet,NOUN,1,0,0
magnifique,NOUN,1,0,0
orchid,NOUN,1,0,0
Isaid,PROPN,1,0,1
moral,ADJ,1,0,0
closing,NOUN,1,0,0
overfed,ADJ,1,0,0
lout,NOUN,1,0,0
imitate,VERB,1,0,0
minister,VERB,1,0,0
admire,NOUN,1,0,0
socialist,NOUN,1,0,0
effective,ADJ,1,0,0
congenial,ADJ,1,0,0
Theirs,PROPN,1,0,1
intensely,ADV,1,0,0
exhausting,ADJ,1,0,0
trace,NOUN,1,0,0
require,VERB,1,0,0
matter,ADV,1,0,0
ox,NOUN,1,0,0
attainable,ADJ,1,0,0
Débrouillard,PROPN,1,0,1
se,X,1,0,0
débrouiller,NOUN,1,0,0
neighbouring,NOUN,1,0,0
defy,VERB,1,0,0
natural,ADJ,1,0,0
laziness,NOUN,1,0,0
piston,NOUN,1,0,0
Faut,PROPN,1,0,1
être,NOUN,1,0,0
dur,NOUN,1,0,0
suis,PROPN,1,0,1
dur,PROPN,1,0,1
press,NOUN,1,0,0
concerted,ADJ,1,0,0
privilege,NOUN,1,0,0
inadequate,ADJ,1,0,0
define,VERB,1,0,0
scrupulously,ADV,1,0,0
penetrate,VERB,1,0,0
revolt,VERB,1,0,0
infest,VERB,1,0,0
cockroach,NOUN,1,0,0
reproachfully,ADV,1,0,0
lick,NOUN,1,0,0
contemplate,VERB,1,0,0
lovingly,ADV,1,0,0
fingerprint,NOUN,1,0,0
dip,VERB,1,0,0
greasy,ADJ,1,0,0
brilliantined,ADJ,1,0,0
fork,VERB,1,0,0
Dirtiness,PROPN,1,0,1
inherent,ADJ,1,0,0
sacrifice,VERB,1,0,0
commande,NOUN,1,0,0
cancer,NOUN,1,0,0
fall,NOUN,1,0,0
wipe,NOUN,1,0,0
cleanly,ADV,1,0,0
fout,PROPN,1,0,1
mal,PROPN,1,0,1
intestine,NOUN,1,0,0
wholeheartedly,ADV,1,0,0
housekeeper,NOUN,1,0,0
dilute,VERB,1,0,0
unlabelled,ADJ,1,0,0
cork,VERB,1,0,0
vin,NOUN,1,0,0
ordinaire,NOUN,1,0,0
Upstairs,PROPN,1,0,1
damp,VERB,1,0,0
worthy,ADJ,1,0,0
Central,PROPN,1,0,1
Asia,PROPN,1,0,1
wholesale,ADJ,1,0,0
title,NOUN,1,0,0
repute,VERB,1,0,0
charge,VERB,1,0,0
sprinkling,NOUN,1,0,0
cereal,NOUN,1,0,0
vermouth,NOUN,1,0,0
poulet,NOUN,1,0,0
à,X,1,0,0
la,NOUN,1,0,0
reine,NOUN,1,0,0
souse,VERB,1,0,0
Worcester,PROPN,1,0,1
Pittsburg,PROPN,1,0,1
grape,NOUN,1,0,0
nuts,NOUN,1,0,0
XV,PROPN,1,0,1
dope,NOUN,1,0,0
fiend,NOUN,1,0,0
debauchee,NOUN,1,0,0
chambermaid,ADJ,1,0,0
priceless,ADJ,1,0,0
lover,NOUN,1,0,0
bake,VERB,1,0,0
unsuspected,ADJ,1,0,0
latin,ADJ,1,0,0
Suzanne,PROPN,1,0,1
May,PROPN,1,1,1
fifth,ADJ,1,0,0
Écoute,PROPN,1,0,1
Dear,PROPN,1,0,1
bum,VERB,1,0,0
horrify,VERB,1,0,0
poke,VERB,1,0,0
idiot,VERB,1,0,0
imbecile,ADJ,1,0,0
herd,NOUN,1,0,0
Cold,PROPN,1,0,1
wet,PROPN,1,0,1
doughy,NOUN,1,0,0
putty,NOUN,1,0,0
flow,VERB,1,0,0
Silly,PROPN,1,0,1
laughter,NOUN,1,0,0
Imbecile,PROPN,1,0,1
laugh,NOUN,1,0,0
XVI,PROPN,1,0,1
Time,PROPN,1,0,1
blandness,NOUN,1,0,0
prospective,ADJ,1,0,0
Baltic,PROPN,1,0,1
adore,VERB,1,0,0
La,PROPN,1,0,1
Case,PROPN,1,0,1
used,ADJ,1,1,0
stiffen,VERB,1,0,0
cobalt,NOUN,1,0,0
spire,NOUN,1,0,0
paste,VERB,1,0,0
besom,NOUN,1,0,0
Workmen,PROPN,1,0,1
croissant,ADJ,1,0,0
Trams,PROPN,1,0,1
boom,VERB,1,0,0
jammed,ADJ,1,0,0
sway,VERB,1,0,0
descend,VERB,1,0,0
labyrinth,NOUN,1,0,0
ambitious,ADJ,1,0,0
abominable,ADJ,1,0,0
Sieyes,PROPN,1,0,1
nickname,VERB,1,0,0
le,PROPN,1,0,1
sweating,NOUN,1,0,0
lamplight,NOUN,1,0,0
purplish,NOUN,1,0,0
Eiffel,PROPN,1,0,1
flash,VERB,1,0,0
zigzag,NOUN,1,0,0
skysign,NOUN,1,0,0
exquisite,ADV,1,0,0
arcade,NOUN,1,0,0
battle,NOUN,1,0,0
Christians,PROPN,1,0,1
Raki,PROPN,1,0,1
Sundays,PROPN,1,0,1
wealth,NOUN,1,0,0
rhythm,NOUN,1,0,0
conscious,ADJ,1,0,0
exterior,ADJ,1,0,0
swallowing,NOUN,1,0,0
murderer,NOUN,1,0,0
flit,VERB,1,0,0
crack,VERB,1,0,0
lead,NOUN,1,0,0
piping,NOUN,1,0,0
Sleep,PROPN,1,0,1
voluptuous,ADJ,1,0,0
debauch,NOUN,1,0,0
remedy,NOUN,1,0,0
pepper,NOUN,1,0,0
sneeze,VERB,1,0,0
emigrate,VERB,1,0,0
XVII,PROPN,1,0,1
dim,NOUN,1,0,0
Internationale,PROPN,1,0,1
les,NOUN,1,0,0
les,X,1,0,0
fram,NOUN,1,0,0
boise,NOUN,1,0,0
clumping,NOUN,1,0,0
Elle,PROPN,1,0,1
perdu,NOUN,1,0,0
pantalon,NOUN,1,0,0
tout,VERB,1,0,0
dansant,ADJ,1,0,0
Charleston,PROPN,1,0,1
Marinette,PROPN,1,0,1
gorsican,ADJ,1,0,0
obstinate,NOUN,1,0,0
danse,NOUN,1,0,0
ventre,PROPN,1,0,1
involve,VERB,1,0,0
cadaverous,ADJ,1,0,0
boozing,NOUN,1,0,0
stagger,VERB,1,0,0
absinthe,PROPN,1,0,1
poetry,NOUN,1,0,0
dart,NOUN,1,0,0
dice,VERB,1,0,0
Spaniard,PROPN,1,0,1
chopine,NOUN,1,0,0
pewter,NOUN,1,0,0
funnel,NOUN,1,0,0
sirop,NOUN,1,0,0
overwhelmingly,ADV,1,0,0
notable,ADJ,1,0,0
slacken,VERB,1,0,0
pierce,VERB,1,0,0
Citoyens,PROPN,1,0,1
blond,NOUN,1,0,0
sh,VERB,1,0,0
Limousin,PROPN,1,0,1
paroxysm,NOUN,1,0,0
Monge,PROPN,1,0,1
rampant,ADJ,1,0,0
Chauvinist,PROPN,1,0,1
challenge,VERB,1,0,0
Citizens,PROPN,1,0,1
remember,NOUN,1,0,0
citizen,NOUN,1,0,0
wound,VERB,1,0,0
undressed,ADJ,1,0,0
applause,NOUN,1,0,0
bass,NOUN,1,0,0
gurgle,VERB,1,0,0
Aux,PROPN,1,0,1
arrme,NOUN,1,0,0
citoyen,NOUN,1,0,0
forrmez,PROPN,1,0,1
vos,PROPN,1,0,1
bataillon,NOUN,1,0,0
Vive,PROPN,1,0,1
infamy,NOUN,1,0,0
vive,ADJ,1,0,0
la,X,1,0,0
fun,NOUN,1,0,0
doleful,ADJ,1,0,0
limp,ADJ,1,0,0
hoist,VERB,1,0,0
reappear,VERB,1,0,0
civil,ADJ,1,0,0
itinerant,ADJ,1,0,0
banjo,NOUN,1,0,0
perform,VERB,1,0,0
wield,VERB,1,0,0
phallus,NOUN,1,0,0
size,NOUN,1,0,0
pin,NOUN,1,0,0
gap,NOUN,1,0,0
barbel,NOUN,1,0,0
fish,VERB,1,0,0
faire,VERB,1,0,0
la,ADJ,1,0,0
révolution,NOUN,1,0,0
cool,VERB,1,0,0
coarse,ADJ,1,0,0
african,ADJ,1,0,0
meditatively,ADV,1,0,0
hilarious,ADJ,1,0,0
kiss,VERB,1,0,0
bosom,NOUN,1,0,0
lest,NOUN,1,0,0
Big,PROPN,1,0,1
bark,VERB,1,0,0
ramble,VERB,1,0,0
thin,VERB,1,0,0
gambler,NOUN,1,0,0
sieur,NOUN,1,0,0
evaporate,VERB,1,0,0
inhabitant,NOUN,1,0,0
underpaid,ADJ,1,0,0
squalidly,ADV,1,0,0
dismally,ADV,1,0,0
swell,VERB,1,0,0
balloon,NOUN,1,0,0
rock,VERB,1,0,0
purple,NOUN,1,0,0
wildly,ADV,1,0,0
subsequent,ADJ,1,0,0
unmarried,ADJ,1,0,0
xviii,NOUN,1,0,0
sober,ADV,1,0,0
consecutively,ADV,1,0,0
zinc,NOUN,1,0,0
memorable,ADJ,1,0,0
souvenir,NOUN,1,0,0
refinement,NOUN,1,0,0
howl,VERB,1,0,0
propound,VERB,1,0,0
childbearing,NOUN,1,0,0
examination,NOUN,1,0,0
bawling,NOUN,1,0,0
remedie,VERB,1,0,0
inspiration,NOUN,1,0,0
heaven,PROPN,1,0,1
chère,NOUN,1,0,0
persuade,VERB,1,0,0
ragout,NOUN,1,0,0
puree,NOUN,1,0,0
pince,NOUN,1,0,0
nez,PROPN,1,0,1
apple,NOUN,1,0,0
motherly,ADJ,1,0,0
petite,ADJ,1,0,0
tremble,VERB,1,0,0
Thereupon,PROPN,1,1,1
aback,ADV,1,0,0
yourselves,PRON,1,1,0
Twins,PROPN,1,0,1
embrace,VERB,1,0,0
publicly,ADV,1,0,0
XIX,PROPN,1,0,1
gaily,ADV,1,0,0
nous,ADJ,1,0,0
voilà,ADJ,1,0,0
hearty,ADJ,1,0,0
Groix,PROPN,1,0,1
Nivert,PROPN,1,0,1
painting,NOUN,1,0,0
carpenter,VERB,1,0,0
unpaid,NOUN,1,0,0
jobless,ADJ,1,0,0
Patience,PROPN,1,0,1
progress,VERB,1,0,0
distemper,VERB,1,0,0
woodwork,NOUN,1,0,0
plumbing,NOUN,1,0,0
swiftly,ADV,1,0,0
blend,NOUN,1,0,0
shiftiness,NOUN,1,0,0
aristocratic,ADJ,1,0,0
Fontainebleau,PROPN,1,0,1
Saint,PROPN,1,0,1
Cloud,PROPN,1,0,1
safely,ADV,1,0,0
feature,VERB,1,0,0
training,NOUN,1,0,0
magyar,NOUN,1,0,0
enraged,ADJ,1,0,0
spluttering,ADJ,1,0,0
oratorical,ADJ,1,0,0
incite,VERB,1,0,0
serf,NOUN,1,0,0
la,INTJ,1,0,0
bourgeois,PROPN,1,0,1
independence,NOUN,1,0,0
wit,NOUN,1,0,0
principle,ADJ,1,0,0
moujik,NOUN,1,0,0
overdue,ADJ,1,0,0
tenth,ADJ,1,0,0
blandly,ADV,1,0,0
understanding,NOUN,1,0,0
creditor,NOUN,1,0,0
macaroni,PROPN,1,0,1
liver,NOUN,1,0,0
incredible,ADJ,1,0,0
shoddiness,NOUN,1,0,0
disuse,VERB,1,0,0
incorrigibly,ADV,1,0,0
cutlery,NOUN,1,0,0
pillowslip,NOUN,1,0,0
obtain,VERB,1,0,0
oman,NOUN,1,0,0
surer,NOUN,1,0,0
failure,NOUN,1,0,0
XX,PROPN,1,0,1
errand,NOUN,1,0,0
cater,VERB,1,0,0
unlimited,ADJ,1,0,0
visitor,NOUN,1,0,0
candlestick,NOUN,1,0,0
pottery,NOUN,1,0,0
mount,VERB,1,0,0
tide,VERB,1,0,0
decidedly,ADV,1,0,0
chic,ADJ,1,0,0
suitable,ADJ,1,0,0
cram,VERB,1,0,0
compost,NOUN,1,0,0
stove,VERB,1,0,0
larder,NOUN,1,0,0
heat,VERB,1,0,0
scamp,VERB,1,0,0
installation,NOUN,1,0,0
fuse,VERB,1,0,0
unlucky,ADJ,1,0,0
labour,PROPN,1,0,1
dun,VERB,1,0,0
grocery,NOUN,1,0,0
fancy,NOUN,1,0,0
cajole,VERB,1,0,0
haggle,VERB,1,0,0
insufficient,ADJ,1,0,0
capital,NOUN,1,0,0
break,NOUN,1,0,0
desolation,NOUN,1,0,0
fishtail,NOUN,1,0,0
litter,VERB,1,0,0
bane,NOUN,1,0,0
bunch,NOUN,1,0,0
Brasso,PROPN,1,0,1
fortunately,ADV,1,0,0
gradually,ADV,1,0,0
skin,VERB,1,0,0
rouge,NOUN,1,0,0
arrear,NOUN,1,0,0
epatant,NOUN,1,0,0
soprano,NOUN,1,0,0
rushing,NOUN,1,0,0
muddle,NOUN,1,0,0
exasperation,NOUN,1,0,0
Discomfort,PROPN,1,0,1
unbearably,ADV,1,0,0
buttock,NOUN,1,0,0
ceaseless,NOUN,1,0,0
unspeakable,ADJ,1,0,0
bleed,VERB,1,0,0
quick,ADV,1,0,0
strainer,NOUN,1,0,0
skim,VERB,1,0,0
bouillon,PROPN,1,0,1
celery,NOUN,1,0,0
pea,NOUN,1,0,0
scale,VERB,1,0,0
herring,NOUN,1,0,0
grill,NOUN,1,0,0
tread,VERB,1,0,0
Hoor,PROPN,1,0,1
skating,NOUN,1,0,0
rink,NOUN,1,0,0
aunt,NOUN,1,0,0
countess,NOUN,1,0,0
flood,NOUN,1,0,0
waiting,NOUN,1,0,0
primitive,ADJ,1,0,0
drain,VERB,1,0,0
tepid,NOUN,1,0,0
unsteady,ADJ,1,0,0
flop,VERB,1,0,0
hysterically,ADV,1,0,0
bedridden,ADJ,1,0,0
infuriate,VERB,1,0,0
mimic,VERB,1,0,0
weeping,NOUN,1,0,0
gentlemanly,ADV,1,0,0
perfection,NOUN,1,0,0
whimper,VERB,1,0,0
napkin,NOUN,1,0,0
bland,ADJ,1,0,0
courteously,ADV,1,0,0
advantage,NOUN,1,0,0
XXI,PROPN,1,0,1
undress,VERB,1,0,0
overwork,VERB,1,0,0
farth,ADJ,1,0,0
consumptive,ADJ,1,0,0
neurasthenic,ADJ,1,0,0
persistently,ADV,1,0,0
intermittent,ADJ,1,0,0
drizzle,NOUN,1,0,0
nagging,NOUN,1,0,0
storm,NOUN,1,0,0
abuse,NOUN,1,0,0
generate,VERB,1,0,0
spontaneously,ADV,1,0,0
inconceivable,ADJ,1,0,0
pettiness,NOUN,1,0,0
unending,ADJ,1,0,0
source,NOUN,1,0,0
trip,VERB,1,0,0
cow,VERB,1,0,0
jeered,VERB,1,0,0
beforehand,ADV,1,1,0
jaune,PROPN,1,0,1
blackleg,NOUN,1,0,0
wring,VERB,1,0,0
revenge,VERB,1,0,0
member,NOUN,1,0,0
bourgeoisie,NOUN,1,0,0
bolder,VERB,1,0,0
clot,VERB,1,0,0
ours,PRON,1,1,0
positive,ADJ,1,0,0
seeing,NOUN,1,0,0
Fool,PROPN,1,0,1
unite,VERB,1,0,0
tiptoe,VERB,1,0,0
conspiratorially,ADV,1,0,0
sh,NOUN,1,0,0
Un,PROPN,1,0,1
Attention,PROPN,1,0,1
portion,NOUN,1,0,0
grille,NOUN,1,0,0
fit,VERB,1,0,0
secret,NOUN,1,0,0
successful,ADJ,1,0,0
imagining,NOUN,1,0,0
congenital,ADJ,1,0,0
lane,NOUN,1,0,0
thistle,NOUN,1,0,0
lamb,PROPN,1,0,1
treacle,NOUN,1,0,0
fiver,NOUN,1,0,0
embarrass,VERB,1,0,0
Courvoisier,PROPN,1,0,1
Czech,PROPN,1,0,1
competent,ADJ,1,0,0
modernize,VERB,1,0,0
XXII,PROPN,1,0,1
rebellious,ADJ,1,0,0
fainéant,VERB,1,0,0
significance,NOUN,1,0,0
whine,VERB,1,0,0
escape,NOUN,1,0,0
strike,NOUN,1,0,0
solve,VERB,1,0,0
mining,NOUN,1,0,0
unquestionable,ADJ,1,0,0
fetish,NOUN,1,0,0
brow,NOUN,1,0,0
indian,ADJ,1,0,0
wretch,NOUN,1,0,0
clothe,VERB,1,0,0
loin,NOUN,1,0,0
trot,VERB,1,0,0
head,VERB,1,0,0
rupee,NOUN,1,0,0
gaunt,ADJ,1,0,0
vicious,ADJ,1,0,0
master,NOUN,1,0,0
equation,NOUN,1,0,0
plus,CCONJ,1,0,0
per,NOUN,1,1,0
encircle,VERB,1,0,0
knacker,NOUN,1,0,0
oriental,NOUN,1,0,0
vulgar,VERB,1,0,0
balance,VERB,1,0,0
analogous,ADJ,1,0,0
shoddy,ADJ,1,0,0
doubt,ADJ,1,0,0
enslave,VERB,1,0,0
essential,NOUN,1,0,0
striped,ADJ,1,0,0
villa,NOUN,1,0,0
Deauville,PROPN,1,0,1
toil,VERB,1,0,0
fifteen,ADJ,1,1,0
comfortably,ADV,1,0,0
situated,ADJ,1,0,0
Marcus,PROPN,1,0,1
Gato,PROPN,1,0,1
sentiment,NOUN,1,0,0
drudgery,NOUN,1,0,0
instinct,NOUN,1,0,0
perpetuate,VERB,1,0,0
intellectually,ADV,1,0,0
harrow,VERB,1,0,0
unpleasantness,NOUN,1,0,0
mange,NOUN,1,0,0
substance,NOUN,1,0,0
concede,VERB,1,0,0
threat,NOUN,1,0,0
Marxian,PROPN,1,0,1
Utopia,PROPN,1,0,1
inimical,ADJ,1,0,0
supposedly,ADV,1,0,0
base,VERB,1,0,0
differentiate,VERB,1,0,0
dandy,NOUN,1,0,0
justice,NOUN,1,0,0
liberal,ADJ,1,0,0
Villon,PROPN,1,0,1
editor,NOUN,1,0,0
Ne,PROPN,1,0,1
ne,PROPN,1,0,1
voyent,ADJ,1,0,0
fenestre,NOUN,1,0,0
footnote,NOUN,1,0,0
result,VERB,1,0,0
horde,NOUN,1,0,0
subman,NOUN,1,0,0
loot,VERB,1,0,0
injustice,NOUN,1,0,0
treadmill,NOUN,1,0,0
sum,VERB,1,0,0
acquiesce,VERB,1,0,0
numberless,VERB,1,0,0
basic,ADJ,1,0,0
platitude,NOUN,1,0,0
xxiii,NOUN,1,0,0
loafing,NOUN,1,0,0
leant,NOUN,1,0,0
très,ADJ,1,0,0
serieuse,NOUN,1,0,0
garlic,PROPN,1,0,1
bye,NOUN,1,0,0
Daniel,PROPN,1,0,1
Dancer,PROPN,1,0,1
damaged,ADJ,1,0,0
underclothe,NOUN,1,0,0
wainscoting,NOUN,1,0,0
million,NUM,1,0,0
invest,VERB,1,0,0
wildcat,NOUN,1,0,0
combine,NOUN,1,0,0
competition,NOUN,1,0,0
danger,NOUN,1,0,0
direct,ADJ,1,0,0
channel,NOUN,1,0,0
struggle,NOUN,1,0,0
claw,NOUN,1,0,0
bullying,NOUN,1,0,0
coax,VERB,1,0,0
greed,NOUN,1,0,0
risk,VERB,1,0,0
pious,ADJ,1,0,0
exhaustion,NOUN,1,0,0
slit,VERB,1,0,0
fuss,NOUN,1,0,0
noise,VERB,1,0,0
downstairs,ADJ,1,0,0
madman,NOUN,1,0,0
although,SCONJ,1,1,0
fright,PROPN,1,0,1
last,ADV,1,1,0
chimney,NOUN,1,0,0
drawer,NOUN,1,0,0
floorboard,NOUN,1,0,0
groaning,NOUN,1,0,0
alarm,NOUN,1,0,0
content,NOUN,1,0,0
interrogate,VERB,1,0,0
analyse,VERB,1,0,0
contradictory,ADJ,1,0,0
analyst,NOUN,1,0,0
alor,NOUN,1,0,0
exonerated,ADJ,1,0,0
double,ADV,1,0,0
mumbling,NOUN,1,0,0
Jésus,PROPN,1,0,1
XXIV,PROPN,1,0,1
via,ADP,1,1,0
Dunkirk,PROPN,1,0,1
Channel,PROPN,1,0,1
cabin,NOUN,1,0,0
saloon,NOUN,1,0,0
entry,NOUN,1,0,0
saloon,ADJ,1,0,0
vanity,NOUN,1,0,0
secondary,ADJ,1,0,0
honeymoon,NOUN,1,0,0
Paradise,PROPN,1,0,1
armchair,NOUN,1,0,0
mint,NOUN,1,0,0
hop,NOUN,1,0,0
scenery,NOUN,1,0,0
Splendid,PROPN,1,0,1
grandiosity,NOUN,1,0,0
alongside,ADP,1,0,0
pier,NOUN,1,0,0
waterside,NOUN,1,0,0
stucco,NOUN,1,0,0
pinnacle,NOUN,1,0,0
cock,VERB,1,0,0
architect,NOUN,1,0,0
beauty,NOUN,1,0,0
abroad,ADV,1,0,0
patient,ADJ,1,0,0
nineteen,NUM,1,0,0
notion,NOUN,1,0,0
cloakroom,NOUN,1,0,0
second,ADV,1,0,0
notoriously,ADV,1,0,0
unhelpful,ADJ,1,0,0
rude,ADJ,1,0,0
deaf,NOUN,1,0,0
blond,ADJ,1,0,0
disparagingly,ADV,1,0,0
purse,VERB,1,0,0
brown,PROPN,1,0,1
dungaree,NOUN,1,0,0
comb,NOUN,1,0,0
razor,VERB,1,0,0
shapeless,ADJ,1,0,0
gracelessness,NOUN,1,0,0
patina,NOUN,1,0,0
shabbiness,NOUN,1,0,0
plaster,VERB,1,0,0
Dirt,PROPN,1,0,1
respecter,NOUN,1,0,0
fly,VERB,1,0,0
disparity,NOUN,1,0,0
upset,VERB,1,0,0
thank,NOUN,1,0,0
grin,NOUN,1,0,0
shudder,VERB,1,0,0
disgust,NOUN,1,0,0
thereabout,NOUN,1,0,0
stony,NOUN,1,0,0
ouse,VERB,1,0,0
Beds,PROPN,1,0,1
Single,PROPN,1,0,1
Men,PROPN,1,0,1
etiolate,VERB,1,0,0
murmurous,ADJ,1,0,0
yawn,VERB,1,0,0
og,ADJ,1,0,0
unlighte,VERB,1,0,0
sweetish,ADJ,1,0,0
paregoric,ADJ,1,0,0
suffocate,VERB,1,0,0
lumpy,NOUN,1,0,0
cylinder,NOUN,1,0,0
recur,VERB,1,0,0
vilely,ADV,1,0,0
coughing,NOUN,1,0,0
yap,NOUN,1,0,0
bay,VERB,1,0,0
unspeakably,ADJ,1,0,0
repellent,ADJ,1,0,0
bubble,VERB,1,0,0
retch,VERB,1,0,0
churn,VERB,1,0,0
nightcap,NOUN,1,0,0
disgust,VERB,1,0,0
swore,NOUN,1,0,0
Indian,PROPN,1,0,1
umber,ADJ,1,0,0
slippery,ADJ,1,0,0
grime,NOUN,1,0,0
black,VERB,1,0,0
fashionable,ADJ,1,0,0
saucerless,NOUN,1,0,0
china,PROPN,1,0,1
tumbler,NOUN,1,0,0
muzzle,NOUN,1,0,0
guiltily,ADV,1,0,0
marg,PROPN,1,0,1
rouge,PROPN,1,0,1
poetic,ADJ,1,0,0
scratch,VERB,1,0,0
cost,NOUN,1,0,0
XXV,PROPN,1,0,1
concern,NOUN,1,0,0
commoner,NOUN,1,0,0
toasting,NOUN,1,0,0
clinker,NOUN,1,0,0
tend,VERB,1,0,0
rotation,NOUN,1,0,0
senior,ADJ,1,0,0
arbiter,NOUN,1,0,0
unpaid,ADJ,1,0,0
chucker,NOUN,1,0,0
ceile,VERB,1,0,0
coke,NOUN,1,0,0
fume,NOUN,1,0,0
cast,VERB,1,0,0
Red,PROPN,1,0,1
launder,VERB,1,0,0
chap,ADJ,1,0,0
wrong,NOUN,1,0,0
popular,ADJ,1,0,0
shipwreck,NOUN,1,0,0
pail,NOUN,1,0,0
winkle,NOUN,1,0,0
refer,VERB,1,0,0
pore,ADJ,1,0,0
Brown,PROPN,1,0,1
pension,NOUN,1,0,0
shilling,VERB,1,0,0
resource,NOUN,1,0,0
kip,PROPN,1,0,1
aircut,NOUN,1,0,0
bacca,NOUN,1,0,0
content,VERB,1,0,0
value,VERB,1,0,0
awe,NOUN,1,0,0
inspiring,ADJ,1,0,0
east,ADV,1,0,0
Wapping,PROPN,1,0,1
quieter,NOUN,1,0,0
drearier,NOUN,1,0,0
scream,NOUN,1,0,0
armed,ADJ,1,0,0
comelier,NOUN,1,0,0
milder,NOUN,1,0,0
individuality,NOUN,1,0,0
malice,NOUN,1,0,0
idling,ADJ,1,0,0
knot,NOUN,1,0,0
Exchange,PROPN,1,0,1
sweatshop,NOUN,1,0,0
Limehouse,PROPN,1,0,1
sprinkle,VERB,1,0,0
Orientals,PROPN,1,0,1
Chinamen,PROPN,1,0,1
ghittagonian,ADJ,1,0,0
Dravidians,PROPN,1,0,1
Sikhs,PROPN,1,0,1
goodness,NOUN,1,0,0
Singing,PROPN,1,0,1
Evangel,PROPN,1,0,1
hell,PROPN,1,0,1
Dock,PROPN,1,0,1
Mormons,PROPN,1,0,1
platform,NOUN,1,0,0
polygamist,NOUN,1,0,0
heckle,VERB,1,0,0
say,NOUN,1,1,0
polygamy,NOUN,1,0,0
industry,NOUN,1,0,0
and,NOUN,1,0,0
Mormonism,PROPN,1,0,1
draggle,VERB,1,0,0
haul,VERB,1,0,0
brandish,VERB,1,0,0
tin,ADJ,1,0,0
squall,VERB,1,0,0
yerself,PRON,1,0,0
laundering,NOUN,1,0,0
abuse,VERB,1,0,0
thickset,NOUN,1,0,0
grief,NOUN,1,0,0
Jest,PROPN,1,0,1
bucketful,ADJ,1,0,0
piss,NOUN,1,0,0
ole,ADJ,1,0,0
sullen,ADJ,1,0,0
nerve,VERB,1,0,0
succeed,VERB,1,0,0
gob,NOUN,1,0,0
Lick,PROPN,1,0,1
BLACK,PROPN,1,0,1
BASTARD,PROPN,1,0,1
taunt,VERB,1,0,0
area,NOUN,1,0,0
pale,PROPN,1,0,1
whistle,VERB,1,0,0
bullfinch,NOUN,1,0,0
cage,NOUN,1,0,0
songbird,NOUN,1,0,0
faded,ADJ,1,0,0
stir,NOUN,1,0,0
beetle,NOUN,1,0,0
curvature,NOUN,1,0,0
spine,NOUN,1,0,0
swirl,NOUN,1,0,0
marble,NOUN,1,0,0
top,ADJ,1,1,0
XXVI,PROPN,1,0,1
pigpen,NOUN,1,0,0
sixpennorth,ADJ,1,0,0
baccy,NOUN,1,0,0
Oxo,PROPN,1,0,1
Cubes,PROPN,1,0,1
Dere,PROPN,1,0,1
leastway,NOUN,1,0,0
York,PROPN,1,0,1
Wales,PROPN,1,0,1
oatmeal,NOUN,1,0,0
de,ADV,1,0,0
symptom,NOUN,1,0,0
bald,ADJ,1,0,0
eczema,PROPN,1,0,1
shortsighted,ADJ,1,0,0
undiagnosed,ADJ,1,0,0
dyspepsia,NOUN,1,0,0
urethritis,ADJ,1,0,0
bunion,NOUN,1,0,0
assemblage,NOUN,1,0,0
Dey,PROPN,1,0,1
pavilion,NOUN,1,0,0
habitual,ADJ,1,0,0
miner,NOUN,1,0,0
operative,NOUN,1,0,0
gold,ADJ,1,0,0
welcome,VERB,1,0,0
gory,ADJ,1,0,0
lithograph,NOUN,1,0,0
Crucifixion,PROPN,1,0,1
uncomfortably,ADV,1,0,0
benignly,ADV,1,0,0
indecently,ADV,1,0,0
utter,VERB,1,0,0
disgraceful,ADJ,1,0,0
rumbling,NOUN,1,0,0
overcome,VERB,1,0,0
spry,PROPN,1,0,1
corporal,NOUN,1,0,0
stripe,NOUN,1,0,0
knack,NOUN,1,0,0
unspoken,ADJ,1,0,0
stir,VERB,1,0,0
departure,NOUN,1,0,0
quell,VERB,1,0,0
prayerbook,NOUN,1,0,0
ace,NOUN,1,0,0
bareheade,VERB,1,0,0
teacup,NOUN,1,0,0
fervently,ADV,1,0,0
rove,VERB,1,0,0
wink,VERB,1,0,0
bawdy,ADJ,1,0,0
possess,VERB,1,0,0
response,NOUN,1,0,0
whisper,NOUN,1,0,0
onward,ADV,1,0,0
Christian,PROPN,1,0,1
revert,VERB,1,0,0
harmony,NOUN,1,0,0
handshake,NOUN,1,0,0
ad,X,1,0,0
knee,VERB,1,0,0
agreement,NOUN,1,0,0
muck,NOUN,1,0,0
colonial,PROPN,1,0,1
claret,PROPN,1,0,1
XXVII,PROPN,1,0,1
grim,ADJ,1,0,0
smoky,ADJ,1,0,0
cube,NOUN,1,0,0
fresh,ADV,1,0,0
toothless,NOUN,1,0,0
mummy,NOUN,1,0,0
harden,VERB,1,0,0
recognizable,ADJ,1,0,0
agricultural,ADJ,1,0,0
labourer,NOUN,1,0,0
graceless,ADJ,1,0,0
mangy,ADJ,1,0,0
palpably,ADV,1,0,0
merit,NOUN,1,0,0
demerit,NOUN,1,0,0
C,PROPN,1,0,1
undrinkable,ADJ,1,0,0
D,PROPN,1,0,1
interminably,ADV,1,0,0
march,PROPN,1,0,1
Barnet,PROPN,1,0,1
Albans,PROPN,1,0,1
steer,VERB,1,0,0
Billericay,PROPN,1,0,1
Chelmsford,PROPN,1,0,1
circle,VERB,1,0,0
ledger,NOUN,1,0,0
last,NOUN,1,1,0
tight,ADV,1,0,0
chink,VERB,1,0,0
sacred,ADJ,1,0,0
supervise,VERB,1,0,0
cattle,NOUN,1,0,0
gloomy,ADJ,1,0,0
unwillingly,ADV,1,0,0
Jeyes,PROPN,1,0,1
fluid,NOUN,1,0,0
latrine,NOUN,1,0,0
discouraging,ADJ,1,0,0
prisonish,ADJ,1,0,0
bathtub,NOUN,1,0,0
slimy,ADJ,1,0,0
weaken,VERB,1,0,0
clout,NOUN,1,0,0
bathe,VERB,1,0,0
grey,VERB,1,0,0
doubtful,ADJ,1,0,0
abbreviate,VERB,1,0,0
nightgown,NOUN,1,0,0
smear,VERB,1,0,0
sugarless,ADJ,1,0,0
apiece,ADV,1,0,0
squint,NOUN,1,0,0
spyhole,NOUN,1,0,0
missing,ADJ,1,0,0
foully,ADV,1,0,0
stufiy,VERB,1,0,0
soften,VERB,1,0,0
fidget,VERB,1,0,0
whichever,DET,1,0,0
numb,ADJ,1,0,0
ache,NOUN,1,0,0
homosexual,ADJ,1,0,0
feeble,ADJ,1,0,0
fitter,NOUN,1,0,0
fetid,ADJ,1,0,0
stink,NOUN,1,0,0
squallid,ADJ,1,0,0
shirt,VERB,1,0,0
scramble,VERB,1,0,0
identical,ADJ,1,0,0
formality,NOUN,1,0,0
occupy,VERB,1,0,0
degenerate,ADJ,1,0,0
cur,NOUN,1,0,0
unmitigated,ADJ,1,0,0
sag,VERB,1,0,0
rottenness,NOUN,1,0,0
under,ADV,1,1,0
nourish,VERB,1,0,0
truss,NOUN,1,0,0
mummy,ADJ,1,0,0
unshaven,ADV,1,0,0
crease,VERB,1,0,0
sleepless,ADJ,1,0,0
recover,VERB,1,0,0
design,VERB,1,0,0
detect,VERB,1,0,0
inquire,VERB,1,0,0
companion,NOUN,1,0,0
nourishment,NOUN,1,0,0
scholard,NOUN,1,0,0
decipher,VERB,1,0,0
subfaecal,ADJ,1,0,0
Jaques,PROPN,1,0,1
Ilford,PROPN,1,0,1
chit,NOUN,1,0,0
toss,VERB,1,0,0
XXVIII,PROPN,1,0,1
tallish,ADJ,1,0,0
grizzle,VERB,1,0,0
watery,ADJ,1,0,0
lanke,VERB,1,0,0
tweed,NOUN,1,0,0
bootbrush,NOUN,1,0,0
hunch,VERB,1,0,0
instinctively,ADV,1,0,0
Ireland,PROPN,1,0,1
polish,ADJ,1,0,0
unceasingly,ADV,1,0,0
tissue,NOUN,1,0,0
mutton,NOUN,1,0,0
automatic,ADJ,1,0,0
handle,NOUN,1,0,0
eject,VERB,1,0,0
outskirt,NOUN,1,0,0
doorstep,NOUN,1,0,0
eye,VERB,1,0,0
easy,ADV,1,0,0
residential,ADJ,1,0,0
sickly,NOUN,1,0,0
breed,VERB,1,0,0
virtuous,ADJ,1,0,0
monologue,NOUN,1,0,0
bein,NOUN,1,0,0
me,PROPN,1,1,1
de,ADJ,1,0,0
widout,NOUN,1,0,0
religion,NOUN,1,0,0
Baptists,PROPN,1,0,1
catholic,ADJ,1,0,0
meself,NOUN,1,0,0
limitless,ADJ,1,0,0
bookshop,NOUN,1,0,0
perturb,VERB,1,0,0
Imitation,PROPN,1,0,1
imitatin,NOUN,1,0,0
loathing,NOUN,1,0,0
dat,ADJ,1,0,0
lecture,VERB,1,0,0
mine,PRON,1,1,0
clue,NOUN,1,0,0
spout,NOUN,1,0,0
piss,ADJ,1,0,0
envy,NOUN,1,0,0
horizon,NOUN,1,0,0
pine,NOUN,1,0,0
keepin,ADJ,1,0,0
takin,NOUN,1,0,0
responsible,ADJ,1,0,0
longing,NOUN,1,0,0
hatred,NOUN,1,0,0
lip,VERB,1,0,0
flush,VERB,1,0,0
sweetshop,NOUN,1,0,0
envious,ADJ,1,0,0
jackal,NOUN,1,0,0
generous,ADJ,1,0,0
lower,VERB,1,0,0
compound,VERB,1,0,0
native,ADJ,1,0,0
vice,NOUN,1,0,0
manhood,NOUN,1,0,0
XXIX,PROPN,1,0,1
Vagrancy,PROPN,1,0,1
Act,PROPN,1,0,1
prosecution,NOUN,1,0,0
disobedient,ADJ,1,0,0
illicitly,ADV,1,0,0
House,PROPN,1,0,1
unnoticed,ADJ,1,0,0
obey,VERB,1,0,0
loafer,NOUN,1,0,0
gain,VERB,1,0,0
book,VERB,1,0,0
washed,ADJ,1,0,0
barn,NOUN,1,0,0
oppressively,ADV,1,0,0
decentish,NOUN,1,0,0
subdue,VERB,1,0,0
prowl,VERB,1,0,0
Booth,PROPN,1,0,1
prohibit,VERB,1,0,0
spitting,NOUN,1,0,0
expel,VERB,1,0,0
reward,NOUN,1,0,0
information,NOUN,1,0,0
assist,VERB,1,0,0
detestable,NOUN,1,0,0
evil,VERB,1,0,0
GAMBLING,PROPN,1,0,1
gamble,VERB,1,0,0
delightful,ADJ,1,0,0
dreary,ADJ,1,0,0
hopelessness,NOUN,1,0,0
clutch,NOUN,1,0,0
manifestly,ADV,1,0,0
verbally,ADV,1,0,0
pallid,ADJ,1,0,0
moody,ADJ,1,0,0
group,NOUN,1,0,0
excitedly,ADV,1,0,0
brigade,NOUN,1,0,0
agitated,ADJ,1,0,0
hysterical,ADJ,1,0,0
agonized,ADJ,1,0,0
threehalfpence,NOUN,1,0,0
obediently,ADV,1,0,0
sheep,NOUN,1,0,0
troop,VERB,1,0,0
command,NOUN,1,0,0
tolerably,ADV,1,0,0
neighbour,NOUN,1,0,0
talking,NOUN,1,0,0
nervous,ADJ,1,0,0
shellshock,VERB,1,0,0
irregular,ADJ,1,0,0
toot,NOUN,1,0,0
horn,NOUN,1,0,0
preventer,NOUN,1,0,0
blew,PROPN,1,0,1
semi,ADJ,1,0,0
compulsory,ADJ,1,0,0
twice,DET,1,0,0
Trafalgar,PROPN,1,0,1
Square,PROPN,1,0,1
alley,NOUN,1,0,0
elevenpence,NOUN,1,0,0
evil,ADJ,1,0,0
notorious,ADJ,1,0,0
Downstairs,PROPN,1,0,1
smartish,ADJ,1,0,0
bargaining,NOUN,1,0,0
Ere,PROPN,1,0,1
rig,NOUN,1,0,0
ad,NOUN,1,0,0
tosheroon,ADJ,1,0,0
og,VERB,1,0,0
bob,PROPN,1,0,1
ope,NOUN,1,0,0
ole,NOUN,1,0,0
chum,NOUN,1,0,0
right,INTJ,1,0,0
edition,NOUN,1,0,0
clothed,ADJ,1,0,0
reversed,ADJ,1,0,0
kilte,VERB,1,0,0
urine,NOUN,1,0,0
shallow,ADJ,1,0,0
puff,NOUN,1,0,0
loom,VERB,1,0,0
leant,ADJ,1,0,0
babble,VERB,1,0,0
quaver,VERB,1,0,0
untunefully,ADV,1,0,0
hay,NOUN,1,0,0
harvest,NOUN,1,0,0
quite,ADJ,1,1,0
true,ADV,1,0,0
s,VERB,1,0,0
balance,NOUN,1,0,0
heavily,ADV,1,0,0
upright,NOUN,1,0,0
silly,VERB,1,0,0
unsteadily,ADV,1,0,0
worn,ADJ,1,0,0
fashionably,ADV,1,0,0
slide,VERB,1,0,0
gently,ADV,1,0,0
hunchback,NOUN,1,0,0
apelike,ADJ,1,0,0
dese,ADJ,1,0,0
lodgin,NOUN,1,0,0
feather,NOUN,1,0,0
XXX,PROPN,1,0,1
sketch,NOUN,1,0,0
Churchill,PROPN,1,0,1
hook,NOUN,1,0,0
dreadfully,ADV,1,0,0
deform,VERB,1,0,0
vigorously,ADV,1,0,0
hooknose,NOUN,1,0,0
resemblance,NOUN,1,0,0
Emperor,PROPN,1,0,1
vespasian,ADJ,1,0,0
cockneyfy,VERB,1,0,0
lucid,ADJ,1,0,0
expressive,ADJ,1,0,0
correct,VERB,1,0,0
grammar,NOUN,1,0,0
blackboard,PROPN,1,0,1
chalks,PROPN,1,0,1
proper,ADJ,1,0,0
Budget,PROPN,1,0,1
budge,VERB,1,0,0
Capital,PROPN,1,0,1
loitering,NOUN,1,0,0
cake,NOUN,1,0,0
condense,VERB,1,0,0
quid,NOUN,1,0,0
Friday,PROPN,1,0,1
friday,NOUN,1,0,0
Boat,PROPN,1,0,1
Cup,PROPN,1,0,1
Final,PROPN,1,0,1
backchat,DET,1,0,0
assistant,X,1,0,0
toff,NOUN,1,0,0
jap,NOUN,1,0,0
blackie,NOUN,1,0,0
bob,ADJ,1,0,0
salmon,NOUN,1,0,0
plater,NOUN,1,0,0
minimum,NOUN,1,0,0
contemptuously,ADV,1,0,0
faithful,ADJ,1,0,0
date,NOUN,1,0,0
prompt,ADJ,1,0,0
taking,NOUN,1,0,0
crablike,NOUN,1,0,0
gait,NOUN,1,0,0
sideways,ADV,1,0,0
smashed,ADJ,1,0,0
slung,PROPN,1,0,1
alcove,NOUN,1,0,0
orange,NOUN,1,0,0
elementary,ADJ,1,0,0
hint,NOUN,1,0,0
astronomy,NOUN,1,0,0
constellation,NOUN,1,0,0
concerned,ADJ,1,0,0
Astronomer,PROPN,1,0,1
show,NOUN,1,1,0
scrounge,NOUN,1,0,0
maintain,VERB,1,0,0
bankrupt,ADJ,1,0,0
bookseller,NOUN,1,0,0
wheel,NOUN,1,0,0
omnibus,NOUN,1,0,0
shaky,ADJ,1,0,0
pulp,NOUN,1,0,0
hawk,VERB,1,0,0
toy,NOUN,1,0,0
amputate,VERB,1,0,0
pad,NOUN,1,0,0
beggary,NOUN,1,0,0
regret,VERB,1,0,0
compunction,NOUN,1,0,0
thrifty,ADJ,1,0,0
surplus,ADJ,1,0,0
earning,NOUN,1,0,0
ungrateful,ADJ,1,0,0
passably,ADV,1,0,0
Gulliver,PROPN,1,0,1
Travels,PROPN,1,0,1
adventure,NOUN,1,0,0
contract,VERB,1,0,0
wriggle,VERB,1,0,0
kipper,NOUN,1,0,0
fair,ADV,1,0,0
cremation,NOUN,1,0,0
concertina,NOUN,1,0,0
thigh,NOUN,1,0,0
intact,ADJ,1,0,0
succumb,VERB,1,0,0
embitter,VERB,1,0,0
disbelieve,VERB,1,0,0
dislike,VERB,1,0,0
Jupiter,PROPN,1,0,1
planet,NOUN,1,0,0
existence,NOUN,1,0,0
scanty,NOUN,1,0,0
imprison,VERB,1,0,0
exceptional,ADJ,1,0,0
XXXI,PROPN,1,0,1
equality,NOUN,1,0,0
Indians,PROPN,1,0,1
Urdu,PROPN,1,0,1
shudder,NOUN,1,0,0
colour,ADJ,1,0,0
Grandpa,PROPN,1,0,1
register,NOUN,1,0,0
chittagonian,ADJ,1,0,0
barefoot,ADV,1,0,0
Liverpool,PROPN,1,0,1
writer,NOUN,1,0,0
pathetic,ADJ,1,0,0
aid,NOUN,1,0,0
gorge,NOUN,1,0,0
hyena,ADJ,1,0,0
Alsatia,PROPN,1,0,1
begging,NOUN,1,0,0
gag,NOUN,1,0,0
dependent,ADJ,1,0,0
likely,ADJ,1,0,0
camera,NOUN,1,0,0
lovely,ADJ,1,0,0
Organ,PROPN,1,0,1
Commercial,PROPN,1,0,1
tenth,NOUN,1,0,0
procedure,NOUN,1,0,0
excite,VERB,1,0,0
compassion,NOUN,1,0,0
encore,NOUN,1,0,0
entertainer,NOUN,1,0,0
average,VERB,1,0,0
submit,VERB,1,0,0
Masters,PROPN,1,0,1
marvellously,ADV,1,0,0
dealer,NOUN,1,0,0
kneeling,NOUN,1,0,0
damn,ADV,1,0,0
lightheade,VERB,1,0,0
pastel,NOUN,1,0,0
nude,NOUN,1,0,0
churchwarden,NOUN,1,0,0
obscenity,NOUN,1,0,0
holy,PROPN,1,0,1
Botticelli,PROPN,1,0,1
Venus,PROPN,1,0,1
legend,NOUN,1,0,0
puzzle,VERB,1,0,0
euphemistically,ADV,1,0,0
exploit,VERB,1,0,0
average,NOUN,1,0,0
absurd,ADJ,1,0,0
drone,VERB,1,0,0
Nearer,PROPN,1,0,1
Thee,PROPN,1,0,1
scrawl,VERB,1,0,0
daub,NOUN,1,0,0
legitimate,ADJ,1,0,0
selling,NOUN,1,0,0
legalized,ADJ,1,0,0
graze,VERB,1,0,0
consort,VERB,1,0,0
outcast,NOUN,1,0,0
worthless,ADJ,1,0,0
earn,NOUN,1,0,0
excrescence,NOUN,1,0,0
despicable,ADJ,1,0,0
closely,ADV,1,0,0
livelihood,NOUN,1,0,0
numberless,ADJ,1,0,0
pick,NOUN,1,0,0
accountant,NOUN,1,0,0
beggar,ADJ,1,0,0
reputable,ADJ,1,0,0
medicine,NOUN,1,0,0
amiable,ADJ,1,0,0
purchase,NOUN,1,0,0
tout,NOUN,1,0,0
harmless,ADJ,1,0,0
justify,VERB,1,0,0
ethical,ADJ,1,0,0
universally,ADV,1,0,0
productive,ADJ,1,0,0
parasitic,ADJ,1,0,0
legally,ADV,1,0,0
realistically,ADV,1,0,0
XXXII,PROPN,1,0,1
omit,VERB,1,0,0
ca,NOUN,1,1,0
gagger,NOUN,1,0,0
performer,NOUN,1,0,0
nobbier,ADJ,1,0,0
chanter,NOUN,1,0,0
clodhopper,NOUN,1,0,0
dancer,NOUN,1,0,0
mugfaker,NOUN,1,0,0
glimmer,NOUN,1,0,0
gee,NOUN,1,0,0
jee,PROPN,1,0,1
accomplice,NOUN,1,0,0
cheapjack,NOUN,1,0,0
split,NOUN,1,0,0
flattie,NOUN,1,0,0
dideki,NOUN,1,0,0
gypsy,NOUN,1,0,0
toby,NOUN,1,0,0
fuhkum,NOUN,1,0,0
boozer,NOUN,1,0,0
licence,NOUN,1,0,0
Smoke,PROPN,1,0,1
judy,NOUN,1,0,0
tosheroon,ADV,1,0,0
deaner,NOUN,1,0,0
hog,NOUN,1,0,0
sprowsie,ADJ,1,0,0
clod,NOUN,1,0,0
billy,ADJ,1,0,0
shackle,NOUN,1,0,0
chat,NOUN,1,0,0
louse,NOUN,1,0,0
cane,NOUN,1,0,0
jemmy,NOUN,1,0,0
peter,NOUN,1,0,0
safe,NOUN,1,0,0
bly,ADJ,1,0,0
oxy,ADJ,1,0,0
acetylene,NOUN,1,0,0
bawl,NOUN,1,0,0
swallow,ADJ,1,0,0
skipper,NOUN,1,0,0
open,NOUN,1,0,0
dictionary,NOUN,1,0,0
funkum,ADJ,1,0,0
Deaner,PROPN,1,0,1
deni,ADJ,1,0,0
Glimmer,PROPN,1,0,1
glim,PRON,1,0,0
Gee,PROPN,1,0,1
gee,INTJ,1,0,0
stalk,VERB,1,0,0
scribo,PROPN,1,0,1
directly,ADV,1,0,0
unknown,ADJ,1,0,0
Judy,PROPN,1,0,1
bawl,PROPN,1,0,1
Kip,PROPN,1,0,1
Danish,PROPN,1,0,1
doss,VERB,1,0,0
obsolete,ADJ,1,0,0
dialect,NOUN,1,0,0
Dickens,PROPN,1,0,1
Surtees,PROPN,1,0,1
Herman,PROPN,1,0,1
Melville,PROPN,1,0,1
White,PROPN,1,0,1
Jacket,PROPN,1,0,1
fice,NOUN,1,0,0
nawce,NOUN,1,0,0
consistently,ADV,1,0,0
hit,NOUN,1,0,0
reproduce,VERB,1,0,0
extinct,ADJ,1,0,0
abbreviation,NOUN,1,0,0
twopenny,NOUN,1,0,0
twopenny,ADV,1,0,0
subject,ADJ,1,0,0
fashion,NOUN,1,0,0
novelist,NOUN,1,0,0
Scotch,PROPN,1,0,1
origin,NOUN,1,0,0
current,ADJ,1,0,0
adjective,NOUN,1,0,0
noun,NOUN,1,0,0
magic,ADJ,1,0,0
specie,NOUN,1,0,0
function,NOUN,1,0,0
expletive,NOUN,1,0,0
meaningless,ADJ,1,0,0
expletive,ADJ,1,0,0
likeable,ADJ,1,0,0
dictionary,ADJ,1,0,0
Fous,PROPN,1,0,1
f,PROPN,1,0,1
corruption,NOUN,1,0,0
Hindustani,PROPN,1,0,1
vile,NOUN,1,0,0
unforgivable,ADJ,1,0,0
badinage,NOUN,1,0,0
Aristophanes,PROPN,1,0,1
rendering,NOUN,1,0,0
gibberish,NOUN,1,0,0
persian,ADJ,1,0,0
ambassador,NOUN,1,0,0
bahinchut,VERB,1,0,0
quality,NOUN,1,0,0
noticeable,ADJ,1,0,0
parisian,ADJ,1,0,0
suppress,VERB,1,0,0
scrupulous,ADJ,1,0,0
squeamish,ADJ,1,0,0
random,ADJ,1,0,0
development,NOUN,1,0,0
obsolescence,NOUN,1,0,0
XXXIII,PROPN,1,0,1
parsimony,NOUN,1,0,0
precarious,ADJ,1,0,0
illegal,ADJ,1,0,0
eke,VERB,1,0,0
unenviable,ADJ,1,0,0
windy,ADJ,1,0,0
skulking,NOUN,1,0,0
beat,NOUN,1,0,0
powerless,ADJ,1,0,0
covet,NOUN,1,0,0
eventless,ADJ,1,0,0
Steamed,PROPN,1,0,1
periodical,ADJ,1,0,0
interlude,NOUN,1,0,0
worry,NOUN,1,0,0
illiterate,ADJ,1,0,0
idleness,NOUN,1,0,0
resourceless,NOUN,1,0,0
rime,NOUN,1,0,0
invade,VERB,1,0,0
slumming,NOUN,1,0,0
sleekly,ADV,1,0,0
reverend,ADJ,1,0,0
seignior,PROPN,1,0,1
portable,ADJ,1,0,0
chinless,ADJ,1,0,0
toy,VERB,1,0,0
invitation,NOUN,1,0,0
intrusion,NOUN,1,0,0
rudeness,NOUN,1,0,0
consent,NOUN,1,0,0
patiently,ADV,1,0,0
exhorting,NOUN,1,0,0
earwig,NOUN,1,0,0
audible,ADJ,1,0,0
drown,VERB,1,0,0
clattering,NOUN,1,0,0
peaceably,ADV,1,0,0
venture,VERB,1,0,0
influence,NOUN,1,0,0
exclude,VERB,1,0,0
appetizer,NOUN,1,0,0
damnably,ADV,1,0,0
King,PROPN,1,0,1
Station,PROPN,1,0,1
rainy,ADJ,1,0,0
wide,ADV,1,0,0
kite,NOUN,1,0,0
buffalo,NOUN,1,0,0
shepherd,VERB,1,0,0
evangelical,ADJ,1,0,0
gaunt,VERB,1,0,0
wilfully,ADV,1,0,0
blazon,VERB,1,0,0
conclude,VERB,1,0,0
anthology,NOUN,1,0,0
verse,NOUN,1,0,0
stringy,VERB,1,0,0
fowl,NOUN,1,0,0
jar,NOUN,1,0,0
station,VERB,1,0,0
lack,VERB,1,0,0
preliminary,ADJ,1,0,0
hoot,NOUN,1,0,0
signal,NOUN,1,0,0
misbehave,VERB,1,0,0
outrageous,ADJ,1,0,0
loll,VERB,1,0,0
pellet,NOUN,1,0,0
restrain,VERB,1,0,0
purely,ADV,1,0,0
comic,ADJ,1,0,0
sufficiently,ADJ,1,0,0
ludicrous,ADJ,1,0,0
Hallelujah,PROPN,1,0,1
extempore,NOUN,1,0,0
bound,NOUN,1,0,0
extempore,ADJ,1,0,0
interrupt,VERB,1,0,0
indignant,NOUN,1,0,0
hush,ADJ,1,0,0
guy,VERB,1,0,0
handful,NOUN,1,0,0
worship,VERB,1,0,0
worship,NOUN,1,0,0
hostile,ADJ,1,0,0
Joshua,PROPN,1,0,1
snigger,NOUN,1,0,0
goad,VERB,1,0,0
endurance,NOUN,1,0,0
announce,VERB,1,0,0
loudly,ADV,1,0,0
unsaved,ADJ,1,0,0
sinner,NOUN,1,0,0
lest,ADP,1,0,0
unsave,VERB,1,0,0
benefactor,NOUN,1,0,0
characteristic,NOUN,1,0,0
unexpectedly,ADV,1,0,0
Elephant,PROPN,1,0,1
Castle,PROPN,1,0,1
Charing,PROPN,1,0,1
mirror,VERB,1,0,0
specimen,NOUN,1,0,0
dredge,VERB,1,0,0
lace,VERB,1,0,0
fakir,NOUN,1,0,0
resemble,VERB,1,0,0
bleach,VERB,1,0,0
goodish,NOUN,1,0,0
shopwalker,NOUN,1,0,0
chubby,ADJ,1,0,0
youngish,ADJ,1,0,0
shy,ADJ,1,0,0
embarrassed,ADJ,1,0,0
brief,ADJ,1,0,0
eating,ADJ,1,0,0
pool,VERB,1,0,0
victimization,NOUN,1,0,0
warmth,NOUN,1,0,0
mangle,VERB,1,0,0
debate,VERB,1,0,0
funny,NOUN,1,0,0
Punch,PROPN,1,0,1
been,VERB,1,1,0
admire,VERB,1,0,0
XXXIV,PROPN,1,0,1
asphalt,NOUN,1,0,0
blister,VERB,1,0,0
perseverance,NOUN,1,0,0
reward,VERB,1,0,0
plantation,NOUN,1,0,0
caravanserai,NOUN,1,0,0
grass,NOUN,1,0,0
two,NOUN,1,0,0
war,VERB,1,0,0
carthorse,NOUN,1,0,0
colt,NOUN,1,0,0
sienna,NOUN,1,0,0
mane,NOUN,1,0,0
nibble,VERB,1,0,0
exhaust,VERB,1,0,0
milkless,NOUN,1,0,0
breed,NOUN,1,0,0
Hercules,PROPN,1,0,1
foe,NOUN,1,0,0
nawying,NOUN,1,0,0
terrific,ADJ,1,0,0
county,NOUN,1,0,0
ere,PROPN,1,0,1
mooch,NOUN,1,0,0
askin,NOUN,1,0,0
beak,NOUN,1,0,0
mooching,NOUN,1,0,0
corduroy,NOUN,1,0,0
scarf,ADJ,1,0,0
connect,VERB,1,0,0
jam,VERB,1,0,0
haunt,VERB,1,0,0
copious,ADJ,1,0,0
plague,NOUN,1,0,0
haunted,ADJ,1,0,0
grisly,ADJ,1,0,0
Chile,PROPN,1,0,1
laden,ADJ,1,0,0
manufacture,VERB,1,0,0
load,VERB,1,0,0
crane,NOUN,1,0,0
aloft,ADV,1,0,0
deposit,VERB,1,0,0
voyage,NOUN,1,0,0
dead,NOUN,1,0,0
suffocation,NOUN,1,0,0
scottish,ADJ,1,0,0
robber,NOUN,1,0,0
judge,NOUN,1,0,0
sentence,VERB,1,0,0
version,NOUN,1,0,0
America,PROPN,1,0,1
recapture,VERB,1,0,0
Samson,PROPN,1,0,1
Robin,PROPN,1,0,1
Hood,PROPN,1,0,1
ending,NOUN,1,0,0
survival,NOUN,1,0,0
noble,NOUN,1,0,0
hunt,VERB,1,0,0
deer,NOUN,1,0,0
firm,ADJ,1,0,0
Corn,PROPN,1,0,1
Laws,PROPN,1,0,1
jus,PROPN,1,0,1
primae,PROPN,1,0,1
noctis,PROPN,1,0,1
Great,PROPN,1,0,1
Rebellion,PROPN,1,0,1
rich,PROPN,1,0,1
doubt,VERB,1,0,0
century,NOUN,1,0,0
oral,ADJ,1,0,0
tradition,NOUN,1,0,0
faint,ADJ,1,0,0
echo,NOUN,1,0,0
Middle,PROPN,1,0,1
Ages,PROPN,1,0,1
fisherman,NOUN,1,0,0
Norfolk,PROPN,1,0,1
lively,ADJ,1,0,0
fond,ADJ,1,0,0
Unhappy,PROPN,1,0,1
golden,ADJ,1,0,0
deceive,VERB,1,0,0
trust,NOUN,1,0,0
skunk,NOUN,1,0,0
bunk,NOUN,1,0,0
landlady,NOUN,1,0,0
whore,VERB,1,0,0
a,X,1,1,0
affliction,NOUN,1,0,0
snow,NOUN,1,0,0
dawn,VERB,1,0,0
Alas,PROPN,1,0,1
sin,NOUN,1,0,0
O,PROPN,1,0,1
chant,VERB,1,0,0
scallywag,NOUN,1,0,0
rip,VERB,1,0,0
seam,NOUN,1,0,0
unwearable,ADJ,1,0,0
slouch,VERB,1,0,0
procession,NOUN,1,0,0
casus,NOUN,1,0,0
belli,NOUN,1,0,0
bull,NOUN,1,0,0
shit,NOUN,1,0,0
field,NOUN,1,0,0
intervene,VERB,1,0,0
householder,NOUN,1,0,0
terrified,ADJ,1,0,0
path,NOUN,1,0,0
us,PROPN,1,1,1
threepenny,NOUN,1,0,0
wiser,VERB,1,0,0
renowne,VERB,1,0,0
tyrant,NOUN,1,0,0
strand,VERB,1,0,0
consult,VERB,1,0,0
reasonable,ADJ,1,0,0
privately,ADV,1,0,0
permission,NOUN,1,0,0
false,ADJ,1,0,0
XXXV,PROPN,1,0,1
green,NOUN,1,0,0
cottager,NOUN,1,0,0
aquarium,ADJ,1,0,0
fish,NOUN,1,0,0
tuck,VERB,1,0,0
battered,ADJ,1,0,0
trail,VERB,1,0,0
skirt,NOUN,1,0,0
dignity,NOUN,1,0,0
chummy,ADJ,1,0,0
flash,NOUN,1,0,0
blinkered,ADJ,1,0,0
feminine,ADJ,1,0,0
widow,NOUN,1,0,0
grotesque,ADJ,1,0,0
stiff,ADJ,1,0,0
gruffness,NOUN,1,0,0
Blank,PROPN,1,0,1
Me,PROPN,1,1,1
quake,VERB,1,0,0
unfair,ADJ,1,0,0
favouritism,NOUN,1,0,0
deference,NOUN,1,0,0
shortcoming,NOUN,1,0,0
shivering,NOUN,1,0,0
limewashe,VERB,1,0,0
unutterably,ADV,1,0,0
dreary,NOUN,1,0,0
ornament,NOUN,1,0,0
packed,ADJ,1,0,0
bore,VERB,1,0,0
connive,VERB,1,0,0
sire,VERB,1,0,0
tobaccoless,ADJ,1,0,0
impound,VERB,1,0,0
comfortless,NOUN,1,0,0
soulless,NOUN,1,0,0
coveted,ADJ,1,0,0
clean,PROPN,1,0,1
charm,NOUN,1,0,0
Family,PROPN,1,0,1
Herald,PROPN,1,0,1
Raffles,PROPN,1,0,1
stigma,NOUN,1,0,0
astonishing,ADJ,1,0,0
eateh,NOUN,1,0,0
bucketful,NOUN,1,0,0
pitch,VERB,1,0,0
defile,VERB,1,0,0
deliberate,ADJ,1,0,0
policy,NOUN,1,0,0
split,VERB,1,0,0
yawn,NOUN,1,0,0
ennui,NOUN,1,0,0
ache,VERB,1,0,0
superior,ADJ,1,0,0
carpenter,NOUN,1,0,0
aloof,NOUN,1,0,0
Quentin,PROPN,1,0,1
Durward,PROPN,1,0,1
hedge,NOUN,1,0,0
rick,NOUN,1,0,0
preference,NOUN,1,0,0
hut,NOUN,1,0,0
criticize,VERB,1,0,0
want,NOUN,1,0,0
idiotic,ADJ,1,0,0
renter,NOUN,1,0,0
famish,VERB,1,0,0
admonish,VERB,1,0,0
severely,ADV,1,0,0
flock,VERB,1,0,0
encouraging,ADJ,1,0,0
here,ADJ,1,1,0
scum,PROPN,1,0,1
subtle,ADJ,1,0,0
disassociate,VERB,1,0,0
imply,VERB,1,0,0
uneatable,ADJ,1,0,0
tough,ADJ,1,0,0
biscuit,NOUN,1,0,0
infectious,ADJ,1,0,0
barn,ADJ,1,0,0
abominably,ADV,1,0,0
impale,VERB,1,0,0
collection,NOUN,1,0,0
dislodge,VERB,1,0,0
north,ADV,1,0,0
briar,NOUN,1,0,0
mingled,ADJ,1,0,0
drain,NOUN,1,0,0
pant,VERB,1,0,0
obligation,NOUN,1,0,0
cordially,ADV,1,0,0
fag,PROPN,1,0,1
deserve,VERB,1,0,0
debauched,ADJ,1,0,0
loathly,ADV,1,0,0
XXXVI,PROPN,1,0,1
product,NOUN,1,0,0
tribe,NOUN,1,0,0
Wandering,PROPN,1,0,1
root,VERB,1,0,0
ipso,X,1,0,0
facto,X,1,0,0
childhood,NOUN,1,0,0
hen,NOUN,1,0,0
truer,NOUN,1,0,0
sinister,ADJ,1,0,0
Chinaman,PROPN,1,0,1
magazine,NOUN,1,0,0
evoke,VERB,1,0,0
image,NOUN,1,0,0
obscure,VERB,1,0,0
fantastic,ADJ,1,0,0
seek,VERB,1,0,0
probable,ADJ,1,0,0
criminology,NOUN,1,0,0
throw,NOUN,1,0,0
humanity,NOUN,1,0,0
commercial,ADJ,1,0,0
traveller,NOUN,1,0,0
parish,PROPN,1,0,1
motive,NOUN,1,0,0
priori,NOUN,1,0,0
control,VERB,1,0,0
unarmed,ADJ,1,0,0
docile,ADJ,1,0,0
spirit,VERB,1,0,0
imaginable,ADJ,1,0,0
drunkard,NOUN,1,0,0
ridiculous,ADJ,1,0,0
watery,NOUN,1,0,0
sevenpence,VERB,1,0,0
command,VERB,1,0,0
impudent,ADJ,1,0,0
unfounded,ADJ,1,0,0
Deliberate,PROPN,1,0,1
cynical,ADJ,1,0,0
parasitism,NOUN,1,0,0
read,NOUN,1,0,0
Jack,PROPN,1,0,1
conscience,NOUN,1,0,0
sinfulness,NOUN,1,0,0
vanishe,NOUN,1,0,0
invalid,NOUN,1,0,0
futile,NOUN,1,0,0
especial,ADJ,1,0,0
proof,NOUN,1,0,0
elaborate,VERB,1,0,0
sex,NOUN,1,0,0
male,NOUN,1,0,0
census,NOUN,1,0,0
February,PROPN,1,0,1
relative,ADJ,1,0,0
underestimate,NOUN,1,0,0
proportion,NOUN,1,0,0
license,VERB,1,0,0
crypt,NOUN,1,0,0
affect,VERB,1,0,0
presentable,ADJ,1,0,0
resort,NOUN,1,0,0
celibacy,NOUN,1,0,0
condescend,VERB,1,0,0
celibate,NOUN,1,0,0
rape,NOUN,1,0,0
degradation,NOUN,1,0,0
higher,ADV,1,0,0
physically,ADV,1,0,0
spiritually,ADV,1,0,0
rank,NOUN,1,0,0
lunatic,NOUN,1,0,0
humiliation,NOUN,1,0,0
respect,NOUN,1,0,0
uneducated,ADJ,1,0,0
enumerate,VERB,1,0,0
discomfort,NOUN,1,0,0
remembering,NOUN,1,0,0
ill,ADV,1,0,0
futile,ADJ,1,0,0
expend,VERB,1,0,0
plough,VERB,1,0,0
acre,NOUN,1,0,0
accustomed,ADJ,1,0,0
futility,NOUN,1,0,0
habitable,ADJ,1,0,0
recognition,NOUN,1,0,0
respect,VERB,1,0,0
comfort,NOUN,1,0,0
positively,ADV,1,0,0
depauperize,VERB,1,0,0
breaker,NOUN,1,0,0
seemingly,ADV,1,0,0
produce,NOUN,1,0,0
benefit,VERB,1,0,0
undermine,VERB,1,0,0
view,NOUN,1,0,0
circulation,NOUN,1,0,0
artificial,ADJ,1,0,0
penalize,VERB,1,0,0
develop,VERB,1,0,0
status,NOUN,1,0,0
burden,NOUN,1,0,0
solution,NOUN,1,0,0
impose,VERB,1,0,0
XXXVII,PROPN,1,0,1
gettin,NOUN,1,0,0
dough,NOUN,1,0,0
flyin,PROPN,1,0,1
flickin,NOUN,1,0,0
cold,PROPN,1,0,1
Dem,PROPN,1,0,1
wrap,NOUN,1,0,0
demselve,VERB,1,0,0
correspond,VERB,1,0,0
Lyceum,PROPN,1,0,1
Theatre,PROPN,1,0,1
wilful,ADJ,1,0,0
ness,NOUN,1,0,0
ventilate,VERB,1,0,0
shafts,NOUN,1,0,0
apparent,ADJ,1,0,0
fence,NOUN,1,0,0
humorously,ADV,1,0,0
valet,NOUN,1,0,0
tarpaulin,NOUN,1,0,0
enclose,VERB,1,0,0
Bruce,PROPN,1,0,1
unlike,ADP,1,0,0
numerous,ADJ,1,0,0
uniformly,ADV,1,0,0
laissez,X,1,0,0
faire,X,1,0,0
married,ADJ,1,0,0
unattached,ADJ,1,0,0
furnished,ADJ,1,0,0
cheaply,ADV,1,0,0
soundly,ADV,1,0,0
barracks,NOUN,1,0,0
healthy,ADJ,1,0,0
racket,NOUN,1,0,0
observation,NOUN,1,0,0
swindle,NOUN,1,0,0
accomplish,VERB,1,0,0
exert,VERB,1,0,0
fighting,NOUN,1,0,0
keeper,NOUN,1,0,0
reasonably,ADV,1,0,0
Groydon,PROPN,1,0,1
rare,ADJ,1,0,0
ninepenny,NOUN,1,0,0
oppose,VERB,1,0,0
bloc,PROPN,1,0,1
forbidden,ADJ,1,0,0
Croydon,PROPN,1,0,1
general,NOUN,1,0,0
concern,VERB,1,0,0
xxxviii,NOUN,1,0,0
weed,VERB,1,0,0
sweeping,ADJ,1,0,0
somebodyss,NOUN,1,0,0
part,VERB,1,0,0
Portsmouth,PROPN,1,0,1
informant,NOUN,1,0,0
Wandsworth,PROPN,1,0,1
trivial,ADJ,1,0,0
travel,NOUN,1,0,0
await,VERB,1,0,0
explore,VERB,1,0,0
encounter,NOUN,1,0,0
intimately,ADV,1,0,0
definitely,ADV,1,0,0
scoundrel,NOUN,1,0,0
subscribe,VERB,1,0,0
END,PROPN,1,0,1
