lemma,pos,count,is_stopword,is_proper_noun
the,DET,1332,1,0
of,ADP,801,1,0
be,AUX,765,1,0
and,CCONJ,741,1,0
i,PRON,579,1,0
a,DET,552,1,0
in,ADP,394,1,0
to,PART,321,1,0
to,ADP,295,1,0
have,AUX,238,1,0
you,PRON,203,1,0
as,ADP,195,1,0
not,PART,194,1,0
Flatland,PROPN,187,0,1
that,SCONJ,187,1,0
but,CCONJ,185,1,0
it,PRON,180,1,0
my,PRON,166,1,0
with,ADP,159,1,0
for,ADP,153,1,0
or,CCONJ,147,1,0
he,PRON,142,1,0
by,ADP,132,1,0
his,PRON,121,1,0
at,ADP,118,1,0
from,ADP,106,1,0
one,NUM,100,1,0
which,DET,98,1,0
this,DET,96,1,0
see,VERB,93,1,0
we,PRON,90,1,0
they,PRON,89,1,0
no,DET,89,1,0
so,ADV,86,1,0
an,DET,81,1,0
our,PRON,77,1,0
all,DET,76,1,0
their,PRON,75,1,0
your,PRON,69,1,0
line,NOUN,68,0,0
would,AUX,67,1,0
side,NOUN,66,1,0
on,ADP,65,1,0
say,VERB,65,1,0
if,SCONJ,64,1,0
there,PRON,54,1,0
what,PRON,54,1,0
can,AUX,54,1,0
even,ADV,53,1,0
now,ADV,53,1,0
when,SCONJ,53,1,0
that,DET,52,1,0
class,NOUN,50,0,0
make,VERB,49,1,0
some,DET,49,1,0
more,ADV,48,1,0
that,PRON,47,1,0
two,NUM,47,1,0
must,AUX,46,1,0
then,ADV,45,1,0
will,AUX,45,1,0
ofthe,NOUN,44,0,0
could,AUX,44,1,0
who,PRON,43,1,0
into,ADP,42,1,0
come,VERB,42,0,0
angle,NOUN,42,0,0
Circle,PROPN,42,0,1
how,SCONJ,41,1,0
other,ADJ,40,1,0
more,ADJ,39,1,0
any,DET,38,1,0
every,DET,38,1,0
woman,NOUN,37,0,0
eye,NOUN,36,0,0
do,AUX,36,1,0
than,ADP,36,1,0
feel,VERB,35,0,0
only,ADV,34,1,0
once,ADV,34,1,0
nor,CCONJ,33,1,0
before,ADP,33,1,0
call,VERB,32,1,0
know,VERB,32,0,0
point,NOUN,32,0,0
should,AUX,31,1,0
Isosceles,PROPN,31,0,1
three,NUM,31,1,0
Square,PROPN,30,0,1
inthe,DET,30,0,0
time,NOUN,30,0,0
move,VERB,29,1,0
take,VERB,29,1,0
out,ADP,29,1,0
Circles,PROPN,29,0,1
inch,NOUN,28,0,0
shall,AUX,28,0,0
dimension,NOUN,27,0,0
straight,ADJ,27,0,0
these,DET,27,1,0
she,PRON,27,1,0
e,NOUN,27,0,0
sense,NOUN,26,0,0
find,VERB,26,0,0
Spaceland,PROPN,25,0,1
word,NOUN,25,0,0
high,ADJ,24,0,0
mean,VERB,24,0,0
without,ADP,24,1,0
Space,PROPN,24,0,1
great,ADJ,24,0,0
though,SCONJ,23,1,0
Sphere,PROPN,23,0,1
man,NOUN,23,0,0
nothing,PRON,23,1,0
own,ADJ,23,1,0
such,ADJ,23,1,0
her,PRON,23,1,0
thing,NOUN,22,0,0
sphere,ADV,22,0,0
ofthe,DET,21,0,0
nature,NOUN,21,0,0
look,VERB,21,0,0
number,NOUN,21,0,0
yet,ADV,21,1,0
voice,NOUN,21,0,0
Stranger,PROPN,21,0,1
may,AUX,20,1,0
child,NOUN,20,0,0
among,ADP,19,1,0
upon,SCONJ,19,1,0
give,VERB,19,1,0
motion,NOUN,19,0,0
himself,PRON,19,1,0
so,SCONJ,18,1,0
appear,VERB,18,0,0
far,ADV,18,1,0
indeed,ADV,18,1,0
small,ADJ,18,0,0
house,NOUN,18,0,0
well,ADV,18,1,0
still,ADV,18,1,0
little,ADJ,18,0,0
wife,NOUN,18,0,0
because,SCONJ,18,1,0
figure,NOUN,17,0,0
about,ADP,17,1,0
same,ADJ,17,1,0
way,NOUN,17,0,0
let,VERB,17,0,0
where,SCONJ,17,1,0
tion,NOUN,17,0,0
also,ADV,17,1,0
through,ADP,17,1,0
again,ADV,17,1,0
enter,VERB,17,0,0
moment,NOUN,17,0,0
many,ADJ,16,1,0
Women,PROPN,16,0,1
ing,NOUN,16,0,0
hear,VERB,16,0,0
land,NOUN,16,0,0
Law,PROPN,16,0,1
too,ADV,16,1,0
its,PRON,16,1,0
after,ADP,16,1,0
think,VERB,16,0,0
myself,PRON,16,1,0
perfect,ADJ,16,0,0
Lord,PROPN,16,0,1
part,NOUN,15,1,0
therefore,ADV,15,1,0
Color,PROPN,15,0,1
very,ADV,15,1,0
onthe,DET,15,0,0
thus,ADV,15,1,0
subject,NOUN,15,0,0
course,NOUN,15,0,0
each,DET,15,1,0
speak,VERB,15,0,0
life,NOUN,15,0,0
down,ADP,15,1,0
long,ADV,15,0,0
sight,NOUN,14,0,0
Three,PROPN,14,1,1
become,VERB,14,1,0
question,NOUN,14,0,0
always,ADV,14,1,0
as,ADV,14,1,0
begin,VERB,14,0,0
existence,NOUN,14,0,0
mouth,NOUN,14,0,0
view,NOUN,14,0,0
year,NOUN,14,0,0
e,PROPN,14,0,1
t,NOUN,14,0,0
Dimension,PROPN,14,0,1
possible,ADJ,13,0,0
Nature,PROPN,13,0,1
remain,VERB,13,0,0
another,DET,13,1,0
all,ADV,13,1,0
example,NOUN,13,0,0
while,SCONJ,13,1,0
tell,VERB,13,0,0
those,DET,13,1,0
against,ADP,13,1,0
between,ADP,13,1,0
self,NOUN,13,0,0
l,NOUN,13,0,0
power,NOUN,13,0,0
just,ADV,13,1,0
whole,ADJ,13,1,0
ask,VERB,13,0,0
there,ADV,13,1,0
y,PROPN,13,0,1
Polygon,PROPN,13,0,1
room,NOUN,13,0,0
Recognition,PROPN,13,0,1
art,NOUN,13,0,0
t,PROPN,13,0,1
Lineland,PROPN,13,0,1
Northward,PROPN,13,0,1
five,NUM,12,1,0
most,ADV,12,1,0
like,ADP,12,0,0
least,ADJ,12,1,0
distinguish,VERB,12,0,0
bring,VERB,12,0,0
yet,CCONJ,12,1,0
leave,VERB,12,0,0
Woman,PROPN,12,0,1
fall,VERB,12,0,0
object,NOUN,12,0,0
Straight,PROPN,12,0,1
low,ADJ,12,0,0
degree,NOUN,12,0,0
produce,VERB,12,0,0
bythe,ADP,12,0,0
might,AUX,12,1,0
hundred,NUM,12,1,0
up,ADP,12,1,0
under,ADP,12,1,0
recognize,VERB,12,0,0
seem,VERB,12,1,0
experience,NOUN,12,0,0
one,NOUN,12,1,0
last,ADJ,12,1,0
Line,PROPN,12,0,1
Wife,PROPN,12,0,1
r,NOUN,11,0,0
world,NOUN,11,0,0
Bill,PROPN,11,0,1
show,VERB,11,1,0
country,NOUN,11,0,0
Triangle,PROPN,11,0,1
day,NOUN,11,0,0
hence,ADV,11,1,0
reason,NOUN,11,0,0
follow,VERB,11,0,0
length,NOUN,11,0,0
size,NOUN,11,0,0
whom,PRON,11,1,0
themselves,PRON,11,1,0
long,ADJ,11,0,0
reply,VERB,11,0,0
creature,NOUN,11,0,0
indicate,VERB,11,0,0
order,NOUN,11,0,0
first,ADJ,11,1,0
individual,NOUN,11,0,0
direction,NOUN,11,0,0
new,ADJ,11,0,0
marriage,NOUN,11,0,0
whose,DET,11,1,0
M,PROPN,11,0,1
receive,VERB,11,0,0
n,CCONJ,11,0,0
h,NOUN,11,0,0
inside,NOUN,11,0,0
Cube,PROPN,11,0,1
six,NUM,10,1,0
suppose,VERB,10,0,0
such,DET,10,1,0
large,ADJ,10,0,0
several,ADJ,10,1,0
much,ADJ,10,1,0
Sex,PROPN,10,0,1
son,NOUN,10,0,0
almost,ADV,10,1,0
State,PROPN,10,0,1
away,ADV,10,0,0
ever,ADV,10,1,0
no,ADV,10,1,0
section,NOUN,10,0,0
go,VERB,10,1,0
four,NUM,10,1,0
Sight,PROPN,10,0,1
approach,VERB,10,0,0
teach,VERB,10,0,0
thought,NOUN,10,0,0
Monarch,PROPN,10,0,1
iwa,VERB,10,0,0
University,PROPN,9,0,1
sion,NOUN,9,0,0
anything,PRON,9,1,0
circle,NOUN,9,0,0
off,ADP,9,1,0
able,ADJ,9,0,0
slight,ADJ,9,0,0
region,NOUN,9,0,0
less,ADJ,9,1,0
good,ADJ,9,0,0
equal,ADJ,9,0,0
Circular,PROPN,9,0,1
name,NOUN,9,1,0
itis,NOUN,9,0,0
offspring,NOUN,9,0,0
generation,NOUN,9,0,0
back,ADV,9,1,0
Chief,PROPN,9,0,1
extremity,NOUN,9,0,0
here,ADV,9,1,0
few,ADJ,9,1,0
danger,NOUN,9,0,0
manner,NOUN,9,0,0
husband,NOUN,9,0,0
domestic,ADJ,9,0,0
death,NOUN,9,0,0
ought,AUX,9,0,0
neither,CCONJ,9,1,0
household,NOUN,9,0,0
soon,ADV,9,0,0
sound,NOUN,9,0,0
clear,ADJ,9,0,0
process,NOUN,9,0,0
young,ADJ,9,0,0
need,VERB,9,0,0
single,ADJ,9,0,0
pass,VERB,9,0,0
half,NOUN,9,0,0
result,NOUN,9,0,0
simple,ADJ,9,0,0
never,ADV,9,1,0
Irregular,PROPN,9,0,1
age,NOUN,9,0,0
matter,NOUN,9,0,0
fact,NOUN,9,0,0
first,ADV,9,1,0
really,ADV,9,1,0
cry,VERB,9,0,0
do,VERB,9,1,0
h,PROPN,9,0,1
King,PROPN,9,0,1
space,NOUN,9,0,0
listen,VERB,9,0,0
Dimensions,PROPN,9,0,1
Council,PROPN,9,0,1
explain,VERB,8,0,0
mystery,NOUN,8,0,0
Triangles,PROPN,8,0,1
rise,VERB,8,0,0
above,ADV,8,1,0
impossible,ADJ,8,0,0
except,SCONJ,8,1,0
appearance,NOUN,8,0,0
represent,VERB,8,0,0
distance,NOUN,8,0,0
else,ADV,8,1,0
describe,VERB,8,0,0
difficulty,NOUN,8,0,0
continue,VERB,8,0,0
home,NOUN,8,0,0
perhaps,ADV,8,1,0
above,ADP,8,1,0
often,ADV,8,1,0
tothe,DET,8,0,0
Equilateral,PROPN,8,0,1
rank,NOUN,8,0,0
itself,PRON,8,1,0
divine,ADJ,8,0,0
brother,NOUN,8,0,0
turn,VERB,8,0,0
different,ADJ,8,0,0
destroy,VERB,8,0,0
stand,VERB,8,0,0
other,NOUN,8,1,0
state,NOUN,8,0,0
family,NOUN,8,0,0
arise,VERB,8,0,0
aWoman,PROPN,8,0,1
whole,NOUN,8,1,0
Man,PROPN,8,0,1
account,NOUN,8,0,0
second,ADJ,8,0,0
Irregularity,PROPN,8,0,1
utterance,NOUN,8,0,0
itwa,VERB,8,0,0
dream,NOUN,8,0,0
o,NOUN,8,0,0
Plane,PROPN,8,0,1
Lordship,PROPN,8,0,1
Third,PROPN,8,1,1
A,PROPN,7,1,1
thereby,ADV,7,1,0
square,NOUN,7,0,0
Pentagons,PROPN,7,0,1
instead,ADV,7,0,0
much,ADV,7,1,0
yourself,PRON,7,1,0
over,ADP,7,1,0
towards,ADP,7,1,0
Pentagon,PROPN,7,0,1
North,PROPN,7,0,1
determine,VERB,7,0,0
although,SCONJ,7,1,0
old,ADJ,7,0,0
problem,NOUN,7,0,0
truth,NOUN,7,0,0
common,ADJ,7,0,0
allow,VERB,7,0,0
regard,VERB,7,0,0
scale,NOUN,7,0,0
since,SCONJ,7,1,0
hope,NOUN,7,0,0
soldier,NOUN,7,0,0
position,NOUN,7,0,0
relation,NOUN,7,0,0
increase,VERB,7,0,0
advantage,NOUN,7,0,0
add,VERB,7,0,0
invisible,ADJ,7,0,0
however,ADV,7,1,0
touch,NOUN,7,0,0
States,PROPN,7,0,1
lose,VERB,7,0,0
apartment,NOUN,7,0,0
door,NOUN,7,0,0
color,NOUN,7,0,0
social,ADJ,7,0,0
method,NOUN,7,0,0
feeling,NOUN,7,0,0
right,ADJ,7,0,0
person,NOUN,7,0,0
ignorant,ADJ,7,0,0
infer,VERB,7,0,0
Geometry,PROPN,7,0,1
study,NOUN,7,0,0
interest,NOUN,7,0,0
live,VERB,7,0,0
exact,ADJ,7,0,0
purpose,NOUN,7,0,0
o,INTJ,7,0,0
n,PROPN,7,0,1
T,PROPN,7,0,1
d,PROPN,7,0,1
s,PROPN,7,0,1
thou,NOUN,7,0,0
try,VERB,7,0,0
Grandson,PROPN,7,0,1
Solid,PROPN,7,0,1
upward,ADV,7,0,0
Solids,PROPN,7,0,1
ah,INTJ,7,0,0
offlatland,NOUN,6,0,0
have,VERB,6,0,0
PART,PROPN,6,1,1
priest,NOUN,6,0,0
alas,INTJ,6,0,0
ago,ADV,6,0,0
solid,ADJ,6,0,0
Lines,PROPN,6,0,1
ofyour,NOUN,6,0,0
cease,VERB,6,0,0
at,ADV,6,1,0
happen,VERB,6,0,0
level,NOUN,6,0,0
lie,VERB,6,0,0
light,NOUN,6,0,0
well,INTJ,6,1,0
Hexagon,PROPN,6,0,1
answer,NOUN,6,0,0
quite,ADV,6,1,0
most,ADJ,6,1,0
hour,NOUN,6,0,0
till,SCONJ,6,0,0
force,NOUN,6,0,0
none,NOUN,6,1,0
permit,VERB,6,0,0
contain,VERB,6,0,0
thousand,NUM,6,0,0
vertex,NOUN,6,0,0
finally,ADV,6,0,0
birth,NOUN,6,0,0
either,CCONJ,6,1,0
cry,NOUN,6,0,0
servant,NOUN,6,0,0
during,ADP,6,1,0
male,ADJ,6,0,0
well,ADJ,6,1,0
accept,VERB,6,0,0
mere,ADJ,6,0,0
remember,VERB,6,0,0
end,NOUN,6,0,0
bless,VERB,6,0,0
enable,VERB,6,0,0
obvious,ADJ,6,0,0
ascertain,VERB,6,0,0
yes,INTJ,6,0,0
exclaim,VERB,6,0,0
andthe,DET,6,0,0
forthe,ADJ,6,0,0
e,VERB,6,0,0
meaning,NOUN,6,0,0
further,ADJ,6,1,0
parent,NOUN,6,0,0
instance,NOUN,6,0,0
hand,NOUN,6,0,0
atthe,DET,6,0,0
illustrious,ADJ,6,0,0
Figure,PROPN,6,0,1
force,VERB,6,0,0
alone,ADV,6,1,0
teacher,NOUN,6,0,0
raise,VERB,6,0,0
green,ADJ,6,0,0
certain,ADJ,6,0,0
accord,VERB,6,0,0
rather,ADV,6,1,0
secret,NOUN,6,0,0
people,NOUN,6,0,0
open,ADJ,6,0,0
sometimes,ADV,6,1,0
silence,NOUN,6,0,0
fate,NOUN,6,0,0
lead,VERB,6,0,0
convince,VERB,6,0,0
why,SCONJ,6,1,0
believe,VERB,6,0,0
Points,PROPN,6,0,1
n,NOUN,6,0,0
o,PROPN,6,0,1
shape,NOUN,6,0,0
exactly,ADV,6,0,0
perceive,VERB,6,0,0
World,PROPN,6,0,1
vanish,VERB,6,0,0
Point,PROPN,6,0,1
Land,PROPN,6,0,1
plane,NOUN,6,0,0
thy,PRON,6,0,0
interior,NOUN,6,0,0
book,NOUN,5,0,0
effort,NOUN,5,0,0
Ofthe,PROPN,5,0,1
II,PROPN,5,0,1
concern,VERB,5,0,0
Vision,PROPN,5,0,1
sphere,ADJ,5,0,0
imagine,VERB,5,0,0
Hexagons,PROPN,5,0,1
place,NOUN,5,0,0
kind,NOUN,5,0,0
actually,ADV,5,0,0
but,SCONJ,5,1,0
unless,SCONJ,5,1,0
bright,ADJ,5,0,0
reveal,VERB,5,0,0
friend,NOUN,5,0,0
natural,ADJ,5,0,0
South,PROPN,5,0,1
earth,NOUN,5,0,0
rain,NOUN,5,0,0
be,VERB,5,1,0
difficult,ADJ,5,0,0
true,ADJ,5,0,0
return,VERB,5,0,0
Men,PROPN,5,0,1
a,NOUN,5,1,0
era,NOUN,5,0,0
square,ADJ,5,0,0
safety,NOUN,5,0,0
district,NOUN,5,0,0
form,VERB,5,0,0
extremely,ADV,5,0,0
side,VERB,5,0,0
development,NOUN,5,0,0
series,NOUN,5,0,0
manifest,VERB,5,0,0
Father,PROPN,5,0,1
Board,PROPN,5,0,1
bear,VERB,5,0,0
poor,ADJ,5,0,0
aware,ADJ,5,0,0
law,NOUN,5,0,0
Polygons,PROPN,5,0,1
meet,VERB,5,0,0
Female,PROPN,5,0,1
penalty,NOUN,5,0,0
wise,ADJ,5,0,0
less,ADV,5,1,0
distinction,NOUN,5,0,0
case,NOUN,5,0,0
minute,NOUN,5,0,0
neglect,VERB,5,0,0
polygonal,ADJ,5,0,0
interval,NOUN,5,0,0
sex,NOUN,5,0,0
form,NOUN,5,0,0
mean,NOUN,5,0,0
hearing,NOUN,5,0,0
training,NOUN,5,0,0
event,NOUN,5,0,0
stranger,NOUN,5,0,0
omit,VERB,5,0,0
assume,VERB,5,0,0
perfectly,ADV,5,0,0
frame,NOUN,5,0,0
full,ADJ,5,1,0
enough,ADJ,5,1,0
exist,VERB,5,0,0
imply,VERB,5,0,0
universal,ADJ,5,0,0
foot,NOUN,5,0,0
dimness,NOUN,5,0,0
wish,VERB,5,0,0
c,NOUN,5,0,0
shade,VERB,5,0,0
conception,NOUN,5,0,0
front,NOUN,5,1,0
brightness,NOUN,5,0,0
Art,PROPN,5,0,1
necessary,ADJ,5,0,0
society,NOUN,5,0,0
ing,ADJ,5,0,0
ill,ADV,5,0,0
short,ADJ,5,0,0
surely,ADV,5,0,0
cause,NOUN,5,0,0
suggest,VERB,5,0,0
neighbor,NOUN,5,0,0
Priests,PROPN,5,0,1
intend,VERB,5,0,0
henceforth,ADV,5,0,0
half,ADJ,5,0,0
Constitution,PROPN,5,0,1
affection,NOUN,5,0,0
mind,NOUN,5,0,0
anticipation,NOUN,5,0,0
usual,ADJ,5,0,0
aCircle,PROPN,5,0,1
induce,VERB,5,0,0
multitude,NOUN,5,0,0
theory,NOUN,5,0,0
change,VERB,5,0,0
mental,ADJ,5,0,0
language,NOUN,5,0,0
retire,VERB,5,0,0
Highness,PROPN,5,0,1
Universe,PROPN,5,0,1
descend,VERB,5,0,0
Gospel,PROPN,5,0,1
preserve,VERB,4,0,0
B,PROPN,4,0,1
c,PROPN,4,0,1
strange,ADJ,4,0,0
content,NOUN,4,0,0
Page,PROPN,4,0,1
reader,NOUN,4,0,0
edge,NOUN,4,0,0
open,VERB,4,0,0
necessity,NOUN,4,0,0
ble,NOUN,4,0,0
table,NOUN,4,0,0
gradually,ADV,4,0,0
inhabitant,NOUN,4,0,0
asyou,NOUN,4,0,0
Iwas,PROPN,4,0,1
angle,VERB,4,0,0
easily,ADV,4,0,0
constant,ADJ,4,0,0
attraction,NOUN,4,0,0
health,NOUN,4,0,0
serve,VERB,4,0,0
moreover,ADV,4,1,0
town,NOUN,4,0,0
run,VERB,4,0,0
roof,NOUN,4,0,0
altogether,ADV,4,0,0
hardly,ADV,4,0,0
walk,VERB,4,0,0
occasionally,ADV,4,0,0
together,ADV,4,1,0
Male,PROPN,4,0,1
easy,ADJ,4,0,0
Legislature,PROPN,4,0,1
afterwards,ADV,4,1,0
population,NOUN,4,0,0
breadth,NOUN,4,0,0
eleven,NUM,4,1,0
twelve,NUM,4,1,0
type,NOUN,4,0,0
nobility,NOUN,4,0,0
Polygonal,PROPN,4,0,1
andto,PROPN,4,0,1
human,ADJ,4,0,0
Figures,PROPN,4,0,1
nevertheless,ADV,4,1,0
bythe,DET,4,0,0
approximate,VERB,4,0,0
proportion,NOUN,4,0,0
herself,PRON,4,1,0
prove,VERB,4,0,0
strict,ADJ,4,0,0
fear,NOUN,4,0,0
Aristocracy,PROPN,4,0,1
leader,NOUN,4,0,0
increase,NOUN,4,0,0
knowledge,NOUN,4,0,0
duce,VERB,4,0,0
keep,VERB,4,0,0
alone,ADJ,4,1,0
back,NOUN,4,1,0
present,VERB,4,0,0
lustrous,ADJ,4,0,0
obtain,VERB,4,0,0
fromthe,DET,4,0,0
female,ADJ,4,0,0
practice,NOUN,4,0,0
achieve,VERB,4,0,0
reflection,NOUN,4,0,0
deny,VERB,4,0,0
Classes,PROPN,4,0,1
ment,NOUN,4,0,0
circular,ADJ,4,0,0
absence,NOUN,4,0,0
wisdom,NOUN,4,0,0
being,NOUN,4,1,0
discriminate,VERB,4,0,0
partly,ADV,4,0,0
trust,VERB,4,0,0
dull,ADJ,4,0,0
Grandfather,PROPN,4,0,1
brain,NOUN,4,0,0
imprisonment,NOUN,4,0,0
moral,ADJ,4,0,0
attain,VERB,4,0,0
answer,VERB,4,0,0
Specimens,PROPN,4,0,1
place,VERB,4,0,0
Criminal,PROPN,4,0,1
system,NOUN,4,0,0
Iam,PROPN,4,0,1
save,VERB,4,0,0
d,NOUN,4,0,0
b,NOUN,4,0,0
rapidly,ADV,4,0,0
centre,NOUN,4,0,0
attempt,VERB,4,0,0
detail,NOUN,4,0,0
rotate,VERB,4,0,0
both,DET,4,1,0
crowd,NOUN,4,0,0
complete,VERB,4,0,0
third,ADJ,4,1,0
aword,NOUN,4,0,0
one,PRON,4,1,0
learn,VERB,4,0,0
early,ADJ,4,0,0
concur,VERB,4,0,0
miserable,ADJ,4,0,0
tobe,NOUN,4,0,0
glorious,ADJ,4,0,0
immediate,ADJ,4,0,0
Chromatistes,PROPN,4,0,1
proclaim,VERB,4,0,0
fly,VERB,4,0,0
convert,VERB,4,0,0
former,ADJ,4,1,0
childhood,NOUN,4,0,0
red,ADJ,4,0,0
color,VERB,4,0,0
consider,VERB,4,0,0
right,NOUN,4,0,0
hinder,NOUN,4,0,0
semicircle,NOUN,4,0,0
destruction,NOUN,4,0,0
result,VERB,4,0,0
Regular,PROPN,4,0,1
cut,VERB,4,0,0
ground,NOUN,4,0,0
fresh,ADJ,4,0,0
ourselves,PRON,4,1,0
everything,PRON,4,1,0
pedigree,NOUN,4,0,0
reality,NOUN,4,0,0
wrong,ADJ,4,0,0
arrest,VERB,4,0,0
enough,ADV,4,1,0
duty,NOUN,4,0,0
behind,ADP,4,1,0
already,ADV,4,1,0
m,VERB,4,0,0
W,PROPN,4,0,1
r,PROPN,4,0,1
u,NOUN,4,0,0
m,NOUN,4,0,0
Royal,PROPN,4,0,1
note,VERB,4,0,0
last,ADV,4,1,0
pardon,VERB,4,0,0
no,INTJ,4,1,0
pleased,ADJ,4,0,0
understand,VERB,4,0,0
horror,NOUN,4,0,0
whereas,SCONJ,4,1,0
inside,ADV,4,0,0
deed,NOUN,4,0,0
Millennium,PROPN,4,0,1
lesson,NOUN,4,0,0
aSquare,PROPN,4,0,1
something,PRON,4,1,0
oh,INTJ,4,0,0
throat,NOUN,4,0,0
height,NOUN,4,0,0
close,VERB,4,0,0
countryman,NOUN,4,0,0
sphere,NOUN,4,0,0
discern,VERB,4,0,0
analogy,NOUN,4,0,0
upward,ADJ,4,0,0
tablet,NOUN,4,0,0
whether,SCONJ,4,1,0
ha,INTJ,4,0,0
omnividence,NOUN,4,0,0
L,PROPN,3,0,1
b,PROPN,3,0,1
FLATLAND,PROPN,3,0,1
rare,ADJ,3,0,0
ofpainting,NOUN,3,0,0
Universal,PROPN,3,0,1
Chromatic,PROPN,3,0,1
Sedition,PROPN,3,0,1
ofour,NOUN,3,0,0
worlds,NOUN,3,0,0
ofspaceland,ADJ,3,0,0
happy,ADJ,3,0,0
shadow,NOUN,3,0,0
hard,ADJ,3,0,0
ofthing,NOUN,3,0,0
visible,ADJ,3,0,0
ofFlatland,PROPN,3,0,1
Tradesman,PROPN,3,0,1
extent,NOUN,3,0,0
sun,NOUN,3,0,0
close,ADV,3,0,0
cle,NOUN,3,0,0
circumstance,NOUN,3,0,0
body,NOUN,3,0,0
climate,NOUN,3,0,0
compel,VERB,3,0,0
street,NOUN,3,0,0
equally,ADV,3,0,0
recent,ADJ,3,0,0
construction,NOUN,3,0,0
ofa,PROPN,3,0,1
sided,ADJ,3,0,0
northern,ADJ,3,0,0
inanimate,ADJ,3,0,0
ous,ADJ,3,0,0
injury,NOUN,3,0,0
suddenly,ADV,3,0,0
century,NOUN,3,0,0
period,NOUN,3,0,0
decide,VERB,3,0,0
ten,NUM,3,1,0
public,ADJ,3,0,0
discover,VERB,3,0,0
bythis,NOUN,3,0,0
cele,NOUN,3,0,0
condition,NOUN,3,0,0
intellectual,ADJ,3,0,0
require,VERB,3,0,0
ancestor,NOUN,3,0,0
intellect,NOUN,3,0,0
round,ADJ,3,0,0
proud,ADJ,3,0,0
develop,VERB,3,0,0
phenomenon,NOUN,3,0,0
absolutelydestitute,NOUN,3,0,0
seditious,ADJ,3,0,0
strength,NOUN,3,0,0
intelligence,NOUN,3,0,0
formidable,ADJ,3,0,0
use,NOUN,3,0,0
ofthis,NOUN,3,0,0
generally,ADV,3,0,0
prospect,NOUN,3,0,0
wretched,ADJ,3,0,0
besides,SCONJ,3,1,0
end,VERB,3,0,0
highly,ADV,3,0,0
explanation,NOUN,3,0,0
ofit,NOUN,3,0,0
m,PROPN,3,0,1
mean,ADJ,3,0,0
private,ADJ,3,0,0
forthe,PROPN,3,0,1
naturally,ADV,3,0,0
general,ADJ,3,0,0
Code,PROPN,3,0,1
maybe,ADV,3,0,0
use,VERB,3,1,0
Schools,PROPN,3,0,1
peace,NOUN,3,0,0
shallbe,NOUN,3,0,0
female,NOUN,3,0,0
confine,VERB,3,0,0
race,NOUN,3,0,0
Laws,PROPN,3,0,1
mention,VERB,3,0,0
suffice,VERB,3,0,0
rough,ADJ,3,0,0
oftheir,NOUN,3,0,0
lady,NOUN,3,0,0
mayso,VERB,3,0,0
imitate,VERB,3,0,0
monotonous,ADJ,3,0,0
oflife,NOUN,3,0,0
over,ADV,3,1,0
construct,VERB,3,0,0
harmony,NOUN,3,0,0
habit,NOUN,3,0,0
instinct,ADJ,3,0,0
sting,NOUN,3,0,0
prevent,VERB,3,0,0
safe,ADJ,3,0,0
very,ADJ,3,1,0
ordain,VERB,3,0,0
shade,NOUN,3,0,0
endow,VERB,3,0,0
contemplate,VERB,3,0,0
recall,VERB,3,0,0
nearly,ADV,3,0,0
threefold,ADJ,3,0,0
recognition,NOUN,3,0,0
imposture,NOUN,3,0,0
introduction,NOUN,3,0,0
address,VERB,3,0,0
Arts,PROPN,3,0,1
pretend,VERB,3,0,0
care,NOUN,3,0,0
otherwise,ADV,3,1,0
irregular,ADJ,3,0,0
deplore,VERB,3,0,0
occur,VERB,3,0,0
act,NOUN,3,0,0
Great,PROPN,3,0,1
throw,VERB,3,0,0
next,ADJ,3,1,0
educate,VERB,3,0,0
help,NOUN,3,0,0
School,PROPN,3,0,1
throughout,ADP,3,1,0
education,NOUN,3,0,0
utterly,ADV,3,0,0
suffer,VERB,3,0,0
aboutthe,DET,3,0,0
gain,VERB,3,0,0
forget,VERB,3,0,0
ofthe,PROPN,3,0,1
middle,ADJ,3,0,0
inflatland,NOUN,3,0,0
ofsight,NOUN,3,0,0
non,ADJ,3,0,0
existent,ADJ,3,0,0
Merchant,PROPN,3,0,1
glance,NOUN,3,0,0
andwhat,DET,3,0,0
asthe,DET,3,0,0
conceive,VERB,3,0,0
diagram,NOUN,3,0,0
temptation,NOUN,3,0,0
assert,VERB,3,0,0
bythe,NOUN,3,0,0
noble,ADJ,3,0,0
midst,NOUN,3,0,0
vary,VERB,3,0,0
lip,NOUN,3,0,0
speech,NOUN,3,0,0
Statesmen,PROPN,3,0,1
havebeen,VERB,3,0,0
about,ADV,3,1,0
adult,NOUN,3,0,0
extend,VERB,3,0,0
rest,VERB,3,0,0
sufficient,ADJ,3,0,0
conclusion,NOUN,3,0,0
present,ADJ,3,0,0
occupy,VERB,3,0,0
patent,NOUN,3,0,0
measurement,NOUN,3,0,0
perimeter,NOUN,3,0,0
either,ADV,3,1,0
close,ADJ,3,0,0
church,NOUN,3,0,0
carry,VERB,3,0,0
ofhis,PROPN,3,0,1
real,ADJ,3,0,0
triumph,NOUN,3,0,0
bywhich,PROPN,3,0,1
set,VERB,3,0,0
history,NOUN,3,0,0
thetruth,NOUN,3,0,0
charm,NOUN,3,0,0
Grandsons,PROPN,3,0,1
respect,NOUN,3,0,0
readily,ADV,3,0,0
strain,NOUN,3,0,0
spread,VERB,3,0,0
confess,VERB,3,0,0
hadno,NOUN,3,0,0
call,NOUN,3,1,0
pleasure,NOUN,3,0,0
command,NOUN,3,0,0
musthave,VERB,3,0,0
meanwhile,ADV,3,1,0
Education,PROPN,3,0,1
neglect,NOUN,3,0,0
need,NOUN,3,0,0
path,NOUN,3,0,0
front,ADJ,3,1,0
thatis,NOUN,3,0,0
deference,NOUN,3,0,0
red,NOUN,3,0,0
diameter,NOUN,3,0,0
Class,PROPN,3,0,1
anticipate,VERB,3,0,0
issue,VERB,3,0,0
sure,ADJ,3,0,0
ofthis,ADJ,3,0,0
bad,ADJ,3,0,0
twenty,NUM,3,1,0
succeed,VERB,3,0,0
similar,ADJ,3,0,0
deception,NOUN,3,0,0
entirely,ADV,3,0,0
guard,NOUN,3,0,0
declare,VERB,3,0,0
majority,NOUN,3,0,0
mention,NOUN,3,0,0
Workmen,PROPN,3,0,1
final,ADJ,3,0,0
seven,NUM,3,0,0
spar,VERB,3,0,0
deep,ADJ,3,0,0
ican,ADJ,3,0,0
introduce,VERB,3,0,0
mine,NOUN,3,1,0
season,NOUN,3,0,0
proceed,VERB,3,0,0
conduct,NOUN,3,0,0
Perimeter,PROPN,3,0,1
ofthree,ADJ,3,0,0
ambition,NOUN,3,0,0
month,NOUN,3,0,0
success,NOUN,3,0,0
praise,NOUN,3,0,0
ity,NOUN,3,0,0
regular,ADJ,3,0,0
conclude,VERB,3,0,0
fit,ADJ,3,0,0
help,VERB,3,0,0
sit,VERB,3,0,0
Arithmetic,PROPN,3,0,1
especially,ADV,3,0,0
mathematical,ADJ,3,0,0
read,VERB,3,0,0
Ihad,PROPN,3,0,1
noise,NOUN,3,0,0
confused,ADJ,3,0,0
multitudinous,ADJ,3,0,0
g,NOUN,3,0,0
l,PROPN,3,0,1
S,PROPN,3,0,1
K,PROPN,3,0,1
patience,NOUN,3,0,0
whence,ADV,3,1,0
dominion,NOUN,3,0,0
stomach,NOUN,3,0,0
aPoint,PROPN,3,0,1
heart,NOUN,3,0,0
confirm,VERB,3,0,0
send,VERB,3,0,0
forth,ADV,3,0,0
glimpse,NOUN,3,0,0
behold,VERB,3,0,0
interrupt,VERB,3,0,0
Ifyou,PROPN,3,0,1
touch,VERB,3,0,0
aStraight,PROPN,3,0,1
Nay,PROPN,3,0,1
king,NOUN,3,0,0
left,ADJ,3,0,0
Southward,PROPN,3,0,1
out,ADV,3,1,0
though,ADV,3,1,0
profess,VERB,3,0,0
awake,VERB,3,0,0
hadbeen,VERB,3,0,0
endeavor,VERB,3,0,0
sand,NOUN,3,0,0
somehow,ADV,3,1,0
rush,VERB,3,0,0
Sir,PROPN,3,0,1
surprise,NOUN,3,0,0
up,ADV,3,1,0
ample,ADJ,3,0,0
realm,NOUN,3,0,0
depth,NOUN,3,0,0
ascend,VERB,3,0,0
accordance,NOUN,3,0,0
icould,AUX,3,0,0
aCube,PROPN,3,0,1
thou,ADJ,3,0,0
stay,VERB,3,0,0
yonder,NOUN,3,0,0
cupboard,NOUN,3,0,0
utter,VERB,3,0,0
endure,VERB,3,0,0
witness,VERB,3,0,0
whither,NOUN,3,1,0
thatwa,VERB,3,0,0
Guide,PROPN,3,0,1
vision,NOUN,3,0,0
attribute,NOUN,3,0,0
meeting,NOUN,3,0,0
revelation,NOUN,3,0,0
President,PROPN,3,0,1
business,NOUN,3,0,0
story,NOUN,3,0,0
Prometheus,PROPN,3,0,1
Fourth,PROPN,3,0,1
mension,NOUN,3,0,0
Cubes,PROPN,3,0,1
strictly,ADV,3,0,0
Thoughtland,PROPN,3,0,1
soar,VERB,3,0,0
return,NOUN,3,0,0
Pointland,PROPN,3,0,1
joy,NOUN,3,0,0
grasp,VERB,3,0,0
information,NOUN,2,0,0
C,PROPN,2,0,1
MiU,PROPN,2,0,1
romance,NOUN,2,0,0
square,PROPN,2,0,1
b,X,2,0,0
company,NOUN,2,0,0
nine,NUM,2,1,0
Π,PROPN,2,0,1
native,ADJ,2,0,0
Region,PROPN,2,0,1
higher,ADV,2,0,0
excellent,ADJ,2,0,0
Section,PROPN,2,0,1
offlatland,ADP,2,0,0
suppression,NOUN,2,0,0
Doctrine,PROPN,2,0,1
endeavoredto,PROPN,2,0,1
Strangerfrom,PROPN,2,0,1
ιοι,NOUN,2,0,0
revealto,PROPN,2,0,1
ofspaceland,NOUN,2,0,0
myGrandson,PROPN,2,0,1
diffuse,VERB,2,0,0
butto,NOUN,2,0,0
paper,NOUN,2,0,0
surface,NOUN,2,0,0
powerof,NOUN,2,0,0
sink,VERB,2,0,0
below,ADP,2,1,0
luminous,ADJ,2,0,0
youwill,NOUN,2,0,0
atonce,NOUN,2,0,0
Place,PROPN,2,0,1
lower,VERB,2,0,0
oval,NOUN,2,0,0
treat,VERB,2,0,0
aTriangle,PROPN,2,0,1
lateral,ADJ,2,0,0
respectable,ADJ,2,0,0
straightline,NOUN,2,0,0
distant,ADJ,2,0,0
retirement,NOUN,2,0,0
triangular,NOUN,2,0,0
neither,DET,2,1,0
tant,NOUN,2,0,0
West,PROPN,2,0,1
reasonable,ADJ,2,0,0
furlong,NOUN,2,0,0
hamper,VERB,2,0,0
theirside,NOUN,2,0,0
wall,NOUN,2,0,0
forthe,DET,2,0,0
guide,NOUN,2,0,0
Ihave,PROPN,2,0,1
robust,ADJ,2,0,0
notice,NOUN,2,0,0
alike,ADV,2,0,0
whence,ADP,2,1,0
knownot,VERB,2,0,0
Itwas,PROPN,2,0,1
interesting,ADJ,2,0,0
origin,NOUN,2,0,0
crowd,VERB,2,0,0
suppress,VERB,2,0,0
liable,ADJ,2,0,0
tax,NOUN,2,0,0
solution,NOUN,2,0,0
mysterious,ADJ,2,0,0
I,PROPN,2,1,1
theoryof,NOUN,2,0,0
mad,ADJ,2,0,0
andforthe,DET,2,0,0
exception,NOUN,2,0,0
discourage,VERB,2,0,0
special,ADJ,2,0,0
second,VERB,2,0,0
backward,ADJ,2,0,0
grow,VERB,2,0,0
estimate,VERB,2,0,0
basis,NOUN,2,0,0
pointed,ADJ,2,0,0
refer,VERB,2,0,0
page,NOUN,2,0,0
ure,NOUN,2,0,0
next,ADV,2,1,0
thence,NOUN,2,1,0
oftheir,PROPN,2,0,1
andthis,DET,2,0,0
rule,NOUN,2,0,0
step,NOUN,2,0,0
on,ADV,2,1,0
Soldiers,PROPN,2,0,1
equal,VERB,2,0,0
doesnot,ADV,2,0,0
hold,VERB,2,0,0
posterity,NOUN,2,0,0
skilful,ADJ,2,0,0
labor,NOUN,2,0,0
daughter,NOUN,2,0,0
inan,NOUN,2,0,0
sidedTriangle,PROPN,2,0,1
vast,ADJ,2,0,0
sidedness,NOUN,2,0,0
continuous,ADJ,2,0,0
True,PROPN,2,0,1
rejoice,VERB,2,0,0
examination,NOUN,2,0,0
conduct,VERB,2,0,0
infant,NOUN,2,0,0
admit,VERB,2,0,0
lest,ADP,2,0,0
organism,NOUN,2,0,0
unconscious,ADJ,2,0,0
occasional,ADJ,2,0,0
forall,NOUN,2,0,0
amost,ADJ,2,0,0
useful,ADJ,2,0,0
barrier,NOUN,2,0,0
acute,NOUN,2,0,0
outbreak,NOUN,2,0,0
asto,ADJ,2,0,0
decree,VERB,2,0,0
acute,ADJ,2,0,0
approximate,ADJ,2,0,0
intheir,ADJ,2,0,0
admirable,ADJ,2,0,0
fitness,NOUN,2,0,0
judicious,ADJ,2,0,0
init,NOUN,2,0,0
ble,ADJ,2,0,0
aid,NOUN,2,0,0
foolish,ADJ,2,0,0
rabble,ADJ,2,0,0
leaderless,NOUN,2,0,0
transfix,VERB,2,0,0
thiskind,NOUN,2,0,0
stir,VERB,2,0,0
warfare,NOUN,2,0,0
perish,VERB,2,0,0
bere,VERB,2,0,0
thirty,NUM,2,0,0
itmaybe,PROPN,2,0,1
practically,ADV,2,0,0
trifle,VERB,2,0,0
andyou,NOUN,2,0,0
us,PROPN,2,1,1
identical,ADJ,2,0,0
kind,ADJ,2,0,0
expose,VERB,2,0,0
manifest,ADJ,2,0,0
spectable,ADJ,2,0,0
collision,NOUN,2,0,0
military,ADJ,2,0,0
southern,ADJ,2,0,0
casual,ADJ,2,0,0
involuntary,ADJ,2,0,0
ofdeath,NOUN,2,0,0
disease,NOUN,2,0,0
right,ADV,2,0,0
oblige,VERB,2,0,0
statesman,NOUN,2,0,0
tend,VERB,2,0,0
temper,NOUN,2,0,0
regulation,NOUN,2,0,0
village,NOUN,2,0,0
simultaneous,ADJ,2,0,0
isfound,NOUN,2,0,0
movement,NOUN,2,0,0
victim,NOUN,2,0,0
frail,NOUN,2,0,0
male,NOUN,2,0,0
back,ADJ,2,1,0
left,VERB,2,0,0
disgrace,NOUN,2,0,0
isin,VERB,2,0,0
ular,ADJ,2,0,0
progressive,ADJ,2,0,0
atleast,ADV,2,0,0
predominate,VERB,2,0,0
Frail,PROPN,2,0,1
consideration,NOUN,2,0,0
anecessity,NOUN,2,0,0
devoid,ADJ,2,0,0
claim,NOUN,2,0,0
fragment,NOUN,2,0,0
obviously,ADV,2,0,0
wholly,ADV,2,0,0
threaten,VERB,2,0,0
promise,NOUN,2,0,0
get,VERB,2,1,0
Military,PROPN,2,0,1
tact,NOUN,2,0,0
cretion,NOUN,2,0,0
rely,VERB,2,0,0
acute,PROPN,2,0,1
stead,NOUN,2,0,0
organ,NOUN,2,0,0
irritate,VERB,2,0,0
expression,NOUN,2,0,0
outof,ADJ,2,0,0
regard,NOUN,2,0,0
resultis,NOUN,2,0,0
brutal,ADJ,2,0,0
redundant,ADJ,2,0,0
Revolution,PROPN,2,0,1
saythat,VERB,2,0,0
ideal,NOUN,2,0,0
pursuit,NOUN,2,0,0
insure,VERB,2,0,0
involve,VERB,2,0,0
loss,NOUN,2,0,0
status,NOUN,2,0,0
custom,NOUN,2,0,0
pursue,VERB,2,0,0
hum,VERB,2,0,0
Peace,PROPN,2,0,1
upper,ADJ,2,0,0
direct,VERB,2,0,0
avert,VERB,2,0,0
absolutely,ADV,2,0,0
myreader,NOUN,2,0,0
degrade,VERB,2,0,0
Evolution,PROPN,2,0,1
admire,VERB,2,0,0
humiliation,NOUN,2,0,0
perspective,NOUN,2,0,0
extreme,ADJ,2,0,0
configuration,NOUN,2,0,0
for,NOUN,2,1,0
faculty,NOUN,2,0,0
wherever,SCONJ,2,1,0
feign,VERB,2,0,0
resort,VERB,2,0,0
tween,NOUN,2,0,0
thatthe,NOUN,2,0,0
customary,ADJ,2,0,0
sentence,NOUN,2,0,0
dash,VERB,2,0,0
averse,ADJ,2,0,0
barbarism,NOUN,2,0,0
belong,VERB,2,0,0
school,NOUN,2,0,0
bridge,NOUN,2,0,0
confuse,VERB,2,0,0
Science,PROPN,2,0,1
famous,ADJ,2,0,0
Feeler,PROPN,2,0,1
irreparable,ADJ,2,0,0
head,NOUN,2,0,0
unhappy,ADJ,2,0,0
Working,PROPN,2,0,1
Ancestor,PROPN,2,0,1
diagonal,ADJ,2,0,0
consequence,NOUN,2,0,0
ascent,NOUN,2,0,0
offeele,VERB,2,0,0
stimulate,VERB,2,0,0
accurately,ADV,2,0,0
ofangle,VERB,2,0,0
ofnature,VERB,2,0,0
half,DET,2,0,0
until,ADP,2,1,0
reach,VERB,2,0,0
quit,VERB,2,0,0
consequently,ADV,2,0,0
Alphabet,PROPN,2,0,1
ofwhich,PROPN,2,0,1
extraordinary,ADJ,2,0,0
fair,ADJ,2,0,0
devote,VERB,2,0,0
service,NOUN,2,0,0
feed,VERB,2,0,0
food,NOUN,2,0,0
cheap,ADJ,2,0,0
diminished,ADJ,2,0,0
accuracy,NOUN,2,0,0
enumerate,VERB,2,0,0
expensive,ADJ,2,0,0
favor,NOUN,2,0,0
thisis,NOUN,2,0,0
imust,NOUN,2,0,0
andit,NOUN,2,0,0
prefer,VERB,2,0,0
description,NOUN,2,0,0
reserve,VERB,2,0,0
Reader,PROPN,2,0,1
trouble,NOUN,2,0,0
thatthis,DET,2,0,0
Fog,PROPN,2,0,1
evil,NOUN,2,0,0
dry,ADJ,2,0,0
object,VERB,2,0,0
careful,ADJ,2,0,0
mymeane,VERB,2,0,0
Physician,PROPN,2,0,1
viz,ADJ,2,0,0
aline,NOUN,2,0,0
nate,NOUN,2,0,0
reject,VERB,2,0,0
edge,VERB,2,0,0
inotherword,NOUN,2,0,0
ofmy,ADJ,2,0,0
AB,PROPN,2,0,1
andtwo,NOUN,2,0,0
BD,PROPN,2,0,1
angularity,NOUN,2,0,0
th,PROPN,2,0,1
rich,ADJ,2,0,0
thetime,NOUN,2,0,0
matician,NOUN,2,0,0
standing,NOUN,2,0,0
ofcourse,ADJ,2,0,0
unintelligible,ADJ,2,0,0
Pentagonal,PROPN,2,0,1
oneself,PRON,2,0,0
dumb,ADJ,2,0,0
seeing,NOUN,2,0,0
resortto,VERB,2,0,0
perfection,NOUN,2,0,0
ofan,NOUN,2,0,0
character,NOUN,2,0,0
offence,NOUN,2,0,0
third,NOUN,2,1,0
latter,ADJ,2,1,0
prepare,VERB,2,0,0
put,VERB,2,1,0
afew,NOUN,2,0,0
Final,PROPN,2,0,1
despise,VERB,2,0,0
suitable,ADJ,2,0,0
unfortunate,ADJ,2,0,0
imprison,VERB,2,0,0
demand,VERB,2,0,0
sum,VERB,2,0,0
humble,ADJ,2,0,0
depend,VERB,2,0,0
unequal,ADJ,2,0,0
experiment,NOUN,2,0,0
Tradesmen,PROPN,2,0,1
ofmyreader,NOUN,2,0,0
confusion,NOUN,2,0,0
Expediency,PROPN,2,0,1
conformation,NOUN,2,0,0
geometrical,ADJ,2,0,0
scorn,VERB,2,0,0
suspect,VERB,2,0,0
deviation,NOUN,2,0,0
seventh,ADJ,2,0,0
wonder,VERB,2,0,0
vince,VERB,2,0,0
axiom,NOUN,2,0,0
Doubtless,PROPN,2,0,1
hard,ADV,2,0,0
gate,NOUN,2,0,0
theatre,NOUN,2,0,0
militia,NOUN,2,0,0
shop,NOUN,2,0,0
foremost,ADV,2,0,0
upto,PROPN,2,0,1
adopt,VERB,2,0,0
correct,ADJ,2,0,0
cat,VERB,2,0,0
denythat,VERB,2,0,0
Mathematics,PROPN,2,0,1
impart,VERB,2,0,0
comprehend,VERB,2,0,0
pect,NOUN,2,0,0
variety,NOUN,2,0,0
uponthe,NOUN,2,0,0
report,VERB,2,0,0
wella,NOUN,2,0,0
beauty,NOUN,2,0,0
amid,ADP,2,0,0
week,NOUN,2,0,0
surround,VERB,2,0,0
colorless,ADJ,2,0,0
exceptthe,ADJ,2,0,0
pretext,NOUN,2,0,0
pure,ADJ,2,0,0
delight,NOUN,2,0,0
behold,NOUN,2,0,0
hue,NOUN,2,0,0
near,ADP,2,0,0
flash,VERB,2,0,0
across,ADP,2,1,0
field,NOUN,2,0,0
Revolt,PROPN,2,0,1
whatever,DET,2,1,0
scientific,ADJ,2,0,0
inferior,ADJ,2,0,0
pay,VERB,2,0,0
numerous,ADJ,2,0,0
exercise,VERB,2,0,0
effect,NOUN,2,0,0
vehemently,ADV,2,0,0
therewa,VERB,2,0,0
consequent,NOUN,2,0,0
insist,VERB,2,0,0
paint,VERB,2,0,0
itwas,PRON,2,0,0
proposal,NOUN,2,0,0
devise,VERB,2,0,0
myriad,NOUN,2,0,0
Innovation,PROPN,2,0,1
assign,VERB,2,0,0
aPriest,PROPN,2,0,1
divide,VERB,2,0,0
impression,NOUN,2,0,0
toyou,NOUN,2,0,0
ColorBill,PROPN,2,0,1
combination,NOUN,2,0,0
total,ADJ,2,0,0
scribe,VERB,2,0,0
hierarchy,NOUN,2,0,0
submit,VERB,2,0,0
parental,ADJ,2,0,0
shake,VERB,2,0,0
faith,NOUN,2,0,0
fury,NOUN,2,0,0
political,ADJ,2,0,0
anoble,ADJ,2,0,0
record,VERB,2,0,0
ishe,VERB,2,0,0
discord,NOUN,2,0,0
incident,NOUN,2,0,0
appeal,VERB,2,0,0
seek,VERB,2,0,0
vain,ADJ,2,0,0
relate,VERB,2,0,0
ordinary,ADJ,2,0,0
partof,PROPN,2,0,1
fraud,NOUN,2,0,0
seize,VERB,2,0,0
favorable,ADJ,2,0,0
Assembly,PROPN,2,0,1
Convicts,PROPN,2,0,1
concourse,NOUN,2,0,0
cure,VERB,2,0,0
yield,VERB,2,0,0
commit,VERB,2,0,0
silence,VERB,2,0,0
murmur,NOUN,2,0,0
forthemselve,NOUN,2,0,0
regularity,NOUN,2,0,0
alarm,NOUN,2,0,0
appeal,NOUN,2,0,0
ready,ADJ,2,0,0
surprised,ADJ,2,0,0
foe,NOUN,2,0,0
formality,NOUN,2,0,0
punish,VERB,2,0,0
attend,VERB,2,0,0
hand,VERB,2,0,0
consume,VERB,2,0,0
Readers,PROPN,2,0,1
structure,NOUN,2,0,0
hill,NOUN,2,0,0
worth,ADJ,2,0,0
audacious,ADJ,2,0,0
aPolygon,PROPN,2,0,1
hundredth,ADJ,2,0,0
thanthe,DET,2,0,0
courtesy,NOUN,2,0,0
limit,VERB,2,0,0
descendant,NOUN,2,0,0
possess,VERB,2,0,0
fifty,NUM,2,1,0
descent,NOUN,2,0,0
strong,ADJ,2,0,0
Neo,PROPN,2,0,1
failure,NOUN,2,0,0
glad,ADJ,2,0,0
doctrine,NOUN,2,0,0
Configuration,PROPN,2,0,1
ancient,ADJ,2,0,0
energy,NOUN,2,0,0
forwhich,NOUN,2,0,0
ofit,ADJ,2,0,0
blame,NOUN,2,0,0
ofa,ADP,2,0,0
client,NOUN,2,0,0
practical,ADJ,2,0,0
plead,NOUN,2,0,0
obedience,NOUN,2,0,0
figuration,NOUN,2,0,0
ence,NOUN,2,0,0
choose,VERB,2,0,0
idea,NOUN,2,0,0
honor,NOUN,2,0,0
Son,PROPN,2,0,1
thewhole,NOUN,2,0,0
weakness,NOUN,2,0,0
irregularity,NOUN,2,0,0
marry,VERB,2,0,0
rise,NOUN,2,0,0
aspire,VERB,2,0,0
generate,VERB,2,0,0
confident,ADJ,2,0,0
steadily,ADV,2,0,0
inquire,VERB,2,0,0
lustre,NOUN,2,0,0
lowvoice,NOUN,2,0,0
diminution,NOUN,2,0,0
count,VERB,2,0,0
love,NOUN,2,0,0
idiom,NOUN,2,0,0
benefit,NOUN,2,0,0
chamber,NOUN,2,0,0
indiscretion,NOUN,2,0,0
logical,ADJ,2,0,0
sawbefore,VERB,2,0,0
chirping,NOUN,2,0,0
allwa,VERB,2,0,0
g,PROPN,2,0,1
o,X,2,0,0
u,PROPN,2,0,1
s,NOUN,2,0,0
w,PROPN,2,0,1
N,PROPN,2,0,1
k,NOUN,2,0,0
intolerable,ADJ,2,0,0
refrain,VERB,2,0,0
ignorance,NOUN,2,0,0
myvoice,NOUN,2,0,0
dress,VERB,2,0,0
express,VERB,2,0,0
intestine,NOUN,2,0,0
outside,ADP,2,0,0
whichwa,VERB,2,0,0
Linelander,PROPN,2,0,1
tospeak,ADJ,2,0,0
question,VERB,2,0,0
venture,VERB,2,0,0
proximity,NOUN,2,0,0
union,NOUN,2,0,0
ofhearing,ADJ,2,0,0
tremitie,NOUN,2,0,0
simplicity,NOUN,2,0,0
Contralto,PROPN,2,0,1
ofthe,VERB,2,0,0
inconceivable,ADJ,2,0,0
career,NOUN,2,0,0
penetrate,VERB,2,0,0
consummate,VERB,2,0,0
narrative,NOUN,2,0,0
contrary,NOUN,2,0,0
Providence,PROPN,2,0,1
embrace,NOUN,2,0,0
lover,NOUN,2,0,0
bly,ADV,2,0,0
mation,NOUN,2,0,0
endeavorto,VERB,2,0,0
theking,NOUN,2,0,0
Length,PROPN,2,0,1
Fool,PROPN,2,0,1
argument,NOUN,2,0,0
mywive,NOUN,2,0,0
atthis,DET,2,0,0
Voice,PROPN,2,0,1
will,NOUN,2,1,0
thatI,PROPN,2,0,1
offeeling,ADJ,2,0,0
waste,VERB,2,0,0
corporal,ADJ,2,0,0
mustbe,NUM,2,0,0
knowwhat,PROPN,2,0,1
Linear,PROPN,2,0,1
eight,NUM,2,1,0
ofspace,ADV,2,0,0
inside,ADJ,2,0,0
s,VERB,2,0,0
ne,PROPN,2,0,1
f,NOUN,2,0,0
p,X,2,0,0
d,X,2,0,0
f,PROPN,2,0,1
seeyou,VERB,2,0,0
dead,ADJ,2,0,0
repliedI,PROPN,2,0,1
particle,NOUN,2,0,0
conscious,ADJ,2,0,0
merely,ADV,2,0,0
term,NOUN,2,0,0
plume,VERB,2,0,0
methought,NOUN,2,0,0
motionless,NOUN,2,0,0
announce,VERB,2,0,0
slowly,ADV,2,0,0
onthis,DET,2,0,0
awhile,ADV,2,0,0
Isuppose,PROPN,2,0,1
whichmaybe,ADV,2,0,0
ofthree,NOUN,2,0,0
everyway,NOUN,2,0,0
nonsense,NOUN,2,0,0
claim,VERB,2,0,0
Presence,PROPN,2,0,1
Whatis,PROPN,2,0,1
boy,NOUN,2,0,0
fool,NOUN,2,0,0
spring,VERB,2,0,0
gracious,ADJ,2,0,0
Madam,PROPN,2,0,1
Visitor,PROPN,2,0,1
reiterate,VERB,2,0,0
apology,NOUN,2,0,0
die,VERB,2,0,0
monstrous,ADJ,2,0,0
mylife,NOUN,2,0,0
doubt,NOUN,2,0,0
dialogue,NOUN,2,0,0
Iwill,PROPN,2,0,1
near,ADV,2,0,0
impatience,NOUN,2,0,0
satisfy,VERB,2,0,0
curiosity,NOUN,2,0,0
whence,NOUN,2,1,0
ship,NOUN,2,0,0
Pooh,PROPN,2,0,1
denote,VERB,2,0,0
what,DET,2,1,0
down,ADV,2,1,0
below,ADV,2,1,0
chest,NOUN,2,0,0
plain,ADJ,2,0,0
listento,VERB,2,0,0
allthing,NOUN,2,0,0
write,VERB,2,0,0
ofyou,NOUN,2,0,0
aslice,NOUN,2,0,0
spacious,ADJ,2,0,0
g,ADP,2,0,0
p,NOUN,2,0,0
juggler,NOUN,2,0,0
chanter,NOUN,2,0,0
pause,NOUN,2,0,0
tinue,VERB,2,0,0
move,NOUN,2,1,0
wake,NOUN,2,0,0
parallelto,PROPN,2,0,1
imagination,NOUN,2,0,0
parallel,ADJ,2,0,0
terminal,NOUN,2,0,0
nextnumber,NOUN,2,0,0
shriek,VERB,2,0,0
theseword,NOUN,2,0,0
vain,NOUN,2,0,0
press,VERB,2,0,0
volition,NOUN,2,0,0
mount,VERB,2,0,0
depart,VERB,2,0,0
proof,NOUN,2,0,0
compare,VERB,2,0,0
laugh,NOUN,2,0,0
agony,NOUN,2,0,0
arenot,ADV,2,0,0
onset,NOUN,2,0,0
tone,NOUN,2,0,0
shalt,NOUN,2,0,0
twice,ADV,2,0,0
darkness,NOUN,2,0,0
sensation,NOUN,2,0,0
behold,PROPN,2,0,1
ful,ADJ,2,0,0
before,ADV,2,1,0
outside,NOUN,2,0,0
distress,NOUN,2,0,0
physical,ADJ,2,0,0
understanding,NOUN,2,0,0
conjecture,NOUN,2,0,0
MY,PROPN,2,1,1
DOOR,PROPN,2,0,1
Policeman,PROPN,2,0,1
await,VERB,2,0,0
arouse,VERB,2,0,0
downward,ADV,2,0,0
reassure,VERB,2,0,0
meantime,ADV,2,0,0
therein,ADV,2,1,0
aGod,PROPN,2,0,1
Gods,PROPN,2,0,1
beside,ADP,2,1,0
pickpocket,NOUN,2,0,0
asyou,PROPN,2,0,1
merciful,ADJ,2,0,0
loving,ADJ,2,0,0
building,NOUN,2,0,0
nal,ADJ,2,0,0
morning,NOUN,2,0,0
firsthour,NOUN,2,0,0
Clerk,PROPN,2,0,1
occasion,NOUN,2,0,0
demonstration,NOUN,2,0,0
resolve,VERB,2,0,0
prison,NOUN,2,0,0
cause,VERB,2,0,0
leap,VERB,2,0,0
Lords,PROPN,2,0,1
secret,ADJ,2,0,0
millennial,ADJ,2,0,0
onlyto,ADJ,2,0,0
perpetual,ADJ,2,0,0
desire,VERB,2,0,0
movable,ADJ,2,0,0
andwe,PROPN,2,0,1
betoken,VERB,2,0,0
saidthe,ADV,2,0,0
hewa,VERB,2,0,0
saying,NOUN,2,0,0
thirst,VERB,2,0,0
Spheres,PROPN,2,0,1
Perfection,PROPN,2,0,1
thine,ADJ,2,0,0
Supreme,PROPN,2,0,1
trifling,NOUN,2,0,0
grant,VERB,2,0,0
content,VERB,2,0,0
methe,DET,2,0,0
tempt,VERB,2,0,0
blind,ADJ,2,0,0
Analogy,PROPN,2,0,1
Series,PROPN,2,0,1
progression,NOUN,2,0,0
pass,NOUN,2,0,0
extra,ADJ,2,0,0
Truth,PROPN,2,0,1
myword,NOUN,2,0,0
crash,NOUN,2,0,0
preclude,VERB,2,0,0
reproduce,VERB,2,0,0
notnorthward,ADJ,2,0,0
hast,PROPN,2,0,1
happiness,NOUN,2,0,0
complacency,NOUN,2,0,0
hush,ADJ,2,0,0
aspire,NOUN,2,0,0
itrie,VERB,2,0,0
reflect,VERB,2,0,0
Resolution,PROPN,2,0,1
pupil,NOUN,2,0,0
reverence,NOUN,2,0,0
Prefect,PROPN,2,0,1
elaborate,ADJ,2,0,0
tantalize,VERB,2,0,0
Oyes,PROPN,2,0,1
burst,VERB,2,0,0
ward,NOUN,2,0,0
silly,ADJ,2,0,0
Upward,PROPN,2,0,1
necessaryto,NOUN,2,0,0
couldnot,VERB,2,0,0
attime,VERB,2,0,0
defence,NOUN,2,0,0
reproduction,NOUN,1,0,0
library,NOUN,1,0,0
digitize,VERB,1,0,0
Google,PROPN,1,0,1
ongoing,ADJ,1,0,0
universally,ADV,1,0,0
accessible,ADJ,1,0,0
BIBLIOGRAPHIC,PROPN,1,0,1
RECORD,PROPN,1,0,1
TARGET,PROPN,1,0,1
Graduate,PROPN,1,0,1
Library,PROPN,1,0,1
Michigan,PROPN,1,0,1
PreservationOffice,PROPN,1,0,1
Storage,PROPN,1,0,1
Number,PROPN,1,0,1
UL,PROPN,1,0,1
FMT,PROPN,1,0,1
RT,PROPN,1,0,1
BL,PROPN,1,0,1
mT,PROPN,1,0,1
STAT,PROPN,1,0,1
mmE,PROPN,1,0,1
Abbott,PROPN,1,0,1
EdwinAbbott,PROPN,1,0,1
d,NUM,1,0,0
ofmany,NOUN,1,0,0
bya,PROPN,1,0,1
illustrationbytheauthor,NOUN,1,0,0
Boston,PROPN,1,0,1
Little,PROPN,1,0,1
Brownand,PROPN,1,0,1
vii,NOUN,1,0,0
diagrs,PROPN,1,0,1
cm,NOUN,1,0,0
Illustrated,PROPN,1,0,1
aFourthdimension,PROPN,1,0,1
cWFA,PROPN,1,0,1
s,PART,1,0,0
Scannedby,PROPN,1,0,1
Imagenes,PROPN,1,0,1
Digitales,PROPN,1,0,1
Nogales,PROPN,1,0,1
AZ,PROPN,1,0,1
Onbehalfof,PROPN,1,0,1
PreservationDivision,PROPN,1,0,1
ofmichiganlibrarie,NOUN,1,0,0
DateworkBegan,PROPN,1,0,1
CameraOperator,PROPN,1,0,1
Oday,PROPN,1,0,1
andnight,NOUN,1,0,0
iswondrous,ADJ,1,0,0
strangergive,ADJ,1,0,0
itwelcome,NOUN,1,0,0
TenDims,PROPN,1,0,1
ATLAND,PROPN,1,0,1
FireDimen,PROPN,1,0,1
EightD,PROPN,1,0,1
SexDimen,PROPN,1,0,1
AROMANCE,PROPN,1,0,1
FourD,PROPN,1,0,1
NoDimensions,PROPN,1,0,1
OFMANYDIMENSIONS,PROPN,1,0,1
OneDimentiom,PROPN,1,0,1
POINTLAND,PROPN,1,0,1
LINE,PROPN,1,0,1
LAND,PROPN,1,0,1
ByASquare,PROPN,1,0,1
DooDimensions,PROPN,1,0,1
ThreeDimerisiata,PROPN,1,0,1
SPACELAND,PROPN,1,0,1
illustration,NOUN,1,0,0
AUTHOR,PROPN,1,0,1
Fie,PROPN,1,0,1
fie,NOUN,1,0,0
howfranticly,NOUN,1,0,0
Isquare,PROPN,1,0,1
talk,NOUN,1,0,0
BOSTON,PROPN,1,0,1
LITTLE,PROPN,1,0,1
BROWN,PROPN,1,0,1
COMPANY,PROPN,1,0,1
Mathematios,PROPN,1,0,1
Press,PROPN,1,0,1
JOHNWILSONANDSON,PROPN,1,0,1
CAMBRIDGE,PROPN,1,0,1
Inhabitants,PROPN,1,0,1
SPACE,PROPN,1,0,1
GENERAL,PROPN,1,0,1
PARTICULAR,PROPN,1,0,1
work,NOUN,1,0,0
dedicate,VERB,1,0,0
Humble,PROPN,1,0,1
Hope,PROPN,1,0,1
initiate,VERB,1,0,0
Mysteries,PROPN,1,0,1
OfTHREE,PROPN,1,0,1
previouslyconversant,ADJ,1,0,0
Citizens,PROPN,1,0,1
ofthat,ADP,1,0,0
Celestial,PROPN,1,0,1
May,PROPN,1,1,1
aspireyet,VERB,1,0,0
Secrets,PROPN,1,0,1
FoUR,PROPN,1,1,1
contribute,VERB,1,0,0
Enlargement,PROPN,1,0,1
IMAGINATION,PROPN,1,0,1
Development,PROPN,1,0,1
Ofthat,PROPN,1,0,1
Gift,PROPN,1,0,1
MODESTY,PROPN,1,0,1
Superior,PROPN,1,0,1
Races,PROPN,1,0,1
OfSOLID,PROPN,1,0,1
HUMANITY,PROPN,1,0,1
ClimateandHouses,PROPN,1,0,1
ConcerningtheInhabitants,PROPN,1,0,1
Concerningthe,PROPN,1,0,1
Ofour,PROPN,1,0,1
Methods,PROPN,1,0,1
OfRecognitionby,PROPN,1,0,1
IrregularFigures,PROPN,1,0,1
Ancient,PROPN,1,0,1
Practice,PROPN,1,0,1
Concerningour,PROPN,1,0,1
viii,ADJ,1,0,0
Ihada,PROPN,1,0,1
ofLineland,PROPN,1,0,1
inmy,ADJ,1,0,0
butcouldnot,NOUN,1,0,0
Concerninga,PROPN,1,0,1
Howthe,PROPN,1,0,1
Strangervainly,PROPN,1,0,1
inwordsthe,ADJ,1,0,0
havingin,ADJ,1,0,0
vaintriedword,NOUN,1,0,0
sortedtodeed,VERB,1,0,0
Icame,PROPN,1,0,1
SpacelandandwhatIsawthere,PROPN,1,0,1
terie,NOUN,1,0,0
istilldesiredmore,ADV,1,0,0
whatcame,PROPN,1,0,1
ofit,PROPN,1,0,1
HowtheSphere,PROPN,1,0,1
encourage,VERB,1,0,0
ina,PROPN,1,0,1
HowItriedtoteachthe,PROPN,1,0,1
TheoryofThree,PROPN,1,0,1
andwithwhatsuccess,VERB,1,0,0
Ithen,PROPN,1,0,1
triedto,PROPN,1,0,1
Theory,PROPN,1,0,1
Dimensionsbyother,PROPN,1,0,1
andoftheresult,VERB,1,0,0
Bepatient,PROPN,1,0,1
worldi,NOUN,1,0,0
broadand,VERB,1,0,0
wide,ADV,1,0,0
ICALLourworld,PROPN,1,0,1
notbecausewe,PROPN,1,0,1
itsnature,NOUN,1,0,0
clearerto,VERB,1,0,0
privilegedto,ADJ,1,0,0
liveinspace,NOUN,1,0,0
avast,ADJ,1,0,0
sheet,NOUN,1,0,0
onwhichstraight,NOUN,1,0,0
fix,VERB,1,0,0
freelyabout,NOUN,1,0,0
onorin,NOUN,1,0,0
pretty,ADJ,1,0,0
correctnotionofmycountryandcountryman,NOUN,1,0,0
fewyear,NOUN,1,0,0
Ishouldhavesaid,PROPN,1,0,1
myuniverse,NOUN,1,0,0
butnow,ADJ,1,0,0
mymindha,NOUN,1,0,0
higherview,NOUN,1,0,0
Insuch,PROPN,1,0,1
willperceive,VERB,1,0,0
dare,VERB,1,0,0
sayyou,PRON,1,0,0
thatwe,PROPN,1,0,1
otherfigure,NOUN,1,0,0
havedescribe,VERB,1,0,0
trary,NOUN,1,0,0
couldseenothingofthekind,VERB,1,0,0
speedilydemonstrate,VERB,1,0,0
apenny,NOUN,1,0,0
middle,NOUN,1,0,0
andleane,VERB,1,0,0
overit,ADJ,1,0,0
lookdownupon,NOUN,1,0,0
Itwill,PROPN,1,0,1
appeara,PROPN,1,0,1
drawingbacktothe,ADJ,1,0,0
moreinto,VERB,1,0,0
conditionofthe,DET,1,0,0
andyouwillfindthe,DET,1,0,0
pennybecome,VERB,1,0,0
toyourview,NOUN,1,0,0
atlastwhen,ADV,1,0,0
youhaveplace,VERB,1,0,0
exactlyon,NOUN,1,0,0
citizen,NOUN,1,0,0
pennywill,NOUN,1,0,0
andwill,NOUN,1,0,0
astraightline,NOUN,1,0,0
cut,NOUN,1,0,0
outofpasteboard,NOUN,1,0,0
assoon,NOUN,1,0,0
atitwith,VERB,1,0,0
youwillfind,ADP,1,0,0
thatitceasesto,PROPN,1,0,1
appeartoyou,ADP,1,0,0
resent,NOUN,1,0,0
Fig,PROPN,1,0,1
representsthe,VERB,1,0,0
bend,VERB,1,0,0
Figs,PROPN,1,0,1
seehim,VERB,1,0,0
closeto,VERB,1,0,0
allbut,PROPN,1,0,1
onthelevelof,PROPN,1,0,1
andifyoureyewerequite,ADJ,1,0,0
onthelevelofthetable,ADJ,1,0,0
ishowwe,VERB,1,0,0
inspaceland,ADV,1,0,0
or,NOUN,1,0,0
havevery,NOUN,1,0,0
similarexperienceswhile,NOUN,1,0,0
theytraverse,ADJ,1,0,0
yoursea,NOUN,1,0,0
anddiscern,ADJ,1,0,0
island,NOUN,1,0,0
coast,NOUN,1,0,0
horizon,NOUN,1,0,0
mayhave,NOUN,1,0,0
bay,NOUN,1,0,0
foreland,NOUN,1,0,0
noneofthese,PROPN,1,0,1
shin,VERB,1,0,0
projection,NOUN,1,0,0
bymean,NOUN,1,0,0
gray,ADJ,1,0,0
unbroken,ADJ,1,0,0
lineuponthe,ADJ,1,0,0
water,NOUN,1,0,0
justwhat,ADP,1,0,0
orotheracquaintance,NOUN,1,0,0
havenone,PROPN,1,0,1
ofthehelp,NOUN,1,0,0
uswe,NOUN,1,0,0
seehisline,NOUN,1,0,0
butstillhelookslike,ADJ,1,0,0
astraight,NOUN,1,0,0
behe,VERB,1,0,0
mayperhap,VERB,1,0,0
askhowunder,NOUN,1,0,0
tageous,ADJ,1,0,0
fitly,ADV,1,0,0
present,NOUN,1,0,0
defer,VERB,1,0,0
andsayawordortwoabouttheclimate,ADJ,1,0,0
andhouse,NOUN,1,0,0
inourcountry,NOUN,1,0,0
aswithyou,ADV,1,0,0
alsowithus,ADV,1,0,0
fourpoint,NOUN,1,0,0
compass,NOUN,1,0,0
East,PROPN,1,0,1
heavenly,ADJ,1,0,0
usualway,NOUN,1,0,0
butwe,NOUN,1,0,0
amethod,NOUN,1,0,0
eat,VERB,1,0,0
journey,VERB,1,0,0
northward,ADV,1,0,0
effectofthesouthward,NOUN,1,0,0
sufficientto,ADJ,1,0,0
acompass,NOUN,1,0,0
statedinterval,NOUN,1,0,0
additionalassistance,NOUN,1,0,0
guidance,NOUN,1,0,0
mostpart,PROPN,1,0,1
sothatthe,PROPN,1,0,1
maykeep,VERB,1,0,0
trunk,NOUN,1,0,0
ofthetreesserve,VERB,1,0,0
assome,X,1,0,0
sort,ADV,1,0,0
mightbe,ADJ,1,0,0
expectedindetermine,VERB,1,0,0
ourbearing,NOUN,1,0,0
Yetinourmore,PROPN,1,0,1
temperate,ADJ,1,0,0
inwhich,ADP,1,0,0
southward,ADJ,1,0,0
aperfectlydesolate,NOUN,1,0,0
plainwherethere,NOUN,1,0,0
beennohouse,NOUN,1,0,0
nortree,NOUN,1,0,0
guideme,NOUN,1,0,0
stationary,ADJ,1,0,0
wait,VERB,1,0,0
journey,NOUN,1,0,0
weak,ADJ,1,0,0
aged,ADJ,1,0,0
especiallyondelicatefemale,NOUN,1,0,0
traction,NOUN,1,0,0
muchmoreheavilythan,PROPN,1,0,1
sothatitisapoint,NOUN,1,0,0
ofbreede,VERB,1,0,0
youmeeta,PROPN,1,0,1
Ladyin,PROPN,1,0,1
theNorth,PROPN,1,0,1
oftheway,VERB,1,0,0
byno,NOUN,1,0,0
atshort,VERB,1,0,0
rude,ADJ,1,0,0
andin,NOUN,1,0,0
aclimate,VERB,1,0,0
tellyour,VERB,1,0,0
NorthfromyourSouth,PROPN,1,0,1
Windows,PROPN,1,0,1
bydayandbynight,NOUN,1,0,0
ourlearnedman,NOUN,1,0,0
investigate,VERB,1,0,0
solutionofithasbeenrepeatedlyattempte,VERB,1,0,0
otherresultthanto,NOUN,1,0,0
lunatic,ADJ,1,0,0
lum,NOUN,1,0,0
withthewould,AUX,1,0,0
solver,NOUN,1,0,0
attempt,NOUN,1,0,0
investigation,NOUN,1,0,0
rectly,ADV,1,0,0
heavy,ADJ,1,0,0
comparatively,ADV,1,0,0
lutely,ADV,1,0,0
prohibitedthem,NOUN,1,0,0
Ialone,PROPN,1,0,1
myknowledge,NOUN,1,0,0
intelligible,ADJ,1,0,0
asingle,VERB,1,0,0
oneofmycountryman,NOUN,1,0,0
mockedat,PROPN,1,0,1
sole,ADJ,1,0,0
possessor,NOUN,1,0,0
ofspace,ADJ,1,0,0
oflight,ADJ,1,0,0
theworld,NOUN,1,0,0
iwere,VERB,1,0,0
maddest,NOUN,1,0,0
truce,NOUN,1,0,0
thesepainful,ADJ,1,0,0
digression,NOUN,1,0,0
ourhouse,NOUN,1,0,0
formforthe,ADJ,1,0,0
orpentagonal,NOUN,1,0,0
annexed,ADJ,1,0,0
ro,VERB,1,0,0
of,NOUN,1,1,0
consti,PROPN,1,0,1
tutethe,DET,1,0,0
parthavenodoor,NOUN,1,0,0
ontheeastis,NOUN,1,0,0
asmalldoorforthe,NOUN,1,0,0
muchlarger,NOUN,1,0,0
south,ADJ,1,0,0
floor,NOUN,1,0,0
RMen,PROPN,1,0,1
doon,NOUN,1,0,0
gularhouse,NOUN,1,0,0
andforthis,NOUN,1,0,0
equilateral,ADJ,1,0,0
beingmuchmorepointedthanthoseofapentagon,NOUN,1,0,0
theline,NOUN,1,0,0
suchashouse,NOUN,1,0,0
beingdimmerthantheline,VERB,1,0,0
ofMen,PROPN,1,0,1
thatthereis,PROPN,1,0,1
nolittledangerlestthepointsof,PROPN,1,0,1
asquare,VERB,1,0,0
ortriangularhouse,VERB,1,0,0
residencemightdo,NOUN,1,0,0
inconsiderate,NOUN,1,0,0
minded,ADJ,1,0,0
traveller,NOUN,1,0,0
early,ADV,1,0,0
eleventh,ADJ,1,0,0
triangularhouseswereuniversallyforbidden,ADJ,1,0,0
only,ADJ,1,1,0
fortification,NOUN,1,0,0
powder,NOUN,1,0,0
magazine,NOUN,1,0,0
barrack,NOUN,1,0,0
otherstate,VERB,1,0,0
whichitisnotdesirablethatthegeneralpublic,NOUN,1,0,0
approachwithoutcircumspection,VERB,1,0,0
aboutthree,ADJ,1,0,0
smallesthouse,NOUN,1,0,0
thatcouldbe,NOUN,1,0,0
sistently,ADV,1,0,0
communityhas,PROPN,1,0,1
andnow,NOUN,1,0,0
eveninthecountry,NOUN,1,0,0
tagonal,ADJ,1,0,0
supersede,VERB,1,0,0
onlynow,ADJ,1,0,0
veryremote,ADJ,1,0,0
agricultural,ADJ,1,0,0
antiquarian,NOUN,1,0,0
maystill,NOUN,1,0,0
full,ADV,1,1,0
maximum,NOUN,1,0,0
OurWomen,PROPN,1,0,1
OurSoldiers,PROPN,1,0,1
ClassesofWorkmen,PROPN,1,0,1
incheslong,ADJ,1,0,0
andabase,VERB,1,0,0
orthird,ADJ,1,0,0
soshort,NOUN,1,0,0
exceedinghalfan,NOUN,1,0,0
averysharp,ADJ,1,0,0
andformidable,ADJ,1,0,0
whentheir,NOUN,1,0,0
areofthemostdegrade,VERB,1,0,0
eighth,ADJ,1,0,0
inchin,ADJ,1,0,0
hardlybe,ADV,1,0,0
guishe,VERB,1,0,0
othersbybee,VERB,1,0,0
calledisoscele,NOUN,1,0,0
nameishall,NOUN,1,0,0
themin,NOUN,1,0,0
OurMiddle,PROPN,1,0,1
ClassconsistsofEquilateral,PROPN,1,0,1
sidedtriangle,NOUN,1,0,0
ourprofessionalmen,ADJ,1,0,0
andGentlemen,PROPN,1,0,1
areSquares,PROPN,1,0,1
towhichclass,VERB,1,0,0
Imyselfbelong,PROPN,1,0,1
andfive,ADJ,1,0,0
pentagon,NOUN,1,0,0
sideu,NOUN,1,0,0
sidestill,PROPN,1,0,1
theyreceivethe,PROPN,1,0,1
orable,ADJ,1,0,0
title,NOUN,1,0,0
many,ADV,1,1,0
numberof,NOUN,1,0,0
includedin,VERB,1,0,0
orpriestlyorder,NOUN,1,0,0
isthehighestclassofall,NOUN,1,0,0
amale,NOUN,1,0,0
father,NOUN,1,0,0
generationshall,NOUN,1,0,0
sonofaSquareis,PROPN,1,0,1
gon,NOUN,1,0,0
aHexagon,PROPN,1,0,1
butthis,DET,1,0,0
ruleapplie,VERB,1,0,0
notalway,NOUN,1,0,0
tothetradesman,NOUN,1,0,0
andstillless,NOUN,1,0,0
oftento,ADP,1,0,0
Work,PROPN,1,0,1
indeedcanhardlybesaidtodeserve,VERB,1,0,0
withthemtherefore,ADV,1,0,0
andthesonof,PROPN,1,0,1
withtwo,NOUN,1,0,0
shut,VERB,1,0,0
ultimatelyrise,ADJ,1,0,0
degraded,ADJ,1,0,0
aftera,ADJ,1,0,0
militarysuccesse,NOUN,1,0,0
diligent,NOUN,1,0,0
generallyfound,VERB,1,0,0
thatthemore,ADV,1,0,0
intelligent,ADJ,1,0,0
Artisan,PROPN,1,0,1
aslightincreaseoftheirthirdside,NOUN,1,0,0
orbase,ADV,1,0,0
ashrinkageofthetwoother,ADJ,1,0,0
riage,NOUN,1,0,0
arrange,VERB,1,0,0
member,NOUN,1,0,0
thelower,NOUN,1,0,0
classesgenerallyresult,VERB,1,0,0
stillmore,ADJ,1,0,0
rarely,ADV,1,0,0
Isoscelesbirths,PROPN,1,0,1
isa,NOUN,1,0,0
genuine,ADJ,1,0,0
whatneedofacertificate,ADJ,1,0,0
aSpacelandcriticmay,PROPN,1,0,1
ask,NOUN,1,0,0
IsnottheprocreationofaSquare,PROPN,1,0,1
SonacertificatefromNature,PROPN,1,0,1
theequal,ADJ,1,0,0
Ladyofany,PROPN,1,0,1
willmarryan,ADJ,1,0,0
uncertified,ADJ,1,0,0
hassometime,NOUN,1,0,0
resultedfrom,VERB,1,0,0
aslightlyirregular,NOUN,1,0,0
butinalmosteverysuchcasetheIrregularityofthefirst,PROPN,1,0,1
isvisitedonthe,NOUN,1,0,0
third,ADV,1,1,0
eitherfail,VERB,1,0,0
toattain,VERB,1,0,0
Pentagonalrank,PROPN,1,0,1
orrelapsestothetriangular,NOUN,1,0,0
abirth,NOUN,1,0,0
antecedent,NOUN,1,0,0
carefullyarranged,ADJ,1,0,0
intermarriage,NOUN,1,0,0
along,ADV,1,1,0
exercise,NOUN,1,0,0
frugalityand,PROPN,1,0,1
trol,NOUN,1,0,0
ofthewould,AUX,1,0,0
patient,NOUN,1,0,0
systematic,ADJ,1,0,0
parentsis,VERB,1,0,0
Sanitaryand,PROPN,1,0,1
Social,PROPN,1,0,1
ifcertifie,VERB,1,0,0
asregular,NOUN,1,0,0
emnceremonial,NOUN,1,0,0
eral,NOUN,1,0,0
Heisthenimmediatelytakenfromhis,PROPN,1,0,1
yetsorrowingparentsand,PROPN,1,0,1
adoptedbysomechildless,NOUN,1,0,0
isbound,VERB,1,0,0
byoath,PROPN,1,0,1
neverto,PROPN,1,0,1
permit,NOUN,1,0,0
thechildhenceforthto,VERB,1,0,0
enterhis,DET,1,0,0
formerhome,NOUN,1,0,0
freshly,ADV,1,0,0
imitation,NOUN,1,0,0
hereditarylevel,NOUN,1,0,0
emergence,NOUN,1,0,0
anisoscele,NOUN,1,0,0
serf,NOUN,1,0,0
welcome,VERB,1,0,0
onlyby,VERB,1,0,0
serf,VERB,1,0,0
gleam,ADJ,1,0,0
oflightandhope,ADJ,1,0,0
sheduponthemonotonoussqualor,NOUN,1,0,0
higherclasse,NOUN,1,0,0
theydo,ADJ,1,0,0
ornoth,ADJ,1,0,0
tovulgarize,NOUN,1,0,0
theirown,ADJ,1,0,0
privilege,NOUN,1,0,0
revolution,NOUN,1,0,0
frombelow,NOUN,1,0,0
rabble,NOUN,1,0,0
ofhope,NOUN,1,0,0
bition,NOUN,1,0,0
theirmany,NOUN,1,0,0
render,NOUN,1,0,0
superiornumber,NOUN,1,0,0
thewisdom,NOUN,1,0,0
ofthecircle,NOUN,1,0,0
awise,NOUN,1,0,0
ordinance,NOUN,1,0,0
working,NOUN,1,0,0
allvirtue,VERB,1,0,0
makesthem,NOUN,1,0,0
physicallyterrible,ADJ,1,0,0
alsoand,NOUN,1,0,0
harmless,ADJ,1,0,0
EquilateralTriangle,PROPN,1,0,1
taland,NOUN,1,0,0
ligence,NOUN,1,0,0
itisfoundthat,ADP,1,0,0
astheywaxin,ADJ,1,0,0
themental,ADJ,1,0,0
ability,NOUN,1,0,0
ne,NOUN,1,0,0
cessaryto,ADJ,1,0,0
employtheirtremendous,ADJ,1,0,0
tratingpowerto,NOUN,1,0,0
theywane,VERB,1,0,0
penetration,NOUN,1,0,0
Compensation,PROPN,1,0,1
howperfectaproofofthe,DET,1,0,0
craticconstitutionofthestate,NOUN,1,0,0
ofnature,NOUN,1,0,0
ableto,NOUN,1,0,0
stifle,NOUN,1,0,0
sedition,NOUN,1,0,0
verycradle,NOUN,1,0,0
andboundless,NOUN,1,0,0
hopefulness,VERB,1,0,0
humanmind,PROPN,1,0,1
artalso,ADV,1,0,0
comestothe,ADJ,1,0,0
oflawandorder,NOUN,1,0,0
byalittle,ADJ,1,0,0
artificial,ADJ,1,0,0
pressionor,NOUN,1,0,0
expansiononthepartofthe,PROPN,1,0,1
cians,PROPN,1,0,1
tomake,NOUN,1,0,0
someofthemoreintelligentleader,NOUN,1,0,0
arebellionperfectlyRegular,PROPN,1,0,1
toadmit,VERB,1,0,0
privileged,ADJ,1,0,0
amuch,ADJ,1,0,0
stillbelowthe,PROPN,1,0,1
standard,NOUN,1,0,0
allure,VERB,1,0,0
ultimately,ADV,1,0,0
ennoble,VERB,1,0,0
Hospitals,PROPN,1,0,1
honorable,ADJ,1,0,0
confinementforlife,NOUN,1,0,0
themoreobstinate,ADJ,1,0,0
hopelessly,ADV,1,0,0
irregularare,VERB,1,0,0
ledto,ADJ,1,0,0
execution,NOUN,1,0,0
oftheisoscele,NOUN,1,0,0
sistance,NOUN,1,0,0
bythesmallbodyof,NOUN,1,0,0
pay,NOUN,1,0,0
emergency,NOUN,1,0,0
ies,NOUN,1,0,0
suspicion,NOUN,1,0,0
skilfully,ADV,1,0,0
foment,VERB,1,0,0
party,NOUN,1,0,0
mutual,ADJ,1,0,0
lessthanonehundre,VERB,1,0,0
andtwentyrebellion,NOUN,1,0,0
cord,VERB,1,0,0
ourannal,NOUN,1,0,0
minoroutbreak,NOUN,1,0,0
readilyinferre,VERB,1,0,0
wedge,NOUN,1,0,0
aWomanis,PROPN,1,0,1
aneedle,NOUN,1,0,0
tothis,DET,1,0,0
thepower,NOUN,1,0,0
ofmakingherself,PRON,1,0,0
atwill,ADJ,1,0,0
andyouwillperceivethataFemale,PROPN,1,0,1
acreature,NOUN,1,0,0
bynomeansto,ADJ,1,0,0
ofmyyounger,ADJ,1,0,0
askhowawoman,VERB,1,0,0
thisought,NOUN,1,0,0
Ithink,PROPN,1,0,1
itcleartothemostunreflecte,VERB,1,0,0
needle,NOUN,1,0,0
withyour,NOUN,1,0,0
levelofthetable,ADJ,1,0,0
lookatitsideway,NOUN,1,0,0
seethewhole,ADJ,1,0,0
atit,NOUN,1,0,0
endway,NOUN,1,0,0
whentheendcontaining,NOUN,1,0,0
eyeor,NOUN,1,0,0
forwith,ADP,1,0,0
thesetwoorgan,NOUN,1,0,0
isthe,ADJ,1,0,0
highlylustrous,ADJ,1,0,0
butwhen,PROPN,1,0,1
onlysub,ADV,1,0,0
di,NOUN,1,0,0
hinderextremityserve,NOUN,1,0,0
ofinvisible,ADJ,1,0,0
Cap,PROPN,1,0,1
capacity,NOUN,1,0,0
ifeven,VERB,1,0,0
triangleinthe,DET,1,0,0
middleclassis,NOUN,1,0,0
notwithout,ADJ,1,0,0
itsdanger,NOUN,1,0,0
iftorunagainstaworke,VERB,1,0,0
maninvolve,NOUN,1,0,0
gash,NOUN,1,0,0
Officer,PROPN,1,0,1
necessitate,VERB,1,0,0
serious,ADJ,1,1,0
wound,NOUN,1,0,0
ifamere,PRON,1,0,0
canitbeto,NOUN,1,0,0
run,NOUN,1,0,0
exceptabsoluteandimmediatedestruction,NOUN,1,0,0
orvisible,ADJ,1,0,0
dimsub,ADJ,1,0,0
howdifficult,VERB,1,0,0
mustitbe,NOUN,1,0,0
mostcautious,ADJ,1,0,0
alwaysto,ADJ,1,0,0
avoidcollision,NOUN,1,0,0
enactment,NOUN,1,0,0
atdifferent,ADJ,1,0,0
orderto,ADJ,1,0,0
mize,NOUN,1,0,0
peril,NOUN,1,0,0
perate,ADJ,1,0,0
gravitation,NOUN,1,0,0
humanbeingsmore,ADV,1,0,0
stringent,ADJ,1,0,0
ingsummary,NOUN,1,0,0
hou,NOUN,1,0,0
se,PROPN,1,0,1
entrance,NOUN,1,0,0
eastern,ADJ,1,0,0
forthe,NOUN,1,0,0
offemale,NOUN,1,0,0
allfemalesshall,NOUN,1,0,0
abecome,VERB,1,0,0
Iunderstood,PROPN,1,0,1
thatsomeof,VERB,1,0,0
PriestlyCircles,PROPN,1,0,1
haveinthesamewayaseparateentrance,VERB,1,0,0
lager,NOUN,1,0,0
Farmers,PROPN,1,0,1
Teachersof,PROPN,1,0,1
Spectator,PROPN,1,0,1
respectful,ADJ,1,0,0
continually,ADV,1,0,0
AnyFemale,PROPN,1,0,1
dulycertifiedtobesuffere,VERB,1,0,0
Vitus,PROPN,1,0,1
Dance,PROPN,1,0,1
fit,NOUN,1,0,0
chronic,ADJ,1,0,0
cold,NOUN,1,0,0
accompany,VERB,1,0,0
byviolentsneezing,NOUN,1,0,0
voluntary,ADJ,1,0,0
instantly,ADV,1,0,0
Statesthere,PROPN,1,0,1
additional,ADJ,1,0,0
forbid,VERB,1,0,0
constantlyfrom,VERB,1,0,0
theirpresenceto,NOUN,1,0,0
thosebehindthem,NOUN,1,0,0
travel,VERB,1,0,0
low,VERB,1,0,0
Womenaltogetherto,PROPN,1,0,1
religious,ADJ,1,0,0
festival,NOUN,1,0,0
multiplication,NOUN,1,0,0
restriction,NOUN,1,0,0
Females,PROPN,1,0,1
thedebilitation,NOUN,1,0,0
diminution,VERB,1,0,0
murder,NOUN,1,0,0
itgainsbyatooprohibitivecode,ADJ,1,0,0
whenever,SCONJ,1,1,0
ofthewoman,NOUN,1,0,0
exasperate,VERB,1,0,0
byconfinementathome,ADJ,1,0,0
abroad,ADV,1,0,0
aptto,NOUN,1,0,0
venttheir,PROPN,1,0,1
spleen,ADJ,1,0,0
upontheir,ADJ,1,0,0
temperate,VERB,1,0,0
climatesthe,DET,1,0,0
hasbeensometime,VERB,1,0,0
destroyedinone,NUM,1,0,0
regulated,ADJ,1,0,0
exemplification,NOUN,1,0,0
ofour,VERB,1,0,0
after,ADV,1,1,0
ourprincipal,PROPN,1,0,1
safeguard,NOUN,1,0,0
notin,NOUN,1,0,0
butintheinterest,NOUN,1,0,0
althoughtheycaninflictinstantaneous,ADJ,1,0,0
retrograde,NOUN,1,0,0
canat,VERB,1,0,0
oncedisengagetheir,PROPN,1,0,1
sting,VERB,1,0,0
extremityfrom,NOUN,1,0,0
struggle,VERB,1,0,0
liabletobe,PROPN,1,0,1
shatter,VERB,1,0,0
Fashion,PROPN,1,0,1
point,VERB,1,0,0
insomeless,ADJ,1,0,0
civilized,ADJ,1,0,0
sufferedto,PROPN,1,0,1
stand,PROPN,1,0,1
inanypublicplacewithout,NOUN,1,0,0
sway,VERB,1,0,0
fromright,NOUN,1,0,0
hasbeen,ADJ,1,0,0
universal,NOUN,1,0,0
anypretension,NOUN,1,0,0
tobreede,VERB,1,0,0
inallwell,NOUN,1,0,0
governedstate,NOUN,1,0,0
farbackas,NOUN,1,0,0
memoryofFigurescan,PROPN,1,0,1
reach,NOUN,1,0,0
itisconsidere,VERB,1,0,0
anystatethat,DET,1,0,0
legislation,NOUN,1,0,0
enforcewhat,DET,1,0,0
anaturalinstinct,ADJ,1,0,0
rhythmical,ADJ,1,0,0
modulate,VERB,1,0,0
undulation,NOUN,1,0,0
envy,VERB,1,0,0
ofacommon,PROPN,1,0,1
beyond,ADP,1,1,0
swing,NOUN,1,0,0
tick,VERB,1,0,0
ofapendulum,NOUN,1,0,0
tick,NOUN,1,0,0
admired,ADJ,1,0,0
copiedby,VERB,1,0,0
aspiring,ADJ,1,0,0
ofwhose,ADJ,1,0,0
ofanykind,NOUN,1,0,0
hasbecome,ADV,1,0,0
ineveryfamilyofposition,NOUN,1,0,0
sideration,NOUN,1,0,0
prevalent,ADJ,1,0,0
enjoyimmunity,NOUN,1,0,0
attack,NOUN,1,0,0
itmust,NOUN,1,0,0
ourwomenare,NOUN,1,0,0
destitute,ADJ,1,0,0
ofaffection,NOUN,1,0,0
nately,ADV,1,0,0
passion,NOUN,1,0,0
fromtheir,NOUN,1,0,0
nateconformation,NOUN,1,0,0
theyhave,ADJ,1,0,0
nopretension,NOUN,1,0,0
inferiorinthisrespectto,ADJ,1,0,0
thevery,NOUN,1,0,0
consequentlywholly,ADV,1,0,0
ofbrain,NOUN,1,0,0
judgment,NOUN,1,0,0
forethought,ADJ,1,0,0
andhardly,ADV,1,0,0
memory,NOUN,1,0,0
intheirfitsoffury,NOUN,1,0,0
theyremember,NOUN,1,0,0
exterminate,VERB,1,0,0
andhalfan,NOUN,1,0,0
rage,NOUN,1,0,0
sweep,VERB,1,0,0
whathasbecome,PROPN,1,0,1
ofherhusband,NOUN,1,0,0
irritated,ADJ,1,0,0
aslong,ADJ,1,0,0
asshe,NOUN,1,0,0
positionwhere,NOUN,1,0,0
sayand,VERB,1,0,0
like,INTJ,1,0,0
impotent,ADJ,1,0,0
chief,NOUN,1,0,0
afew,ADJ,1,0,0
incidentforwhich,NOUN,1,0,0
theymaybe,ADV,1,0,0
northe,DET,1,0,0
mayhave,VERB,1,0,0
necessarytomake,VERB,1,0,0
topacifytheirfury,NOUN,1,0,0
prettysmoothlyin,NOUN,1,0,0
exceptinthe,DET,1,0,0
lowerstrata,NOUN,1,0,0
want,NOUN,1,0,0
indescribable,ADJ,1,0,0
disaster,NOUN,1,0,0
offensive,ADJ,1,0,0
weapon,NOUN,1,0,0
defensive,ADJ,1,0,0
seasonable,ADJ,1,0,0
simulation,NOUN,1,0,0
reckless,ADJ,1,0,0
prescribed,ADJ,1,0,0
theirwive,NOUN,1,0,0
advise,VERB,1,0,0
whichtheyrefuse,NOUN,1,0,0
immediately,ADV,1,0,0
retract,VERB,1,0,0
blunt,ADJ,1,0,0
stolid,ADJ,1,0,0
literal,ADJ,1,0,0
indispose,VERB,1,0,0
lavish,ADJ,1,0,0
pacifyhis,NOUN,1,0,0
sort,NOUN,1,0,0
massacre,NOUN,1,0,0
eliminate,VERB,1,0,0
troublesome,ADJ,1,0,0
bymany,ADP,1,0,0
destructiveness,NOUN,1,0,0
Thinner,PROPN,1,0,1
providential,NOUN,1,0,0
nipping,NOUN,1,0,0
bud,NOUN,1,0,0
yeteveninourb,ADJ,1,0,0
regulatedand,NOUN,1,0,0
mately,ADV,1,0,0
icannot,VERB,1,0,0
familylife,NOUN,1,0,0
inspaceland,VERB,1,0,0
inso,VERB,1,0,0
faras,X,1,0,0
ofslaughter,NOUN,1,0,0
calledbythatname,VERB,1,0,0
butthereisnecessarily,ADV,1,0,0
oftaste,NOUN,1,0,0
tious,ADJ,1,0,0
cost,NOUN,1,0,0
comfort,NOUN,1,0,0
immemorial,NOUN,1,0,0
hasnowbecome,NOUN,1,0,0
akind,NOUN,1,0,0
amongthe,NOUN,1,0,0
womenof,NOUN,1,0,0
mother,NOUN,1,0,0
keeptheireyesand,NOUN,1,0,0
akindofportent,NOUN,1,0,0
withoutit,VERB,1,0,0
disadvantage,NOUN,1,0,0
theWorking,PROPN,1,0,1
orrespectable,ADJ,1,0,0
allowedtoturn,VERB,1,0,0
backuponherhusband,NOUN,1,0,0
hold,NOUN,1,0,0
avocation,NOUN,1,0,0
quiet,ADJ,1,0,0
butin,VERB,1,0,0
voluble,ADJ,1,0,0
brightpenetrating,ADJ,1,0,0
towardsthemasterofthe,DET,1,0,0
andlightitself,PRON,1,0,0
notmore,ADV,1,0,0
persistent,ADJ,1,0,0
stream,NOUN,1,0,0
feminine,ADJ,1,0,0
discourse,NOUN,1,0,0
tactandskillwhich,ADJ,1,0,0
suffice,NOUN,1,0,0
unequaltothe,DET,1,0,0
taskofstopping,NOUN,1,0,0
absolutelyno,NOUN,1,0,0
constraintof,NOUN,1,0,0
wit,NOUN,1,0,0
conscience,VERB,1,0,0
cynic,NOUN,1,0,0
beenfoundto,PROPN,1,0,1
averthat,ADJ,1,0,0
preferthe,NOUN,1,0,0
dangerofthe,VERB,1,0,0
dealing,NOUN,1,0,0
inaudible,ADJ,1,0,0
sonorousness,NOUN,1,0,0
Spacelandthe,PROPN,1,0,1
Womenmayseem,PROPN,1,0,1
trulydeplorable,ADJ,1,0,0
maylookforwardtosome,NOUN,1,0,0
improvementofhis,DET,1,0,0
ultimate,ADJ,1,0,0
elevation,NOUN,1,0,0
caste,NOUN,1,0,0
butno,PROPN,1,0,1
Womancan,PROPN,1,0,1
entertain,VERB,1,0,0
Decree,PROPN,1,0,1
suspendedinherdisfavor,NOUN,1,0,0
Yetatleastwe,PROPN,1,0,1
Prearrangement,PROPN,1,0,1
astheyhave,VERB,1,0,0
memoryto,ADJ,1,0,0
recall,NOUN,1,0,0
thoughtto,NOUN,1,0,0
anticipate,NOUN,1,0,0
misery,NOUN,1,0,0
oftheirexistence,NOUN,1,0,0
thebasis,NOUN,1,0,0
constitution,NOUN,1,0,0
ofourmethod,NOUN,1,0,0
ofrecognizingoneanother,ADV,1,0,0
Youwho,PROPN,1,0,1
wellaslight,NOUN,1,0,0
gift,VERB,1,0,0
charm,VERB,1,0,0
enjoyment,NOUN,1,0,0
various,ADJ,1,1,0
youwho,PRON,1,0,0
complete,ADJ,1,0,0
ference,NOUN,1,0,0
ofa,INTJ,1,0,0
circleinthe,DET,1,0,0
happyregionofthe,NOUN,1,0,0
animate,VERB,1,0,0
matter,ADV,1,0,0
presentto,NOUN,1,0,0
howthencan,ADJ,1,0,0
developed,ADJ,1,0,0
personalfriend,NOUN,1,0,0
butevento,PROPN,1,0,1
discriminate,NOUN,1,0,0
concern,NOUN,1,0,0
Itake,PROPN,1,0,1
ascendin,VERB,1,0,0
assimilate,VERB,1,0,0
discrimination,NOUN,1,0,0
plebeian,ADJ,1,0,0
virtue,NOUN,1,0,0
amongst,ADP,1,1,0
thevocal,ADJ,1,0,0
adegree,VERB,1,0,0
correspondentwiththose,NOUN,1,0,0
commonly,ADV,1,0,0
ourwomen,NOUN,1,0,0
principal,ADJ,1,0,0
test,NOUN,1,0,0
andwhen,VERB,1,0,0
astothe,DET,1,0,0
fore,ADJ,1,0,0
withu,NOUN,1,0,0
feltby,ADJ,1,0,0
fashioned,ADJ,1,0,0
countrygentleman,NOUN,1,0,0
remote,ADJ,1,0,0
formula,NOUN,1,0,0
Flatlandintroduction,PROPN,1,0,1
Butinthetowns,PROPN,1,0,1
andamong,ADJ,1,0,0
menofbusiness,NOUN,1,0,0
theword,NOUN,1,0,0
abbreviate,VERB,1,0,0
youtofeel,VERB,1,0,0
reciprocal,ADJ,1,0,0
modern,ADJ,1,0,0
gentleman,NOUN,1,0,0
fluous,ADJ,1,0,0
supremely,ADV,1,0,0
indifferentto,ADJ,1,0,0
purity,NOUN,1,0,0
nativelanguage,NOUN,1,0,0
theformula,NOUN,1,0,0
stillfurther,NOUN,1,0,0
curtail,VERB,1,0,0
technical,ADJ,1,0,0
recommend,VERB,1,0,0
andatthis,DET,1,0,0
slang,PROPN,1,0,1
ofpoliteorfast,PROPN,1,0,1
societyinthe,DET,1,0,0
sanction,NOUN,1,0,0
Smith,PROPN,1,0,1
feelyou,VERB,1,0,0
Jones,PROPN,1,0,1
myreader,ADV,1,0,0
howeversuppose,ADJ,1,0,0
iswith,NOUN,1,0,0
usthetediousprocessthatitwould,PROPN,1,0,1
orthatwe,INTJ,1,0,0
necessaryto,ADV,1,0,0
continuedinthe,DET,1,0,0
dailylife,NOUN,1,0,0
senseof,PROPN,1,0,1
anglesofan,NOUN,1,0,0
Itistherefore,PROPN,1,0,1
notnecessary,NOUN,1,0,0
anyindividual,ADJ,1,0,0
difficultyismuch,NOUN,1,0,0
Masterof,PROPN,1,0,1
knownto,PROPN,1,0,1
aten,VERB,1,0,0
Doctor,PROPN,1,0,1
versitywho,NOUN,1,0,0
promptly,ADV,1,0,0
unhesitatinglybetween,ADJ,1,0,0
atwenty,NOUN,1,0,0
sidedand,NOUN,1,0,0
fourside,VERB,1,0,0
memberofthe,DET,1,0,0
extract,NOUN,1,0,0
legislative,ADJ,1,0,0
code,NOUN,1,0,0
willreadilyperceive,ADJ,1,0,0
troduction,NOUN,1,0,0
bycontact,NOUN,1,0,0
inflict,VERB,1,0,0
unwary,ADJ,1,0,0
essential,ADJ,1,0,0
Felt,PROPN,1,0,1
start,NOUN,1,0,0
fidgety,NOUN,1,0,0
shifting,NOUN,1,0,0
violent,ADJ,1,0,0
sneeze,NOUN,1,0,0
nowto,NOUN,1,0,0
provefatalto,VERB,1,0,0
incautious,ADJ,1,0,0
andto,ADJ,1,0,0
nip,NOUN,1,0,0
inthebudmanyapromise,VERB,1,0,0
friendship,NOUN,1,0,0
Especiallyis,PROPN,1,0,1
thistrueamong,VERB,1,0,0
lowerclasse,NOUN,1,0,0
Withthem,PROPN,1,0,1
theeye,NOUN,1,0,0
issituatedso,NOUN,1,0,0
farfrom,VERB,1,0,0
theycanscarcelytake,NOUN,1,0,0
cognizance,NOUN,1,0,0
coarse,ADJ,1,0,0
sensitive,ADJ,1,0,0
delicatetouch,ADJ,1,0,0
ize,VERB,1,0,0
Whatwonderthenif,PROPN,1,0,1
toss,NOUN,1,0,0
hasere,ADV,1,0,0
nowdeprive,VERB,1,0,0
avaluable,ADJ,1,0,0
shortly,ADV,1,0,0
decease,NOUN,1,0,0
sevenvote,NOUN,1,0,0
Sanitary,PROPN,1,0,1
andSocial,PROPN,1,0,1
equal,ADV,1,0,0
atearin,NOUN,1,0,0
venerable,ADJ,1,0,0
miscarriage,NOUN,1,0,0
whichhad,VERB,1,0,0
Manwith,PROPN,1,0,1
Accordingto,PROPN,1,0,1
myunfortunate,VERB,1,0,0
afflict,VERB,1,0,0
rheumatism,NOUN,1,0,0
sudden,ADJ,1,0,0
start,VERB,1,0,0
accidentally,ADV,1,0,0
transfixedthe,DET,1,0,0
Manthrough,PROPN,1,0,1
degradation,NOUN,1,0,0
shock,NOUN,1,0,0
pervade,VERB,1,0,0
back,ADP,1,1,0
register,VERB,1,0,0
tillthe,DET,1,0,0
lapse,NOUN,1,0,0
lostground,NOUN,1,0,0
recover,VERB,1,0,0
Ascentfromthe,PROPN,1,0,1
allthis,DET,1,0,0
calamity,NOUN,1,0,0
dentin,VERB,1,0,0
clinedtooneanother,PROPN,1,0,1
butyouwho,PROPN,1,0,1
cansee,PROPN,1,0,1
bit,NOUN,1,0,0
discern,ADJ,1,0,0
anyangle,VERB,1,0,0
andmuchless,NOUN,1,0,0
register,NOUN,1,0,0
ofdifferent,NOUN,1,0,0
inferthem,PRON,1,0,0
greatprecision,NOUN,1,0,0
bynecessity,NOUN,1,0,0
ope,VERB,1,0,0
farmore,ADV,1,0,0
thanyour,ADJ,1,0,0
unaidedbyarule,ADJ,1,0,0
ormeasure,NOUN,1,0,0
shallbegin,NOUN,1,0,0
halfa,PROPN,1,0,1
goal,NOUN,1,0,0
dom,NOUN,1,0,0
freeman,NOUN,1,0,0
Regulars,PROPN,1,0,1
supply,VERB,1,0,0
uswith,ADP,1,0,0
ascending,NOUN,1,0,0
Elementary,PROPN,1,0,1
owe,VERB,1,0,0
retrogression,NOUN,1,0,0
quent,NOUN,1,0,0
intellectualstagnation,ADJ,1,0,0
andtothe,DET,1,0,0
fecundityof,NOUN,1,0,0
bond,NOUN,1,0,0
superfluity,NOUN,1,0,0
abundance,NOUN,1,0,0
ofspecimensup,NOUN,1,0,0
ofcivicright,NOUN,1,0,0
forthepurpose,NOUN,1,0,0
fetter,VERB,1,0,0
immovably,ADV,1,0,0
astoremove,ADV,1,0,0
allpossibilityofdanger,ADJ,1,0,0
Infant,PROPN,1,0,1
theretheyare,NOUN,1,0,0
utilizedbytheboard,ADV,1,0,0
educationforthe,ADJ,1,0,0
purposeof,NOUN,1,0,0
imparting,NOUN,1,0,0
spring,NOUN,1,0,0
Middle,PROPN,1,0,1
Classesthat,PROPN,1,0,1
gence,NOUN,1,0,0
ofwhichthese,PROPN,1,0,1
wretche,VERB,1,0,0
creaturesthemselve,NOUN,1,0,0
moretemperate,ADJ,1,0,0
betterregulated,ADJ,1,0,0
longrunmore,ADJ,1,0,0
advantageous,ADJ,1,0,0
educationalinterest,NOUN,1,0,0
theyoung,NOUN,1,0,0
dispense,VERB,1,0,0
renewthe,DET,1,0,0
whichis,NOUN,1,0,0
average,ADJ,1,0,0
durationof,VERB,1,0,0
foodless,NOUN,1,0,0
criminal,ADJ,1,0,0
partlyinthe,DET,1,0,0
expenditure,NOUN,1,0,0
partlyin,VERB,1,0,0
impairedafter,ADJ,1,0,0
afewweek,NOUN,1,0,0
stant,ADJ,1,0,0
slightly,ADV,1,0,0
tibly,ADV,1,0,0
tothe,PROPN,1,0,1
diminution,PROPN,1,0,1
constantlykeepsin,NOUN,1,0,0
manypopularly,ADV,1,0,0
elect,VERB,1,0,0
Boards,PROPN,1,0,1
reaction,NOUN,1,0,0
iammyselfdispose,VERB,1,0,0
thinkthat,DET,1,0,0
manycasesinwhichexpenseisthetru,ADJ,1,0,0
economy,NOUN,1,0,0
politics,NOUN,1,0,0
todivertme,NOUN,1,0,0
frommysubject,NOUN,1,0,0
beensaid,VERB,1,0,0
ingis,NOUN,1,0,0
notsotediousorindecisive,ADJ,1,0,0
aprocess,NOUN,1,0,0
beensuppose,VERB,1,0,0
obviouslymore,ADJ,1,0,0
worthy,ADJ,1,0,0
beenpointe,VERB,1,0,0
outabove,NOUN,1,0,0
manyinthe,DET,1,0,0
allwithoutexceptioninthe,DET,1,0,0
cular,ADJ,1,0,0
athird,NOUN,1,0,0
ofwhich,ADJ,1,0,0
forthe,ADP,1,0,0
appearveryinconsistent,VERB,1,0,0
vious,ADJ,1,0,0
saidthatallfigure,NOUN,1,0,0
distinguishbythevisualorgan,VERB,1,0,0
differentclasse,NOUN,1,0,0
yetnow,NOUN,1,0,0
myspacelandcriticshow,ADV,1,0,0
anotherby,NOUN,1,0,0
passageinwhich,PROPN,1,0,1
state,VERB,1,0,0
amongthe,PROPN,1,0,1
higherclassesand,NOUN,1,0,0
inourmore,NOUN,1,0,0
temperate,NOUN,1,0,0
thatsightrecognitionispractise,VERB,1,0,0
anyregion,NOUN,1,0,0
whichprevail,NOUN,1,0,0
torrid,PROPN,1,0,1
zone,NOUN,1,0,0
withyou,NOUN,1,0,0
anunmixe,VERB,1,0,0
blottingoutthelandscape,NOUN,1,0,0
spirit,NOUN,1,0,0
enfeeble,VERB,1,0,0
blessing,NOUN,1,0,0
scarcelyinferior,NOUN,1,0,0
air,NOUN,1,0,0
asthenurse,ADV,1,0,0
ofart,VERB,1,0,0
andparentofsciences,NOUN,1,0,0
eulogy,NOUN,1,0,0
beneficent,ADJ,1,0,0
element,NOUN,1,0,0
indistinguishably,ADV,1,0,0
atmosphere,NOUN,1,0,0
whereverthere,ADV,1,0,0
arichsupplyoffog,ADJ,1,0,0
thatare,NOUN,1,0,0
sayof,VERB,1,0,0
appreciably,ADV,1,0,0
dimmerthanthose,VERB,1,0,0
isthatby,NOUN,1,0,0
experimentalobservation,NOUN,1,0,0
tive,NOUN,1,0,0
andclearness,ADJ,1,0,0
greatexactness,NOUN,1,0,0
configurationofthe,ADJ,1,0,0
observe,VERB,1,0,0
willdo,VERB,1,0,0
avolume,NOUN,1,0,0
eralitie,NOUN,1,0,0
approachingwhose,VERB,1,0,0
pose,NOUN,1,0,0
otherword,NOUN,1,0,0
tagon,PROPN,1,0,1
howam,NOUN,1,0,0
Itodistinguishthem,PROPN,1,0,1
Eye,PROPN,1,0,1
hastouchedthethreshold,VERB,1,0,0
y,NOUN,1,0,0
maybisect,VERB,1,0,0
oftheapproaching,NOUN,1,0,0
asitwere,ADV,1,0,0
evenly,ADV,1,0,0
nextto,NOUN,1,0,0
contemplatethetwo,VERB,1,0,0
impartially,ADV,1,0,0
bothwill,NOUN,1,0,0
ofthesame,NOUN,1,0,0
Nowinthecase,PROPN,1,0,1
Isee,PROPN,1,0,1
Ishallsee,PROPN,1,0,1
DAE,PROPN,1,0,1
nearestto,NOUN,1,0,0
oneithersidethe,DET,1,0,0
linewillshade,NOUN,1,0,0
AC,PROPN,1,0,1
ad,NOUN,1,0,0
recederapidlyintothefog,NOUN,1,0,0
willbe,NOUN,1,0,0
verydim,NOUN,1,0,0
inthecase,NOUN,1,0,0
cian,NOUN,1,0,0
ishallhere,ADV,1,0,0
rapidlyinto,NOUN,1,0,0
recedeless,ADJ,1,0,0
rapidlyinto,ADP,1,0,0
thefog,NOUN,1,0,0
d,PRON,1,0,0
benotso,NOUN,1,0,0
dim,PROPN,1,0,1
asthe,ADJ,1,0,0
merchant,NOUN,1,0,0
Readerwillprobablyunderstand,PROPN,1,0,1
averylong,ADJ,1,0,0
plemente,VERB,1,0,0
educatedclasse,NOUN,1,0,0
Patrons,PROPN,1,0,1
graspedthis,ADJ,1,0,0
farasto,NOUN,1,0,0
possibilityofitand,NOUN,1,0,0
incredible,ADV,1,0,0
reasonablyexpect,VERB,1,0,0
perplex,VERB,1,0,0
sake,NOUN,1,0,0
inexperienced,ADJ,1,0,0
perchance,VERB,1,0,0
infer,NOUN,1,0,0
myson,NOUN,1,0,0
affair,NOUN,1,0,0
needfulto,NOUN,1,0,0
outthatin,VERB,1,0,0
actual,ADJ,1,0,0
ofsight,ADP,1,0,0
subtle,ADJ,1,0,0
andcomplex,NOUN,1,0,0
oruntil,ADP,1,0,0
round,ADP,1,0,0
momentdoubtful,ADJ,1,0,0
whetherhemay,NOUN,1,0,0
mu,NOUN,1,0,0
hexagonalgrandson,NOUN,1,0,0
evident,ADJ,1,0,0
accompanying,ADJ,1,0,0
comparative,ADJ,1,0,0
CA,PROPN,1,1,1
dim,VERB,1,0,0
greaterdimness,NOUN,1,0,0
toward,ADP,1,1,0
enlarge,VERB,1,0,0
onthesetopic,NOUN,1,0,0
tician,NOUN,1,0,0
readilybelieve,VERB,1,0,0
oflife,VERB,1,0,0
whichpresentthem,PRON,1,0,0
theyare,ADJ,1,0,0
advance,VERB,1,0,0
retreat,VERB,1,0,0
ofsightbetween,VERB,1,0,0
ofpolygon,NOUN,1,0,0
ball,NOUN,1,0,0
conversazione,NOUN,1,0,0
task,VERB,1,0,0
andamplyjustifythe,DET,1,0,0
endowment,NOUN,1,0,0
Learned,PROPN,1,0,1
Professors,PROPN,1,0,1
Static,PROPN,1,0,1
Kinetic,PROPN,1,0,1
nition,NOUN,1,0,0
regularly,ADV,1,0,0
élite,PROPN,1,0,1
fewof,X,1,0,0
scion,NOUN,1,0,0
wealthy,ADJ,1,0,0
togive,ADJ,1,0,0
money,NOUN,1,0,0
thorough,ADJ,1,0,0
prosecution,NOUN,1,0,0
valuable,ADJ,1,0,0
evento,ADP,1,0,0
oftwo,ADJ,1,0,0
mosthopeful,ADJ,1,0,0
andperfectlyregularhexagon,NOUN,1,0,0
perplexing,NOUN,1,0,0
Serf,PROPN,1,0,1
asightisalmost,NOUN,1,0,0
denly,ADV,1,0,0
transport,VERB,1,0,0
ourcountry,NOUN,1,0,0
apparently,ADV,1,0,0
irregularly,ADV,1,0,0
petually,ADV,1,0,0
hexagonal,ADJ,1,0,0
perfect,VERB,1,0,0
youwould,AUX,1,0,0
findthattherewa,VERB,1,0,0
ofmanyyear,NOUN,1,0,0
ofexperience,NOUN,1,0,0
beforeyoucould,AUX,1,0,0
movein,PROPN,1,0,1
afashionable,ADJ,1,0,0
jostle,VERB,1,0,0
yourbetter,NOUN,1,0,0
etiquetteto,NOUN,1,0,0
askto,VERB,1,0,0
feel,NOUN,1,0,0
andwho,PROPN,1,0,1
bytheirsuperior,ADJ,1,0,0
culture,NOUN,1,0,0
breeding,NOUN,1,0,0
knowverylittle,VERB,1,0,0
theirs,NOUN,1,0,0
comport,VERB,1,0,0
propriety,NOUN,1,0,0
atleastis,NOUN,1,0,0
astonish,VERB,1,0,0
ori,NOUN,1,0,0
developedby,NOUN,1,0,0
habitual,ADJ,1,0,0
andbythe,DET,1,0,0
avoidance,NOUN,1,0,0
deaf,NOUN,1,0,0
gesticulate,VERB,1,0,0
touse,VERB,1,0,0
alphabet,PROPN,1,0,1
acquire,VERB,1,0,0
difficultbut,ADJ,1,0,0
morevaluable,ADJ,1,0,0
reading,NOUN,1,0,0
earlylife,NOUN,1,0,0
willever,NOUN,1,0,0
Forthisreason,PROPN,1,0,1
discouragedorabsolutelyforbidden,ADJ,1,0,0
cradle,NOUN,1,0,0
ofgoe,VERB,1,0,0
senttohigherseminarie,NOUN,1,0,0
sive,ADJ,1,0,0
atour,ADJ,1,0,0
regardeda,VERB,1,0,0
mostseriousfault,NOUN,1,0,0
Rustication,PROPN,1,0,1
expulsion,NOUN,1,0,0
unattainable,ADJ,1,0,0
luxury,NOUN,1,0,0
commontradesman,NOUN,1,0,0
affordto,PROPN,1,0,1
lethis,PROPN,1,0,1
spend,VERB,1,0,0
abstract,ADJ,1,0,0
poorare,NOUN,1,0,0
allowedto,PROPN,1,0,1
precocity,NOUN,1,0,0
vivacity,NOUN,1,0,0
contrast,VERB,1,0,0
mostfavorablywiththe,DET,1,0,0
inert,ADJ,1,0,0
undeveloped,ADJ,1,0,0
listless,ADJ,1,0,0
behaviorof,NOUN,1,0,0
half,ADV,1,0,0
instruct,VERB,1,0,0
youth,NOUN,1,0,0
theiruniversitycourse,NOUN,1,0,0
theoryinto,NOUN,1,0,0
change,NOUN,1,0,0
overthem,PROPN,1,0,1
mayalmostbe,NOUN,1,0,0
everyart,ADJ,1,0,0
science,NOUN,1,0,0
theyrapidlyovertake,NOUN,1,0,0
distance,VERB,1,0,0
Triangular,PROPN,1,0,1
competitor,NOUN,1,0,0
PolygonalClassfailtopassthe,PROPN,1,0,1
Test,PROPN,1,0,1
Leaving,PROPN,1,0,1
Examination,PROPN,1,0,1
sity,NOUN,1,0,0
conditionoftheunsuccessfulminorityis,ADJ,1,0,0
trulypitiable,NOUN,1,0,0
rejectedfromthehigherclass,NOUN,1,0,0
bythelower,NOUN,1,0,0
theyhave,VERB,1,0,0
mature,VERB,1,0,0
systematically,ADV,1,0,0
train,VERB,1,0,0
Bachelors,PROPN,1,0,1
master,NOUN,1,0,0
ofart,NOUN,1,0,0
thenative,ADJ,1,0,0
precocityand,NOUN,1,0,0
mercurialversatility,NOUN,1,0,0
theyouthfulTradesman,PROPN,1,0,1
theprofession,NOUN,1,0,0
licservice,NOUN,1,0,0
areclosedagainst,ADP,1,0,0
debar,VERB,1,0,0
alliance,NOUN,1,0,0
parentsisgenerallyitselfunfortunate,NOUN,1,0,0
ifnotpositively,ADV,1,0,0
fromthese,ADJ,1,0,0
specimen,VERB,1,0,0
refuse,NOUN,1,0,0
NobilitythatthegreatTumults,PROPN,1,0,1
andSeditionsofpast,PROPN,1,0,1
derive,VERB,1,0,0
greatis,NOUN,1,0,0
themischief,NOUN,1,0,0
minorityof,NOUN,1,0,0
ourmore,ADV,1,0,0
ofopinionthattrue,ADJ,1,0,0
mercywoulddictatetheirentire,NOUN,1,0,0
enactingthatallwhofailtopass,NOUN,1,0,0
ExaminationoftheUniversityshouldbeeither,PROPN,1,0,1
extinguish,VERB,1,0,0
painless,ADJ,1,0,0
digress,VERB,1,0,0
Irregularities,PROPN,1,0,1
suchvital,ADJ,1,0,0
separate,ADJ,1,0,0
previous,ADJ,1,0,0
whatperhaps,ADJ,1,0,0
shouldhave,NOUN,1,0,0
beenlaid,VERB,1,0,0
thebeginne,VERB,1,0,0
asadistinct,ADJ,1,0,0
andfundamental,ADJ,1,0,0
osition,NOUN,1,0,0
RegularFigure,PROPN,1,0,1
thatistosayofregularconstruction,NOUN,1,0,0
aWomanmust,PROPN,1,0,1
onlybe,ADP,1,0,0
anArtisan,PROPN,1,0,1
Soldier,PROPN,1,0,1
sidesequal,ADJ,1,0,0
tradesman,NOUN,1,0,0
lawyer,NOUN,1,0,0
classiama,NOUN,1,0,0
everypolygon,NOUN,1,0,0
AFemale,PROPN,1,0,1
tall,ADJ,1,0,0
womanmight,NOUN,1,0,0
afoot,VERB,1,0,0
Males,PROPN,1,0,1
ofeveryclass,NOUN,1,0,0
roughlysaidthatthe,NOUN,1,0,0
equalityof,NOUN,1,0,0
tionto,NOUN,1,0,0
thesocial,ADJ,1,0,0
Flat,PROPN,1,0,1
fundamental,ADJ,1,0,0
will,VERB,1,0,0
figuresto,ADJ,1,0,0
estimate,NOUN,1,0,0
inorder,NOUN,1,0,0
minethe,ADJ,1,0,0
sary,NOUN,1,0,0
lifewould,AUX,1,0,0
forsuch,NOUN,1,0,0
dious,ADJ,1,0,0
groping,NOUN,1,0,0
thewholescience,NOUN,1,0,0
perish,ADJ,1,0,0
isan,PROPN,1,0,1
wouldnot,ADV,1,0,0
survive,VERB,1,0,0
intercourse,NOUN,1,0,0
becomeperilous,ADJ,1,0,0
anendto,PROPN,1,0,1
confidence,NOUN,1,0,0
allforethought,NOUN,1,0,0
noone,NOUN,1,1,0
arrangement,NOUN,1,0,0
civilizationwould,ADV,1,0,0
relapse,VERB,1,0,0
fasttocarrymyreader,NOUN,1,0,0
mustconvince,VERB,1,0,0
everyone,PRON,1,1,0
ourwhole,ADJ,1,0,0
temis,ADJ,1,0,0
baseduponregularity,NOUN,1,0,0
orequality,NOUN,1,0,0
forexample,NOUN,1,0,0
thestreet,PROPN,1,0,1
menbyaglanceattheiranglesandrapidlybedimme,VERB,1,0,0
themtostep,NOUN,1,0,0
lunch,NOUN,1,0,0
youdo,NOUN,1,0,0
dence,NOUN,1,0,0
area,NOUN,1,0,0
triangle,NOUN,1,0,0
larand,NOUN,1,0,0
aparallelogram,NOUN,1,0,0
thirteen,NUM,1,0,0
dowith,ADP,1,0,0
monsterstickingfastin,ADJ,1,0,0
yourhouse,NOUN,1,0,0
insultingthe,DET,1,0,0
accumulate,VERB,1,0,0
onewho,NOUN,1,0,0
enjoystheadvantage,VERB,1,0,0
ofaresidence,NOUN,1,0,0
anglewould,NOUN,1,0,0
nolongerbesufficient,VERB,1,0,0
undersuch,ADJ,1,0,0
portentous,ADJ,1,0,0
betaken,VERB,1,0,0
survey,VERB,1,0,0
acquaintance,NOUN,1,0,0
alreadythe,ADJ,1,0,0
avoid,VERB,1,0,0
inacrowdareenoughto,NOUN,1,0,0
taxthe,DET,1,0,0
sagacityof,NOUN,1,0,0
educatedsquare,NOUN,1,0,0
ifno,NOUN,1,0,0
couldcalculatethe,PROPN,1,0,1
Regularityofasingle,PROPN,1,0,1
thecompany,NOUN,1,0,0
allwould,AUX,1,0,0
chaos,NOUN,1,0,0
panicwould,NOUN,1,0,0
seriousinjurie,NOUN,1,0,0
dier,NOUN,1,0,0
present,ADV,1,0,0
considerableloss,NOUN,1,0,0
stamp,VERB,1,0,0
sealof,ADJ,1,0,0
itsapproval,ADJ,1,0,0
uponregularityof,PROPN,1,0,1
Lawbeen,PROPN,1,0,1
ormore,NOUN,1,0,0
nation,NOUN,1,0,0
ofmoral,ADJ,1,0,0
obliquity,NOUN,1,0,0
criminalitywith,VERB,1,0,0
andistreate,VERB,1,0,0
accordingly,ADV,1,0,0
arenotwante,VERB,1,0,0
itistrue,ADJ,1,0,0
somepromulgator,NOUN,1,0,0
ofparadoxeswhomain,NOUN,1,0,0
tainthat,NOUN,1,0,0
necessaryconnection,NOUN,1,0,0
ular,NOUN,1,0,0
scout,VERB,1,0,0
deride,VERB,1,0,0
sister,NOUN,1,0,0
neglectedbythe,DET,1,0,0
domestic,NOUN,1,0,0
bysociety,NOUN,1,0,0
andexcludedfromall,ADJ,1,0,0
post,NOUN,1,0,0
bility,NOUN,1,0,0
trust,NOUN,1,0,0
activity,NOUN,1,0,0
mentisjealouslywatchedbythepolicetillhecome,NOUN,1,0,0
forinspection,NOUN,1,0,0
thenhe,NOUN,1,0,0
ifheisfoundtoexceedthefixe,VERB,1,0,0
margin,NOUN,1,0,0
immure,VERB,1,0,0
ernment,NOUN,1,0,0
Office,PROPN,1,0,1
clerk,NOUN,1,0,0
drudge,VERB,1,0,0
uninteresting,NOUN,1,0,0
occupation,NOUN,1,0,0
stipend,NOUN,1,0,0
andboard,ADV,1,0,0
office,NOUN,1,0,0
vacation,NOUN,1,0,0
supervision,NOUN,1,0,0
purest,X,1,0,0
embitter,VERB,1,0,0
pervert,VERB,1,0,0
rounding,NOUN,1,0,0
plausible,ADJ,1,0,0
reasoning,NOUN,1,0,0
asit,NOUN,1,0,0
hasnotconvince,VERB,1,0,0
thatourancestorserredinlayingitdown,NOUN,1,0,0
policythat,ADJ,1,0,0
thetoleration,NOUN,1,0,0
larity,NOUN,1,0,0
incompatible,ADJ,1,0,0
safetyofthe,ADJ,1,0,0
thelife,NOUN,1,0,0
anIrregularis,PROPN,1,0,1
GreaterNumberrequire,PROPN,1,0,1
itshall,NOUN,1,0,0
manwith,NOUN,1,0,0
backwere,PROPN,1,0,1
allowedtoexist,PROPN,1,0,1
andtopropa,PROPN,1,0,1
astill,NOUN,1,0,0
irregularposterity,NOUN,1,0,0
anddoor,NOUN,1,0,0
alter,VERB,1,0,0
accommodate,VERB,1,0,0
monster,NOUN,1,0,0
collector,NOUN,1,0,0
measure,VERB,1,0,0
orto,VERB,1,0,0
takehisplacein,ADP,1,0,0
alecture,NOUN,1,0,0
exemptedfrom,ADP,1,0,0
Andif,PROPN,1,0,1
desolation,NOUN,1,0,0
comrade,NOUN,1,0,0
sistible,ADJ,1,0,0
fraudulent,ADJ,1,0,0
beset,VERB,1,0,0
entera,NOUN,1,0,0
withhis,PROPN,1,0,1
polygonalfront,PROPN,1,0,1
advocate,NOUN,1,0,0
falsely,ADV,1,0,0
lanthropyplead,NOUN,1,0,0
theymay,PROPN,1,0,1
abrogation,NOUN,1,0,0
Penal,PROPN,1,0,1
ifor,ADP,1,0,0
mypart,NOUN,1,0,0
Irregularwho,PROPN,1,0,1
evidentlyintendedhimto,PROPN,1,0,1
hypocrite,NOUN,1,0,0
anthropist,NOUN,1,0,0
thelimits,PROPN,1,0,1
power,PROPN,1,0,1
petratorofallmannerofmischief,NOUN,1,0,0
NotthatIshouldbedisposedtorecommend,PROPN,1,0,1
measure,NOUN,1,0,0
aninfantwhoseangle,NOUN,1,0,0
deviatesbyhalf,VERB,1,0,0
angularityis,NOUN,1,0,0
summarily,ADV,1,0,0
atbirth,NOUN,1,0,0
ofourhighestandabl,ADJ,1,0,0
menof,PROPN,1,0,1
genius,NOUN,1,0,0
havedure,VERB,1,0,0
labor,VERB,1,0,0
underdeviationsas,PROPN,1,0,1
forty,NUM,1,1,0
precious,ADJ,1,0,0
liveswould,NOUN,1,0,0
healing,NOUN,1,0,0
itsmost,ADJ,1,0,0
compression,NOUN,1,0,0
extension,NOUN,1,0,0
trepanning,NOUN,1,0,0
colligation,NOUN,1,0,0
surgical,ADJ,1,0,0
dietetic,ADJ,1,0,0
operation,NOUN,1,0,0
Irregularityhas,PROPN,1,0,1
beenpartlyorwhollycure,VERB,1,0,0
ViaMedia,PROPN,1,0,1
Iwouldlaydownno,PROPN,1,0,1
fixed,ADJ,1,0,0
absolute,ADJ,1,0,0
demarcation,NOUN,1,0,0
periodwhentheframeis,NOUN,1,0,0
Medical,PROPN,1,0,1
reportedthat,NOUN,1,0,0
recovery,NOUN,1,0,0
improbable,ADJ,1,0,0
painlessly,ADV,1,0,0
andmercifullyconsume,VERB,1,0,0
IfmyReadershavefollowed,PROPN,1,0,1
mewithanyattention,NOUN,1,0,0
theywillnot,NOUN,1,0,0
surprisedto,ADJ,1,0,0
hear,NOUN,1,0,0
somewhatdull,ADJ,1,0,0
Idonot,PROPN,1,0,1
thatthere,NOUN,1,0,0
notbattle,NOUN,1,0,0
conspiracy,NOUN,1,0,0
tumult,NOUN,1,0,0
faction,NOUN,1,0,0
mixture,NOUN,1,0,0
theproblem,NOUN,1,0,0
continuallyinducingconjecture,NOUN,1,0,0
portunity,NOUN,1,0,0
verification,NOUN,1,0,0
z,ADJ,1,0,0
whichyouin,X,1,0,0
canhardly,ADV,1,0,0
Ispeak,PROPN,1,0,1
æsthetic,ADJ,1,0,0
artisticpoint,NOUN,1,0,0
ofviewwhen,ADV,1,0,0
isaythat,DET,1,0,0
usis,ADJ,1,0,0
æsthetically,ADV,1,0,0
artistically,ADV,1,0,0
verydullindeed,VERB,1,0,0
landscape,NOUN,1,0,0
historical,ADJ,1,0,0
piece,NOUN,1,0,0
trait,NOUN,1,0,0
flower,NOUN,1,0,0
stilllife,NOUN,1,0,0
nothingbutasingle,ADJ,1,0,0
ofbrightness,ADJ,1,0,0
obscurity,NOUN,1,0,0
Itwasnotalwaysthus,PROPN,1,0,1
iftradition,NOUN,1,0,0
onceforthespaceofhalfadozencenturie,NOUN,1,0,0
transient,ADJ,1,0,0
remotest,ADJ,1,0,0
variously,ADV,1,0,0
casuallydiscovere,VERB,1,0,0
entsofthe,NOUN,1,0,0
simplercolor,NOUN,1,0,0
rudimentarymethod,NOUN,1,0,0
saidtohavebegunbydecorate,VERB,1,0,0
hisslave,NOUN,1,0,0
thenhis,DET,1,0,0
lastlyhimself,NOUN,1,0,0
convenience,NOUN,1,0,0
resultscommende,VERB,1,0,0
forby,PROPN,1,0,1
name,VERB,1,1,0
trustworthy,ADJ,1,0,0
authority,NOUN,1,0,0
turnedhis,DET,1,0,0
variegate,VERB,1,0,0
atonceexcite,VERB,1,0,0
attention,NOUN,1,0,0
andattracte,VERB,1,0,0
onemistook,NOUN,1,0,0
theirpowersofcalculation,NOUN,1,0,0
onejostle,VERB,1,0,0
orfaile,VERB,1,0,0
wayfor,ADP,1,0,0
exhausting,ADJ,1,0,0
colorlesssquare,VERB,1,0,0
individualitywhenwemove,NOUN,1,0,0
ofignorant,ADJ,1,0,0
fashion,NOUN,1,0,0
wildfire,NOUN,1,0,0
copy,VERB,1,0,0
ofchromatiste,NOUN,1,0,0
conservative,ADJ,1,0,0
stillheld,VERB,1,0,0
Amonth,PROPN,1,0,1
ortwo,NOUN,1,0,0
foundeven,VERB,1,0,0
Dodecagons,PROPN,1,0,1
infectedwiththeinnovation,NOUN,1,0,0
ayearhadnotelapse,VERB,1,0,0
habithad,ADJ,1,0,0
spreadto,PROPN,1,0,1
estofthenobility,NOUN,1,0,0
Needlesstosay,PROPN,1,0,1
customsoon,NOUN,1,0,0
withintwogeneration,NOUN,1,0,0
onein,NOUN,1,0,0
flatlandwa,VERB,1,0,0
مس,X,1,0,0
appearedto,NOUN,1,0,0
erect,VERB,1,0,0
plead,VERB,1,0,0
innovation,NOUN,1,0,0
sentiala,NOUN,1,0,0
Innovators,PROPN,1,0,1
implydistinction,NOUN,1,0,0
wasthe,X,1,0,0
sophismwhich,ADV,1,0,0
atimetothe,DET,1,0,0
newculture,NOUN,1,0,0
manifestly,ADV,1,0,0
andwomenthis,DET,1,0,0
adage,NOUN,1,0,0
didnotapply,NOUN,1,0,0
latter,NOUN,1,1,0
plurallyand,VERB,1,0,0
pedantically,ADV,1,0,0
noside,NOUN,1,0,0
ifatleasttheywould,PROPN,1,0,1
asserttheir,ADJ,1,0,0
trulycircle,NOUN,1,0,0
notmere,ADJ,1,0,0
polygon,NOUN,1,0,0
aninfinitelylarge,ADJ,1,0,0
imally,ADV,1,0,0
boast,VERB,1,0,0
aperimeter,NOUN,1,0,0
oneline,ADJ,1,0,0
aCircumference,PROPN,1,0,1
topassthat,DET,1,0,0
thesetwo,NOUN,1,0,0
Classescould,PROPN,1,0,1
Distinction,PROPN,1,0,1
DistinctionofColor,PROPN,1,0,1
andwhen,X,1,0,0
othershad,VERB,1,0,0
succumbedtothe,DET,1,0,0
fascinationsofcorporal,ADJ,1,0,0
decoration,NOUN,1,0,0
thepollution,NOUN,1,0,0
ofpaint,NOUN,1,0,0
immoral,ADJ,1,0,0
licentious,ADJ,1,0,0
anarchical,ADJ,1,0,0
unscientific,ADJ,1,0,0
thembywhatnamesyouwill,NOUN,1,0,0
froman,NOUN,1,0,0
æsthetic,NOUN,1,0,0
pointofview,NOUN,1,0,0
thoseancientdaysoftheColorRevolt,PROPN,1,0,1
ofartinflatland,ADV,1,0,0
ripen,VERB,1,0,0
manho,NOUN,1,0,0
od,NOUN,1,0,0
blossom,NOUN,1,0,0
ofyouth,NOUN,1,0,0
ata,PROPN,1,0,1
smallparty,NOUN,1,0,0
companywa,VERB,1,0,0
richly,ADV,1,0,0
varied,ADJ,1,0,0
assembly,NOUN,1,0,0
thanonceprovedtoodistracte,VERB,1,0,0
est,X,1,0,0
andactor,NOUN,1,0,0
ravish,VERB,1,0,0
ofall,NOUN,1,0,0
beenthe,DET,1,0,0
unspeakable,ADJ,1,0,0
magnificence,NOUN,1,0,0
review,NOUN,1,0,0
ofbattle,PROPN,1,0,1
oftwentythousand,PROPN,1,0,1
suddenlyface,VERB,1,0,0
exchangingthe,ADJ,1,0,0
sombre,NOUN,1,0,0
black,NOUN,1,0,0
orange,ADJ,1,0,0
purple,ADJ,1,0,0
ofthetwoside,NOUN,1,0,0
includingtheir,PRON,1,0,0
Trianglestricolored,PROPN,1,0,1
white,ADJ,1,0,0
andblue,VERB,1,0,0
mauve,NOUN,1,0,0
ultramarine,ADJ,1,0,0
boge,PROPN,1,0,1
burn,VERB,1,0,0
umber,ADV,1,0,0
artilleryman,NOUN,1,0,0
vermilion,NOUN,1,0,0
gun,NOUN,1,0,0
dashing,NOUN,1,0,0
career,VERB,1,0,0
theiroffice,NOUN,1,0,0
surgeon,NOUN,1,0,0
geometrician,NOUN,1,0,0
aide,NOUN,1,0,0
de,ADJ,1,0,0
camp,ADJ,1,0,0
allthese,NOUN,1,0,0
maywell,NOUN,1,0,0
render,VERB,1,0,0
credible,VERB,1,0,0
storyhow,NOUN,1,0,0
overcomebytheartisticbeauty,PROPN,1,0,1
aside,ADV,1,0,0
hehenceforthexchange,VERB,1,0,0
sensuous,ADJ,1,0,0
verylanguage,NOUN,1,0,0
vocabulary,NOUN,1,0,0
commonest,ADJ,1,0,0
zen,NOUN,1,0,0
beensuffusedwitharichertingeofwordorthought,ADJ,1,0,0
indebted,ADJ,1,0,0
fine,ADJ,1,0,0
poetry,NOUN,1,0,0
rhythm,NOUN,1,0,0
modernday,NOUN,1,0,0
UniversalColorBill,PROPN,1,0,1
fast,ADJ,1,0,0
decay,VERB,1,0,0
beingno,NOUN,1,0,0
practise,VERB,1,0,0
Statics,PROPN,1,0,1
Kinetics,PROPN,1,0,1
kindre,VERB,1,0,0
superfluous,ADJ,1,0,0
disrepute,NOUN,1,0,0
neglect,ADJ,1,0,0
speedily,ADJ,1,0,0
experiencedthesamefateatourelementaryschool,NOUN,1,0,0
Thenthe,PROPN,1,0,1
men,NOUN,1,0,0
longerused,ADJ,1,0,0
norneeded,ADJ,1,0,0
andrefuse,VERB,1,0,0
tribute,NOUN,1,0,0
wax,VERB,1,0,0
daily,ADJ,1,0,0
insolent,ADJ,1,0,0
immunity,NOUN,1,0,0
burden,NOUN,1,0,0
formerly,ADV,1,1,0
twofold,ADJ,1,0,0
wholesome,ADJ,1,0,0
tame,VERB,1,0,0
thin,VERB,1,0,0
excessive,ADJ,1,0,0
YearbyyeartheSoldiers,PROPN,1,0,1
andArtisansbeganmore,PROPN,1,0,1
nogreatdifference,VERB,1,0,0
betweenthem,PRON,1,0,0
equalitywith,NOUN,1,0,0
able,VERB,1,0,0
grapplewith,ADJ,1,0,0
allthedifficultie,NOUN,1,0,0
andsolve,VERB,1,0,0
whetherstatical,NUM,1,0,0
Kinetical,PROPN,1,0,1
boldly,ADV,1,0,0
mandthe,NOUN,1,0,0
aristocratic,ADJ,1,0,0
abolition,NOUN,1,0,0
allendowment,NOUN,1,0,0
forthe,VERB,1,0,0
ofSightRecognition,PROPN,1,0,1
inasmuch,ADJ,1,0,0
haddestroye,VERB,1,0,0
tinction,NOUN,1,0,0
title,VERB,1,0,0
waver,VERB,1,0,0
cide,VERB,1,0,0
advancedstill,NOUN,1,0,0
requirement,NOUN,1,0,0
andat,PROPN,1,0,1
lastdemande,VERB,1,0,0
allclasse,VERB,1,0,0
thepriests,NOUN,1,0,0
andthewomennot,ADV,1,0,0
excepted,ADJ,1,0,0
shoulddohomageto,NOUN,1,0,0
colorbysubmitte,VERB,1,0,0
andwomen,ADJ,1,0,0
theyretorte,VERB,1,0,0
dictate,VERB,1,0,0
halfof,NOUN,1,0,0
everyhumanbeing,NOUN,1,0,0
hiseye,NOUN,1,0,0
tinguishable,NOUN,1,0,0
blyofallthestate,NOUN,1,0,0
aBillproposing,PROPN,1,0,1
Priestswere,PROPN,1,0,1
paintedinthe,DET,1,0,0
apply,VERB,1,0,0
formedthe,PROPN,1,0,1
middlepoint,NOUN,1,0,0
Therewasnolittlecunninginthis,PROPN,1,0,1
emanate,VERB,1,0,0
anyisosceles,NOUN,1,0,0
beingsodegradedwouldhavehadangularity,NOUN,1,0,0
enough,NOUN,1,1,0
appreciate,VERB,1,0,0
model,NOUN,1,0,0
craft,NOUN,1,0,0
indulgence,NOUN,1,0,0
tobringdesolation,NOUN,1,0,0
follower,NOUN,1,0,0
propositionwas,NOUN,1,0,0
calculate,VERB,1,0,0
inall,NOUN,1,0,0
classesover,NOUN,1,0,0
byassigne,VERB,1,0,0
aswere,ADV,1,0,0
Revolutionists,PROPN,1,0,1
pear,VERB,1,0,0
andbe,NOUN,1,0,0
treatedwith,PROPN,1,0,1
prospectthat,NOUN,1,0,0
notfailto,PROPN,1,0,1
attractthe,DET,1,0,0
Sexin,PROPN,1,0,1
amass,NOUN,1,0,0
butby,NOUN,1,0,0
thepossibilityofthe,DET,1,0,0
ofpriest,NOUN,1,0,0
andwomen,NOUN,1,0,0
Legislation,PROPN,1,0,1
maynot,ADV,1,0,0
ortwo,PROPN,1,0,1
duly,ADV,1,0,0
decorate,VERB,1,0,0
andmouth,NOUN,1,0,0
andwith,VERB,1,0,0
viously,ADV,1,0,0
AMB,PROPN,1,0,1
ored,ADJ,1,0,0
thatthediameterAB,PROPN,1,0,1
green,PROPN,1,0,1
fromthe,PROPN,1,0,1
red,PROPN,1,0,1
dividing,NOUN,1,0,0
D,PROPN,1,0,1
seewill,NOUN,1,0,0
CBD,PROPN,1,0,1
ofwhich,DET,1,0,0
onehalf,NOUN,1,0,0
CB,PROPN,1,0,1
green,NOUN,1,0,0
CD,PROPN,1,0,1
sized,ADJ,1,0,0
butthe,PROPN,1,0,1
identityofthe,DET,1,0,0
giveyou,VERB,1,0,0
ofidentityifnot,ADP,1,0,0
makingyou,NOUN,1,0,0
neglectfulofotherdetail,NOUN,1,0,0
Bear,PROPN,1,0,1
ene,VERB,1,0,0
societyat,NOUN,1,0,0
ColorRevolt,PROPN,1,0,1
certaintythat,NOUN,1,0,0
womenwould,AUX,1,0,0
speedilylearn,VERB,1,0,0
thenbe,VERB,1,0,0
surelyobvious,ADJ,1,0,0
dearreader,NOUN,1,0,0
placedus,PROPN,1,0,1
undera,PROPN,1,0,1
confound,VERB,1,0,0
aPriestwith,PROPN,1,0,1
attractive,ADJ,1,0,0
ensue,VERB,1,0,0
theymighthear,ADJ,1,0,0
politicaland,PROPN,1,0,1
clesiastical,ADJ,1,0,0
husbandsand,NOUN,1,0,0
thename,NOUN,1,0,0
priestlycircle,NOUN,1,0,0
striking,ADJ,1,0,0
additionof,PROPN,1,0,1
anyothercolor,NOUN,1,0,0
leadthe,VERB,1,0,0
endless,ADJ,1,0,0
mistake,NOUN,1,0,0
ofthepassers,PROPN,1,0,1
by,NOUN,1,1,0
scandal,NOUN,1,0,0
thatwould,AUX,1,0,0
befall,VERB,1,0,0
frivolous,ADJ,1,0,0
unseemlyconduct,ADJ,1,0,0
impute,VERB,1,0,0
asto,VERB,1,0,0
couldnot,NOUN,1,0,0
expectedto,ADJ,1,0,0
aim,VERB,1,0,0
bytheBillwas,PROPN,1,0,1
gradual,ADJ,1,0,0
demoralization,NOUN,1,0,0
generalintellectualdecaytheystillpreserve,VERB,1,0,0
theirpristine,NOUN,1,0,0
clearness,NOUN,1,0,0
familiarize,VERB,1,0,0
Circularhouseholds,PROPN,1,0,1
Nobles,PROPN,1,0,1
Sacred,PROPN,1,0,1
date,NOUN,1,0,0
UniversalColor,PROPN,1,0,1
onlyheld,ADP,1,0,0
lead,NOUN,1,0,0
abstinence,NOUN,1,0,0
fromthepopularfashion,NOUN,1,0,0
artful,ADJ,1,0,0
author,NOUN,1,0,0
diabolical,ADJ,1,0,0
atoneblowto,NOUN,1,0,0
pollution,NOUN,1,0,0
ofcolor,NOUN,1,0,0
sametime,NOUN,1,0,0
opportunity,NOUN,1,0,0
oftraine,VERB,1,0,0
theart,NOUN,1,0,0
SightRecognition,PROPN,1,0,1
enfeeble,ADJ,1,0,0
lectsbydeprivingthem,NOUN,1,0,0
oncesubjectedtothe,NOUN,1,0,0
chromatictaint,NOUN,1,0,0
everychildish,VERB,1,0,0
Circlewoulddemoralize,PROPN,1,0,1
onlyindiscerne,VERB,1,0,0
betweenthe,ADJ,1,0,0
Motherwouldthe,PROPN,1,0,1
infantfind,VERB,1,0,0
lemsfortheexerciseofitsunderstanding,NOUN,1,0,0
oftenlikelytobe,ADJ,1,0,0
corrupted,ADJ,1,0,0
bymaternal,NOUN,1,0,0
tureswith,PROPN,1,0,1
theresult,NOUN,1,0,0
logicalconclusion,NOUN,1,0,0
lectuallustre,NOUN,1,0,0
PriestlyOrderwouldwane,PROPN,1,0,1
roadwouldthenlie,NOUN,1,0,0
fora,PROPN,1,0,1
ofallaristocraticlegislature,VERB,1,0,0
subversion,NOUN,1,0,0
Privileged,PROPN,1,0,1
Suppression,PROPN,1,0,1
agitation,NOUN,1,0,0
tinued,ADJ,1,0,0
forthreeyear,NOUN,1,0,0
andup,VERB,1,0,0
Anarchywere,PROPN,1,0,1
destine,VERB,1,0,0
triumph,VERB,1,0,0
army,NOUN,1,0,0
fight,VERB,1,0,0
annihilate,VERB,1,0,0
asuperiorforceofisoscelestriangle,NOUN,1,0,0
thesquares,NOUN,1,0,0
andpentagonsmeanwhileremainingneutral,NOUN,1,0,0
prey,NOUN,1,0,0
conjugal,ADJ,1,0,0
infuriate,VERB,1,0,0
animosity,NOUN,1,0,0
inmany,PROPN,1,0,1
householdwearie,VERB,1,0,0
lord,NOUN,1,0,0
prayer,NOUN,1,0,0
opposition,NOUN,1,0,0
entreaty,NOUN,1,0,0
fruitless,ADJ,1,0,0
fellon,NOUN,1,0,0
slaughter,VERB,1,0,0
theirinnocent,NOUN,1,0,0
dren,NOUN,1,0,0
ofcarnage,NOUN,1,0,0
nial,ADJ,1,0,0
agitationnoless,NOUN,1,0,0
indeedwastheperil,NOUN,1,0,0
itseemeda,NOUN,1,0,0
choice,NOUN,1,0,0
submission,NOUN,1,0,0
extermination,NOUN,1,0,0
suddenlythecourse,ADJ,1,0,0
ofevent,NOUN,1,0,0
completelychangedbyone,ADJ,1,0,0
ofthosepicturesque,ADJ,1,0,0
becauseoftheabsurdlydisproportionate,ADJ,1,0,0
sympathy,NOUN,1,0,0
populace,NOUN,1,0,0
IthappenedthatanIsoscelesof,PROPN,1,0,1
alowtype,NOUN,1,0,0
abrain,ADP,1,0,0
ifat,NOUN,1,0,0
allabove,NOUN,1,0,0
tally,NOUN,1,0,0
dabble,VERB,1,0,0
plunder,VERB,1,0,0
Dodecahedron,PROPN,1,0,1
MarketPlaceheaccostedinafeignedvoice,PROPN,1,0,1
amaiden,NOUN,1,0,0
orphandaughterof,NOUN,1,0,0
ofdeception,NOUN,1,0,0
aid,VERB,1,0,0
astre,VERB,1,0,0
luckyaccident,NOUN,1,0,0
byanalmostinconceivable,ADJ,1,0,0
fatuityand,ADJ,1,0,0
precaution,NOUN,1,0,0
bride,NOUN,1,0,0
consummatingthemarriage,NOUN,1,0,0
mitte,VERB,1,0,0
suicide,NOUN,1,0,0
shehadbeensubjecte,VERB,1,0,0
news,NOUN,1,0,0
catastrophe,NOUN,1,0,0
lentlyagitate,VERB,1,0,0
Sympathywith,PROPN,1,0,1
themiserablevictim,PROPN,1,0,1
theirsister,NOUN,1,0,0
andtheirdaughter,NOUN,1,0,0
madethem,PROPN,1,0,1
nowregard,ADV,1,0,0
Billin,PROPN,1,0,1
aspect,NOUN,1,0,0
openlyavowe,VERB,1,0,0
antagonism,NOUN,1,0,0
restneede,VERB,1,0,0
aslight,NOUN,1,0,0
stimurus,NOUN,1,0,0
avowal,NOUN,1,0,0
opportunitythe,DET,1,0,0
Circleshastilyconvenedan,PROPN,1,0,1
dinary,ADJ,1,0,0
secure,VERB,1,0,0
ance,NOUN,1,0,0
ofalarge,VERB,1,0,0
numberofreactionary,ADJ,1,0,0
amidst,ADP,1,0,0
unprecedented,ADJ,1,0,0
hiss,VERB,1,0,0
hootedby,ADJ,1,0,0
dre,VERB,1,0,0
policy,NOUN,1,0,0
Concession,PROPN,1,0,1
wish,NOUN,1,0,0
theywould,AUX,1,0,0
uproar,NOUN,1,0,0
toapplause,NOUN,1,0,0
invite,VERB,1,0,0
hall,PROPN,1,0,1
hisfollower,NOUN,1,0,0
amasterpiece,NOUN,1,0,0
rhetoric,NOUN,1,0,0
dayin,PROPN,1,0,1
delivery,NOUN,1,0,0
summary,NOUN,1,0,0
dojustice,VERB,1,0,0
grave,ADJ,1,0,0
impartiality,NOUN,1,0,0
clare,VERB,1,0,0
Reform,PROPN,1,0,1
itsdefect,VERB,1,0,0
graduallyintroduce,VERB,1,0,0
Professional,PROPN,1,0,1
Gentlemen,PROPN,1,0,1
byreminde,VERB,1,0,0
inspite,ADJ,1,0,0
ofallthesedefect,NOUN,1,0,0
hewaswille,VERB,1,0,0
approve,VERB,1,0,0
neutral,ADJ,1,0,0
atleasttodosowithafullviewoftheconsequence,NOUN,1,0,0
theycouldnothope,NOUN,1,0,0
ambitionwould,VERB,1,0,0
nowhavetobesacrifice,VERB,1,0,0
adoption,NOUN,1,0,0
gression,NOUN,1,0,0
Workman,PROPN,1,0,1
ina,VERB,1,0,0
fewgeneration,NOUN,1,0,0
military,NOUN,1,0,0
ConvictClass,PROPN,1,0,1
powerwould,AUX,1,0,0
alreadymore,NOUN,1,0,0
outnumber,VERB,1,0,0
otherclassesputtogetherwhenthe,DET,1,0,0
pensative,NOUN,1,0,0
wereviolate,VERB,1,0,0
subdued,ADJ,1,0,0
assent,NOUN,1,0,0
Artisans,PROPN,1,0,1
stepforwardand,NOUN,1,0,0
encompass,VERB,1,0,0
remainsilent,NOUN,1,0,0
impassioned,ADJ,1,0,0
ifthe,DET,1,0,0
honorsecure,NOUN,1,0,0
vade,NOUN,1,0,0
bliss,NOUN,1,0,0
share,VERB,1,0,0
speedy,ADJ,1,0,0
perdition,NOUN,1,0,0
atthese,ADJ,1,0,0
thepreconcerte,VERB,1,0,0
nal,NOUN,1,0,0
action,NOUN,1,0,0
chromatiste,NOUN,1,0,0
band,NOUN,1,0,0
invisiblyandunerringlyupon,VERB,1,0,0
theartisans,NOUN,1,0,0
better,NOUN,1,0,0
MeantimebandsofConvictsoccupiedeveryentrance,PROPN,1,0,1
impenetrablephalanx,NOUN,1,0,0
battle,NOUN,1,0,0
orrathercarnage,NOUN,1,0,0
ofshort,NOUN,1,0,0
generalship,NOUN,1,0,0
charge,NOUN,1,0,0
fatal,ADJ,1,0,0
extract,VERB,1,0,0
uninjured,ADJ,1,0,0
slaughter,NOUN,1,0,0
Butnosecond,PROPN,1,0,1
blowwasneede,VERB,1,0,0
rest,NOUN,1,0,0
ness,ADJ,1,0,0
attack,VERB,1,0,0
egress,NOUN,1,0,0
Fiatland,PROPN,1,0,1
convict,NOUN,1,0,0
behindthem,VERB,1,0,0
allpresenceofmind,ADV,1,0,0
treachery,NOUN,1,0,0
seal,VERB,1,0,0
inhalf,NOUN,1,0,0
thatvast,ADJ,1,0,0
tude,NOUN,1,0,0
score,NOUN,1,0,0
slay,VERB,1,0,0
attest,VERB,1,0,0
oforder,ADV,1,0,0
delay,VERB,1,0,0
pushtheirvictoryto,VERB,1,0,0
uttermost,NOUN,1,0,0
Menthey,PROPN,1,0,1
decimate,VERB,1,0,0
Militia,PROPN,1,0,1
Equilaterals,PROPN,1,0,1
Court,PROPN,1,0,1
Martial,PROPN,1,0,1
SocialBoard,PROPN,1,0,1
Artisanclasses,PROPN,1,0,1
inspect,VERB,1,0,0
visitation,NOUN,1,0,0
upwards,ADJ,1,0,0
ayear,NOUN,1,0,0
thatperiod,PROPN,1,0,1
everytown,PROPN,1,0,1
hamlet,PROPN,1,0,1
systematicallypurgedofthatexcess,ADJ,1,0,0
lowerorder,NOUN,1,0,0
paythe,DET,1,0,0
Tribute,PROPN,1,0,1
Criminals,PROPN,1,0,1
violation,NOUN,1,0,0
balance,NOUN,1,0,0
restore,VERB,1,0,0
needless,ADJ,1,0,0
saythathenceforththeuse,VERB,1,0,0
wasabolishe,VERB,1,0,0
anditspossessionprohibite,VERB,1,0,0
ofanyworddenotingcolor,NOUN,1,0,0
exceptby,NOUN,1,0,0
qualified,ADJ,1,0,0
aseverepenalty,NOUN,1,0,0
sityin,VERB,1,0,0
oftheveryhighest,ADJ,1,0,0
esoteric,ADJ,1,0,0
whichi,NUM,1,0,0
myselfhave,NOUN,1,0,0
neverbeen,PROPN,1,0,1
privilege,VERB,1,0,0
itisunderstoodthatthe,NOUN,1,0,0
Colorisstillsanctioned,PROPN,1,0,1
mathematic,NOUN,1,0,0
onlyspeak,NOUN,1,0,0
hearsay,NOUN,1,0,0
elsewhere,ADV,1,1,0
Coloris,PROPN,1,0,1
nownon,NOUN,1,0,0
existent,NOUN,1,0,0
ChiefCircleforthe,PROPN,1,0,1
timebeing,NOUN,1,0,0
andby,NOUN,1,0,0
bed,NOUN,1,0,0
Successor,PROPN,1,0,1
manufactory,NOUN,1,0,0
betray,VERB,1,0,0
annually,ADV,1,0,0
sogreatisthe,ADJ,1,0,0
terrorwithwhich,NOUN,1,0,0
distantday,VERB,1,0,0
oftheagitationfortheuniversal,ADJ,1,0,0
hightime,NOUN,1,0,0
thatishouldpassfromthese,DET,1,0,0
brief,NOUN,1,0,0
discursivenotesaboutthing,VERB,1,0,0
inFlatlandto,PROPN,1,0,1
central,ADJ,1,0,0
myinitiation,NOUN,1,0,0
mysubject,ADJ,1,0,0
hasgonebefore,NOUN,1,0,0
merelypreface,NOUN,1,0,0
whichthe,PROPN,1,0,1
explanationwouldnot,NOUN,1,0,0
Iflattermyself,PROPN,1,0,1
ofpropelling,NOUN,1,0,0
stop,VERB,1,0,0
destitute,NOUN,1,0,0
themean,NOUN,1,0,0
bywhichwe,PROPN,1,0,1
fixity,NOUN,1,0,0
wood,NOUN,1,0,0
stone,NOUN,1,0,0
brick,NOUN,1,0,0
canwe,NOUN,1,0,0
layfoundation,NOUN,1,0,0
avail,VERB,1,0,0
pressure,NOUN,1,0,0
originate,VERB,1,0,0
variouszone,NOUN,1,0,0
sothat,ADP,1,0,0
notinterceptthe,DET,1,0,0
ern,NOUN,1,0,0
tree,NOUN,1,0,0
vegetable,NOUN,1,0,0
harvest,NOUN,1,0,0
writing,NOUN,1,0,0
adapt,VERB,1,0,0
linear,NOUN,1,0,0
hundredother,NOUN,1,0,0
ofourphysicalexistence,PROPN,1,0,1
Imustpassover,PROPN,1,0,1
nordo,NOUN,1,0,0
mentionthemnowexceptto,NOUN,1,0,0
tomyreader,NOUN,1,0,0
theiromissionproceed,VERB,1,0,0
forgetfulness,NOUN,1,0,0
partoftheauthor,NOUN,1,0,0
fromhisregard,NOUN,1,0,0
ofthereader,NOUN,1,0,0
mylegitimate,VERB,1,0,0
remarkswill,NOUN,1,0,0
nodoubt,NOUN,1,0,0
expect,VERB,1,0,0
bymyreader,NOUN,1,0,0
uponthosepillar,VERB,1,0,0
andmainstays,ADP,1,0,0
controller,NOUN,1,0,0
andshaper,NOUN,1,0,0
ourdestiny,PROPN,1,0,1
homageand,PROPN,1,0,1
almostofadoration,NOUN,1,0,0
saythat,NOUN,1,0,0
imeanourcirclesorpriest,VERB,1,0,0
icall,NOUN,1,0,0
thempriest,NOUN,1,0,0
menot,NOUN,1,0,0
asmeane,VERB,1,0,0
nomore,ADV,1,0,0
thanthe,NOUN,1,0,0
termdenote,NOUN,1,0,0
ourPriests,PROPN,1,0,1
administrator,NOUN,1,0,0
ofallbusiness,ADJ,1,0,0
andScience,PROPN,1,0,1
DirectorsofTrade,PROPN,1,0,1
Commerce,PROPN,1,0,1
Generalship,PROPN,1,0,1
Architecture,PROPN,1,0,1
Engineering,PROPN,1,0,1
Statesmanship,PROPN,1,0,1
Morality,PROPN,1,0,1
theology,NOUN,1,0,0
doneby,ADP,1,0,0
popularlyevery,NOUN,1,0,0
deem,VERB,1,0,0
Classesitis,PROPN,1,0,1
knownthat,ADP,1,0,0
Circleis,PROPN,1,0,1
onlyapolygonwith,ADP,1,0,0
averylarge,ADJ,1,0,0
ofvery,NOUN,1,0,0
themostdelicatetouchtofeelanypolygonal,ADJ,1,0,0
sayrather,ADV,1,0,0
shownabove,NOUN,1,0,0
byfeele,VERB,1,0,0
amongthehighestsociety,NOUN,1,0,0
tofeela,PROPN,1,0,1
insult,NOUN,1,0,0
abstention,NOUN,1,0,0
fromfeele,VERB,1,0,0
moreeasilyto,NOUN,1,0,0
sustain,NOUN,1,0,0
veilofmysteryinwhich,NOUN,1,0,0
fromhis,DET,1,0,0
earliestyear,NOUN,1,0,0
iswontto,VERB,1,0,0
enwrap,VERB,1,0,0
exactnature,NOUN,1,0,0
meterorcircumference,NOUN,1,0,0
threefeetbee,VERB,1,0,0
eachsidewill,NOUN,1,0,0
thetenth,ADJ,1,0,0
aninch,PROPN,1,0,1
pin,NOUN,1,0,0
timebeinghastenthousandside,NOUN,1,0,0
ascentof,NOUN,1,0,0
theposterityofthe,DET,1,0,0
restrict,VERB,1,0,0
lowerregular,ADJ,1,0,0
Naturewhich,PROPN,1,0,1
sidesto,PROPN,1,0,1
ineach,ADJ,1,0,0
Ifitwereso,PROPN,1,0,1
numberofside,NOUN,1,0,0
metic,NOUN,1,0,0
ninety,NUM,1,0,0
anEquilateralTrianglewould,PROPN,1,0,1
sarily,ADV,1,0,0
Polygonwith,PROPN,1,0,1
prescribe,VERB,1,0,0
antagonisticdecree,NOUN,1,0,0
affectingcircularpropagation,NOUN,1,0,0
raceclimbs,ADJ,1,0,0
higherin,NOUN,1,0,0
thescale,NOUN,1,0,0
acceleratedpace,NOUN,1,0,0
thatinthe,DET,1,0,0
fertile,ADJ,1,0,0
quentlyin,VERB,1,0,0
sidesit,NOUN,1,0,0
israre,NOUN,1,0,0
ason,NOUN,1,0,0
isnever,ADV,1,0,0
otherhandthe,PROPN,1,0,1
sonof,PROPN,1,0,1
evensixhundre,VERB,1,0,0
alsostepsintohelp,VERB,1,0,0
processofthe,ADV,1,0,0
physician,NOUN,1,0,0
andtender,NOUN,1,0,0
aninfantPolygon,PROPN,1,0,1
fracture,VERB,1,0,0
reset,NOUN,1,0,0
exactness,NOUN,1,0,0
threehundred,ADJ,1,0,0
risk,NOUN,1,0,0
overleap,VERB,1,0,0
double,NOUN,1,0,0
stroke,NOUN,1,0,0
progenitor,NOUN,1,0,0
apromise,VERB,1,0,0
issacrificed,ADJ,1,0,0
inthisway,NOUN,1,0,0
Scarcely,PROPN,1,0,1
survive,NOUN,1,0,0
fringe,NOUN,1,0,0
Nobleman,PROPN,1,0,1
Therapeutic,PROPN,1,0,1
Gymnasium,PROPN,1,0,1
probability,NOUN,1,0,0
tombstone,NOUN,1,0,0
therapeutic,ADJ,1,0,0
Cemetery,PROPN,1,0,1
onrareoccasion,NOUN,1,0,0
procession,NOUN,1,0,0
exultant,ADJ,1,0,0
sacrifice,NOUN,1,0,0
dissimilar,ADJ,1,0,0
issue,NOUN,1,0,0
briefly,ADV,1,0,0
upin,ADJ,1,0,0
whetherpolitical,ADJ,1,0,0
ecclesiastical,ADJ,1,0,0
teaching,NOUN,1,0,0
provementofindividualandcollectiveconfiguration,NOUN,1,0,0
specialreference,NOUN,1,0,0
subordinate,VERB,1,0,0
merit,NOUN,1,0,0
effectually,ADV,1,0,0
suppressedthose,VERB,1,0,0
heresy,NOUN,1,0,0
mentowaste,NOUN,1,0,0
sympathyinthe,NOUN,1,0,0
beliefthat,NOUN,1,0,0
conductdepend,VERB,1,0,0
uponwill,ADJ,1,0,0
encouragement,NOUN,1,0,0
pantocyclus,ADJ,1,0,0
theillustrious,ADJ,1,0,0
queller,NOUN,1,0,0
mankind,NOUN,1,0,0
uration,NOUN,1,0,0
uneven,ADJ,1,0,0
assuredlygo,ADJ,1,0,0
wrongunlessyouhave,VERB,1,0,0
purposeyoumust,ADV,1,0,0
Hospital,PROPN,1,0,1
similarly,ADV,1,0,0
bornwith,PROPN,1,0,1
pital,NOUN,1,0,0
Prison,PROPN,1,0,1
Executioner,PROPN,1,0,1
allfault,NOUN,1,0,0
ordefect,NOUN,1,0,0
fromtheslight,ADJ,1,0,0
misconduct,NOUN,1,0,0
flagitious,ADJ,1,0,0
crime,NOUN,1,0,0
Pantocyclus,PROPN,1,0,1
attribute,VERB,1,0,0
bodily,ADJ,1,0,0
causedperhap,NOUN,1,0,0
collisioninacrowd,NOUN,1,0,0
byneglectto,NOUN,1,0,0
cise,NOUN,1,0,0
orby,ADP,1,0,0
orevenbya,PROPN,1,0,1
denchange,NOUN,1,0,0
oftemperature,NOUN,1,0,0
ashrinkage,NOUN,1,0,0
expansion,NOUN,1,0,0
susceptible,ADJ,1,0,0
losopher,NOUN,1,0,0
sober,ADJ,1,0,0
estimation,NOUN,1,0,0
either,DET,1,1,0
praise,VERB,1,0,0
integrity,NOUN,1,0,0
Squarewho,PROPN,1,0,1
fend,VERB,1,0,0
precision,NOUN,1,0,0
rectangle,NOUN,1,0,0
whyblame,NOUN,1,0,0
alying,NOUN,1,0,0
thievish,PROPN,1,0,1
incurable,ADJ,1,0,0
inequality,NOUN,1,0,0
theoretically,ADV,1,0,0
unquestionable,ADJ,1,0,0
drawback,NOUN,1,0,0
deal,VERB,1,0,0
arascal,ADJ,1,0,0
cannothelp,VERB,1,0,0
steal,VERB,1,0,0
ofhis,DET,1,0,0
unevenness,NOUN,1,0,0
veryreason,NOUN,1,0,0
nuisance,NOUN,1,0,0
Magistrate,PROPN,1,0,1
sentence,VERB,1,0,0
himtobe,PROPN,1,0,1
endofthe,NOUN,1,0,0
Butinlittle,PROPN,1,0,1
dom,ADJ,1,0,0
estic,ADJ,1,0,0
consumption,NOUN,1,0,0
outofthe,DET,1,0,0
ration,NOUN,1,0,0
sometimescome,NOUN,1,0,0
awkwardly,ADV,1,0,0
confess,NOUN,1,0,0
thatoccasionallywhen,ADV,1,0,0
ofmyown,ADJ,1,0,0
agonal,ADJ,1,0,0
anexcuse,NOUN,1,0,0
asudden,PROPN,1,0,1
temperature,NOUN,1,0,0
tolaythe,PROPN,1,0,1
blamenot,PROPN,1,0,1
onhimbutonhis,ADJ,1,0,0
whichcanonlybe,ADV,1,0,0
strengthenedby,ADJ,1,0,0
dance,NOUN,1,0,0
choicest,NOUN,1,0,0
sweetmeat,NOUN,1,0,0
Ineither,PROPN,1,0,1
waylogically,ADV,1,0,0
norpracticallyto,NOUN,1,0,0
Formyownpart,PROPN,1,0,1
findit,VERB,1,0,0
bestto,NOUN,1,0,0
assumethat,ADP,1,0,0
goodsoundscoldingor,NOUN,1,0,0
castigationha,VERB,1,0,0
latent,NOUN,1,0,0
own,VERB,1,1,0
ofextricate,VERB,1,0,0
dilemma,NOUN,1,0,0
manyof,NOUN,1,0,0
highestcircle,NOUN,1,0,0
Judges,PROPN,1,0,1
court,NOUN,1,0,0
byexperiencethat,ADP,1,0,0
andpassionately,ADV,1,0,0
asif,NOUN,1,0,0
ahuman,NOUN,1,0,0
isreallycapable,NOUN,1,0,0
consistently,ADV,1,0,0
policyofmaking,NOUN,1,0,0
reverse,VERB,1,0,0
Commandment,PROPN,1,0,1
whichinspaceland,ADP,1,0,0
regulatesthe,NOUN,1,0,0
honor,VERB,1,0,0
chief,ADJ,1,0,0
homage,NOUN,1,0,0
taughtto,ADJ,1,0,0
hisgrandson,NOUN,1,0,0
reverent,ADJ,1,0,0
teachthat,ADP,1,0,0
dutyoffathersisto,ADJ,1,0,0
ordinate,VERB,1,0,0
advancingthe,DET,1,0,0
welfare,NOUN,1,0,0
oftheirown,VERB,1,0,0
weakpoint,NOUN,1,0,0
ahumble,ADJ,1,0,0
mayventure,NOUN,1,0,0
speakof,VERB,1,0,0
anyelement,NOUN,1,0,0
isoftheutmost,VERB,1,0,0
importance,NOUN,1,0,0
Societythat,PROPN,1,0,1
ancestryisafitpartnerforonewho,NOUN,1,0,0
desiresthathis,VERB,1,0,0
posterityshouldrise,PROPN,1,0,1
byregulardegreesinthe,ADJ,1,0,0
allwomen,NOUN,1,0,0
visibly,ADV,1,0,0
meansofascertainingwhat,ADP,1,0,0
potential,ADJ,1,0,0
effect,VERB,1,0,0
carefullykept,ADJ,1,0,0
supervise,VERB,1,0,0
certify,VERB,1,0,0
ancestry,NOUN,1,0,0
regardful,ADJ,1,0,0
posteritywhich,NOUN,1,0,0
possiblyissue,VERB,1,0,0
hereafter,ADV,1,1,0
blot,NOUN,1,0,0
escutcheon,NOUN,1,0,0
aRegular,PROPN,1,0,1
appearsto,NOUN,1,0,0
diminish,NOUN,1,0,0
awife,NOUN,1,0,0
reckon,VERB,1,0,0
Irregularityamong,PROPN,1,0,1
Ancestors,PROPN,1,0,1
hedroni,NOUN,1,0,0
evenmorecareless,ADJ,1,0,0
ofthewife,NOUN,1,0,0
hasbeen,NOUN,1,0,0
deliberately,ADV,1,0,0
slightsuperiorityof,ADJ,1,0,0
excellentthe,VERB,1,0,0
judge,VERB,1,0,0
pected,ADJ,1,0,0
barren,ADJ,1,0,0
positive,ADJ,1,0,0
butnone,NOUN,1,0,0
hitherto,NOUN,1,0,0
rent,NOUN,1,0,0
Theloss,PROPN,1,0,1
ofafewsidesinahighlydevelope,VERB,1,0,0
notice,VERB,1,0,0
compensatedby,ADJ,1,0,0
successful,ADJ,1,0,0
operationinthe,DET,1,0,0
TherapeuticGymnasium,PROPN,1,0,1
asihavedescribedabove,ADV,1,0,0
aretoomuchdisposedto,ADJ,1,0,0
acquiesce,NOUN,1,0,0
infecundity,NOUN,1,0,0
superior,ADJ,1,0,0
ifthisevilbe,NOUN,1,0,0
thegradual,ADJ,1,0,0
maysoon,NOUN,1,0,0
rapid,ADJ,1,0,0
oneotherwordofwarningsuggest,NOUN,1,0,0
easilymention,VERB,1,0,0
remedy,NOUN,1,0,0
refersto,VERB,1,0,0
ourrelationswithwoman,NOUN,1,0,0
deficient,ADJ,1,0,0
Reason,PROPN,1,0,1
abundant,ADJ,1,0,0
Emotion,PROPN,1,0,1
rational,ADJ,1,0,0
consequencewas,NOUN,1,0,0
thatthey,PRON,1,0,0
longertaughtto,ADJ,1,0,0
read,NOUN,1,0,0
master,VERB,1,0,0
sensibly,ADV,1,0,0
decline,VERB,1,0,0
intellectualpower,NOUN,1,0,0
orquietism,NOUN,1,0,0
stillprevail,VERB,1,0,0
intention,NOUN,1,0,0
policyha,NOUN,1,0,0
carriedso,VERB,1,0,0
farastoreactinjuriously,ADV,1,0,0
noware,VERB,1,0,0
tolead,VERB,1,0,0
ofbi,ADJ,1,0,0
lingual,ADJ,1,0,0
bi,ADJ,1,0,0
right,INTJ,1,0,0
pity,NOUN,1,0,0
otherirrationaland,NOUN,1,0,0
emotional,ADJ,1,0,0
fiction,NOUN,1,0,0
controlfeminineexuberance,NOUN,1,0,0
butamongourselve,NOUN,1,0,0
vocabularyand,PROPN,1,0,1
Imayalmost,PROPN,1,0,1
otherwordsarecorrespondinglytransmute,VERB,1,0,0
weuse,VERB,1,0,0
utmost,ADJ,1,0,0
fully,ADV,1,0,0
devoutly,ADV,1,0,0
adore,VERB,1,0,0
theyare,VERB,1,0,0
mindless,ADJ,1,0,0
OurTheologyalso,PROPN,1,0,1
ourTheologyelsewhere,PROPN,1,0,1
myhumble,ADJ,1,0,0
isthatthis,ADJ,1,0,0
doubletraining,NOUN,1,0,0
impose,VERB,1,0,0
whattoo,PROPN,1,0,1
heavyaburdenupontheyoung,NOUN,1,0,0
maternal,ADJ,1,0,0
andtaught,NOUN,1,0,0
unlearn,VERB,1,0,0
exceptforthe,NOUN,1,0,0
purposeofrepeating,NOUN,1,0,0
presence,NOUN,1,0,0
Mothers,PROPN,1,0,1
Nurses,PROPN,1,0,1
thevocabularyand,NOUN,1,0,0
scienc,PROPN,1,0,1
methinksidiscern,ADJ,1,0,0
aweakness,NOUN,1,0,0
grasp,NOUN,1,0,0
presenttime,NOUN,1,0,0
paredwiththe,NOUN,1,0,0
torsthree,NOUN,1,0,0
hundredyear,VERB,1,0,0
isaynothingofthe,DET,1,0,0
titiously,ADV,1,0,0
convey,VERB,1,0,0
perusal,NOUN,1,0,0
popular,ADJ,1,0,0
volume,NOUN,1,0,0
possibilitythat,ADP,1,0,0
Motherthe,PROPN,1,0,1
dialect,NOUN,1,0,0
enfeebling,NOUN,1,0,0
lect,NOUN,1,0,0
thoritie,NOUN,1,0,0
reconsider,VERB,1,0,0
brave,ADJ,1,0,0
oflineland,NOUN,1,0,0
daybut,NOUN,1,0,0
ofour,ADJ,1,0,0
dayofthe,PROPN,1,0,1
LongVacation,PROPN,1,0,1
amuse,VERB,1,0,0
late,ADJ,1,0,0
favorite,ADJ,1,0,0
recreation,NOUN,1,0,0
anunsolvedprobleminmymind,NOUN,1,0,0
night,NOUN,1,0,0
avast,NOUN,1,0,0
ofsmallstraight,VERB,1,0,0
beWomen,PROPN,1,0,1
intersperse,VERB,1,0,0
otherbeing,NOUN,1,0,0
fro,NOUN,1,0,0
Icouldjudge,PROPN,1,0,1
withthesamevelocity,NOUN,1,0,0
twittering,NOUN,1,0,0
theycease,VERB,1,0,0
dnaltalF,PROPN,1,0,1
Sg,PROPN,1,0,1
u,PRON,1,0,0
pa,PROPN,1,0,1
J,PROPN,1,0,1
H,PROPN,1,0,1
ew,PROPN,1,0,1
e,X,1,0,0
nG,PROPN,1,0,1
en,VERB,1,0,0
Lf,PROPN,1,0,1
vm,NOUN,1,0,0
G,PROPN,1,0,1
eI,PROPN,1,0,1
yl,NOUN,1,0,0
Ms,PROPN,1,0,1
ey,NOUN,1,0,0
nn,PROPN,1,0,1
ee,PROPN,1,0,1
MM,PROPN,1,0,1
largestofwhat,DET,1,0,0
Ithought,PROPN,1,0,1
Iaccosted,PROPN,1,0,1
swer,NOUN,1,0,0
Asecond,PROPN,1,0,1
andthirdappeal,VERB,1,0,0
mypartwere,ADJ,1,0,0
ineffectual,ADJ,1,0,0
peare,VERB,1,0,0
rudeness,NOUN,1,0,0
apositionfullinfront,NOUN,1,0,0
intercepthermotion,ADJ,1,0,0
loudlyrepeate,VERB,1,0,0
signify,VERB,1,0,0
motionto,PROPN,1,0,1
andfro,NOUN,1,0,0
inone,PROPN,1,0,1
andthesame,PROPN,1,0,1
intrud,ADJ,1,0,0
myrealm,PROPN,1,0,1
ceivingthis,ADJ,1,0,0
abruptreply,NOUN,1,0,0
beggedpardon,VERB,1,0,0
inanywaystartledor,NOUN,1,0,0
molest,VERB,1,0,0
besought,VERB,1,0,0
ofhis,NOUN,1,0,0
hadthe,VERB,1,0,0
difficultyin,NOUN,1,0,0
informationon,NOUN,1,0,0
interested,ADJ,1,0,0
stantly,ADV,1,0,0
whateverwa,VERB,1,0,0
familiar,ADJ,1,0,0
beknown,VERB,1,0,0
andthatiwassimulate,VERB,1,0,0
jest,PROPN,1,0,1
bypersevere,VERB,1,0,0
tionsielicitedthe,NOUN,1,0,0
itseemed,ADJ,1,0,0
thatthispoor,ADJ,1,0,0
persuadedthatthe,ADJ,1,0,0
Str,PROPN,1,0,1
ai,NOUN,1,0,0
ght,NOUN,1,0,0
Kingdom,PROPN,1,0,1
passedhisexistence,VERB,1,0,0
constitutedthewholeofthe,DET,1,0,0
indeedthe,DET,1,0,0
ofspace,NOUN,1,0,0
notbeing,ADJ,1,0,0
moveor,NOUN,1,0,0
contraryto,VERB,1,0,0
itwere,NOUN,1,0,0
untilthe,NOUN,1,0,0
momentwhen,NOUN,1,0,0
hisWorld,PROPN,1,0,1
beat,VERB,1,0,0
fromwhich,VERB,1,0,0
blank,NOUN,1,0,0
nay,INTJ,1,0,0
evenablank,NOUN,1,0,0
blank,ADJ,1,0,0
implie,NOUN,1,0,0
allwas,PROPN,1,0,1
PointsWomen,PROPN,1,0,1
alike,ADJ,1,0,0
fin,VERB,1,0,0
motionand,PROPN,1,0,1
eyesighttothat,DET,1,0,0
theirworld,NOUN,1,0,0
scarcelybe,ADV,1,0,0
addedthat,ADP,1,0,0
horizonwas,ADJ,1,0,0
limited,ADJ,1,0,0
anyone,PRON,1,1,0
eachwa,VERB,1,0,0
Onlyby,PROPN,1,0,1
soundofthevoicecouldsexoragebedistinguishe,VERB,1,0,0
eachindividualoccupiedthe,DET,1,0,0
narrowpath,NOUN,1,0,0
constitute,VERB,1,0,0
leftto,NOUN,1,0,0
wayforpassersby,ADJ,1,0,0
bor,NOUN,1,0,0
neighborhood,NOUN,1,0,0
tilldeathdidthem,VERB,1,0,0
allvisionlimitedto,PROPN,1,0,1
motionto,VERB,1,0,0
pressiblydreary,NOUN,1,0,0
vivacityand,NOUN,1,0,0
cheerfulnessofthe,NOUN,1,0,0
whetheritwa,VERB,1,0,0
enjoythe,DET,1,0,0
ofconjugal,PROPN,1,0,1
union,PROPN,1,0,1
Ihesitatedforsome,PROPN,1,0,1
delicate,ADJ,1,0,0
ject,NOUN,1,0,0
plunge,VERB,1,0,0
abruptly,ADV,1,0,0
stagger,VERB,1,0,0
proximityof,NOUN,1,0,0
cannotimaginehowyourroyal,ADJ,1,0,0
Majesties,PROPN,1,0,1
whenthere,NOUN,1,0,0
atleasthalfa,NOUN,1,0,0
dozen,NOUN,1,0,0
intervene,VERB,1,0,0
vidual,NOUN,1,0,0
whomyou,PRON,1,0,0
canneithersee,VERB,1,0,0
through,ADV,1,1,0
ofchildren,NOUN,1,0,0
Howcan,PROPN,1,0,1
absurd,ADJ,1,0,0
ply,VERB,1,0,0
Universewould,PROPN,1,0,1
depopulate,VERB,1,0,0
neighborhoodisneedless,NOUN,1,0,0
andthebirthofchildrenistoo,ADV,1,0,0
important,ADJ,1,0,0
matterto,NOUN,1,0,0
havebeenallowe,VERB,1,0,0
accident,NOUN,1,0,0
asproximity,NOUN,1,0,0
youcannotbe,ADJ,1,0,0
yetsince,NOUN,1,0,0
affect,VERB,1,0,0
rance,NOUN,1,0,0
willinstruct,VERB,1,0,0
ifyou,NOUN,1,0,0
veri,ADJ,1,0,0
babyin,PROPN,1,0,1
Know,PROPN,1,0,1
consummatedbymean,NOUN,1,0,0
facultyofsound,NOUN,1,0,0
bass,NOUN,1,0,0
te,NOUN,1,0,0
beenunable,ADJ,1,0,0
tenor,NOUN,1,0,0
ofourconversation,NOUN,1,0,0
ireplie,VERB,1,0,0
onevoice,VERB,1,0,0
andthat,ADP,1,0,0
hadtwo,VERB,1,0,0
afeminine,ADJ,1,0,0
Monstrositywith,PROPN,1,0,1
bassvoice,NOUN,1,0,0
anutterly,ADV,1,0,0
uneducated,ADJ,1,0,0
ear,NOUN,1,0,0
Butto,PROPN,1,0,1
herselfhaving,NOUN,1,0,0
d,ADJ,1,0,0
Whytwo,PROPN,1,0,1
affec,NOUN,1,0,0
ted,ADJ,1,0,0
howcanthere,ADJ,1,0,0
beacompletelyharmonious,ADJ,1,0,0
Fourin,PROPN,1,0,1
viz,PROPN,1,0,1
thebass,ADV,1,0,0
Tenor,PROPN,1,0,1
prano,NOUN,1,0,0
supposing,NOUN,1,0,0
orthree,NOUN,1,0,0
asthattwo,NOUN,1,0,0
oneshould,AUX,1,0,0
wouldhaveinterruptedhim,ADV,1,0,0
ceede,VERB,1,0,0
asfollow,NOUN,1,0,0
iddle,NOUN,1,0,0
fro,VERB,1,0,0
rhythmic,ADJ,1,0,0
violence,NOUN,1,0,0
choraldance,NOUN,1,0,0
pulsation,NOUN,1,0,0
pausein,PROPN,1,0,1
fullest,ADJ,1,0,0
sweetest,NOUN,1,0,0
decisive,ADJ,1,0,0
exquisite,NOUN,1,0,0
adaptation,NOUN,1,0,0
ofbass,NUM,1,0,0
totreble,NOUN,1,0,0
ofTenorto,PROPN,1,0,1
Loved,PROPN,1,0,1
Ones,PROPN,1,0,1
league,NOUN,1,0,0
away,ADP,1,0,0
oncetheresponsive,ADJ,1,0,0
note,NOUN,1,0,0
oftheirdestine,VERB,1,0,0
Lover,PROPN,1,0,1
obstacle,NOUN,1,0,0
Love,PROPN,1,0,1
unite,VERB,1,0,0
instant,ADJ,1,0,0
itsplace,NOUN,1,0,0
thenalway,VERB,1,0,0
twin,NOUN,1,0,0
Bass,PROPN,1,0,1
couldthebalance,NOUN,1,0,0
ofthesexesbe,ADP,1,0,0
taine,VERB,1,0,0
girl,NOUN,1,0,0
everyboy,NOUN,1,0,0
ignore,VERB,1,0,0
veryalphabet,NOUN,1,0,0
speechless,ADJ,1,0,0
elapse,VERB,1,0,0
resume,VERB,1,0,0
bachelor,NOUN,1,0,0
amongusfindshismate,NOUN,1,0,0
Chorus,PROPN,1,0,1
bymost,NOUN,1,0,0
ofus,NOUN,1,0,0
repeat,VERB,1,0,0
theheartswhosehappylotitis,NOUN,1,0,0
ner,NOUN,1,0,0
intoareciprocalandperfectlyharmonious,ADJ,1,0,0
Withmostofus,PROPN,1,0,1
courtship,NOUN,1,0,0
oflongduration,ADJ,1,0,0
Wooer,PROPN,1,0,1
future,ADJ,1,0,0
orthe,DET,1,0,0
Soprano,PROPN,1,0,1
andContralto,PROPN,1,0,1
quiteharmonize,VERB,1,0,0
InsuchcasesNature,PROPN,1,0,1
videdthateveryweeklychoru,NOUN,1,0,0
shallbre,VERB,1,0,0
trial,NOUN,1,0,0
discoveryof,NOUN,1,0,0
modify,VERB,1,0,0
vocal,ADJ,1,0,0
manytrial,NOUN,1,0,0
approxi,NOUN,1,0,0
atlastachieve,VERB,1,0,0
wonte,VERB,1,0,0
Marriage,PROPN,1,0,1
Chorusgoes,PROPN,1,0,1
forthfromuniversallineland,NOUN,1,0,0
wed,VERB,1,0,0
Triplet,PROPN,1,0,1
rapt,VERB,1,0,0
vocally,ADV,1,0,0
duplicate,ADJ,1,0,0
Ivainly,PROPN,1,0,1
rapture,NOUN,1,0,0
ofcommon,NOUN,1,0,0
noticedbythesense,NOUN,1,0,0
yourkingdom,NOUN,1,0,0
someofyourpeople,NOUN,1,0,0
animpossibility,NOUN,1,0,0
rupted,NOUN,1,0,0
Youmusthaveseenavision,PROPN,1,0,1
detectthe,DET,1,0,0
difference,NOUN,1,0,0
sightis,NOUN,1,0,0
butitcanbe,NOUN,1,0,0
detect,VERB,1,0,0
senseofhearing,NOUN,1,0,0
andby,VERB,1,0,0
samemeans,PROPN,1,0,1
Iventuredto,PROPN,1,0,1
iapologize,VERB,1,0,0
imperviousto,ADJ,1,0,0
shallhear,VERB,1,0,0
yourear,NOUN,1,0,0
howbymeansofmytwo,NOUN,1,0,0
milesseventyyard,NOUN,1,0,0
feeteight,NOUN,1,0,0
oneto,NOUN,1,0,0
otherto,NOUN,1,0,0
tothem,NOUN,1,0,0
chirrup,VERB,1,0,0
andthencomplacentlycontinue,VERB,1,0,0
ofmyvoice,NOUN,1,0,0
closelyfollowedbythe,NOUN,1,0,0
thelatter,NOUN,1,0,0
reachesthem,NOUN,1,0,0
terval,NOUN,1,0,0
traverse,VERB,1,0,0
inferthat,ADP,1,0,0
ofmymouth,NOUN,1,0,0
fromthem,NOUN,1,0,0
andaccordinglyknowmy,X,1,0,0
ofcourse,VERB,1,0,0
thatmywive,NOUN,1,0,0
donot,INTJ,1,0,0
makethis,DET,1,0,0
lation,NOUN,1,0,0
everytime,NOUN,1,0,0
mytwo,NUM,1,0,0
anytime,ADV,1,0,0
oneofhistwovoice,NOUN,1,0,0
orso,PROPN,1,0,1
disguiseshis,PROPN,1,0,1
Southernvoice,PROPN,1,0,1
thatit,NOUN,1,0,0
cannotbe,NOUN,1,0,0
recognizeda,VERB,1,0,0
echo,NOUN,1,0,0
Northern,PROPN,1,0,1
maynot,INTJ,1,0,0
causegreatinconvenience,NOUN,1,0,0
andhaveyounomean,NOUN,1,0,0
ofchecking,NOUN,1,0,0
fraudsofthiskindbycommande,VERB,1,0,0
neighboring,NOUN,1,0,0
subjectsto,NOUN,1,0,0
feeloneanother,NOUN,1,0,0
Thisof,PROPN,1,0,1
averystupidquestion,NOUN,1,0,0
ofirritate,VERB,1,0,0
themonarch,NOUN,1,0,0
isucceede,VERB,1,0,0
contact,NOUN,1,0,0
meanbyfeeling,NOUN,1,0,0
approachingsocloseastoleaveno,NOUN,1,0,0
spacebetween,ADJ,1,0,0
punishable,ADJ,1,0,0
liableto,VERB,1,0,0
beshatteredbysuch,NOUN,1,0,0
universallythat,NOUN,1,0,0
closelyas,NOUN,1,0,0
destroythe,DET,1,0,0
proximator,NOUN,1,0,0
illegal,ADJ,1,0,0
unnatural,ADJ,1,0,0
excess,NOUN,1,0,0
proximation,NOUN,1,0,0
endsof,VERB,1,0,0
sobrutalandcoarsea,ADJ,1,0,0
atoncemore,NOUN,1,0,0
easilyandmore,NOUN,1,0,0
exactlybythe,ADJ,1,0,0
ofhearing,NOUN,1,0,0
essence,NOUN,1,0,0
cannot,NOUN,1,1,0
hadthe,NOUN,1,0,0
solidthing,NOUN,1,0,0
trate,VERB,1,0,0
billion,NUM,1,0,0
verifying,NOUN,1,0,0
thesize,NOUN,1,0,0
ofeachbythe,DET,1,0,0
howmuch,ADJ,1,0,0
timeand,NOUN,1,0,0
clumsy,ADJ,1,0,0
curate,NOUN,1,0,0
audition,NOUN,1,0,0
itwerethe,DET,1,0,0
census,NOUN,1,0,0
andstatistic,NOUN,1,0,0
local,ADJ,1,0,0
spiritual,ADJ,1,0,0
ofevery,ADJ,1,0,0
living,NOUN,1,0,0
Hark,PROPN,1,0,1
hark,NOUN,1,0,0
pause,VERB,1,0,0
stasy,NOUN,1,0,0
soundwhich,NOUN,1,0,0
atinychirpe,VERB,1,0,0
aninnumerable,ADJ,1,0,0
ofliliputian,ADJ,1,0,0
grasshopper,NOUN,1,0,0
truly,ADV,1,0,0
yoursense,ADJ,1,0,0
fillsup,PROPN,1,0,1
manyofyour,PROPN,1,0,1
ciencie,NOUN,1,0,0
butpermitmeto,NOUN,1,0,0
pointoutthatyourlife,NOUN,1,0,0
deplorablydull,ADJ,1,0,0
ingbut,NOUN,1,0,0
noteven,NOUN,1,0,0
plate,NOUN,1,0,0
notevento,PROPN,1,0,1
tobecutofffrom,VERB,1,0,0
arevouchsafe,VERB,1,0,0
tous,ADJ,1,0,0
sightatallthantoseesolittle,NOUN,1,0,0
igrantyouihave,VERB,1,0,0
discriminative,NOUN,1,0,0
concert,NOUN,1,0,0
ofalllinelandwhichgivesyousuchintense,NUM,1,0,0
twitter,VERB,1,0,0
orchirpe,VERB,1,0,0
leastI,PROPN,1,0,1
candiscern,PROPN,1,0,1
kingdom,NOUN,1,0,0
dancingfrom,VERB,1,0,0
lefttoright,NOUN,1,0,0
thenfrom,ADP,1,0,0
toleft,NOUN,1,0,0
inyour,VERB,1,0,0
mediate,NOUN,1,0,0
left,NOUN,1,0,0
twowomen,NOUN,1,0,0
onyourright,NOUN,1,0,0
isnotthiscorrect,NOUN,1,0,0
notwhat,INTJ,1,0,0
saythe,PROPN,1,0,1
heardthesething,NOUN,1,0,0
thendreamedthat,ADP,1,0,0
sawthem,VERB,1,0,0
bythose,VERB,1,0,0
isuppose,VERB,1,0,0
yourwayofsayingnorthward,NOUN,1,0,0
andSouthward,PROPN,1,0,1
callfromright,VERB,1,0,0
exhibit,NOUN,1,0,0
please,VERB,1,1,0
cannotdo,VERB,1,0,0
step,VERB,1,0,0
Well,PROPN,1,1,1
onlya,ADJ,1,0,0
rightbyyourselfmove,VERB,1,0,0
thenibegyou,NOUN,1,0,0
itto,NOUN,1,0,0
cannottellyourrightsidefrommyleft,VERB,1,0,0
Ifearthat,PROPN,1,0,1
noword,NOUN,1,0,0
ofminecan,VERB,1,0,0
cleartoyou,NOUN,1,0,0
Butsurelyyou,PROPN,1,0,1
cannotbe,VERB,1,0,0
adistinction,NOUN,1,0,0
notintheleastunderstandyou,NOUN,1,0,0
youmovestraight,NOUN,1,0,0
doesitnot,PROPN,1,0,1
toyouthatyoucouldmove,NOUN,1,0,0
insomeotherway,NOUN,1,0,0
round,NOUN,1,0,0
towardswhichyour,NOUN,1,0,0
sideisnowfronte,VERB,1,0,0
inother,ADV,1,0,0
movinginthe,ADJ,1,0,0
directionof,NOUN,1,0,0
oneofyour,ADJ,1,0,0
doyou,PRON,1,0,0
neverfeeladesireto,NOUN,1,0,0
ofyourside,VERB,1,0,0
howcan,VERB,1,0,0
amanmove,ADP,1,0,0
inthedirectionofhi,NOUN,1,0,0
wordscan,PROPN,1,0,1
idesire,VERB,1,0,0
mybody,NOUN,1,0,0
io,PROPN,1,0,1
ng,PROPN,1,0,1
v,NOUN,1,0,0
iytk,VERB,1,0,0
nhe,NOUN,1,0,0
gpe,PROPN,1,0,1
nb,PROPN,1,0,1
eod,PROPN,1,0,1
d,PUNCT,1,0,0
j,PROPN,1,0,1
x,PROPN,1,0,1
u,VERB,1,0,0
es,VERB,1,0,0
ft,X,1,0,0
ppeare,VERB,1,0,0
claiming,NOUN,1,0,0
ia,PROPN,1,0,1
nn,NOUN,1,0,0
myselfout,PROPN,1,0,1
ed,NOUN,1,0,0
shrill,ADJ,1,0,0
amsimplyoutoflineland,VERB,1,0,0
whichyoucallspace,NOUN,1,0,0
inthe,PROPN,1,0,1
theyare,NOUN,1,0,0
orside,NOUN,1,0,0
orinside,NOUN,1,0,0
pleasedto,PROPN,1,0,1
callit,ADJ,1,0,0
andican,ADP,1,0,0
andSouthofyou,PROPN,1,0,1
phantly,ADV,1,0,0
Doesthis,PROPN,1,0,1
vinceyou,NOUN,1,0,0
takingupthe,DET,1,0,0
sameposition,NOUN,1,0,0
asbefore,NOUN,1,0,0
doubtyou,NOUN,1,0,0
ifyou,PROPN,1,0,1
believethat,PROPN,1,0,1
besidesthatwhich,PROPN,1,0,1
mysense,NOUN,1,0,0
motionbeside,NOUN,1,0,0
amdaily,ADV,1,0,0
inreturn,NOUN,1,0,0
askyou,ADV,1,0,0
whichyouspeak,NOUN,1,0,0
magic,ADJ,1,0,0
returningtosight,NOUN,1,0,0
simply,ADV,1,0,0
size,VERB,1,0,0
ofsome,ADJ,1,0,0
fortyofmyretinue,NOUN,1,0,0
capital,NOUN,1,0,0
irrational,ADJ,1,0,0
acknowledge,NOUN,1,0,0
yourfolly,ADV,1,0,0
ordepartfrom,ADP,1,0,0
furious,ADJ,1,0,0
perversity,NOUN,1,0,0
andespeciallyindignant,NOUN,1,0,0
mySex,PROPN,1,0,1
torte,VERB,1,0,0
measured,ADJ,1,0,0
besotte,VERB,1,0,0
thinkyourselfthe,DET,1,0,0
perfectionofexistence,NOUN,1,0,0
realitythe,DET,1,0,0
imperfect,ADJ,1,0,0
imbecile,NOUN,1,0,0
profess,ADJ,1,0,0
seeStraight,PROPN,1,0,1
ofangle,NOUN,1,0,0
completion,NOUN,1,0,0
incomplete,ADJ,1,0,0
inmy,PROPN,1,0,1
andeveni,NOUN,1,0,0
infinitelysuperiorthough,NOUN,1,0,0
oflittle,ADJ,1,0,0
NoblesofFlatland,PROPN,1,0,1
whenceihavecometovisityou,NOUN,1,0,0
hope,PROPN,1,0,1
ofenlighteningyourignorance,PROPN,1,0,1
advancedtoward,VERB,1,0,0
menacing,ADJ,1,0,0
pierce,VERB,1,0,0
andinthatsamemomentthere,ADV,1,0,0
invehemence,NOUN,1,0,0
atlast,ADJ,1,0,0
itrivalle,VERB,1,0,0
theroarofanarmyofahundredthousand,NOUN,1,0,0
artilleryofathousand,NOUN,1,0,0
Spell,PROPN,1,0,1
bind,VERB,1,0,0
normove,NOUN,1,0,0
impending,ADJ,1,0,0
louder,ADV,1,0,0
breakfast,NOUN,1,0,0
bell,NOUN,1,0,0
iproceed,VERB,1,0,0
Itwasthelastdayof,PROPN,1,0,1
pattering,ADJ,1,0,0
nightfall,NOUN,1,0,0
companyofmy,ADJ,1,0,0
attitude,NOUN,1,0,0
muse,VERB,1,0,0
foursons,PRON,1,0,0
orphangrandchildrenhad,VERB,1,0,0
outand,NOUN,1,0,0
rapt,ADJ,1,0,0
ponder,VERB,1,0,0
somewords,X,1,0,0
thathadcasuallyissuedfromthemouth,PROPN,1,0,1
ofmyyoungestGrandson,PROPN,1,0,1
mostpromising,NOUN,1,0,0
ofunusual,ADJ,1,0,0
brilliancy,NOUN,1,0,0
uncle,NOUN,1,0,0
uponour,PROPN,1,0,1
himastoourposition,NOUN,1,0,0
satisfactorythatihadbeen,NOUN,1,0,0
rewardhimbygive,VERB,1,0,0
hint,NOUN,1,0,0
appliedtogeometry,NOUN,1,0,0
sideofthree,NOUN,1,0,0
havenofeet,VERB,1,0,0
wecannomore,VERB,1,0,0
weperfectly,ADV,1,0,0
recognizethedifferent,VERB,1,0,0
ofvolition,NOUN,1,0,0
areto,VERB,1,0,0
indicatedto,PROPN,1,0,1
abeholderbya,PROPN,1,0,1
creaseoflustrecorrespondingtotheincreaseofvolition,NOUN,1,0,0
Butonthis,PROPN,1,0,1
andathousandother,NOUN,1,0,0
kindredsubject,NOUN,1,0,0
timeforbid,NOUN,1,0,0
metodwell,PROPN,1,0,1
mylittle,VERB,1,0,0
usto,ADJ,1,0,0
seetheinside,NOUN,1,0,0
yetwe,NOUN,1,0,0
mightascertainthe,PROPN,1,0,1
numberof,PROPN,1,0,1
bysimplysquaringthe,NOUN,1,0,0
numberofinche,NOUN,1,0,0
numberofsquare,NOUN,1,0,0
sideis,NOUN,1,0,0
hexagonmeditated,ADJ,1,0,0
Andthen,PROPN,1,0,1
toshowtheboy,NOUN,1,0,0
bymove,VERB,1,0,0
parallel,NOUN,1,0,0
itselfthrough,VERB,1,0,0
representedby,VERB,1,0,0
mygrandson,NOUN,1,0,0
suggestion,NOUN,1,0,0
uprathersuddenly,ADV,1,0,0
bymovingthree,NOUN,1,0,0
representedby,NOUN,1,0,0
paralleltoitself,PRON,1,0,0
makesasquareofthreeinche,NOUN,1,0,0
movingsomehowparallel,PROPN,1,0,1
toitself,PRON,1,0,0
tobe,VERB,1,0,0
alittleruffle,VERB,1,0,0
ruption,NOUN,1,0,0
talk,VERB,1,0,0
disappear,VERB,1,0,0
bymywife,NOUN,1,0,0
retrospectofthe,ADJ,1,0,0
bilitie,NOUN,1,0,0
oftheyear,VERB,1,0,0
prattle,NOUN,1,0,0
mainedinthe,DET,1,0,0
hourglass,NOUN,1,0,0
rouse,VERB,1,0,0
myselffrom,NOUN,1,0,0
myreverie,PROPN,1,0,1
turnedtheglassnorthwardforthe,DET,1,0,0
aloud,ADJ,1,0,0
theboyis,NOUN,1,0,0
afool,ADJ,1,0,0
Straightway,PROPN,1,0,1
Ibecame,PROPN,1,0,1
andachillingbreath,NOUN,1,0,0
thrill,VERB,1,0,0
verybeing,NOUN,1,0,0
arebreake,VERB,1,0,0
Commandments,PROPN,1,0,1
inthu,NOUN,1,0,0
dishonor,VERB,1,0,0
roundin,ADJ,1,0,0
everydirection,NOUN,1,0,0
ifelt,VERB,1,0,0
shiver,VERB,1,0,0
coldwhispercame,NOUN,1,0,0
istarte,VERB,1,0,0
draught,ADJ,1,0,0
whatareyoulooke,VERB,1,0,0
resumedmy,PROPN,1,0,1
seat,NOUN,1,0,0
distinctly,ADV,1,0,0
audible,ADJ,1,0,0
reply,NOUN,1,0,0
boyis,NOUN,1,0,0
heardthe,DET,1,0,0
forward,ADV,1,0,0
firstglance,NOUN,1,0,0
sideways,ADV,1,0,0
buta,ADJ,1,0,0
methat,ADP,1,0,0
extremitiespassedinto,PROPN,1,0,1
rapidlyto,PROPN,1,0,1
onlythat,ADP,1,0,0
hadhad,VERB,1,0,0
coolness,NOUN,1,0,0
characteristic,NOUN,1,0,0
hastiness,NOUN,1,0,0
unreasone,VERB,1,0,0
jealousy,NOUN,1,0,0
aperture,NOUN,1,0,0
promise,VERB,1,0,0
dear,NOUN,1,0,0
ventilator,NOUN,1,0,0
butwhat,DET,1,0,0
yourSight,PROPN,1,0,1
repliedshe,NOUN,1,0,0
Proverbs,PROPN,1,0,1
Frailer,PROPN,1,0,1
afraid,ADJ,1,0,0
vancedtoward,NOUN,1,0,0
Permitme,PROPN,1,0,1
atraceof,VERB,1,0,0
itbe,VERB,1,0,0
misbehave,VERB,1,0,0
aperfect,VERB,1,0,0
amore,ADV,1,0,0
mildly,ADV,1,0,0
message,NOUN,1,0,0
dear,ADJ,1,0,0
deliver,VERB,1,0,0
august,PROPN,1,0,1
incommode,VERB,1,0,0
assure,VERB,1,0,0
hourfor,PROPN,1,0,1
discretion,NOUN,1,0,0
atlast,VERB,1,0,0
retreatedto,PROPN,1,0,1
glance,VERB,1,0,0
glass,NOUN,1,0,0
vainly,ADV,1,0,0
revea,NOUN,1,0,0
ltomeinword,NOUN,1,0,0
retreating,NOUN,1,0,0
footstep,NOUN,1,0,0
Ibegan,PROPN,1,0,1
Strangerwith,PROPN,1,0,1
intentionof,PROPN,1,0,1
nearerview,NOUN,1,0,0
bidding,NOUN,1,0,0
himbe,NOUN,1,0,0
seat,VERB,1,0,0
strike,VERB,1,0,0
motionless,VERB,1,0,0
astonishment,PROPN,1,0,1
symptom,NOUN,1,0,0
instant,NOUN,1,0,0
gradation,NOUN,1,0,0
scarcely,ADV,1,0,0
within,ADP,1,1,0
scope,NOUN,1,0,0
Imight,PROPN,1,0,1
aburglar,ADJ,1,0,0
orcut,ADJ,1,0,0
larisosceles,NOUN,1,0,0
byfeigne,VERB,1,0,0
ofacircle,NOUN,1,0,0
admission,NOUN,1,0,0
stab,PROPN,1,0,1
mewith,PROPN,1,0,1
sitting,NOUN,1,0,0
fog,NOUN,1,0,0
remarkably,ADV,1,0,0
tosightrecognition,NOUN,1,0,0
ciallyattheshort,NOUN,1,0,0
atwhich,NOUN,1,0,0
desperate,ADJ,1,0,0
forwardwith,ADV,1,0,0
ceremonious,ADJ,1,0,0
trace,NOUN,1,0,0
notthe,ADJ,1,0,0
roughness,NOUN,1,0,0
equality,NOUN,1,0,0
round,ADV,1,0,0
circular,ADV,1,0,0
satisfactory,ADJ,1,0,0
Thenfolloweda,PROPN,1,0,1
lectit,NOUN,1,0,0
onlysome,NOUN,1,0,0
myprofuse,PROPN,1,0,1
cover,VERB,1,0,0
shame,NOUN,1,0,0
guilty,ADJ,1,0,0
impertinence,NOUN,1,0,0
mence,VERB,1,0,0
lengthiness,NOUN,1,0,0
myintroductoryprocess,NOUN,1,0,0
excuse,VERB,1,0,0
awkwardness,NOUN,1,0,0
usage,NOUN,1,0,0
polite,ADJ,1,0,0
vousness,NOUN,1,0,0
somewhat,ADV,1,0,0
unexpected,ADJ,1,0,0
visit,NOUN,1,0,0
Ibeseech,PROPN,1,0,1
revealmyindiscretion,VERB,1,0,0
cation,NOUN,1,0,0
deign,VERB,1,0,0
gladly,ADV,1,0,0
inspace,X,1,0,0
Define,PROPN,1,0,1
definitely,ADV,1,0,0
prolonged,ADJ,1,0,0
merry,ADJ,1,0,0
thickness,NOUN,1,0,0
ButImean,PROPN,1,0,1
threename,NOUN,1,0,0
unknown,ADJ,1,0,0
meansseeminglythatitisNorthward,PROPN,1,0,1
meannothe,VERB,1,0,0
inyour,NOUN,1,0,0
inspection,NOUN,1,0,0
luminary,ADJ,1,0,0
atthejuncture,NOUN,1,0,0
oftwo,NOUN,1,0,0
ofmyside,NOUN,1,0,0
ΙΙΟ,PROPN,1,0,1
yourperimeter,X,1,0,0
onyourside,ADV,1,0,0
inmyinside,NOUN,1,0,0
aneye,NOUN,1,0,0
mystomach,NOUN,1,0,0
Lordshipjests,PROPN,1,0,1
amin,VERB,1,0,0
jestinghumor,NOUN,1,0,0
itell,VERB,1,0,0
Dimensionswhence,PROPN,1,0,1
Ibutlatelylookeddown,PROPN,1,0,1
forsooth,NOUN,1,0,0
thatposition,NOUN,1,0,0
ofadvantage,NOUN,1,0,0
Idiscerned,PROPN,1,0,1
allthat,NOUN,1,0,0
safe,NOUN,1,0,0
assertionsare,NOUN,1,0,0
easilymade,NOUN,1,0,0
noteasilyprove,VERB,1,0,0
Imeanto,PROPN,1,0,1
provemine,NOUN,1,0,0
eachinhis,ADJ,1,0,0
andyour,DET,1,0,0
yourwife,NOUN,1,0,0
sawyourisoscele,NOUN,1,0,0
innumber,NOUN,1,0,0
kitchen,NOUN,1,0,0
supper,NOUN,1,0,0
andthelittlepage,VERB,1,0,0
scullery,NOUN,1,0,0
andhowdoyou,NOUN,1,0,0
III,PROPN,1,0,1
youknowvery,NOUN,1,0,0
recently,ADV,1,0,0
repair,VERB,1,0,0
ture,NOUN,1,0,0
suchfact,NOUN,1,0,0
touchingthebelongingsofhishumble,ADJ,1,0,0
easilyascertaine,VERB,1,0,0
hood,NOUN,1,0,0
howshall,NOUN,1,0,0
statementof,NOUN,1,0,0
factsfollowe,VERB,1,0,0
byocular,ADJ,1,0,0
stration,NOUN,1,0,0
oughtto,NOUN,1,0,0
ona,PROPN,1,0,1
style,VERB,1,0,0
landisthevast,ADJ,1,0,0
maycall,VERB,1,0,0
fluid,NOUN,1,0,0
top,NOUN,1,1,0
Iamnot,PROPN,1,0,1
aninfinite,ADJ,1,0,0
numberofcircle,NOUN,1,0,0
ofsize,VERB,1,0,0
ofthirteen,NOUN,1,0,0
placedonthetopoftheother,NOUN,1,0,0
WhenIcutthrough,PROPN,1,0,1
yourplane,NOUN,1,0,0
amnowdoing,VERB,1,0,0
makeinyourplane,VERB,1,0,0
rightly,ADV,1,0,0
myproper,NOUN,1,0,0
allto,PROPN,1,0,1
manif,ADJ,1,0,0
Doyounot,PROPN,1,0,1
whosee,PROPN,1,0,1
lastnight,NOUN,1,0,0
phantasmalvision,NOUN,1,0,0
uponyourbrain,NOUN,1,0,0
ber,NOUN,1,0,0
theking,NUM,1,0,0
buta,VERB,1,0,0
Realmhadnot,PROPN,1,0,1
inpreciselythe,DET,1,0,0
try,NOUN,1,0,0
hibit,NOUN,1,0,0
ofme,PROPN,1,0,1
iswhatyoucall,VERB,1,0,0
incredulity,NOUN,1,0,0
butnowprepare,NOUN,1,0,0
itive,ADJ,1,0,0
ofthetruth,NOUN,1,0,0
assertion,NOUN,1,0,0
mysection,NOUN,1,0,0
youhave,ADJ,1,0,0
powerto,ADJ,1,0,0
outof,VERB,1,0,0
youcan,PROPN,1,0,1
riseinspace,VERB,1,0,0
Iwillrise,PROPN,1,0,1
youreye,PROPN,1,0,1
willbethatmycircle,NOUN,1,0,0
dwindle,VERB,1,0,0
vanishe,NOUN,1,0,0
Icouldsee,PROPN,1,0,1
Lenela,PROPN,1,0,1
nd,PROPN,1,0,1
diminish,VERB,1,0,0
Iwinkedonce,PROPN,1,0,1
tw,NOUN,1,0,0
ic,NOUN,1,0,0
w,NOUN,1,0,0
ot,INTJ,1,0,0
Butitwasnodream,PROPN,1,0,1
an,NOUN,1,0,0
turnto,PROPN,1,0,1
tise,NOUN,1,0,0
standthat,VERB,1,0,0
Guest,PROPN,1,0,1
wa,ADJ,1,0,0
pr,PROPN,1,0,1
F,PROPN,1,0,1
l,X,1,0,0
th,X,1,0,0
u,X,1,0,0
oa,PROPN,1,0,1
fs,PROPN,1,0,1
h,INTJ,1,0,0
ot,X,1,0,0
ih,X,1,0,0
matic,NOUN,1,0,0
herewithwillmakeitclear,PROPN,1,0,1
Flatlander,PROPN,1,0,1
sawthe,VERB,1,0,0
asdark,ADJ,1,0,0
AllthatIcouldcomprehendwas,PROPN,1,0,1
Circlehad,PROPN,1,0,1
reappear,VERB,1,0,0
rapidlymake,VERB,1,0,0
himselflarger,NOUN,1,0,0
whenhehadregainedhisoriginalsize,NOUN,1,0,0
heheave,VERB,1,0,0
sigh,NOUN,1,0,0
bymysilence,NOUN,1,0,0
altogetherfaile,VERB,1,0,0
incline,VERB,1,0,0
belief,NOUN,1,0,0
mustbe,ADJ,1,0,0
clever,ADJ,1,0,0
orelse,VERB,1,0,0
oldwife,NOUN,1,0,0
taleswere,ADJ,1,0,0
Magicians,PROPN,1,0,1
Aftera,PROPN,1,0,1
hemutteredtohimself,PRON,1,0,0
resource,NOUN,1,0,0
aloneremain,NOUN,1,0,0
trythe,VERB,1,0,0
method,ADJ,1,0,0
ofanalogy,NOUN,1,0,0
afterwhich,PROPN,1,0,1
Mathematician,PROPN,1,0,1
whatnamewouldyougiveto,PROPN,1,0,1
thewake,PROPN,1,0,1
Two,PROPN,1,1,1
EastandWest,PROPN,1,0,1
thewake,VERB,1,0,0
original,ADJ,1,0,0
ASquare,PROPN,1,0,1
andhowmanyside,NOUN,1,0,0
hasasquare,NOUN,1,0,0
howmanyangles,NUM,1,0,0
Foursides,PROPN,1,0,1
andfourangle,NOUN,1,0,0
stretch,VERB,1,0,0
aSquarein,PROPN,1,0,1
toitselfupward,NOUN,1,0,0
previouslyoccupie,VERB,1,0,0
Butthatis,PROPN,1,0,1
notmymeane,VERB,1,0,0
Pointinyou,PROPN,1,0,1
servethepurpose,VERB,1,0,0
ofmyillustration,NOUN,1,0,0
everypoint,NOUN,1,0,0
inyou,NOUN,1,0,0
thatisto,ADJ,1,0,0
sayinwhatyou,NOUN,1,0,0
upwards,ADV,1,0,0
previously,ADV,1,0,0
restrain,VERB,1,0,0
blindly,ADV,1,0,0
Visitorand,PROPN,1,0,1
precipitate,VERB,1,0,0
intospace,NOUN,1,0,0
anywhere,ADV,1,1,0
rid,VERB,1,0,0
shapeout,VERB,1,0,0
motionwhich,PROPN,1,0,1
presume,VERB,1,0,0
describable,ADJ,1,0,0
certainly,ADV,1,0,0
itisallplain,ADJ,1,0,0
mustnot,ADV,1,0,0
aFigure,PROPN,1,0,1
rathernot,VERB,1,0,0
butanalogy,NOUN,1,0,0
asingle,ADJ,1,0,0
itselfa,NOUN,1,0,0
oneterminalpoint,NOUN,1,0,0
terminal,ADJ,1,0,0
withfour,NOUN,1,0,0
evidentlyin,PROPN,1,0,1
Geometrical,PROPN,1,0,1
Progression,PROPN,1,0,1
Eight,PROPN,1,1,1
CubewitheightterminalPoints,PROPN,1,0,1
nowareyouconvince,VERB,1,0,0
orwhatyou,NOUN,1,0,0
terminalpoint,NOUN,1,0,0
Ofcourse,PROPN,1,0,1
toanalogy,NOUN,1,0,0
whatyou,PRON,1,0,0
callside,VERB,1,0,0
wouldcallthem,VERB,1,0,0
solid,NOUN,1,0,0
manysolid,NOUN,1,0,0
appertain,VERB,1,0,0
BeingwhomIamtogeneratebythe,PROPN,1,0,1
canyou,NOUN,1,0,0
ofanything,NOUN,1,0,0
ifimay,ADV,1,0,0
say,INTJ,1,1,0
quently,ADV,1,0,0
maybecalle,VERB,1,0,0
courtesyit,NOUN,1,0,0
Progressiondoyoucallthat,PROPN,1,0,1
arithmetical,ADJ,1,0,0
andwhatisthe,DET,1,0,0
swere,VERB,1,0,0
willbeboundedbysixside,NOUN,1,0,0
thatisto,NOUN,1,0,0
sixofyourinside,VERB,1,0,0
Youseeitallnow,PROPN,1,0,1
eh,INTJ,1,0,0
Monster,PROPN,1,0,1
ordevil,NOUN,1,0,0
morewill,NOUN,1,0,0
Iendure,PROPN,1,0,1
thy,ADJ,1,0,0
mockery,NOUN,1,0,0
EitherthouorImustperish,PROPN,1,0,1
Iprecipitatedmyselfupon,PROPN,1,0,1
invain,NOUN,1,0,0
ibroughtmy,NOUN,1,0,0
intoviolent,NOUN,1,0,0
collisionwith,ADP,1,0,0
unarrestablyslipping,NOUN,1,0,0
mycontact,NOUN,1,0,0
rightnorto,PROPN,1,0,1
theleft,NOUN,1,0,0
butmovingsomehow,VERB,1,0,0
andvanishing,NOUN,1,0,0
tonothing,NOUN,1,0,0
ablank,ADJ,1,0,0
ButIstillheardthe,PROPN,1,0,1
Intruder,PROPN,1,0,1
Whywill,PROPN,1,0,1
refuse,VERB,1,0,0
hop,VERB,1,0,0
accomplished,ADJ,1,0,0
mathematician,NOUN,1,0,0
apostle,NOUN,1,0,0
Dimen,PROPN,1,0,1
ion,NOUN,1,0,0
preachonceonlyin,VERB,1,0,0
howto,VERB,1,0,0
convince,NOUN,1,0,0
notword,NOUN,1,0,0
myfriend,VERB,1,0,0
myposition,NOUN,1,0,0
ofwhat,NOUN,1,0,0
callboxe,NOUN,1,0,0
butlikeeverythingelseinflatland,NOUN,1,0,0
seealso,ADV,1,0,0
about,ADJ,1,1,0
youlockthecupboard,ADJ,1,0,0
halfanhour,ADJ,1,0,0
fromspace,ADV,1,0,0
unmoved,ADJ,1,0,0
nowiamin,VERB,1,0,0
thetablet,NOUN,1,0,0
Ihaveit,PROPN,1,0,1
withit,NOUN,1,0,0
Irushedtotheclosetanddashedthedooropen,PROPN,1,0,1
Oneofthetabletswasgone,PROPN,1,0,1
Withamockinglaugh,PROPN,1,0,1
corner,NOUN,1,0,0
uponthefloor,ADJ,1,0,0
itook,VERB,1,0,0
couldbe,VERB,1,0,0
itwasthemissingtablet,NOUN,1,0,0
groan,VERB,1,0,0
doubt,VERB,1,0,0
notoutofmysense,NOUN,1,0,0
thestranger,NOUN,1,0,0
Surelyyou,PROPN,1,0,1
mustnowseethat,NOUN,1,0,0
myexplanation,NOUN,1,0,0
noother,NOUN,1,0,0
suitsthephenomena,NOUN,1,0,0
whatyoucallsolid,ADJ,1,0,0
arereallysuperficial,NOUN,1,0,0
youcallspace,NOUN,1,0,0
agreat,VERB,1,0,0
youonlyseetheoutside,VERB,1,0,0
Youcould,PROPN,1,0,1
Planeyourself,PROPN,1,0,1
ifyoucouldbutsummonup,ADP,1,0,0
Aslight,PROPN,1,0,1
downward,ADJ,1,0,0
motionwouldenable,ADJ,1,0,0
youtoseeallthaticansee,NOUN,1,0,0
andthefurther,PROPN,1,0,1
moreicansee,NOUN,1,0,0
thoughof,PROPN,1,0,1
cende,VERB,1,0,0
nowIcanseeyourneighbortheHexagon,PROPN,1,0,1
Theatre,PROPN,1,0,1
audience,NOUN,1,0,0
isonly,ADV,1,0,0
NowI,PROPN,1,0,1
shallcomeback,PROPN,1,0,1
toyou,PROPN,1,0,1
crown,VERB,1,0,0
sayto,VERB,1,0,0
atouch,ADJ,1,0,0
inyourstomach,NOUN,1,0,0
willnotseriouslyinjureyou,NOUN,1,0,0
andtheslightpainyou,NOUN,1,0,0
ofremonstrance,NOUN,1,0,0
ashoote,VERB,1,0,0
paininmyinside,ADV,1,0,0
anda,PROPN,1,0,1
demoniacal,ADJ,1,0,0
seemedto,PROPN,1,0,1
issue,PROPN,1,0,1
fromwithinme,PROPN,1,0,1
amoment,NOUN,1,0,0
sharp,ADJ,1,0,0
ache,NOUN,1,0,0
behind,ADV,1,1,0
beganto,NOUN,1,0,0
reappear,NOUN,1,0,0
ashe,NOUN,1,0,0
nothurtyou,ADV,1,0,0
whatsayyou,INTJ,1,0,0
יי,INTJ,1,0,0
resolutionwas,NOUN,1,0,0
traryvisitation,NOUN,1,0,0
Magicianwho,PROPN,1,0,1
thusplay,VERB,1,0,0
trick,NOUN,1,0,0
IfonlyI,PROPN,1,0,1
manage,VERB,1,0,0
pin,VERB,1,0,0
sametimealarmingthewhole,ADJ,1,0,0
mycrie,NOUN,1,0,0
belowour,NOUN,1,0,0
motionless,ADJ,1,0,0
redoubledvigor,NOUN,1,0,0
shoutfor,PROPN,1,0,1
assistance,NOUN,1,0,0
convulsive,NOUN,1,0,0
shudder,NOUN,1,0,0
recoursetothelastresource,VERB,1,0,0
ofcivilization,NOUN,1,0,0
loud,ADJ,1,0,0
hurriedly,ADV,1,0,0
sendyourwife,NOUN,1,0,0
frustrated,ADJ,1,0,0
Notthus,PROPN,1,0,1
mustthe,VERB,1,0,0
fruit,NOUN,1,0,0
waitingbethrownaway,NOUN,1,0,0
ihearhercoming,NOUN,1,0,0
Awayfromme,PROPN,1,0,1
madman,NOUN,1,0,0
release,VERB,1,0,0
thee,NOUN,1,0,0
thine,NOUN,1,0,0
itcometothis,ADJ,1,0,0
thunderedthe,ADP,1,0,0
ger,NOUN,1,0,0
thrice,NOUN,1,0,0
tisdone,NOUN,1,0,0
andwhat,ADP,1,0,0
anunspeakable,ADJ,1,0,0
adizzy,ADJ,1,0,0
sicken,VERB,1,0,0
Linethat,PROPN,1,0,1
notspace,NOUN,1,0,0
aloud,NOUN,1,0,0
madness,NOUN,1,0,0
Hell,PROPN,1,0,1
calmlyrepliedthevoice,NOUN,1,0,0
Knowledge,PROPN,1,0,1
visiblyincorporate,NOUN,1,0,0
allthat,DET,1,0,0
conjecture,VERB,1,0,0
dreamed,ADJ,1,0,0
layopen,ADJ,1,0,0
myview,VERB,1,0,0
lung,NOUN,1,0,0
artery,NOUN,1,0,0
harmonious,ADJ,1,0,0
callitthe,VERB,1,0,0
surfaceofthesphere,X,1,0,0
prostrate,VERB,1,0,0
mentally,ADV,1,0,0
consummate,ADJ,1,0,0
loveliness,NOUN,1,0,0
yetcannotdiscern,PROPN,1,0,1
thyheart,PROPN,1,0,1
thylung,NOUN,1,0,0
thyarterie,NOUN,1,0,0
liver,NOUN,1,0,0
otherbee,VERB,1,0,0
tobeholdmyinternalpart,NOUN,1,0,0
ofadifferent,ADJ,1,0,0
orderofbeingsfromthosein,NOUN,1,0,0
myintestine,NOUN,1,0,0
compose,VERB,1,0,0
asI,PROPN,1,0,1
ofmany,PROPN,1,0,1
calledin,VERB,1,0,0
sent,VERB,1,0,0
Bewildered,PROPN,1,0,1
matic,ADJ,1,0,0
chafe,VERB,1,0,0
worshippedhiminsilentadoration,NOUN,1,0,0
hecontinue,VERB,1,0,0
mildness,NOUN,1,0,0
yourselfifyou,NOUN,1,0,0
cannotatfirstunderstandthe,DET,1,0,0
bydegree,NOUN,1,0,0
theywilldawn,VERB,1,0,0
Letusbegin,PROPN,1,0,1
bycastingback,VERB,1,0,0
regionwhenceyou,NOUN,1,0,0
returnwith,VERB,1,0,0
while,NOUN,1,1,0
plain,NOUN,1,0,0
willshowyou,VERB,1,0,0
whichyou,PROPN,1,0,1
reason,VERB,1,0,0
andthought,ADV,1,0,0
theway,NOUN,1,0,0
Ifollowed,PROPN,1,0,1
ifin,ADJ,1,0,0
der,NOUN,1,0,0
beholdyour,NOUN,1,0,0
Pentagonalhouse,PROPN,1,0,1
inmate,NOUN,1,0,0
individualitywhich,NOUN,1,0,0
hitherto,VERB,1,0,0
shadowy,PROPN,1,0,1
comparison,NOUN,1,0,0
beheld,VERB,1,0,0
calmly,ADV,1,0,0
asleep,ADJ,1,0,0
north,ADJ,1,0,0
western,ADJ,1,0,0
orphan,NOUN,1,0,0
grandson,NOUN,1,0,0
Servants,PROPN,1,0,1
Butler,PROPN,1,0,1
Daughter,PROPN,1,0,1
affectionate,ADJ,1,0,0
Sonus,PROPN,1,0,1
BEDROOM,PROPN,1,0,1
MEN,PROPN,1,0,1
TH,PROPN,1,0,1
Wi,PROPN,1,0,1
LL,PROPN,1,0,1
Y,PROPN,1,0,1
h,VERB,1,0,0
MF,PROPN,1,0,1
EE,PROPN,1,0,1
n,NUM,1,0,0
WOMEN,PROPN,1,0,1
MyGrandsons,PROPN,1,0,1
thecellar,ADV,1,0,0
eB,PROPN,1,0,1
hf,NOUN,1,0,0
eo,PRON,1,0,0
Sc,PROPN,1,0,1
alarm,VERB,1,0,0
continued,ADJ,1,0,0
andwasrove,VERB,1,0,0
Hall,PROPN,1,0,1
iously,ADV,1,0,0
myreturn,NOUN,1,0,0
Alsothe,PROPN,1,0,1
bymy,NOUN,1,0,0
whetherI,PROPN,1,0,1
somewhere,ADV,1,1,0
faint,NOUN,1,0,0
pry,VERB,1,0,0
cabinet,NOUN,1,0,0
allthis,INTJ,1,0,0
nowsee,VERB,1,0,0
merelyinfer,VERB,1,0,0
nearer,NOUN,1,0,0
mycabinet,PROPN,1,0,1
gold,NOUN,1,0,0
andthetablet,VERB,1,0,0
ofwhichthe,DET,1,0,0
Spherehadmade,PROPN,1,0,1
incapable,ADJ,1,0,0
aboutyourwife,NOUN,1,0,0
saidmyguide,ADV,1,0,0
shewillnotbe,ADJ,1,0,0
anxiety,NOUN,1,0,0
ustake,ADJ,1,0,0
asurvey,NOUN,1,0,0
recede,VERB,1,0,0
objectwe,NOUN,1,0,0
beheld,NOUN,1,0,0
city,NOUN,1,0,0
miniature,NOUN,1,0,0
lo,PROPN,1,0,1
ofmine,VERB,1,0,0
inmost,NOUN,1,0,0
cavern,VERB,1,0,0
bar,VERB,1,0,0
Awestruck,PROPN,1,0,1
unveiledbefore,ADJ,1,0,0
myunworthyeye,NOUN,1,0,0
Isaid,PROPN,1,0,1
Iambecomeas,PROPN,1,0,1
theyexpress,ADJ,1,0,0
ofgod,NOUN,1,0,0
pocket,NOUN,1,0,0
mycountry,NOUN,1,0,0
worship,VERB,1,0,0
byyourwise,NOUN,1,0,0
notknow,ADV,1,0,0
ifa,NOUN,1,0,0
acut,NOUN,1,0,0
ourcountrycan,PROPN,1,0,1
inyour,ADJ,1,0,0
surelythat,NOUN,1,0,0
commonword,NOUN,1,0,0
selfish,ADJ,1,0,0
howdoe,VERB,1,0,0
arethe,NOUN,1,0,0
quality,NOUN,1,0,0
ofwoman,NOUN,1,0,0
Andwe,PROPN,1,0,1
knowthat,ADP,1,0,0
esteemed,ADJ,1,0,0
isnotforme,VERB,1,0,0
toclassifyhuman,NOUN,1,0,0
tiesaccorde,VERB,1,0,0
tomerit,PROPN,1,0,1
Yetmanyofthebestand,PROPN,1,0,1
wisest,ADJ,1,0,0
thanofyourbelaude,VERB,1,0,0
Doyou,PROPN,1,0,1
knowthat,DET,1,0,0
afaroff,NOUN,1,0,0
Isawan,PROPN,1,0,1
immense,ADJ,1,0,0
Polygo,PROPN,1,0,1
General,PROPN,1,0,1
AssemblyHalloftheStatesofFlatland,PROPN,1,0,1
dense,ADJ,1,0,0
pentagonal,ADJ,1,0,0
Metropolis,PROPN,1,0,1
thefirst,NOUN,1,0,0
dayof,NOUN,1,0,0
thousandth,ADJ,1,0,0
acting,NOUN,1,0,0
theirwont,NOUN,1,0,0
precedent,NOUN,1,0,0
realmwere,ADJ,1,0,0
insolemn,NOUN,1,0,0
conclave,NOUN,1,0,0
theyhadmet,NOUN,1,0,0
first,PROPN,1,1,1
hourof,X,1,0,0
firstdayoftheyear,NOUN,1,0,0
ofthefirstdayoftheyear,NOUN,1,0,0
theprevious,ADJ,1,0,0
Symmetrical,PROPN,1,0,1
High,PROPN,1,0,1
trouble,VERB,1,0,0
diver,NOUN,1,0,0
intentione,VERB,1,0,0
whereby,SCONJ,1,1,0
instigate,VERB,1,0,0
frenzy,VERB,1,0,0
both,CCONJ,1,1,0
unanimously,ADV,1,0,0
Grand,PROPN,1,0,1
millenary,ADJ,1,0,0
injunction,NOUN,1,0,0
Prefects,PROPN,1,0,1
search,NOUN,1,0,0
misguided,ADJ,1,0,0
ofanydegree,NOUN,1,0,0
scourge,VERB,1,0,0
anyregularTriangle,PROPN,1,0,1
anysquare,PRON,1,0,0
Pentagonto,PROPN,1,0,1
besent,ADJ,1,0,0
districtasylum,NOUN,1,0,0
ofhigherrank,NOUN,1,0,0
Capital,PROPN,1,0,1
examine,VERB,1,0,0
judgedby,NOUN,1,0,0
Councilwaspassingforthe,PROPN,1,0,1
formalresolution,NOUN,1,0,0
orimprisonment,NOUN,1,0,0
Apostle,PROPN,1,0,1
Notso,PROPN,1,0,1
matterisnowso,NOUN,1,0,0
clearto,VERB,1,0,0
ofreal,ADJ,1,0,0
palpable,ADJ,1,0,0
thinksicould,AUX,1,0,0
understandit,NOUN,1,0,0
thismoment,ADJ,1,0,0
enlighten,VERB,1,0,0
perform,VERB,1,0,0
mission,NOUN,1,0,0
dexterity,NOUN,1,0,0
sea,NOUN,1,0,0
ring,NOUN,1,0,0
Counsellors,PROPN,1,0,1
manyof,VERB,1,0,0
counsellor,NOUN,1,0,0
startback,NOUN,1,0,0
manifesthorror,NOUN,1,0,0
lar,NOUN,1,0,0
sectionwidene,VERB,1,0,0
sign,NOUN,1,0,0
preside,VERB,1,0,0
alow,ADJ,1,0,0
quarter,NOUN,1,0,0
wehavehim,PRON,1,0,0
Junior,PROPN,1,0,1
archive,NOUN,1,0,0
access,NOUN,1,0,0
similaroccurrence,NOUN,1,0,0
trifle,NOUN,1,0,0
Cabinet,PROPN,1,0,1
nowsummone,VERB,1,0,0
arrestthe,NOUN,1,0,0
policeman,NOUN,1,0,0
gagthem,NOUN,1,0,0
youknowyour,NOUN,1,0,0
consign,VERB,1,0,0
policemen,PROPN,1,0,1
fat,VERB,1,0,0
unwilling,ADJ,1,0,0
ness,NOUN,1,0,0
secretwhich,NOUN,1,0,0
permittedto,ADJ,1,0,0
reveal,NOUN,1,0,0
addressedthe,VERB,1,0,0
sellor,NOUN,1,0,0
New,PROPN,1,0,1
Year,PROPN,1,0,1
myexcellent,NOUN,1,0,0
sincere,ADJ,1,0,0
regret,NOUN,1,0,0
cordancewithprecedentandforthesakeofsecrecy,NOUN,1,0,0
condemn,VERB,1,0,0
himto,PROPN,1,0,1
butaddedhis,PRON,1,0,0
satisfactionthat,NOUN,1,0,0
unlesssomemention,NOUN,1,0,0
ofthat,DET,1,0,0
Istill,PROPN,1,0,1
whatcameofit,NOUN,1,0,0
prisonment,NOUN,1,0,0
Chamber,PROPN,1,0,1
intercede,VERB,1,0,0
bid,VERB,1,0,0
farewell,NOUN,1,0,0
pende,VERB,1,0,0
myguide,NOUN,1,0,0
gloomy,ADJ,1,0,0
Heed,PROPN,1,0,1
haply,PROPN,1,0,1
condole,NOUN,1,0,0
Hitherto,PROPN,1,0,1
naught,ADJ,1,0,0
terior,NOUN,1,0,0
troduce,VERB,1,0,0
youthe,DET,1,0,0
plan,NOUN,1,0,0
card,NOUN,1,0,0
Iput,PROPN,1,0,1
build,VERB,1,0,0
aSolidby,PROPN,1,0,1
oneanother,NOUN,1,0,0
nowthe,DET,1,0,0
Solidis,PROPN,1,0,1
complete,NOUN,1,0,0
ashigh,ADJ,1,0,0
broad,ADJ,1,0,0
ita,PROPN,1,0,1
Pardon,PROPN,1,0,1
lay,VERB,1,0,0
methink,VERB,1,0,0
criminal,NOUN,1,0,0
verysightofitispainfulto,NOUN,1,0,0
accustomedtolight,ADV,1,0,0
andperspective,ADJ,1,0,0
justasinFlatlandaHexagon,PROPN,1,0,1
ofsightrecognition,NOUN,1,0,0
Butinrealityit,PROPN,1,0,1
shalllearnbythe,PROPN,1,0,1
sense,PROPN,1,0,1
hethenintroduced,ADJ,1,0,0
metothecube,NOUN,1,0,0
andifound,NOUN,1,0,0
marvellousbeing,NOUN,1,0,0
indeedno,PROPN,1,0,1
eightterminalpoint,NOUN,1,0,0
thiswould,NOUN,1,0,0
beforme,VERB,1,0,0
moving,NOUN,1,0,0
Irejoicedtothinkthat,PROPN,1,0,1
insignificant,VERB,1,0,0
couldinsome,VERB,1,0,0
Progenitor,PROPN,1,0,1
ofso,NOUN,1,0,0
ButstillI,PROPN,1,0,1
fullyunderstand,VERB,1,0,0
myteacher,NOUN,1,0,0
didnothesitate,VERB,1,0,0
toputmydifficultie,NOUN,1,0,0
succinctand,VERB,1,0,0
itwould,AUX,1,0,0
tedious,ADJ,1,0,0
byhis,DET,1,0,0
lucid,ADJ,1,0,0
statement,NOUN,1,0,0
andbychangingtheposition,NOUN,1,0,0
ownsacredperson,NOUN,1,0,0
distinguishbetween,VERB,1,0,0
aPlane,PROPN,1,0,1
Climax,PROPN,1,0,1
Paradise,PROPN,1,0,1
eventful,ADJ,1,0,0
fall,NOUN,1,0,0
mostundeserve,VERB,1,0,0
Forwhyshouldthe,PROPN,1,0,1
knowledgebe,NOUN,1,0,0
disappoint,VERB,1,0,0
myvolition,NOUN,1,0,0
shrinksfrom,ADP,1,0,0
task,NOUN,1,0,0
ofrecallingmyhumiliation,NOUN,1,0,0
ond,NOUN,1,0,0
byanymean,NOUN,1,0,0
mayarouse,VERB,1,0,0
ofplane,ADJ,1,0,0
Humanity,PROPN,1,0,1
aspirit,NOUN,1,0,0
ofrebellion,NOUN,1,0,0
Conceit,PROPN,1,0,1
limitour,DET,1,0,0
Infinity,PROPN,1,0,1
personalconsideration,NOUN,1,0,0
letme,NOUN,1,0,0
tinue,NOUN,1,0,0
asIbegan,PROPN,1,0,1
dispassionate,ADJ,1,0,0
theyareburnt,VERB,1,0,0
mybrain,NOUN,1,0,0
withoutalteration,NOUN,1,0,0
iota,PROPN,1,0,1
myReadersjudgebetweenme,PROPN,1,0,1
anddestiny,NOUN,1,0,0
willingly,ADV,1,0,0
indoctrinate,VERB,1,0,0
Cylinders,PROPN,1,0,1
Cones,PROPN,1,0,1
pyramid,NOUN,1,0,0
pentahedron,NOUN,1,0,0
hexahedron,NOUN,1,0,0
dodecahedron,NOUN,1,0,0
Iwasweariedofknowledge,PROPN,1,0,1
Ithirstedforyetdeeperandfullerdraughtsthan,PROPN,1,0,1
offer,VERB,1,0,0
address,NOUN,1,0,0
Beauty,PROPN,1,0,1
butletme,NOUN,1,0,0
begthee,NOUN,1,0,0
tovouchsafethyservant,NOUN,1,0,0
thystomach,PROPN,1,0,1
thyintestine,NOUN,1,0,0
timed,ADJ,1,0,0
impertinent,NOUN,1,0,0
quest,NOUN,1,0,0
bysaye,VERB,1,0,0
longerthe,DET,1,0,0
PerfectionofallBeauty,PROPN,1,0,1
beautiful,ADJ,1,0,0
closely,ADV,1,0,0
asyou,VERB,1,0,0
superiorto,VERB,1,0,0
combine,VERB,1,0,0
manycircle,NOUN,1,0,0
doubtless,ADV,1,0,0
OneaboveyouwhocombinesmanySpheres,PROPN,1,0,1
Existence,PROPN,1,0,1
surpass,VERB,1,0,0
inspace,NOUN,1,0,0
certainty,NOUN,1,0,0
purer,NOUN,1,0,0
dostsurely,ADV,1,0,0
Thou,PROPN,1,0,1
everywhere,ADV,1,1,0
Priest,PROPN,1,0,1
Philosopher,PROPN,1,0,1
yetmore,NOUN,1,0,0
spaciousspace,NOUN,1,0,0
dimensionable,ADJ,1,0,0
Dimensionality,PROPN,1,0,1
vantage,NOUN,1,0,0
downtogether,ADJ,1,0,0
ofsolidthing,NOUN,1,0,0
andwhere,ADJ,1,0,0
thineownintestine,NOUN,1,0,0
andthoseofthykindredsphere,NOUN,1,0,0
willlie,NOUN,1,0,0
exposedto,NOUN,1,0,0
poorwandering,NOUN,1,0,0
exilefrom,ADP,1,0,0
towhom,PROPN,1,0,1
somuchha,VERB,1,0,0
alreadybeenvouchsafe,VERB,1,0,0
stuff,NOUN,1,0,0
beforeyou,NOUN,1,0,0
toproclaim,VERB,1,0,0
toyourblindbenighte,VERB,1,0,0
notwhat,ADP,1,0,0
knowitisinthypowerto,ADJ,1,0,0
perform,NOUN,1,0,0
oneglimpse,PROPN,1,0,1
ofthine,ADJ,1,0,0
remaininghenceforththydocilepupil,PROPN,1,0,1
emancipable,ADJ,1,0,0
slave,NOUN,1,0,0
readytoreceiveallthyteaching,NOUN,1,0,0
thatfallfromthy,ADJ,1,0,0
turnmy,VERB,1,0,0
stomachinside,PROPN,1,0,1
outto,PROPN,1,0,1
obligeyou,DET,1,0,0
allmycountrymeninthe,DET,1,0,0
LandofTwo,PROPN,1,0,1
mewith,NOUN,1,0,0
moreeasythannowto,PROPN,1,0,1
vant,ADJ,1,0,0
onasecondjourney,NOUN,1,0,0
intothe,DET,1,0,0
moreupon,ADV,1,0,0
everythree,ADJ,1,0,0
sione,VERB,1,0,0
treasure,NOUN,1,0,0
tine,NOUN,1,0,0
ofeverysolidlivingcreature,NOUN,1,0,0
adorable,ADJ,1,0,0
Iknownot,PROPN,1,0,1
doubtless,ADJ,1,0,0
myteacherknow,NOUN,1,0,0
impartedto,VERB,1,0,0
trifle,ADV,1,0,0
crave,VERB,1,0,0
puny,ADJ,1,0,0
righttodiscern,VERB,1,0,0
senseless,NOUN,1,0,0
wretch,NOUN,1,0,0
totouch,NOUN,1,0,0
noeye,NOUN,1,0,0
myinterior,PROPN,1,0,1
cern,VERB,1,0,0
surety,NOUN,1,0,0
aFourth,PROPN,1,0,1
inner,ADJ,1,0,0
taughtme,NOUN,1,0,0
orcan,ADJ,1,0,0
forgottenwhat,PRON,1,0,0
himselfimpartedto,VERB,1,0,0
twoterminalpoint,NOUN,1,0,0
InTwo,PROPN,1,0,1
amove,VERB,1,0,0
withfourterminalpoint,NOUN,1,0,0
movingsquare,NOUN,1,0,0
didnotthiseyeofminebeholdit,NOUN,1,0,0
eing,NOUN,1,0,0
eightterminalpo,NOUN,1,0,0
int,NOUN,1,0,0
ala,NOUN,1,0,0
Progress,PROPN,1,0,1
ofTru,PROPN,1,0,1
notso,PROPN,1,0,1
shallnot,PROPN,1,0,1
Isay,PROPN,1,0,1
Organization,PROPN,1,0,1
sixteen,NUM,1,0,0
infallible,ADJ,1,0,0
confirmation,NOUN,1,0,0
aGeometrical,PROPN,1,0,1
ifimightquote,NOUN,1,0,0
mylord,NOUN,1,0,0
strictlyaccordingtoanalogy,NOUN,1,0,0
twobounde,VERB,1,0,0
arefourbounde,VERB,1,0,0
soin,VERB,1,0,0
sixboundingsquare,NOUN,1,0,0
beholdonce,NOUN,1,0,0
Arithmetical,PROPN,1,0,1
consequentlydoe,NOUN,1,0,0
offour,ADJ,1,0,0
eightbounde,VERB,1,0,0
Icast,PROPN,1,0,1
toyour,NOUN,1,0,0
Lordshipto,PROPN,1,0,1
Iyield,PROPN,1,0,1
longerdemand,VERB,1,0,0
FourthDimension,PROPN,1,0,1
amright,VERB,1,0,0
willlistento,VERB,1,0,0
ere,PROPN,1,0,1
nowyour,ADJ,1,0,0
Beings,PROPN,1,0,1
opening,NOUN,1,0,0
window,NOUN,1,0,0
replytothis,ADJ,1,0,0
stake,VERB,1,0,0
silent,ADJ,1,0,0
onlyvouchsafe,ADV,1,0,0
opinion,NOUN,1,0,0
theyexplain,VERB,1,0,0
pray,VERB,1,0,0
fulfil,VERB,1,0,0
ofteacher,NOUN,1,0,0
Thosewho,PROPN,1,0,1
contract,VERB,1,0,0
entreat,VERB,1,0,0
moodily,ADV,1,0,0
tainly,ADV,1,0,0
theyever,ADV,1,0,0
butmostpeople,NOUN,1,0,0
willnot,NOUN,1,0,0
perturb,VERB,1,0,0
angularityofthe,PROPN,1,0,1
Seer,PROPN,1,0,1
Saytheyso,PROPN,1,0,1
thatblesse,VERB,1,0,0
Thoughtshallseethe,PROPN,1,0,1
allsolid,NOUN,1,0,0
ravished,NOUN,1,0,0
movinginsome,ADJ,1,0,0
altogethernewdirection,NOUN,1,0,0
soas,NOUN,1,0,0
interior,ADJ,1,0,0
create,VERB,1,0,0
withsixteen,VERB,1,0,0
Four,PROPN,1,1,1
shallwe,PROPN,1,0,1
lingeronthe,ADJ,1,0,0
threshold,NOUN,1,0,0
Fifth,PROPN,1,0,1
lectual,ADJ,1,0,0
Sixth,PROPN,1,0,1
Seventh,PROPN,1,0,1
knownot,PROPN,1,0,1
ofthunder,NOUN,1,0,0
dire,ADJ,1,0,0
persist,VERB,1,0,0
stem,VERB,1,0,0
flood,NOUN,1,0,0
ecstatic,ADJ,1,0,0
aspiration,NOUN,1,0,0
blame,VERB,1,0,0
draught,NOUN,1,0,0
incoming,ADJ,1,0,0
outside,ADV,1,0,0
andasimultaneous,ADJ,1,0,0
inside,ADP,1,0,0
impelledme,VERB,1,0,0
throughSpacewith,PROPN,1,0,1
rapidlydescende,VERB,1,0,0
Flatlandwas,PROPN,1,0,1
mydoom,PROPN,1,0,1
wilderness,NOUN,1,0,0
thunder,NOUN,1,0,0
peal,NOUN,1,0,0
creep,VERB,1,0,0
Cry,PROPN,1,0,1
aminute,VERB,1,0,0
conceal,VERB,1,0,0
myexperience,NOUN,1,0,0
hende,VERB,1,0,0
atthemoment,NOUN,1,0,0
anydangerfromher,NOUN,1,0,0
mysecret,NOUN,1,0,0
knowthat,ADV,1,0,0
adventure,NOUN,1,0,0
mustneed,VERB,1,0,0
iendeavore,VERB,1,0,0
invent,VERB,1,0,0
accidentallyfallenthroughthe,DET,1,0,0
trap,NOUN,1,0,0
cellar,NOUN,1,0,0
andhadtherelain,NOUN,1,0,0
stun,VERB,1,0,0
tale,NOUN,1,0,0
necessarily,ADV,1,0,0
nigh,NOUN,1,0,0
incredible,ADJ,1,0,0
mywife,NUM,1,0,0
exceed,VERB,1,0,0
average,NOUN,1,0,0
unusually,ADV,1,0,0
excited,ADJ,1,0,0
argue,VERB,1,0,0
illandrequire,VERB,1,0,0
repose,NOUN,1,0,0
excuse,NOUN,1,0,0
quietlyoverwhat,PRON,1,0,0
drowsy,NOUN,1,0,0
butbefore,PROPN,1,0,1
myeyes,PROPN,1,0,1
closediendeavore,VERB,1,0,0
isconstructed,ADJ,1,0,0
andyetnot,ADV,1,0,0
steadfastlyto,VERB,1,0,0
retainthese,ADJ,1,0,0
clewwhich,NOUN,1,0,0
iffirmlygraspe,VERB,1,0,0
couldnotfailto,PROPN,1,0,1
mechanicallyrepeating,ADJ,1,0,0
fellinto,VERB,1,0,0
sound,ADJ,1,0,0
refresh,VERB,1,0,0
sleep,NOUN,1,0,0
myslumber,NOUN,1,0,0
hadexchange,VERB,1,0,0
wrath,NOUN,1,0,0
placability,NOUN,1,0,0
butinfinitesimally,ADV,1,0,0
whichmy,VERB,1,0,0
Master,PROPN,1,0,1
aslight,VERB,1,0,0
blue,ADJ,1,0,0
bottle,NOUN,1,0,0
onlyless,ADV,1,0,0
resonantby,ADV,1,0,0
thateveninthe,PROPN,1,0,1
stillness,NOUN,1,0,0
Vacuumthroughwhichwesoared,PROPN,1,0,1
thesoundreache,VERB,1,0,0
ourearstillwe,PROPN,1,0,1
check,VERB,1,0,0
flight,NOUN,1,0,0
fromitofsomethingundertwentyhumandiagonal,NOUN,1,0,0
thou,PROPN,1,0,1
hast,NOUN,1,0,0
meto,PROPN,1,0,1
range,NOUN,1,0,0
Iconductthee,PROPN,1,0,1
Abyss,PROPN,1,0,1
yon,NOUN,1,0,0
dimensional,ADJ,1,0,0
Gulf,PROPN,1,0,1
לי,VERB,1,0,0
ofany,PROPN,1,0,1
otherthan,PROPN,1,0,1
himselfhe,PROPN,1,0,1
Breadth,PROPN,1,0,1
Height,PROPN,1,0,1
ofthem,NOUN,1,0,0
nocognizance,NOUN,1,0,0
athought,NOUN,1,0,0
Plurality,PROPN,1,0,1
mark,VERB,1,0,0
contentment,NOUN,1,0,0
vile,ADJ,1,0,0
toaspireisbetterthan,VERB,1,0,0
beblindly,ADV,1,0,0
impotentlyhappy,ADJ,1,0,0
nowlisten,VERB,1,0,0
andthere,ADV,1,0,0
tiny,ADJ,1,0,0
distinct,ADJ,1,0,0
tinkling,NOUN,1,0,0
graph,NOUN,1,0,0
Icaught,PROPN,1,0,1
Infinite,PROPN,1,0,1
beatitude,NOUN,1,0,0
punycreature,NOUN,1,0,0
haveyou,NOUN,1,0,0
notnoticedbefore,ADV,1,0,0
thatbabie,NOUN,1,0,0
babyish,ADJ,1,0,0
ofthemselve,NOUN,1,0,0
Person,PROPN,1,0,1
buthush,NOUN,1,0,0
Itfills,PROPN,1,0,1
allspace,ADV,1,0,0
fill,VERB,1,0,0
Thinker,PROPN,1,0,1
Utterer,PROPN,1,0,1
Hearer,PROPN,1,0,1
Thought,PROPN,1,0,1
Word,PROPN,1,0,1
Audition,PROPN,1,0,1
in,ADV,1,1,0
ness,VERB,1,0,0
ofbee,VERB,1,0,0
startle,VERB,1,0,0
itwhat,ADP,1,0,0
itthe,DET,1,0,0
narrowlimitation,NOUN,1,0,0
andleaditup,VERB,1,0,0
tosomething,NOUN,1,0,0
tryyou,NOUN,1,0,0
Hereon,PROPN,1,0,1
theuttermost,NOUN,1,0,0
pointasfollow,NOUN,1,0,0
contemptible,ADJ,1,0,0
callyourselfthe,ADJ,1,0,0
AllinAll,PROPN,1,0,1
butyouarethenothing,NUM,1,0,0
amere,VERB,1,0,0
speck,NOUN,1,0,0
anda,NOUN,1,0,0
Lineisa,PROPN,1,0,1
ascomparedwith,ADP,1,0,0
nowlisten,ADJ,1,0,0
andmarktheeffectofyour,ADJ,1,0,0
harangue,NOUN,1,0,0
ofPointland,PROPN,1,0,1
beam,VERB,1,0,0
brightlythan,NOUN,1,0,0
uponheare,VERB,1,0,0
clearlythat,NOUN,1,0,0
heretainedhis,ADJ,1,0,0
andihad,VERB,1,0,0
thejoyofthought,NOUN,1,0,0
suggestive,NOUN,1,0,0
disparagement,NOUN,1,0,0
therebyto,ADJ,1,0,0
enhance,VERB,1,0,0
sweetrebellion,NOUN,1,0,0
creative,ADJ,1,0,0
standsthem,NOUN,1,0,0
atall,NOUN,1,0,0
heacceptsthemashisown,NOUN,1,0,0
hecannotconceiveofanyotherexcepthimself,NOUN,1,0,0
ofcreative,ADJ,1,0,0
God,PROPN,1,0,1
fruition,NOUN,1,0,0
omnipresenceandomniscience,NOUN,1,0,0
nothingthatyouor,NOUN,1,0,0
cando,NOUN,1,0,0
rescue,VERB,1,0,0
himfrom,VERB,1,0,0
satisfaction,NOUN,1,0,0
float,VERB,1,0,0
gentlyback,NOUN,1,0,0
hearthe,PROPN,1,0,1
moral,NOUN,1,0,0
myvision,NOUN,1,0,0
othersto,ADJ,1,0,0
anger,VERB,1,0,0
insight,NOUN,1,0,0
acknowledge,VERB,1,0,0
error,NOUN,1,0,0
Pupil,PROPN,1,0,1
Thenhe,PROPN,1,0,1
proceededto,PROPN,1,0,1
initiateme,NOUN,1,0,0
hadwitnesse,VERB,1,0,0
Extra,PROPN,1,0,1
double,ADJ,1,0,0
bymethod,NOUN,1,0,0
Dim,PROPN,1,0,1
nsion,NOUN,1,0,0
rejoicing,NOUN,1,0,0
evangelize,VERB,1,0,0
asihad,VERB,1,0,0
decidedonthe,PROPN,1,0,1
planof,PROPN,1,0,1
heardthesound,VERB,1,0,0
ofmanyvoicesinthe,PROPN,1,0,1
commandingsilence,NOUN,1,0,0
thenfollowed,ADJ,1,0,0
aloudervoice,NOUN,1,0,0
herald,NOUN,1,0,0
proclamation,NOUN,1,0,0
tively,ADV,1,0,0
enjoin,VERB,1,0,0
arrest,NOUN,1,0,0
executionofanyonewho,NOUN,1,0,0
shouldpervertthe,DET,1,0,0
delusion,NOUN,1,0,0
anotherWorld,PROPN,1,0,1
itwouldbe,NOUN,1,0,0
betterto,ADJ,1,0,0
avoiditby,NOUN,1,0,0
myrevelation,NOUN,1,0,0
ofdemonstration,NOUN,1,0,0
whichafterallseeme,VERB,1,0,0
soconclusivethat,VERB,1,0,0
discard,VERB,1,0,0
clew,NOUN,1,0,0
ithadseemedtomefairlyclearbeforei,NOUN,1,0,0
fellasleep,NOUN,1,0,0
howit,PROPN,1,0,1
soobvious,ADJ,1,0,0
mywife,NOUN,1,0,0
roomopportunelyjust,NOUN,1,0,0
afewwordsofcommonplace,NOUN,1,0,0
conversation,NOUN,1,0,0
nottobegin,VERB,1,0,0
Sons,PROPN,1,0,1
andphysiciansofno,NOUN,1,0,0
meanreputation,NOUN,1,0,0
notgreat,ADJ,1,0,0
inmathematic,NOUN,1,0,0
inthat,ADJ,1,0,0
unfit,ADJ,1,0,0
docile,ADJ,1,0,0
turn,NOUN,1,0,0
fore,NOUN,1,0,0
precocious,ADJ,1,0,0
remark,VERB,1,0,0
approval,NOUN,1,0,0
discuss,VERB,1,0,0
knownothe,VERB,1,0,0
Proclamationofthe,PROPN,1,0,1
greatly,ADV,1,0,0
patriotism,NOUN,1,0,0
fo,ADP,1,0,0
tshoe,NOUN,1,0,0
compelledto,PROPN,1,0,1
theyfound,ADJ,1,0,0
meseriouslymaintaine,VERB,1,0,0
heresyofthethird,NOUN,1,0,0
ofmy,NOUN,1,0,0
knowsomethingofthe,VERB,1,0,0
forwhich,PROPN,1,0,1
Circlehaddesiredthatmysteriousinterview,PROPN,1,0,1
ofthemeans,PROPN,1,0,1
hadentere,VERB,1,0,0
Ifear,PROPN,1,0,1
consistentwithtrutha,VERB,1,0,0
inspaceland,ADP,1,0,0
contentwith,VERB,1,0,0
persuade,VERB,1,0,0
quietly,ADV,1,0,0
elicit,VERB,1,0,0
anyreference,NOUN,1,0,0
immediatelysent,VERB,1,0,0
thatihad,ADJ,1,0,0
seenand,NOUN,1,0,0
heardwasinsome,NOUN,1,0,0
strangeway,NOUN,1,0,0
slip,VERB,1,0,0
image,NOUN,1,0,0
longedto,PROPN,1,0,1
essay,VERB,1,0,0
skill,NOUN,1,0,0
disciple,NOUN,1,0,0
WhenmyGrandson,PROPN,1,0,1
enteredthe,NOUN,1,0,0
carefully,ADV,1,0,0
securedthedoor,ADJ,1,0,0
sittingdownbyhissideand,NOUN,1,0,0
youwould,PROPN,1,0,1
callthem,PROPN,1,0,1
yesterday,NOUN,1,0,0
Itaught,PROPN,1,0,1
once,SCONJ,1,1,0
morehow,NOUN,1,0,0
bymotion,NOUN,1,0,0
intwo,ADJ,1,0,0
scamp,VERB,1,0,0
want,VERB,1,0,0
mebelievethat,NOUN,1,0,0
mayin,NOUN,1,0,0
samewayby,NOUN,1,0,0
notnorthward,NOUN,1,0,0
asortofextra,ADJ,1,0,0
inThree,PROPN,1,0,1
Saythat,PROPN,1,0,1
youyoung,PROPN,1,0,1
rascal,PROPN,1,0,1
Atthismomentwe,PROPN,1,0,1
morethe,PROPN,1,0,1
herald,PROPN,1,0,1
outsideinthestreetproclaime,VERB,1,0,0
unusuallyintelligent,ADJ,1,0,0
breed,VERB,1,0,0
authorityof,NOUN,1,0,0
situation,NOUN,1,0,0
acuteness,NOUN,1,0,0
Iwasquite,PROPN,1,0,1
unprepared,ADJ,1,0,0
remainedsilenttillthelastword,VERB,1,0,0
tear,NOUN,1,0,0
Dear,PROPN,1,0,1
Grandpapa,PROPN,1,0,1
fun,NOUN,1,0,0
ofcourse,NOUN,1,0,0
Imeantnothing,PROPN,1,0,1
atallby,PROPN,1,0,1
didnotknow,PROPN,1,0,1
anythingthen,PROPN,1,0,1
forthat,NOUN,1,0,0
andnotnorthward,ADV,1,0,0
EvenifIwere,PROPN,1,0,1
ababy,VERB,1,0,0
absurdasthat,ADJ,1,0,0
howsillyitis,ADJ,1,0,0
Northwardbut,PROPN,1,0,1
buti,ADJ,1,0,0
itsomewhere,ADV,1,0,0
inane,ADJ,1,0,0
con,NOUN,1,0,0
lusion,NOUN,1,0,0
ingthe,NOUN,1,0,0
Squareaboutinapurposeless,PROPN,1,0,1
tothe,NOUN,1,0,0
amusement,NOUN,1,0,0
ofmyGrandson,PROPN,1,0,1
laugh,VERB,1,0,0
louderthan,NOUN,1,0,0
declaredthat,PROPN,1,0,1
butjokingwithhim,PROPN,1,0,1
inghe,NOUN,1,0,0
unlockedthedoor,NOUN,1,0,0
ranoutof,VERB,1,0,0
myfirst,PROPN,1,0,1
attemptto,PROPN,1,0,1
thegospelofthreedimension,NOUN,1,0,0
hree,NOUN,1,0,0
byother,NOUN,1,0,0
andofthe,DET,1,0,0
communicate,VERB,1,0,0
despair,NOUN,1,0,0
catch,NOUN,1,0,0
phrase,NOUN,1,0,0
bysetting,NOUN,1,0,0
beforethe,ADV,1,0,0
public,NOUN,1,0,0
viewof,NOUN,1,0,0
subject,ADJ,1,0,0
forthis,ADJ,1,0,0
resorttowriting,NOUN,1,0,0
privacy,NOUN,1,0,0
compositionofatreatise,NOUN,1,0,0
evade,VERB,1,0,0
ifpossible,ADJ,1,0,0
Ispokenot,PROPN,1,0,1
simultaneouslythe,NOUN,1,0,0
inside,VERB,1,0,0
ofall,ADJ,1,0,0
environ,VERB,1,0,0
eightterminal,ADJ,1,0,0
inwritingthisbook,NOUN,1,0,0
Ifoundmyself,PROPN,1,0,1
sadlyhampere,VERB,1,0,0
impossibility,NOUN,1,0,0
ofdrawe,VERB,1,0,0
nodiagrams,ADJ,1,0,0
butlines,NOUN,1,0,0
allin,PROPN,1,0,1
onlydistinguishable,ADJ,1,0,0
bydifference,NOUN,1,0,0
finish,VERB,1,0,0
treatise,NOUN,1,0,0
entitle,VERB,1,0,0
Through,PROPN,1,1,1
understandmymeane,VERB,1,0,0
cloud,NOUN,1,0,0
pal,VERB,1,0,0
outspoken,ADJ,1,0,0
treason,NOUN,1,0,0
Isaw,PROPN,1,0,1
andcouldhardly,ADV,1,0,0
frommake,VERB,1,0,0
aloud,ADV,1,0,0
togive,NOUN,1,0,0
contemplation,NOUN,1,0,0
mysterieswhichihadoncebeheld,NOUN,1,0,0
yetwhichicould,AUX,1,0,0
andfounddailymore,VERB,1,0,0
evenbefore,NOUN,1,0,0
mentalvision,NOUN,1,0,0
fail,VERB,1,0,0
realize,VERB,1,0,0
original,NOUN,1,0,0
memore,ADJ,1,0,0
melancholythan,PROPN,1,0,1
knewnot,VERB,1,0,0
willing,ADJ,1,0,0
sacrifice,VERB,1,0,0
Cause,PROPN,1,0,1
couldhave,VERB,1,0,0
conviction,NOUN,1,0,0
Butif,PROPN,1,0,1
notconvincemyGrandson,PROPN,1,0,1
howcouldiconvincethe,NUM,1,0,0
mostdevelope,VERB,1,0,0
Andyet,PROPN,1,0,1
myspiritwastoostrongforme,VERB,1,0,0
andigaveventto,NOUN,1,0,0
dangerous,ADJ,1,0,0
Iwasconsidered,PROPN,1,0,1
heterodoxifnot,VERB,1,0,0
treasonable,ADJ,1,0,0
keenly,ADV,1,0,0
alive,ADJ,1,0,0
ofmyposition,NOUN,1,0,0
suspiciousorhalf,ADJ,1,0,0
treatmentof,PROPN,1,0,1
lunaticswho,PRON,1,0,0
theyhad,VERB,1,0,0
quote,VERB,1,0,0
prophet,NOUN,1,0,0
inspire,VERB,1,0,0
ping,NOUN,1,0,0
forbidden,ADJ,1,0,0
minor,ADJ,1,0,0
LocalSpeculativeSocietyheld,PROPN,1,0,1
palace,NOUN,1,0,0
hibite,VERB,1,0,0
precise,ADJ,1,0,0
accountofthe,NOUN,1,0,0
myvoyage,NOUN,1,0,0
HallinourMetropolis,PROPN,1,0,1
thentospace,VERB,1,0,0
home,ADV,1,0,0
factorvision,NOUN,1,0,0
Atfirst,PROPN,1,0,1
imaginary,ADJ,1,0,0
fictitious,ADJ,1,0,0
siasm,NOUN,1,0,0
metothrowoff,PROPN,1,0,1
alldisguise,NOUN,1,0,0
fervent,ADJ,1,0,0
peroration,NOUN,1,0,0
exhort,VERB,1,0,0
hearer,NOUN,1,0,0
divest,VERB,1,0,0
prejudice,NOUN,1,0,0
believer,NOUN,1,0,0
Iwasatonce,PROPN,1,0,1
veryplacewhere,PROPN,1,0,1
butaveryfewmonth,NOUN,1,0,0
thesphere,NOUN,1,0,0
mycompany,PROPN,1,0,1
allowedtobeginandtocontinue,NOUN,1,0,0
mynarrationunquestione,VERB,1,0,0
anduninterrupte,VERB,1,0,0
Iforesawmy,PROPN,1,0,1
aguardofthe,PROPN,1,0,1
bettersortof,PROPN,1,0,1
Policemen,PROPN,1,0,1
attendance,NOUN,1,0,0
ofangularitylittle,ADJ,1,0,0
ifatall,NOUN,1,0,0
order,VERB,1,0,0
relieve,VERB,1,0,0
knewonlytoowellwhat,NUM,1,0,0
execute,VERB,1,0,0
officialswho,NOUN,1,0,0
heardit,NOUN,1,0,0
beingthecase,NOUN,1,0,0
tutethecheaperforthe,DET,1,0,0
dent,NOUN,1,0,0
junior,ADJ,1,0,0
Circleshadbeenmovedbymyevidentearnestness,PROPN,1,0,1
ind,VERB,1,0,0
icate,VERB,1,0,0
couldbyanydiagram,NOUN,1,0,0
otherthantheenumerationofimaginaryside,NOUN,1,0,0
saynothe,VERB,1,0,0
causewouldsurelyprevailinthe,ADJ,1,0,0
repliedthathe,NOUN,1,0,0
mysentiment,NOUN,1,0,0
sentencedto,PROPN,1,0,1
emerge,VERB,1,0,0
prisonandevangelizetheworld,NOUN,1,0,0
theTruthmightbe,PROPN,1,0,1
trustedto,PROPN,1,0,1
bringthat,PROPN,1,0,1
resultto,NOUN,1,0,0
shouldbe,NOUN,1,0,0
subject,VERB,1,0,0
discomfort,NOUN,1,0,0
escape,NOUN,1,0,0
iforfeite,VERB,1,0,0
theprivilegebymisconduct,NOUN,1,0,0
ishouldbeoccasionally,ADV,1,0,0
mybrother,PROPN,1,0,1
hadprecede,VERB,1,0,0
tomyprison,NOUN,1,0,0
Sevenyearshaveelapsedand,PROPN,1,0,1
amstillaprisoner,NOUN,1,0,0
ifi,ADJ,1,0,0
occasionalvisit,NOUN,1,0,0
ofmybrother,NOUN,1,0,0
de,VERB,1,0,0
barred,ADJ,1,0,0
allcompanionship,NOUN,1,0,0
savethat,DET,1,0,0
ofmy,PROPN,1,0,1
ja,NOUN,1,0,0
iler,NOUN,1,0,0
ofthebest,NOUN,1,0,0
sensible,ADJ,1,0,0
cheerful,ADJ,1,0,0
fraternal,ADJ,1,0,0
yetImust,PROPN,1,0,1
confessthat,NOUN,1,0,0
myweekly,ADJ,1,0,0
atleastinonerespect,VERB,1,0,0
bitter,ADJ,1,0,0
pain,NOUN,1,0,0
whentheSphere,PROPN,1,0,1
himselfintheCouncilChamber,PROPN,1,0,1
hesawthesphere,PRON,1,0,0
heheard,PROPN,1,0,1
explanationofthe,NOUN,1,0,0
scarcelyaweek,VERB,1,0,0
haspasseddure,VERB,1,0,0
sevenwhole,ADJ,1,0,0
repetition,NOUN,1,0,0
partiplayedinthatmanifestation,NOUN,1,0,0
togetherwith,ADP,1,0,0
ofall,PROPN,1,0,1
thephenomena,NOUN,1,0,0
ofsolid,ADJ,1,0,0
thingsderivable,ADJ,1,0,0
fromanalogy,NOUN,1,0,0
Itakeshame,PROPN,1,0,1
forcedto,PROPN,1,0,1
confess,PROPN,1,0,1
mybrotherhasnot,ADV,1,0,0
frankly,ADV,1,0,0
avow,VERB,1,0,0
disbelief,NOUN,1,0,0
ofconvert,NOUN,1,0,0
aughtthat,DET,1,0,0
see,NOUN,1,1,0
Revelation,PROPN,1,0,1
hasbeenmadetome,NOUN,1,0,0
fornothe,VERB,1,0,0
Spacelandwas,PROPN,1,0,1
boundfor,ADP,1,0,0
fire,NOUN,1,0,0
mortal,NOUN,1,0,0
i,NOUN,1,1,0
memoir,VERB,1,0,0
theirwayto,PRON,1,0,0
ofhumanityin,PROPN,1,0,1
andmaystiruparaceofrebelswhoshall,NOUN,1,0,0
refuseto,NOUN,1,0,0
tolimite,VERB,1,0,0
dimensionality,NOUN,1,0,0
ofmybrighter,PROPN,1,0,1
itisnotalwaysso,NOUN,1,0,0
heavilyweigh,NOUN,1,0,0
burdensome,ADJ,1,0,0
honestly,ADV,1,0,0
sayi,NOUN,1,0,0
oft,ADV,1,0,0
regret,VERB,1,0,0
nightly,ADJ,1,0,0
ward,VERB,1,0,0
haunt,VERB,1,0,0
asoul,ADV,1,0,0
devouring,ADJ,1,0,0
Sphinx,PROPN,1,0,1
martyrdomwhich,NOUN,1,0,0
ofthetruththat,ADP,1,0,0
ofmental,ADJ,1,0,0
flit,ADJ,1,0,0
awayinto,PROPN,1,0,1
thebackgroundofscarce,NOUN,1,0,0
ofThree,PROPN,1,0,1
ionary,NOUN,1,0,0
nay,NOUN,1,0,0
eventhis,ADJ,1,0,0
hardwallthat,PROPN,1,0,1
barsmefrom,PROPN,1,0,1
myfreedom,PROPN,1,0,1
verytablet,NOUN,1,0,0
substantial,ADJ,1,0,0
realitiesofflatland,NOUN,1,0,0
appearno,DET,1,0,0
betterthan,PROPN,1,0,1
diseased,ADJ,1,0,0
orthebaselessfabricofadream,NOUN,1,0,0
END,PROPN,1,0,1
Thebaselessfabricofis,PROPN,1,0,1
FLLisvAision,PROPN,1,0,1
TOLAND,PROPN,1,0,1
Maltedinsaairin,PROPN,1,0,1
thinaên,VERB,1,0,0
Suchstuffasdreams,PROPN,1,0,1
madeof,VERB,1,0,0
