lemma,pos,count,is_stopword,is_proper_noun
the,DET,4389,1,0
i,PRON,3715,1,0
and,CCONJ,3044,1,0
of,ADP,2762,1,0
be,AUX,2600,1,0
my,PRON,1776,1,0
a,DET,1448,1,0
to,PART,1225,1,0
in,ADP,1187,1,0
have,AUX,1123,1,0
to,ADP,951,1,0
he,PRON,833,1,0
with,ADP,714,1,0
but,CCONJ,687,1,0
you,PRON,648,1,0
not,PART,589,1,0
which,DET,565,1,0
it,PRON,562,1,0
that,SCONJ,556,1,0
his,PRON,535,1,0
for,ADP,524,1,0
as,ADP,492,1,0
by,ADP,486,1,0
on,ADP,470,1,0
this,DET,447,1,0
from,ADP,400,1,0
she,PRON,369,1,0
they,PRON,339,1,0
when,SCONJ,329,1,0
at,ADP,326,1,0
that,PRON,298,1,0
do,AUX,271,1,0
your,PRON,261,1,0
her,PRON,259,1,0
or,CCONJ,258,1,0
we,PRON,244,1,0
if,SCONJ,216,1,0
an,DET,216,1,0
all,DET,203,1,0
so,ADV,202,1,0
will,AUX,199,1,0
could,AUX,198,1,0
their,PRON,186,1,0
would,AUX,184,1,0
one,NUM,182,1,0
man,NOUN,179,0,0
that,DET,178,1,0
who,PRON,177,1,0
see,VERB,175,1,0
these,DET,156,1,0
now,ADV,155,1,0
should,AUX,154,1,0
no,DET,153,1,0
can,AUX,153,1,0
some,DET,148,1,0
myself,PRON,136,1,0
feel,VERB,135,0,0
father,NOUN,132,0,0
day,NOUN,131,0,0
our,PRON,130,1,0
say,VERB,130,1,0
upon,SCONJ,128,1,0
its,PRON,126,1,0
friend,NOUN,125,0,0
life,NOUN,124,0,0
into,ADP,124,1,0
eye,NOUN,122,0,0
find,VERB,121,0,0
what,PRON,119,1,0
any,DET,119,1,0
before,ADP,116,1,0
make,VERB,116,1,0
work,NOUN,114,0,0
than,ADP,113,1,0
more,ADV,112,1,0
may,AUX,110,1,0
every,DET,109,1,0
then,ADV,109,1,0
time,NOUN,108,0,0
might,AUX,108,1,0
shall,AUX,107,0,0
know,VERB,106,0,0
own,ADJ,105,1,0
only,ADV,103,1,0
great,ADJ,102,0,0
take,VERB,102,1,0
feeling,NOUN,100,0,0
become,VERB,99,1,0
how,SCONJ,98,1,0
even,ADV,96,1,0
night,NOUN,95,0,0
other,ADJ,94,1,0
towards,ADP,94,1,0
pass,VERB,93,0,0
those,DET,92,1,0
Elizabeth,PROPN,92,0,1
appear,VERB,90,0,0
hear,VERB,88,0,0
mind,NOUN,88,0,0
think,VERB,87,0,0
ever,ADV,85,1,0
heart,NOUN,85,0,0
Gutenberg,PROPN,84,0,1
give,VERB,84,1,0
yet,ADV,84,1,0
Project,PROPN,83,0,1
again,ADV,83,1,0
come,VERB,83,0,0
where,SCONJ,82,1,0
death,NOUN,82,0,0
dear,ADJ,81,0,0
whom,PRON,81,1,0
most,ADV,78,1,0
return,VERB,78,0,0
soon,ADV,75,0,0
must,AUX,74,1,0
place,NOUN,74,0,0
after,ADP,71,1,0
never,ADV,69,1,0
many,ADJ,69,1,0
creature,NOUN,69,0,0
up,ADP,68,1,0
yet,CCONJ,68,1,0
also,ADV,68,1,0
still,ADV,68,1,0
while,SCONJ,68,1,0
such,ADJ,67,1,0
during,ADP,67,1,0
remain,VERB,67,0,0
word,NOUN,67,0,0
thus,ADV,66,1,0
being,NOUN,66,1,0
enter,VERB,66,0,0
spirit,NOUN,65,0,0
same,ADJ,64,1,0
hand,NOUN,64,0,0
very,ADV,63,1,0
misery,NOUN,63,0,0
miserable,ADJ,63,0,0
country,NOUN,62,0,0
few,ADJ,62,1,0
leave,VERB,61,0,0
sometimes,ADV,60,1,0
go,VERB,60,1,0
scene,NOUN,60,0,0
hour,NOUN,59,0,0
Clerval,PROPN,59,0,1
look,VERB,58,0,0
there,PRON,57,1,0
like,ADP,57,0,0
human,ADJ,57,0,0
first,ADJ,56,1,0
thought,NOUN,56,0,0
often,ADV,56,1,0
indeed,ADV,56,1,0
mountain,NOUN,56,0,0
discover,VERB,55,0,0
old,ADJ,55,0,0
cottage,NOUN,55,0,0
Justine,PROPN,55,0,1
over,ADP,54,1,0
power,NOUN,54,0,0
child,NOUN,54,0,0
more,ADJ,54,1,0
moment,NOUN,54,0,0
little,ADJ,53,0,0
year,NOUN,53,0,0
die,VERB,53,0,0
live,VERB,53,0,0
although,SCONJ,53,1,0
several,ADJ,52,1,0
hope,NOUN,52,0,0
until,ADP,52,1,0
nature,NOUN,52,0,0
first,ADV,52,1,0
believe,VERB,52,0,0
love,VERB,52,0,0
among,ADP,51,1,0
horror,NOUN,51,0,0
whose,DET,50,1,0
voice,NOUN,50,0,0
manner,NOUN,50,0,0
happy,ADJ,50,0,0
Felix,PROPN,50,0,1
endeavour,VERB,49,0,0
happiness,NOUN,49,0,0
destroy,VERB,49,0,0
month,NOUN,48,0,0
affection,NOUN,48,0,0
world,NOUN,47,0,0
joy,NOUN,47,0,0
another,DET,47,1,0
countenance,NOUN,47,0,0
idea,NOUN,47,0,0
part,NOUN,46,1,0
away,ADV,46,0,0
seem,VERB,46,1,0
through,ADP,46,1,0
as,ADV,46,1,0
speak,VERB,46,0,0
seek,VERB,46,0,0
long,ADV,46,0,0
sun,NOUN,45,0,0
well,ADV,45,1,0
ice,NOUN,45,0,0
good,ADJ,44,0,0
possess,VERB,44,0,0
sensation,NOUN,44,0,0
continue,VERB,44,0,0
arrive,VERB,43,0,0
despair,NOUN,43,0,0
house,NOUN,43,0,0
chapter,NOUN,42,0,0
endure,VERB,42,0,0
poor,ADJ,42,0,0
quit,VERB,42,0,0
companion,NOUN,42,0,0
far,ADV,41,1,0
letter,NOUN,41,0,0
follow,VERB,41,0,0
new,ADJ,41,0,0
almost,ADV,40,1,0
light,NOUN,40,0,0
begin,VERB,40,0,0
soul,NOUN,40,0,0
lose,VERB,40,0,0
call,VERB,40,1,0
young,ADJ,40,0,0
nothing,PRON,39,1,0
turn,VERB,39,0,0
perceive,VERB,39,0,0
out,ADP,39,1,0
wish,VERB,39,0,0
pleasure,NOUN,39,0,0
without,ADP,38,1,0
two,NUM,38,1,0
behold,VERB,38,0,0
wood,NOUN,38,0,0
sink,VERB,38,0,0
sea,NOUN,37,0,0
himself,PRON,37,1,0
therefore,ADV,37,1,0
morning,NOUN,37,0,0
fear,VERB,37,0,0
sound,NOUN,37,0,0
resolve,VERB,36,0,0
love,NOUN,36,0,0
degree,NOUN,36,0,0
draw,VERB,36,0,0
earth,NOUN,36,0,0
Geneva,PROPN,36,0,1
form,NOUN,36,0,0
here,ADV,35,1,0
remember,VERB,35,0,0
allow,VERB,35,0,0
gentle,ADJ,35,0,0
nor,CCONJ,35,1,0
receive,VERB,35,0,0
why,SCONJ,35,1,0
within,ADP,35,1,0
pursue,VERB,35,0,0
express,VERB,35,0,0
alone,ADV,35,1,0
journey,NOUN,35,0,0
fill,VERB,34,0,0
delight,NOUN,34,0,0
wind,NOUN,34,0,0
learn,VERB,34,0,0
strange,ADJ,34,0,0
appearance,NOUN,34,0,0
before,ADV,34,1,0
state,NOUN,34,0,0
tale,NOUN,34,0,0
suffer,VERB,34,0,0
reflect,VERB,34,0,0
already,ADV,33,1,0
render,VERB,33,0,0
read,VERB,33,0,0
down,ADP,33,1,0
desire,VERB,33,0,0
dare,VERB,33,0,0
however,ADV,33,1,0
room,NOUN,33,0,0
knowledge,NOUN,33,0,0
family,NOUN,33,0,0
rise,VERB,33,0,0
mother,NOUN,33,0,0
fiend,NOUN,33,0,0
understand,VERB,32,0,0
object,NOUN,32,0,0
labour,NOUN,32,0,0
bring,VERB,32,0,0
fall,VERB,32,0,0
misfortune,NOUN,32,0,0
full,ADJ,32,1,0
monster,NOUN,32,0,0
under,ADP,31,1,0
sight,NOUN,31,0,0
visit,VERB,31,0,0
last,ADJ,31,1,0
fix,VERB,31,0,0
name,NOUN,31,1,0
spend,VERB,31,0,0
tear,NOUN,31,0,0
nearly,ADV,31,0,0
existence,NOUN,31,0,0
cause,NOUN,31,0,0
peace,NOUN,31,0,0
lake,NOUN,31,0,0
enemy,NOUN,31,0,0
Frankenstein,PROPN,30,0,1
term,NOUN,30,0,0
law,NOUN,30,0,0
Chapter,PROPN,30,0,1
beauty,NOUN,30,0,0
study,NOUN,30,0,0
place,VERB,30,0,0
town,NOUN,30,0,0
too,ADV,30,1,0
bestow,VERB,30,0,0
air,NOUN,30,0,0
passion,NOUN,30,0,0
event,NOUN,30,0,0
create,VERB,30,0,0
fear,NOUN,29,0,0
near,ADP,29,0,0
reflection,NOUN,29,0,0
science,NOUN,29,0,0
brother,NOUN,29,0,0
reply,VERB,29,0,0
observe,VERB,29,0,0
grief,NOUN,29,0,0
let,VERB,29,0,0
listen,VERB,29,0,0
crime,NOUN,29,0,0
weep,VERB,29,0,0
walk,VERB,28,0,0
dream,NOUN,28,0,0
oh,INTJ,28,0,0
girl,NOUN,28,0,0
once,ADV,28,1,0
throw,VERB,28,0,0
woman,NOUN,28,0,0
sit,VERB,28,0,0
about,ADP,28,1,0
yourself,PRON,28,1,0
each,DET,28,1,0
beautiful,ADJ,28,0,0
agony,NOUN,28,0,0
water,NOUN,28,0,0
cold,ADJ,27,0,0
thousand,NUM,27,0,0
bear,VERB,27,0,0
since,SCONJ,27,1,0
proceed,VERB,27,0,0
kindness,NOUN,27,0,0
occupy,VERB,27,0,0
rather,ADV,27,1,0
care,NOUN,27,0,0
lie,VERB,27,0,0
whole,ADJ,27,1,0
ask,VERB,27,0,0
concern,VERB,27,0,0
length,NOUN,27,0,0
desire,NOUN,27,0,0
hardly,ADV,27,0,0
murderer,NOUN,27,0,0
electronic,ADJ,27,0,0
sister,NOUN,26,0,0
imagination,NOUN,26,0,0
there,ADV,26,1,0
various,ADJ,26,1,0
long,ADJ,26,0,0
other,NOUN,26,1,0
quickly,ADV,26,0,0
change,NOUN,26,0,0
suddenly,ADV,26,0,0
attention,NOUN,26,0,0
enjoy,VERB,26,0,0
lovely,ADJ,26,0,0
Henry,PROPN,26,0,1
fire,NOUN,26,0,0
form,VERB,26,0,0
food,NOUN,26,0,0
language,NOUN,25,0,0
body,NOUN,25,0,0
native,ADJ,25,0,0
cousin,NOUN,25,0,0
step,NOUN,25,0,0
such,DET,25,1,0
person,NOUN,25,0,0
have,VERB,25,0,0
high,ADJ,25,0,0
about,ADV,25,1,0
ground,NOUN,25,0,0
stranger,NOUN,25,0,0
restore,VERB,25,0,0
much,ADV,25,1,0
lead,VERB,25,0,0
dark,ADJ,25,0,0
tell,VERB,25,0,0
face,NOUN,25,0,0
head,NOUN,25,0,0
door,NOUN,25,0,0
tree,NOUN,25,0,0
free,ADJ,25,0,0
William,PROPN,25,0,1
approach,VERB,25,0,0
move,VERB,25,1,0
Safie,PROPN,25,0,1
surround,VERB,24,0,0
discovery,NOUN,24,0,0
path,NOUN,24,0,0
engage,VERB,24,0,0
meet,VERB,24,0,0
circumstance,NOUN,24,0,0
kind,NOUN,24,0,0
write,VERB,24,0,0
relate,VERB,24,0,0
sweet,ADJ,24,0,0
natural,ADJ,24,0,0
pain,NOUN,24,0,0
always,ADV,24,1,0
wretch,NOUN,24,0,0
rage,NOUN,24,0,0
cottager,NOUN,24,0,0
Foundation,PROPN,24,0,1
present,ADJ,23,0,0
overcome,VERB,23,0,0
sympathy,NOUN,23,0,0
watch,VERB,23,0,0
around,ADP,23,1,0
provide,VERB,23,0,0
set,VERB,23,0,0
revenge,NOUN,23,0,0
itself,PRON,22,1,0
creation,NOUN,22,0,0
obtain,VERB,22,0,0
one,NOUN,22,1,0
true,ADJ,22,0,0
describe,VERB,22,0,0
way,NOUN,22,0,0
God,PROPN,22,0,1
duty,NOUN,22,0,0
deep,ADJ,22,0,0
seize,VERB,22,0,0
thing,NOUN,22,0,0
hope,VERB,22,0,0
sorrow,NOUN,22,0,0
only,ADJ,22,1,0
dead,ADJ,22,0,0
unable,ADJ,22,0,0
murder,VERB,22,0,0
anguish,NOUN,22,0,0
Agatha,PROPN,22,0,1
England,PROPN,21,0,1
wonder,NOUN,21,0,0
purpose,NOUN,21,0,0
account,NOUN,21,0,0
history,NOUN,21,0,0
consider,VERB,21,0,0
depart,VERB,21,0,0
pay,VERB,21,0,0
perhaps,ADV,21,1,0
youth,NOUN,21,0,0
conceive,VERB,21,0,0
shore,NOUN,21,0,0
beloved,ADJ,21,0,0
end,NOUN,21,0,0
rest,VERB,21,0,0
destruction,NOUN,21,0,0
deeply,ADV,21,0,0
smile,NOUN,21,0,0
rest,NOUN,21,0,0
Victor,PROPN,21,0,1
open,VERB,21,0,0
cause,VERB,21,0,0
subject,NOUN,21,0,0
against,ADP,21,1,0
gain,VERB,21,0,0
moon,NOUN,21,0,0
murder,NOUN,21,0,0
vengeance,NOUN,21,0,0
spot,NOUN,21,0,0
cloud,NOUN,21,0,0
promise,NOUN,20,0,0
persuade,VERB,20,0,0
land,NOUN,20,0,0
sufficient,ADJ,20,0,0
much,ADJ,20,1,0
vessel,NOUN,20,0,0
answer,VERB,20,0,0
between,ADP,20,1,0
cease,VERB,20,0,0
fellow,NOUN,20,0,0
exclaim,VERB,20,0,0
attend,VERB,20,0,0
prepare,VERB,20,0,0
conversation,NOUN,20,0,0
retire,VERB,20,0,0
mean,NOUN,20,0,0
entirely,ADV,20,0,0
virtue,NOUN,20,0,0
distribute,VERB,20,0,0
different,ADJ,20,0,0
victim,NOUN,20,0,0
creator,NOUN,20,0,0
cover,VERB,20,0,0
use,VERB,19,1,0
task,NOUN,19,0,0
put,VERB,19,1,0
snow,NOUN,19,0,0
expect,VERB,19,0,0
voyage,NOUN,19,0,0
commence,VERB,19,0,0
boat,NOUN,19,0,0
suppose,VERB,19,0,0
blood,NOUN,19,0,0
easily,ADV,19,0,0
collect,VERB,19,0,0
none,NOUN,19,1,0
plan,NOUN,19,0,0
pursuit,NOUN,19,0,0
bind,VERB,19,0,0
progress,NOUN,19,0,0
perform,VERB,19,0,0
dæmon,NOUN,19,0,0
health,NOUN,19,0,0
unhappy,ADJ,19,0,0
direct,VERB,19,0,0
innocent,ADJ,19,0,0
occupation,NOUN,19,0,0
son,NOUN,19,0,0
no,ADV,19,1,0
alas,INTJ,19,0,0
tear,VERB,19,0,0
produce,VERB,19,0,0
wretched,ADJ,19,0,0
wander,VERB,19,0,0
bitter,ADJ,19,0,0
copyright,NOUN,19,0,0
include,VERB,18,0,0
increase,VERB,18,0,0
try,VERB,18,0,0
present,VERB,18,0,0
calm,ADJ,18,0,0
foot,NOUN,18,0,0
courage,NOUN,18,0,0
fail,VERB,18,0,0
necessary,ADJ,18,0,0
book,NOUN,18,0,0
because,SCONJ,18,1,0
consolation,NOUN,18,0,0
fate,NOUN,18,0,0
promise,VERB,18,0,0
continually,ADV,18,0,0
side,NOUN,18,1,0
break,VERB,18,0,0
afford,VERB,18,0,0
small,ADJ,18,0,0
lip,NOUN,18,0,0
memory,NOUN,18,0,0
course,NOUN,18,0,0
procure,VERB,18,0,0
heaven,NOUN,18,0,0
departure,NOUN,18,0,0
comply,VERB,18,0,0
extreme,ADJ,18,0,0
return,NOUN,18,0,0
hide,VERB,18,0,0
innocence,NOUN,18,0,0
agreement,NOUN,18,0,0
assure,VERB,17,0,0
just,ADV,17,1,0
river,NOUN,17,0,0
secret,NOUN,17,0,0
sleep,NOUN,17,0,0
period,NOUN,17,0,0
evil,NOUN,17,0,0
wonderful,ADJ,17,0,0
something,PRON,17,1,0
suffering,NOUN,17,0,0
expression,NOUN,17,0,0
across,ADP,17,1,0
burn,VERB,17,0,0
determine,VERB,17,0,0
future,ADJ,17,0,0
hasten,VERB,17,0,0
change,VERB,17,0,0
afterwards,ADV,17,1,0
arise,VERB,17,0,0
forget,VERB,17,0,0
gaze,VERB,17,0,0
short,ADJ,17,0,0
forth,ADV,17,0,0
most,ADJ,16,1,0
information,NOUN,16,0,0
regard,VERB,16,1,0
solitude,NOUN,16,0,0
danger,NOUN,16,0,0
early,ADJ,16,0,0
branch,NOUN,16,0,0
do,VERB,16,1,0
commit,VERB,16,0,0
self,NOUN,16,0,0
age,NOUN,16,0,0
union,NOUN,16,0,0
instantly,ADV,16,0,0
support,VERB,16,0,0
recover,VERB,16,0,0
pause,VERB,16,0,0
agree,VERB,16,0,0
sky,NOUN,16,0,0
bed,NOUN,16,0,0
home,NOUN,16,0,0
Ingolstadt,PROPN,16,0,1
descend,VERB,16,0,0
black,ADJ,16,0,0
awake,VERB,16,0,0
instrument,NOUN,16,0,0
darkness,NOUN,16,0,0
rain,NOUN,16,0,0
inhabit,VERB,16,0,0
torture,NOUN,16,0,0
thy,PRON,16,0,0
utter,VERB,16,0,0
abhor,VERB,16,0,0
copy,NOUN,16,0,0
use,NOUN,15,0,0
United,PROPN,15,0,1
States,PROPN,15,0,1
accompany,VERB,15,0,0
prospect,NOUN,15,0,0
excellent,ADJ,15,0,0
marriage,NOUN,15,0,0
silent,ADJ,15,0,0
distance,NOUN,15,0,0
address,VERB,15,0,0
limb,NOUN,15,0,0
carry,VERB,15,0,0
except,SCONJ,15,1,0
daughter,NOUN,15,0,0
unfortunate,ADJ,15,0,0
whether,SCONJ,15,1,0
play,VERB,15,0,0
presence,NOUN,15,0,0
stand,VERB,15,0,0
ill,ADJ,15,0,0
philosophy,NOUN,15,0,0
view,NOUN,15,0,0
strength,NOUN,15,0,0
effect,NOUN,15,0,0
employ,VERB,15,0,0
field,NOUN,15,0,0
sleep,VERB,15,0,0
window,NOUN,15,0,0
cry,VERB,15,0,0
remorse,NOUN,15,0,0
horrible,ADJ,15,0,0
society,NOUN,15,0,0
hovel,NOUN,15,0,0
donation,NOUN,15,0,0
require,VERB,14,0,0
curiosity,NOUN,14,0,0
all,ADV,14,1,0
mine,NOUN,14,1,0
agitation,NOUN,14,0,0
point,NOUN,14,0,0
admiration,NOUN,14,0,0
raise,VERB,14,0,0
sledge,NOUN,14,0,0
week,NOUN,14,0,0
question,NOUN,14,0,0
succeed,VERB,14,0,0
save,VERB,14,0,0
wild,ADJ,14,0,0
keep,VERB,14,1,0
consent,VERB,14,0,0
herself,PRON,14,1,0
confess,VERB,14,0,0
former,ADJ,14,1,0
interest,NOUN,14,0,0
attempt,VERB,14,0,0
melancholy,ADJ,14,0,0
people,NOUN,14,0,0
frame,NOUN,14,0,0
well,ADJ,14,1,0
amiable,ADJ,14,0,0
presently,ADV,14,0,0
wish,NOUN,14,0,0
truth,NOUN,14,0,0
wait,VERB,14,0,0
wretchedness,NOUN,14,0,0
mean,VERB,14,0,0
benevolent,ADJ,14,0,0
tranquillity,NOUN,14,0,0
fulfil,VERB,14,0,0
capable,ADJ,14,0,0
what,DET,14,1,0
hang,VERB,14,0,0
join,VERB,14,0,0
prove,VERB,14,0,0
protector,NOUN,14,0,0
minute,NOUN,14,0,0
kind,ADJ,14,0,0
tremble,VERB,14,0,0
forward,ADV,14,0,0
disturb,VERB,14,0,0
hatred,NOUN,14,0,0
condemn,VERB,14,0,0
wave,NOUN,14,0,0
cheek,NOUN,13,0,0
advance,VERB,13,0,0
reach,VERB,13,0,0
heaven,PROPN,13,0,1
imagine,VERB,13,0,0
entreat,VERB,13,0,0
difficulty,NOUN,13,0,0
disposition,NOUN,13,0,0
story,NOUN,13,0,0
money,NOUN,13,0,0
toil,NOUN,13,0,0
permit,VERB,13,0,0
winter,NOUN,13,0,0
scarcely,ADV,13,0,0
very,ADJ,13,1,0
star,NOUN,13,0,0
situation,NOUN,13,0,0
excite,VERB,13,0,0
shut,VERB,13,0,0
fatigue,NOUN,13,0,0
show,VERB,13,1,0
fellow,ADJ,13,0,0
ought,AUX,13,0,0
mine,PRON,13,1,0
convey,VERB,13,0,0
next,ADJ,13,1,0
frightful,ADJ,13,0,0
distinguish,VERB,13,0,0
conceal,VERB,13,0,0
exertion,NOUN,13,0,0
arm,NOUN,13,0,0
parent,NOUN,13,0,0
fair,ADJ,13,0,0
hill,NOUN,13,0,0
silence,NOUN,13,0,0
contemplate,VERB,13,0,0
shine,VERB,13,0,0
oblige,VERB,13,0,0
extinguish,VERB,13,0,0
rush,VERB,13,0,0
mention,VERB,13,0,0
instant,NOUN,13,0,0
apply,VERB,13,0,0
animal,NOUN,13,0,0
examine,VERB,13,0,0
summit,NOUN,13,0,0
Arabian,PROPN,13,0,1
lay,VERB,13,0,0
hold,VERB,13,0,0
servant,NOUN,13,0,0
Ernest,PROPN,13,0,1
soothe,VERB,13,0,0
cast,VERB,13,0,0
magistrate,NOUN,13,0,0
prison,NOUN,13,0,0
mighty,ADJ,13,0,0
Kirwin,PROPN,13,0,1
fee,NOUN,13,0,0
trademark,NOUN,13,0,0
paragraph,NOUN,13,0,0
Literary,PROPN,13,0,1
Archive,PROPN,13,0,1
modern,ADJ,12,0,0
Letter,PROPN,12,0,1
success,NOUN,12,0,0
undertaking,NOUN,12,0,0
breeze,NOUN,12,0,0
work,VERB,12,0,0
latter,ADJ,12,1,0
certainly,ADV,12,0,0
run,VERB,12,0,0
acquaint,VERB,12,0,0
greatly,ADV,12,0,0
sense,NOUN,12,0,0
noble,ADJ,12,0,0
city,NOUN,12,0,0
lady,NOUN,12,0,0
refuse,VERB,12,0,0
spring,NOUN,12,0,0
season,NOUN,12,0,0
back,ADV,12,1,0
picture,NOUN,12,0,0
happen,VERB,12,0,0
themselves,PRON,12,1,0
inhabitant,NOUN,12,0,0
deprive,VERB,12,0,0
off,ADP,12,1,0
flee,VERB,12,0,0
doubt,VERB,12,0,0
thank,VERB,12,0,0
destiny,NOUN,12,0,0
least,ADJ,12,1,0
ear,NOUN,12,0,0
wife,NOUN,12,0,0
justice,NOUN,12,0,0
recollection,NOUN,12,0,0
relieve,VERB,12,0,0
village,NOUN,12,0,0
evening,NOUN,12,0,0
slight,ADJ,12,0,0
associate,VERB,12,0,0
urge,VERB,12,0,0
professor,NOUN,12,0,0
desert,NOUN,12,0,0
mark,VERB,12,0,0
arrange,VERB,12,0,0
surely,ADV,12,0,0
cheerful,ADJ,12,0,0
Mont,PROPN,12,0,1
shudder,VERB,12,0,0
rock,NOUN,12,0,0
access,NOUN,12,0,0
hunger,NOUN,12,0,0
curse,VERB,12,0,0
dreadful,ADJ,12,0,0
author,NOUN,11,0,0
eternal,ADJ,11,0,0
induce,VERB,11,0,0
conjecture,VERB,11,0,0
mankind,NOUN,11,0,0
possible,ADJ,11,0,0
enthusiasm,NOUN,11,0,0
favourite,ADJ,11,0,0
devote,VERB,11,0,0
demand,VERB,11,0,0
sustain,VERB,11,0,0
pleasant,ADJ,11,0,0
three,NUM,11,1,0
paper,NOUN,11,0,0
reality,NOUN,11,0,0
ocean,NOUN,11,0,0
master,NOUN,11,0,0
add,VERB,11,0,0
honour,NOUN,11,0,0
occasion,NOUN,11,0,0
warm,ADJ,11,0,0
warmth,NOUN,11,0,0
incident,NOUN,11,0,0
figure,NOUN,11,0,0
accident,NOUN,11,0,0
record,VERB,11,0,0
witness,NOUN,11,0,0
finish,VERB,11,0,0
bless,VERB,11,0,0
accordingly,ADV,11,0,0
hop,VERB,11,0,0
vast,ADJ,11,0,0
low,ADJ,11,0,0
open,ADJ,11,0,0
satisfied,ADJ,11,0,0
fresh,ADJ,11,0,0
remove,VERB,11,0,0
gloom,NOUN,11,0,0
compassion,NOUN,11,0,0
utterly,ADV,11,0,0
emotion,NOUN,11,0,0
above,ADP,11,1,0
renew,VERB,11,0,0
rapidly,ADV,11,0,0
protect,VERB,11,0,0
act,VERB,11,0,0
peasant,NOUN,11,0,0
hair,NOUN,11,0,0
clear,ADJ,11,0,0
blue,ADJ,11,0,0
specie,NOUN,11,0,0
garden,NOUN,11,0,0
sad,ADJ,11,0,0
ruin,NOUN,11,0,0
devil,NOUN,11,0,0
occur,VERB,11,0,0
exhibit,VERB,11,0,0
press,VERB,11,0,0
long,VERB,11,0,0
white,ADJ,11,0,0
simple,ADJ,11,0,0
leaf,NOUN,11,0,0
guilty,ADJ,11,0,0
drive,VERB,11,0,0
escape,VERB,11,0,0
hideous,ADJ,11,0,0
confirm,VERB,11,0,0
reason,NOUN,11,0,0
trial,NOUN,11,0,0
around,ADV,11,1,0
exist,VERB,11,0,0
swear,VERB,11,0,0
threat,NOUN,11,0,0
enterprise,NOUN,10,0,0
evil,ADJ,10,0,0
travel,VERB,10,0,0
region,NOUN,10,0,0
Margaret,PROPN,10,0,1
passage,NOUN,10,0,0
elevate,VERB,10,0,0
compose,VERB,10,0,0
fortune,NOUN,10,0,0
sailor,NOUN,10,0,0
resolution,NOUN,10,0,0
fly,VERB,10,0,0
prevent,VERB,10,0,0
intend,VERB,10,0,0
want,NOUN,10,0,0
sympathise,VERB,10,0,0
bitterly,ADV,10,0,0
enough,ADV,10,1,0
bosom,NOUN,10,0,0
assist,VERB,10,0,0
gentleness,NOUN,10,0,0
character,NOUN,10,0,0
considerable,ADJ,10,0,0
Turk,PROPN,10,0,1
ignorant,ADJ,10,0,0
safety,NOUN,10,0,0
communicate,VERB,10,0,0
smile,VERB,10,0,0
hurry,VERB,10,0,0
apparently,ADV,10,0,0
ardently,ADV,10,0,0
experience,VERB,10,0,0
possession,NOUN,10,0,0
shape,NOUN,10,0,0
distant,ADJ,10,0,0
fact,NOUN,10,0,0
accent,NOUN,10,0,0
eat,VERB,10,0,0
torment,VERB,10,0,0
alone,ADJ,10,1,0
violence,NOUN,10,0,0
divine,ADJ,10,0,0
alter,VERB,10,0,0
evidence,NOUN,10,0,0
storm,NOUN,10,0,0
poverty,NOUN,10,0,0
conduct,VERB,10,0,0
enjoyment,NOUN,10,0,0
five,NUM,10,1,0
send,VERB,10,0,0
charge,NOUN,10,0,0
look,NOUN,10,0,0
explain,VERB,10,0,0
permission,NOUN,10,0,0
forth,ADP,10,0,0
gloomy,ADJ,10,0,0
instead,ADV,10,0,0
terrible,ADJ,10,0,0
stream,NOUN,10,0,0
vanish,VERB,10,0,0
explanation,NOUN,10,0,0
fever,NOUN,10,0,0
sicken,VERB,10,0,0
solitary,ADJ,10,0,0
apartment,NOUN,10,0,0
visit,NOUN,10,0,0
really,ADV,10,1,0
residence,NOUN,10,0,0
remembrance,NOUN,10,0,0
vice,NOUN,10,0,0
corpse,NOUN,10,0,0
belong,VERB,10,0,0
court,NOUN,10,0,0
superior,ADJ,10,0,0
accuse,VERB,10,0,0
Switzerland,PROPN,10,0,1
guilt,NOUN,10,0,0
terror,NOUN,10,0,0
valley,NOUN,10,0,0
display,VERB,10,0,0
thee,PRON,10,0,0
rouse,VERB,10,0,0
strike,VERB,10,0,0
blind,ADJ,10,0,0
Paris,PROPN,10,0,1
eBook,PROPN,9,0,1
anyone,PRON,9,1,0
copy,VERB,9,0,0
License,PROPN,9,0,1
street,NOUN,9,0,0
precede,VERB,9,0,0
sail,VERB,9,0,0
hitherto,NOUN,9,0,0
feature,NOUN,9,0,0
motion,NOUN,9,0,0
able,ADJ,9,0,0
satisfy,VERB,9,0,0
useless,ADJ,9,0,0
wide,ADJ,9,0,0
owe,VERB,9,0,0
lover,NOUN,9,0,0
together,ADV,9,1,0
weather,NOUN,9,0,0
so,SCONJ,9,1,0
fearful,ADJ,9,0,0
traverse,VERB,9,0,0
sake,NOUN,9,0,0
dog,NOUN,9,0,0
talk,VERB,9,0,0
alive,ADJ,9,0,0
island,NOUN,9,0,0
surprise,NOUN,9,0,0
condition,NOUN,9,0,0
cabin,NOUN,9,0,0
force,VERB,9,0,0
madness,NOUN,9,0,0
judge,VERB,9,0,0
animate,VERB,9,0,0
art,NOUN,9,0,0
illness,NOUN,9,0,0
argument,NOUN,9,0,0
detail,NOUN,9,0,0
ardour,NOUN,9,0,0
share,VERB,9,0,0
relation,NOUN,9,0,0
case,NOUN,9,0,0
partly,ADV,9,0,0
answer,NOUN,9,0,0
retreat,NOUN,9,0,0
ten,NUM,9,1,0
meantime,NOUN,9,0,0
eagerly,ADV,9,0,0
avoid,VERB,9,0,0
fancy,NOUN,9,0,0
action,NOUN,9,0,0
dwelling,NOUN,9,0,0
besides,ADV,9,1,0
confine,VERB,9,0,0
penetrate,VERB,9,0,0
teach,VERB,9,0,0
thunder,NOUN,9,0,0
disappear,VERB,9,0,0
immediate,ADJ,9,0,0
effort,NOUN,9,0,0
Krempe,PROPN,9,0,1
Waldman,PROPN,9,0,1
along,ADP,9,1,0
ascend,VERB,9,0,0
shadow,NOUN,9,0,0
decide,VERB,9,0,0
surprised,ADJ,9,0,0
grasp,NOUN,9,0,0
claim,VERB,9,0,0
hell,NOUN,9,0,0
dread,VERB,9,0,0
contain,VERB,9,0,0
excess,NOUN,9,0,0
aunt,NOUN,9,0,0
neck,NOUN,9,0,0
trace,NOUN,9,0,0
charge,VERB,9,0,0
no,INTJ,9,1,0
beneath,ADP,9,0,0
view,VERB,9,0,0
help,VERB,9,0,0
De,PROPN,9,0,1
Lacey,PROPN,9,0,1
image,NOUN,9,0,0
project,NOUN,8,0,0
London,PROPN,8,0,1
vain,ADJ,8,0,0
banish,VERB,8,0,0
attract,VERB,8,0,0
ardent,ADJ,8,0,0
benefit,NOUN,8,0,0
neglect,VERB,8,0,0
uncle,NOUN,8,0,0
vision,NOUN,8,0,0
acquainted,ADJ,8,0,0
disappointment,NOUN,8,0,0
hire,VERB,8,0,0
firm,ADJ,8,0,0
about,ADJ,8,1,0
deck,NOUN,8,0,0
ambition,NOUN,8,0,0
road,NOUN,8,0,0
intention,NOUN,8,0,0
ship,NOUN,8,0,0
gratitude,NOUN,8,0,0
Walton,PROPN,8,0,1
depend,VERB,8,0,0
absence,NOUN,8,0,0
execution,NOUN,8,0,0
magnificent,ADJ,8,0,0
need,VERB,8,0,0
merchant,NOUN,8,0,0
astonishing,ADJ,8,0,0
otherwise,ADV,8,1,0
delay,VERB,8,0,0
impossible,ADJ,8,0,0
mist,NOUN,8,0,0
summer,NOUN,8,0,0
bad,ADJ,8,0,0
pour,VERB,8,0,0
close,VERB,8,0,0
stretch,VERB,8,0,0
grow,VERB,8,0,0
mile,NOUN,8,0,0
guide,VERB,8,0,0
occurrence,NOUN,8,0,0
large,ADJ,8,0,0
loose,ADJ,8,0,0
busy,ADJ,8,0,0
tooth,NOUN,8,0,0
woe,NOUN,8,0,0
oppress,VERB,8,0,0
guest,NOUN,8,0,0
improve,VERB,8,0,0
pity,NOUN,8,0,0
flow,VERB,8,0,0
converse,VERB,8,0,0
burst,VERB,8,0,0
strongly,ADV,8,0,0
thirst,NOUN,8,0,0
quality,NOUN,8,0,0
determination,NOUN,8,0,0
strong,ADJ,8,0,0
birth,NOUN,8,0,0
public,ADJ,8,0,0
welcome,VERB,8,0,0
straw,NOUN,8,0,0
chamber,NOUN,8,0,0
devoted,ADJ,8,0,0
inspire,VERB,8,0,0
yield,VERB,8,0,0
attach,VERB,8,0,0
lesson,NOUN,8,0,0
single,ADJ,8,0,0
beyond,ADP,8,1,0
angel,NOUN,8,0,0
bright,ADJ,8,0,0
shed,VERB,8,0,0
league,NOUN,8,0,0
violent,ADJ,8,0,0
perfectly,ADV,8,0,0
amidst,ADP,8,0,0
Agrippa,PROPN,8,0,1
fatal,ADJ,8,0,0
impulse,NOUN,8,0,0
study,VERB,8,0,0
philosopher,NOUN,8,0,0
behind,ADP,8,1,0
sudden,ADJ,8,0,0
anything,PRON,8,1,0
anxiety,NOUN,8,0,0
familiar,ADJ,8,0,0
bitterness,NOUN,8,0,0
whilst,SCONJ,8,0,0
conclusion,NOUN,8,0,0
sentence,NOUN,8,0,0
improvement,NOUN,8,0,0
pronounce,VERB,8,0,0
less,ADV,8,1,0
unless,SCONJ,8,1,0
impress,VERB,8,0,0
lifeless,ADJ,8,0,0
attempt,NOUN,8,0,0
start,VERB,8,0,0
preserve,VERB,8,0,0
near,ADV,8,0,0
refuge,NOUN,8,0,0
approach,NOUN,8,0,0
weigh,VERB,8,0,0
sincerely,ADV,8,0,0
arrival,NOUN,8,0,0
sens,NOUN,8,0,0
sentiment,NOUN,8,0,0
consume,VERB,8,0,0
calm,VERB,8,0,0
dissipate,VERB,8,0,0
lively,ADJ,8,0,0
wound,NOUN,8,0,0
wear,VERB,8,0,0
Blanc,PROPN,8,0,1
deformity,NOUN,8,0,0
precipice,NOUN,8,0,0
speech,NOUN,8,0,0
judge,NOUN,8,0,0
obscure,ADJ,8,0,0
bank,NOUN,8,0,0
solemn,ADJ,8,0,0
enable,VERB,8,0,0
hate,VERB,8,0,0
choose,VERB,8,0,0
right,NOUN,8,0,0
locate,VERB,7,0,0
check,VERB,7,0,0
date,NOUN,7,0,0
wondrous,ADJ,7,0,0
hardship,NOUN,7,0,0
glory,NOUN,7,0,0
favourable,ADJ,7,0,0
accustomed,ADJ,7,0,0
ah,INTJ,7,0,0
beat,VERB,7,0,0
intense,ADJ,7,0,0
secure,VERB,7,0,0
ago,ADV,7,0,0
inform,VERB,7,0,0
remain,NOUN,7,0,0
half,NOUN,7,0,0
execute,VERB,7,0,0
opportunity,NOUN,7,0,0
safe,ADJ,7,0,0
speedily,ADV,7,0,0
breathe,VERB,7,0,0
encounter,VERB,7,0,0
endeavour,NOUN,7,0,0
swell,VERB,7,0,0
direction,NOUN,7,0,0
stature,NOUN,7,0,0
traveller,NOUN,7,0,0
free,VERB,7,0,0
perish,VERB,7,0,0
animation,NOUN,7,0,0
quantity,NOUN,7,0,0
sign,NOUN,7,0,0
slow,ADJ,7,0,0
benevolence,NOUN,7,0,0
weight,NOUN,7,0,0
aspect,NOUN,7,0,0
notice,NOUN,7,0,0
interval,NOUN,7,0,0
finger,NOUN,7,0,0
groan,NOUN,7,0,0
train,NOUN,7,0,0
friendship,NOUN,7,0,0
overwhelm,VERB,7,0,0
quick,ADJ,7,0,0
Beaufort,PROPN,7,0,1
unknown,ADJ,7,0,0
unite,VERB,7,0,0
employment,NOUN,7,0,0
close,ADV,7,0,0
shake,VERB,7,0,0
elapse,VERB,7,0,0
immediately,ADV,7,0,0
Italy,PROPN,7,0,1
both,DET,7,1,0
gather,VERB,7,0,0
hard,ADJ,7,0,0
bend,VERB,7,0,0
distinct,ADJ,7,0,0
property,NOUN,7,0,0
result,NOUN,7,0,0
application,NOUN,7,0,0
sublime,ADJ,7,0,0
reside,VERB,7,0,0
close,ADJ,7,0,0
government,NOUN,7,0,0
peaceful,ADJ,7,0,0
real,ADJ,7,0,0
source,NOUN,7,0,0
waste,VERB,7,0,0
home,ADV,7,0,0
beside,ADP,7,1,0
shade,NOUN,7,0,0
ancient,ADJ,7,0,0
university,NOUN,7,0,0
malignity,NOUN,7,0,0
expectation,NOUN,7,0,0
indulge,VERB,7,0,0
console,VERB,7,0,0
deliver,VERB,7,0,0
recollect,VERB,7,0,0
unlike,ADP,7,0,0
hiding,NOUN,7,0,0
mild,ADJ,7,0,0
certain,ADJ,7,0,0
laboratory,NOUN,7,0,0
fine,ADJ,7,0,0
aid,VERB,7,0,0
material,NOUN,7,0,0
speed,NOUN,7,0,0
fall,NOUN,7,0,0
amusement,NOUN,7,0,0
agitate,VERB,7,0,0
spring,VERB,7,0,0
serene,ADJ,7,0,0
nurse,NOUN,7,0,0
revive,VERB,7,0,0
alteration,NOUN,7,0,0
Moritz,PROPN,7,0,1
admire,VERB,7,0,0
decline,VERB,7,0,0
harsh,ADJ,7,0,0
design,NOUN,7,0,0
away,ADP,7,0,0
additional,ADJ,7,0,0
deed,NOUN,7,0,0
cross,VERB,7,0,0
drop,NOUN,7,0,0
terrific,ADJ,7,0,0
lean,VERB,7,0,0
creep,VERB,7,0,0
sorrowful,ADJ,7,0,0
indignation,NOUN,7,0,0
hellish,ADJ,7,0,0
mad,ADJ,7,0,0
threaten,VERB,7,0,0
survive,VERB,7,0,0
boundary,NOUN,7,0,0
past,NOUN,7,0,0
malice,NOUN,7,0,0
habitation,NOUN,7,0,0
bare,ADJ,7,0,0
begone,NOUN,7,0,0
hut,NOUN,7,0,0
heat,NOUN,7,0,0
experience,NOUN,7,0,0
accept,VERB,7,0,0
force,NOUN,7,0,0
fury,NOUN,7,0,0
haunt,VERB,7,0,0
request,NOUN,7,0,0
portion,NOUN,7,0,0
land,VERB,7,0,0
adversary,NOUN,7,0,0
eBooks,PROPN,7,0,1
refund,NOUN,7,0,0
format,NOUN,6,0,0
northern,ADJ,6,0,0
frost,NOUN,6,0,0
desolation,NOUN,6,0,0
visible,ADJ,6,0,0
horizon,NOUN,6,0,0
present,NOUN,6,0,0
education,NOUN,6,0,0
volume,NOUN,6,0,0
advantage,NOUN,6,0,0
offer,VERB,6,0,0
second,ADJ,6,0,0
service,NOUN,6,0,0
deserve,VERB,6,0,0
wealth,NOUN,6,0,0
wrap,VERB,6,0,0
exercise,NOUN,6,0,0
Heaven,PROPN,6,0,1
blessing,NOUN,6,0,0
be,VERB,6,1,0
medium,NOUN,6,0,0
taste,NOUN,6,0,0
conviction,NOUN,6,0,0
humanity,NOUN,6,0,0
respect,NOUN,6,0,0
generous,ADJ,6,0,0
conduct,NOUN,6,0,0
conception,NOUN,6,0,0
consideration,NOUN,6,0,0
immense,ADJ,6,0,0
line,NOUN,6,0,0
element,NOUN,6,0,0
August,PROPN,6,0,1
thick,ADJ,6,0,0
half,DET,6,0,0
gigantic,ADJ,6,0,0
rapid,ADJ,6,0,0
light,ADJ,6,0,0
astonishment,NOUN,6,0,0
resource,NOUN,6,0,0
faint,VERB,6,0,0
swallow,VERB,6,0,0
interesting,ADJ,6,0,0
generally,ADV,6,0,0
act,NOUN,6,0,0
assume,VERB,6,0,0
multitude,NOUN,6,0,0
after,ADV,6,1,0
inquire,VERB,6,0,0
gradually,ADV,6,0,0
constant,ADJ,6,0,0
favour,NOUN,6,0,0
warm,VERB,6,0,0
acquire,VERB,6,0,0
race,NOUN,6,0,0
lot,NOUN,6,0,0
respect,VERB,6,0,0
everything,PRON,6,1,0
expressive,ADJ,6,0,0
touch,VERB,6,0,0
music,NOUN,6,0,0
win,VERB,6,0,0
interrupt,VERB,6,0,0
embrace,VERB,6,0,0
abode,NOUN,6,0,0
support,NOUN,6,0,0
kneel,VERB,6,0,0
soft,ADJ,6,0,0
infant,NOUN,6,0,0
ramble,NOUN,6,0,0
nurse,VERB,6,0,0
exert,VERB,6,0,0
dungeon,NOUN,6,0,0
bloom,VERB,6,0,0
rude,ADJ,6,0,0
majestic,ADJ,6,0,0
temper,NOUN,6,0,0
general,ADJ,6,0,0
boy,NOUN,6,0,0
genius,NOUN,6,0,0
narration,NOUN,6,0,0
Cornelius,PROPN,6,0,1
victor,NOUN,6,0,0
apprehension,NOUN,6,0,0
struggle,VERB,6,0,0
search,NOUN,6,0,0
stone,NOUN,6,0,0
custom,NOUN,6,0,0
desert,VERB,6,0,0
tie,NOUN,6,0,0
please,VERB,6,1,0
sir,NOUN,6,0,0
beginning,NOUN,6,0,0
lecture,NOUN,6,0,0
recess,NOUN,6,0,0
escape,NOUN,6,0,0
merely,ADV,6,0,0
particularly,ADV,6,0,0
instruction,NOUN,6,0,0
irksome,ADJ,6,0,0
worm,NOUN,6,0,0
reserve,VERB,6,0,0
painful,ADJ,6,0,0
point,VERB,6,0,0
operation,NOUN,6,0,0
grave,NOUN,6,0,0
tremble,ADJ,6,0,0
habit,NOUN,6,0,0
tremendous,ADJ,6,0,0
remind,VERB,6,0,0
doom,VERB,6,0,0
complete,ADJ,6,0,0
proportion,NOUN,6,0,0
wet,ADJ,6,0,0
seldom,ADV,6,0,0
guess,VERB,6,0,0
chair,NOUN,6,0,0
laugh,VERB,6,0,0
loud,ADJ,6,0,0
extent,NOUN,6,0,0
placid,ADJ,6,0,0
conscience,NOUN,6,0,0
trouble,VERB,6,0,0
inflict,VERB,6,0,0
hat,VERB,6,0,0
late,ADJ,6,0,0
bid,VERB,6,0,0
intercourse,NOUN,6,0,0
ecstasy,NOUN,6,0,0
flower,NOUN,6,0,0
notwithstanding,ADP,6,0,0
news,NOUN,6,0,0
prolong,VERB,6,0,0
snowy,ADJ,6,0,0
delirium,NOUN,6,0,0
piece,NOUN,6,0,0
mortal,ADJ,6,0,0
earnestly,ADV,6,0,0
rely,VERB,6,0,0
deadly,ADJ,6,0,0
mockery,NOUN,6,0,0
dress,VERB,6,0,0
violently,ADV,6,0,0
criminal,ADJ,6,0,0
declare,VERB,6,0,0
heavy,ADJ,6,0,0
past,ADJ,6,0,0
blast,VERB,6,0,0
plunge,VERB,6,0,0
lest,ADP,6,0,0
wickedness,NOUN,6,0,0
abhorrence,NOUN,6,0,0
utmost,ADJ,6,0,0
injustice,NOUN,6,0,0
destroyer,NOUN,6,0,0
injury,NOUN,6,0,0
castle,NOUN,6,0,0
glacier,NOUN,6,0,0
whisper,VERB,6,0,0
glorious,ADJ,6,0,0
desolate,ADJ,6,0,0
opposite,ADJ,6,0,0
chance,NOUN,6,0,0
spurn,VERB,6,0,0
thou,NOUN,6,0,0
cave,NOUN,6,0,0
neighbourhood,NOUN,6,0,0
harmless,ADJ,6,0,0
either,CCONJ,6,1,0
forest,NOUN,6,0,0
berry,NOUN,6,0,0
bird,NOUN,6,0,0
dry,ADJ,6,0,0
milk,NOUN,6,0,0
method,NOUN,6,0,0
tone,NOUN,6,0,0
Leghorn,PROPN,6,0,1
fiendish,ADJ,6,0,0
conjure,VERB,6,0,0
September,PROPN,6,0,1
Rhine,PROPN,6,0,1
mark,NOUN,6,0,0
prey,NOUN,6,0,0
royalty,NOUN,6,0,0
license,NOUN,6,0,0
distribution,NOUN,6,0,0
tax,NOUN,6,0,0
volunteer,NOUN,6,0,0
cost,NOUN,5,0,0
English,PROPN,5,0,1
GUTENBERG,PROPN,5,0,1
content,NOUN,5,0,0
disaster,NOUN,5,0,0
commencement,NOUN,5,0,0
north,ADV,5,0,0
regulate,VERB,5,0,0
celestial,ADJ,5,0,0
mate,NOUN,5,0,0
expedition,NOUN,5,0,0
false,ADJ,5,0,0
generation,NOUN,5,0,0
whole,NOUN,5,1,0
fond,ADJ,5,0,0
forbid,VERB,5,0,0
poet,NOUN,5,0,0
thirst,ADJ,5,0,0
want,VERB,5,0,0
common,ADJ,5,0,0
theory,NOUN,5,0,0
physical,ADJ,5,0,0
derive,VERB,5,0,0
own,VERB,5,1,0
luxury,NOUN,5,0,0
encourage,VERB,5,0,0
fortitude,NOUN,5,0,0
opinion,NOUN,5,0,0
agreeable,ADJ,5,0,0
dress,NOUN,5,0,0
difference,NOUN,5,0,0
seat,VERB,5,0,0
severe,ADJ,5,0,0
company,NOUN,5,0,0
deem,VERB,5,0,0
necessity,NOUN,5,0,0
twenty,NUM,5,1,0
phrase,NOUN,5,0,0
board,NOUN,5,0,0
usual,ADJ,5,0,0
peculiarly,ADV,5,0,0
fortunate,ADJ,5,0,0
destine,VERB,5,0,0
abandon,VERB,5,0,0
remainder,NOUN,5,0,0
marry,VERB,5,0,0
accord,VERB,5,0,0
confide,VERB,5,0,0
near,ADJ,5,0,0
disclose,VERB,5,0,0
attachment,NOUN,5,0,0
dangerous,ADJ,5,0,0
mystery,NOUN,5,0,0
triumph,NOUN,5,0,0
stop,VERB,5,0,0
somewhat,ADV,5,0,0
plain,NOUN,5,0,0
anxious,ADJ,5,0,0
north,NOUN,5,0,0
apparition,NOUN,5,0,0
someone,PRON,5,1,0
whither,NOUN,5,1,0
exchange,VERB,5,0,0
wretche,VERB,5,0,0
measure,NOUN,5,0,0
light,VERB,5,0,0
travel,NOUN,5,0,0
yes,INTJ,5,0,0
inquiry,NOUN,5,0,0
certainty,NOUN,5,0,0
midnight,NOUN,5,0,0
eagerness,NOUN,5,0,0
weak,ADJ,5,0,0
wreck,NOUN,5,0,0
unparalleled,ADJ,5,0,0
eloquence,NOUN,5,0,0
frequently,ADV,5,0,0
dash,VERB,5,0,0
slave,NOUN,5,0,0
awaken,VERB,5,0,0
aid,NOUN,5,0,0
subdue,VERB,5,0,0
expose,VERB,5,0,0
series,NOUN,5,0,0
repose,VERB,5,0,0
mistaken,ADJ,5,0,0
leisure,NOUN,5,0,0
thin,ADJ,5,0,0
early,ADV,5,0,0
formerly,ADV,5,1,0
pride,NOUN,5,0,0
little,ADV,5,0,0
worthy,ADJ,5,0,0
situate,VERB,5,0,0
hold,NOUN,5,0,0
sickness,NOUN,5,0,0
blow,NOUN,5,0,0
coffin,NOUN,5,0,0
belove,VERB,5,0,0
previous,ADJ,5,0,0
attendant,NOUN,5,0,0
France,PROPN,5,0,1
active,ADJ,5,0,0
walk,NOUN,5,0,0
number,NOUN,5,0,0
liberty,NOUN,5,0,0
powerful,ADJ,5,0,0
contrast,NOUN,5,0,0
delight,VERB,5,0,0
unfold,VERB,5,0,0
crowd,NOUN,5,0,0
talent,NOUN,5,0,0
hero,NOUN,5,0,0
childhood,NOUN,5,0,0
benefactor,NOUN,5,0,0
glance,NOUN,5,0,0
exquisite,ADJ,5,0,0
party,NOUN,5,0,0
inn,PROPN,5,0,1
dawn,VERB,5,0,0
bound,VERB,5,0,0
page,NOUN,5,0,0
introduce,VERB,5,0,0
treasure,NOUN,5,0,0
Jura,PROPN,5,0,1
shock,NOUN,5,0,0
completion,NOUN,5,0,0
consequence,NOUN,5,0,0
less,ADJ,5,1,0
vain,NOUN,5,0,0
mutual,ADJ,5,0,0
domestic,ADJ,5,0,0
contempt,NOUN,5,0,0
chemistry,NOUN,5,0,0
connect,VERB,5,0,0
guide,NOUN,5,0,0
matter,NOUN,5,0,0
chiefly,ADV,5,0,0
ensue,VERB,5,0,0
conclude,VERB,5,0,0
replace,VERB,5,0,0
end,VERB,5,0,0
continual,ADJ,5,0,0
endue,VERB,5,0,0
restrain,VERB,5,0,0
revolve,VERB,5,0,0
hesitate,VERB,5,0,0
muscle,NOUN,5,0,0
bound,NOUN,5,0,0
pale,ADJ,5,0,0
torture,VERB,5,0,0
filthy,ADJ,5,0,0
absent,ADJ,5,0,0
pleased,ADJ,5,0,0
proof,NOUN,5,0,0
complete,VERB,5,0,0
convinced,ADJ,5,0,0
spar,VERB,5,0,0
nervous,ADJ,5,0,0
half,ADJ,5,0,0
colour,NOUN,5,0,0
exceed,VERB,5,0,0
disgust,NOUN,5,0,0
clothe,NOUN,5,0,0
up,ADV,5,1,0
gate,NOUN,5,0,0
round,ADJ,5,0,0
glad,ADJ,5,0,0
grasp,VERB,5,0,0
undertake,VERB,5,0,0
dart,VERB,5,0,0
breakfast,NOUN,5,0,0
aloud,ADV,5,0,0
fit,NOUN,5,0,0
probably,ADV,5,0,0
gay,ADJ,5,0,0
gesture,NOUN,5,0,0
darling,NOUN,5,0,0
writing,NOUN,5,0,0
consist,VERB,5,0,0
delay,NOUN,5,0,0
environ,NOUN,5,0,0
truly,ADV,5,0,0
repeat,VERB,5,0,0
grass,NOUN,5,0,0
hastily,ADV,5,0,0
desolate,VERB,5,0,0
dwell,VERB,5,0,0
lightning,NOUN,5,0,0
Alps,PROPN,5,0,1
flash,NOUN,5,0,0
illuminate,VERB,5,0,0
south,NOUN,5,0,0
endow,VERB,5,0,0
elude,VERB,5,0,0
credit,VERB,5,0,0
overhang,VERB,5,0,0
confused,ADJ,5,0,0
suspicion,NOUN,5,0,0
mournful,ADJ,5,0,0
guiltless,NOUN,5,0,0
dry,VERB,5,0,0
utter,ADJ,5,0,0
perfect,ADJ,5,0,0
pause,NOUN,5,0,0
freely,ADV,5,0,0
augment,VERB,5,0,0
daily,ADJ,5,0,0
wall,NOUN,5,0,0
base,NOUN,5,0,0
affect,VERB,5,0,0
Chamounix,PROPN,5,0,1
avalanche,NOUN,5,0,0
overlook,VERB,5,0,0
cut,VERB,5,0,0
apparent,ADJ,5,0,0
hail,VERB,5,0,0
detest,VERB,5,0,0
motif,NOUN,5,0,0
demand,NOUN,5,0,0
innumerable,ADJ,5,0,0
mode,NOUN,5,0,0
treatment,NOUN,5,0,0
trust,VERB,5,0,0
comprehend,VERB,5,0,0
comfort,NOUN,5,0,0
kiss,VERB,5,0,0
bent,VERB,5,0,0
vow,NOUN,5,0,0
chain,NOUN,5,0,0
deliverer,NOUN,5,0,0
exile,NOUN,5,0,0
Werter,PROPN,5,0,1
link,NOUN,5,0,0
hateful,ADJ,5,0,0
despair,VERB,5,0,0
pity,VERB,5,0,0
anger,NOUN,5,0,0
wonder,VERB,5,0,0
exclamation,NOUN,5,0,0
defect,NOUN,5,0,0
insurmountable,ADJ,5,0,0
barrier,NOUN,5,0,0
post,VERB,5,0,0
Scotland,PROPN,5,0,1
Oxford,PROPN,5,0,1
collection,NOUN,5,0,0
snatch,VERB,5,0,0
feverish,ADJ,5,0,0
beach,NOUN,5,0,0
wedding,NOUN,5,0,0
bar,VERB,5,0,0
exhaust,VERB,5,0,0
pistol,NOUN,5,0,0
edition,NOUN,5,0,0
section,NOUN,5,0,0
compliance,NOUN,5,0,0
warranty,NOUN,5,0,0
Saville,PROPN,4,0,1
rejoice,VERB,4,0,0
yesterday,NOUN,4,0,0
confidence,NOUN,4,0,0
pole,NOUN,4,0,0
seat,NOUN,4,0,0
perpetual,ADJ,4,0,0
waft,VERB,4,0,0
production,NOUN,4,0,0
heavenly,ADJ,4,0,0
satiate,VERB,4,0,0
at,ADV,4,1,0
dispel,VERB,4,0,0
regret,NOUN,4,0,0
six,NUM,4,1,0
dedicate,VERB,4,0,0
hard,ADV,4,0,0
captain,NOUN,4,0,0
dignity,NOUN,4,0,0
accomplish,VERB,4,0,0
depressed,ADJ,4,0,0
english,ADJ,4,0,0
cold,NOUN,4,0,0
motionless,NOUN,4,0,0
vein,NOUN,4,0,0
Archangel,PROPN,4,0,1
owner,NOUN,4,0,0
fishing,NOUN,4,0,0
Farewell,PROPN,4,0,1
affectionate,ADJ,4,0,0
encompass,VERB,4,0,0
romantic,ADJ,4,0,0
repair,VERB,4,0,0
educate,VERB,4,0,0
eight,NUM,4,1,0
despise,VERB,4,0,0
rugged,ADJ,4,0,0
prejudice,NOUN,4,0,0
cultivation,NOUN,4,0,0
equally,ADV,4,0,0
moderate,ADJ,4,0,0
sum,NOUN,4,0,0
buy,VERB,4,0,0
solicit,VERB,4,0,0
command,VERB,4,0,0
half,ADV,4,0,0
attribute,VERB,4,0,0
besides,SCONJ,4,1,0
advanced,ADJ,4,0,0
float,VERB,4,0,0
indicate,VERB,4,0,0
height,NOUN,4,0,0
befall,VERB,4,0,0
trace,VERB,4,0,0
will,NOUN,4,1,0
probable,ADJ,4,0,0
especially,ADV,4,0,0
round,ADV,4,0,0
watchful,ADJ,4,0,0
carriage,NOUN,4,0,0
understanding,NOUN,4,0,0
gnash,VERB,4,0,0
doubtless,ADJ,4,0,0
decay,VERB,4,0,0
journal,NOUN,4,0,0
interest,VERB,4,0,0
sacrifice,VERB,4,0,0
foe,NOUN,4,0,0
spread,VERB,4,0,0
suppress,VERB,4,0,0
repose,ADJ,4,0,0
tranquil,ADJ,4,0,0
composure,NOUN,4,0,0
ourselves,PRON,4,1,0
fit,ADJ,4,0,0
merit,NOUN,4,0,0
judgment,NOUN,4,0,0
useful,ADJ,4,0,0
laughter,NOUN,4,0,0
unacquainted,ADJ,4,0,0
narrative,NOUN,4,0,0
note,NOUN,4,0,0
variety,NOUN,4,0,0
decline,NOUN,4,0,0
refrain,VERB,4,0,0
rank,NOUN,4,0,0
assistance,NOUN,4,0,0
incapable,ADJ,4,0,0
tenderness,NOUN,4,0,0
protection,NOUN,4,0,0
highly,ADV,4,0,0
reverence,NOUN,4,0,0
tour,NOUN,4,0,0
eld,ADJ,4,0,0
store,NOUN,4,0,0
helpless,ADJ,4,0,0
turn,NOUN,4,0,0
four,NUM,4,1,0
sensibility,NOUN,4,0,0
prevail,VERB,4,0,0
Lavenza,PROPN,4,0,1
morrow,NOUN,4,0,0
childish,ADJ,4,0,0
quite,ADV,4,1,0
nearer,NOUN,4,0,0
swiss,ADJ,4,0,0
scope,NOUN,4,0,0
research,NOUN,4,0,0
rapture,NOUN,4,0,0
school,NOUN,4,0,0
song,NOUN,4,0,0
mingle,VERB,4,0,0
eager,ADJ,4,0,0
neither,CCONJ,4,1,0
structure,NOUN,4,0,0
soften,VERB,4,0,0
loveliness,NOUN,4,0,0
narrow,ADJ,4,0,0
account,VERB,4,0,0
torrent,NOUN,4,0,0
system,NOUN,4,0,0
content,VERB,4,0,0
Paracelsus,PROPN,4,0,1
imbue,VERB,4,0,0
spite,NOUN,4,0,0
student,NOUN,4,0,0
diligence,NOUN,4,0,0
reasoning,NOUN,4,0,0
blasted,ADJ,4,0,0
entertain,VERB,4,0,0
strangely,ADV,4,0,0
construct,VERB,4,0,0
envelop,VERB,4,0,0
ineffectual,ADJ,4,0,0
entreaty,NOUN,4,0,0
supply,VERB,4,0,0
regret,VERB,4,0,0
befit,VERB,4,0,0
one,PRON,4,1,0
respite,NOUN,4,0,0
mourning,NOUN,4,0,0
alarm,NOUN,4,0,0
unwilling,ADJ,4,0,0
zeal,NOUN,4,0,0
recall,VERB,4,0,0
sunshine,NOUN,4,0,0
deceive,VERB,4,0,0
steeple,NOUN,4,0,0
influence,NOUN,4,0,0
omit,VERB,4,0,0
recur,VERB,4,0,0
content,ADJ,4,0,0
grand,ADJ,4,0,0
mock,VERB,4,0,0
equal,VERB,4,0,0
doubt,NOUN,4,0,0
combine,VERB,4,0,0
capacity,NOUN,4,0,0
chemical,NOUN,4,0,0
cowardice,NOUN,4,0,0
supernatural,ADJ,4,0,0
precaution,NOUN,4,0,0
consummation,NOUN,4,0,0
overwhelming,ADJ,4,0,0
obliterate,VERB,4,0,0
seemingly,ADV,4,0,0
cling,VERB,4,0,0
unhallowed,ADJ,4,0,0
loathing,NOUN,4,0,0
plentiful,ADJ,4,0,0
vine,NOUN,4,0,0
charm,NOUN,4,0,0
pardon,VERB,4,0,0
loathsome,ADJ,4,0,0
transitory,ADJ,4,0,0
interfere,VERB,4,0,0
close,NOUN,4,0,0
plainly,ADV,4,0,0
slavery,NOUN,4,0,0
yellow,ADJ,4,0,0
tumult,NOUN,4,0,0
delighted,ADJ,4,0,0
miserably,ADV,4,0,0
ugly,ADJ,4,0,0
pulse,NOUN,4,0,0
asylum,NOUN,4,0,0
bodily,ADJ,4,0,0
college,NOUN,4,0,0
bottom,NOUN,4,1,0
flesh,NOUN,4,0,0
surprise,VERB,4,0,0
origin,NOUN,4,0,0
repay,VERB,4,0,0
forgive,VERB,4,0,0
get,VERB,4,1,0
following,ADJ,4,0,0
persuasion,NOUN,4,0,0
remark,VERB,4,0,0
odious,ADJ,4,0,0
Madame,PROPN,4,0,1
ignorance,NOUN,4,0,0
extremely,ADV,4,0,0
autumn,NOUN,4,0,0
fortnight,NOUN,4,0,0
mixture,NOUN,4,0,0
relief,NOUN,4,0,0
melancholy,NOUN,4,0,0
May,PROPN,4,1,1
selfish,ADJ,4,0,0
delightful,ADJ,4,0,0
burden,NOUN,4,0,0
along,ADV,4,1,0
tempt,VERB,4,0,0
vainly,ADV,4,0,0
betray,VERB,4,0,0
clasp,VERB,4,0,0
pierce,VERB,4,0,0
order,VERB,4,0,0
loss,NOUN,4,0,0
pang,NOUN,4,0,0
unhappiness,NOUN,4,0,0
tedious,ADJ,4,0,0
Salêve,PROPN,4,0,1
promontory,ADJ,4,0,0
inaccessible,ADJ,4,0,0
raving,NOUN,4,0,0
venerable,ADJ,4,0,0
paint,VERB,4,0,0
convince,VERB,4,0,0
pocket,NOUN,4,0,0
value,VERB,4,0,0
intellect,NOUN,4,0,0
cheer,VERB,4,0,0
solemnity,NOUN,4,0,0
dim,VERB,4,0,0
bewilder,VERB,4,0,0
probability,NOUN,4,0,0
steal,VERB,4,0,0
jewel,NOUN,4,0,0
chief,ADJ,4,0,0
willingly,ADV,4,0,0
ignominy,NOUN,4,0,0
throat,NOUN,4,0,0
parch,VERB,4,0,0
firmness,NOUN,4,0,0
goodness,NOUN,4,0,0
rob,VERB,4,0,0
crush,VERB,4,0,0
stay,VERB,4,0,0
cheerfulness,NOUN,4,0,0
torment,NOUN,4,0,0
mischief,NOUN,4,0,0
overflow,VERB,4,0,0
prey,VERB,4,0,0
inflame,VERB,4,0,0
pilgrimage,NOUN,4,0,0
wreak,VERB,4,0,0
assuredly,ADV,4,0,0
edge,NOUN,4,0,0
drag,VERB,4,0,0
ravine,NOUN,4,0,0
ruin,VERB,4,0,0
pine,NOUN,4,0,0
accumulate,VERB,4,0,0
surmount,VERB,4,0,0
impression,NOUN,4,0,0
poison,VERB,4,0,0
noon,NOUN,4,0,0
dust,NOUN,4,0,0
extinction,NOUN,4,0,0
thou,ADJ,4,0,0
virtuous,ADJ,4,0,0
bleak,ADJ,4,0,0
grant,VERB,4,0,0
scent,NOUN,4,0,0
right,ADJ,4,0,0
cry,NOUN,4,0,0
taste,VERB,4,0,0
root,NOUN,4,0,0
lament,VERB,4,0,0
flight,NOUN,4,0,0
bread,NOUN,4,0,0
recommence,VERB,4,0,0
appetite,NOUN,4,0,0
coarse,ADJ,4,0,0
pure,ADJ,4,0,0
aged,ADJ,4,0,0
sadness,NOUN,4,0,0
despondency,NOUN,4,0,0
resemble,VERB,4,0,0
neighbouring,NOUN,4,0,0
pile,NOUN,4,0,0
reference,NOUN,4,0,0
future,NOUN,4,0,0
refresh,VERB,4,0,0
guitar,NOUN,4,0,0
once,SCONJ,4,1,0
green,ADJ,4,0,0
venture,VERB,4,0,0
religion,NOUN,4,0,0
descent,NOUN,4,0,0
reward,NOUN,4,0,0
offer,NOUN,4,0,0
preparation,NOUN,4,0,0
enthusiastic,ADJ,4,0,0
ill,ADV,4,0,0
loathe,VERB,4,0,0
french,ADJ,4,0,0
lofty,ADJ,4,0,0
calculate,VERB,4,0,0
fit,VERB,4,0,0
ramble,VERB,4,0,0
deny,VERB,4,0,0
instigate,VERB,4,0,0
beast,NOUN,4,0,0
swiftness,NOUN,4,0,0
female,NOUN,4,0,0
suspense,NOUN,4,0,0
reason,VERB,4,0,0
scream,NOUN,4,0,0
curse,NOUN,4,0,0
infancy,NOUN,4,0,0
transport,VERB,4,0,0
awake,ADJ,4,0,0
punishment,NOUN,4,0,0
Nay,PROPN,4,0,1
Strasburgh,PROPN,4,0,1
scenery,NOUN,4,0,0
Edinburgh,PROPN,4,0,1
selfishness,NOUN,4,0,0
oar,NOUN,4,0,0
ring,VERB,4,0,0
below,ADV,4,1,0
dream,VERB,4,0,0
Ireland,PROPN,4,0,1
provision,NOUN,4,0,0
individual,ADJ,4,0,0
status,NOUN,4,0,0
holder,NOUN,4,0,0
requirement,NOUN,4,0,0
website,NOUN,4,0,0
computer,NOUN,4,0,0
limited,ADJ,4,0,0
whatsoever,ADV,3,0,0
re,VERB,3,1,0
credit,NOUN,3,0,0
Petersburgh,PROPN,3,0,1
play,NOUN,3,0,0
nerve,NOUN,3,0,0
icy,ADJ,3,0,0
inspirit,VERB,3,0,0
vivid,ADJ,3,0,0
disk,NOUN,3,0,0
diffuse,VERB,3,0,0
navigator,NOUN,3,0,0
surpass,VERB,3,0,0
enticement,NOUN,3,0,0
conquer,VERB,3,0,0
laborious,ADJ,3,0,0
embark,VERB,3,0,0
glow,VERB,3,0,0
contribute,VERB,3,0,0
intellectual,ADJ,3,0,0
library,NOUN,3,0,0
consecrate,VERB,3,0,0
failure,NOUN,3,0,0
heavily,ADV,3,0,0
mathematic,NOUN,3,0,0
practical,ADJ,3,0,0
acquit,VERB,3,0,0
earnestness,NOUN,3,0,0
valuable,ADJ,3,0,0
excessive,ADJ,3,0,0
March,PROPN,3,0,1
slowly,ADV,3,0,0
participate,VERB,3,0,0
communication,NOUN,3,0,0
cultivate,VERB,3,0,0
approve,VERB,3,0,0
impatient,ADJ,3,0,0
well,INTJ,3,1,0
instance,NOUN,3,0,0
desirous,ADJ,3,0,0
profession,NOUN,3,0,0
midst,NOUN,3,0,0
mildness,NOUN,3,0,0
integrity,NOUN,3,0,0
prize,NOUN,3,0,0
mistress,NOUN,3,0,0
ceremony,NOUN,3,0,0
spare,VERB,3,0,0
reassure,VERB,3,0,0
stock,NOUN,3,0,0
inexorable,ADJ,3,0,0
inclination,NOUN,3,0,0
wholly,ADV,3,0,0
carelessness,NOUN,3,0,0
dreadfully,ADV,3,0,0
remarkably,ADV,3,0,0
rashly,ADV,3,0,0
sufficiently,ADV,3,0,0
trembling,NOUN,3,0,0
kill,VERB,3,0,0
alarmed,ADJ,3,0,0
marvellous,ADJ,3,0,0
belief,NOUN,3,0,0
southern,ADJ,3,0,0
America,PROPN,3,0,1
July,PROPN,3,0,1
gale,NOUN,3,0,0
blow,VERB,3,0,0
your,NOUN,3,1,0
wherefore,ADV,3,0,0
determined,ADJ,3,0,0
atmosphere,NOUN,3,0,0
clear,VERB,3,0,0
divert,VERB,3,0,0
hundred,NUM,3,1,0
track,NOUN,3,0,0
breaking,NOUN,3,0,0
brink,NOUN,3,0,0
precious,ADJ,3,0,0
wildness,NOUN,3,0,0
sweetness,NOUN,3,0,0
despairing,ADJ,3,0,0
idle,ADJ,3,0,0
evidently,ADV,3,0,0
entire,ADJ,3,0,0
repose,NOUN,3,0,0
fancy,VERB,3,0,0
excited,ADJ,3,0,0
uneasy,ADJ,3,0,0
interested,ADJ,3,0,0
increase,NOUN,3,0,0
attentively,ADV,3,0,0
utterance,NOUN,3,0,0
fervour,NOUN,3,0,0
fast,ADV,3,0,0
breast,NOUN,3,0,0
broken,ADJ,3,0,0
reveal,VERB,3,0,0
cup,NOUN,3,0,0
intimate,ADJ,3,0,0
varied,ADJ,3,0,0
wisdom,NOUN,3,0,0
gratification,NOUN,3,0,0
ste,VERB,3,0,0
console,NOUN,3,0,0
mysterious,ADJ,3,0,0
thank,NOUN,3,0,0
distinguished,ADJ,3,0,0
indefatigable,ADJ,3,0,0
business,NOUN,3,0,0
perpetually,ADV,3,0,0
affair,NOUN,3,0,0
numerous,ADJ,3,0,0
grieve,VERB,3,0,0
mean,ADJ,3,0,0
decrease,VERB,3,0,0
Caroline,PROPN,3,0,1
uncommon,ADJ,3,0,0
plain,ADJ,3,0,0
contrive,VERB,3,0,0
pittance,NOUN,3,0,0
orphan,NOUN,3,0,0
beggar,NOUN,3,0,0
bond,NOUN,3,0,0
differ,VERB,3,0,0
grace,NOUN,3,0,0
shelter,VERB,3,0,0
through,ADV,3,1,0
Germany,PROPN,3,0,1
consciousness,NOUN,3,0,0
patience,NOUN,3,0,0
charity,NOUN,3,0,0
offspring,NOUN,3,0,0
disconsolate,ADJ,3,0,0
clothe,VERB,3,0,0
meal,NOUN,3,0,0
distinction,NOUN,3,0,0
cloudless,NOUN,3,0,0
weakness,NOUN,3,0,0
linger,VERB,3,0,0
adore,VERB,3,0,0
pretty,ADV,3,0,0
gift,NOUN,3,0,0
interpret,VERB,3,0,0
mine,ADJ,3,1,0
subsist,VERB,3,0,0
busy,VERB,3,0,0
serious,ADJ,3,1,0
earnest,ADJ,3,0,0
Belrive,PROPN,3,0,1
eastern,ADJ,3,0,0
principally,ADV,3,0,0
indulgence,NOUN,3,0,0
rule,VERB,3,0,0
outward,ADJ,3,0,0
substance,NOUN,3,0,0
good,NOUN,3,0,0
soar,VERB,3,0,0
sweep,VERB,3,0,0
principle,NOUN,3,0,0
aside,ADV,3,0,0
Albertus,PROPN,3,0,1
Magnus,PROPN,3,0,1
us,NOUN,3,0,0
Nature,PROPN,3,0,1
disciple,NOUN,3,0,0
scientific,ADJ,3,0,0
fulfilment,NOUN,3,0,0
quarter,NOUN,3,0,0
oak,NOUN,3,0,0
shatter,VERB,3,0,0
reduce,VERB,3,0,0
catastrophe,NOUN,3,0,0
disdain,NOUN,3,0,0
step,VERB,3,0,0
foundation,NOUN,3,0,0
ready,ADJ,3,0,0
announce,VERB,3,0,0
unusual,ADJ,3,0,0
immutable,ADJ,3,0,0
catch,VERB,3,0,0
triumph,VERB,3,0,0
symptom,NOUN,3,0,0
resign,VERB,3,0,0
cheerfully,ADV,3,0,0
rent,NOUN,3,0,0
irreparable,ADJ,3,0,0
connection,NOUN,3,0,0
sacrilege,NOUN,3,0,0
enchanting,ADJ,3,0,0
chain,VERB,3,0,0
pretence,NOUN,3,0,0
dawn,NOUN,3,0,0
invincible,ADJ,3,0,0
repugnance,NOUN,3,0,0
totally,ADV,3,0,0
alight,VERB,3,0,0
introduction,NOUN,3,0,0
principal,ADJ,3,0,0
omnipotent,ADJ,3,0,0
list,NOUN,3,0,0
repulsive,ADJ,3,0,0
confusion,NOUN,3,0,0
recent,ADJ,3,0,0
inquirer,NOUN,3,0,0
annihilation,NOUN,3,0,0
back,NOUN,3,1,0
invisible,ADJ,3,0,0
mechanism,NOUN,3,0,0
order,NOUN,3,0,0
presumption,NOUN,3,0,0
due,ADJ,3,1,0
peculiar,ADJ,3,0,0
sorry,ADJ,3,0,0
instruct,VERB,3,0,0
sole,ADJ,3,0,0
uncertain,ADJ,3,0,0
exultation,NOUN,3,0,0
stay,NOUN,3,0,0
intolerable,ADJ,3,0,0
decay,NOUN,3,0,0
corruption,NOUN,3,0,0
insupportable,ADJ,3,0,0
degrade,VERB,3,0,0
madman,NOUN,3,0,0
aspire,VERB,3,0,0
reception,NOUN,3,0,0
command,NOUN,3,0,0
proportionably,ADV,3,0,0
theirs,NOUN,3,0,0
realise,VERB,3,0,0
unnatural,ADJ,3,0,0
top,NOUN,3,1,0
separate,VERB,3,0,0
regularly,ADV,3,0,0
irresistible,ADJ,3,0,0
justify,VERB,3,0,0
rule,NOUN,3,0,0
possibly,ADV,3,0,0
empire,NOUN,3,0,0
expand,VERB,3,0,0
toil,VERB,3,0,0
shun,VERB,3,0,0
dreary,ADJ,3,0,0
infuse,VERB,3,0,0
spark,NOUN,3,0,0
infinite,ADJ,3,0,0
select,VERB,3,0,0
complexion,NOUN,3,0,0
forgetfulness,NOUN,3,0,0
dew,NOUN,3,0,0
grin,NOUN,3,0,0
wrinkle,VERB,3,0,0
demoniacal,ADJ,3,0,0
languor,NOUN,3,0,0
space,NOUN,3,0,0
issue,VERB,3,0,0
dread,NOUN,3,0,0
lately,ADV,3,0,0
allude,VERB,3,0,0
forcibly,ADV,3,0,0
spectre,NOUN,3,0,0
clap,VERB,3,0,0
astonish,VERB,3,0,0
meeting,NOUN,3,0,0
recovery,NOUN,3,0,0
unbounded,ADJ,3,0,0
wandering,NOUN,3,0,0
frequent,ADJ,3,0,0
relapse,NOUN,3,0,0
alarm,VERB,3,0,0
convalescence,NOUN,3,0,0
attack,VERB,3,0,0
sick,ADJ,3,0,0
minister,NOUN,3,0,0
over,ADV,3,1,0
intelligence,NOUN,3,0,0
dearly,ADV,3,0,0
activity,NOUN,3,0,0
part,VERB,3,1,0
career,NOUN,3,0,0
row,VERB,3,0,0
reward,VERB,3,0,0
favourite,NOUN,3,0,0
sacrifice,NOUN,3,0,0
fully,ADV,3,0,0
grateful,ADJ,3,0,0
imitate,VERB,3,0,0
vivacity,NOUN,3,0,0
gaiety,NOUN,3,0,0
beg,VERB,3,0,0
pretty,ADJ,3,0,0
tall,ADJ,3,0,0
rich,ADJ,3,0,0
everybody,PRON,3,0,0
undergo,VERB,3,0,0
apparatus,NOUN,3,0,0
previously,ADV,3,0,0
carefully,ADV,3,0,0
cruel,ADJ,3,0,0
writhe,VERB,3,0,0
allege,VERB,3,0,0
firmly,ADV,3,0,0
toward,ADP,3,1,0
meaning,NOUN,3,0,0
compensate,VERB,3,0,0
daily,ADV,3,0,0
farewell,NOUN,3,0,0
niece,NOUN,3,0,0
Plainpalais,PROPN,3,0,1
search,VERB,3,0,0
print,NOUN,3,0,0
o,INTJ,3,0,0
temptation,NOUN,3,0,0
brood,VERB,3,0,0
horse,NOUN,3,0,0
joyous,ADJ,3,0,0
radiant,ADJ,3,0,0
mourn,VERB,3,0,0
crowd,VERB,3,0,0
palace,NOUN,3,0,0
native,NOUN,3,0,0
Night,PROPN,3,0,1
exactly,ADV,3,0,0
darken,VERB,3,0,0
war,NOUN,3,0,0
funeral,NOUN,3,0,0
mere,ADJ,3,0,0
ascent,NOUN,3,0,0
impenetrable,ADJ,3,0,0
date,VERB,3,0,0
insanity,NOUN,3,0,0
appal,VERB,3,0,0
deposition,NOUN,3,0,0
papa,NOUN,3,0,0
unfortunately,ADV,3,0,0
hopeless,ADJ,3,0,0
dearest,NOUN,3,0,0
thousand,NOUN,3,0,0
murmur,NOUN,3,0,0
defence,NOUN,3,0,0
pretend,VERB,3,0,0
esteem,VERB,3,0,0
ingratitude,NOUN,3,0,0
unmingled,ADJ,3,0,0
like,VERB,3,0,0
severity,NOUN,3,0,0
report,NOUN,3,0,0
falsehood,NOUN,3,0,0
scaffold,NOUN,3,0,0
await,VERB,3,0,0
corner,NOUN,3,0,0
horrid,NOUN,3,0,0
awful,ADJ,3,0,0
sincere,ADJ,3,0,0
hers,PRON,3,1,0
farewell,INTJ,3,0,0
unfeele,VERB,3,0,0
ye,NOUN,3,0,0
serve,VERB,3,0,0
behind,ADV,3,1,0
thirst,VERB,3,0,0
sail,NOUN,3,0,0
tenderly,ADV,3,0,0
unprotected,ADJ,3,0,0
peak,NOUN,3,0,0
precipitate,VERB,3,0,0
remote,ADJ,3,0,0
discourse,NOUN,3,0,0
type,NOUN,3,0,0
whirlwind,NOUN,3,0,0
sensibly,ADV,3,0,0
Arve,PROPN,3,0,1
dashing,NOUN,3,0,0
dome,NOUN,3,0,0
picturesque,ADJ,3,0,0
recognise,VERB,3,0,0
exhaustion,NOUN,3,0,0
rise,NOUN,3,0,0
scatter,VERB,3,0,0
glitter,VERB,3,0,0
veil,NOUN,3,0,0
winding,NOUN,3,0,0
roll,VERB,3,0,0
deep,ADV,3,0,0
stupendous,ADJ,3,0,0
crevice,NOUN,3,0,0
detestation,NOUN,3,0,0
glut,VERB,3,0,0
arm,VERB,3,0,0
king,NOUN,3,0,0
Adam,PROPN,3,0,1
original,ADJ,3,0,0
oppressive,ADJ,3,0,0
cloak,NOUN,3,0,0
orb,NOUN,3,0,0
intercept,VERB,3,0,0
live,ADJ,3,0,0
ember,NOUN,3,0,0
flame,NOUN,3,0,0
uniform,ADJ,3,0,0
chill,VERB,3,0,0
damp,ADJ,3,0,0
shelter,NOUN,3,0,0
shriek,VERB,3,0,0
cheese,NOUN,3,0,0
vegetable,NOUN,3,0,0
floor,NOUN,3,0,0
chink,NOUN,3,0,0
pail,NOUN,3,0,0
tool,NOUN,3,0,0
withdraw,VERB,3,0,0
shoulder,NOUN,3,0,0
neither,DET,3,1,0
barbarous,ADJ,3,0,0
villager,NOUN,3,0,0
office,NOUN,3,0,0
nourishment,NOUN,3,0,0
accustom,VERB,3,0,0
clue,NOUN,3,0,0
revolution,NOUN,3,0,0
wipe,VERB,3,0,0
group,NOUN,3,0,0
disperse,VERB,3,0,0
sing,VERB,3,0,0
ray,NOUN,3,0,0
angelic,ADJ,3,0,0
sparkle,VERB,3,0,0
considerably,ADV,3,0,0
abroad,ADV,3,0,0
vicious,ADJ,3,0,0
base,VERB,3,0,0
sensitive,ADJ,3,0,0
degradation,NOUN,3,0,0
deceit,NOUN,3,0,0
load,VERB,3,0,0
Christian,PROPN,3,0,1
freedom,NOUN,3,0,0
youthful,ADJ,3,0,0
alike,ADV,3,0,0
admirable,ADJ,3,0,0
fortunately,ADV,3,0,0
Paradise,PROPN,3,0,1
Plutarch,PROPN,3,0,1
assemblage,NOUN,3,0,0
govern,VERB,3,0,0
monstrous,ADJ,3,0,0
postpone,VERB,3,0,0
tumultuous,ADJ,3,0,0
clearly,ADV,3,0,0
outcast,NOUN,3,0,0
cherish,VERB,3,0,0
injure,VERB,3,0,0
particular,NOUN,3,0,0
cursed,ADJ,3,0,0
representation,NOUN,3,0,0
profound,ADJ,3,0,0
gush,NOUN,3,0,0
impatience,NOUN,3,0,0
blast,NOUN,3,0,0
fire,VERB,3,0,0
heath,NOUN,3,0,0
novelty,NOUN,3,0,0
senseless,ADJ,3,0,0
portrait,NOUN,3,0,0
but,SCONJ,3,1,0
stir,VERB,3,0,0
consent,NOUN,3,0,0
wild,NOUN,3,0,0
fare,NOUN,3,0,0
shrink,VERB,3,0,0
devouring,ADJ,3,0,0
resume,VERB,3,0,0
struggle,NOUN,3,0,0
occasion,VERB,3,0,0
utility,NOUN,3,0,0
impose,VERB,3,0,0
journey,VERB,3,0,0
choice,NOUN,3,0,0
ensure,VERB,3,0,0
exasperate,VERB,3,0,0
possibility,NOUN,3,0,0
machination,NOUN,3,0,0
pack,VERB,3,0,0
landscape,NOUN,3,0,0
replete,ADJ,3,0,0
worth,NOUN,3,0,0
Perth,PROPN,3,0,1
Matlock,PROPN,3,0,1
Cumberland,PROPN,3,0,1
bolt,NOUN,3,0,0
tomb,NOUN,3,0,0
northward,NOUN,3,0,0
roar,VERB,3,0,0
frenzy,NOUN,3,0,0
restless,ADJ,3,0,0
persecutor,NOUN,3,0,0
revery,NOUN,3,0,0
quiet,ADJ,3,0,0
fisherman,NOUN,3,0,0
conscious,ADJ,3,0,0
obey,VERB,3,0,0
southward,NOUN,3,0,0
basket,NOUN,3,0,0
Daniel,PROPN,3,0,1
feeble,ADJ,3,0,0
scar,VERB,3,0,0
consummate,VERB,3,0,0
fish,NOUN,3,0,0
conflict,NOUN,3,0,0
extremity,NOUN,3,0,0
distort,VERB,3,0,0
address,NOUN,3,0,0
hover,VERB,3,0,0
devotion,NOUN,3,0,0
crack,VERB,3,0,0
raft,NOUN,3,0,0
incomplete,ADJ,3,0,0
peril,NOUN,3,0,0
brave,ADJ,3,0,0
General,PROPN,3,0,1
derivative,ADJ,3,0,0
LICENSE,PROPN,3,0,1
mission,NOUN,3,0,0
entity,NOUN,3,0,0
official,ADJ,3,0,0
expense,NOUN,3,0,0
user,NOUN,3,0,0
applicable,ADJ,3,0,0
donate,VERB,3,0,0
payment,NOUN,3,0,0
replacement,NOUN,3,0,0
defective,ADJ,3,0,0
damage,NOUN,3,0,0
equipment,NOUN,3,0,0
disclaimer,NOUN,3,0,0
limitation,NOUN,3,0,0
prometheus,NOUN,2,0,0
anywhere,ADV,2,1,0
restriction,NOUN,2,0,0
online,NOUN,2,0,0
title,NOUN,2,0,0
Mary,PROPN,2,0,1
Wollstonecraft,PROPN,2,0,1
Shelley,PROPN,2,0,1
October,PROPN,2,0,1
ebook,NOUN,2,0,0
update,VERB,2,0,0
February,PROPN,2,0,1
version,NOUN,2,0,0
further,ADJ,2,1,0
de,PROPN,2,0,1
start,NOUN,2,0,0
EBOOK,PROPN,2,0,1
FRANKENSTEIN,PROPN,2,0,1
MODERN,PROPN,2,0,1
PROMETHEUS,PROPN,2,0,1
Modern,PROPN,2,0,1
Prometheus,PROPN,2,0,1
foreboding,NOUN,2,0,0
welfare,NOUN,2,0,0
daydream,NOUN,2,0,0
fervent,ADJ,2,0,0
broad,ADJ,2,0,0
skirt,VERB,2,0,0
leave,NOUN,2,0,0
globe,NOUN,2,0,0
example,NOUN,2,0,0
undiscovered,ADJ,2,0,0
tread,VERB,2,0,0
imprint,VERB,2,0,0
ascertain,VERB,2,0,0
effect,VERB,2,0,0
tranquillise,VERB,2,0,0
steady,ADJ,2,0,0
North,PROPN,2,0,1
Ocean,PROPN,2,0,1
Uncle,PROPN,2,0,1
Thomas,PROPN,2,0,1
reading,NOUN,2,0,0
fade,VERB,2,0,0
paradise,NOUN,2,0,0
temple,NOUN,2,0,0
inherit,VERB,2,0,0
whale,NOUN,2,0,0
Sea,PROPN,2,0,1
famine,NOUN,2,0,0
medicine,NOUN,2,0,0
twice,ADV,2,0,0
actually,ADV,2,0,0
proud,ADJ,2,0,0
ease,NOUN,2,0,0
affirmative,ADJ,2,0,0
difficult,ADJ,2,0,0
emergency,NOUN,2,0,0
Russia,PROPN,2,0,1
fur,NOUN,2,0,0
freeze,VERB,2,0,0
post,NOUN,2,0,0
dauntless,ADJ,2,0,0
dejection,NOUN,2,0,0
celebrated,ADJ,2,0,0
important,ADJ,2,0,0
fifteen,NUM,2,1,0
complaint,NOUN,2,0,0
lieutenant,NOUN,2,0,0
Englishman,PROPN,2,0,1
retain,VERB,2,0,0
remarkable,ADJ,2,0,0
feminine,ADJ,2,0,0
refine,VERB,2,0,0
brutality,NOUN,2,0,0
exercise,VERB,2,0,0
briefly,ADV,2,0,0
purchase,VERB,2,0,0
father,PROPN,2,0,1
complain,VERB,2,0,0
embarkation,NOUN,2,0,0
whenever,SCONJ,2,1,0
pleasurable,ADJ,2,0,0
unexplored,ADJ,2,0,0
woeful,ADJ,2,0,0
Ancient,PROPN,2,0,1
Mariner,PROPN,2,0,1
allusion,NOUN,2,0,0
practically,ADV,2,0,0
perseverance,NOUN,2,0,0
explore,VERB,2,0,0
dearer,PROPN,2,0,1
reverse,NOUN,2,0,0
tenderly,ADJ,2,0,0
Sister,PROPN,2,0,1
bold,ADJ,2,0,0
sheet,NOUN,2,0,0
attain,VERB,2,0,0
Adieu,PROPN,2,0,1
cool,ADJ,2,0,0
secure,ADJ,2,0,0
testimony,NOUN,2,0,0
involuntarily,ADV,2,0,0
forbear,VERB,2,0,0
irregular,ADJ,2,0,0
comrade,NOUN,2,0,0
groan,VERB,2,0,0
inequality,NOUN,2,0,0
mass,NOUN,2,0,0
profit,VERB,2,0,0
drift,VERB,2,0,0
fragment,NOUN,2,0,0
savage,NOUN,2,0,0
foreign,ADJ,2,0,0
frozen,ADJ,2,0,0
rub,VERB,2,0,0
chimney,NOUN,2,0,0
trifling,NOUN,2,0,0
equalled,ADJ,2,0,0
trouble,NOUN,2,0,0
fashion,NOUN,2,0,0
pick,VERB,2,0,0
route,NOUN,2,0,0
manifest,VERB,2,0,0
conciliate,VERB,2,0,0
attractive,ADJ,2,0,0
poignant,ADJ,2,0,0
rapidity,NOUN,2,0,0
minute,ADJ,2,0,0
price,NOUN,2,0,0
acquirement,NOUN,2,0,0
dominion,NOUN,2,0,0
listener,NOUN,2,0,0
trickle,VERB,2,0,0
drunk,ADJ,2,0,0
draught,NOUN,2,0,0
paroxysm,NOUN,2,0,0
weakened,ADJ,2,0,0
personally,ADV,2,0,0
boast,VERB,2,0,0
anew,ADV,2,0,0
settle,VERB,2,0,0
double,ADJ,2,0,0
circle,NOUN,2,0,0
folly,ADJ,2,0,0
wanderer,NOUN,2,0,0
precision,NOUN,2,0,0
facility,NOUN,2,0,0
deduce,VERB,2,0,0
usually,ADV,2,0,0
internal,ADJ,2,0,0
name,VERB,2,1,0
irrevocably,ADV,2,0,0
doubtless,VERB,2,0,0
lustrous,ADJ,2,0,0
dwell,NOUN,2,0,0
lineament,NOUN,2,0,0
harrowing,ADJ,2,0,0
wreck,VERB,2,0,0
republic,NOUN,2,0,0
husband,NOUN,2,0,0
illustrate,VERB,2,0,0
oblivion,NOUN,2,0,0
magnificence,NOUN,2,0,0
honourable,ADJ,2,0,0
retreat,VERB,2,0,0
Lucerne,PROPN,2,0,1
deplore,VERB,2,0,0
sustenance,NOUN,2,0,0
consequently,ADV,2,0,0
inaction,NOUN,2,0,0
rankle,VERB,2,0,0
adversity,NOUN,2,0,0
plait,VERB,2,0,0
weeping,NOUN,2,0,0
interment,NOUN,2,0,0
late,ADV,2,0,0
value,NOUN,2,0,0
worth,ADJ,2,0,0
doting,NOUN,2,0,0
fondness,NOUN,2,0,0
recompense,VERB,2,0,0
inexpressible,ADJ,2,0,0
behaviour,NOUN,2,0,0
convenience,NOUN,2,0,0
tend,VERB,2,0,0
relinquish,VERB,2,0,0
function,NOUN,2,0,0
climate,NOUN,2,0,0
inexhaustible,ADJ,2,0,0
caress,NOUN,2,0,0
plaything,NOUN,2,0,0
Como,PROPN,2,0,1
guardian,ADJ,2,0,0
vale,NOUN,2,0,0
singularly,ADV,2,0,0
penury,NOUN,2,0,0
Milan,PROPN,2,0,1
working,NOUN,2,0,0
hungry,ADJ,2,0,0
babe,NOUN,2,0,0
dark,ADV,2,0,0
hardy,ADJ,2,0,0
living,NOUN,2,0,0
despite,SCONJ,2,0,0
crown,NOUN,2,0,0
brow,NOUN,2,0,0
ample,ADJ,2,0,0
radiance,NOUN,2,0,0
chamois,NOUN,2,0,0
rustic,ADJ,2,0,0
unfair,ADJ,2,0,0
consult,VERB,2,0,0
priest,NOUN,2,0,0
inmate,NOUN,2,0,0
everyone,PRON,2,1,0
passionate,NOUN,2,0,0
playfully,ADV,2,0,0
tomorrow,NOUN,2,0,0
praise,NOUN,2,0,0
till,SCONJ,2,0,0
companionship,NOUN,2,0,0
aerial,ADJ,2,0,0
Alpine,PROPN,2,0,1
akin,ADJ,2,0,0
seven,NUM,2,0,0
wandering,ADJ,2,0,0
singular,ADJ,2,0,0
chivalry,NOUN,2,0,0
heroic,ADJ,2,0,0
table,NOUN,2,0,0
Arthur,PROPN,2,0,1
redeem,VERB,2,0,0
tyrant,NOUN,2,0,0
caprice,NOUN,2,0,0
agent,NOUN,2,0,0
distinctly,ADV,2,0,0
discern,VERB,2,0,0
temperature,NOUN,2,0,0
code,NOUN,2,0,0
meanwhile,ADV,2,1,0
moral,ADJ,2,0,0
stage,NOUN,2,0,0
adventurous,ADJ,2,0,0
saintly,ADJ,2,0,0
sullen,ADJ,2,0,0
rough,ADJ,2,0,0
generosity,NOUN,2,0,0
aim,VERB,2,0,0
extensive,ADJ,2,0,0
usefulness,NOUN,2,0,0
insensible,ADJ,2,0,0
state,VERB,2,0,0
inclemency,NOUN,2,0,0
chance,VERB,2,0,0
carelessly,ADV,2,0,0
remark,NOUN,2,0,0
writer,NOUN,2,0,0
unsatisfie,VERB,2,0,0
avow,VERB,2,0,0
beheld,ADP,2,0,0
dissect,VERB,2,0,0
final,ADJ,2,0,0
secondary,ADJ,2,0,0
impediment,NOUN,2,0,0
century,NOUN,2,0,0
routine,NOUN,2,0,0
regard,NOUN,2,0,0
elixir,NOUN,2,0,0
disease,NOUN,2,0,0
invulnerable,ADJ,2,0,0
inexperience,NOUN,2,0,0
instructor,NOUN,2,0,0
exploded,ADJ,2,0,0
witness,VERB,2,0,0
last,VERB,2,0,0
yard,NOUN,2,0,0
dazzle,VERB,2,0,0
obvious,ADJ,2,0,0
electricity,NOUN,2,0,0
lord,NOUN,2,0,0
fatality,NOUN,2,0,0
overthrow,NOUN,2,0,0
subject,ADJ,2,0,0
deformed,ADJ,2,0,0
mood,NOUN,2,0,0
appertaining,NOUN,2,0,0
build,VERB,2,0,0
prosperity,NOUN,2,0,0
miraculous,ADJ,2,0,0
suggestion,NOUN,2,0,0
preservation,NOUN,2,0,0
avert,VERB,2,0,0
gladness,NOUN,2,0,0
prosecution,NOUN,2,0,0
menace,VERB,2,0,0
control,VERB,2,0,0
third,ADJ,2,1,0
benignity,NOUN,2,0,0
brightness,NOUN,2,0,0
hush,VERB,2,0,0
actual,ADJ,2,0,0
commence,NOUN,2,0,0
fortunate,VERB,2,0,0
strove,NOUN,2,0,0
comforter,NOUN,2,0,0
minded,ADJ,2,0,0
idleness,NOUN,2,0,0
debar,VERB,2,0,0
seclude,VERB,2,0,0
station,NOUN,2,0,0
fatigue,VERB,2,0,0
alchemist,NOUN,2,0,0
greedily,ADV,2,0,0
imbibe,VERB,2,0,0
treat,VERB,2,0,0
dismiss,VERB,2,0,0
lecture,VERB,2,0,0
alternate,ADJ,2,0,0
disappoint,VERB,2,0,0
teacher,NOUN,2,0,0
strain,NOUN,2,0,0
limit,VERB,2,0,0
found,VERB,2,0,0
chimera,NOUN,2,0,0
grey,ADJ,2,0,0
cursory,ADJ,2,0,0
experiment,NOUN,2,0,0
impossibility,NOUN,2,0,0
dabble,VERB,2,0,0
miracle,NOUN,2,0,0
earthquake,NOUN,2,0,0
grapple,VERB,2,0,0
chord,NOUN,2,0,0
sound,VERB,2,0,0
achieve,VERB,2,0,0
mien,NOUN,2,0,0
easy,ADJ,2,0,0
connected,ADJ,2,0,0
ultimately,ADV,2,0,0
statement,NOUN,2,0,0
chemist,NOUN,2,0,0
request,VERB,2,0,0
advice,NOUN,2,0,0
ability,NOUN,2,0,0
machine,NOUN,2,0,0
derange,VERB,2,0,0
memorable,ADJ,2,0,0
acquaintance,NOUN,2,0,0
physiognomy,NOUN,2,0,0
ting,VERB,2,0,0
closely,ADV,2,0,0
proficiency,NOUN,2,0,0
Professor,PROPN,2,0,1
heartfelt,ADJ,2,0,0
solely,ADV,2,0,0
practice,NOUN,2,0,0
whence,ADV,2,1,0
thenceforth,NOUN,2,0,0
charnel,NOUN,2,0,0
dizzy,ADJ,2,0,0
incredible,ADJ,2,0,0
nay,INTJ,2,0,0
magic,ADJ,2,0,0
bury,VERB,2,0,0
ardent,NOUN,2,0,0
fibre,NOUN,2,0,0
inconceivable,ADJ,2,0,0
adequate,ADJ,2,0,0
incessantly,ADV,2,0,0
baffle,VERB,2,0,0
contrary,ADJ,2,0,0
completely,ADV,2,0,0
process,NOUN,2,0,0
emaciated,ADJ,2,0,0
breathless,ADJ,2,0,0
damp,NOUN,2,0,0
swim,VERB,2,0,0
bone,NOUN,2,0,0
cell,NOUN,2,0,0
socket,NOUN,2,0,0
slaughter,NOUN,2,0,0
vintage,NOUN,2,0,0
correspondence,NOUN,2,0,0
unjust,ADJ,2,0,0
ascribe,VERB,2,0,0
exception,NOUN,2,0,0
Greece,PROPN,2,0,1
enslave,VERB,2,0,0
reproach,NOUN,2,0,0
trade,NOUN,2,0,0
startle,VERB,2,0,0
energy,NOUN,2,0,0
accomplishment,NOUN,2,0,0
amount,VERB,2,0,0
pane,NOUN,2,0,0
glimmer,NOUN,2,0,0
dull,ADJ,2,0,0
skin,NOUN,2,0,0
artery,NOUN,2,0,0
beneath,ADV,2,0,0
horrid,ADJ,2,0,0
watery,ADJ,2,0,0
inanimate,ADJ,2,0,0
moderation,NOUN,2,0,0
bloom,NOUN,2,0,0
crawl,VERB,2,0,0
fold,NOUN,2,0,0
chatter,VERB,2,0,0
shutter,NOUN,2,0,0
inarticulate,NOUN,2,0,0
mortal,NOUN,2,0,0
mummy,NOUN,2,0,0
unfinished,ADJ,2,0,0
joint,NOUN,2,0,0
Morning,PROPN,2,0,1
sleepless,ADJ,2,0,0
turning,NOUN,2,0,0
impel,VERB,2,0,0
load,NOUN,2,0,0
palpitate,VERB,2,0,0
lonely,ADJ,2,0,0
Doth,PROPN,2,0,1
incredulous,ADJ,2,0,0
Greek,PROPN,2,0,1
dislike,NOUN,2,0,0
right,ADV,2,0,0
pace,NOUN,2,0,0
lock,NOUN,2,0,0
fearfully,ADV,2,0,0
empty,ADJ,2,1,0
sensitiveness,NOUN,2,0,0
unrestrained,ADJ,2,0,0
heartless,ADJ,2,0,0
frighten,VERB,2,0,0
Poor,PROPN,2,0,1
disorder,NOUN,2,0,0
attentive,ADJ,2,0,0
unremitting,ADJ,2,0,0
bud,NOUN,2,0,0
shoot,VERB,2,0,0
shade,VERB,2,0,0
handwriting,NOUN,2,0,0
inconvenience,NOUN,2,0,0
cloud,VERB,2,0,0
growth,NOUN,2,0,0
contented,ADJ,2,0,0
amuse,VERB,2,0,0
widow,NOUN,2,0,0
class,NOUN,2,0,0
humour,NOUN,2,0,0
intended,ADJ,2,0,0
excellence,NOUN,2,0,0
partiality,NOUN,2,0,0
confessor,NOUN,2,0,0
repentance,NOUN,2,0,0
curl,VERB,2,0,0
congratulatory,ADJ,2,0,0
Manoir,PROPN,2,0,1
report,VERB,2,0,0
dearest,VERB,2,0,0
avail,NOUN,2,0,0
praise,VERB,2,0,0
docile,ADJ,2,0,0
approbation,NOUN,2,0,0
ay,INTJ,2,0,0
pull,VERB,2,0,0
happily,ADV,2,0,0
Persian,PROPN,2,0,1
critical,ADJ,2,0,0
temporary,ADJ,2,0,0
poetry,NOUN,2,0,0
retard,VERB,2,0,0
propose,VERB,2,0,0
personal,ADJ,2,0,0
proposition,NOUN,2,0,0
inanimate,VERB,2,0,0
verdant,ADJ,2,0,0
undisturbe,VERB,2,0,0
imitation,NOUN,2,0,0
afternoon,NOUN,2,0,0
dance,VERB,2,0,0
hilarity,NOUN,2,0,0
contrary,NOUN,2,0,0
tiding,NOUN,2,0,0
enquire,VERB,2,0,0
torch,NOUN,2,0,0
sigh,VERB,2,0,0
miniature,NOUN,2,0,0
unjustly,ADV,2,0,0
motive,NOUN,2,0,0
assassin,NOUN,2,0,0
heal,VERB,2,0,0
gush,VERB,2,0,0
untimely,ADJ,2,0,0
survivor,NOUN,2,0,0
bade,NOUN,2,0,0
decisive,ADJ,2,0,0
advance,NOUN,2,0,0
landing,NOUN,2,0,0
echo,VERB,2,0,0
enlighten,VERB,2,0,0
faint,ADJ,2,0,0
temp,ADJ,2,0,0
hasty,ADJ,2,0,0
stole,VERB,2,0,0
intently,ADV,2,0,0
perpendicular,ADJ,2,0,0
motionless,ADJ,2,0,0
Day,PROPN,2,0,1
relative,NOUN,2,0,0
arrest,VERB,2,0,0
indelible,ADJ,2,0,0
last,ADV,2,1,0
garb,NOUN,2,0,0
below,ADP,2,1,0
alleviate,VERB,2,0,0
minutely,ADV,2,0,0
today,NOUN,2,0,0
apparel,NOUN,2,0,0
apprehend,VERB,2,0,0
faith,NOUN,2,0,0
impressed,ADJ,2,0,0
circumstantial,ADJ,2,0,0
enough,ADJ,2,1,0
convict,VERB,2,0,0
publicly,ADV,2,0,0
monument,NOUN,2,0,0
rash,ADJ,2,0,0
candour,NOUN,2,0,0
sure,ADJ,2,0,0
assurance,NOUN,2,0,0
else,ADV,2,1,0
execrate,VERB,2,0,0
enormity,NOUN,2,0,0
adduce,VERB,2,0,0
round,VERB,2,0,0
market,NOUN,2,0,0
audible,ADJ,2,0,0
incline,VERB,2,0,0
interpretation,NOUN,2,0,0
barn,NOUN,2,0,0
surprising,ADJ,2,0,0
wicked,ADJ,2,0,0
wantonly,ADV,2,0,0
agitated,ADJ,2,0,0
appeal,NOUN,2,0,0
sport,NOUN,2,0,0
glare,VERB,2,0,0
unexpected,ADJ,2,0,0
knee,NOUN,2,0,0
suffocate,VERB,2,0,0
lie,NOUN,2,0,0
sin,NOUN,2,0,0
subscribe,VERB,2,0,0
perpetrate,VERB,2,0,0
Dear,PROPN,2,0,1
distrust,VERB,2,0,0
proclaim,VERB,2,0,0
stony,ADJ,2,0,0
prayer,NOUN,2,0,0
mournfully,ADV,2,0,0
talk,NOUN,2,0,0
sufferer,NOUN,2,0,0
resignation,NOUN,2,0,0
anguish,ADJ,2,0,0
rend,VERB,2,0,0
indignant,ADJ,2,0,0
prophetic,ADJ,2,0,0
graf,NOUN,2,0,0
hapless,ADJ,2,0,0
calmness,NOUN,2,0,0
description,NOUN,2,0,0
thence,NOUN,2,1,0
middle,NOUN,2,0,0
interrupted,ADJ,2,0,0
revisit,VERB,2,0,0
ordinary,ADJ,2,0,0
tribute,NOUN,2,0,0
quench,VERB,2,0,0
imaginary,ADJ,2,0,0
unfit,ADJ,2,0,0
kindly,ADV,2,0,0
centre,VERB,2,0,0
tranquil,NOUN,2,0,0
fondly,ADV,2,0,0
chase,VERB,2,0,0
beneficial,ADJ,2,0,0
deer,NOUN,2,0,0
cope,VERB,2,0,0
boyhood,NOUN,2,0,0
horseback,NOUN,2,0,0
mule,NOUN,2,0,0
epoch,NOUN,2,0,0
rag,VERB,2,0,0
guise,NOUN,2,0,0
higher,ADV,2,0,0
piny,NOUN,2,0,0
peep,VERB,2,0,0
shin,VERB,2,0,0
tower,VERB,2,0,0
Servox,PROPN,2,0,1
fertile,ADJ,2,0,0
strive,VERB,2,0,0
keen,ADJ,2,0,0
shattered,ADJ,2,0,0
eagle,NOUN,2,0,0
cloudy,ADJ,2,0,0
Montanvert,PROPN,2,0,1
precipitous,ADJ,2,0,0
strew,VERB,2,0,0
above,ADV,2,1,0
pollute,VERB,2,0,0
Man,PROPN,2,0,1
surface,NOUN,2,0,0
troubled,ADJ,2,0,0
intersperse,VERB,2,0,0
rift,NOUN,2,0,0
majesty,NOUN,2,0,0
dependent,ADJ,2,0,0
ye,PRON,2,0,0
combat,NOUN,2,0,0
unearthly,ADJ,2,0,0
ugliness,NOUN,2,0,0
furious,ADJ,2,0,0
Devil,PROPN,2,0,1
fierce,ADJ,2,0,0
insect,NOUN,2,0,0
trample,VERB,2,0,0
vent,NOUN,2,0,0
accumulation,NOUN,2,0,0
defend,VERB,2,0,0
thou,PROPN,2,0,1
supple,ADJ,2,0,0
thou,VERB,2,0,0
everywhere,ADV,2,1,0
exclude,VERB,2,0,0
fling,VERB,2,0,0
hitherto,VERB,2,0,0
confirmation,NOUN,2,0,0
obstacle,NOUN,2,0,0
weary,VERB,2,0,0
brook,NOUN,2,0,0
resting,NOUN,2,0,0
huge,ADJ,2,0,0
salute,VERB,2,0,0
lessen,VERB,2,0,0
drink,NOUN,2,0,0
foliage,NOUN,2,0,0
accuracy,NOUN,2,0,0
herb,NOUN,2,0,0
thrust,VERB,2,0,0
fan,VERB,2,0,0
nut,NOUN,2,0,0
acorn,NOUN,2,0,0
exceedingly,ADV,2,0,0
doubtless,ADV,2,0,0
shepherd,NOUN,2,0,0
enchant,VERB,2,0,0
asleep,ADJ,2,0,0
allure,VERB,2,0,0
deposit,VERB,2,0,0
sunset,NOUN,2,0,0
stately,ADJ,2,0,0
neat,ADJ,2,0,0
barbarity,NOUN,2,0,0
sty,NOUN,2,0,0
pool,NOUN,2,0,0
clean,ADJ,2,0,0
loaf,NOUN,2,0,0
drink,VERB,2,0,0
compare,VERB,2,0,0
plank,NOUN,2,0,0
demeanour,ADJ,2,0,0
adorn,VERB,2,0,0
patient,ADJ,2,0,0
despondence,NOUN,2,0,0
furniture,NOUN,2,0,0
attitude,NOUN,2,0,0
nightingale,NOUN,2,0,0
silver,NOUN,2,0,0
sob,VERB,2,0,0
fuel,NOUN,2,0,0
apart,ADV,2,0,0
nook,NOUN,2,0,0
plant,NOUN,2,0,0
mould,VERB,2,0,0
means,NOUN,2,0,0
setting,NOUN,2,0,0
monotonous,ADJ,2,0,0
harmony,NOUN,2,0,0
whatever,DET,2,1,0
quietly,ADV,2,0,0
influence,VERB,2,0,0
constantly,ADV,2,0,0
imply,VERB,2,0,0
solve,VERB,2,0,0
uneasiness,NOUN,2,0,0
cow,NOUN,2,0,0
trait,NOUN,2,0,0
consumption,NOUN,2,0,0
firing,NOUN,2,0,0
articulate,ADJ,2,0,0
hearer,NOUN,2,0,0
unperceived,ADJ,2,0,0
exhortation,NOUN,2,0,0
obstruct,VERB,2,0,0
delicate,ADJ,2,0,0
terrify,VERB,2,0,0
impending,ADJ,2,0,0
signification,NOUN,2,0,0
inquisitive,ADJ,2,0,0
flit,VERB,2,0,0
ass,NOUN,2,0,0
genial,ADJ,2,0,0
bud,VERB,2,0,0
anticipation,NOUN,2,0,0
verdure,NOUN,2,0,0
gratify,VERB,2,0,0
tap,VERB,2,0,0
ravish,VERB,2,0,0
flush,VERB,2,0,0
faculty,NOUN,2,0,0
enrapture,VERB,2,0,0
herbage,NOUN,2,0,0
purport,NOUN,2,0,0
nation,NOUN,2,0,0
mental,ADJ,2,0,0
subsequent,ADJ,2,0,0
abject,ADJ,2,0,0
squalid,ADJ,2,0,0
profit,NOUN,2,0,0
absolutely,ADV,2,0,0
blot,NOUN,2,0,0
sex,NOUN,2,0,0
dot,VERB,2,0,0
vacancy,NOUN,2,0,0
terminate,VERB,2,0,0
equal,NOUN,2,0,0
rank,VERB,2,0,0
turkish,ADJ,2,0,0
Constantinople,PROPN,2,0,1
uncontrollable,ADJ,2,0,0
decision,NOUN,2,0,0
building,NOUN,2,0,0
kindle,VERB,2,0,0
reject,VERB,2,0,0
French,PROPN,2,0,1
gently,ADV,2,0,0
female,ADJ,2,0,0
Asia,PROPN,2,0,1
immure,VERB,2,0,0
enrage,VERB,2,0,0
punish,VERB,2,0,0
proceeding,NOUN,2,0,0
oppression,NOUN,2,0,0
maintenance,NOUN,2,0,0
distress,NOUN,2,0,0
Turkey,PROPN,2,0,1
averse,ADJ,2,0,0
develop,VERB,2,0,0
article,NOUN,2,0,0
Lost,PROPN,2,0,1
speculation,NOUN,2,0,0
beheld,ADJ,2,0,0
disquisition,NOUN,2,0,0
destination,NOUN,2,0,0
massacre,VERB,2,0,0
relative,ADJ,2,0,0
pleasure,VERB,2,0,0
guard,VERB,2,0,0
especial,ADJ,2,0,0
Satan,PROPN,2,0,1
bliss,NOUN,2,0,0
gall,NOUN,2,0,0
envy,NOUN,2,0,0
accursed,ADJ,2,0,0
resemblance,NOUN,2,0,0
compassionate,VERB,2,0,0
interview,NOUN,2,0,0
sagacity,NOUN,2,0,0
inconstant,ADJ,2,0,0
fancy,ADJ,2,0,0
barren,ADJ,2,0,0
heed,VERB,2,0,0
unworthy,ADJ,2,0,0
finally,ADV,2,0,0
hideousness,NOUN,2,0,0
absorb,VERB,2,0,0
intrusion,NOUN,2,0,0
countryman,NOUN,2,0,0
unprejudiced,ADJ,2,0,0
detestable,ADJ,2,0,0
undeceive,VERB,2,0,0
consternation,NOUN,2,0,0
clung,VERB,2,0,0
range,VERB,2,0,0
like,ADJ,2,0,0
wave,VERB,2,0,0
stillness,NOUN,2,0,0
arch,NOUN,2,0,0
impotence,NOUN,2,0,0
everlaste,VERB,2,0,0
error,NOUN,2,0,0
mount,VERB,2,0,0
anxiously,ADV,2,0,0
forced,ADJ,2,0,0
loiter,VERB,2,0,0
tongue,NOUN,2,0,0
geography,NOUN,2,0,0
claim,NOUN,2,0,0
visage,NOUN,2,0,0
harden,VERB,2,0,0
extract,VERB,2,0,0
confine,NOUN,2,0,0
wind,VERB,2,0,0
current,ADJ,2,0,0
rustic,NOUN,2,0,0
gun,NOUN,2,0,0
vow,VERB,2,0,0
meditate,VERB,2,0,0
shrill,ADJ,2,0,0
fringe,VERB,2,0,0
lash,NOUN,2,0,0
impart,VERB,2,0,0
thrill,NOUN,2,0,0
sanguinary,ADJ,2,0,0
requisition,NOUN,2,0,0
reply,NOUN,2,0,0
interchange,NOUN,2,0,0
reasonable,ADJ,2,0,0
maker,NOUN,2,0,0
stifle,VERB,2,0,0
reasonably,ADV,2,0,0
necessarily,ADV,2,0,0
communion,NOUN,2,0,0
link,VERB,2,0,0
blight,NOUN,2,0,0
Europe,PROPN,2,0,1
depart,NOUN,2,0,0
enjoin,VERB,2,0,0
eradicate,VERB,2,0,0
listless,ADJ,2,0,0
solemnisation,NOUN,2,0,0
dictate,VERB,2,0,0
engagement,NOUN,2,0,0
intensity,NOUN,2,0,0
madden,VERB,2,0,0
wherever,SCONJ,2,1,0
despond,VERB,2,0,0
Rotterdam,PROPN,2,0,1
whence,ADP,2,1,0
Mainz,PROPN,2,0,1
flourish,VERB,2,0,0
slop,VERB,2,0,0
labourer,NOUN,2,0,0
ardour,PROPN,2,0,1
Britain,PROPN,2,0,1
avail,VERB,2,0,0
terribly,ADV,2,0,0
cheat,VERB,2,0,0
check,NOUN,2,0,0
expiration,NOUN,2,0,0
Windsor,PROPN,2,0,1
chemical,ADJ,2,0,0
highland,NOUN,2,0,0
herd,NOUN,2,0,0
forsake,VERB,2,0,0
footstep,NOUN,2,0,0
meadow,NOUN,2,0,0
expanse,NOUN,2,0,0
spire,NOUN,2,0,0
identify,VERB,2,0,0
illustrious,ADJ,2,0,0
Westmorland,PROPN,2,0,1
rocky,ADJ,2,0,0
Scotch,PROPN,2,0,1
languid,ADJ,2,0,0
remonstrate,VERB,2,0,0
mainland,NOUN,2,0,0
squalidness,NOUN,2,0,0
appalling,ADJ,2,0,0
roaring,NOUN,2,0,0
blind,VERB,2,0,0
malignant,ADJ,2,0,0
precarious,ADJ,2,0,0
treachery,NOUN,2,0,0
presentiment,NOUN,2,0,0
beware,VERB,2,0,0
dearer,NOUN,2,0,0
coward,NOUN,2,0,0
endless,ADJ,2,0,0
stream,VERB,2,0,0
depth,NOUN,2,0,0
isle,NOUN,2,0,0
any,ADV,2,1,0
utensil,VERB,2,0,0
film,NOUN,2,0,0
voluntary,ADJ,2,0,0
skiff,NOUN,2,0,0
commission,NOUN,2,0,0
clouded,ADJ,2,0,0
northeast,ADJ,2,0,0
rudder,NOUN,2,0,0
lull,VERB,2,0,0
starvation,NOUN,2,0,0
reverie,NOUN,2,0,0
mutable,ADJ,2,0,0
debility,NOUN,2,0,0
directly,ADV,2,0,0
harbour,NOUN,2,0,0
angry,ADJ,2,0,0
villain,NOUN,2,0,0
murmur,VERB,2,0,0
gentleman,NOUN,2,0,0
conductor,NOUN,2,0,0
proper,ADJ,2,0,0
dozen,NOUN,2,0,0
depose,VERB,2,0,0
Nugent,PROPN,2,0,1
supposition,NOUN,2,0,0
examination,NOUN,2,0,0
strangle,VERB,2,0,0
unfavourable,ADJ,2,0,0
augury,NOUN,2,0,0
suggest,VERB,2,0,0
breath,NOUN,2,0,0
murderous,ADJ,2,0,0
bride,NOUN,2,0,0
turnkey,NOUN,2,0,0
physician,NOUN,2,0,0
agonising,ADJ,2,0,0
welcome,ADJ,2,0,0
momentary,ADJ,2,0,0
insist,VERB,2,0,0
ghastly,ADV,2,0,0
disgrace,NOUN,2,0,0
criminal,NOUN,2,0,0
Rhone,PROPN,2,0,1
torpor,NOUN,2,0,0
mind,VERB,2,0,0
susceptible,ADJ,2,0,0
hunt,VERB,2,0,0
assertion,NOUN,2,0,0
maintain,VERB,2,0,0
drop,VERB,2,0,0
incoherent,ADJ,2,0,0
affectionate,VERB,2,0,0
oppose,VERB,2,0,0
airy,NOUN,2,0,0
balance,VERB,2,0,0
suspect,VERB,2,0,0
menace,NOUN,2,0,0
contentment,NOUN,2,0,0
cle,VERB,2,0,0
everlasting,ADJ,2,0,0
watch,NOUN,2,0,0
Evian,PROPN,2,0,1
lower,ADV,2,0,0
obscure,VERB,2,0,0
west,NOUN,2,0,0
momentarily,ADV,2,0,0
intervene,VERB,2,0,0
suspend,VERB,2,0,0
cling,NOUN,2,0,0
pray,VERB,2,0,0
release,NOUN,2,0,0
reconcile,VERB,2,0,0
tide,NOUN,2,0,0
unspeakable,ADJ,2,0,0
just,ADJ,2,1,0
heroism,NOUN,2,0,0
Mediterranean,PROPN,2,0,1
agony,ADJ,2,0,0
scoff,VERB,2,0,0
fashion,VERB,2,0,0
secure,NOUN,2,0,0
split,VERB,2,0,0
vigour,NOUN,2,0,0
unfulfilled,ADJ,2,0,0
rational,ADJ,2,0,0
exult,VERB,2,0,0
modify,VERB,2,0,0
mutiny,NOUN,2,0,0
imminent,ADJ,2,0,0
behold,ADJ,2,0,0
withstand,VERB,2,0,0
detail,VERB,2,0,0
extinct,ADJ,2,0,0
sting,NOUN,2,0,0
impotent,ADJ,2,0,0
insatiable,ADJ,2,0,0
humankind,NOUN,2,0,0
ash,NOUN,2,0,0
Use,PROPN,2,0,1
concept,NOUN,2,0,0
registered,ADJ,2,0,0
print,VERB,2,0,0
redistribution,NOUN,2,0,0
promote,VERB,2,0,0
available,ADJ,2,0,0
file,NOUN,2,0,0
domain,NOUN,2,0,0
outside,ADP,2,0,0
addition,NOUN,2,0,0
prominently,ADV,2,0,0
redistribute,VERB,2,0,0
Vanilla,PROPN,2,0,1
ASCII,PROPN,2,0,1
specify,VERB,2,0,0
Section,PROPN,2,0,1
receipt,NOUN,2,0,0
accordance,NOUN,2,0,0
employee,NOUN,2,0,0
liability,NOUN,2,0,0
legal,ADJ,2,0,0
breach,NOUN,2,0,0
refund,VERB,2,0,0
lieu,NOUN,2,0,0
electronically,ADV,2,0,0
readable,ADJ,2,0,0
exempt,ADJ,2,0,0
federal,ADJ,2,0,0
contribution,NOUN,2,0,0
email,NOUN,2,0,0
contact,NOUN,2,0,0
particular,ADJ,2,0,0
please,INTJ,2,1,0
Release,PROPN,1,0,1
recently,ADV,1,0,0
Judith,PROPN,1,0,1
Boss,PROPN,1,0,1
Christy,PROPN,1,0,1
Phillips,PROPN,1,0,1
Lynn,PROPN,1,0,1
Hanninen,PROPN,1,0,1
David,PROPN,1,0,1
Meltzer,PROPN,1,0,1
html,NOUN,1,0,0
Al,PROPN,1,0,1
Haines,PROPN,1,0,1
correction,NOUN,1,0,0
Menno,PROPN,1,0,1
Leeuw,PROPN,1,0,1
Godwin,PROPN,1,0,1
brace,VERB,1,0,0
foretaste,NOUN,1,0,0
clime,NOUN,1,0,0
splendour,NOUN,1,0,0
trust,NOUN,1,0,0
habitable,ADJ,1,0,0
phenomena,NOUN,1,0,0
undoubtedly,ADV,1,0,0
needle,NOUN,1,0,0
observation,NOUN,1,0,0
eccentricity,NOUN,1,0,0
consistent,ADJ,1,0,0
holiday,NOUN,1,0,0
discovery,VERB,1,0,0
contest,VERB,1,0,0
inestimable,ADJ,1,0,0
confer,VERB,1,0,0
requisite,ADJ,1,0,0
magnet,NOUN,1,0,0
ardour,DET,1,0,0
Pacific,PROPN,1,0,1
passionately,ADV,1,0,0
familiarity,NOUN,1,0,0
injunction,NOUN,1,0,0
seafaring,NOUN,1,0,0
peruse,VERB,1,0,0
effusion,NOUN,1,0,0
entrance,VERB,1,0,0
lift,VERB,1,0,0
niche,NOUN,1,0,0
Homer,PROPN,1,0,1
Shakespeare,PROPN,1,0,1
channel,NOUN,1,0,0
bent,NOUN,1,0,0
inure,VERB,1,0,0
fisher,NOUN,1,0,0
voluntarily,ADV,1,0,0
naval,ADJ,1,0,0
adventurer,NOUN,1,0,0
under,NOUN,1,1,0
Greenland,PROPN,1,0,1
whaler,NOUN,1,0,0
prefer,VERB,1,0,0
fluctuate,NOUN,1,0,0
theirs,PRON,1,0,0
stagecoach,NOUN,1,0,0
adopt,VERB,1,0,0
fortnight,ADJ,1,0,0
insurance,NOUN,1,0,0
June,PROPN,1,0,1
shower,VERB,1,0,0
testify,VERB,1,0,0
assail,VERB,1,0,0
courageous,ADJ,1,0,0
capacious,ADJ,1,0,0
amend,VERB,1,0,0
fault,NOUN,1,0,0
fourteen,NUM,1,0,0
illiterate,ADJ,1,0,0
schoolboy,NOUN,1,0,0
extended,ADJ,1,0,0
painter,NOUN,1,0,0
seaman,NOUN,1,0,0
unallie,VERB,1,0,0
dross,NOUN,1,0,0
madly,ADV,1,0,0
word,VERB,1,0,0
characteristically,ADV,1,0,0
advancement,NOUN,1,0,0
national,ADJ,1,0,0
professional,ADJ,1,0,0
unsoftene,VERB,1,0,0
endowment,NOUN,1,0,0
whale,ADJ,1,0,0
unemployed,ADJ,1,0,0
discipline,NOUN,1,0,0
fosterage,NOUN,1,0,0
groundwork,NOUN,1,0,0
distaste,NOUN,1,0,0
mariner,NOUN,1,0,0
note,VERB,1,0,0
kindliness,NOUN,1,0,0
obedience,NOUN,1,0,0
crew,NOUN,1,0,0
russian,ADJ,1,0,0
amass,VERB,1,0,0
match,NOUN,1,0,0
bath,VERB,1,0,0
suppliant,NOUN,1,0,0
farm,NOUN,1,0,0
design,VERB,1,0,0
rival,NOUN,1,0,0
decidedly,ADV,1,0,0
uneducated,ADJ,1,0,0
detract,NOUN,1,0,0
waver,VERB,1,0,0
prudence,NOUN,1,0,0
considerateness,VERB,1,0,0
albatross,NOUN,1,0,0
worn,ADJ,1,0,0
passionate,ADJ,1,0,0
imaginative,ADJ,1,0,0
industrious,ADJ,1,0,0
painstaking,ADJ,1,0,0
workman,NOUN,1,0,0
intertwine,VERB,1,0,0
pathway,NOUN,1,0,0
unvisited,ADJ,1,0,0
cape,NOUN,1,0,0
Africa,PROPN,1,0,1
Robert,PROPN,1,0,1
haste,NOUN,1,0,0
merchantman,NOUN,1,0,0
homeward,NOUN,1,0,0
dismay,VERB,1,0,0
latitude,NOUN,1,0,0
renovate,VERB,1,0,0
stiff,ADJ,1,0,0
springing,NOUN,1,0,0
leak,NOUN,1,0,0
persevering,ADJ,1,0,0
prudent,ADJ,1,0,0
crown,VERB,1,0,0
pathless,ADJ,1,0,0
untamed,ADJ,1,0,0
obedient,ADJ,1,0,0
Monday,PROPN,1,0,1
compass,VERB,1,0,0
fog,NOUN,1,0,0
solicitude,NOUN,1,0,0
telescope,NOUN,1,0,0
unqualified,ADJ,1,0,0
denote,VERB,1,0,0
dark,NOUN,1,0,0
European,PROPN,1,0,1
board,VERB,1,0,0
capitulate,VERB,1,0,0
boundless,ADJ,1,0,0
emaciate,VERB,1,0,0
brandy,NOUN,1,0,0
blanket,NOUN,1,0,0
kitchen,NOUN,1,0,0
stove,NOUN,1,0,0
soup,NOUN,1,0,0
wonderfully,ADV,1,0,0
beam,NOUN,1,0,0
impatient,NOUN,1,0,0
recovered,ADJ,1,0,0
restoration,NOUN,1,0,0
vehicle,NOUN,1,0,0
arouse,VERB,1,0,0
considerate,ADJ,1,0,0
impertinent,ADJ,1,0,0
inhuman,ADJ,1,0,0
inquisitiveness,NOUN,1,0,0
rescue,VERB,1,0,0
perilous,ADJ,1,0,0
benevolently,ADV,1,0,0
rawness,NOUN,1,0,0
instant,ADJ,1,0,0
wise,ADV,1,0,0
cultivated,ADJ,1,0,0
cull,VERB,1,0,0
choice,ADJ,1,0,0
disguise,PROPN,1,0,1
eventual,ADJ,1,0,0
evince,VERB,1,0,0
gladly,ADV,1,0,0
furtherance,NOUN,1,0,0
transmit,VERB,1,0,0
elemental,ADJ,1,0,0
quiver,VERB,1,0,0
heaving,NOUN,1,0,0
intoxicating,NOUN,1,0,0
quell,VERB,1,0,0
tyranny,NOUN,1,0,0
unfashioned,ADJ,1,0,0
wiser,NOUN,1,0,0
dearer,VERB,1,0,0
lend,VERB,1,0,0
perfectionate,VERB,1,0,0
faulty,ADJ,1,0,0
entitle,VERB,1,0,0
starry,ADJ,1,0,0
halo,NOUN,1,0,0
venture,NOUN,1,0,0
tutor,VERB,1,0,0
retirement,NOUN,1,0,0
fastidious,ADJ,1,0,0
appreciate,VERB,1,0,0
extraordinary,ADJ,1,0,0
immeasurably,ADV,1,0,0
intuitive,ADJ,1,0,0
discernment,NOUN,1,0,0
penetration,NOUN,1,0,0
unequalled,ADJ,1,0,0
clearness,NOUN,1,0,0
intonation,NOUN,1,0,0
Captain,PROPN,1,0,1
serpent,NOUN,1,0,0
apt,ADJ,1,0,0
moral,NOUN,1,0,0
tame,ADJ,1,0,0
unbelief,NOUN,1,0,0
ridicule,NOUN,1,0,0
provoke,VERB,1,0,0
gratified,ADJ,1,0,0
recital,NOUN,1,0,0
ameliorate,VERB,1,0,0
fulfilled,ADJ,1,0,0
imperatively,ADV,1,0,0
manuscript,NOUN,1,0,0
toned,ADJ,1,0,0
irradiate,VERB,1,0,0
gallant,ADJ,1,0,0
Genevese,PROPN,1,0,1
ancestor,NOUN,1,0,0
counsellor,NOUN,1,0,0
syndic,NOUN,1,0,0
reputation,NOUN,1,0,0
marrying,NOUN,1,0,0
flourishing,ADJ,1,0,0
mischance,NOUN,1,0,0
unbend,VERB,1,0,0
debt,NOUN,1,0,0
effectual,ADJ,1,0,0
overjoyed,ADJ,1,0,0
Reuss,PROPN,1,0,1
respectable,ADJ,1,0,0
fast,ADJ,1,0,0
fund,NOUN,1,0,0
mould,NOUN,1,0,0
earn,VERB,1,0,0
subsistence,NOUN,1,0,0
tenth,ADJ,1,0,0
upright,ADJ,1,0,0
unworthiness,NOUN,1,0,0
disposed,ADJ,1,0,0
show,NOUN,1,1,0
worship,VERB,1,0,0
strove,VERB,1,0,0
exotic,ADJ,1,0,0
gardener,NOUN,1,0,0
rougher,ADJ,1,0,0
hitherto,ADJ,1,0,0
restorative,ADJ,1,0,0
Naples,PROPN,1,0,1
tender,NOUN,1,0,0
idol,NOUN,1,0,0
control,NOUN,1,0,0
silken,ADJ,1,0,0
cord,NOUN,1,0,0
excursion,NOUN,1,0,0
frontier,NOUN,1,0,0
Lake,PROPN,1,0,1
afflict,VERB,1,0,0
cot,NOUN,1,0,0
folding,NOUN,1,0,0
scanty,NOUN,1,0,0
eye,VERB,1,0,0
vagrant,NOUN,1,0,0
gold,NOUN,1,0,0
clothing,NOUN,1,0,0
moulding,NOUN,1,0,0
stamp,NOUN,1,0,0
milanese,ADJ,1,0,0
nobleman,NOUN,1,0,0
german,ADJ,1,0,0
Italians,PROPN,1,0,1
antique,ADJ,1,0,0
schiavi,NOUN,1,0,0
ognor,NOUN,1,0,0
frementi,NOUN,1,0,0
Austria,PROPN,1,0,1
confiscate,VERB,1,0,0
foster,ADJ,1,0,0
bramble,NOUN,1,0,0
hall,NOUN,1,0,0
villa,NOUN,1,0,0
picture,VERB,1,0,0
cherub,NOUN,1,0,0
guardian,NOUN,1,0,0
Providence,PROPN,1,0,1
reverential,ADJ,1,0,0
became,NOUN,1,1,0
seriousness,NOUN,1,0,0
literally,ADV,1,0,0
cherish,NOUN,1,0,0
familiarly,ADV,1,0,0
body,VERB,1,0,0
disunion,NOUN,1,0,0
dispute,NOUN,1,0,0
Harmony,PROPN,1,0,1
diversity,NOUN,1,0,0
concentrated,ADJ,1,0,0
smite,VERB,1,0,0
tempest,ADJ,1,0,0
turbulence,NOUN,1,0,0
investigate,VERB,1,0,0
divine,NOUN,1,0,0
Curiosity,PROPN,1,0,1
hidden,ADJ,1,0,0
gladness,VERB,1,0,0
junior,NOUN,1,0,0
campagne,NOUN,1,0,0
seclusion,NOUN,1,0,0
fervently,ADV,1,0,0
indifferent,ADJ,1,0,0
danger,VERB,1,0,0
romance,NOUN,1,0,0
many,DET,1,1,0
enchantment,NOUN,1,0,0
knightly,ADV,1,0,0
adventure,NOUN,1,0,0
masquerade,NOUN,1,0,0
Roncesvalles,PROPN,1,0,1
Round,PROPN,1,0,1
King,PROPN,1,0,1
chivalrous,ADJ,1,0,0
holy,PROPN,1,0,1
sepulchre,PROPN,1,0,1
infidel,NOUN,1,0,0
development,NOUN,1,0,0
filial,ADJ,1,0,0
vehement,ADV,1,0,0
indiscriminately,ADV,1,0,0
politic,NOUN,1,0,0
attraction,NOUN,1,0,0
inner,ADJ,1,0,0
metaphysical,ADJ,1,0,0
theme,NOUN,1,0,0
gallant,NOUN,1,0,0
shrine,NOUN,1,0,0
lamp,NOUN,1,0,0
ours,ADJ,1,1,0
semblance,NOUN,1,0,0
aught,VERB,1,0,0
entrench,NOUN,1,0,0
humane,ADJ,1,0,0
thoughtful,ADJ,1,0,0
exploit,NOUN,1,0,0
beneficence,NOUN,1,0,0
taint,VERB,1,0,0
after,ADJ,1,1,0
ignoble,ADJ,1,0,0
predilection,NOUN,1,0,0
thirteen,NUM,1,0,0
bath,NOUN,1,0,0
Thonon,PROPN,1,0,1
apathy,ADJ,1,0,0
demonstrate,VERB,1,0,0
trash,NOUN,1,0,0
explode,VERB,1,0,0
ancient,NOUN,1,0,0
chimerical,ADJ,1,0,0
cursory,NOUN,1,0,0
avidity,NOUN,1,0,0
longing,NOUN,1,0,0
discontent,VERB,1,0,0
Sir,PROPN,1,0,1
Isaac,PROPN,1,0,1
Newton,PROPN,1,0,1
shell,NOUN,1,0,0
successor,NOUN,1,0,0
tiro,NOUN,1,0,0
untaught,ADJ,1,0,0
partially,ADV,1,0,0
unveil,VERB,1,0,0
immortal,ADJ,1,0,0
anatomise,NOUN,1,0,0
tertiary,ADJ,1,0,0
grade,NOUN,1,0,0
fortification,NOUN,1,0,0
citadel,NOUN,1,0,0
ignorantly,ADV,1,0,0
repine,VERB,1,0,0
aver,VERB,1,0,0
eighteenth,ADJ,1,0,0
blindness,NOUN,1,0,0
guidance,NOUN,1,0,0
preceptor,NOUN,1,0,0
undivided,ADJ,1,0,0
Wealth,PROPN,1,0,1
inferior,ADJ,1,0,0
raising,NOUN,1,0,0
ghost,NOUN,1,0,0
liberally,ADV,1,0,0
incantation,NOUN,1,0,0
unsuccessful,ADJ,1,0,0
mistake,NOUN,1,0,0
skill,NOUN,1,0,0
fidelity,NOUN,1,0,0
mingling,NOUN,1,0,0
unadept,ADJ,1,0,0
contradictory,ADJ,1,0,0
flounder,VERB,1,0,0
desperately,ADV,1,0,0
slough,NOUN,1,0,0
multifarious,ADJ,1,0,0
current,NOUN,1,0,0
thunderstorm,NOUN,1,0,0
burst,NOUN,1,0,0
loudness,NOUN,1,0,0
issue,NOUN,1,0,0
stump,NOUN,1,0,0
singular,NOUN,1,0,0
splinter,VERB,1,0,0
ribbon,NOUN,1,0,0
galvanism,NOUN,1,0,0
disincline,VERB,1,0,0
despicable,ADJ,1,0,0
progeny,NOUN,1,0,0
abortive,ADJ,1,0,0
threshold,NOUN,1,0,0
betook,VERB,1,0,0
ligament,NOUN,1,0,0
victory,NOUN,1,0,0
relinquishing,NOUN,1,0,0
latterly,ADJ,1,1,0
disregard,NOUN,1,0,0
potent,ADJ,1,0,0
decree,VERB,1,0,0
utter,NOUN,1,0,0
seventeen,NUM,1,0,0
oman,NOUN,1,0,0
scarlet,ADJ,1,0,0
sickbe,VERB,1,0,0
distemper,NOUN,1,0,0
imprudence,NOUN,1,0,0
preserver,NOUN,1,0,0
alarming,ADJ,1,0,0
medical,ADJ,1,0,0
prognosticate,VERB,1,0,0
deathbed,NOUN,1,0,0
calmly,ADV,1,0,0
void,NOUN,1,0,0
lapse,NOUN,1,0,0
rent,VERB,1,0,0
spoiler,NOUN,1,0,0
defer,VERB,1,0,0
thick,NOUN,1,0,0
veil,VERB,1,0,0
steadily,ADV,1,0,0
trader,NOUN,1,0,0
aspiration,NOUN,1,0,0
liberal,ADJ,1,0,0
kindling,NOUN,1,0,0
restrained,ADJ,1,0,0
resolve,NOUN,1,0,0
commerce,NOUN,1,0,0
playmate,NOUN,1,0,0
chaise,NOUN,1,0,0
unfit,VERB,1,0,0
acquisition,NOUN,1,0,0
coope,VERB,1,0,0
repent,NOUN,1,0,0
Chance,PROPN,1,0,1
Angel,PROPN,1,0,1
Destruction,PROPN,1,0,1
assert,VERB,1,0,0
sway,NOUN,1,0,0
reluctant,ADJ,1,0,0
uncouth,ADJ,1,0,0
star,VERB,1,0,0
nonsense,NOUN,1,0,0
burden,VERB,1,0,0
musty,ADJ,1,0,0
enlightened,ADJ,1,0,0
anew,ADJ,1,0,0
reprobate,VERB,1,0,0
inclined,ADJ,1,0,0
squat,ADJ,1,0,0
gruff,ADJ,1,0,0
prepossess,VERB,1,0,0
philosophical,ADJ,1,0,0
retrod,VERB,1,0,0
immortality,NOUN,1,0,0
futile,ADJ,1,0,0
boundless,PROPN,1,0,1
grandeur,PROPN,1,0,1
locality,NOUN,1,0,0
resident,NOUN,1,0,0
conceited,ADJ,1,0,0
deliver,NOUN,1,0,0
pulpit,NOUN,1,0,0
idleness,ADJ,1,0,0
lecturing,NOUN,1,0,0
shortly,ADV,1,0,0
colleague,NOUN,1,0,0
fifty,NUM,1,1,0
erect,ADJ,1,0,0
sweetest,NOUN,1,0,0
recapitulation,NOUN,1,0,0
discoverer,NOUN,1,0,0
elementary,ADJ,1,0,0
preparatory,ADJ,1,0,0
panegyric,ADJ,1,0,0
metal,NOUN,1,0,0
transmute,VERB,1,0,0
dirt,NOUN,1,0,0
pore,VERB,1,0,0
microscope,NOUN,1,0,0
crucible,NOUN,1,0,0
circulate,NOUN,1,0,0
unlimited,ADJ,1,0,0
mimic,VERB,1,0,0
enounce,VERB,1,0,0
palpable,ADJ,1,0,0
key,NOUN,1,0,0
treading,NOUN,1,0,0
pioneer,VERB,1,0,0
insurrection,NOUN,1,0,0
turmoil,NOUN,1,0,0
thence,VERB,1,1,0
yesternight,NOUN,1,0,0
private,ADJ,1,0,0
public,NOUN,1,0,0
affability,NOUN,1,0,0
indebted,ADJ,1,0,0
classification,NOUN,1,0,0
erroneously,ADV,1,0,0
solid,ADJ,1,0,0
affectation,NOUN,1,0,0
measured,ADJ,1,0,0
modesty,NOUN,1,0,0
deference,NOUN,1,0,0
ashamed,ADJ,1,0,0
stimulate,VERB,1,0,0
department,PROPN,1,0,1
petty,ADJ,1,0,0
experimentalist,NOUN,1,0,0
advise,VERB,1,0,0
comprehensive,ADJ,1,0,0
ardour,VERB,1,0,0
discrimination,NOUN,1,0,0
deal,NOUN,1,0,0
sound,ADJ,1,0,0
dogmatism,NOUN,1,0,0
frankness,NOUN,1,0,0
pedantry,NOUN,1,0,0
smooth,VERB,1,0,0
abstruse,NOUN,1,0,0
facile,VERB,1,0,0
fluctuating,NOUN,1,0,0
sly,ADJ,1,0,0
infallibly,ADV,1,0,0
attainment,NOUN,1,0,0
esteem,NOUN,1,0,0
conducive,ADJ,1,0,0
protract,VERB,1,0,0
phenomenon,NOUN,1,0,0
physiology,NOUN,1,0,0
recourse,VERB,1,0,0
anatomy,NOUN,1,0,0
superstition,NOUN,1,0,0
churchyard,NOUN,1,0,0
receptacle,NOUN,1,0,0
vault,NOUN,1,0,0
delicacy,NOUN,1,0,0
brain,NOUN,1,0,0
analyse,VERB,1,0,0
minutia,NOUN,1,0,0
causation,NOUN,1,0,0
exemplify,VERB,1,0,0
brilliant,ADJ,1,0,0
immensity,NOUN,1,0,0
affirm,ADJ,1,0,0
gratifying,ADJ,1,0,0
progressively,ADV,1,0,0
wise,ADJ,1,0,0
glimmering,NOUN,1,0,0
patiently,ADV,1,0,0
unguarde,VERB,1,0,0
infallible,ADJ,1,0,0
precept,NOUN,1,0,0
intricacy,NOUN,1,0,0
organization,NOUN,1,0,0
exalt,VERB,1,0,0
complex,ADJ,1,0,0
arduous,ADJ,1,0,0
revers,NOUN,1,0,0
imperfect,ADJ,1,0,0
mechanic,NOUN,1,0,0
magnitude,NOUN,1,0,0
complexity,NOUN,1,0,0
impracticability,NOUN,1,0,0
minuteness,NOUN,1,0,0
hindrance,NOUN,1,0,0
successfully,ADV,1,0,0
onwards,ADV,1,0,0
hurricane,NOUN,1,0,0
ideal,ADJ,1,0,0
lifeless,NOUN,1,0,0
renew,ADJ,1,0,0
unremitting,NOUN,1,0,0
confinement,NOUN,1,0,0
unrelaxed,ADJ,1,0,0
secret,ADJ,1,0,0
clay,NOUN,1,0,0
resistless,NOUN,1,0,0
frantic,ADJ,1,0,0
trance,NOUN,1,0,0
acuteness,NOUN,1,0,0
stimulus,NOUN,1,0,0
operate,VERB,1,0,0
profane,ADJ,1,0,0
gallery,NOUN,1,0,0
staircase,NOUN,1,0,0
workshop,NOUN,1,0,0
eyeball,NOUN,1,0,0
furnish,VERB,1,0,0
whilst,ADV,1,0,0
harvest,NOUN,1,0,0
luxuriant,ADJ,1,0,0
disquiet,VERB,1,0,0
interruption,NOUN,1,0,0
procrastinate,VERB,1,0,0
neglect,NOUN,1,0,0
faultiness,VERB,1,0,0
conceiving,NOUN,1,0,0
altogether,ADV,1,0,0
blame,NOUN,1,0,0
perfection,NOUN,1,0,0
tendency,NOUN,1,0,0
weaken,VERB,1,0,0
alloy,NOUN,1,0,0
mix,VERB,1,0,0
unlawful,ADJ,1,0,0
Cæsar,PROPN,1,0,1
Mexico,PROPN,1,0,1
Peru,PROPN,1,0,1
moralize,VERB,1,0,0
blossom,NOUN,1,0,0
supreme,PROPN,1,0,1
delight,PROPN,1,0,1
engross,VERB,1,0,0
wither,VERB,1,0,0
like,INTJ,1,0,0
unwholesome,ADJ,1,0,0
artist,NOUN,1,0,0
incipient,ADJ,1,0,0
November,PROPN,1,0,1
patter,VERB,1,0,0
dismally,ADV,1,0,0
candle,NOUN,1,0,0
extinguished,ADJ,1,0,0
open,NOUN,1,0,0
convulsive,ADJ,1,0,0
delineate,VERB,1,0,0
black,NOUN,1,0,0
pearly,ADJ,1,0,0
whiteness,NOUN,1,0,0
luxuriance,NOUN,1,0,0
dun,ADJ,1,0,0
shrivelled,ADJ,1,0,0
straight,ADJ,1,0,0
changeable,ADJ,1,0,0
breathless,NOUN,1,0,0
lassitude,NOUN,1,0,0
kiss,NOUN,1,0,0
livid,ADJ,1,0,0
hue,NOUN,1,0,0
shroud,NOUN,1,0,0
grave,ADJ,1,0,0
flannel,NOUN,1,0,0
forehead,NOUN,1,0,0
convulse,VERB,1,0,0
dim,PROPN,1,0,1
curtain,NOUN,1,0,0
jaw,NOUN,1,0,0
mutter,VERB,1,0,0
detain,VERB,1,0,0
downstairs,ADV,1,0,0
courtyard,NOUN,1,0,0
down,ADV,1,1,0
Dante,PROPN,1,0,1
wretchedly,ADV,1,0,0
palpitation,NOUN,1,0,0
pleasant,NOUN,1,0,0
dismal,ADJ,1,0,0
ache,VERB,1,0,0
church,NOUN,1,0,0
clock,NOUN,1,0,0
sixth,ADJ,1,0,0
porter,NOUN,1,0,0
pace,VERB,1,0,0
drench,VERB,1,0,0
comfortless,ADJ,1,0,0
ease,VERB,1,0,0
on,ADV,1,1,0
tread,ADJ,1,0,0
coleridge,NOUN,1,0,0
opposite,ADV,1,0,0
inn,NOUN,1,0,0
coach,NOUN,1,0,0
cordial,ADJ,1,0,0
comprise,VERB,1,0,0
keeping,NOUN,1,0,0
unwearied,ADJ,1,0,0
dutch,ADJ,1,0,0
schoolmaster,NOUN,1,0,0
Vicar,PROPN,1,0,1
Wakefield,PROPN,1,0,1
florin,NOUN,1,0,0
heartily,ADV,1,0,0
by,NOUN,1,1,0
excessively,ADV,1,0,0
shiver,ADJ,1,0,0
stair,NOUN,1,0,0
shivering,NOUN,1,0,0
bedroom,NOUN,1,0,0
tingle,NOUN,1,0,0
jump,VERB,1,0,0
dreaded,ADJ,1,0,0
glide,NOUN,1,0,0
furiously,ADV,1,0,0
anticipate,VERB,1,0,0
unfitness,VERB,1,0,0
harm,NOUN,1,0,0
rave,VERB,1,0,0
disturbed,ADJ,1,0,0
pertinacity,NOUN,1,0,0
Dearest,PROPN,1,0,1
discompose,VERB,1,0,0
deserving,ADJ,1,0,0
Cousin,PROPN,1,0,1
pen,NOUN,1,0,0
figure,VERB,1,0,0
sickbed,NOUN,1,0,0
devolve,VERB,1,0,0
mercenary,ADJ,1,0,0
vigorous,ADJ,1,0,0
sixteen,NUM,1,0,0
military,ADJ,1,0,0
fetter,NOUN,1,0,0
climb,VERB,1,0,0
idler,NOUN,1,0,0
face,VERB,1,0,0
household,NOUN,1,0,0
perversity,NOUN,1,0,0
twelve,NUM,1,1,0
republican,ADJ,1,0,0
institution,NOUN,1,0,0
monarchy,NOUN,1,0,0
hence,ADV,1,1,0
refined,ADJ,1,0,0
Ariosto,PROPN,1,0,1
Angelica,PROPN,1,0,1
frank,ADV,1,0,0
hearted,ADJ,1,0,0
protectress,NOUN,1,0,0
inconsiderate,VERB,1,0,0
model,NOUN,1,0,0
phraseology,NOUN,1,0,0
notice,VERB,1,0,0
childless,ADJ,1,0,0
judgement,NOUN,1,0,0
chastise,VERB,1,0,0
roman,ADJ,1,0,0
Catholic,PROPN,1,0,1
repentant,ADJ,1,0,0
softness,NOUN,1,0,0
vacillating,ADJ,1,0,0
unkindness,ADJ,1,0,0
oftener,NOUN,1,0,0
Perpetual,PROPN,1,0,1
fret,VERB,1,0,0
irritability,NOUN,1,0,0
clever,ADJ,1,0,0
eyelash,NOUN,1,0,0
dimple,NOUN,1,0,0
rosy,ADJ,1,0,0
Louisa,PROPN,1,0,1
Biron,PROPN,1,0,1
gossip,NOUN,1,0,0
Miss,PROPN,1,0,1
Mansfield,PROPN,1,0,1
John,PROPN,1,0,1
Melbourne,PROPN,1,0,1
Esq,PROPN,1,0,1
Manon,PROPN,1,0,1
married,ADJ,1,0,0
Duvillard,PROPN,1,0,1
banker,NOUN,1,0,0
schoolfellow,NOUN,1,0,0
Louis,PROPN,1,0,1
Frenchwoman,PROPN,1,0,1
Tavernier,PROPN,1,0,1
Write,PROPN,1,0,1
usage,NOUN,1,0,0
antipathy,NOUN,1,0,0
dislike,VERB,1,0,0
modesty,ADJ,1,0,0
excuse,NOUN,1,0,0
total,ADJ,1,0,0
blunt,ADJ,1,0,0
encomium,NOUN,1,0,0
D,PROPN,1,0,1
n,CCONJ,1,0,0
outstript,VERB,1,0,0
stare,VERB,1,0,0
nevertheless,ADV,1,1,0
youngster,NOUN,1,0,0
gospel,NOUN,1,0,0
ay,NOUN,1,0,0
modest,ADJ,1,0,0
diffident,NOUN,1,0,0
eulogy,NOUN,1,0,0
annoying,ADJ,1,0,0
literary,ADJ,1,0,0
oriental,ADJ,1,0,0
inglorious,ADJ,1,0,0
East,PROPN,1,0,1
Arabic,PROPN,1,0,1
Sanskrit,PROPN,1,0,1
pupil,NOUN,1,0,0
orientalist,NOUN,1,0,0
dialect,NOUN,1,0,0
frown,NOUN,1,0,0
manly,ADJ,1,0,0
heroical,ADJ,1,0,0
Rome,PROPN,1,0,1
Summer,PROPN,1,0,1
impassable,ADJ,1,0,0
unwillingness,NOUN,1,0,0
uncommonly,ADV,1,0,0
dilatoriness,NOUN,1,0,0
pedestrian,NOUN,1,0,0
accede,VERB,1,0,0
perambulation,NOUN,1,0,0
salubrious,ADJ,1,0,0
unsocial,ADJ,1,0,0
level,NOUN,1,0,0
cramp,VERB,1,0,0
narrow,VERB,1,0,0
hedge,NOUN,1,0,0
arabic,ADJ,1,0,0
invent,VERB,1,0,0
poem,NOUN,1,0,0
ingenuity,NOUN,1,0,0
Sunday,PROPN,1,0,1
unbridled,ADJ,1,0,0
impatiently,ADV,1,0,0
welcome,NOUN,1,0,0
callous,ADJ,1,0,0
skim,VERB,1,0,0
gay,PROPN,1,0,1
simply,ADV,1,0,0
transaction,NOUN,1,0,0
Thursday,PROPN,1,0,1
dusk,NOUN,1,0,0
blooming,NOUN,1,0,0
livid,NOUN,1,0,0
persist,VERB,1,0,0
tease,VERB,1,0,0
unremitte,VERB,1,0,0
Come,PROPN,1,0,1
fester,VERB,1,0,0
affectionate,NOUN,1,0,0
afflicted,ADJ,1,0,0
Alphonse,PROPN,1,0,1
motion,VERB,1,0,0
Tears,PROPN,1,0,1
sod,NOUN,1,0,0
cabriolet,NOUN,1,0,0
sympathise,ADV,1,0,0
loved,ADJ,1,0,0
sorrow,VERB,1,0,0
slacken,VERB,1,0,0
tranquilly,ADV,1,0,0
nameless,NOUN,1,0,0
define,VERB,1,0,0
Lausanne,PROPN,1,0,1
prognosticate,ADJ,1,0,0
preliminary,ADJ,1,0,0
comparative,ADJ,1,0,0
nearer,PROPN,1,0,1
gloomily,ADV,1,0,0
dim,ADJ,1,0,0
foresaw,VERB,1,0,0
obscurely,ADV,1,0,0
prophesy,VERB,1,0,0
hundredth,ADJ,1,0,0
Secheron,PROPN,1,0,1
low,PROPN,1,0,1
crash,NOUN,1,0,0
Juras,PROPN,1,0,1
Savoy,PROPN,1,0,1
pitchy,ADJ,1,0,0
belrive,ADJ,1,0,0
Copêt,PROPN,1,0,1
Môle,PROPN,1,0,1
peaked,ADJ,1,0,0
east,NOUN,1,0,0
thy,NOUN,1,0,0
dirge,NOUN,1,0,0
clump,NOUN,1,0,0
bedside,NOUN,1,0,0
deprave,VERB,1,0,0
carnage,NOUN,1,0,0
vampire,NOUN,1,0,0
improbable,ADJ,1,0,0
pursuit,ADJ,1,0,0
scale,VERB,1,0,0
house,PROPN,1,0,1
mantel,NOUN,1,0,0
historical,ADJ,1,0,0
represent,VERB,1,0,0
pale,NOUN,1,0,0
welcome,INTJ,1,0,0
overtake,VERB,1,0,0
fond,NOUN,1,0,0
wrongfully,ADV,1,0,0
greeting,NOUN,1,0,0
topic,NOUN,1,0,0
Good,PROPN,1,0,1
depravity,NOUN,1,0,0
ungratitude,NOUN,1,0,0
astounding,ADJ,1,0,0
vulgar,NOUN,1,0,0
Time,PROPN,1,0,1
ally,VERB,1,0,0
doubly,ADV,1,0,0
acquittal,NOUN,1,0,0
prejudice,VERB,1,0,0
eleven,NUM,1,1,0
lawless,ADJ,1,0,0
device,NOUN,1,0,0
aggravation,NOUN,1,0,0
infamy,NOUN,1,0,0
ignominious,ADJ,1,0,0
declaration,NOUN,1,0,0
exculpate,VERB,1,0,0
exquisitely,ADV,1,0,0
confident,ADJ,1,0,0
spectator,NOUN,1,0,0
constrain,VERB,1,0,0
attest,VERB,1,0,0
guiltlessness,NOUN,1,0,0
advocate,NOUN,1,0,0
stagger,VERB,1,0,0
unintelligible,ADJ,1,0,0
hysteric,NOUN,1,0,0
faltering,NOUN,1,0,0
miss,VERB,1,0,0
plead,VERB,1,0,0
variable,ADJ,1,0,0
protestation,NOUN,1,0,0
doubtful,ADJ,1,0,0
suspicious,ADJ,1,0,0
Chêne,PROPN,1,0,1
nine,NUM,1,1,0
question,VERB,1,0,0
fatally,ADV,1,0,0
overweigh,VERB,1,0,0
pledge,VERB,1,0,0
salvation,NOUN,1,0,0
timorous,ADJ,1,0,0
irreproachable,ADJ,1,0,0
indecent,NOUN,1,0,0
pretended,ADJ,1,0,0
warmly,ADV,1,0,0
bauble,ADJ,1,0,0
interference,NOUN,1,0,0
popular,ADJ,1,0,0
fang,NOUN,1,0,0
forgo,VERB,1,0,0
officer,NOUN,1,0,0
ballot,NOUN,1,0,0
experienced,ADJ,1,0,0
dire,ADJ,1,0,0
guile,NOUN,1,0,0
chamber,PROPN,1,0,1
beheld,PROPN,1,0,1
farth,ADJ,1,0,0
manacle,VERB,1,0,0
sob,NOUN,1,0,0
Rise,PROPN,1,0,1
confession,NOUN,1,0,0
confess,ADJ,1,0,0
absolution,NOUN,1,0,0
besiege,VERB,1,0,0
excommunication,NOUN,1,0,0
obdurate,VERB,1,0,0
perdition,NOUN,1,0,0
honour,VERB,1,0,0
melt,VERB,1,0,0
playfellow,ADJ,1,0,0
submit,VERB,1,0,0
grind,VERB,1,0,0
inmost,NOUN,1,0,0
acknowledge,VERB,1,0,0
comfort,VERB,1,0,0
while,NOUN,1,1,0
tarnish,VERB,1,0,0
core,NOUN,1,0,0
repress,VERB,1,0,0
dearest,X,1,0,0
heaven,VERB,1,0,0
bounty,NOUN,1,0,0
live,ADV,1,0,0
criminality,NOUN,1,0,0
purposed,ADJ,1,0,0
avowal,NOUN,1,0,0
revoke,VERB,1,0,0
murderess,NOUN,1,0,0
voiceless,ADJ,1,0,0
doing,NOUN,1,1,0
thrice,NOUN,1,0,0
accurse,VERB,1,0,0
weep,NOUN,1,0,0
funeral,ADJ,1,0,0
wail,NOUN,1,0,0
lamentation,NOUN,1,0,0
kinsman,NOUN,1,0,0
vital,ADJ,1,0,0
mirror,VERB,1,0,0
countless,ADJ,1,0,0
succession,NOUN,1,0,0
Sleep,PROPN,1,0,1
serenity,NOUN,1,0,0
satisfaction,NOUN,1,0,0
complacency,NOUN,1,0,0
deathlike,ADJ,1,0,0
perceptible,ADJ,1,0,0
immoderate,ADJ,1,0,0
discharge,NOUN,1,0,0
inapplicable,ADJ,1,0,0
terror,VERB,1,0,0
shutting,NOUN,1,0,0
unquiet,ADJ,1,0,0
restless,NOUN,1,0,0
bat,NOUN,1,0,0
frog,NOUN,1,0,0
croaking,NOUN,1,0,0
calamitie,VERB,1,0,0
desertion,NOUN,1,0,0
unalterable,ADJ,1,0,0
signal,NOUN,1,0,0
efface,VERB,1,0,0
thoughtlessly,ADV,1,0,0
Andes,PROPN,1,0,1
avenge,VERB,1,0,0
desponding,ADJ,1,0,0
wean,VERB,1,0,0
depraved,ADJ,1,0,0
abyss,NOUN,1,0,0
assassinate,VERB,1,0,0
reap,VERB,1,0,0
prize,VERB,1,0,0
suffice,NOUN,1,0,0
lurk,VERB,1,0,0
wound,VERB,1,0,0
fainting,NOUN,1,0,0
untrodden,ADJ,1,0,0
brake,NOUN,1,0,0
arrow,NOUN,1,0,0
eternity,NOUN,1,0,0
ephemeral,NOUN,1,0,0
nought,NOUN,1,0,0
savage,ADJ,1,0,0
sure,ADV,1,0,0
footed,ADJ,1,0,0
liable,ADJ,1,0,0
lighten,VERB,1,0,0
waterfall,NOUN,1,0,0
Omnipotence,PROPN,1,0,1
almighty,ADJ,1,0,0
impetuous,ADJ,1,0,0
cottage,VERB,1,0,0
mighty,PROPN,1,0,1
pyramid,NOUN,1,0,0
bridge,NOUN,1,0,0
Pélissier,PROPN,1,0,1
rumble,VERB,1,0,0
smoke,NOUN,1,0,0
supreme,ADJ,1,0,0
aiguille,NOUN,1,0,0
dôme,NOUN,1,0,0
tingling,ADJ,1,0,0
by,ADV,1,1,0
lighthearte,VERB,1,0,0
maternal,ADJ,1,0,0
kindly,ADJ,1,0,0
fetter,VERB,1,0,0
spur,VERB,1,0,0
desperate,ADJ,1,0,0
pallid,ADJ,1,0,0
rushing,NOUN,1,0,0
noisy,ADJ,1,0,0
lulling,NOUN,1,0,0
lullaby,NOUN,1,0,0
pillow,NOUN,1,0,0
giver,NOUN,1,0,0
roam,VERB,1,0,0
Arveiron,PROPN,1,0,1
barricade,VERB,1,0,0
abrupt,ADJ,1,0,0
glacier,PROPN,1,0,1
imperial,ADJ,1,0,0
brawl,VERB,1,0,0
cracking,NOUN,1,0,0
reverberate,VERB,1,0,0
anon,PROPN,1,0,1
littleness,ADJ,1,0,0
slumber,NOUN,1,0,0
minister,VERB,1,0,0
assemblance,NOUN,1,0,0
congregate,VERB,1,0,0
unstaine,VERB,1,0,0
snowy,PROPN,1,0,1
pinnacle,NOUN,1,0,0
inspiriting,PROPN,1,0,1
clouded,NOUN,1,0,0
misty,ADJ,1,0,0
glaci,ADJ,1,0,0
wing,NOUN,1,0,0
solemnise,VERB,1,0,0
grandeur,NOUN,1,0,0
perpendicularity,NOUN,1,0,0
terrifically,ADV,1,0,0
jutting,NOUN,1,0,0
transversely,ADV,1,0,0
intersect,VERB,1,0,0
concussion,NOUN,1,0,0
speaker,NOUN,1,0,0
luxuriant,VERB,1,0,0
sombre,ADJ,1,0,0
wreath,NOUN,1,0,0
uniform,PROPN,1,0,1
boast,NOUN,1,0,0
brute,NOUN,1,0,0
conceive,ADJ,1,0,0
Embrace,PROPN,1,0,1
Nought,PROPN,1,0,1
mutability,NOUN,1,0,0
both,CCONJ,1,1,0
uneven,ADJ,1,0,0
width,NOUN,1,0,0
sunlight,NOUN,1,0,0
wander,NOUN,1,0,0
superhuman,ADJ,1,0,0
caution,NOUN,1,0,0
faintness,NOUN,1,0,0
tremendous,NOUN,1,0,0
bespoke,NOUN,1,0,0
vile,ADJ,1,0,0
diabolically,ADV,1,0,0
det,ADJ,1,0,0
dissoluble,ADJ,1,0,0
purpose,VERB,1,0,0
sport,VERB,1,0,0
maw,NOUN,1,0,0
abhorred,ADJ,1,0,0
fiend,VERB,1,0,0
hell,PROPN,1,0,1
reproach,VERB,1,0,0
negligently,ADV,1,0,0
hast,PROPN,1,0,1
thyself,PRON,1,0,0
thine,NOUN,1,0,0
opposition,NOUN,1,0,0
wilt,NOUN,1,0,0
owest,VERB,1,0,0
equitable,ADJ,1,0,0
trample,NOUN,1,0,0
clemency,NOUN,1,0,0
thy,ADJ,1,0,0
drivest,ADV,1,0,0
misdeed,NOUN,1,0,0
bliss,PROPN,1,0,1
community,NOUN,1,0,0
fight,NOUN,1,0,0
implore,VERB,1,0,0
grudge,VERB,1,0,0
disdain,VERB,1,0,0
commiserate,VERB,1,0,0
bloody,ADJ,1,0,0
rejoin,VERB,1,0,0
canst,NOUN,1,0,0
fitting,ADJ,1,0,0
scourge,NOUN,1,0,0
speedy,ADJ,1,0,0
denial,NOUN,1,0,0
era,NOUN,1,0,0
indistinct,ADJ,1,0,0
multiplicity,NOUN,1,0,0
smell,VERB,1,0,0
opaque,ADJ,1,0,0
impervious,ADJ,1,0,0
touch,NOUN,1,0,0
dormant,ADJ,1,0,0
slake,VERB,1,0,0
frightened,ADJ,1,0,0
instinctively,ADV,1,0,0
insufficient,ADJ,1,0,0
invade,VERB,1,0,0
beheld,VERB,1,0,0
rang,VERB,1,0,0
wing,VERB,1,0,0
roof,NOUN,1,0,0
canopy,VERB,1,0,0
uncouth,NOUN,1,0,0
lessened,ADJ,1,0,0
sparrow,NOUN,1,0,0
blackbird,NOUN,1,0,0
thrush,PROPN,1,0,1
enticing,ADJ,1,0,0
pain,VERB,1,0,0
supply,NOUN,1,0,0
uncover,VERB,1,0,0
fan,NOUN,1,0,0
offal,NOUN,1,0,0
roast,VERB,1,0,0
savoury,NOUN,1,0,0
spoil,VERB,1,0,0
Food,PROPN,1,0,1
scarce,ADJ,1,0,0
assuage,VERB,1,0,0
emigration,NOUN,1,0,0
reproduce,VERB,1,0,0
noise,NOUN,1,0,0
loudly,ADV,1,0,0
debilitated,ADJ,1,0,0
divine,VERB,1,0,0
Pandæmonium,PROPN,1,0,1
devour,VERB,1,0,0
remnant,NOUN,1,0,0
wine,NOUN,1,0,0
brightly,ADV,1,0,0
wallet,NOUN,1,0,0
neater,NOUN,1,0,0
grievously,ADV,1,0,0
bruise,VERB,1,0,0
missile,NOUN,1,0,0
weapon,NOUN,1,0,0
upright,ADV,1,0,0
kennel,NOUN,1,0,0
adjacent,ADJ,1,0,0
pig,NOUN,1,0,0
in,ADV,1,1,0
carpet,VERB,1,0,0
purloin,VERB,1,0,0
conveniently,ADV,1,0,0
vicinity,NOUN,1,0,0
tolerably,ADV,1,0,0
dropping,NOUN,1,0,0
dank,NOUN,1,0,0
farmhouse,NOUN,1,0,0
meanly,ADV,1,0,0
petticoat,NOUN,1,0,0
linen,NOUN,1,0,0
jacket,NOUN,1,0,0
incommode,VERB,1,0,0
imperceptible,ADJ,1,0,0
whitewash,VERB,1,0,0
drawer,NOUN,1,0,0
thrush,NOUN,1,0,0
aught,NOUN,1,0,0
entice,VERB,1,0,0
audibly,ADV,1,0,0
knelt,VERB,1,0,0
overpowering,NOUN,1,0,0
busily,ADV,1,0,0
dig,VERB,1,0,0
pensive,ADJ,1,0,0
dispatch,VERB,1,0,0
silver,ADJ,1,0,0
beaming,NOUN,1,0,0
graceful,ADJ,1,0,0
symmetry,NOUN,1,0,0
taper,NOUN,1,0,0
neighbour,NOUN,1,0,0
hereafter,ADV,1,1,0
contemplation,NOUN,1,0,0
imperfect,NOUN,1,0,0
chill,NOUN,1,0,0
delicious,ADJ,1,0,0
viand,NOUN,1,0,0
interchange,VERB,1,0,0
enigmatic,ADJ,1,0,0
distressing,NOUN,1,0,0
poignantly,ADV,1,0,0
abstain,VERB,1,0,0
outside,NOUN,1,0,0
godlike,NOUN,1,0,0
pronunciation,NOUN,1,0,0
unravel,VERB,1,0,0
appropriate,VERB,1,0,0
endear,VERB,1,0,0
gait,NOUN,1,0,0
enhance,VERB,1,0,0
unpractised,ADJ,1,0,0
well,NOUN,1,1,0
outhouse,NOUN,1,0,0
replenish,VERB,1,0,0
farmer,NOUN,1,0,0
dinner,NOUN,1,0,0
frosty,ADJ,1,0,0
puzzle,VERB,1,0,0
transparent,ADJ,1,0,0
mirror,NOUN,1,0,0
mortification,NOUN,1,0,0
indication,NOUN,1,0,0
wholesome,ADJ,1,0,0
sufficiency,NOUN,1,0,0
foolish,ADJ,1,0,0
arbiter,NOUN,1,0,0
disgusted,ADJ,1,0,0
exhilarate,VERB,1,0,0
organ,NOUN,1,0,0
tolerable,ADJ,1,0,0
lap,NOUN,1,0,0
execration,NOUN,1,0,0
shower,NOUN,1,0,0
god,NOUN,1,0,0
unwholesome,NOUN,1,0,0
blot,VERB,1,0,0
gild,VERB,1,0,0
moving,ADJ,1,0,0
periodically,ADV,1,0,0
suit,NOUN,1,0,0
musical,ADJ,1,0,0
either,DET,1,1,0
raven,NOUN,1,0,0
curiously,ADV,1,0,0
braid,VERB,1,0,0
regular,ADJ,1,0,0
wondrously,ADV,1,0,0
pink,NOUN,1,0,0
ecstatic,ADJ,1,0,0
rapturously,ADV,1,0,0
dismount,VERB,1,0,0
knelt,NOUN,1,0,0
affectionately,ADV,1,0,0
neither,ADV,1,1,0
recurrence,NOUN,1,0,0
repetition,NOUN,1,0,0
entrancingly,ADV,1,0,0
cadence,NOUN,1,0,0
peaceably,ADV,1,0,0
meanwhile,NOUN,1,1,0
moonlight,NOUN,1,0,0
warmer,NOUN,1,0,0
balmy,ADJ,1,0,0
nocturnal,ADJ,1,0,0
shorten,VERB,1,0,0
daylight,NOUN,1,0,0
master,VERB,1,0,0
volney,NOUN,1,0,0
Ruins,PROPN,1,0,1
Empires,PROPN,1,0,1
declamatory,ADJ,1,0,0
style,NOUN,1,0,0
frame,VERB,1,0,0
insight,NOUN,1,0,0
slothful,ADJ,1,0,0
Asiatics,PROPN,1,0,1
Grecians,PROPN,1,0,1
Romans,PROPN,1,0,1
degenerating,NOUN,1,0,0
Christianity,PROPN,1,0,1
american,ADJ,1,0,0
hemisphere,NOUN,1,0,0
scion,NOUN,1,0,0
godlike,ADJ,1,0,0
record,NOUN,1,0,0
mole,NOUN,1,0,0
bloodshed,NOUN,1,0,0
division,NOUN,1,0,0
esteemed,ADJ,1,0,0
unsullied,ADJ,1,0,0
rich,NOUN,1,0,0
rare,ADJ,1,0,0
vagabond,NOUN,1,0,0
hideously,ADV,1,0,0
agile,ADJ,1,0,0
coarser,NOUN,1,0,0
diet,NOUN,1,0,0
extreme,NOUN,1,0,0
disown,VERB,1,0,0
lichen,NOUN,1,0,0
stealth,PROPN,1,0,1
unseen,ADJ,1,0,0
charming,ADJ,1,0,0
sally,NOUN,1,0,0
relationship,NOUN,1,0,0
inexperienced,ADJ,1,0,0
affluence,NOUN,1,0,0
superior,NOUN,1,0,0
breed,VERB,1,0,0
luxurious,ADJ,1,0,0
refinement,NOUN,1,0,0
obnoxious,ADJ,1,0,0
flagrant,NOUN,1,0,0
condemnation,NOUN,1,0,0
accidentally,ADV,1,0,0
fruitless,ADJ,1,0,0
admittance,NOUN,1,0,0
grated,ADJ,1,0,0
unguarded,ADJ,1,0,0
Muhammadan,PROPN,1,0,1
grate,NOUN,1,0,0
prisoner,NOUN,1,0,0
amazed,ADJ,1,0,0
captive,ADJ,1,0,0
hazard,NOUN,1,0,0
implement,NOUN,1,0,0
Arab,PROPN,1,0,1
Turks,PROPN,1,0,1
recommend,VERB,1,0,0
bondage,NOUN,1,0,0
tenet,NOUN,1,0,0
independence,NOUN,1,0,0
follower,NOUN,1,0,0
Muhammad,PROPN,1,0,1
indelibly,ADV,1,0,0
harem,NOUN,1,0,0
infantile,ADJ,1,0,0
suited,ADJ,1,0,0
emulation,NOUN,1,0,0
passport,NOUN,1,0,0
fugitive,NOUN,1,0,0
Lyons,PROPN,1,0,1
Cenis,PROPN,1,0,1
tenderest,ADJ,1,0,0
interpreter,NOUN,1,0,0
intimacy,NOUN,1,0,0
resentment,NOUN,1,0,0
lukewarm,ADJ,1,0,0
italian,ADJ,1,0,0
secretly,ADV,1,0,0
facilitate,VERB,1,0,0
detect,VERB,1,0,0
plot,NOUN,1,0,0
noisome,NOUN,1,0,0
latter,NOUN,1,1,0
boarder,NOUN,1,0,0
convent,NOUN,1,0,0
treacherous,ADJ,1,0,0
unheard,ADJ,1,0,0
of,NOUN,1,1,0
traitor,NOUN,1,0,0
insultingly,ADV,1,0,0
meed,NOUN,1,0,0
glory,VERB,1,0,0
misfortune,VERB,1,0,0
outrage,VERB,1,0,0
expostulate,VERB,1,0,0
angrily,ADV,1,0,0
reiterate,VERB,1,0,0
tyrannical,ADJ,1,0,0
mandate,NOUN,1,0,0
divulge,VERB,1,0,0
confidential,ADJ,1,0,0
abhorrent,ADJ,1,0,0
dangerously,ADV,1,0,0
Italian,PROPN,1,0,1
social,ADJ,1,0,0
deprecate,VERB,1,0,0
incite,VERB,1,0,0
actor,NOUN,1,0,0
leathern,ADJ,1,0,0
portmanteau,NOUN,1,0,0
infinity,NOUN,1,0,0
canvass,VERB,1,0,0
pretension,NOUN,1,0,0
suicide,NOUN,1,0,0
precisely,ADV,1,0,0
similar,ADJ,1,0,0
unformed,ADJ,1,0,0
founder,NOUN,1,0,0
far,ADJ,1,0,0
sphere,NOUN,1,0,0
kingdom,NOUN,1,0,0
boundless,NOUN,1,0,0
peaceable,ADJ,1,0,0
lawgiver,NOUN,1,0,0
Numa,PROPN,1,0,1
Solon,PROPN,1,0,1
Lycurgus,PROPN,1,0,1
preference,NOUN,1,0,0
Romulus,PROPN,1,0,1
Theseus,PROPN,1,0,1
patriarchal,ADJ,1,0,0
soldier,NOUN,1,0,0
awe,VERB,1,0,0
war,VERB,1,0,0
exciting,ADJ,1,0,0
refer,VERB,1,0,0
similarity,NOUN,1,0,0
prosperous,ADJ,1,0,0
fitter,NOUN,1,0,0
emblem,NOUN,1,0,0
strengthen,VERB,1,0,0
decipher,VERB,1,0,0
disgusting,ADJ,1,0,0
accursed,NOUN,1,0,0
alluring,ADJ,1,0,0
importance,NOUN,1,0,0
plenty,NOUN,1,0,0
reign,VERB,1,0,0
moonshine,NOUN,1,0,0
frail,NOUN,1,0,0
fortify,VERB,1,0,0
unchecke,VERB,1,0,0
Eve,PROPN,1,0,1
supplication,NOUN,1,0,0
Autumn,PROPN,1,0,1
bleakness,NOUN,1,0,0
conformation,NOUN,1,0,0
endurance,NOUN,1,0,0
chief,NOUN,1,0,0
casualty,NOUN,1,0,0
yearn,VERB,1,0,0
limit,NOUN,1,0,0
mediation,NOUN,1,0,0
tolerate,VERB,1,0,0
red,ADJ,1,0,0
diffused,ADJ,1,0,0
thoughtfulness,NOUN,1,0,0
aside,ADP,1,0,0
quick,ADV,1,0,0
fair,NOUN,1,0,0
knock,VERB,1,0,0
afraid,ADJ,1,0,0
host,NOUN,1,0,0
irresolute,ADJ,1,0,0
german,NOUN,1,0,0
deserted,ADJ,1,0,0
friendless,ADJ,1,0,0
brotherly,ADJ,1,0,0
rely,ADV,1,0,0
prejudiced,ADJ,1,0,0
blameless,ADJ,1,0,0
unreservedly,ADV,1,0,0
serviceable,ADJ,1,0,0
desperation,NOUN,1,0,0
transport,NOUN,1,0,0
stick,NOUN,1,0,0
lion,NOUN,1,0,0
antelope,NOUN,1,0,0
Cursed,PROPN,1,0,1
shriek,NOUN,1,0,0
howling,NOUN,1,0,0
stag,NOUN,1,0,0
universal,ADJ,1,0,0
unsympathised,ADJ,1,0,0
havoc,NOUN,1,0,0
fatigued,ADJ,1,0,0
myriad,NOUN,1,0,0
underwood,NOUN,1,0,0
imprudently,ADV,1,0,0
behalf,NOUN,1,0,0
fool,NOUN,1,0,0
familiarise,VERB,1,0,0
irretrievable,ADJ,1,0,0
exhausted,ADJ,1,0,0
appease,VERB,1,0,0
high,ADV,1,0,0
inside,NOUN,1,0,0
gesticulation,NOUN,1,0,0
produce,NOUN,1,0,0
tenement,NOUN,1,0,0
stupid,ADJ,1,0,0
combustible,NOUN,1,0,0
vestige,NOUN,1,0,0
western,ADJ,1,0,0
hid,NOUN,1,0,0
brand,NOUN,1,0,0
bush,NOUN,1,0,0
clung,NOUN,1,0,0
lick,VERB,1,0,0
forked,ADJ,1,0,0
fitness,NOUN,1,0,0
southwesterly,ADJ,1,0,0
succour,PROPN,1,0,1
perception,NOUN,1,0,0
scorn,NOUN,1,0,0
redress,NOUN,1,0,0
district,NOUN,1,0,0
heatless,ADJ,1,0,0
chill,ADJ,1,0,0
imprecate,ADJ,1,0,0
enkindle,VERB,1,0,0
map,NOUN,1,0,0
wide,ADV,1,0,0
balminess,NOUN,1,0,0
bedew,VERB,1,0,0
humid,ADJ,1,0,0
thankfulness,NOUN,1,0,0
blessed,ADJ,1,0,0
cypress,NOUN,1,0,0
slip,VERB,1,0,0
injurer,NOUN,1,0,0
recompense,NOUN,1,0,0
gnashing,NOUN,1,0,0
cure,VERB,1,0,0
ball,NOUN,1,0,0
rate,NOUN,1,0,0
infliction,NOUN,1,0,0
outrage,NOUN,1,0,0
insult,VERB,1,0,0
painfully,ADV,1,0,0
sportiveness,NOUN,1,0,0
people,VERB,1,0,0
hurt,VERB,1,0,0
monster,VERB,1,0,0
ogre,NOUN,1,0,0
boy,INTJ,1,0,0
syndic,ADJ,1,0,0
epithet,NOUN,1,0,0
silence,VERB,1,0,0
expressive,NOUN,1,0,0
affright,NOUN,1,0,0
vent,VERB,1,0,0
perish,ADJ,1,0,0
secluded,ADJ,1,0,0
fairest,NOUN,1,0,0
lover,PROPN,1,0,1
thine,ADJ,1,0,0
sleeper,NOUN,1,0,0
denounce,VERB,1,0,0
atone,VERB,1,0,0
securely,ADV,1,0,0
deform,VERB,1,0,0
perplexed,ADJ,1,0,0
concede,VERB,1,0,0
narrate,VERB,1,0,0
extort,VERB,1,0,0
joint,ADJ,1,0,0
wrong,NOUN,1,0,0
malicious,ADJ,1,0,0
acceptance,NOUN,1,0,0
submission,NOUN,1,0,0
revenge,VERB,1,0,0
inextinguishable,ADJ,1,0,0
finish,NOUN,1,0,0
contortion,NOUN,1,0,0
detrimental,ADJ,1,0,0
hundredfold,NOUN,1,0,0
South,PROPN,1,0,1
lamb,PROPN,1,0,1
kid,NOUN,1,0,0
me,PROPN,1,1,1
ripen,VERB,1,0,0
wantonness,NOUN,1,0,0
cruelty,NOUN,1,0,0
pitiless,NOUN,1,0,0
persevere,NOUN,1,0,0
argue,VERB,1,0,0
dying,NOUN,1,0,0
withhold,VERB,1,0,0
feint,NOUN,1,0,0
trifle,VERB,1,0,0
opening,NOUN,1,0,0
scorn,VERB,1,0,0
calculation,NOUN,1,0,0
ridge,NOUN,1,0,0
oath,NOUN,1,0,0
Depart,PROPN,1,0,1
unutterable,ADJ,1,0,0
undulation,NOUN,1,0,0
verge,NOUN,1,0,0
perplex,VERB,1,0,0
halfway,NOUN,1,0,0
fountain,NOUN,1,0,0
crush,NOUN,1,0,0
nought,ADJ,1,0,0
twinkling,NOUN,1,0,0
siroc,NOUN,1,0,0
haggard,ADJ,1,0,0
ban,NOUN,1,0,0
adoration,NOUN,1,0,0
disappointed,ADJ,1,0,0
profound,VERB,1,0,0
material,ADJ,1,0,0
absolute,ADJ,1,0,0
unchecked,ADJ,1,0,0
blackness,NOUN,1,0,0
overcast,ADJ,1,0,0
rippling,NOUN,1,0,0
salutation,NOUN,1,0,0
readier,ADJ,1,0,0
conjecture,NOUN,1,0,0
Reserve,PROPN,1,0,1
treble,ADJ,1,0,0
exordium,NOUN,1,0,0
suit,VERB,1,0,0
assistant,NOUN,1,0,0
object,VERB,1,0,0
everyday,ADJ,1,0,0
infirmity,NOUN,1,0,0
competent,ADJ,1,0,0
sincerity,NOUN,1,0,0
dismay,NOUN,1,0,0
manifold,ADJ,1,0,0
impend,VERB,1,0,0
festival,NOUN,1,0,0
bow,VERB,1,0,0
indispensable,ADJ,1,0,0
dilatory,NOUN,1,0,0
unsatisfactory,ADJ,1,0,0
aversion,NOUN,1,0,0
aware,ADJ,1,0,0
absent,VERB,1,0,0
image,VERB,1,0,0
absorbing,NOUN,1,0,0
duration,NOUN,1,0,0
paternal,ADJ,1,0,0
concert,NOUN,1,0,0
covet,VERB,1,0,0
enfranchise,VERB,1,0,0
arrangement,NOUN,1,0,0
unconscious,NOUN,1,0,0
attack,NOUN,1,0,0
inasmuch,ADV,1,0,0
agonise,VERB,1,0,0
intimate,VERB,1,0,0
exempt,VERB,1,0,0
acquiesce,VERB,1,0,0
disquiet,NOUN,1,0,0
inroad,NOUN,1,0,0
sedulous,ADJ,1,0,0
conflict,VERB,1,0,0
mute,NOUN,1,0,0
tearful,ADJ,1,0,0
careless,NOUN,1,0,0
unobserving,ADJ,1,0,0
bourne,NOUN,1,0,0
indolence,NOUN,1,0,0
Alas,PROPN,1,0,1
joyful,ADJ,1,0,0
shift,VERB,1,0,0
golden,ADJ,1,0,0
sunrise,NOUN,1,0,0
amused,ADJ,1,0,0
avenue,NOUN,1,0,0
enjoyment,VERB,1,0,0
shipping,NOUN,1,0,0
willowy,PROPN,1,0,1
Mannheim,PROPN,1,0,1
fifth,NOUN,1,0,0
steep,ADJ,1,0,0
variegate,VERB,1,0,0
rhine,NOUN,1,0,0
vineyard,NOUN,1,0,0
meandering,NOUN,1,0,0
populous,ADJ,1,0,0
glide,VERB,1,0,0
cloudless,ADJ,1,0,0
Fairy,PROPN,1,0,1
Uri,PROPN,1,0,1
perpendicularly,ADV,1,0,0
spout,NOUN,1,0,0
amid,ADP,1,0,0
nightly,ADJ,1,0,0
La,PROPN,1,0,1
Valais,PROPN,1,0,1
Pays,PROPN,1,0,1
Vaud,PROPN,1,0,1
yon,PRON,1,0,0
precipice,VERB,1,0,0
amongst,ADP,1,1,0
guard,NOUN,1,0,0
pile,VERB,1,0,0
eminently,ADV,1,0,0
chasten,VERB,1,0,0
worldly,ADV,1,0,0
external,ADJ,1,0,0
cataract,NOUN,1,0,0
need,NOUN,1,0,0
remoter,NOUN,1,0,0
wordsworth,NOUN,1,0,0
Tintern,PROPN,1,0,1
Abbey,PROPN,1,0,1
fanciful,ADJ,1,0,0
divinely,ADV,1,0,0
wrought,ADJ,1,0,0
beam,VERB,1,0,0
Pardon,PROPN,1,0,1
unexampled,ADJ,1,0,0
Cologne,PROPN,1,0,1
Holland,PROPN,1,0,1
December,PROPN,1,0,1
cliff,NOUN,1,0,0
Thames,PROPN,1,0,1
flat,ADJ,1,0,0
Tilbury,PROPN,1,0,1
Fort,PROPN,1,0,1
Spanish,PROPN,1,0,1
Armada,PROPN,1,0,1
Gravesend,PROPN,1,0,1
Woolwich,PROPN,1,0,1
Greenwich,PROPN,1,0,1
Paul,PROPN,1,0,1
Tower,PROPN,1,0,1
fame,VERB,1,0,0
Company,PROPN,1,0,1
uninteresting,NOUN,1,0,0
back,ADP,1,1,0
seal,VERB,1,0,0
India,PROPN,1,0,1
materially,ADV,1,0,0
european,ADJ,1,0,0
colonization,NOUN,1,0,0
dejected,ADJ,1,0,0
quiver,PROPN,1,0,1
visitor,NOUN,1,0,0
allurement,NOUN,1,0,0
invitation,NOUN,1,0,0
mountaineer,NOUN,1,0,0
game,NOUN,1,0,0
transact,VERB,1,0,0
Charles,PROPN,1,0,1
faithful,ADJ,1,0,0
standard,NOUN,1,0,0
Parliament,PROPN,1,0,1
Falkland,PROPN,1,0,1
insolent,NOUN,1,0,0
Goring,PROPN,1,0,1
queen,NOUN,1,0,0
isis,NOUN,1,0,0
tower,NOUN,1,0,0
embosome,VERB,1,0,0
embitter,VERB,1,0,0
both,ADV,1,1,0
discontent,NOUN,1,0,0
ennui,NOUN,1,0,0
elasticity,NOUN,1,0,0
spectacle,NOUN,1,0,0
pitiable,ADJ,1,0,0
animating,ADJ,1,0,0
successive,ADJ,1,0,0
Hampden,PROPN,1,0,1
patriot,PROPN,1,0,1
debasing,NOUN,1,0,0
remembrancer,NOUN,1,0,0
iron,NOUN,1,0,0
scale,NOUN,1,0,0
green,PROPN,1,0,1
cabinet,NOUN,1,0,0
dispose,VERB,1,0,0
Derby,PROPN,1,0,1
patch,NOUN,1,0,0
inferior,NOUN,1,0,0
stretch,NOUN,1,0,0
appointment,NOUN,1,0,0
superscription,NOUN,1,0,0
expedite,VERB,1,0,0
remissness,NOUN,1,0,0
fancied,ADJ,1,0,0
antiquity,NOUN,1,0,0
pleasing,ADJ,1,0,0
regularity,NOUN,1,0,0
Seat,PROPN,1,0,1
Bernard,PROPN,1,0,1
Pentland,PROPN,1,0,1
Hills,PROPN,1,0,1
termination,NOUN,1,0,0
Coupar,PROPN,1,0,1
Andrew,PROPN,1,0,1
Tay,PROPN,1,0,1
rendezvous,NOUN,1,0,0
congenial,ADJ,1,0,0
dissuade,VERB,1,0,0
remotest,NOUN,1,0,0
Orkneys,PROPN,1,0,1
soil,NOUN,1,0,0
affording,ADJ,1,0,0
pasture,NOUN,1,0,0
oatmeal,VERB,1,0,0
gaunt,NOUN,1,0,0
scraggy,ADJ,1,0,0
token,NOUN,1,0,0
vacant,ADJ,1,0,0
thatch,NOUN,1,0,0
unplastere,VERB,1,0,0
hinge,NOUN,1,0,0
benumb,VERB,1,0,0
ungazed,ADJ,1,0,0
unmoleste,VERB,1,0,0
blunt,NOUN,1,0,0
thickly,ADV,1,0,0
giant,ADJ,1,0,0
immerse,VERB,1,0,0
call,NOUN,1,1,0
unequal,ADJ,1,0,0
tremulous,ADJ,1,0,0
intermix,VERB,1,0,0
thinking,NOUN,1,0,0
compact,ADJ,1,0,0
provocation,NOUN,1,0,0
propagate,VERB,1,0,0
sophism,NOUN,1,0,0
pest,NOUN,1,0,0
casement,NOUN,1,0,0
ghastly,ADJ,1,0,0
allot,VERB,1,0,0
howl,NOUN,1,0,0
devilish,ADJ,1,0,0
lock,VERB,1,0,0
speck,VERB,1,0,0
profundity,NOUN,1,0,0
paddling,NOUN,1,0,0
creaking,NOUN,1,0,0
softly,ADV,1,0,0
dwelt,VERB,1,0,0
helplessness,NOUN,1,0,0
root,VERB,1,0,0
smothered,ADJ,1,0,0
willow,NOUN,1,0,0
incalculable,ADJ,1,0,0
equal,ADJ,1,0,0
Slave,PROPN,1,0,1
condescension,NOUN,1,0,0
irresolution,NOUN,1,0,0
requite,VERB,1,0,0
scorn,ADJ,1,0,0
grovel,VERB,1,0,0
henceforth,ADV,1,0,0
tormentor,NOUN,1,0,0
fearless,ADJ,1,0,0
wiliness,NOUN,1,0,0
snake,NOUN,1,0,0
venom,NOUN,1,0,0
repent,VERB,1,0,0
Villain,PROPN,1,0,1
sign,VERB,1,0,0
warrant,NOUN,1,0,0
precipitation,NOUN,1,0,0
arrowy,ADJ,1,0,0
perturb,VERB,1,0,0
strife,NOUN,1,0,0
insatiate,NOUN,1,0,0
barbarously,ADV,1,0,0
calmer,PROPN,1,0,1
sink,NOUN,1,0,0
contention,NOUN,1,0,0
insuperable,ADJ,1,0,0
barren,PROPN,1,0,1
rock,PROPN,1,0,1
wearily,ADV,1,0,0
uninterrupted,ADJ,1,0,0
separation,NOUN,1,0,0
overpower,VERB,1,0,0
knell,NOUN,1,0,0
ravenous,ADJ,1,0,0
oaten,ADJ,1,0,0
cake,NOUN,1,0,0
packet,NOUN,1,0,0
fruitlessly,ADV,1,0,0
negotiation,NOUN,1,0,0
indian,ADJ,1,0,0
beseech,VERB,1,0,0
handle,VERB,1,0,0
daybreak,NOUN,1,0,0
summon,VERB,1,0,0
unlock,VERB,1,0,0
mangle,VERB,1,0,0
human,NOUN,1,0,0
relic,NOUN,1,0,0
cleaning,NOUN,1,0,0
base,ADJ,1,0,0
atrocious,ADJ,1,0,0
aboard,ADP,1,0,0
encounter,NOUN,1,0,0
overspread,ADV,1,0,0
gurgle,VERB,1,0,0
direct,ADJ,1,0,0
position,NOUN,1,0,0
keel,NOUN,1,0,0
soundly,ADV,1,0,0
coast,NOUN,1,0,0
compass,NOUN,1,0,0
slenderly,ADV,1,0,0
Atlantic,PROPN,1,0,1
immeasurable,ADJ,1,0,0
buffet,VERB,1,0,0
out,ADV,1,1,0
prelude,NOUN,1,0,0
fiend,INTJ,1,0,0
merciless,NOUN,1,0,0
closing,NOUN,1,0,0
breaker,NOUN,1,0,0
swell,NOUN,1,0,0
flood,NOUN,1,0,0
steer,VERB,1,0,0
civilised,ADJ,1,0,0
bounding,NOUN,1,0,0
hoarse,ADJ,1,0,0
maybe,ADV,1,0,0
disconcert,VERB,1,0,0
frowning,NOUN,1,0,0
roughly,ADV,1,0,0
Englishmen,PROPN,1,0,1
inhospitably,ADV,1,0,0
Irish,PROPN,1,0,1
dialogue,NOUN,1,0,0
annoy,VERB,1,0,0
honest,ADJ,1,0,0
folk,NOUN,1,0,0
politic,ADJ,1,0,0
construe,VERB,1,0,0
calamity,NOUN,1,0,0
extinguish,ADJ,1,0,0
fish,VERB,1,0,0
northerly,ADV,1,0,0
port,NOUN,1,0,0
creek,NOUN,1,0,0
tackle,NOUN,1,0,0
sand,NOUN,1,0,0
lantern,NOUN,1,0,0
drown,VERB,1,0,0
handsome,ADJ,1,0,0
positively,ADV,1,0,0
push,VERB,1,0,0
apothecary,NOUN,1,0,0
likely,ADJ,1,0,0
harbour,ADJ,1,0,0
coincidence,NOUN,1,0,0
eventful,ADJ,1,0,0
gasp,VERB,1,0,0
convulsion,NOUN,1,0,0
scream,VERB,1,0,0
affright,VERB,1,0,0
resist,VERB,1,0,0
wheel,NOUN,1,0,0
gaoler,NOUN,1,0,0
flash,VERB,1,0,0
characterise,VERB,1,0,0
indifference,NOUN,1,0,0
prescribe,VERB,1,0,0
hangman,NOUN,1,0,0
livid,ADV,1,0,0
penalty,NOUN,1,0,0
shocking,ADJ,1,0,0
comfortable,ADJ,1,0,0
concern,NOUN,1,0,0
miserable,NOUN,1,0,0
persecute,VERB,1,0,0
renowned,ADJ,1,0,0
hospitality,NOUN,1,0,0
unaccountable,ADJ,1,0,0
retrospect,NOUN,1,0,0
taunt,NOUN,1,0,0
incitement,NOUN,1,0,0
relax,VERB,1,0,0
kind,ADV,1,0,0
desponding,NOUN,1,0,0
throbbing,NOUN,1,0,0
award,NOUN,1,0,0
speechless,ADJ,1,0,0
assize,NOUN,1,0,0
jury,NOUN,1,0,0
bill,NOUN,1,0,0
Orkney,PROPN,1,0,1
Islands,PROPN,1,0,1
removal,NOUN,1,0,0
liberate,VERB,1,0,0
vexation,NOUN,1,0,0
gay,NOUN,1,0,0
dense,ADJ,1,0,0
languish,VERB,1,0,0
lid,NOUN,1,0,0
maladie,NOUN,1,0,0
du,PROPN,1,0,1
divinest,ADJ,1,0,0
uncease,VERB,1,0,0
attendance,NOUN,1,0,0
vigilance,NOUN,1,0,0
concealment,NOUN,1,0,0
unfailing,ADJ,1,0,0
aim,NOUN,1,0,0
skeleton,NOUN,1,0,0
inquietude,NOUN,1,0,0
Havre,PROPN,1,0,1
de,NOUN,1,0,0
irish,ADJ,1,0,0
repasse,VERB,1,0,0
laudanum,PROPN,1,0,1
drug,NOUN,1,0,0
profoundly,ADV,1,0,0
nightmare,NOUN,1,0,0
restlessness,NOUN,1,0,0
security,NOUN,1,0,0
truce,NOUN,1,0,0
establish,VERB,1,0,0
disastrous,ADJ,1,0,0
overtax,VERB,1,0,0
erroneous,ADJ,1,0,0
remedy,VERB,1,0,0
incurable,ADJ,1,0,0
ill,NOUN,1,0,0
unchain,VERB,1,0,0
revel,VERB,1,0,0
futility,NOUN,1,0,0
pride,PROPN,1,0,1
imprisonment,NOUN,1,0,0
uncontrollably,ADV,1,0,0
infatuation,NOUN,1,0,0
energetically,ADV,1,0,0
curb,VERB,1,0,0
imperious,ADJ,1,0,0
formidable,ADJ,1,0,0
void,ADJ,1,0,0
Explanation,PROPN,1,0,1
playfellow,NOUN,1,0,0
futurity,NOUN,1,0,0
eternally,ADV,1,0,0
dictate,NOUN,1,0,0
cruell,ADJ,1,0,0
disintereste,VERB,1,0,0
tenfold,ADV,1,0,0
playmate,PROPN,1,0,1
glimpse,NOUN,1,0,0
victorious,ADJ,1,0,0
vanquish,VERB,1,0,0
waste,NOUN,1,0,0
adrift,ADJ,1,0,0
homeless,ADJ,1,0,0
penniless,NOUN,1,0,0
reread,VERB,1,0,0
paradisiacal,ADJ,1,0,0
apple,NOUN,1,0,0
inevitable,ADJ,1,0,0
torturer,NOUN,1,0,0
enunciation,NOUN,1,0,0
conduce,VERB,1,0,0
allude,ADJ,1,0,0
entreat,ADJ,1,0,0
charm,VERB,1,0,0
despondent,ADJ,1,0,0
poison,NOUN,1,0,0
transfer,VERB,1,0,0
cruelly,ADV,1,0,0
unavoidable,ADJ,1,0,0
seal,NOUN,1,0,0
friendless,NOUN,1,0,0
nicer,ADJ,1,0,0
past,ADP,1,0,0
tangible,ADJ,1,0,0
decoration,NOUN,1,0,0
tragedy,NOUN,1,0,0
inheritance,NOUN,1,0,0
austrian,ADJ,1,0,0
Villa,PROPN,1,0,1
openly,ADV,1,0,0
dagger,NOUN,1,0,0
artifice,NOUN,1,0,0
delusion,NOUN,1,0,0
tranquil,PROPN,1,0,1
demeanour,PROPN,1,0,1
pervade,VERB,1,0,0
overjoy,VERB,1,0,0
bustle,NOUN,1,0,0
diffidence,NOUN,1,0,0
assemble,VERB,1,0,0
nuptial,ADJ,1,0,0
hot,ADJ,1,0,0
canopy,NOUN,1,0,0
Montalègre,PROPN,1,0,1
emulate,VERB,1,0,0
coast,VERB,1,0,0
invader,NOUN,1,0,0
distress,VERB,1,0,0
sinister,NOUN,1,0,0
pebble,NOUN,1,0,0
fluctuate,VERB,1,0,0
distraction,NOUN,1,0,0
Drance,PROPN,1,0,1
chasm,NOUN,1,0,0
glen,NOUN,1,0,0
amphitheatre,NOUN,1,0,0
range,NOUN,1,0,0
overhung,ADJ,1,0,0
amazing,ADJ,1,0,0
ruffle,VERB,1,0,0
hay,NOUN,1,0,0
outline,NOUN,1,0,0
swift,ADJ,1,0,0
vulture,NOUN,1,0,0
sell,VERB,1,0,0
timid,ADJ,1,0,0
inspect,VERB,1,0,0
tingle,VERB,1,0,0
expire,VERB,1,0,0
bloodless,ADJ,1,0,0
relaxed,ADJ,1,0,0
bridal,NOUN,1,0,0
bi,ADJ,1,0,0
obstinate,NOUN,1,0,0
senseless,NOUN,1,0,0
posture,NOUN,1,0,0
handkerchief,NOUN,1,0,0
coldness,NOUN,1,0,0
panic,NOUN,1,0,0
jeer,VERB,1,0,0
leap,VERB,1,0,0
net,NOUN,1,0,0
whirl,VERB,1,0,0
drunken,ADJ,1,0,0
instinct,NOUN,1,0,0
lay,NOUN,1,0,0
confusedly,ADV,1,0,0
lastly,ADV,1,0,0
overflowing,ADJ,1,0,0
acme,NOUN,1,0,0
bore,VERB,1,0,0
flowery,NOUN,1,0,0
Melancholy,PROPN,1,0,1
release,VERB,1,0,0
Liberty,PROPN,1,0,1
signal,ADJ,1,0,0
hate,NOUN,1,0,0
accusation,NOUN,1,0,0
authority,NOUN,1,0,0
mistake,VERB,1,0,0
impressive,ADJ,1,0,0
quiet,VERB,1,0,0
deviate,VERB,1,0,0
invective,ADJ,1,0,0
disbelief,NOUN,1,0,0
seizure,NOUN,1,0,0
revolt,VERB,1,0,0
auditor,NOUN,1,0,0
officially,ADV,1,0,0
incredulity,NOUN,1,0,0
mildly,ADV,1,0,0
defiance,NOUN,1,0,0
inhabit,NOUN,1,0,0
den,NOUN,1,0,0
intrude,VERB,1,0,0
intimidate,VERB,1,0,0
proportionate,VERB,1,0,0
impracticable,ADJ,1,0,0
either,ADV,1,1,0
haughty,ADJ,1,0,0
fierceness,NOUN,1,0,0
martyr,NOUN,1,0,0
Genevan,PROPN,1,0,1
elevation,NOUN,1,0,0
revert,VERB,1,0,0
sandy,ADJ,1,0,0
plain,ADV,1,0,0
unsettled,ADJ,1,0,0
entrance,NOUN,1,0,0
cemetery,NOUN,1,0,0
uninterested,ADJ,1,0,0
observer,NOUN,1,0,0
mourner,NOUN,1,0,0
rage,VERB,1,0,0
weary,ADJ,1,0,0
quivering,NOUN,1,0,0
sacred,ADJ,1,0,0
preside,VERB,1,0,0
adjuration,NOUN,1,0,0
awe,NOUN,1,0,0
choke,VERB,1,0,0
laugh,NOUN,1,0,0
whisper,NOUN,1,0,0
Black,PROPN,1,0,1
Tartary,PROPN,1,0,1
evade,VERB,1,0,0
extricate,VERB,1,0,0
repast,NOUN,1,0,0
coarse,NOUN,1,0,0
invoke,VERB,1,0,0
thirst,PROPN,1,0,1
bedim,VERB,1,0,0
population,NOUN,1,0,0
cook,VERB,1,0,0
toilsome,ADJ,1,0,0
march,NOUN,1,0,0
wake,VERB,1,0,0
mechanical,ADJ,1,0,0
unconscious,ADJ,1,0,0
bark,NOUN,1,0,0
reign,NOUN,1,0,0
legible,ADJ,1,0,0
impassive,ADJ,1,0,0
tardily,ADV,1,0,0
hare,NOUN,1,0,0
wrestle,VERB,1,0,0
thicken,VERB,1,0,0
inscription,NOUN,1,0,0
everlasting,NOUN,1,0,0
invigorate,VERB,1,0,0
unabated,ADJ,1,0,0
ruggedness,NOUN,1,0,0
Greeks,PROPN,1,0,1
gibe,VERB,1,0,0
hamlet,NOUN,1,0,0
seashore,NOUN,1,0,0
accurate,ADJ,1,0,0
drove,NOUN,1,0,0
train,VERB,1,0,0
harness,VERB,1,0,0
destructive,ADJ,1,0,0
mountainous,ADJ,1,0,0
sunny,ADJ,1,0,0
triumphant,ADJ,1,0,0
Frozen,PROPN,1,0,1
retribution,NOUN,1,0,0
Immense,PROPN,1,0,1
protraction,NOUN,1,0,0
wring,VERB,1,0,0
Despair,PROPN,1,0,1
speck,NOUN,1,0,0
dusky,ADJ,1,0,0
strain,VERB,1,0,0
distorted,ADJ,1,0,0
burning,NOUN,1,0,0
aloud,PROPN,1,0,1
disencumber,VERB,1,0,0
crag,NOUN,1,0,0
perceptibly,ADV,1,0,0
ominous,ADJ,1,0,0
scattered,ADJ,1,0,0
riding,NOUN,1,0,0
anchor,NOUN,1,0,0
succour,NOUN,1,0,0
astounded,ADJ,1,0,0
mercy,NOUN,1,0,0
multiply,VERB,1,0,0
eloquent,ADJ,1,0,0
persuasive,ADJ,1,0,0
sword,NOUN,1,0,0
steel,NOUN,1,0,0
aright,NOUN,1,0,0
continuation,NOUN,1,0,0
congeal,NOUN,1,0,0
curdle,VERB,1,0,0
downcast,VERB,1,0,0
volcano,NOUN,1,0,0
wildest,ADJ,1,0,0
imprecation,NOUN,1,0,0
asseveration,NOUN,1,0,0
formation,NOUN,1,0,0
Peace,PROPN,1,0,1
correct,VERB,1,0,0
mutilate,VERB,1,0,0
posterity,NOUN,1,0,0
elevated,ADJ,1,0,0
counsel,VERB,1,0,0
infinitely,ADV,1,0,0
destitute,NOUN,1,0,0
converse,NOUN,1,0,0
excitement,NOUN,1,0,0
literature,NOUN,1,0,0
forcible,ADJ,1,0,0
touching,ADJ,1,0,0
pathetic,ADJ,1,0,0
godlike,VERB,1,0,0
greatness,NOUN,1,0,0
coolness,NOUN,1,0,0
achievement,NOUN,1,0,0
projector,NOUN,1,0,0
archangel,NOUN,1,0,0
omnipotence,NOUN,1,0,0
analysis,NOUN,1,0,0
trod,PROPN,1,0,1
Despondency,PROPN,1,0,1
rarely,ADV,1,0,0
Behold,PROPN,1,0,1
sea,VERB,1,0,0
repulse,VERB,1,0,0
infantine,NOUN,1,0,0
fraud,NOUN,1,0,0
dealing,NOUN,1,0,0
association,NOUN,1,0,0
fraught,ADJ,1,0,0
admit,VERB,1,0,0
endanger,VERB,1,0,0
scheme,NOUN,1,0,0
visiting,NOUN,1,0,0
failing,NOUN,1,0,0
tender,ADJ,1,0,0
despair,ADJ,1,0,0
mole,ADJ,1,0,0
glimmer,VERB,1,0,0
lifelessness,NOUN,1,0,0
wan,NOUN,1,0,0
listlessly,ADV,1,0,0
admission,NOUN,1,0,0
leader,NOUN,1,0,0
deputation,NOUN,1,0,0
smooth,ADJ,1,0,0
hereafter,ADJ,1,1,0
hand,VERB,1,0,0
chilly,ADJ,1,0,0
fireside,NOUN,1,0,0
need,AUX,1,0,0
shame,NOUN,1,0,0
defeat,NOUN,1,0,0
yourself,NOUN,1,1,0
stuff,NOUN,1,0,0
stigma,NOUN,1,0,0
fight,VERB,1,0,0
modulate,VERB,1,0,0
strenuously,ADV,1,0,0
shamefully,ADV,1,0,0
unsupported,ADJ,1,0,0
die,NOUN,1,0,0
indecision,NOUN,1,0,0
passive,ADJ,1,0,0
shout,NOUN,1,0,0
doze,VERB,1,0,0
shout,VERB,1,0,0
unwillingly,ADV,1,0,0
assign,VERB,1,0,0
surgeon,NOUN,1,0,0
undisturbed,ADJ,1,0,0
closed,ADJ,1,0,0
blamable,ADJ,1,0,0
paramount,ADJ,1,0,0
miserable,VERB,1,0,0
actuate,VERB,1,0,0
renounce,VERB,1,0,0
balancing,NOUN,1,0,0
right,INTJ,1,0,0
mislead,VERB,1,0,0
mischief,PROPN,1,0,1
flit,NOUN,1,0,0
fainter,NOUN,1,0,0
feebly,ADV,1,0,0
irradiation,NOUN,1,0,0
comment,NOUN,1,0,0
inadequate,ADJ,1,0,0
flow,NOUN,1,0,0
overshadow,VERB,1,0,0
portend,VERB,1,0,0
fairly,ADV,1,0,0
stir,ADJ,1,0,0
hoarser,PROPN,1,0,1
fat,VERB,1,0,0
uncouth,VERB,1,0,0
ragged,ADJ,1,0,0
extend,VERB,1,0,0
texture,NOUN,1,0,0
loathsome,NOUN,1,0,0
wound,ADJ,1,0,0
irretrievably,ADV,1,0,0
lovedst,ADV,1,0,0
unearthly,ADV,1,0,0
tempest,NOUN,1,0,0
superfluous,ADJ,1,0,0
diabolical,ADJ,1,0,0
thousandth,NOUN,1,0,0
wrench,VERB,1,0,0
disobey,VERB,1,0,0
riot,VERB,1,0,0
adapt,VERB,1,0,0
rekindle,VERB,1,0,0
Wretch,PROPN,1,0,1
whine,VERB,1,0,0
lament,NOUN,1,0,0
hypocritical,ADJ,1,0,0
opprobrium,NOUN,1,0,0
fame,NOUN,1,0,0
falsely,ADV,1,0,0
nourish,VERB,1,0,0
comparable,ADJ,1,0,0
catalogue,NOUN,1,0,0
transcendent,ADJ,1,0,0
associate,NOUN,1,0,0
sum,VERB,1,0,0
craving,NOUN,1,0,0
fellowship,NOUN,1,0,0
sin,VERB,1,0,0
contumely,ADV,1,0,0
saviour,NOUN,1,0,0
immaculate,VERB,1,0,0
abortion,NOUN,1,0,0
kick,VERB,1,0,0
boil,VERB,1,0,0
select,ADJ,1,0,0
speciman,NOUN,1,0,0
irremediable,ADJ,1,0,0
yours,PRON,1,1,0
thither,NOUN,1,0,0
curious,ADJ,1,0,0
unquenched,ADJ,1,0,0
rustling,NOUN,1,0,0
warbling,NOUN,1,0,0
wert,ADJ,1,0,0
didst,NOUN,1,0,0
hadst,NOUN,1,0,0
wouldst,ADJ,1,0,0
wert,NOUN,1,0,0
thine,VERB,1,0,0
triumphantly,ADV,1,0,0
torturing,NOUN,1,0,0
conflagration,NOUN,1,0,0
rename,VERB,1,0,0
special,ADJ,1,0,0
Terms,PROPN,1,0,1
PROJECT,PROPN,1,0,1
performance,NOUN,1,0,0
commercial,ADJ,1,0,0
please,NOUN,1,1,0
online,ADV,1,0,0
Redistributing,PROPN,1,0,1
abide,VERB,1,0,0
PGLAF,PROPN,1,0,1
compilation,NOUN,1,0,0
of,ADV,1,1,0
course,ADV,1,0,0
copyright,ADJ,1,0,0
download,VERB,1,0,0
copying,NOUN,1,0,0
access,VERB,1,0,0
text,NOUN,1,0,0
unlink,VERB,1,0,0
detach,NOUN,1,0,0
display,NOUN,1,0,0
perform,NOUN,1,0,0
convert,VERB,1,0,0
binary,ADJ,1,0,0
compress,VERB,1,0,0
nonproprietary,ADJ,1,0,0
proprietary,ADJ,1,0,0
processing,NOUN,1,0,0
hypertext,NOUN,1,0,0
Plain,PROPN,1,0,1
export,VERB,1,0,0
gross,ADJ,1,0,0
taxis,NOUN,1,0,0
legally,ADV,1,0,0
periodic,ADJ,1,0,0
notify,VERB,1,0,0
e,NOUN,1,0,0
mail,NOUN,1,0,0
s,PROPN,1,0,1
discontinue,VERB,1,0,0
manager,NOUN,1,0,0
contact,VERB,1,0,0
expend,VERB,1,0,0
transcribe,VERB,1,0,0
proofread,ADV,1,0,0
store,VERB,1,0,0
inaccurate,NOUN,1,0,0
corrupt,ADJ,1,0,0
datum,NOUN,1,0,0
transcription,NOUN,1,0,0
infringement,NOUN,1,0,0
damage,VERB,1,0,0
virus,NOUN,1,0,0
DISCLAIMER,PROPN,1,0,1
DAMAGES,PROPN,1,0,1
Replacement,PROPN,1,0,1
Refund,PROPN,1,0,1
disclaim,VERB,1,0,0
remedy,NOUN,1,0,0
negligence,NOUN,1,0,0
STRICT,PROPN,1,0,1
LIABILITY,PROPN,1,0,1
CONTRACT,PROPN,1,0,1
provided,NOUN,1,0,0
PARAGRAPH,PROPN,1,0,1
FOUNDATION,PROPN,1,0,1
TRADEMARK,PROPN,1,0,1
OWNER,PROPN,1,0,1
distributor,NOUN,1,0,0
liable,NOUN,1,0,0
ACTUAL,PROPN,1,0,1
DIRECT,PROPN,1,0,1
INDIRECT,PROPN,1,0,1
CONSEQUENTIAL,PROPN,1,0,1
PUNITIVE,PROPN,1,0,1
or,NOUN,1,1,0
incidental,ADV,1,0,0
damages,ADJ,1,0,0
such,NOUN,1,1,0
DAMAGE,PROPN,1,0,1
REPLACEMENT,PROPN,1,0,1
elect,VERB,1,0,0
problem,NOUN,1,0,0
as,X,1,1,0
NO,PROPN,1,1,1
EXPRESS,PROPN,1,0,1
implied,NOUN,1,0,0
MERCHANTABILITY,PROPN,1,0,1
FITNESS,PROPN,1,0,1
PURPOSE,PROPN,1,0,1
exclusion,NOUN,1,0,0
violate,VERB,1,0,0
maximum,ADJ,1,0,0
invalidity,NOUN,1,0,0
unenforceability,NOUN,1,0,0
void,VERB,1,0,0
INDEMNITY,PROPN,1,0,1
indemnify,VERB,1,0,0
promotion,NOUN,1,0,0
indirectly,ADV,1,0,0
following,NOUN,1,0,0
b,NOUN,1,0,0
modification,NOUN,1,0,0
deletion,NOUN,1,0,0
c,NOUN,1,0,0
Mission,PROPN,1,0,1
synonymous,ADJ,1,0,0
obsolete,ADJ,1,0,0
middle,ADJ,1,0,0
hundred,NOUN,1,0,0
financial,ADJ,1,0,0
goal,NOUN,1,0,0
permanent,ADJ,1,0,0
Sections,PROPN,1,0,1
non,ADJ,1,0,0
profit,ADJ,1,0,0
educational,ADJ,1,0,0
corporation,NOUN,1,0,0
organize,VERB,1,0,0
Mississippi,PROPN,1,0,1
Internal,PROPN,1,0,1
Revenue,PROPN,1,0,1
Service,PROPN,1,0,1
EIN,PROPN,1,0,1
identification,NOUN,1,0,0
deductible,ADJ,1,0,0
Watchung,PROPN,1,0,1
Plaza,PROPN,1,0,1
Montclair,PROPN,1,0,1
NJ,PROPN,1,0,1
USA,PROPN,1,0,1
Donations,PROPN,1,0,1
widespread,ADJ,1,0,0
license,VERB,1,0,0
accessible,ADJ,1,0,0
array,NOUN,1,0,0
outdated,ADJ,1,0,0
IRS,PROPN,1,0,1
committed,ADJ,1,0,0
charitable,ADJ,1,0,0
paperwork,NOUN,1,0,0
location,NOUN,1,0,0
SEND,PROPN,1,0,1
solicitation,NOUN,1,0,0
prohibition,NOUN,1,0,0
unsolicited,ADJ,1,0,0
donor,NOUN,1,0,0
international,ADJ,1,0,0
gratefully,ADV,1,0,0
swamp,VERB,1,0,0
staff,NOUN,1,0,0
web,NOUN,1,0,0
online,ADJ,1,0,0
card,NOUN,1,0,0
Information,PROPN,1,0,1
Michael,PROPN,1,0,1
Hart,PROPN,1,0,1
originator,NOUN,1,0,0
forty,NUM,1,1,0
network,NOUN,1,0,0
main,ADJ,1,0,0
PG,PROPN,1,0,1
newsletter,NOUN,1,0,0
