lemma,pos,count,is_stopword,is_proper_noun
the,DET,6097,1,0
be,AUX,4242,1,0
of,ADP,2652,1,0
and,CCONJ,2256,1,0
a,DET,2066,1,0
in,ADP,1645,1,0
i,PRON,1496,1,0
have,AUX,1444,1,0
to,PART,1234,1,0
it,PRON,1077,1,0
they,PRON,745,1,0
that,SCONJ,731,1,0
to,ADP,712,1,0
at,ADP,607,1,0
with,ADP,566,1,0
not,PART,559,1,0
we,PRON,556,1,0
for,ADP,547,1,0
on,ADP,531,1,0
but,CCONJ,493,1,0
as,ADP,465,1,0
there,PRON,423,1,0
this,DET,382,1,0
by,ADP,369,1,0
from,ADP,355,1,0
my,PRON,325,1,0
which,DET,316,1,0
or,CCONJ,315,1,0
you,PRON,315,1,0
he,PRON,311,1,0
one,NUM,297,1,0
no,DET,281,1,0
all,DET,278,1,0
that,PRON,277,1,0
do,AUX,265,1,0
their,PRON,249,1,0
when,SCONJ,249,1,0
man,NOUN,248,0,0
an,DET,244,1,0
would,AUX,244,1,0
could,AUX,239,1,0
time,NOUN,239,0,0
who,PRON,236,1,0
get,VERB,230,1,0
out,ADP,226,1,0
go,VERB,215,1,0
war,NOUN,202,0,0
so,ADV,202,1,0
into,ADP,197,1,0
make,VERB,194,1,0
up,ADP,192,1,0
his,PRON,191,1,0
see,VERB,171,1,0
some,DET,163,1,0
even,ADV,161,1,0
that,DET,159,1,0
if,SCONJ,159,1,0
know,VERB,155,0,0
come,VERB,155,0,0
thing,NOUN,153,0,0
only,ADV,153,1,0
say,VERB,149,1,0
people,NOUN,148,0,0
line,NOUN,146,0,0
our,PRON,145,1,0
any,DET,144,1,0
what,PRON,142,1,0
Barcelona,PROPN,140,0,1
day,NOUN,139,0,0
than,ADP,137,1,0
two,NUM,135,1,0
very,ADV,134,1,0
rifle,NOUN,133,0,0
front,NOUN,125,1,0
over,ADP,125,1,0
take,VERB,123,1,0
Spain,PROPN,122,0,1
about,ADP,120,1,0
like,ADP,118,0,0
down,ADP,117,1,0
seem,VERB,115,1,0
few,ADJ,115,1,0
militia,NOUN,113,0,0
Government,PROPN,113,0,1
fascist,ADJ,110,0,0
side,NOUN,104,1,0
think,VERB,104,0,0
gun,NOUN,103,0,0
back,ADV,103,1,0
street,NOUN,102,0,0
other,ADJ,100,1,0
fighting,NOUN,99,0,0
happen,VERB,98,0,0
way,NOUN,96,0,0
first,ADJ,93,1,0
every,DET,92,1,0
more,ADV,90,1,0
still,ADV,89,1,0
give,VERB,89,1,0
then,ADV,88,1,0
party,NOUN,87,0,0
against,ADP,87,1,0
after,ADP,87,1,0
everyone,PRON,86,1,0
as,ADV,84,1,0
where,SCONJ,84,1,0
little,ADJ,84,0,0
kind,NOUN,80,0,0
though,SCONJ,80,1,0
because,SCONJ,80,1,0
now,ADV,79,1,0
month,NOUN,78,0,0
same,ADJ,78,1,0
Guards,PROPN,78,0,1
spanish,ADJ,77,0,0
more,ADJ,77,1,0
good,ADJ,77,0,0
never,ADV,76,1,0
night,NOUN,76,0,0
how,SCONJ,76,1,0
Fascists,PROPN,76,0,1
police,NOUN,76,0,0
building,NOUN,75,0,0
nothing,PRON,75,1,0
later,ADV,74,0,0
use,VERB,74,1,0
away,ADV,73,0,0
there,ADV,73,1,0
bomb,NOUN,73,0,0
almost,ADV,72,1,0
its,PRON,72,1,0
leave,VERB,72,0,0
political,ADJ,72,0,0
must,AUX,71,1,0
begin,VERB,71,0,0
hundred,NUM,70,1,0
can,AUX,69,1,0
machine,NOUN,69,0,0
keep,VERB,69,1,0
your,PRON,69,1,0
three,NUM,69,1,0
fire,NOUN,69,0,0
revolutionary,ADJ,68,0,0
about,ADV,68,1,0
hear,VERB,68,0,0
look,VERB,67,0,0
always,ADV,67,1,0
class,NOUN,67,0,0
worker,NOUN,67,0,0
upon,SCONJ,66,1,0
all,ADV,65,1,0
might,AUX,65,1,0
these,DET,64,1,0
parapet,NOUN,64,0,0
yard,NOUN,63,0,0
off,ADP,63,1,0
troop,NOUN,63,0,0
Kopp,PROPN,63,0,1
arm,NOUN,63,0,0
Civil,PROPN,63,0,1
before,ADP,62,1,0
place,NOUN,62,0,0
behind,ADP,62,1,0
Communist,PROPN,62,0,1
without,ADP,61,1,0
hour,NOUN,61,0,0
well,ADV,60,1,0
trench,NOUN,60,0,0
under,ADP,60,1,0
hand,NOUN,59,0,0
Anarchists,PROPN,59,0,1
one,PRON,59,1,0
find,VERB,59,0,0
paper,NOUN,59,0,0
again,ADV,58,1,0
revolution,NOUN,58,0,0
except,SCONJ,58,1,0
number,NOUN,58,0,0
send,VERB,58,0,0
many,ADJ,58,1,0
several,ADJ,58,1,0
communist,ADJ,58,0,0
fact,NOUN,57,0,0
another,DET,57,1,0
position,NOUN,57,0,0
militiaman,NOUN,56,0,0
far,ADV,56,1,0
through,ADP,56,1,0
those,DET,56,1,0
tell,VERB,55,0,0
fire,VERB,55,0,0
bullet,NOUN,55,0,0
stand,VERB,54,0,0
feel,VERB,54,0,0
try,VERB,54,0,0
food,NOUN,54,0,0
order,NOUN,54,0,0
mean,VERB,53,0,0
long,ADJ,53,0,0
here,ADV,52,1,0
too,ADV,52,1,0
Communists,PROPN,52,0,1
town,NOUN,51,0,0
small,ADJ,51,0,0
do,VERB,51,1,0
barricade,NOUN,51,0,0
wound,VERB,51,0,0
own,ADJ,50,1,0
remember,VERB,50,0,0
however,ADV,50,1,0
between,ADP,50,1,0
part,NOUN,50,1,0
Franco,PROPN,50,0,1
lie,VERB,49,0,0
should,AUX,49,1,0
most,ADJ,49,1,0
May,PROPN,49,1,1
bad,ADJ,48,0,0
call,VERB,48,1,0
fight,VERB,48,0,0
wife,NOUN,48,0,0
one,NOUN,48,1,0
case,NOUN,48,0,0
member,NOUN,48,0,0
also,ADV,47,1,0
just,ADV,47,1,0
shoot,VERB,47,0,0
run,VERB,47,0,0
whole,ADJ,46,1,0
Army,PROPN,46,0,1
want,VERB,46,0,0
face,NOUN,45,0,0
believe,VERB,45,0,0
various,ADJ,45,1,0
moment,NOUN,45,0,0
general,ADJ,45,0,0
country,NOUN,45,0,0
once,ADV,45,1,0
hotel,NOUN,44,0,0
English,PROPN,44,0,1
quite,ADV,44,1,0
bring,VERB,43,0,0
among,ADP,43,1,0
officer,NOUN,42,0,0
while,SCONJ,42,1,0
red,ADJ,42,0,0
much,ADV,42,1,0
only,ADJ,42,1,0
great,ADJ,42,0,0
during,ADP,42,1,0
most,ADV,42,1,0
point,NOUN,42,0,0
arrest,VERB,42,0,0
much,ADJ,41,1,0
perhaps,ADV,41,1,0
leader,NOUN,41,0,0
really,ADV,40,1,0
myself,PRON,40,1,0
attack,NOUN,40,0,0
probably,ADV,39,0,0
usual,ADJ,39,0,0
ground,NOUN,39,0,0
start,VERB,39,0,0
jail,NOUN,39,0,0
twenty,NUM,38,1,0
five,NUM,38,1,0
simply,ADV,38,0,0
next,ADJ,38,1,0
put,VERB,38,1,0
certain,ADJ,38,0,0
impossible,ADJ,38,0,0
flag,NOUN,37,0,0
newspaper,NOUN,37,0,0
soon,ADV,37,0,0
year,NOUN,37,0,0
Popular,PROPN,37,0,1
armed,ADJ,37,0,0
huge,ADJ,37,0,0
four,NUM,37,1,0
shell,NOUN,37,0,0
afterwards,ADV,37,1,0
hold,VERB,37,0,0
force,NOUN,37,0,0
etc,X,37,0,0
anyone,PRON,36,1,0
across,ADP,36,1,0
matter,NOUN,36,0,0
appear,VERB,36,0,0
course,NOUN,36,0,0
early,ADV,36,0,0
enough,ADV,36,1,0
will,AUX,36,1,0
carry,VERB,36,0,0
seize,VERB,35,0,0
anything,PRON,35,1,0
Huesca,PROPN,35,0,1
mile,NOUN,35,0,0
hospital,NOUN,35,0,0
life,NOUN,34,0,0
army,NOUN,34,0,0
week,NOUN,34,0,0
morning,NOUN,34,0,0
may,AUX,34,1,0
kill,VERB,33,0,0
everything,PRON,33,1,0
train,NOUN,33,0,0
actually,ADV,33,0,0
ten,NUM,33,1,0
lead,VERB,33,0,0
Anarchist,PROPN,32,0,1
full,ADJ,32,1,0
completely,ADV,32,0,0
control,NOUN,32,0,0
working,NOUN,32,0,0
often,ADV,32,1,0
rather,ADV,32,1,0
thousand,NUM,32,0,0
whether,SCONJ,32,1,0
window,NOUN,32,0,0
fly,VERB,32,0,0
organization,NOUN,32,0,0
become,VERB,32,1,0
six,NUM,31,1,0
since,SCONJ,31,1,0
beginning,NOUN,31,0,0
union,NOUN,31,0,0
yet,ADV,31,1,0
military,ADJ,31,0,0
front,ADJ,31,1,0
hill,NOUN,31,0,0
work,VERB,31,0,0
sometimes,ADV,31,1,0
Fascist,PROPN,31,0,1
darkness,NOUN,31,0,0
Telephone,PROPN,31,0,1
Catalonia,PROPN,30,0,1
already,ADV,30,1,0
distance,NOUN,30,0,0
remain,VERB,30,0,0
Spaniards,PROPN,30,0,1
each,DET,30,1,0
large,ADJ,30,0,0
weapon,NOUN,30,0,0
house,NOUN,30,0,0
peasant,NOUN,30,0,0
enemy,NOUN,30,0,0
attack,VERB,30,0,0
press,NOUN,30,0,0
something,PRON,29,1,0
throw,VERB,29,0,0
atmosphere,NOUN,29,0,0
England,PROPN,29,0,1
ever,ADV,29,1,0
clothe,NOUN,29,0,0
word,NOUN,29,0,0
wait,VERB,29,0,0
turn,VERB,29,0,0
guard,NOUN,29,0,0
foreign,ADJ,29,0,0
forth,ADV,29,0,0
let,VERB,29,0,0
win,VERB,29,0,0
different,ADJ,29,0,0
Exchange,PROPN,29,0,1
friend,NOUN,28,0,0
suppose,VERB,28,0,0
obviously,ADV,28,0,0
everywhere,ADV,28,1,0
themselves,PRON,28,1,0
poor,ADJ,28,0,0
first,ADV,28,1,0
right,ADJ,28,0,0
rise,VERB,28,0,0
right,NOUN,28,0,0
over,ADV,28,1,0
affair,NOUN,27,0,0
together,ADV,27,1,0
name,NOUN,27,1,0
such,ADJ,27,1,0
cartridge,NOUN,27,0,0
other,NOUN,27,1,0
old,ADJ,27,0,0
sight,NOUN,27,0,0
break,VERB,27,0,0
cigarette,NOUN,27,0,0
possible,ADJ,27,0,0
she,PRON,27,1,0
manage,VERB,27,0,0
piece,NOUN,27,0,0
grow,VERB,27,0,0
fling,VERB,27,0,0
effect,NOUN,27,0,0
doubt,NOUN,27,0,0
Party,PROPN,27,0,1
policy,NOUN,27,0,0
write,VERB,26,0,0
immediately,ADV,26,0,0
shop,NOUN,26,0,0
mud,NOUN,26,0,0
wear,VERB,26,0,0
speak,VERB,26,0,0
boot,NOUN,26,0,0
till,SCONJ,26,0,0
high,ADJ,26,0,0
sense,NOUN,26,0,0
finally,ADV,26,0,0
both,DET,26,1,0
water,NOUN,26,0,0
trouble,NOUN,26,0,0
head,NOUN,25,0,0
why,SCONJ,25,1,0
room,NOUN,25,0,0
black,ADJ,25,0,0
exist,VERB,25,0,0
long,ADV,25,0,0
trade,NOUN,25,0,0
ordinary,ADJ,25,0,0
fifty,NUM,25,1,0
pass,VERB,25,0,0
last,ADJ,25,1,0
meanwhile,ADV,25,1,0
less,ADV,25,1,0
show,VERB,25,1,0
declare,VERB,25,0,0
foot,NOUN,25,0,0
Aragón,PROPN,25,0,1
enough,ADJ,25,1,0
merely,ADV,25,0,0
noise,NOUN,25,0,0
Benjamin,PROPN,25,0,1
hit,VERB,25,0,0
shot,NOUN,25,0,0
rate,NOUN,25,0,0
Spanish,PROPN,25,0,1
office,NOUN,25,0,0
book,NOUN,24,0,0
join,VERB,24,0,0
expect,VERB,24,0,0
whom,PRON,24,1,0
period,NOUN,24,0,0
woman,NOUN,24,0,0
air,NOUN,24,0,0
buy,VERB,24,0,0
learn,VERB,24,0,0
outside,ADP,24,0,0
sort,NOUN,24,0,0
bed,NOUN,24,0,0
fall,VERB,24,0,0
ask,VERB,24,0,0
back,NOUN,24,1,0
shout,VERB,24,0,0
lorry,NOUN,24,0,0
lose,VERB,24,0,0
near,ADP,24,0,0
heavy,ADJ,24,0,0
difficult,ADJ,24,0,0
round,ADV,24,0,0
obvious,ADJ,24,0,0
voice,NOUN,24,0,0
roof,NOUN,24,0,0
such,DET,23,1,0
cold,ADJ,23,0,0
road,NOUN,23,0,0
have,VERB,23,0,0
serve,VERB,23,0,0
sentry,NOUN,23,0,0
end,NOUN,23,0,0
along,ADP,23,1,0
discover,VERB,23,0,0
letter,NOUN,23,0,0
top,NOUN,23,1,0
pay,NOUN,23,0,0
produce,VERB,23,0,0
Valencia,PROPN,23,0,1
Fascism,PROPN,23,0,1
big,ADJ,23,0,0
action,NOUN,23,0,0
foreigner,NOUN,22,0,0
uniform,NOUN,22,0,0
above,ADP,22,1,0
feeling,NOUN,22,0,0
easy,ADJ,22,0,0
spend,VERB,22,0,0
reason,NOUN,22,0,0
at,ADV,22,1,0
important,ADJ,22,0,0
clear,ADJ,22,0,0
certainly,ADV,22,0,0
power,NOUN,22,0,0
eye,NOUN,21,0,0
less,ADJ,21,1,0
practically,ADV,21,0,0
Ramblas,PROPN,21,0,1
shortage,NOUN,21,0,0
suddenly,ADV,21,0,0
sleep,VERB,21,0,0
idea,NOUN,21,0,0
especially,ADV,21,0,0
issue,VERB,21,0,0
job,NOUN,21,0,0
lot,NOUN,21,0,0
real,ADJ,21,0,0
chapter,NOUN,21,0,0
democracy,NOUN,21,0,0
situation,NOUN,21,0,0
Madrid,PROPN,21,0,1
move,VERB,20,1,0
nobody,PRON,20,1,0
crowd,NOUN,20,0,0
state,NOUN,20,0,0
explain,VERB,20,0,0
no,ADV,20,1,0
stop,VERB,20,0,0
stone,NOUN,20,0,0
short,ADJ,20,0,0
follow,VERB,20,0,0
round,VERB,20,0,0
well,ADJ,20,1,0
arrive,VERB,20,0,0
wound,NOUN,20,0,0
wonder,VERB,20,0,0
out,NOUN,20,1,0
wire,NOUN,20,0,0
June,PROPN,20,0,1
patrol,NOUN,20,0,0
left,ADJ,20,0,0
down,ADV,20,1,0
prisoner,NOUN,20,0,0
danger,NOUN,20,0,0
drive,VERB,20,0,0
mind,NOUN,20,0,0
Daily,PROPN,20,0,1
mainly,ADV,20,0,0
Assault,PROPN,20,0,1
prison,NOUN,20,0,0
hardly,ADV,19,0,0
raise,VERB,19,0,0
soldier,NOUN,19,0,0
boy,NOUN,19,0,0
worth,ADJ,19,0,0
bread,NOUN,19,0,0
use,NOUN,19,0,0
rest,NOUN,19,0,0
Catalan,PROPN,19,0,1
meet,VERB,19,0,0
able,ADJ,19,0,0
rumour,NOUN,19,0,0
bag,NOUN,19,0,0
past,ADP,19,0,0
dig,VERB,19,0,0
light,NOUN,19,0,0
field,NOUN,19,0,0
land,NOUN,19,0,0
dark,ADJ,19,0,0
dug,NOUN,19,0,0
firing,NOUN,19,0,0
usually,ADV,19,0,0
stay,VERB,19,0,0
english,ADJ,19,0,0
world,NOUN,19,0,0
Jorge,PROPN,19,0,1
wall,NOUN,18,0,0
church,NOUN,18,0,0
low,ADJ,18,0,0
barrack,NOUN,18,0,0
corner,NOUN,18,0,0
bottle,NOUN,18,0,0
fifteen,NUM,18,1,0
build,VERB,18,0,0
propaganda,NOUN,18,0,0
strike,VERB,18,0,0
normal,ADJ,18,0,0
while,NOUN,18,1,0
partly,ADV,18,0,0
casualty,NOUN,18,0,0
towards,ADP,18,1,0
tobacco,NOUN,18,0,0
body,NOUN,18,0,0
sleep,NOUN,18,0,0
german,ADJ,18,0,0
save,VERB,18,0,0
flash,NOUN,18,0,0
describe,VERB,18,0,0
anti,ADJ,18,0,0
act,VERB,18,0,0
control,VERB,18,0,0
door,NOUN,18,0,0
shoulder,NOUN,17,0,0
pull,VERB,17,0,0
open,ADJ,17,0,0
likely,ADJ,17,0,0
box,NOUN,17,0,0
instead,ADV,17,0,0
poster,NOUN,17,0,0
realize,VERB,17,0,0
smash,VERB,17,0,0
wine,NOUN,17,0,0
need,VERB,17,0,0
wrong,ADJ,17,0,0
rank,NOUN,17,0,0
comrade,NOUN,17,0,0
child,NOUN,17,0,0
reach,VERB,17,0,0
pocket,NOUN,17,0,0
until,ADP,17,1,0
floor,NOUN,17,0,0
possess,VERB,17,0,0
deserter,NOUN,17,0,0
hand,VERB,17,0,0
post,NOUN,17,0,0
sand,NOUN,17,0,0
somewhere,ADV,17,1,0
drop,VERB,17,0,0
lack,NOUN,17,0,0
walk,VERB,17,0,0
ammunition,NOUN,17,0,0
instance,NOUN,17,0,0
die,VERB,17,0,0
crash,NOUN,17,0,0
local,ADJ,17,0,0
account,NOUN,17,0,0
de,X,17,0,0
wing,NOUN,17,0,0
represent,VERB,17,0,0
suppress,VERB,17,0,0
Worker,PROPN,17,0,1
International,PROPN,17,0,1
La,PROPN,17,0,1
thousand,NOUN,17,0,0
doctor,NOUN,17,0,0
arrest,NOUN,17,0,0
regard,VERB,16,1,0
talk,VERB,16,0,0
else,ADV,16,1,0
thirty,NUM,16,0,0
early,ADJ,16,0,0
so,SCONJ,16,1,0
circumstance,NOUN,16,0,0
march,VERB,16,0,0
within,ADP,16,1,0
leave,NOUN,16,0,0
of,ADV,16,1,0
up,ADV,16,1,0
ourselves,PRON,16,1,0
watch,VERB,16,0,0
round,ADJ,16,0,0
slip,VERB,16,0,0
before,ADV,16,1,0
set,VERB,16,0,0
rear,NOUN,16,0,0
aeroplane,NOUN,16,0,0
tiny,ADJ,16,0,0
therefore,ADV,16,1,0
middle,NOUN,16,0,0
true,ADJ,16,0,0
spy,NOUN,16,0,0
direction,NOUN,16,0,0
half,DET,16,0,0
badly,ADV,16,0,0
difference,NOUN,16,0,0
pistol,NOUN,16,0,0
open,VERB,16,0,0
devil,NOUN,16,0,0
someone,PRON,16,1,0
government,NOUN,16,0,0
forward,ADV,16,0,0
trotskyist,NOUN,16,0,0
Shock,PROPN,16,0,1
secret,ADJ,16,0,0
official,ADJ,16,0,0
memory,NOUN,15,0,0
creep,VERB,15,0,0
yet,CCONJ,15,1,0
disappear,VERB,15,0,0
understand,VERB,15,0,0
mostly,ADV,15,1,0
empty,ADJ,15,1,0
section,NOUN,15,0,0
change,VERB,15,0,0
white,ADJ,15,0,0
chance,NOUN,15,0,0
Plaza,PROPN,15,0,1
form,VERB,15,0,0
generally,ADV,15,0,0
dead,ADJ,15,0,0
ought,AUX,15,0,0
french,ADJ,15,0,0
new,ADJ,15,0,0
outbreak,NOUN,15,0,0
Sietamo,PROPN,15,0,1
sea,NOUN,15,0,0
tear,VERB,15,0,0
rat,NOUN,15,0,0
quarter,NOUN,15,0,0
hole,NOUN,15,0,0
point,VERB,15,0,0
attitude,NOUN,15,0,0
death,NOUN,15,0,0
possibly,ADV,15,0,0
command,VERB,15,0,0
least,ADJ,15,1,0
footnote,ADJ,15,0,0
dozen,NOUN,15,0,0
throughout,ADP,15,1,0
issue,NOUN,15,0,0
unless,SCONJ,15,1,0
round,NOUN,15,0,0
burst,VERB,15,0,0
agree,VERB,15,0,0
version,NOUN,15,0,0
person,NOUN,15,0,0
Mr,PROPN,15,0,1
sound,NOUN,15,0,0
Hotel,PROPN,15,0,1
bind,VERB,14,0,0
seven,NUM,14,0,0
enormous,ADJ,14,0,0
event,NOUN,14,0,0
receive,VERB,14,0,0
queer,NOUN,14,0,0
half,ADJ,14,0,0
human,ADJ,14,0,0
fresh,ADJ,14,0,0
apart,ADV,14,0,0
battle,NOUN,14,0,0
fill,VERB,14,0,0
public,ADJ,14,0,0
deep,ADJ,14,0,0
return,VERB,14,0,0
course,ADV,14,0,0
station,NOUN,14,0,0
ragged,ADJ,14,0,0
tall,ADJ,14,0,0
attempt,NOUN,14,0,0
War,PROPN,14,0,1
dawn,NOUN,14,0,0
half,NOUN,14,0,0
safe,ADJ,14,0,0
change,NOUN,14,0,0
type,NOUN,14,0,0
result,NOUN,14,0,0
refuse,VERB,14,0,0
search,VERB,14,0,0
tree,NOUN,14,0,0
evening,NOUN,14,0,0
Smillie,PROPN,14,0,1
sit,VERB,14,0,0
vague,ADJ,14,0,0
anarchist,ADJ,14,0,0
inside,ADP,14,0,0
russian,ADJ,14,0,0
Lérida,PROPN,14,0,1
responsible,ADJ,14,0,0
lay,VERB,14,0,0
agent,NOUN,14,0,0
Nin,PROPN,14,0,1
accord,VERB,13,0,0
like,VERB,13,0,0
end,VERB,13,0,0
experience,NOUN,13,0,0
fear,NOUN,13,0,0
raid,NOUN,13,0,0
hundred,NOUN,13,0,0
equality,NOUN,13,0,0
knee,NOUN,13,0,0
rush,VERB,13,0,0
smart,ADJ,13,0,0
step,NOUN,13,0,0
examine,VERB,13,0,0
packet,NOUN,13,0,0
journalist,NOUN,13,0,0
eight,NUM,13,1,0
help,VERB,13,0,0
Barbastro,PROPN,13,0,1
whose,DET,13,1,0
minute,NOUN,13,0,0
blood,NOUN,13,0,0
afternoon,NOUN,13,0,0
meaningless,ADJ,13,0,0
spite,NOUN,13,0,0
arm,VERB,13,0,0
decide,VERB,13,0,0
couple,NOUN,13,0,0
sure,ADJ,13,0,0
view,NOUN,13,0,0
news,NOUN,13,0,0
read,VERB,13,0,0
accept,VERB,13,0,0
Socialists,PROPN,13,0,1
indeed,ADV,13,1,0
spot,NOUN,13,0,0
Press,PROPN,13,0,1
opinion,NOUN,13,0,0
after,ADV,13,1,0
France,PROPN,13,0,1
on,ADV,13,1,0
accusation,NOUN,13,0,0
leaflet,NOUN,13,0,0
form,NOUN,12,0,0
blue,ADJ,12,0,0
being,NOUN,12,1,0
anarchist,NOUN,12,0,0
meal,NOUN,12,0,0
population,NOUN,12,0,0
tin,NOUN,12,0,0
dreadful,ADJ,12,0,0
exactly,ADV,12,0,0
nearly,ADV,12,0,0
useless,ADJ,12,0,0
doubt,VERB,12,0,0
notice,VERB,12,0,0
allow,VERB,12,0,0
business,NOUN,12,0,0
due,ADJ,12,1,0
order,VERB,12,0,0
work,NOUN,12,0,0
play,VERB,12,0,0
wander,VERB,12,0,0
Alcubierre,PROPN,12,0,1
single,ADJ,12,0,0
steel,NOUN,12,0,0
sound,VERB,12,0,0
live,VERB,12,0,0
near,ADJ,12,0,0
city,NOUN,12,0,0
artillery,NOUN,12,0,0
slowly,ADV,12,0,0
wish,VERB,12,0,0
draw,VERB,12,0,0
dangerous,ADJ,12,0,0
duty,NOUN,12,0,0
yourself,PRON,12,1,0
oil,NOUN,12,0,0
necessary,ADJ,12,0,0
include,VERB,12,0,0
hope,NOUN,12,0,0
capitalism,NOUN,12,0,0
story,NOUN,12,0,0
coffee,NOUN,12,0,0
civil,ADJ,12,0,0
sign,NOUN,12,0,0
Generalite,PROPN,12,0,1
move,NOUN,12,1,0
General,PROPN,12,0,1
personal,ADJ,12,0,0
Column,PROPN,12,0,1
horrible,ADJ,12,0,0
question,NOUN,12,0,0
charge,NOUN,12,0,0
catch,VERB,12,0,0
neck,NOUN,12,0,0
outside,ADV,12,0,0
evidence,NOUN,12,0,0
presumably,ADV,12,0,0
Police,PROPN,12,0,1
Moka,PROPN,12,0,1
pain,NOUN,12,0,0
italian,ADJ,11,0,0
leather,NOUN,11,0,0
cap,NOUN,11,0,0
late,ADJ,11,0,0
burn,VERB,11,0,0
café,NOUN,11,0,0
waiter,NOUN,11,0,0
private,ADJ,11,0,0
fro,PROPN,11,0,1
queer,ADJ,11,0,0
evil,ADJ,11,0,0
belief,NOUN,11,0,0
capitalist,ADJ,11,0,0
frightful,ADJ,11,0,0
eat,VERB,11,0,0
strike,NOUN,11,0,0
regular,ADJ,11,0,0
pin,NOUN,11,0,0
grasp,VERB,11,0,0
beyond,ADP,11,1,0
none,NOUN,11,1,0
struggle,NOUN,11,0,0
French,PROPN,11,0,1
Spaniard,PROPN,11,0,1
group,NOUN,11,0,0
cut,VERB,11,0,0
shall,AUX,11,0,0
girl,NOUN,11,0,0
crawl,VERB,11,0,0
anywhere,ADV,11,1,0
earth,NOUN,11,0,0
conscious,ADJ,11,0,0
beside,ADP,11,1,0
admit,VERB,11,0,0
place,VERB,11,0,0
opposite,ADJ,11,0,0
crack,NOUN,11,0,0
firewood,NOUN,11,0,0
division,NOUN,11,0,0
resist,VERB,11,0,0
nevertheless,ADV,11,1,0
grass,NOUN,11,0,0
gunner,NOUN,11,0,0
close,ADJ,11,0,0
roar,NOUN,11,0,0
out,ADV,11,1,0
repeat,VERB,11,0,0
continue,VERB,11,0,0
past,ADV,11,0,0
manner,NOUN,11,0,0
definite,ADJ,11,0,0
pro,ADJ,11,0,0
actual,ADJ,11,0,0
hatred,NOUN,11,0,0
Batalla,PROPN,11,0,1
ditch,NOUN,11,0,0
Tarragona,PROPN,11,0,1
frontier,NOUN,11,0,0
Chief,PROPN,11,0,1
Minister,PROPN,11,0,1
Maurin,PROPN,11,0,1
yellow,ADJ,10,0,0
seldom,ADV,10,0,0
special,ADJ,10,0,0
train,VERB,10,0,0
mountain,NOUN,10,0,0
straight,ADV,10,0,0
car,NOUN,10,0,0
milk,NOUN,10,0,0
serious,ADJ,10,1,0
notice,NOUN,10,0,0
column,NOUN,10,0,0
wild,ADJ,10,0,0
consider,VERB,10,0,0
previously,ADV,10,0,0
cover,NOUN,10,0,0
mañana,NOUN,10,0,0
system,NOUN,10,0,0
smuggle,VERB,10,0,0
force,VERB,10,0,0
rule,NOUN,10,0,0
occasionally,ADV,10,0,0
driver,NOUN,10,0,0
chip,VERB,10,0,0
bone,NOUN,10,0,0
rain,NOUN,10,0,0
constant,ADJ,10,0,0
somehow,ADV,10,1,0
himself,PRON,10,1,0
steal,VERB,10,0,0
range,NOUN,10,0,0
hope,VERB,10,0,0
itself,PRON,10,1,0
possession,NOUN,10,0,0
hide,VERB,10,0,0
light,ADJ,10,0,0
revolt,NOUN,10,0,0
non,ADJ,10,0,0
interest,NOUN,10,0,0
matter,VERB,10,0,0
daytime,NOUN,10,0,0
match,NOUN,10,0,0
belong,VERB,10,0,0
bayonet,NOUN,10,0,0
revolver,NOUN,10,0,0
miss,VERB,10,0,0
warn,VERB,10,0,0
suffer,VERB,10,0,0
report,NOUN,10,0,0
purpose,NOUN,10,0,0
seizure,NOUN,10,0,0
industry,NOUN,10,0,0
british,ADJ,10,0,0
socialism,NOUN,10,0,0
Cataluña,PROPN,10,0,1
fight,NOUN,10,0,0
incident,NOUN,10,0,0
tale,NOUN,10,0,0
pick,VERB,10,0,0
Trotskyist,PROPN,10,0,1
stretcher,NOUN,10,0,0
Paris,PROPN,10,0,1
convey,VERB,10,0,0
close,VERB,10,0,0
cross,VERB,10,0,0
money,NOUN,10,0,0
McNair,PROPN,10,0,1
Trotsky,PROPN,10,0,1
discharge,NOUN,10,0,0
answer,VERB,9,0,0
table,NOUN,9,0,0
youth,NOUN,9,0,0
deeply,ADV,9,0,0
spirit,NOUN,9,0,0
impression,NOUN,9,0,0
December,PROPN,9,0,1
law,NOUN,9,0,0
de,PROPN,9,0,1
cease,VERB,9,0,0
recognize,VERB,9,0,0
queue,NOUN,9,0,0
command,NOUN,9,0,0
July,PROPN,9,0,1
horse,NOUN,9,0,0
chiefly,ADV,9,0,0
listen,VERB,9,0,0
score,NOUN,9,0,0
natural,ADJ,9,0,0
touch,VERB,9,0,0
demand,VERB,9,0,0
plan,NOUN,9,0,0
extraordinary,ADJ,9,0,0
shirt,NOUN,9,0,0
wretched,ADJ,9,0,0
blanket,NOUN,9,0,0
instruction,NOUN,9,0,0
young,ADJ,9,0,0
surprise,NOUN,9,0,0
anxious,ADJ,9,0,0
attention,NOUN,9,0,0
common,ADJ,9,0,0
strange,ADJ,9,0,0
Englishman,PROPN,9,0,1
travel,VERB,9,0,0
aid,NOUN,9,0,0
late,ADV,9,0,0
promptly,ADV,9,0,0
roll,VERB,9,0,0
pack,VERB,9,0,0
her,PRON,9,1,0
band,NOUN,9,0,0
pavement,NOUN,9,0,0
warm,ADJ,9,0,0
Zaragoza,PROPN,9,0,1
October,PROPN,9,0,1
mule,ADJ,9,0,0
village,NOUN,9,0,0
escape,VERB,9,0,0
curious,ADJ,9,0,0
thought,NOUN,9,0,0
horror,NOUN,9,0,0
limestone,NOUN,9,0,0
dirty,ADJ,9,0,0
warfare,NOUN,9,0,0
particular,ADJ,9,0,0
left,NOUN,9,0,0
candle,NOUN,9,0,0
March,PROPN,9,0,1
note,NOUN,9,0,0
owe,VERB,9,0,0
difficulty,NOUN,9,0,0
victory,NOUN,9,0,0
gather,VERB,9,0,0
nor,CCONJ,9,1,0
detail,NOUN,9,0,0
majority,NOUN,9,0,0
enter,VERB,9,0,0
olive,ADJ,9,0,0
beforehand,ADV,9,1,0
greatly,ADV,9,0,0
green,ADJ,9,0,0
evidently,ADV,9,0,0
leg,NOUN,9,0,0
unable,ADJ,9,0,0
slogan,NOUN,9,0,0
February,PROPN,9,0,1
fail,VERB,9,0,0
beat,VERB,9,0,0
lie,NOUN,9,0,0
Italians,PROPN,9,0,1
prevent,VERB,9,0,0
strategic,ADJ,9,0,0
stage,NOUN,9,0,0
elsewhere,ADV,9,1,0
direct,ADJ,9,0,0
state,VERB,9,0,0
visit,VERB,9,0,0
alliance,NOUN,9,0,0
viewpoint,NOUN,9,0,0
history,NOUN,9,0,0
file,NOUN,9,0,0
sick,ADJ,9,0,0
close,ADV,9,0,0
hut,NOUN,9,0,0
Troopers,PROPN,9,0,1
plan,VERB,9,0,0
hurt,VERB,9,0,0
pay,VERB,9,0,0
hang,VERB,9,0,0
statement,NOUN,9,0,0
Continental,PROPN,9,0,1
Café,PROPN,9,0,1
observatory,NOUN,9,0,0
nurse,NOUN,9,0,0
Durruti,PROPN,9,0,1
trotskyist,ADJ,9,0,0
stick,VERB,8,0,0
article,NOUN,8,0,0
size,NOUN,8,0,0
transport,NOUN,8,0,0
clean,ADJ,8,0,0
wide,ADJ,8,0,0
central,ADJ,8,0,0
either,CCONJ,8,1,0
bourgeois,NOUN,8,0,0
organize,VERB,8,0,0
practice,NOUN,8,0,0
capture,VERB,8,0,0
occupy,VERB,8,0,0
drink,VERB,8,0,0
throat,NOUN,8,0,0
carriage,NOUN,8,0,0
Socialist,PROPN,8,0,1
complete,ADJ,8,0,0
social,ADJ,8,0,0
teach,VERB,8,0,0
mob,NOUN,8,0,0
patch,NOUN,8,0,0
add,VERB,8,0,0
avoid,VERB,8,0,0
theory,NOUN,8,0,0
store,NOUN,8,0,0
kit,NOUN,8,0,0
Williams,PROPN,8,0,1
tremendous,ADJ,8,0,0
stuff,NOUN,8,0,0
wave,VERB,8,0,0
mist,NOUN,8,0,0
mass,NOUN,8,0,0
narrow,ADJ,8,0,0
fascist,NOUN,8,0,0
contain,VERB,8,0,0
quiet,ADJ,8,0,0
wounded,ADJ,8,0,0
chief,ADJ,8,0,0
rid,VERB,8,0,0
climb,VERB,8,0,0
pour,VERB,8,0,0
blow,VERB,8,0,0
twelve,NUM,8,1,0
movement,NOUN,8,0,0
discomfort,NOUN,8,0,0
valley,NOUN,8,0,0
face,VERB,8,0,0
forget,VERB,8,0,0
sky,NOUN,8,0,0
thick,ADJ,8,0,0
Monte,PROPN,8,0,1
lean,VERB,8,0,0
occur,VERB,8,0,0
British,PROPN,8,0,1
importance,NOUN,8,0,0
cause,NOUN,8,0,0
nature,NOUN,8,0,0
approach,VERB,8,0,0
mortar,NOUN,8,0,0
count,VERB,8,0,0
bit,NOUN,8,0,0
stream,NOUN,8,0,0
somewhat,ADV,8,0,0
farm,NOUN,8,0,0
cook,NOUN,8,0,0
cause,VERB,8,0,0
series,NOUN,8,0,0
treachery,NOUN,8,0,0
divide,VERB,8,0,0
Hitler,PROPN,8,0,1
surrender,VERB,8,0,0
certainty,NOUN,8,0,0
violent,ADJ,8,0,0
definitely,ADV,8,0,0
quantity,NOUN,8,0,0
once,SCONJ,8,1,0
aware,ADJ,8,0,0
brief,ADJ,8,0,0
April,PROPN,8,0,1
politically,ADV,8,0,0
roughly,ADV,8,0,0
liable,ADJ,8,0,0
pure,ADJ,8,0,0
extent,NOUN,8,0,0
prove,VERB,8,0,0
bath,NOUN,8,0,0
Germans,PROPN,8,0,1
ambulance,NOUN,8,0,0
occasion,NOUN,8,0,0
shape,NOUN,8,0,0
plot,NOUN,8,0,0
din,NOUN,8,0,0
grant,VERB,8,0,0
doorway,NOUN,8,0,0
back,ADP,8,1,0
fortunately,ADV,8,0,0
blame,NOUN,8,0,0
suspicion,NOUN,8,0,0
glimpse,NOUN,8,0,0
raid,VERB,8,0,0
Trotskyists,PROPN,8,0,1
release,VERB,8,0,0
trial,NOUN,8,0,0
mistake,NOUN,8,0,0
yes,INTJ,8,0,0
document,NOUN,8,0,0
Ministry,PROPN,8,0,1
authority,NOUN,8,0,0
Lenin,PROPN,7,0,1
hair,NOUN,7,0,0
both,CCONJ,7,1,0
quickly,ADV,7,0,0
no,INTJ,7,1,0
step,VERB,7,0,0
utter,ADJ,7,0,0
mention,VERB,7,0,0
conceivable,ADJ,7,0,0
January,PROPN,7,0,1
gang,NOUN,7,0,0
constantly,ADV,7,0,0
entire,ADJ,7,0,0
flee,VERB,7,0,0
scarce,ADJ,7,0,0
extremely,ADV,7,0,0
sing,VERB,7,0,0
training,NOUN,7,0,0
ready,ADJ,7,0,0
hurriedly,ADV,7,0,0
block,NOUN,7,0,0
cavalry,NOUN,7,0,0
chaos,NOUN,7,0,0
pile,NOUN,7,0,0
alone,ADV,7,1,0
belt,NOUN,7,0,0
proper,ADJ,7,0,0
jacket,NOUN,7,0,0
second,ADJ,7,0,0
oblige,VERB,7,0,0
naturally,ADV,7,0,0
whole,NOUN,7,1,0
España,PROPN,7,0,1
company,NOUN,7,0,0
friendly,ADJ,7,0,0
drag,VERB,7,0,0
aim,NOUN,7,0,0
mix,VERB,7,0,0
thank,NOUN,7,0,0
barely,ADV,7,0,0
previous,ADJ,7,0,0
date,NOUN,7,0,0
level,NOUN,7,0,0
beastly,ADV,7,0,0
smell,NOUN,7,0,0
mule,NOUN,7,0,0
volley,NOUN,7,0,0
doubt,ADV,7,0,0
dodge,VERB,7,0,0
shock,NOUN,7,0,0
consist,VERB,7,0,0
though,ADV,7,1,0
lice,NOUN,7,0,0
shout,NOUN,7,0,0
Republic,PROPN,7,0,1
formation,NOUN,7,0,0
immense,ADJ,7,0,0
occasional,ADJ,7,0,0
presently,ADV,7,0,0
typical,ADJ,7,0,0
jump,VERB,7,0,0
ear,NOUN,7,0,0
winter,NOUN,7,0,0
explode,VERB,7,0,0
knot,NOUN,7,0,0
scale,NOUN,7,0,0
operation,NOUN,7,0,0
inside,ADV,7,0,0
refugee,NOUN,7,0,0
grenade,NOUN,7,0,0
term,NOUN,7,0,0
modern,ADJ,7,0,0
bourgeois,ADJ,7,0,0
replace,VERB,7,0,0
instantly,ADV,7,0,0
strength,NOUN,7,0,0
fairly,ADV,7,0,0
wind,NOUN,7,0,0
condition,NOUN,7,0,0
amount,NOUN,7,1,0
wash,VERB,7,0,0
scrap,NOUN,7,0,0
object,NOUN,7,0,0
telescope,NOUN,7,0,0
construct,VERB,7,0,0
automatic,ADJ,7,0,0
double,ADJ,7,0,0
lamp,NOUN,7,0,0
Bob,PROPN,7,0,1
inconceivable,ADJ,7,0,0
quite,DET,7,1,0
seriously,ADV,7,0,0
ration,NOUN,7,0,0
mouth,NOUN,7,0,0
apparently,ADV,7,0,0
tank,NOUN,7,0,0
whatever,DET,7,1,0
truth,NOUN,7,0,0
resistance,NOUN,7,0,0
intention,NOUN,7,0,0
sixty,NUM,7,1,0
hard,ADJ,7,0,0
centralized,ADJ,7,0,0
process,NOUN,7,0,0
circulate,VERB,7,0,0
Russia,PROPN,7,0,1
either,DET,7,1,0
entirely,ADV,7,0,0
membership,NOUN,7,0,0
scarcely,ADV,7,0,0
strong,ADJ,7,0,0
interval,NOUN,7,0,0
figure,NOUN,7,0,0
connexion,NOUN,7,0,0
communication,NOUN,7,0,0
exchange,VERB,7,0,0
stamp,VERB,7,0,0
trouser,NOUN,7,0,0
Torre,PROPN,7,0,1
century,NOUN,7,0,0
alive,ADJ,7,0,0
spaniard,NOUN,7,0,0
bandage,NOUN,7,0,0
clearly,ADV,7,0,0
bottom,NOUN,7,1,0
filthy,ADJ,7,0,0
explosion,NOUN,7,0,0
restaurant,NOUN,7,0,0
intend,VERB,7,0,0
provocateur,NOUN,7,0,0
follower,NOUN,7,0,0
ring,VERB,7,0,0
Falcon,PROPN,7,0,1
noticeable,ADJ,7,0,0
Executive,PROPN,7,0,1
passport,NOUN,7,0,0
Inprecor,PROPN,7,0,1
quote,VERB,7,0,0
sign,VERB,7,0,0
guilty,ADJ,7,0,0
espionage,NOUN,7,0,0
delegation,NOUN,7,0,0
Maxton,PROPN,7,0,1
cafés,NOUN,7,0,0
Cottman,PROPN,7,0,1
publish,VERB,6,0,0
fool,NOUN,6,0,0
pathetic,ADJ,6,0,0
immediate,ADJ,6,0,0
succeed,VERB,6,0,0
shabby,ADJ,6,0,0
notion,NOUN,6,0,0
aspect,NOUN,6,0,0
treat,VERB,6,0,0
tram,NOUN,6,0,0
appearance,NOUN,6,0,0
wealthy,ADJ,6,0,0
overall,NOUN,6,0,0
bourgeoisie,NOUN,6,0,0
look,NOUN,6,0,0
splendid,ADJ,6,0,0
smell,VERB,6,0,0
call,NOUN,6,1,0
wintry,NOUN,6,0,0
broken,ADJ,6,0,0
thin,ADJ,6,0,0
cup,NOUN,6,0,0
recruit,NOUN,6,0,0
addition,NOUN,6,0,0
handkerchief,NOUN,6,0,0
garden,NOUN,6,0,0
besides,SCONJ,6,1,0
Carabineros,PROPN,6,0,1
peseta,NOUN,6,0,0
home,NOUN,6,0,0
bitterly,ADV,6,0,0
significant,ADJ,6,0,0
alike,ADV,6,0,0
joke,NOUN,6,0,0
normally,ADV,6,0,0
nine,NUM,6,1,0
past,NOUN,6,0,0
spring,VERB,6,0,0
throng,VERB,6,0,0
announce,VERB,6,0,0
handsome,ADJ,6,0,0
nowadays,ADV,6,0,0
feature,NOUN,6,0,0
somebody,PRON,6,0,0
misery,NOUN,6,0,0
edge,NOUN,6,0,0
Comite,PROPN,6,0,1
territory,NOUN,6,0,0
hungry,ADJ,6,0,0
half,ADV,6,0,0
forty,NUM,6,1,0
stiff,ADJ,6,0,0
barrel,NOUN,6,0,0
imagine,VERB,6,0,0
dog,NOUN,6,0,0
attach,VERB,6,0,0
burst,NOUN,6,0,0
semi,ADJ,6,0,0
naked,ADJ,6,0,0
home,ADV,6,0,0
alter,VERB,6,0,0
skin,NOUN,6,0,0
popular,ADJ,6,0,0
journey,NOUN,6,0,0
alarm,NOUN,6,0,0
fast,ADV,6,0,0
storm,VERB,6,0,0
obey,VERB,6,0,0
temporary,ADJ,6,0,0
society,NOUN,6,0,0
pretend,VERB,6,0,0
discipline,NOUN,6,0,0
loyalty,NOUN,6,0,0
mark,NOUN,6,0,0
God,PROPN,6,0,1
freeze,VERB,6,0,0
assure,VERB,6,0,0
intolerable,ADJ,6,0,0
search,NOUN,6,0,0
petty,ADJ,6,0,0
purely,ADV,6,0,0
battalion,NOUN,6,0,0
easily,ADV,6,0,0
effort,NOUN,6,0,0
comparatively,ADV,6,0,0
principle,NOUN,6,0,0
necessity,NOUN,6,0,0
pair,NOUN,6,0,0
electric,ADJ,6,0,0
torch,NOUN,6,0,0
commander,NOUN,6,0,0
delegate,NOUN,6,0,0
source,NOUN,6,0,0
supply,NOUN,6,0,0
inevitable,ADJ,6,0,0
afraid,ADJ,6,0,0
nest,NOUN,6,0,0
socialist,ADJ,6,0,0
Málaga,PROPN,6,0,1
diabolical,ADJ,6,0,0
deliberately,ADV,6,0,0
interesting,ADJ,6,0,0
wrong,NOUN,6,0,0
bloody,ADJ,6,0,0
separate,ADJ,6,0,0
inter,ADJ,6,0,0
party,ADJ,6,0,0
New,PROPN,6,0,1
defence,NOUN,6,0,0
opponent,NOUN,6,0,0
Church,PROPN,6,0,1
main,ADJ,6,0,0
aid,VERB,6,0,0
centre,NOUN,6,0,0
mean,NOUN,6,0,0
committee,NOUN,6,0,0
cover,VERB,6,0,0
undoubtedly,ADV,6,0,0
deny,VERB,6,0,0
aim,VERB,6,0,0
heavily,ADV,6,0,0
racket,NOUN,6,0,0
middle,ADJ,6,0,0
capable,ADJ,6,0,0
Caballero,PROPN,6,0,1
Negrin,PROPN,6,0,1
up,NOUN,6,1,0
suspect,VERB,6,0,0
Left,PROPN,6,0,1
tactic,NOUN,6,0,0
hostile,ADJ,6,0,0
above,ADV,6,1,0
dull,ADJ,6,0,0
present,ADJ,6,0,0
dictatorship,NOUN,6,0,0
traitor,NOUN,6,0,0
influence,NOUN,6,0,0
loose,ADJ,6,0,0
pamphlet,NOUN,6,0,0
opportunity,NOUN,6,0,0
libel,NOUN,6,0,0
picture,NOUN,6,0,0
sabotage,NOUN,6,0,0
river,NOUN,6,0,0
mysterious,ADJ,6,0,0
Jaca,PROPN,6,0,1
glad,ADJ,6,0,0
tea,NOUN,6,0,0
Monflorite,PROPN,6,0,1
Fabian,PROPN,6,0,1
reference,NOUN,6,0,0
similar,ADJ,6,0,0
dinner,NOUN,6,0,0
card,NOUN,6,0,0
fat,ADJ,6,0,0
devilish,ADJ,6,0,0
sniper,NOUN,6,0,0
desire,NOUN,6,0,0
otherwise,ADV,6,1,0
luck,NOUN,6,0,0
scream,VERB,6,0,0
haul,VERB,6,0,0
pity,NOUN,6,0,0
principal,ADJ,6,0,0
solely,ADV,6,0,0
american,ADJ,6,0,0
wake,VERB,6,0,0
tower,NOUN,6,0,0
stair,NOUN,6,0,0
telephone,NOUN,6,0,0
Guard,PROPN,6,0,1
chair,NOUN,6,0,0
censor,VERB,6,0,0
suppression,NOUN,6,0,0
Friends,PROPN,6,0,1
ii,PROPN,6,0,1
Pitcairn,PROPN,6,0,1
illegal,ADJ,6,0,0
Prieto,PROPN,6,0,1
conversation,NOUN,6,0,0
Sanatorium,PROPN,6,0,1
Orwell,PROPN,5,0,1
Barracks,PROPN,5,0,1
gaze,VERB,5,0,0
map,NOUN,5,0,0
murder,NOUN,5,0,0
remark,NOUN,5,0,0
hard,ADV,5,0,0
stranger,NOUN,5,0,0
language,NOUN,5,0,0
hop,VERB,5,0,0
retain,VERB,5,0,0
contact,NOUN,5,0,0
muddy,ADJ,5,0,0
ago,ADV,5,0,0
collectivized,ADJ,5,0,0
barber,NOUN,5,0,0
appeal,VERB,5,0,0
boil,VERB,5,0,0
centuria,NOUN,5,0,0
school,NOUN,5,0,0
reduce,VERB,5,0,0
furniture,NOUN,5,0,0
civilian,ADJ,5,0,0
pannikin,NOUN,5,0,0
glass,NOUN,5,0,0
thus,ADV,5,1,0
altogether,ADV,5,0,0
degree,NOUN,5,0,0
breech,NOUN,5,0,0
factory,NOUN,5,0,0
hate,VERB,5,0,0
pleasant,ADJ,5,0,0
curiously,ADV,5,0,0
address,VERB,5,0,0
stupid,ADJ,5,0,0
turn,NOUN,5,0,0
advance,VERB,5,0,0
public,NOUN,5,0,0
flower,NOUN,5,0,0
load,VERB,5,0,0
fault,NOUN,5,0,0
openly,ADV,5,0,0
Andalusians,PROPN,5,0,1
essential,ADJ,5,0,0
decency,NOUN,5,0,0
enthusiasm,NOUN,5,0,0
tomorrow,NOUN,5,0,0
depend,VERB,5,0,0
share,VERB,5,0,0
equipment,NOUN,5,0,0
terrible,ADJ,5,0,0
shouting,NOUN,5,0,0
rambla,NOUN,5,0,0
speed,NOUN,5,0,0
dung,NOUN,5,0,0
vile,ADJ,5,0,0
weather,NOUN,5,0,0
struggle,VERB,5,0,0
string,NOUN,5,0,0
square,ADJ,5,0,0
feed,VERB,5,0,0
stew,NOUN,5,0,0
guard,VERB,5,0,0
bolt,NOUN,5,0,0
wooden,ADJ,5,0,0
split,VERB,5,0,0
past,ADJ,5,0,0
brute,NOUN,5,0,0
like,ADJ,5,0,0
unlike,ADP,5,0,0
cold,NOUN,5,0,0
ravine,NOUN,5,0,0
pale,ADJ,5,0,0
bang,NOUN,5,0,0
loophole,NOUN,5,0,0
seemingly,ADV,5,0,0
bird,NOUN,5,0,0
conceal,VERB,5,0,0
metre,NOUN,5,0,0
opposite,NOUN,5,0,0
urge,VERB,5,0,0
minor,ADJ,5,0,0
boredom,NOUN,5,0,0
settle,VERB,5,0,0
stretch,VERB,5,0,0
plain,ADJ,5,0,0
sprawl,VERB,5,0,0
grey,ADJ,5,0,0
republican,ADJ,5,0,0
overhead,NOUN,5,0,0
last,VERB,5,1,0
habit,NOUN,5,0,0
bush,NOUN,5,0,0
militiamen,NOUN,5,0,0
properly,ADV,5,0,0
shelter,NOUN,5,0,0
theoretically,ADV,5,0,0
attempt,VERB,5,0,0
perfect,ADJ,5,0,0
draft,NOUN,5,0,0
democratic,ADJ,5,0,0
base,VERB,5,0,0
run,NOUN,5,0,0
information,NOUN,5,0,0
sun,NOUN,5,0,0
finger,NOUN,5,0,0
fuss,NOUN,5,0,0
perfectly,ADV,5,0,0
reserve,NOUN,5,0,0
oh,INTJ,5,0,0
battery,NOUN,5,0,0
massacre,VERB,5,0,0
approximately,ADV,5,0,0
clip,NOUN,5,0,0
invariably,ADV,5,0,0
moreover,ADV,5,1,0
carefully,ADV,5,0,0
stumble,VERB,5,0,0
tiresome,ADJ,5,0,0
simultaneously,ADV,5,0,0
August,PROPN,5,0,1
attract,VERB,5,0,0
neither,CCONJ,5,1,0
headquarters,NOUN,5,0,0
soil,NOUN,5,0,0
hot,ADJ,5,0,0
reflect,VERB,5,0,0
useful,ADJ,5,0,0
butter,NOUN,5,0,0
slither,VERB,5,0,0
radio,NOUN,5,0,0
simple,ADJ,5,0,0
eastern,ADJ,5,0,0
internal,ADJ,5,0,0
largely,ADV,5,0,0
probable,ADJ,5,0,0
patriot,NOUN,5,0,0
weak,ADJ,5,0,0
distribute,VERB,5,0,0
key,ADJ,5,0,0
Red,PROPN,5,0,1
gain,VERB,5,0,0
head,VERB,5,0,0
consequently,ADV,5,0,0
recover,VERB,5,0,0
argument,NOUN,5,0,0
war,ADJ,5,0,0
efficiency,NOUN,5,0,0
surface,NOUN,5,0,0
rich,ADJ,5,0,0
Front,PROPN,5,1,1
reality,NOUN,5,0,0
choice,NOUN,5,0,0
Morocco,PROPN,5,0,1
discussion,NOUN,5,0,0
feud,NOUN,5,0,0
afford,VERB,5,0,0
revolutionary,NOUN,5,0,0
dare,VERB,5,0,0
compare,VERB,5,0,0
spread,VERB,5,0,0
London,PROPN,5,0,1
breathe,VERB,5,0,0
faith,NOUN,5,0,0
Bilbao,PROPN,5,0,1
promise,VERB,5,0,0
sorry,ADJ,5,0,0
scream,NOUN,5,0,0
Granja,PROPN,5,0,1
major,ADJ,5,0,0
stir,VERB,5,0,0
board,NOUN,5,0,0
surprising,ADJ,5,0,0
knife,NOUN,5,0,0
bridge,NOUN,5,0,0
land,VERB,5,0,0
flash,VERB,5,0,0
last,ADV,5,1,0
decent,ADJ,5,0,0
dim,ADJ,5,0,0
gap,NOUN,5,0,0
sodden,ADJ,5,0,0
onwards,ADV,5,0,0
visible,ADJ,5,0,0
gesture,NOUN,5,0,0
charge,VERB,5,0,0
sensation,NOUN,5,0,0
sub,ADJ,5,0,0
re,VERB,5,1,0
nerve,NOUN,5,0,0
invisible,ADJ,5,0,0
poplar,NOUN,5,0,0
favour,NOUN,5,0,0
net,NOUN,5,0,0
quail,NOUN,5,0,0
establish,VERB,5,0,0
Socialism,PROPN,5,0,1
rattle,NOUN,5,0,0
express,VERB,5,0,0
display,VERB,5,0,0
expensive,ADJ,5,0,0
existence,NOUN,5,0,0
health,NOUN,5,0,0
what,DET,5,1,0
stall,NOUN,5,0,0
shutter,NOUN,5,0,0
load,NOUN,5,0,0
Local,PROPN,5,0,1
John,PROPN,5,0,1
curtain,NOUN,5,0,0
Building,PROPN,5,0,1
nightmare,NOUN,5,0,0
pile,VERB,5,0,0
neutral,ADJ,5,0,0
suspect,NOUN,5,0,0
message,NOUN,5,0,0
manufacture,VERB,5,0,0
fix,VERB,5,0,0
i,NOUN,5,1,0
shooting,NOUN,5,0,0
disorder,NOUN,5,0,0
Langdon,PROPN,5,0,1
Davies,PROPN,5,0,1
Irujo,PROPN,5,0,1
Hospital,PROPN,5,0,1
hiding,NOUN,5,0,0
colonel,NOUN,5,0,0
lest,ADP,4,0,0
puzzle,VERB,4,0,0
illiterate,ADJ,4,0,0
needless,ADJ,4,0,0
stricken,VERB,4,0,0
swing,NOUN,4,0,0
startling,ADJ,4,0,0
hammer,NOUN,4,0,0
speech,NOUN,4,0,0
temporarily,ADV,4,0,0
Señor,PROPN,4,0,1
taxi,NOUN,4,0,0
red,NOUN,4,0,0
artery,NOUN,4,0,0
song,NOUN,4,0,0
dress,VERB,4,0,0
rough,ADJ,4,0,0
sugar,NOUN,4,0,0
judge,VERB,4,0,0
price,NOUN,4,0,0
emerge,VERB,4,0,0
sell,VERB,4,0,0
unit,NOUN,4,0,0
courtyard,NOUN,4,0,0
bugle,NOUN,4,0,0
game,NOUN,4,0,0
laugh,VERB,4,0,0
comic,ADJ,4,0,0
handle,VERB,4,0,0
decay,VERB,4,0,0
permanently,ADV,4,0,0
whenever,SCONJ,4,1,0
corduroy,VERB,4,0,0
numerous,ADJ,4,0,0
scene,NOUN,4,0,0
ignorant,ADJ,4,0,0
lieutenant,NOUN,4,0,0
raw,ADJ,4,0,0
dismay,NOUN,4,0,0
nonsense,NOUN,4,0,0
contingent,NOUN,4,0,0
newly,ADV,4,0,0
unarmed,ADJ,4,0,0
roar,VERB,4,0,0
cheap,ADJ,4,0,0
answer,NOUN,4,0,0
smile,NOUN,4,0,0
spring,NOUN,4,0,0
stroll,VERB,4,0,0
plenty,NOUN,4,0,0
generosity,NOUN,4,0,0
secret,NOUN,4,0,0
pitch,NOUN,4,0,0
literally,ADV,4,0,0
today,NOUN,4,0,0
baby,NOUN,4,0,0
bear,VERB,4,0,0
excitement,NOUN,4,0,0
kilometre,NOUN,4,0,0
date,VERB,4,0,0
bull,NOUN,4,0,0
nowhere,ADV,4,1,0
chaff,NOUN,4,0,0
jagged,ADJ,4,0,0
excrement,NOUN,4,0,0
peculiar,ADJ,4,0,0
fortress,NOUN,4,0,0
opposite,ADP,4,0,0
service,NOUN,4,0,0
third,ADJ,4,1,0
Mauser,PROPN,4,0,1
glance,NOUN,4,0,0
strap,VERB,4,0,0
frightened,ADJ,4,0,0
present,NOUN,4,0,0
skip,VERB,4,0,0
hunger,NOUN,4,0,0
conceive,VERB,4,0,0
happy,ADJ,4,0,0
excited,ADJ,4,0,0
prospect,NOUN,4,0,0
dive,VERB,4,0,0
track,NOUN,4,0,0
shape,VERB,4,0,0
slope,NOUN,4,0,0
smoke,NOUN,4,0,0
crack,VERB,4,0,0
across,ADV,4,1,0
lump,NOUN,4,0,0
self,NOUN,4,0,0
rock,NOUN,4,0,0
inner,ADJ,4,0,0
mere,ADJ,4,0,0
cliff,NOUN,4,0,0
grab,VERB,4,0,0
motion,VERB,4,0,0
profoundly,ADV,4,0,0
touch,NOUN,4,0,0
everybody,PRON,4,0,0
shiver,VERB,4,0,0
landscape,NOUN,4,0,0
pattern,NOUN,4,0,0
snow,NOUN,4,0,0
bare,ADJ,4,0,0
sudden,ADJ,4,0,0
flight,NOUN,4,0,0
pace,NOUN,4,0,0
quietly,ADV,4,0,0
compose,VERB,4,0,0
provide,VERB,4,0,0
Pocero,PROPN,4,0,1
inseparable,ADJ,4,0,0
comradeship,NOUN,4,0,0
visibly,ADV,4,0,0
consciousness,NOUN,4,0,0
remove,VERB,4,0,0
apparent,ADJ,4,0,0
footing,NOUN,4,0,0
terribly,ADV,4,0,0
list,NOUN,4,0,0
collect,VERB,4,0,0
drum,NOUN,4,0,0
share,NOUN,4,0,0
dirt,NOUN,4,0,0
worry,VERB,4,0,0
off,ADV,4,1,0
loot,VERB,4,0,0
inch,NOUN,4,0,0
famine,NOUN,4,0,0
next,ADV,4,1,0
destroy,VERB,4,0,0
plunge,VERB,4,0,0
description,NOUN,4,0,0
sector,NOUN,4,0,0
accurate,ADJ,4,0,0
iron,NOUN,4,0,0
hopelessly,ADV,4,0,0
efficient,ADJ,4,0,0
reserve,VERB,4,0,0
very,ADJ,4,1,0
hold,NOUN,4,0,0
Oscuro,PROPN,4,0,1
kneel,VERB,4,0,0
beautiful,ADJ,4,0,0
ship,NOUN,4,0,0
nuisance,NOUN,4,0,0
bunch,NOUN,4,0,0
character,NOUN,4,0,0
Moors,PROPN,4,0,1
belly,NOUN,4,0,0
poke,VERB,4,0,0
through,ADV,4,1,0
kick,VERB,4,0,0
deal,NOUN,4,0,0
develop,VERB,4,0,0
set,NOUN,4,0,0
fit,VERB,4,0,0
dismay,VERB,4,0,0
butter,VERB,4,0,0
glitter,VERB,4,0,0
copy,NOUN,4,0,0
heroic,ADJ,4,0,0
talk,NOUN,4,0,0
besiege,VERB,4,0,0
general,NOUN,4,0,0
please,INTJ,4,1,0
News,PROPN,4,0,1
Statesman,PROPN,4,0,1
care,VERB,4,0,0
Europe,PROPN,4,0,1
proceed,VERB,4,0,0
shade,NOUN,4,0,0
overthrow,VERB,4,0,0
restore,VERB,4,0,0
liberal,ADJ,4,0,0
wreck,VERB,4,0,0
stick,NOUN,4,0,0
landlord,NOUN,4,0,0
capital,NOUN,4,0,0
prevail,VERB,4,0,0
Committee,PROPN,4,0,1
shortly,ADV,4,0,0
Liberals,PROPN,4,0,1
proportion,NOUN,4,0,0
supply,VERB,4,0,0
element,NOUN,4,0,0
intervene,VERB,4,0,0
secondly,ADV,4,0,0
shopkeeper,NOUN,4,0,0
Anarchism,PROPN,4,0,1
check,VERB,4,0,0
deliberate,ADJ,4,0,0
sympathy,NOUN,4,0,0
hence,ADV,4,1,0
oppose,VERB,4,0,0
willing,ADJ,4,0,0
suggest,VERB,4,0,0
imply,VERB,4,0,0
barn,NOUN,4,0,0
million,NUM,4,0,0
stronghold,NOUN,4,0,0
hostility,NOUN,4,0,0
irreconcilable,ADJ,4,0,0
start,NOUN,4,0,0
Trotskyism,PROPN,4,0,1
vast,ADJ,4,0,0
disadvantage,NOUN,4,0,0
fair,ADJ,4,0,0
sleek,ADJ,4,0,0
swing,VERB,4,0,0
boss,NOUN,4,0,0
pretext,NOUN,4,0,0
tendency,NOUN,4,0,0
pleased,ADJ,4,0,0
Italy,PROPN,4,0,1
Germany,PROPN,4,0,1
accord,NOUN,4,0,0
mm,PROPN,4,0,1
activity,NOUN,4,0,0
valuable,ADJ,4,0,0
lift,VERB,4,0,0
flatten,VERB,4,0,0
divert,VERB,4,0,0
Manicomio,PROPN,4,0,1
nightfall,NOUN,4,0,0
lousy,ADJ,4,0,0
egg,NOUN,4,0,0
cigar,NOUN,4,0,0
deadly,ADJ,4,0,0
American,PROPN,4,0,1
wealth,NOUN,4,0,0
cat,NOUN,4,0,0
frog,NOUN,4,0,0
pool,NOUN,4,0,0
poverty,NOUN,4,0,0
twice,ADV,4,0,0
religious,ADJ,4,0,0
widely,ADV,4,0,0
seventy,NUM,4,0,0
familiar,ADJ,4,0,0
underneath,ADP,4,0,0
swarm,VERB,4,0,0
irrigation,NOUN,4,0,0
second,NOUN,4,0,0
Youth,PROPN,4,0,1
correspond,VERB,4,0,0
post,VERB,4,0,0
opening,NOUN,4,0,0
leap,VERB,4,0,0
assume,VERB,4,0,0
below,ADV,4,1,0
safety,NOUN,4,0,0
volunteer,NOUN,4,0,0
waist,NOUN,4,0,0
greasy,NOUN,4,0,0
heat,NOUN,4,0,0
dash,VERB,4,0,0
innumerable,ADJ,4,0,0
vaguely,ADV,4,0,0
souvenir,NOUN,4,0,0
Douglas,PROPN,4,0,1
Thompson,PROPN,4,0,1
Moyle,PROPN,4,0,1
Hiddlestone,PROPN,4,0,1
panic,NOUN,4,0,0
imagination,NOUN,4,0,0
dressing,NOUN,4,0,0
taste,NOUN,4,0,0
fish,NOUN,4,0,0
bundle,NOUN,4,0,0
space,NOUN,4,0,0
procure,VERB,4,0,0
cabaret,NOUN,4,0,0
brothel,NOUN,4,0,0
slightly,ADV,4,0,0
policeman,NOUN,4,0,0
truthful,ADJ,4,0,0
colour,VERB,4,0,0
misleading,ADJ,4,0,0
suburb,NOUN,4,0,0
murder,VERB,4,0,0
funeral,NOUN,4,0,0
bump,VERB,4,0,0
lounge,NOUN,4,0,0
la,PROPN,4,0,1
act,NOUN,4,0,0
geography,NOUN,4,0,0
passage,NOUN,4,0,0
cry,VERB,4,0,0
Salas,PROPN,4,0,1
kiosk,NOUN,4,0,0
barricade,VERB,4,0,0
bloodshed,NOUN,4,0,0
Poliorama,PROPN,4,0,1
league,NOUN,4,0,0
peaceful,ADJ,4,0,0
agreement,NOUN,4,0,0
bored,ADJ,4,0,0
Tuesday,PROPN,4,0,1
disarm,VERB,4,0,0
premise,NOUN,4,0,0
inflammatory,ADJ,4,0,0
mark,VERB,4,0,0
engineer,VERB,4,0,0
transfer,VERB,4,0,0
exaggerate,VERB,4,0,0
fear,VERB,4,0,0
insurrection,NOUN,4,0,0
coup,NOUN,4,0,0
paralyse,VERB,4,0,0
Congress,PROPN,4,0,1
trotskyism,NOUN,4,0,0
sufficient,ADJ,4,0,0
Propaganda,PROPN,4,0,1
imprison,VERB,4,0,0
recently,ADV,4,0,0
Justice,PROPN,4,0,1
McGovern,PROPN,4,0,1
permission,NOUN,4,0,0
medical,ADJ,4,0,0
tongue,NOUN,4,0,0
ticket,NOUN,4,0,0
imprisonment,NOUN,4,0,0
shake,VERB,4,0,0
Banyuls,PROPN,4,0,1
George,PROPN,3,0,1
e,NOUN,3,0,0
folly,NOUN,3,0,0
wise,ADJ,3,0,0
powerful,ADJ,3,0,0
fiercely,ADV,3,0,0
breast,NOUN,3,0,0
communist,NOUN,3,0,0
feat,NOUN,3,0,0
mine,NOUN,3,1,0
vividly,ADV,3,0,0
recede,VERB,3,0,0
overwhelming,ADJ,3,0,0
saddle,NOUN,3,0,0
scrawl,VERB,3,0,0
initial,NOUN,3,0,0
systematically,ADV,3,0,0
inscription,NOUN,3,0,0
bootblack,NOUN,3,0,0
collectivize,VERB,3,0,0
Comrade,PROPN,3,0,1
tip,VERB,3,0,0
flame,VERB,3,0,0
outward,ADJ,3,0,0
State,PROPN,3,0,1
disguise,VERB,3,0,0
dimly,ADV,3,0,0
coal,NOUN,3,0,0
beggar,NOUN,3,0,0
prostitute,NOUN,3,0,0
phrase,NOUN,3,0,0
Mussolini,PROPN,3,0,1
appropriate,ADJ,3,0,0
tune,NOUN,3,0,0
ostensibly,ADV,3,0,0
riding,NOUN,3,0,0
product,NOUN,3,0,0
brass,NOUN,3,0,0
helmet,NOUN,3,0,0
disgraceful,ADJ,3,0,0
porrón,NOUN,3,0,0
jet,NOUN,3,0,0
drinking,NOUN,3,0,0
colour,NOUN,3,0,0
rabble,NOUN,3,0,0
sock,NOUN,3,0,0
visit,NOUN,3,0,0
sixteen,NUM,3,0,0
back,ADJ,3,1,0
meaning,NOUN,3,0,0
stout,ADJ,3,0,0
slight,ADJ,3,0,0
attend,VERB,3,0,0
drill,NOUN,3,0,0
mount,VERB,3,0,0
desperate,ADJ,3,0,0
relieve,VERB,3,0,0
standard,NOUN,3,0,0
path,NOUN,3,0,0
amid,ADP,3,0,0
desperately,ADV,3,0,0
halt,VERB,3,0,0
clamour,VERB,3,0,0
rope,NOUN,3,0,0
voluntary,ADJ,3,0,0
sake,NOUN,3,0,0
wage,NOUN,3,0,0
excitedly,ADV,3,0,0
fury,NOUN,3,0,0
appal,VERB,3,0,0
engine,NOUN,3,0,0
unfortunately,ADV,3,0,0
intensely,ADV,3,0,0
creature,NOUN,3,0,0
uproar,NOUN,3,0,0
mass,VERB,3,0,0
silence,NOUN,3,0,0
beneath,ADP,3,0,0
remote,ADJ,3,0,0
plateau,NOUN,3,0,0
shell,VERB,3,0,0
clumsy,ADJ,3,0,0
unspeakable,ADJ,3,0,0
crust,VERB,3,0,0
row,NOUN,3,0,0
arrival,NOUN,3,0,0
relative,NOUN,3,0,0
pitiful,ADJ,3,0,0
rag,NOUN,3,0,0
memorable,ADJ,3,0,0
triumph,NOUN,3,0,0
photograph,NOUN,3,0,0
sergeant,NOUN,3,0,0
coarse,ADJ,3,0,0
rusty,ADJ,3,0,0
equally,ADV,3,0,0
eighty,NUM,3,0,0
least,ADV,3,1,0
along,ADV,3,1,0
ahead,ADV,3,0,0
busy,ADJ,3,0,0
untouched,ADJ,3,0,0
sierra,NOUN,3,0,0
Great,PROPN,3,0,1
dread,VERB,3,0,0
icy,ADJ,3,0,0
flock,NOUN,3,0,0
sheep,NOUN,3,0,0
Visca,PROPN,3,0,1
bother,VERB,3,0,0
chain,NOUN,3,0,0
fortified,ADJ,3,0,0
perch,VERB,3,0,0
flutter,VERB,3,0,0
captain,NOUN,3,0,0
stray,ADJ,3,0,0
overhead,ADV,3,0,0
brother,NOUN,3,0,0
bang,VERB,3,0,0
dump,VERB,3,0,0
splinter,NOUN,3,0,0
burst,ADJ,3,0,0
inflict,VERB,3,0,0
primitive,ADJ,3,0,0
barbed,ADJ,3,0,0
slide,VERB,3,0,0
grey,NOUN,3,0,0
scramble,VERB,3,0,0
terrific,ADJ,3,0,0
fusillade,NOUN,3,0,0
fro,VERB,3,0,0
dot,NOUN,3,0,0
expose,VERB,3,0,0
fashion,NOUN,3,0,0
accident,NOUN,3,0,0
eagerly,ADV,3,0,0
near,ADV,3,0,0
below,ADP,3,1,0
vicious,ADJ,3,0,0
behind,ADV,3,1,0
alas,INTJ,3,0,0
swear,VERB,3,0,0
preoccupation,NOUN,3,0,0
disable,VERB,3,0,0
Loyalist,PROPN,3,0,1
peak,NOUN,3,0,0
monarchist,NOUN,3,0,0
litter,VERB,3,0,0
tin,ADJ,3,0,0
bend,VERB,3,0,0
monstrous,ADJ,3,0,0
float,VERB,3,0,0
swastika,NOUN,3,0,0
whistle,VERB,3,0,0
cling,VERB,3,0,0
cower,VERB,3,0,0
cock,VERB,3,0,0
enlist,VERB,3,0,0
age,NOUN,3,0,0
luckily,ADV,3,0,0
essentially,ADV,3,0,0
classless,ADJ,3,0,0
undisciplined,ADJ,3,0,0
whereas,SCONJ,3,1,0
ultimately,ADV,3,0,0
abuse,NOUN,3,0,0
offence,NOUN,3,0,0
improve,VERB,3,0,0
recruit,VERB,3,0,0
volunteer,VERB,3,0,0
understanding,NOUN,3,0,0
individual,ADJ,3,0,0
infuriate,VERB,3,0,0
diary,NOUN,3,0,0
mid,ADJ,3,0,0
exceptionally,ADV,3,0,0
twist,VERB,3,0,0
rain,VERB,3,0,0
slippery,ADJ,3,0,0
jammed,ADJ,3,0,0
woollen,ADJ,3,0,0
miserable,ADJ,3,0,0
since,ADV,3,1,0
fuel,NOUN,3,0,0
perpendicular,ADJ,3,0,0
wood,NOUN,3,0,0
alight,NOUN,3,0,0
quality,NOUN,3,0,0
reed,NOUN,3,0,0
disgusting,ADJ,3,0,0
astonish,VERB,3,0,0
daily,ADV,3,0,0
pound,NOUN,3,0,0
tinder,NOUN,3,0,0
tour,NOUN,3,0,0
anybody,PRON,3,0,0
our,NOUN,3,1,0
advance,NOUN,3,0,0
alternative,NOUN,3,0,0
precious,ADJ,3,0,0
jam,NOUN,3,0,0
nice,ADJ,3,0,0
wildly,ADV,3,0,0
inaccurate,ADJ,3,0,0
jam,VERB,3,0,0
mexican,ADJ,3,0,0
emergency,NOUN,3,0,0
hat,NOUN,3,0,0
own,VERB,3,1,0
bent,ADJ,3,0,0
increase,VERB,3,0,0
rightly,ADV,3,0,0
butt,NOUN,3,0,0
cheek,NOUN,3,0,0
accidentally,ADV,3,0,0
password,NOUN,3,0,0
cataluña,ADJ,3,0,0
south,ADV,3,0,0
physically,ADV,3,0,0
expression,NOUN,3,0,0
print,VERB,3,0,0
top,ADJ,3,1,0
waste,VERB,3,0,0
daylight,NOUN,3,0,0
midday,NOUN,3,0,0
gold,NOUN,3,0,0
numb,ADJ,3,0,0
donkey,NOUN,3,0,0
method,NOUN,3,0,0
Viva,PROPN,3,0,1
morale,NOUN,3,0,0
suitable,ADJ,3,0,0
international,ADJ,3,0,0
likely,ADV,3,0,0
desert,VERB,3,0,0
convert,VERB,3,0,0
manoeuvre,NOUN,3,0,0
echo,VERB,3,0,0
toast,NOUN,3,0,0
mine,PRON,3,1,0
isolated,ADJ,3,0,0
bombing,NOUN,3,0,0
fall,NOUN,3,0,0
idiotic,ADJ,3,0,0
vine,NOUN,3,0,0
blade,NOUN,3,0,0
interested,ADJ,3,0,0
politic,NOUN,3,0,0
Chronicle,PROPN,3,0,1
Colonel,PROPN,3,0,1
correct,ADJ,3,0,0
conflict,VERB,3,0,0
riot,NOUN,3,0,0
alignment,NOUN,3,0,0
comparable,ADJ,3,0,0
Mail,PROPN,3,0,1
deliver,VERB,3,0,0
collectivization,NOUN,3,0,0
republic,NOUN,3,0,0
significance,NOUN,3,0,0
reorganization,NOUN,3,0,0
glorious,ADJ,3,0,0
alternatively,ADV,3,0,0
scoundrel,NOUN,3,0,0
minister,NOUN,3,0,0
Defence,PROPN,3,0,1
choose,VERB,3,0,0
marxist,ADJ,3,0,0
Mexico,PROPN,3,0,1
Russians,PROPN,3,0,1
pressure,NOUN,3,0,0
prestige,NOUN,3,0,0
thirdly,ADV,3,0,0
pre,ADJ,3,0,0
reinforce,VERB,3,0,0
gradually,ADV,3,0,0
redistribute,VERB,3,0,0
ceaselessly,ADV,3,0,0
exception,NOUN,3,0,0
solitary,ADJ,3,0,0
extreme,ADJ,3,0,0
Communism,PROPN,3,0,1
relation,NOUN,3,0,0
uncertain,ADJ,3,0,0
but,SCONJ,3,1,0
Englishmen,PROPN,3,0,1
midnight,NOUN,3,0,0
number,VERB,3,0,0
swell,VERB,3,0,0
press,VERB,3,0,0
frighten,VERB,3,0,0
militarize,VERB,3,0,0
ex,NOUN,3,0,0
behalf,NOUN,3,0,0
define,VERB,3,0,0
futile,ADJ,3,0,0
censorship,NOUN,3,0,0
deal,VERB,3,0,0
assert,VERB,3,0,0
Fifth,PROPN,3,0,1
murderer,NOUN,3,0,0
Arthur,PROPN,3,0,1
persist,VERB,3,0,0
lawyer,NOUN,3,0,0
abroad,ADV,3,0,0
ten,NOUN,3,0,0
Labour,PROPN,3,0,1
unthinkable,ADJ,3,0,0
summer,NOUN,3,0,0
revolt,VERB,3,0,0
passer,NOUN,3,0,0
hunting,NOUN,3,0,0
short,ADV,3,0,0
cherry,NOUN,3,0,0
deserted,ADJ,3,0,0
orchard,NOUN,3,0,0
vegetable,NOUN,3,0,0
although,SCONJ,3,1,0
unexploded,ADJ,3,0,0
fuse,NOUN,3,0,0
indicate,VERB,3,0,0
report,VERB,3,0,0
curse,VERB,3,0,0
potato,NOUN,3,0,0
frequent,VERB,3,0,0
doubtful,ADJ,3,0,0
file,VERB,3,0,0
mosquito,NOUN,3,0,0
family,NOUN,3,0,0
sling,NOUN,3,0,0
bearer,NOUN,3,0,0
watch,NOUN,3,0,0
tortuous,ADJ,3,0,0
neighbourhood,NOUN,3,0,0
landowner,NOUN,3,0,0
litter,NOUN,3,0,0
brilliant,ADJ,3,0,0
bucket,NOUN,3,0,0
sheet,NOUN,3,0,0
fancy,VERB,3,0,0
market,NOUN,3,0,0
vivid,ADJ,3,0,0
walk,NOUN,3,0,0
spade,NOUN,3,0,0
silently,ADV,3,0,0
sandbag,VERB,3,0,0
upper,ADJ,3,0,0
detective,NOUN,3,0,0
hurry,VERB,3,0,0
crowded,ADJ,3,0,0
agony,NOUN,3,0,0
pip,PROPN,3,0,1
whisper,VERB,3,0,0
League,PROPN,3,0,1
sweep,VERB,3,0,0
redoubt,NOUN,3,0,0
hoard,VERB,3,0,0
signal,NOUN,3,0,0
armlet,NOUN,3,0,0
arrange,VERB,3,0,0
rapidly,ADV,3,0,0
succession,NOUN,3,0,0
glance,VERB,3,0,0
slop,NOUN,3,0,0
animal,NOUN,3,0,0
sticky,ADJ,3,0,0
outer,ADJ,3,0,0
lower,VERB,3,0,0
pause,NOUN,3,0,0
knelt,VERB,3,0,0
right,ADV,3,0,0
relief,NOUN,3,0,0
ruin,VERB,3,0,0
stagger,VERB,3,0,0
disappointment,NOUN,3,0,0
spare,ADJ,3,0,0
heart,NOUN,3,0,0
value,NOUN,3,0,0
sleeve,NOUN,3,0,0
fro,NOUN,3,0,0
blaze,VERB,3,0,0
wretch,NOUN,3,0,0
support,NOUN,3,0,0
Paddy,PROPN,3,0,1
dry,ADJ,3,0,0
hearing,NOUN,3,0,0
salient,NOUN,3,0,0
munition,NOUN,3,0,0
return,NOUN,3,0,0
community,NOUN,3,0,0
experience,VERB,3,0,0
risk,VERB,3,0,0
urine,NOUN,3,0,0
vividness,NOUN,3,0,0
nose,NOUN,3,0,0
fle,VERB,3,0,0
railway,NOUN,3,0,0
basket,NOUN,3,0,0
invade,VERB,3,0,0
remark,VERB,3,0,0
prosperous,ADJ,3,0,0
elegant,ADJ,3,0,0
star,VERB,3,0,0
drive,NOUN,3,0,0
blame,VERB,3,0,0
internecine,ADJ,3,0,0
crutch,NOUN,3,0,0
fashionable,ADJ,3,0,0
thrust,VERB,3,0,0
gazette,VERB,3,0,0
Division,PROPN,3,0,1
show,NOUN,3,1,0
lucky,ADJ,3,0,0
contrast,NOUN,3,0,0
ill,ADJ,3,0,0
illegally,ADV,3,0,0
arrangement,NOUN,3,0,0
contradictory,ADJ,3,0,0
provocative,ADJ,3,0,0
display,NOUN,3,0,0
snap,VERB,3,0,0
affray,NOUN,3,0,0
mislead,VERB,3,0,0
refer,VERB,3,0,0
guardia,NOUN,3,0,0
mattress,NOUN,3,0,0
quay,NOUN,3,0,0
upstairs,ADV,3,0,0
lock,VERB,3,0,0
bar,VERB,3,0,0
representative,NOUN,3,0,0
question,VERB,3,0,0
haired,ADJ,3,0,0
eighteen,NUM,3,0,0
sofa,NOUN,3,0,0
armoury,NOUN,3,0,0
confirm,VERB,3,0,0
pane,NOUN,3,0,0
cheese,NOUN,3,0,0
Trooper,PROPN,3,0,1
defend,VERB,3,0,0
dome,NOUN,3,0,0
confused,ADJ,3,0,0
Colon,PROPN,3,0,1
national,ADJ,3,0,0
beer,NOUN,3,0,0
observatory,ADJ,3,0,0
defensive,ADJ,3,0,0
Russian,PROPN,3,0,1
Ogpu,PROPN,3,0,1
orange,NOUN,3,0,0
acute,ADJ,3,0,0
tired,ADJ,3,0,0
Wednesday,PROPN,3,0,1
Solidaridad,PROPN,3,0,1
provocation,NOUN,3,0,0
decision,NOUN,3,0,0
ugly,ADJ,3,0,0
harbour,NOUN,3,0,0
destroyer,NOUN,3,0,0
grave,ADJ,3,0,0
preparation,NOUN,3,0,0
ghastly,ADJ,3,0,0
frame,NOUN,3,0,0
neither,DET,3,1,0
armistice,NOUN,3,0,0
empty,VERB,3,0,0
physical,ADJ,3,0,0
Monday,PROPN,3,0,1
dining,NOUN,3,0,0
tough,ADJ,3,0,0
final,ADJ,3,0,0
jerk,VERB,3,0,0
primarily,ADV,3,0,0
sling,VERB,3,0,0
scatter,VERB,3,0,0
page,NOUN,3,0,0
cartoon,NOUN,3,0,0
mask,NOUN,3,0,0
reveal,VERB,3,0,0
surprised,ADJ,3,0,0
denounce,VERB,3,0,0
subject,NOUN,3,0,0
contradict,VERB,3,0,0
resentment,NOUN,3,0,0
portion,NOUN,3,0,0
disown,VERB,3,0,0
split,NOUN,3,0,0
uncertainty,NOUN,3,0,0
plaster,VERB,3,0,0
iii,PROPN,3,0,1
repudiate,VERB,3,0,0
adherent,NOUN,3,0,0
faction,NOUN,3,0,0
unlikely,ADJ,3,0,0
objective,ADJ,3,0,0
prepare,VERB,3,0,0
Fourth,PROPN,3,0,1
coast,NOUN,3,0,0
extract,NOUN,3,0,0
say,INTJ,3,1,0
rest,VERB,3,0,0
inquiry,NOUN,3,0,0
Public,PROPN,3,0,1
inform,VERB,3,0,0
smile,VERB,3,0,0
Consul,PROPN,3,0,1
claim,VERB,3,0,0
Libertarian,PROPN,3,0,1
guess,NOUN,3,0,0
writer,NOUN,3,0,0
permit,VERB,3,0,0
spy,VERB,3,0,0
stretch,NOUN,3,0,0
confession,NOUN,3,0,0
ink,NOUN,3,0,0
Zugazagoitia,PROPN,3,0,1
Gestapo,PROPN,3,0,1
tie,VERB,3,0,0
fetch,VERB,3,0,0
survive,VERB,3,0,0
silver,NOUN,3,0,0
soup,NOUN,3,0,0
well,INTJ,3,1,0
ward,NOUN,3,0,0
treatment,NOUN,3,0,0
goatskin,NOUN,3,0,0
muslin,NOUN,3,0,0
plate,NOUN,3,0,0
fellow,NOUN,3,0,0
scare,NOUN,3,0,0
incommunicado,ADJ,3,0,0
olive,NOUN,3,0,0
engineering,NOUN,3,0,0
mood,NOUN,3,0,0
in,ADV,3,1,0
cathedral,NOUN,3,0,0
accuse,VERB,3,0,0
urgent,ADJ,3,0,0
mission,NOUN,3,0,0
angry,ADJ,3,0,0
cutting,NOUN,3,0,0
refusal,NOUN,3,0,0
appendicitis,NOUN,3,0,0
pen,VERB,3,0,0
shrug,VERB,3,0,0
record,VERB,3,0,0
e,PROPN,2,0,1
commit,VERB,2,0,0
reverence,NOUN,2,0,0
superior,NOUN,2,0,0
stupendous,ADJ,2,0,0
round,ADP,2,0,0
spanish,NOUN,2,0,0
grip,VERB,2,0,0
momentarily,ADV,2,0,0
tradition,NOUN,2,0,0
grey,PROPN,2,0,1
ice,NOUN,2,0,0
obliterate,VERB,2,0,0
writing,NOUN,2,0,0
virtual,ADJ,2,0,0
gutte,VERB,2,0,0
workman,NOUN,2,0,0
paint,VERB,2,0,0
walker,NOUN,2,0,0
equal,NOUN,2,0,0
uste,VERB,2,0,0
Buenos,PROPN,2,0,1
días,NOUN,2,0,0
tipping,NOUN,2,0,0
forbid,VERB,2,0,0
lecture,NOUN,2,0,0
manager,NOUN,2,0,0
lift,NOUN,2,0,0
motor,NOUN,2,0,0
blue,NOUN,2,0,0
stream,VERB,2,0,0
voluntarily,ADV,2,0,0
proletarian,NOUN,2,0,0
light,VERB,2,0,0
living,NOUN,2,0,0
future,NOUN,2,0,0
freedom,NOUN,2,0,0
behave,VERB,2,0,0
coloured,ADJ,2,0,0
sneer,VERB,2,0,0
civilization,NOUN,2,0,0
race,NOUN,2,0,0
idealistic,ADJ,2,0,0
ballad,NOUN,2,0,0
centime,NOUN,2,0,0
basis,NOUN,2,0,0
stable,NOUN,2,0,0
inscribe,VERB,2,0,0
rotten,ADJ,2,0,0
tramp,NOUN,2,0,0
parade,NOUN,2,0,0
football,NOUN,2,0,0
cooking,NOUN,2,0,0
drill,VERB,2,0,0
filth,NOUN,2,0,0
lip,NOUN,2,0,0
puttee,NOUN,2,0,0
zipper,NOUN,2,0,0
badge,NOUN,2,0,0
looking,ADJ,2,0,0
cold,PROPN,2,0,1
shudder,VERB,2,0,0
argue,VERB,2,0,0
instruct,VERB,2,0,0
antiquated,ADJ,2,0,0
eager,ADJ,2,0,0
fit,ADJ,2,0,0
formal,ADJ,2,0,0
stiffly,NOUN,2,0,0
marching,NOUN,2,0,0
rapid,ADJ,2,0,0
grocer,NOUN,2,0,0
curiosity,NOUN,2,0,0
Carabinero,PROPN,2,0,1
drink,NOUN,2,0,0
dictionary,NOUN,2,0,0
villainous,ADJ,2,0,0
manejar,PROPN,2,0,1
apprender,NOUN,2,0,0
ametralladora,VERB,2,0,0
smartly,ADV,2,0,0
crisis,NOUN,2,0,0
christian,ADJ,2,0,0
mixed,ADJ,2,0,0
recruitment,NOUN,2,0,0
enlistment,NOUN,2,0,0
parent,NOUN,2,0,0
Catalans,PROPN,2,0,1
brave,ADJ,2,0,0
whereupon,SCONJ,2,1,0
art,NOUN,2,0,0
love,VERB,2,0,0
exasperate,VERB,2,0,0
inefficiency,NOUN,2,0,0
conceivably,ADV,2,0,0
notorious,ADJ,2,0,0
endless,ADJ,2,0,0
delay,NOUN,2,0,0
quartermaster,NOUN,2,0,0
folk,NOUN,2,0,0
dark,ADV,2,0,0
harass,VERB,2,0,0
hiss,VERB,2,0,0
banner,NOUN,2,0,0
route,NOUN,2,0,0
conquering,NOUN,2,0,0
hero,NOUN,2,0,0
improbable,ADJ,2,0,0
tight,ADJ,2,0,0
seat,NOUN,2,0,0
platform,NOUN,2,0,0
bright,ADJ,2,0,0
sausage,NOUN,2,0,0
soap,NOUN,2,0,0
bleak,ADJ,2,0,0
fade,VERB,2,0,0
fighter,NOUN,2,0,0
westward,ADV,2,0,0
front,VERB,2,0,0
swirl,VERB,2,0,0
morass,NOUN,2,0,0
stable,ADJ,2,0,0
asleep,ADJ,2,0,0
hay,NOUN,2,0,0
straw,NOUN,2,0,0
breadcrust,NOUN,2,0,0
squalid,ADJ,2,0,0
aragónese,ADJ,2,0,0
fowl,NOUN,2,0,0
churn,VERB,2,0,0
cart,NOUN,2,0,0
lavatory,NOUN,2,0,0
tread,VERB,2,0,0
latrine,NOUN,2,0,0
conscript,NOUN,2,0,0
batch,NOUN,2,0,0
starve,VERB,2,0,0
crouch,VERB,2,0,0
pannikinful,ADJ,2,0,0
flit,VERB,2,0,0
ring,NOUN,2,0,0
finish,VERB,2,0,0
reassuring,ADJ,2,0,0
blurry,ADJ,2,0,0
German,PROPN,2,0,1
corrode,VERB,2,0,0
pray,VERB,2,0,0
Georges,PROPN,2,0,1
belgian,ADJ,2,0,0
pose,VERB,2,0,0
picturesque,ADJ,2,0,0
harvest,NOUN,2,0,0
shard,NOUN,2,0,0
haunt,VERB,2,0,0
stand,NOUN,2,0,0
to,NOUN,2,1,0
slop,VERB,2,0,0
straggle,VERB,2,0,0
near,VERB,2,0,0
Fascistas,PROPN,2,0,1
maricone,NOUN,2,0,0
defender,NOUN,2,0,0
airman,NOUN,2,0,0
surely,ADV,2,0,0
branch,VERB,2,0,0
horseshoe,NOUN,2,0,0
steep,ADJ,2,0,0
stunt,VERB,2,0,0
shrub,NOUN,2,0,0
heath,NOUN,2,0,0
continuous,ADJ,2,0,0
nearer,NOUN,2,0,0
bearded,ADJ,2,0,0
enclosure,NOUN,2,0,0
characteristically,ADV,2,0,0
hew,VERB,2,0,0
cautiously,ADV,2,0,0
click,VERB,2,0,0
dud,NOUN,2,0,0
ant,NOUN,2,0,0
pause,VERB,2,0,0
duck,VERB,2,0,0
instinctive,ADJ,2,0,0
insect,NOUN,2,0,0
Teruel,PROPN,2,0,1
disastrous,ADJ,2,0,0
mingled,ADJ,2,0,0
stationary,ADJ,2,0,0
spur,NOUN,2,0,0
dot,VERB,2,0,0
unintelligible,ADJ,2,0,0
can,NOUN,2,0,0
throw,NOUN,2,0,0
cloud,NOUN,2,0,0
flat,ADJ,2,0,0
far,ADJ,2,0,0
melt,VERB,2,0,0
rarely,ADV,2,0,0
errata,ADJ,2,0,0
impose,VERB,2,0,0
successive,ADJ,2,0,0
landmark,NOUN,2,0,0
fun,ADJ,2,0,0
snail,NOUN,2,0,0
cleaning,NOUN,2,0,0
average,ADJ,2,0,0
guide,NOUN,2,0,0
incorporate,VERB,2,0,0
mingle,VERB,2,0,0
superior,ADJ,2,0,0
clicking,NOUN,2,0,0
approach,NOUN,2,0,0
horrify,VERB,2,0,0
mechanized,ADJ,2,0,0
disposal,NOUN,2,0,0
equalitarian,ADJ,2,0,0
reliable,ADJ,2,0,0
conscript,ADJ,2,0,0
punish,VERB,2,0,0
desertion,NOUN,2,0,0
obtain,VERB,2,0,0
temperature,NOUN,2,0,0
shriek,VERB,2,0,0
frequently,ADV,2,0,0
coat,NOUN,2,0,0
line,VERB,2,0,0
jelly,NOUN,2,0,0
unusually,ADV,2,0,0
range,VERB,2,0,0
fatigue,NOUN,2,0,0
scrounge,VERB,2,0,0
knock,VERB,2,0,0
mountainside,NOUN,2,0,0
rosemary,ADJ,2,0,0
oak,NOUN,2,0,0
dry,VERB,2,0,0
uncomfortably,ADV,2,0,0
comparison,NOUN,2,0,0
transparent,ADJ,2,0,0
shave,VERB,2,0,0
abominably,ADV,2,0,0
mouse,NOUN,2,0,0
flame,NOUN,2,0,0
cordite,NOUN,2,0,0
inaction,NOUN,2,0,0
stagnation,NOUN,2,0,0
lovely,ADJ,2,0,0
harmlessly,ADV,2,0,0
material,NOUN,2,0,0
rifling,NOUN,2,0,0
Mills,PROPN,2,0,1
tape,NOUN,2,0,0
utmost,ADJ,2,0,0
fully,ADV,2,0,0
area,NOUN,2,0,0
cutter,NOUN,2,0,0
clean,VERB,2,0,0
ramrod,NOUN,2,0,0
grease,VERB,2,0,0
fat,NOUN,2,0,0
rattle,VERB,2,0,0
eyed,ADJ,2,0,0
intentionally,ADV,2,0,0
carelessness,NOUN,2,0,0
trick,NOUN,2,0,0
tap,VERB,2,0,0
marksmanship,NOUN,2,0,0
pleasure,NOUN,2,0,0
convince,VERB,2,0,0
photograph,VERB,2,0,0
camera,NOUN,2,0,0
sting,VERB,2,0,0
grain,NOUN,2,0,0
lad,NOUN,2,0,0
name,VERB,2,0,0
Jaime,PROPN,2,0,1
yell,VERB,2,0,0
Bang,PROPN,2,0,1
west,ADJ,2,0,0
bend,NOUN,2,0,0
wind,VERB,2,0,0
lighted,ADJ,2,0,0
Ramon,PROPN,2,0,1
mentally,ADV,2,0,0
miner,NOUN,2,0,0
sailor,NOUN,2,0,0
fun,NOUN,2,0,0
oftener,NOUN,2,0,0
campaign,NOUN,2,0,0
handed,ADJ,2,0,0
beastly,ADJ,2,0,0
heaven,NOUN,2,0,0
bean,NOUN,2,0,0
testicle,NOUN,2,0,0
flicker,NOUN,2,0,0
megaphone,NOUN,2,0,0
wherever,SCONJ,2,1,0
undermine,VERB,2,0,0
technique,NOUN,2,0,0
sentiment,NOUN,2,0,0
trickle,NOUN,2,0,0
conscript,VERB,2,0,0
ringing,NOUN,2,0,0
conception,NOUN,2,0,0
equal,ADJ,2,0,0
corps,NOUN,2,0,0
lonely,ADJ,2,0,0
greenish,ADJ,2,0,0
support,VERB,2,0,0
surround,VERB,2,0,0
impenetrable,ADJ,2,0,0
likewise,ADV,2,0,0
humiliation,NOUN,2,0,0
horribly,ADV,2,0,0
slow,VERB,2,0,0
cheerful,ADJ,2,0,0
officially,ADV,2,0,0
evacuate,VERB,2,0,0
loss,NOUN,2,0,0
beautifully,ADV,2,0,0
barley,NOUN,2,0,0
lumpy,ADJ,2,0,0
mistaken,ADJ,2,0,0
Republican,PROPN,2,0,1
sole,ADJ,2,0,0
ignore,VERB,2,0,0
narrative,NOUN,2,0,0
angle,NOUN,2,0,0
intelligible,ADJ,2,0,0
uninterested,ADJ,2,0,0
unaware,ADJ,2,0,0
maniacal,ADJ,2,0,0
unwillingly,ADV,2,0,0
destiny,NOUN,2,0,0
involve,VERB,2,0,0
tide,NOUN,2,0,0
strictly,ADV,2,0,0
back,VERB,2,0,0
supporter,NOUN,2,0,0
status,NOUN,2,0,0
quo,NOUN,2,0,0
priest,NOUN,2,0,0
cheer,NOUN,2,0,0
response,NOUN,2,0,0
loyal,ADJ,2,0,0
square,NOUN,2,0,0
Anarcho,PROPN,2,0,1
estate,NOUN,2,0,0
independent,ADJ,2,0,0
narrow,VERB,2,0,0
versus,ADP,2,0,0
publicity,NOUN,2,0,0
successfully,ADV,2,0,0
determine,VERB,2,0,0
Soviet,PROPN,2,0,1
thesis,NOUN,2,0,0
fatal,ADJ,2,0,0
million,NOUN,2,0,0
shift,NOUN,2,0,0
antirevolutionary,ADJ,2,0,0
reopen,VERB,2,0,0
gate,NOUN,2,0,0
Central,PROPN,2,0,1
virtually,ADV,2,0,0
dissolve,VERB,2,0,0
eliminate,VERB,2,0,0
Footnote,PROPN,2,0,1
via,ADP,2,1,0
proclaim,VERB,2,0,0
extremist,NOUN,2,0,0
rally,VERB,2,0,0
influx,NOUN,2,0,0
official,NOUN,2,0,0
surrender,NOUN,2,0,0
differential,ADJ,2,0,0
decisive,ADJ,2,0,0
breeding,NOUN,2,0,0
instant,NOUN,2,0,0
Cortes,PROPN,2,0,1
predominantly,ADV,2,0,0
sub,NOUN,2,0,0
swallow,VERB,2,0,0
colony,NOUN,2,0,0
Secretary,PROPN,2,0,1
lunge,VERB,2,0,0
behaviour,NOUN,2,0,0
National,PROPN,2,0,1
ally,NOUN,2,0,0
heaven,PROPN,2,0,1
hunt,VERB,2,0,0
educate,VERB,2,0,0
stuffy,ADJ,2,0,0
debate,VERB,2,0,0
deaf,ADJ,2,0,0
loosely,ADV,2,0,0
Partido,PROPN,2,0,1
organ,NOUN,2,0,0
preach,VERB,2,0,0
fragment,NOUN,2,0,0
proletariat,NOUN,2,0,0
parliamentary,ADJ,2,0,0
Stalinism,PROPN,2,0,1
Workers,PROPN,2,0,1
Peasants,PROPN,2,0,1
Bloc,PROPN,2,0,1
estimate,NOUN,2,0,0
preserve,VERB,2,0,0
de,NOUN,2,0,0
necessarily,ADV,2,0,0
differ,VERB,2,0,0
engage,VERB,2,0,0
precise,ADJ,2,0,0
privilege,NOUN,2,0,0
injustice,NOUN,2,0,0
pole,NOUN,2,0,0
emphasis,NOUN,2,0,0
liberty,NOUN,2,0,0
anarchism,NOUN,2,0,0
withdraw,VERB,2,0,0
realistic,ADJ,2,0,0
standpoint,NOUN,2,0,0
instinct,NOUN,2,0,0
prefer,VERB,2,0,0
following,NOUN,2,0,0
clinch,VERB,2,0,0
increase,NOUN,2,0,0
magnificent,ADJ,2,0,0
ceaseless,NOUN,2,0,0
counter,NOUN,2,0,0
adversary,NOUN,2,0,0
polemic,NOUN,2,0,0
rival,ADJ,2,0,0
quarrel,NOUN,2,0,0
peculiarity,NOUN,2,0,0
tentatively,ADV,2,0,0
judgement,NOUN,2,0,0
disguised,ADJ,2,0,0
sacrifice,VERB,2,0,0
livelihood,NOUN,2,0,0
nationality,NOUN,2,0,0
daze,VERB,2,0,0
tub,NOUN,2,0,0
Right,PROPN,2,0,1
cesspool,NOUN,2,0,0
comfort,NOUN,2,0,0
Manchester,PROPN,2,0,1
Guardian,PROPN,2,0,1
murderous,ADJ,2,0,0
squabble,NOUN,2,0,0
strip,NOUN,2,0,0
lick,VERB,2,0,0
touching,ADJ,2,0,0
isolate,VERB,2,0,0
inclined,ADJ,2,0,0
eyewash,NOUN,2,0,0
reintroduction,NOUN,2,0,0
speed,VERB,2,0,0
weakness,NOUN,2,0,0
offensive,NOUN,2,0,0
individual,NOUN,2,0,0
industrial,ADJ,2,0,0
sinister,NOUN,2,0,0
swindle,NOUN,2,0,0
superiority,NOUN,2,0,0
penalize,VERB,2,0,0
criticize,VERB,2,0,0
daily,ADJ,2,0,0
particularly,ADV,2,0,0
task,NOUN,2,0,0
wonderful,ADJ,2,0,0
bubble,VERB,2,0,0
tooth,NOUN,2,0,0
pantomime,NOUN,2,0,0
Clinton,PROPN,2,0,1
ineffectual,ADJ,2,0,0
cookhouse,NOUN,2,0,0
crater,NOUN,2,0,0
make,NOUN,2,1,0
explore,VERB,2,0,0
loot,NOUN,2,0,0
seek,VERB,2,0,0
four,NOUN,2,0,0
beet,NOUN,2,0,0
annoyance,NOUN,2,0,0
clear,VERB,2,0,0
knowledge,NOUN,2,0,0
lunatic,ADJ,2,0,0
asylum,NOUN,2,0,0
muck,VERB,2,0,0
Troops,PROPN,2,0,1
storm,NOUN,2,0,0
Regular,PROPN,2,0,1
abandon,VERB,2,0,0
jolting,NOUN,2,0,0
vermin,NOUN,2,0,0
louse,NOUN,2,0,0
resemble,VERB,2,0,0
rice,NOUN,2,0,0
hatch,VERB,2,0,0
bath,VERB,2,0,0
chocolate,NOUN,2,0,0
Office,PROPN,2,0,1
Navy,PROPN,2,0,1
clearing,NOUN,2,0,0
practicante,NOUN,2,0,0
huddle,NOUN,2,0,0
alley,NOUN,2,0,0
moon,NOUN,2,0,0
flour,NOUN,2,0,0
beam,NOUN,2,0,0
soft,ADJ,2,0,0
vagueness,NOUN,2,0,0
satisfied,ADJ,2,0,0
dismal,ADJ,2,0,0
quarter,VERB,2,0,0
barrier,NOUN,2,0,0
bum,NOUN,2,0,0
brim,VERB,2,0,0
plough,NOUN,2,0,0
agricultural,ADJ,2,0,0
govern,VERB,2,0,0
expensiveness,NOUN,2,0,0
metal,NOUN,2,0,0
patch,VERB,2,0,0
unknown,ADJ,2,0,0
harrow,NOUN,2,0,0
later,ADJ,2,0,0
flint,NOUN,2,0,0
derelict,NOUN,2,0,0
graveyard,NOUN,2,0,0
queerly,ADV,2,0,0
perfunctory,NOUN,2,0,0
collapse,VERB,2,0,0
tinge,NOUN,2,0,0
Casa,PROPN,2,0,1
Francesa,PROPN,2,0,1
brandy,NOUN,2,0,0
scoop,VERB,2,0,0
clay,NOUN,2,0,0
initiative,NOUN,2,0,0
wireless,NOUN,2,0,0
satisfaction,NOUN,2,0,0
shin,VERB,2,0,0
squat,VERB,2,0,0
going,NOUN,2,0,0
unbroken,ADJ,2,0,0
thunder,VERB,2,0,0
partially,ADV,2,0,0
neatly,ADV,2,0,0
whizz,NOUN,2,0,0
distinct,ADJ,2,0,0
distant,ADJ,2,0,0
monster,NOUN,2,0,0
torpedo,NOUN,2,0,0
aerial,ADJ,2,0,0
concrete,ADJ,2,0,0
whiz,VERB,2,0,0
zwe,VERB,2,0,0
doubly,ADV,2,0,0
magic,ADJ,2,0,0
hunk,NOUN,2,0,0
assault,VERB,2,0,0
lever,VERB,2,0,0
drench,VERB,2,0,0
about,ADJ,2,1,0
staircase,NOUN,2,0,0
dark,NOUN,2,0,0
inquire,VERB,2,0,0
splash,NOUN,2,0,0
lightly,ADV,2,0,0
glide,VERB,2,0,0
ze,PROPN,2,0,1
hopeless,ADJ,2,0,0
heap,NOUN,2,0,0
fumble,VERB,2,0,0
Snip,PROPN,2,0,1
snip,NOUN,2,0,0
aside,ADV,2,0,0
gently,ADV,2,0,0
violently,ADV,2,0,0
loom,VERB,2,0,0
bowler,NOUN,2,0,0
spout,VERB,2,0,0
hateful,ADJ,2,0,0
blind,VERB,2,0,0
glare,NOUN,2,0,0
wrestle,VERB,2,0,0
damned,ADJ,2,0,0
fright,PROPN,2,0,1
spoil,VERB,2,0,0
crash,VERB,2,0,0
foot,VERB,2,0,0
weight,VERB,2,0,0
soul,NOUN,2,0,0
underground,ADV,2,0,0
prod,VERB,2,0,0
clutch,VERB,2,0,0
small,NOUN,2,0,0
reach,NOUN,2,0,0
stab,VERB,2,0,0
ruin,NOUN,2,0,0
handle,NOUN,2,0,0
POUM,PROPN,2,0,1
tripod,NOUN,2,0,0
furious,ADJ,2,0,0
belonging,NOUN,2,0,0
protection,NOUN,2,0,0
around,ADV,2,1,0
quick,ADJ,2,0,0
weigh,VERB,2,0,0
hundredweight,NOUN,2,0,0
ounce,NOUN,2,0,0
cheer,VERB,2,0,0
spit,VERB,2,0,0
steady,ADJ,2,0,0
frosty,ADJ,2,0,0
crackle,NOUN,2,0,0
anyway,ADV,2,1,0
hell,NOUN,2,0,0
hi,INTJ,2,0,0
retire,NOUN,2,0,0
whichever,DET,2,0,0
ours,PRON,2,1,0
terreeble,ADJ,2,0,0
desolate,ADJ,2,0,0
exhausted,ADJ,2,0,0
fast,ADJ,2,0,0
hoarding,NOUN,2,0,0
rose,NOUN,2,0,0
pink,ADJ,2,0,0
male,ADJ,2,0,0
profess,VERB,2,0,0
semi,NOUN,2,0,0
grove,NOUN,2,0,0
cylinder,NOUN,2,0,0
tuck,VERB,2,0,0
sporadic,ADJ,2,0,0
leaf,NOUN,2,0,0
fringe,VERB,2,0,0
traffic,NOUN,2,0,0
sink,VERB,2,0,0
ill,ADV,2,0,0
concentrate,VERB,2,0,0
perspective,NOUN,2,0,0
effectively,ADV,2,0,0
mental,ADJ,2,0,0
motif,NOUN,2,0,0
civilized,ADJ,2,0,0
master,NOUN,2,0,0
apathy,NOUN,2,0,0
cynicism,NOUN,2,0,0
motive,NOUN,2,0,0
privation,NOUN,2,0,0
browse,VERB,2,0,0
wolf,VERB,2,0,0
snore,VERB,2,0,0
mucky,ADJ,2,0,0
balance,NOUN,2,0,0
root,NOUN,2,0,0
fir,NOUN,2,0,0
cauldron,NOUN,2,0,0
loaf,NOUN,2,0,0
connect,VERB,2,0,0
Maymyo,PROPN,2,0,1
tropical,ADJ,2,0,0
used,ADJ,2,1,0
sweet,ADJ,2,0,0
remind,VERB,2,0,0
sack,NOUN,2,0,0
rabbit,NOUN,2,0,0
drown,VERB,2,0,0
squirt,VERB,2,0,0
sensational,ADJ,2,0,0
undo,VERB,2,0,0
predominance,NOUN,2,0,0
specialize,VERB,2,0,0
School,PROPN,2,0,1
preference,NOUN,2,0,0
khaki,NOUN,2,0,0
love,NOUN,2,0,0
so,CCONJ,2,1,0
wonder,NOUN,2,0,0
keynote,NOUN,2,0,0
seaside,ADJ,2,0,0
chase,VERB,2,0,0
background,NOUN,2,0,0
brigade,NOUN,2,0,0
consequence,NOUN,2,0,0
malignant,ADJ,2,0,0
lorry,VERB,2,0,0
credit,NOUN,2,0,0
praise,VERB,2,0,0
distinction,NOUN,2,0,0
cringe,VERB,2,0,0
tip,NOUN,2,0,0
enormously,ADV,2,0,0
bow,VERB,2,0,0
rub,VERB,2,0,0
indirect,ADJ,2,0,0
per,NOUN,2,1,0
cent,NOUN,2,0,0
prostitution,NOUN,2,0,0
shut,VERB,2,0,0
stock,NOUN,2,0,0
tobacconist,NOUN,2,0,0
Lucky,PROPN,2,0,1
grand,ADJ,2,0,0
profiteer,VERB,2,0,0
benefit,NOUN,2,0,0
Rue,PROPN,2,0,1
amazement,NOUN,2,0,0
ravenous,ADJ,2,0,0
wallow,VERB,2,0,0
luxury,NOUN,2,0,0
comfortable,ADJ,2,0,0
preliminary,ADJ,2,0,0
ensure,VERB,2,0,0
recommendation,NOUN,2,0,0
persuade,VERB,2,0,0
unmistakable,ADJ,2,0,0
continental,ADJ,2,0,0
clash,NOUN,2,0,0
Errata,PROPN,2,0,1
brawl,NOUN,2,0,0
Roldan,PROPN,2,0,1
prominent,ADJ,2,0,0
procession,NOUN,2,0,0
demonstration,NOUN,2,0,0
rioting,NOUN,2,0,0
relieved,ADJ,2,0,0
total,ADJ,2,0,0
casually,ADV,2,0,0
northward,ADV,2,0,0
retreat,VERB,2,0,0
boarding,NOUN,2,0,0
maintain,VERB,2,0,0
operate,VERB,2,0,0
assault,NOUN,2,0,0
reflection,NOUN,2,0,0
Second,PROPN,2,0,1
entrance,NOUN,2,0,0
Upstairs,PROPN,2,0,1
grudgingly,ADV,2,0,0
fly,NOUN,2,0,0
sprinkling,NOUN,2,0,0
estimate,VERB,2,0,0
prowl,VERB,2,0,0
dodge,NOUN,2,0,0
searching,NOUN,2,0,0
roam,VERB,2,0,0
peacefully,ADV,2,0,0
bore,NOUN,2,0,0
cobble,NOUN,2,0,0
energy,NOUN,2,0,0
careful,ADJ,2,0,0
sure,ADV,2,0,0
trooper,NOUN,2,0,0
broad,ADJ,2,0,0
appalling,ADJ,2,0,0
loud,ADJ,2,0,0
unconcerned,ADJ,2,0,0
agitated,ADJ,2,0,0
defensive,NOUN,2,0,0
museum,NOUN,2,0,0
caretaker,NOUN,2,0,0
cinema,NOUN,2,0,0
continuously,ADV,2,0,0
vista,PROPN,2,0,1
fantastic,ADJ,2,0,0
copper,NOUN,2,0,0
deafening,ADJ,2,0,0
solidly,ADV,2,0,0
complicated,ADJ,2,0,0
exchange,NOUN,2,0,0
strangely,ADV,2,0,0
fifteen,ADJ,2,1,0
salute,NOUN,2,0,0
tempting,ADJ,2,0,0
snip,VERB,2,0,0
brim,NOUN,2,0,0
nickname,VERB,2,0,0
neat,ADJ,2,0,0
sympathizer,NOUN,2,0,0
dust,NOUN,2,0,0
shutter,VERB,2,0,0
Obrera,PROPN,2,0,1
implore,VERB,2,0,0
broadcast,VERB,2,0,0
address,NOUN,2,0,0
hat,VERB,2,0,0
warship,NOUN,2,0,0
filter,VERB,2,0,0
outlaw,VERB,2,0,0
interpretation,NOUN,2,0,0
foresaw,VERB,2,0,0
slab,NOUN,2,0,0
alteration,NOUN,2,0,0
strapped,ADJ,2,0,0
jerk,NOUN,2,0,0
earthquake,NOUN,2,0,0
man,VERB,2,0,0
periodically,ADV,2,0,0
crowd,VERB,2,0,0
Thursday,PROPN,2,0,1
Friday,PROPN,2,0,1
broadcast,NOUN,2,0,0
ignorance,NOUN,2,0,0
patrol,VERB,2,0,0
board,VERB,2,0,0
excuse,NOUN,2,0,0
blank,ADJ,2,0,0
sickle,VERB,2,0,0
hideous,ADJ,2,0,0
suspect,ADJ,2,0,0
theirs,NOUN,2,0,0
innocent,ADJ,2,0,0
considerably,ADV,2,0,0
record,NOUN,2,0,0
marry,VERB,2,0,0
mistress,NOUN,2,0,0
bedroom,NOUN,2,0,0
strain,NOUN,2,0,0
shoe,NOUN,2,0,0
indifferent,ADJ,2,0,0
discuss,VERB,2,0,0
result,VERB,2,0,0
controversy,NOUN,2,0,0
tension,NOUN,2,0,0
coincide,VERB,2,0,0
allege,VERB,2,0,0
widespread,ADJ,2,0,0
break,NOUN,2,0,0
premature,ADJ,2,0,0
exaggeration,NOUN,2,0,0
verify,VERB,2,0,0
favourable,ADJ,2,0,0
preconcerte,VERB,2,0,0
spontaneous,ADJ,2,0,0
extremist,ADJ,2,0,0
protect,VERB,2,0,0
Bolshevik,PROPN,2,0,1
hesitate,VERB,2,0,0
responsibility,NOUN,2,0,0
amount,VERB,2,0,0
associate,VERB,2,0,0
Gorkin,PROPN,2,0,1
cautious,ADJ,2,0,0
blow,NOUN,2,0,0
side,VERB,2,0,0
emotion,NOUN,2,0,0
arguable,ADJ,2,0,0
inevitably,ADV,2,0,0
accurately,ADV,2,0,0
cooperation,NOUN,2,0,0
erect,VERB,2,0,0
wholly,ADV,2,0,0
incredible,ADJ,2,0,0
Glasgow,PROPN,2,0,1
originate,VERB,2,0,0
extra,ADJ,2,0,0
subversive,ADJ,2,0,0
prejudice,NOUN,2,0,0
Security,PROPN,2,0,1
Commissar,PROPN,2,0,1
admission,NOUN,2,0,0
Embassy,PROPN,2,0,1
uprising,NOUN,2,0,0
reprint,VERB,2,0,0
credible,ADJ,2,0,0
witness,NOUN,2,0,0
incidentally,ADV,2,0,0
Antonov,PROPN,2,0,1
Ovseenko,PROPN,2,0,1
communicate,VERB,2,0,0
purge,VERB,2,0,0
consciously,ADV,2,0,0
correspondent,NOUN,2,0,0
technically,ADV,2,0,0
admittedly,ADV,2,0,0
elapse,VERB,2,0,0
warning,NOUN,2,0,0
Lord,PROPN,2,0,1
Frente,PROPN,2,0,1
Rojo,PROPN,2,0,1
Bates,PROPN,2,0,1
justify,VERB,2,0,0
revelation,NOUN,2,0,0
Andres,PROPN,2,0,1
Interior,PROPN,2,0,1
Ortega,PROPN,2,0,1
custom,NOUN,2,0,0
hint,VERB,2,0,0
illustration,NOUN,2,0,0
autonomy,NOUN,2,0,0
September,PROPN,2,0,1
wholesale,ADJ,2,0,0
massacre,NOUN,2,0,0
secretary,NOUN,2,0,0
association,NOUN,2,0,0
dread,NOUN,2,0,0
length,NOUN,2,0,0
false,ADJ,2,0,0
trivial,ADJ,2,0,0
damage,NOUN,2,0,0
Blum,PROPN,2,0,1
witch,NOUN,2,0,0
hunt,NOUN,2,0,0
post,ADJ,2,0,0
feudal,ADJ,2,0,0
courage,NOUN,2,0,0
incommunicado,NOUN,2,0,0
detain,VERB,2,0,0
commission,NOUN,2,0,0
wash,NOUN,2,0,0
spoon,NOUN,2,0,0
clothe,VERB,2,0,0
shrivel,VERB,2,0,0
alcohol,NOUN,2,0,0
coolness,NOUN,2,0,0
paralysed,ADJ,2,0,0
damnably,ADV,2,0,0
reassure,VERB,2,0,0
bandage,VERB,2,0,0
morphia,NOUN,2,0,0
bleed,VERB,2,0,0
childhood,NOUN,2,0,0
White,PROPN,2,0,1
vomit,VERB,2,0,0
patient,NOUN,2,0,0
locally,ADV,2,0,0
Monzon,PROPN,2,0,1
casing,NOUN,2,0,0
plaster,NOUN,2,0,0
kindness,NOUN,2,0,0
neglect,VERB,2,0,0
smashed,ADJ,2,0,0
diet,NOUN,2,0,0
cookery,NOUN,2,0,0
bus,NOUN,2,0,0
orderly,ADV,2,0,0
truck,NOUN,2,0,0
grace,NOUN,2,0,0
maim,VERB,2,0,0
plump,ADJ,2,0,0
shallow,ADJ,2,0,0
surgery,NOUN,2,0,0
collar,NOUN,2,0,0
mirror,NOUN,2,0,0
vocal,ADJ,2,0,0
cord,NOUN,2,0,0
cheerfully,ADV,2,0,0
Qué,PROPN,2,0,1
suerte,NOUN,2,0,0
ineradicable,ADJ,2,0,0
timid,ADJ,2,0,0
cellar,NOUN,2,0,0
amuse,VERB,2,0,0
persecution,NOUN,2,0,0
visitor,NOUN,2,0,0
Duchess,PROPN,2,0,1
Atholl,PROPN,2,0,1
traveller,NOUN,2,0,0
amputate,VERB,2,0,0
Stafford,PROPN,2,0,1
Pozas,PROPN,2,0,1
East,PROPN,2,0,1
pillow,NOUN,2,0,0
bench,NOUN,2,0,0
duck,NOUN,2,0,0
Monzón,PROPN,2,0,1
certificate,NOUN,2,0,0
anaesthetic,NOUN,2,0,0
seal,NOUN,2,0,0
fur,NOUN,2,0,0
like,INTJ,2,0,0
tourist,NOUN,2,0,0
dungeon,NOUN,2,0,0
Frenchman,PROPN,2,0,1
Landau,PROPN,2,0,1
untried,ADJ,2,0,0
husband,NOUN,2,0,0
Rovira,PROPN,2,0,1
protest,VERB,2,0,0
forgive,VERB,2,0,0
waste,NOUN,2,0,0
besides,ADV,2,1,0
need,NOUN,2,0,0
patiently,ADV,2,0,0
criminal,NOUN,2,0,0
Consulate,PROPN,2,0,1
shave,NOUN,2,0,0
keeper,NOUN,2,0,0
wink,NOUN,2,0,0
Murray,PROPN,2,0,1
illness,NOUN,2,0,0
eighteenth,ADJ,2,0,0
insufficient,ADJ,2,0,0
suffering,NOUN,2,0,0
blind,ADJ,2,0,0
nark,NOUN,2,0,0
drawer,NOUN,2,0,0
Mein,PROPN,2,0,1
Kampf,PROPN,2,0,1
spire,NOUN,2,0,0
buen,NOUN,2,0,0
chico,PROPN,2,0,1
wobbly,ADJ,2,0,0
respectable,ADJ,2,0,0
Perpignan,PROPN,2,0,1
partisan,NOUN,2,0,0
fishing,NOUN,2,0,0
disaster,NOUN,2,0,0
beware,VERB,2,0,0
meadow,NOUN,2,0,0
elm,NOUN,2,0,0
homage,NOUN,1,0,0
ebook,NOUN,1,0,0
pub,NOUN,1,0,0
e,X,1,0,0
Answer,PROPN,1,0,1
thou,PROPN,1,0,1
unto,ADP,1,0,0
conceit,NOUN,1,0,0
Proverbs,PROPN,1,0,1
XXVI,PROPN,1,0,1
Chapter,PROPN,1,0,1
tough,ADV,1,0,0
reddish,ADJ,1,0,0
peaked,ADJ,1,0,0
profile,NOUN,1,0,0
chin,NOUN,1,0,0
frown,VERB,1,0,0
candour,NOUN,1,0,0
ferocity,NOUN,1,0,0
tail,NOUN,1,0,0
reading,NOUN,1,0,0
intellectual,ADJ,1,0,0
liking,NOUN,1,0,0
Italian,PROPN,1,0,1
italiano,NOUN,1,0,0
Inglés,PROPN,1,0,1
Y,PROPN,1,0,1
tú,PUNCT,1,0,0
Italiano,PROPN,1,0,1
Queer,PROPN,1,0,1
affection,NOUN,1,0,0
bridge,VERB,1,0,0
gulf,NOUN,1,0,0
meeting,NOUN,1,0,0
intimacy,NOUN,1,0,0
fierce,ADJ,1,0,0
typify,VERB,1,0,0
gaunt,NOUN,1,0,0
drape,VERB,1,0,0
sickle,NOUN,1,0,0
image,NOUN,1,0,0
demolish,VERB,1,0,0
servile,ADJ,1,0,0
ceremonial,ADJ,1,0,0
Don,PROPN,1,0,1
Thou,PROPN,1,0,1
Salud,PROPN,1,0,1
Primo,PROPN,1,0,1
Rivera,PROPN,1,0,1
commandeer,VERB,1,0,0
advertisement,NOUN,1,0,0
daub,NOUN,1,0,0
loudspeaker,NOUN,1,0,0
bellow,VERB,1,0,0
variant,NOUN,1,0,0
gaunt,ADJ,1,0,0
untidy,ADJ,1,0,0
repair,NOUN,1,0,0
meat,NOUN,1,0,0
unobtainable,ADJ,1,0,0
petrol,NOUN,1,0,0
content,VERB,1,0,0
hopeful,ADJ,1,0,0
unemployment,NOUN,1,0,0
conspicuously,ADV,1,0,0
destitute,ADJ,1,0,0
gipsy,NOUN,1,0,0
era,NOUN,1,0,0
cog,NOUN,1,0,0
solemnly,ADV,1,0,0
slave,NOUN,1,0,0
literalness,NOUN,1,0,0
hackneyed,ADJ,1,0,0
naive,ADJ,1,0,0
proletarian,ADJ,1,0,0
brotherhood,NOUN,1,0,0
wickedness,NOUN,1,0,0
laboriously,ADV,1,0,0
spell,VERB,1,0,0
hang,NOUN,1,0,0
cobbled,ADJ,1,0,0
manger,NOUN,1,0,0
charger,NOUN,1,0,0
piss,ADJ,1,0,0
oat,NOUN,1,0,0
horsy,NOUN,1,0,0
quavering,NOUN,1,0,0
bugler,NOUN,1,0,0
amateur,NOUN,1,0,0
hobnail,VERB,1,0,0
sunshine,NOUN,1,0,0
gravel,VERB,1,0,0
sabre,NOUN,1,0,0
scabbard,NOUN,1,0,0
wastage,NOUN,1,0,0
basketful,NOUN,1,0,0
trestle,NOUN,1,0,0
greasy,ADJ,1,0,0
pointed,ADJ,1,0,0
spout,NOUN,1,0,0
spurt,NOUN,1,0,0
piecemeal,ADV,1,0,0
multiform,NOUN,1,0,0
uniformity,NOUN,1,0,0
gaiter,NOUN,1,0,0
legging,NOUN,1,0,0
wool,NOUN,1,0,0
wearer,NOUN,1,0,0
adorn,VERB,1,0,0
cotton,NOUN,1,0,0
comically,ADV,1,0,0
seventeen,NUM,1,0,0
ardour,NOUN,1,0,0
Discipline,PROPN,1,0,1
dislike,VERB,1,0,0
faced,ADJ,1,0,0
spick,ADJ,1,0,0
span,NOUN,1,0,0
sincere,ADJ,1,0,0
ardent,ADJ,1,0,0
insist,VERB,1,0,0
pained,ADJ,1,0,0
three,NOUN,1,0,0
guerilla,NOUN,1,0,0
hearten,VERB,1,0,0
alley,ADJ,1,0,0
squad,NOUN,1,0,0
chest,NOUN,1,0,0
procedure,NOUN,1,0,0
strut,VERB,1,0,0
flock,VERB,1,0,0
thirstily,ADV,1,0,0
Hugo,PROPN,1,0,1
Yo,PROPN,1,0,1
sé,VERB,1,0,0
fusil,PROPN,1,0,1
sé,PROPN,1,0,1
ametralladora,PROPN,1,0,1
quiero,NOUN,1,0,0
Quándo,PROPN,1,0,1
vamos,NOUN,1,0,0
harassed,ADJ,1,0,0
promise,NOUN,1,0,0
march,PROPN,1,0,1
companion,NOUN,1,0,0
whip,VERB,1,0,0
overwhelm,VERB,1,0,0
hospitality,NOUN,1,0,0
idealize,VERB,1,0,0
percentage,NOUN,1,0,0
defy,VERB,1,0,0
Aragónese,PROPN,1,0,1
straightforwardness,NOUN,1,0,0
embarrassing,ADJ,1,0,0
largeness,NOUN,1,0,0
unpromising,ADJ,1,0,0
jealous,ADJ,1,0,0
observe,VERB,1,0,0
enthusiastically,ADV,1,0,0
Más,PROPN,1,0,1
valiente,VERB,1,0,0
que,NOUN,1,0,0
nosotro,NOUN,1,0,0
braver,ADV,1,0,0
demur,VERB,1,0,0
expert,NOUN,1,0,0
characteristic,NOUN,1,0,0
exasperation,NOUN,1,0,0
madden,VERB,1,0,0
unpunctuality,NOUN,1,0,0
learning,NOUN,1,0,0
appoint,VERB,1,0,0
whim,NOUN,1,0,0
admire,VERB,1,0,0
northern,ADJ,1,0,0
neurosis,NOUN,1,0,0
unissue,VERB,1,0,0
tumult,NOUN,1,0,0
humiliating,ADJ,1,0,0
gentle,ADJ,1,0,0
eye,VERB,1,0,0
feminine,ADJ,1,0,0
rock,VERB,1,0,0
cradle,NOUN,1,0,0
bravely,ADV,1,0,0
beget,VERB,1,0,0
sweating,NOUN,1,0,0
marshal,VERB,1,0,0
square,PROPN,1,0,1
torchlit,ADJ,1,0,0
flap,VERB,1,0,0
torchlight,NOUN,1,0,0
knapsack,NOUN,1,0,0
bandolier,ADV,1,0,0
clatter,NOUN,1,0,0
successful,ADJ,1,0,0
commissar,NOUN,1,0,0
rolling,ADJ,1,0,0
borrow,VERB,1,0,0
taste,VERB,1,0,0
diarrhoea,VERB,1,0,0
wartime,ADJ,1,0,0
swarm,NOUN,1,0,0
ruinous,ADJ,1,0,0
arena,NOUN,1,0,0
forlorn,ADJ,1,0,0
bullfight,NOUN,1,0,0
matador,NOUN,1,0,0
pockmark,VERB,1,0,0
dense,ADJ,1,0,0
shepherd,VERB,1,0,0
Chaff,PROPN,1,0,1
characteristic,ADJ,1,0,0
peacetime,NOUN,1,0,0
mean,ADJ,1,0,0
huddling,NOUN,1,0,0
skate,VERB,1,0,0
alternate,ADJ,1,0,0
racing,NOUN,1,0,0
wheel,NOUN,1,0,0
tandem,NOUN,1,0,0
drain,NOUN,1,0,0
thinking,NOUN,1,0,0
stubble,ADJ,1,0,0
Guerra,PROPN,1,0,1
inspect,VERB,1,0,0
execute,VERB,1,0,0
wretche,VERB,1,0,0
risk,NOUN,1,0,0
indistinguishable,ADJ,1,0,0
khaki,PROPN,1,0,1
ravenously,ADV,1,0,0
triumphantly,ADV,1,0,0
proof,NOUN,1,0,0
windburnt,VERB,1,0,0
shovel,VERB,1,0,0
nervously,ADV,1,0,0
bloodthirsty,ADJ,1,0,0
stroke,VERB,1,0,0
muzzle,NOUN,1,0,0
witte,VERB,1,0,0
beast,NOUN,1,0,0
maricón,PROPN,1,0,1
nancy,NOUN,1,0,0
raggedly,ADV,1,0,0
mascot,NOUN,1,0,0
brand,VERB,1,0,0
slunk,VERB,1,0,0
commandante,NOUN,1,0,0
brigand,PROPN,1,0,1
prance,VERB,1,0,0
gallop,VERB,1,0,0
summit,NOUN,1,0,0
infertile,NOUN,1,0,0
projectile,NOUN,1,0,0
lain,VERB,1,0,0
awake,ADJ,1,0,0
grisly,ADJ,1,0,0
frosted,ADJ,1,0,0
cohesion,NOUN,1,0,0
utter,VERB,1,0,0
menacing,ADJ,1,0,0
childish,ADJ,1,0,0
cry,NOUN,1,0,0
kitten,NOUN,1,0,0
flattish,ADJ,1,0,0
mountainous,ADJ,1,0,0
crown,NOUN,1,0,0
sicken,VERB,1,0,0
sweetish,NOUN,1,0,0
stink,NOUN,1,0,0
nostril,NOUN,1,0,0
cleft,NOUN,1,0,0
refuse,NOUN,1,0,0
fester,VERB,1,0,0
cake,VERB,1,0,0
Levinski,PROPN,1,0,1
birth,NOUN,1,0,0
Polish,PROPN,1,0,1
Jew,PROPN,1,0,1
native,ADJ,1,0,0
greet,VERB,1,0,0
circular,ADJ,1,0,0
swift,ADJ,1,0,0
dive,NOUN,1,0,0
unoccupied,ADJ,1,0,0
habitable,ADJ,1,0,0
echo,NOUN,1,0,0
stony,PROPN,1,0,1
scalp,NOUN,1,0,0
ribbon,NOUN,1,0,0
hillside,NOUN,1,0,0
bottomless,ADJ,1,0,0
peer,VERB,1,0,0
expansively,ADV,1,0,0
zere,ADV,1,0,0
outline,NOUN,1,0,0
indescribably,ADV,1,0,0
disappointed,ADJ,1,0,0
greyish,ADJ,1,0,0
figurine,NOUN,1,0,0
trigger,NOUN,1,0,0
oman,NOUN,1,0,0
impudently,ADV,1,0,0
sidle,VERB,1,0,0
grin,VERB,1,0,0
pebble,ADJ,1,0,0
disgusted,ADJ,1,0,0
parado,NOUN,1,0,0
hopping,NOUN,1,0,0
little,NOUN,1,0,0
personally,ADV,1,0,0
longish,ADJ,1,0,0
reasonable,ADJ,1,0,0
precaution,NOUN,1,0,0
uneventful,ADJ,1,0,0
clerk,NOUN,1,0,0
go,NOUN,1,1,0
rare,ADJ,1,0,0
marvel,NOUN,1,0,0
futility,NOUN,1,0,0
inconclusiveness,NOUN,1,0,0
savage,ADJ,1,0,0
outpost,NOUN,1,0,0
zigzag,VERB,1,0,0
purple,NOUN,1,0,0
scenery,NOUN,1,0,0
sierra,PROPN,1,0,1
south,NOUN,1,0,0
eastward,NOUN,1,0,0
veined,ADJ,1,0,0
cube,NOUN,1,0,0
dice,NOUN,1,0,0
Robres,PROPN,1,0,1
resemblance,NOUN,1,0,0
photographic,ADJ,1,0,0
negative,NOUN,1,0,0
streaked,ADJ,1,0,0
Pyrenees,PROPN,1,0,1
wrinkle,VERB,1,0,0
elephant,NOUN,1,0,0
magpie,PROPN,1,0,1
covey,NOUN,1,0,0
partridge,NOUN,1,0,0
startle,VERB,1,0,0
whirring,NOUN,1,0,0
eagle,NOUN,1,0,0
drift,VERB,1,0,0
deign,VERB,1,0,0
misty,PROPN,1,0,1
note,VERB,1,0,0
practicable,ADJ,1,0,0
redshank,NOUN,1,0,0
crackling,NOUN,1,0,0
tinkle,VERB,1,0,0
fourth,ADJ,1,0,0
singing,NOUN,1,0,0
relic,NOUN,1,0,0
unsentimentally,ADV,1,0,0
corporal,ADJ,1,0,0
cabo,NOUN,1,0,0
sinecure,NOUN,1,0,0
untrained,ADJ,1,0,0
teen,NOUN,1,0,0
eleven,NUM,1,1,0
twelve,ADJ,1,1,0
employ,VERB,1,0,0
worm,VERB,1,0,0
menace,NOUN,1,0,0
rouse,VERB,1,0,0
foremost,ADV,1,0,0
unenterprising,ADJ,1,0,0
Scouts,PROPN,1,0,1
airgun,NOUN,1,0,0
Girl,PROPN,1,0,1
battledore,NOUN,1,0,0
allegiance,NOUN,1,0,0
unchanged,ADJ,1,0,0
slap,VERB,1,0,0
hierarchy,NOUN,1,0,0
inferior,NOUN,1,0,0
title,NOUN,1,0,0
heel,NOUN,1,0,0
saluting,ADJ,1,0,0
model,NOUN,1,0,0
unreasonable,ADJ,1,0,0
decry,VERB,1,0,0
midway,ADV,1,0,0
bullying,NOUN,1,0,0
tolerate,VERB,1,0,0
punishment,NOUN,1,0,0
invoke,VERB,1,0,0
cynical,ADJ,1,0,0
acting,NOUN,1,0,0
Revolutionary,PROPN,1,0,1
diffuse,VERB,1,0,0
automaton,NOUN,1,0,0
tribute,NOUN,1,0,0
Individual,PROPN,1,0,1
deserting,NOUN,1,0,0
entry,NOUN,1,0,0
shine,VERB,1,0,0
liquid,NOUN,1,0,0
penetrate,VERB,1,0,0
grease,NOUN,1,0,0
lock,NOUN,1,0,0
coated,ADJ,1,0,0
underclad,ADJ,1,0,0
garrison,NOUN,1,0,0
vest,NOUN,1,0,0
pant,NOUN,1,0,0
flannel,NOUN,1,0,0
pull,NOUN,1,0,0
over,NOUN,1,0,0
pigskin,NOUN,1,0,0
muffler,NOUN,1,0,0
glove,NOUN,1,0,0
sensitive,ADJ,1,0,0
Firewood,PROPN,1,0,1
vegetation,NOUN,1,0,0
pounce,VERB,1,0,0
twig,NOUN,1,0,0
eagerness,NOUN,1,0,0
botanist,NOUN,1,0,0
classify,VERB,1,0,0
burning,NOUN,1,0,0
plant,NOUN,1,0,0
whin,ADJ,1,0,0
gooseberry,NOUN,1,0,0
bush,PROPN,1,0,1
unburnable,ADJ,1,0,0
sometime,ADV,1,1,0
crackle,VERB,1,0,0
whereupon,NOUN,1,1,0
quart,NOUN,1,0,0
washing,NOUN,1,0,0
stank,NOUN,1,0,0
habitually,ADV,1,0,0
defecate,VERB,1,0,0
Dirt,PROPN,1,0,1
hardship,NOUN,1,0,0
abound,VERB,1,0,0
Christmas,PROPN,1,0,1
cake,NOUN,1,0,0
popularly,ADV,1,0,0
bum,VERB,1,0,0
lack,VERB,1,0,0
treading,NOUN,1,0,0
wick,NOUN,1,0,0
lighter,NOUN,1,0,0
advantage,NOUN,1,0,0
smoulder,VERB,1,0,0
chafe,VERB,1,0,0
periodical,ADJ,1,0,0
inspection,NOUN,1,0,0
frank,ADJ,1,0,0
opera,NOUN,1,0,0
infantry,NOUN,1,0,0
position,VERB,1,0,0
nuts,ADJ,1,0,0
suicide,NOUN,1,0,0
badness,NOUN,1,0,0
astonishing,ADJ,1,0,0
recording,NOUN,1,0,0
oldish,ADJ,1,0,0
speedometer,NOUN,1,0,0
mousqueton,PROPN,1,0,1
nuisance,ADJ,1,0,0
reassembled,ADJ,1,0,0
winchester,NOUN,1,0,0
exceedingly,ADV,1,0,0
refill,NOUN,1,0,0
jamming,NOUN,1,0,0
bomb,PROPN,1,0,1
lever,NOUN,1,0,0
impartial,ADJ,1,0,0
thrower,NOUN,1,0,0
chart,NOUN,1,0,0
survey,VERB,1,0,0
detailed,ADJ,1,0,0
finder,NOUN,1,0,0
periscope,NOUN,1,0,0
privately,ADV,1,0,0
flare,NOUN,1,0,0
armourer,NOUN,1,0,0
tool,NOUN,1,0,0
through,NOUN,1,1,0
scratch,VERB,1,0,0
vaseline,NOUN,1,0,0
cream,NOUN,1,0,0
bacon,NOUN,1,0,0
lantern,NOUN,1,0,0
desultory,PROPN,1,0,1
scepticism,NOUN,1,0,0
cock,NOUN,1,0,0
pneumonia,NOUN,1,0,0
nasty,ADJ,1,0,0
dusk,NOUN,1,0,0
goodness,NOUN,1,0,0
startled,ADJ,1,0,0
directly,ADV,1,0,0
jokingly,ADV,1,0,0
focus,VERB,1,0,0
unintentional,ADJ,1,0,0
lung,NOUN,1,0,0
elevating,ADJ,1,0,0
Cultura,PROPN,1,0,1
progreso,NOUN,1,0,0
Seremos,PROPN,1,0,1
invencible,NOUN,1,0,0
highfalutin,ADJ,1,0,0
heroica,PROPN,1,0,1
moonfaced,ADJ,1,0,0
Domenech,PROPN,1,0,1
Heroica,PROPN,1,0,1
hroica,PROPN,1,0,1
valiente,NOUN,1,0,0
challenge,VERB,1,0,0
Alto,PROPN,1,0,1
Valiente,PROPN,1,0,1
humanly,ADV,1,0,0
razor,NOUN,1,0,0
horizontally,ADV,1,0,0
prodigious,ADJ,1,0,0
low,ADV,1,0,0
fascination,NOUN,1,0,0
militiawoman,NOUN,1,0,0
bound,NOUN,1,0,0
porthole,NOUN,1,0,0
riff,NOUN,1,0,0
raff,NOUN,1,0,0
grandson,NOUN,1,0,0
famous,ADJ,1,0,0
whore,NOUN,1,0,0
dealing,NOUN,1,0,0
compositor,NOUN,1,0,0
random,ADJ,1,0,0
hill,VERB,1,0,0
tempt,VERB,1,0,0
moor,NOUN,1,0,0
locality,NOUN,1,0,0
tract,NOUN,1,0,0
lower,ADV,1,0,0
thickly,ADV,1,0,0
woode,VERB,1,0,0
scoutish,ADJ,1,0,0
volley,PROPN,1,0,1
locate,VERB,1,0,0
sunny,ADJ,1,0,0
beak,NOUN,1,0,0
crocus,NOUN,1,0,0
iris,NOUN,1,0,0
rake,VERB,1,0,0
ember,NOUN,1,0,0
godless,ADJ,1,0,0
spectacular,ADJ,1,0,0
streak,NOUN,1,0,0
sword,NOUN,1,0,0
slit,VERB,1,0,0
carmine,ADJ,1,0,0
cloud,PROPN,1,0,1
sullenly,ADV,1,0,0
ache,VERB,1,0,0
eternal,ADJ,1,0,0
haricot,PROPN,1,0,1
persecute,VERB,1,0,0
condensed,ADJ,1,0,0
smoky,ADJ,1,0,0
reasonably,ADV,1,0,0
hail,VERB,1,0,0
hireling,NOUN,1,0,0
relay,NOUN,1,0,0
will,NOUN,1,1,0
deserting,ADJ,1,0,0
proceeding,NOUN,1,0,0
amazed,ADJ,1,0,0
scandalize,VERB,1,0,0
legitimate,ADJ,1,0,0
immobilize,VERB,1,0,0
theirs,PRON,1,0,0
sufficiently,ADV,1,0,0
artist,NOUN,1,0,0
apt,ADJ,1,0,0
imaginative,ADJ,1,0,0
slice,NOUN,1,0,0
watering,NOUN,1,0,0
open,NOUN,1,0,0
circle,VERB,1,0,0
tumble,VERB,1,0,0
Heraldo,PROPN,1,0,1
abortive,ADJ,1,0,0
kip,PROPN,1,0,1
zip,NOUN,1,0,0
disdain,VERB,1,0,0
Petty,PROPN,1,0,1
nip,VERB,1,0,0
unpleasant,ADJ,1,0,0
sensitiveness,NOUN,1,0,0
celebrate,VERB,1,0,0
disbelieving,ADJ,1,0,0
convincing,ADJ,1,0,0
leak,VERB,1,0,0
pursued,ADJ,1,0,0
gun,VERB,1,0,0
chill,NOUN,1,0,0
hitherto,PROPN,1,0,1
plain,NOUN,1,0,0
clip,VERB,1,0,0
bud,VERB,1,0,0
doll,NOUN,1,0,0
gaily,ADV,1,0,0
zealous,ADJ,1,0,0
advanced,ADJ,1,0,0
ticklish,ADJ,1,0,0
nonexistent,ADJ,1,0,0
interest,VERB,1,0,0
precisely,ADV,1,0,0
grasp,NOUN,1,0,0
Blimps,PROPN,1,0,1
kaleidoscope,NOUN,1,0,0
plague,NOUN,1,0,0
idiotic,VERB,1,0,0
disseminate,VERB,1,0,0
indefinitely,ADV,1,0,0
pawn,NOUN,1,0,0
jump,NOUN,1,0,0
thrill,NOUN,1,0,0
Japanese,PROPN,1,0,1
Manchuria,PROPN,1,0,1
bomb,VERB,1,0,0
Abyssinians,PROPN,1,0,1
nation,NOUN,1,0,0
pious,ADJ,1,0,0
mildly,ADV,1,0,0
expectation,NOUN,1,0,0
turning,NOUN,1,0,0
mutiny,NOUN,1,0,0
aristocracy,NOUN,1,0,0
feudalism,NOUN,1,0,0
accompany,VERB,1,0,0
Land,PROPN,1,0,1
Catholic,PROPN,1,0,1
clergy,NOUN,1,0,0
horde,NOUN,1,0,0
fiendish,ADJ,1,0,0
organized,ADJ,1,0,0
reply,VERB,1,0,0
demanding,NOUN,1,0,0
arsenal,NOUN,1,0,0
spontaneously,ADV,1,0,0
independently,ADV,1,0,0
forestall,VERB,1,0,0
foresee,VERB,1,0,0
hesitant,ADJ,1,0,0
premier,NOUN,1,0,0
arming,NOUN,1,0,0
clamour,NOUN,1,0,0
defeat,VERB,1,0,0
dynamite,NOUN,1,0,0
setting,NOUN,1,0,0
Soviets,PROPN,1,0,1
backbone,NOUN,1,0,0
preservation,NOUN,1,0,0
swindle,VERB,1,0,0
Quiroga,PROPN,1,0,1
Barrios,PROPN,1,0,1
Giral,PROPN,1,0,1
refrain,VERB,1,0,0
compute,VERB,1,0,0
Syndicalists,PROPN,1,0,1
uniform,ADJ,1,0,0
institution,NOUN,1,0,0
commune,NOUN,1,0,0
forcibly,ADV,1,0,0
syndicalist,NOUN,1,0,0
obscure,VERB,1,0,0
fascism,NOUN,1,0,0
deceive,VERB,1,0,0
Bolsheviks,PROPN,1,0,1
drip,VERB,1,0,0
gentlemanly,ADJ,1,0,0
republicans,PROPN,1,0,1
quell,VERB,1,0,0
atrocity,NOUN,1,0,0
propagandist,NOUN,1,0,0
weight,NOUN,1,0,0
invest,VERB,1,0,0
Traction,PROPN,1,0,1
Company,PROPN,1,0,1
compensation,NOUN,1,0,0
investment,NOUN,1,0,0
crush,VERB,1,0,0
simplify,VERB,1,0,0
extreme,NOUN,1,0,0
committed,ADJ,1,0,0
downright,ADV,1,0,0
Juan,PROPN,1,0,1
Lopez,PROPN,1,0,1
shed,VERB,1,0,0
democratic,PROPN,1,0,1
Constitution,PROPN,1,0,1
downright,NOUN,1,0,0
bid,VERB,1,0,0
descend,VERB,1,0,0
pillage,VERB,1,0,0
undamaged,ADJ,1,0,0
protestant,ADJ,1,0,0
hammer,VERB,1,0,0
transitional,ADJ,1,0,0
revert,VERB,1,0,0
reintroduce,VERB,1,0,0
autonomous,ADJ,1,0,0
syndicalist,ADJ,1,0,0
supersede,VERB,1,0,0
reconstitute,VERB,1,0,0
subsequent,ADJ,1,0,0
reshuffling,NOUN,1,0,0
expel,VERB,1,0,0
Comité,PROPN,1,0,1
Milicias,PROPN,1,0,1
Antifascistas,PROPN,1,0,1
catalan,ADJ,1,0,0
November,PROPN,1,0,1
rescue,NOUN,1,0,0
dictate,VERB,1,0,0
substance,NOUN,1,0,0
Prevent,PROPN,1,0,1
expulsion,NOUN,1,0,0
exert,VERB,1,0,0
chief,NOUN,1,0,0
mover,ADV,1,0,0
gratitude,NOUN,1,0,0
Brigades,PROPN,1,0,1
immensely,ADV,1,0,0
ally,VERB,1,0,0
scar,VERB,1,0,0
growth,NOUN,1,0,0
triangular,ADJ,1,0,0
simultaneous,ADJ,1,0,0
prick,NOUN,1,0,0
cleverly,ADV,1,0,0
counter,ADJ,1,0,0
heel,VERB,1,0,0
abolish,VERB,1,0,0
privileged,ADJ,1,0,0
caste,NOUN,1,0,0
guarantee,NOUN,1,0,0
winning,NOUN,1,0,0
breaking,NOUN,1,0,0
thorough,ADJ,1,0,0
reorganize,VERB,1,0,0
inveigh,VERB,1,0,0
bourgeoisification,NOUN,1,0,0
destruction,NOUN,1,0,0
equalitarian,PROPN,1,0,1
swiftly,ADV,1,0,0
autumn,NOUN,1,0,0
respect,VERB,1,0,0
property,NOUN,1,0,0
machinegun,NOUN,1,0,0
partner,NOUN,1,0,0
unexpected,ADJ,1,0,0
misunderstanding,NOUN,1,0,0
Official,PROPN,1,0,1
comintern,ADJ,1,0,0
subordinate,VERB,1,0,0
excusably,ADV,1,0,0
imperialist,NOUN,1,0,0
tricolour,NOUN,1,0,0
Marseillaise,PROPN,1,0,1
effective,ADJ,1,0,0
agitation,NOUN,1,0,0
Thorez,PROPN,1,0,1
bamboozle,VERB,1,0,0
loudest,ADV,1,0,0
clue,NOUN,1,0,0
potential,NOUN,1,0,0
rearmament,NOUN,1,0,0
Britain,PROPN,1,0,1
imperialist,ADJ,1,0,0
premonitory,NOUN,1,0,0
influence,VERB,1,0,0
strongly,ADV,1,0,0
object,VERB,1,0,0
neighbour,NOUN,1,0,0
liberation,NOUN,1,0,0
finance,VERB,1,0,0
Moscow,PROPN,1,0,1
Chamber,PROPN,1,0,1
Deputies,PROPN,1,0,1
interplay,NOUN,1,0,0
Franz,PROPN,1,0,1
Borkenau,PROPN,1,0,1
Cockpit,PROPN,1,0,1
sketch,VERB,1,0,0
enlighten,VERB,1,0,0
bore,VERB,1,0,0
react,VERB,1,0,0
draughty,ADJ,1,0,0
evil,ADV,1,0,0
billet,VERB,1,0,0
blackness,NOUN,1,0,0
imbecile,NOUN,1,0,0
triumph,VERB,1,0,0
ascendant,NOUN,1,0,0
Socialista,PROPN,1,0,1
Unificado,PROPN,1,0,1
fusion,NOUN,1,0,0
affiliate,VERB,1,0,0
Third,PROPN,1,1,1
unification,NOUN,1,0,0
identical,ADJ,1,0,0
Union,PROPN,1,0,1
Trabajadores,PROPN,1,0,1
manual,ADJ,1,0,0
overlap,VERB,1,0,0
alienate,VERB,1,0,0
Collectivization,PROPN,1,0,1
away,ADP,1,0,0
unified,ADJ,1,0,0
parrot,VERB,1,0,0
obstructive,ADJ,1,0,0
counterrevolutionary,ADJ,1,0,0
whoever,PRON,1,1,0
differed,ADJ,1,0,0
Obrero,PROPN,1,0,1
Unificación,PROPN,1,0,1
Marxista,PROPN,1,0,1
dissident,ADJ,1,0,0
opposition,NOUN,1,0,0
numerically,ADV,1,0,0
overestimate,VERB,1,0,0
Bourgeois,PROPN,1,0,1
goal,NOUN,1,0,0
yield,VERB,1,0,0
cheat,VERB,1,0,0
bourgeoisify,VERB,1,0,0
multitude,NOUN,1,0,0
varying,ADJ,1,0,0
Confederacion,PROPN,1,0,1
Nacional,PROPN,1,0,1
trabajadore,NOUN,1,0,0
Federacion,PROPN,1,0,1
Anarquista,PROPN,1,0,1
Iberica,PROPN,1,0,1
ting,VERB,1,0,0
philosophy,NOUN,1,0,0
administration,NOUN,1,0,0
fundamentally,ADV,1,0,0
dogmatic,ADJ,1,0,0
textile,NOUN,1,0,0
authoritarianism,NOUN,1,0,0
uncompromise,VERB,1,0,0
genuine,ADJ,1,0,0
philosophically,ADV,1,0,0
centralism,NOUN,1,0,0
rooted,ADJ,1,0,0
outlive,VERB,1,0,0
indiscipline,NOUN,1,0,0
notoriously,ADV,1,0,0
onwards,ADP,1,0,0
lump,VERB,1,0,0
combine,VERB,1,0,0
ancient,ADJ,1,0,0
jealousy,NOUN,1,0,0
Marxists,PROPN,1,0,1
sceptical,ADJ,1,0,0
preferable,ADJ,1,0,0
tend,VERB,1,0,0
practical,ADJ,1,0,0
unspeakably,ADV,1,0,0
purism,NOUN,1,0,0
logic,NOUN,1,0,0
Adelante,PROPN,1,0,1
carping,NOUN,1,0,0
priggish,ADJ,1,0,0
study,VERB,1,0,0
closely,ADV,1,0,0
blameless,ADJ,1,0,0
fin,VERB,1,0,0
damaging,ADJ,1,0,0
sermon,NOUN,1,0,0
quote,INTJ,1,0,0
ad,NOUN,1,0,0
nauseam,NOUN,1,0,0
indulge,VERB,1,0,0
design,VERB,1,0,0
abstractedly,ADV,1,0,0
sang,NOUN,1,0,0
indication,NOUN,1,0,0
contend,VERB,1,0,0
weaken,VERB,1,0,0
endanger,VERB,1,0,0
loudly,ADV,1,0,0
design,NOUN,1,0,0
pseudo,ADJ,1,0,0
quotation,NOUN,1,0,0
coward,NOUN,1,0,0
pleasant,NOUN,1,0,0
disguise,NOUN,1,0,0
screaming,NOUN,1,0,0
Brigade,PROPN,1,0,1
vilify,VERB,1,0,0
thumping,NOUN,1,0,0
heroic,NOUN,1,0,0
vilification,NOUN,1,0,0
dreary,ADJ,1,0,0
spurious,ADJ,1,0,0
dishonest,ADJ,1,0,0
earnestly,ADV,1,0,0
imperialistic,ADJ,1,0,0
guess,VERB,1,0,0
REDS,PROPN,1,0,1
CRUCIFY,PROPN,1,0,1
NUNS,PROPN,1,0,1
Foreign,PROPN,1,0,1
Legion,PROPN,1,0,1
slaver,NOUN,1,0,0
dope,NOUN,1,0,0
fiend,NOUN,1,0,0
offal,NOUN,1,0,0
european,ADJ,1,0,0
unhandy,ADJ,1,0,0
Bryant,PROPN,1,0,1
sawing,NOUN,1,0,0
off,NOUN,1,1,0
Conservative,PROPN,1,0,1
tradesman,NOUN,1,0,0
commonplace,NOUN,1,0,0
substitute,NOUN,1,0,0
unprecedented,ADJ,1,0,0
jingo,NOUN,1,0,0
respect,NOUN,1,0,0
honesty,NOUN,1,0,0
journalistic,ADJ,1,0,0
invective,NOUN,1,0,0
annoying,ADJ,1,0,0
disgusting,NOUN,1,0,0
domestic,ADJ,1,0,0
outwardly,ADV,1,0,0
thou,NOUN,1,0,0
menial,ADJ,1,0,0
righter,NOUN,1,0,0
devoutly,ADV,1,0,0
honestly,ADV,1,0,0
postpone,VERB,1,0,0
advantageous,ADJ,1,0,0
heroically,ADV,1,0,0
direct,VERB,1,0,0
incapable,ADJ,1,0,0
outright,ADV,1,0,0
criticism,NOUN,1,0,0
print,NOUN,1,0,0
production,NOUN,1,0,0
inherent,ADJ,1,0,0
withhold,VERB,1,0,0
appeal,NOUN,1,0,0
detachment,NOUN,1,0,0
apathetic,ADJ,1,0,0
subscribe,VERB,1,0,0
fund,NOUN,1,0,0
boycott,NOUN,1,0,0
militant,ADJ,1,0,0
polite,ADJ,1,0,0
suppress,NOUN,1,0,0
infamous,ADJ,1,0,0
palpable,ADJ,1,0,0
foment,VERB,1,0,0
construction,NOUN,1,0,0
liberate,VERB,1,0,0
vain,ADJ,1,0,0
placate,VERB,1,0,0
handicapped,ADJ,1,0,0
mechanical,ADJ,1,0,0
limitless,ADJ,1,0,0
donor,NOUN,1,0,0
geographically,ADV,1,0,0
visionary,NOUN,1,0,0
straightforward,ADJ,1,0,0
military,NOUN,1,0,0
knowing,NOUN,1,0,0
above,ADJ,1,1,0
recruiting,NOUN,1,0,0
accusingly,ADV,1,0,0
extinct,ADJ,1,0,0
formerly,ADV,1,1,0
dissuade,VERB,1,0,0
interfere,VERB,1,0,0
heresy,NOUN,1,0,0
nightly,ADV,1,0,0
till,ADV,1,0,0
noticeably,ADV,1,0,0
warmer,ADJ,1,0,0
nagging,ADJ,1,0,0
crimson,NOUN,1,0,0
bud,NOUN,1,0,0
violet,NOUN,1,0,0
hyacinth,NOUN,1,0,0
speciman,NOUN,1,0,0
bluebell,NOUN,1,0,0
curve,VERB,1,0,0
stray,NOUN,1,0,0
extraordinarily,ADV,1,0,0
mild,ADJ,1,0,0
diversion,NOUN,1,0,0
wretchedly,ADV,1,0,0
romantic,ADJ,1,0,0
calibre,NOUN,1,0,0
recondition,VERB,1,0,0
nickname,NOUN,1,0,0
horn,NOUN,1,0,0
listener,NOUN,1,0,0
bell,NOUN,1,0,0
wall,VERB,1,0,0
plug,VERB,1,0,0
hatchet,NOUN,1,0,0
fertile,ADJ,1,0,0
crop,NOUN,1,0,0
unprune,VERB,1,0,0
snake,VERB,1,0,0
cobs,NOUN,1,0,0
standing,NOUN,1,0,0
maize,NOUN,1,0,0
mangel,NOUN,1,0,0
hyper,ADJ,1,0,0
trophie,VERB,1,0,0
woody,NOUN,1,0,0
spud,NOUN,1,0,0
gathering,NOUN,1,0,0
en,X,1,0,0
masse,NOUN,1,0,0
fatiguing,NOUN,1,0,0
spot,VERB,1,0,0
squirm,VERB,1,0,0
clod,NOUN,1,0,0
sackful,ADJ,1,0,0
swap,VERB,1,0,0
bottleful,NOUN,1,0,0
forthcoming,ADJ,1,0,0
disuse,VERB,1,0,0
Batallon,PROPN,1,0,1
Cheque,PROPN,1,0,1
neighbouring,NOUN,1,0,0
employing,NOUN,1,0,0
fright,ADJ,1,0,0
mow,VERB,1,0,0
abominable,ADJ,1,0,0
sheer,ADJ,1,0,0
beastliness,NOUN,1,0,0
encounter,VERB,1,0,0
resident,ADJ,1,0,0
lobster,NOUN,1,0,0
known,ADJ,1,0,0
seam,NOUN,1,0,0
breed,VERB,1,0,0
pacifist,NOUN,1,0,0
helpful,ADJ,1,0,0
illustrate,VERB,1,0,0
enlarged,ADJ,1,0,0
glory,NOUN,1,0,0
enough,NOUN,1,1,0
Verdun,PROPN,1,0,1
Waterloo,PROPN,1,0,1
Flodden,PROPN,1,0,1
Senlac,PROPN,1,0,1
Thermopylae,PROPN,1,0,1
sole,VERB,1,0,0
sandal,NOUN,1,0,0
procurable,ADJ,1,0,0
godsend,NOUN,1,0,0
parcel,NOUN,1,0,0
Post,PROPN,1,0,1
firm,NOUN,1,0,0
biscuit,NOUN,1,0,0
Stores,PROPN,1,0,1
nobly,ADV,1,0,0
fag,NOUN,1,0,0
poisoned,ADJ,1,0,0
lanced,ADJ,1,0,0
injury,NOUN,1,0,0
assistant,NOUN,1,0,0
stole,VERB,1,0,0
torpedo,VERB,1,0,0
submarine,NOUN,1,0,0
ashore,ADV,1,0,0
pinch,VERB,1,0,0
wrist,NOUN,1,0,0
blissful,ADJ,1,0,0
Lorenzo,PROPN,1,0,1
lord,VERB,1,0,0
countryside,NOUN,1,0,0
mill,NOUN,1,0,0
shameful,ADJ,1,0,0
costly,ADJ,1,0,0
rust,VERB,1,0,0
chute,NOUN,1,0,0
floorboard,NOUN,1,0,0
convent,NOUN,1,0,0
out,ADJ,1,1,0
acre,NOUN,1,0,0
stable,VERB,1,0,0
architecturally,ADV,1,0,0
lime,NOUN,1,0,0
arch,NOUN,1,0,0
noble,ADJ,1,0,0
sneaking,NOUN,1,0,0
owner,NOUN,1,0,0
shamble,NOUN,1,0,0
adjoin,VERB,1,0,0
perforate,VERB,1,0,0
deep,ADV,1,0,0
ladle,VERB,1,0,0
bloated,ADJ,1,0,0
waddle,VERB,1,0,0
muck,NOUN,1,0,0
impudent,NOUN,1,0,0
Spring,PROPN,1,0,1
balmy,ADJ,1,0,0
mat,VERB,1,0,0
noisily,ADV,1,0,0
exquisite,ADJ,1,0,0
penny,NOUN,1,0,0
roast,VERB,1,0,0
ploughing,NOUN,1,0,0
agrarian,ADJ,1,0,0
wrap,VERB,1,0,0
cultivate,VERB,1,0,0
friendliness,NOUN,1,0,0
poultry,NOUN,1,0,0
straightforward,NOUN,1,0,0
demeanour,NOUN,1,0,0
corduroy,NOUN,1,0,0
broad,ADV,1,0,0
plough,VERB,1,0,0
team,NOUN,1,0,0
rhythmically,PROPN,1,0,1
flopping,NOUN,1,0,0
furrow,NOUN,1,0,0
implement,NOUN,1,0,0
pitifully,ADV,1,0,0
Rakes,PROPN,1,0,1
pitchfork,NOUN,1,0,0
digging,NOUN,1,0,0
hoe,NOUN,1,0,0
India,PROPN,1,0,1
Stone,PROPN,1,0,1
Age,PROPN,1,0,1
kitchen,NOUN,1,0,0
mortice,VERB,1,0,0
making,NOUN,1,0,0
kindly,ADV,1,0,0
industrialism,NOUN,1,0,0
tractor,NOUN,1,0,0
walled,ADJ,1,0,0
overgrow,VERB,1,0,0
gravestone,NOUN,1,0,0
Soul,PROPN,1,0,1
so,NOUN,1,1,0
catholic,ADJ,1,0,0
graf,NOUN,1,0,0
secular,ADJ,1,0,0
ludicrous,ADJ,1,0,0
poem,NOUN,1,0,0
virtue,NOUN,1,0,0
deceased,ADJ,1,0,0
grave,NOUN,1,0,0
cross,NOUN,1,0,0
Heaven,PROPN,1,0,1
industrious,ADJ,1,0,0
atheist,NOUN,1,0,0
chisel,NOUN,1,0,0
genuinely,ADV,1,0,0
orthodox,ADJ,1,0,0
cross,ADJ,1,0,0
saying,NOUN,1,0,0
Jesuits,PROPN,1,0,1
moribund,ADJ,1,0,0
Christian,PROPN,1,0,1
spread,NOUN,1,0,0
listening,NOUN,1,0,0
marsh,NOUN,1,0,0
reedy,NOUN,1,0,0
subside,VERB,1,0,0
reedy,PROPN,1,0,1
numb,VERB,1,0,0
star,NOUN,1,0,0
immovable,VERB,1,0,0
harsh,ADJ,1,0,0
croaking,NOUN,1,0,0
chorus,NOUN,1,0,0
assign,VERB,1,0,0
orderly,NOUN,1,0,0
laced,ADJ,1,0,0
tower,VERB,1,0,0
gap,VERB,1,0,0
swirl,NOUN,1,0,0
frantically,ADV,1,0,0
deepen,VERB,1,0,0
Missing,PROPN,1,0,1
Moneylender,PROPN,1,0,1
dampish,ADJ,1,0,0
shifting,NOUN,1,0,0
Thomas,PROPN,1,0,1
Parker,PROPN,1,0,1
thigh,NOUN,1,0,0
negligence,NOUN,1,0,0
awkward,ADJ,1,0,0
gasp,VERB,1,0,0
justifiably,ADV,1,0,0
scruple,VERB,1,0,0
layer,NOUN,1,0,0
cow,NOUN,1,0,0
punch,NOUN,1,0,0
peep,VERB,1,0,0
white,NOUN,1,0,0
wireless,ADJ,1,0,0
receiving,NOUN,1,0,0
western,ADJ,1,0,0
horizon,NOUN,1,0,0
rosy,VERB,1,0,0
tuft,NOUN,1,0,0
rend,VERB,1,0,0
rolling,NOUN,1,0,0
roll,NOUN,1,0,0
encircle,VERB,1,0,0
sleepily,ADV,1,0,0
fitfully,ADV,1,0,0
bracket,VERB,1,0,0
BOOM,PROPN,1,0,1
Burst,PROPN,1,0,1
rafter,NOUN,1,0,0
upwards,ADV,1,0,0
uralite,ADJ,1,0,0
skim,VERB,1,0,0
nicked,ADJ,1,0,0
playing,NOUN,1,0,0
giant,NOUN,1,0,0
unseen,ADJ,1,0,0
audible,ADJ,1,0,0
personality,NOUN,1,0,0
evoke,VERB,1,0,0
golf,NOUN,1,0,0
ball,NOUN,1,0,0
trajectory,NOUN,1,0,0
velocity,NOUN,1,0,0
muffled,ADJ,1,0,0
baying,NOUN,1,0,0
chain,VERB,1,0,0
Mount,PROPN,1,0,1
medieval,ADJ,1,0,0
nineteenth,ADJ,1,0,0
bicycle,NOUN,1,0,0
whistling,NOUN,1,0,0
wing,VERB,1,0,0
dart,NOUN,1,0,0
quart,ADJ,1,0,0
metallic,ADJ,1,0,0
globe,NOUN,1,0,0
brittle,ADJ,1,0,0
shatter,VERB,1,0,0
anvil,NOUN,1,0,0
tremble,NOUN,1,0,0
aircraft,ADJ,1,0,0
cloudlet,NOUN,1,0,0
swoop,NOUN,1,0,0
fluttering,NOUN,1,0,0
duel,NOUN,1,0,0
asphalt,NOUN,1,0,0
steadily,ADV,1,0,0
embrasure,NOUN,1,0,0
concrete,NOUN,1,0,0
bedstead,NOUN,1,0,0
tonight,NOUN,1,0,0
oil,VERB,1,0,0
dirty,VERB,1,0,0
handy,ADJ,1,0,0
pelt,VERB,1,0,0
sheet,VERB,1,0,0
l,NOUN,1,0,0
Roca,PROPN,1,0,1
messenger,NOUN,1,0,0
plaintive,ADJ,1,0,0
drop,NOUN,1,0,0
pick,NOUN,1,0,0
plank,NOUN,1,0,0
steam,VERB,1,0,0
pack,NOUN,1,0,0
endemic,ADJ,1,0,0
flew,NOUN,1,0,0
coat,VERB,1,0,0
wad,VERB,1,0,0
gurgle,NOUN,1,0,0
slimy,VERB,1,0,0
ooze,VERB,1,0,0
bent,VERB,1,0,0
slow,ADJ,1,0,0
humped,ADJ,1,0,0
mushroom,NOUN,1,0,0
experiment,NOUN,1,0,0
spray,VERB,1,0,0
stuck,ADJ,1,0,0
slop,PROPN,1,0,1
depth,NOUN,1,0,0
longing,NOUN,1,0,0
stalk,VERB,1,0,0
agonized,ADJ,1,0,0
dreamlike,ADJ,1,0,0
ant,ADJ,1,0,0
variation,NOUN,1,0,0
smooth,ADJ,1,0,0
rustling,NOUN,1,0,0
parallel,ADJ,1,0,0
blacker,PROPN,1,0,1
faintly,ADV,1,0,0
trail,VERB,1,0,0
delicately,ADV,1,0,0
stealthy,ADJ,1,0,0
mousehole,NOUN,1,0,0
unheard,ADJ,1,0,0
breathing,NOUN,1,0,0
mound,NOUN,1,0,0
high,ADV,1,0,0
deploy,VERB,1,0,0
poise,VERB,1,0,0
lurid,ADJ,1,0,0
savagely,ADV,1,0,0
hurl,VERB,1,0,0
blast,NOUN,1,0,0
loop,NOUN,1,0,0
clap,VERB,1,0,0
ah,INTJ,1,0,0
slacken,VERB,1,0,0
lumber,VERB,1,0,0
mud,VERB,1,0,0
waiting,NOUN,1,0,0
foothold,NOUN,1,0,0
uralite,NOUN,1,0,0
lurk,VERB,1,0,0
shadowy,ADJ,1,0,0
ineffectually,ADV,1,0,0
comer,NOUN,1,0,0
bareheade,VERB,1,0,0
leapt,VERB,1,0,0
backwards,ADV,1,0,0
boxing,NOUN,1,0,0
instructor,NOUN,1,0,0
bayonet,VERB,1,0,0
Turk,PROPN,1,0,1
Dardanelles,PROPN,1,0,1
lunge,NOUN,1,0,0
lessen,VERB,1,0,0
oracular,ADJ,1,0,0
scrabble,VERB,1,0,0
tug,VERB,1,0,0
unusable,ADJ,1,0,0
desultory,NOUN,1,0,0
Patrick,PROPN,1,0,1
Belfast,PROPN,1,0,1
Irishman,PROPN,1,0,1
indignant,ADJ,1,0,0
bitter,ADJ,1,0,0
unscrewed,ADJ,1,0,0
cowardly,ADJ,1,0,0
slaughter,VERB,1,0,0
inferior,ADJ,1,0,0
absent,ADJ,1,0,0
unpaid,ADJ,1,0,0
soggy,ADJ,1,0,0
cylindrical,ADJ,1,0,0
diameter,NOUN,1,0,0
magnification,NOUN,1,0,0
folding,ADJ,1,0,0
louder,ADV,1,0,0
counterattack,VERB,1,0,0
horseshoe,ADV,1,0,0
deafen,VERB,1,0,0
dangle,VERB,1,0,0
unprotected,ADJ,1,0,0
wrench,VERB,1,0,0
prise,VERB,1,0,0
sack,VERB,1,0,0
damp,ADJ,1,0,0
cascade,VERB,1,0,0
encumber,VERB,1,0,0
reinforcement,NOUN,1,0,0
gesticulation,NOUN,1,0,0
squib,NOUN,1,0,0
breastwork,NOUN,1,0,0
fright,NOUN,1,0,0
bunch,VERB,1,0,0
fizzle,VERB,1,0,0
sail,VERB,1,0,0
spare,VERB,1,0,0
stroke,NOUN,1,0,0
outcry,NOUN,1,0,0
groan,NOUN,1,0,0
sorrow,NOUN,1,0,0
Donovan,PROPN,1,0,1
retire,VERB,1,0,0
Atrás,PROPN,1,0,1
atrás,NOUN,1,0,0
bugger,VERB,1,0,0
by,ADV,1,1,0
east,PROPN,1,0,1
east,ADJ,1,0,0
whitish,ADJ,1,0,0
weed,NOUN,1,0,0
challenge,NOUN,1,0,0
pace,VERB,1,0,0
fold,NOUN,1,0,0
mutter,VERB,1,0,0
Coño,PROPN,1,0,1
jorge,NOUN,1,0,0
murmur,VERB,1,0,0
dangerously,ADV,1,0,0
shower,NOUN,1,0,0
meteor,NOUN,1,0,0
helpless,ADJ,1,0,0
around,ADP,1,1,0
weeping,NOUN,1,0,0
unshaven,ADV,1,0,0
streak,VERB,1,0,0
blacken,VERB,1,0,0
clutched,ADJ,1,0,0
chip,NOUN,1,0,0
smoke,VERB,1,0,0
surprisingly,ADV,1,0,0
success,NOUN,1,0,0
counterattack,NOUN,1,0,0
curry,VERB,1,0,0
hotter,ADJ,1,0,0
tolerably,ADV,1,0,0
cluster,NOUN,1,0,0
bloom,NOUN,1,0,0
saucer,NOUN,1,0,0
female,ADJ,1,0,0
scare,VERB,1,0,0
entangle,VERB,1,0,0
unfair,ADJ,1,0,0
current,ADJ,1,0,0
explanation,NOUN,1,0,0
savage,NOUN,1,0,0
gnarl,VERB,1,0,0
rustic,NOUN,1,0,0
shepherd,NOUN,1,0,0
labourer,NOUN,1,0,0
stain,VERB,1,0,0
ferocious,ADJ,1,0,0
dexterity,NOUN,1,0,0
texture,NOUN,1,0,0
chop,VERB,1,0,0
flavour,NOUN,1,0,0
admirable,ADJ,1,0,0
sunstroke,NOUN,1,0,0
flay,VERB,1,0,0
lousiness,NOUN,1,0,0
mind,VERB,1,0,0
shrapnel,NOUN,1,0,0
active,ADJ,1,0,0
devour,VERB,1,0,0
pouch,NOUN,1,0,0
machan,NOUN,1,0,0
petere,VERB,1,0,0
impassable,ADJ,1,0,0
available,ADJ,1,0,0
futile,NOUN,1,0,0
passive,ADJ,1,0,0
fate,NOUN,1,0,0
regret,VERB,1,0,0
development,NOUN,1,0,0
interregnum,NOUN,1,0,0
outside,ADJ,1,0,0
inaccurately,ADV,1,0,0
radically,ADV,1,0,0
canalize,VERB,1,0,0
Western,PROPN,1,0,1
disbelief,NOUN,1,0,0
origin,NOUN,1,0,0
foretaste,NOUN,1,0,0
snobbishness,NOUN,1,0,0
grub,VERB,1,0,0
taint,VERB,1,0,0
phase,NOUN,1,0,0
humbug,NOUN,1,0,0
tribe,NOUN,1,0,0
hack,NOUN,1,0,0
sleek,VERB,1,0,0
professor,NOUN,1,0,0
grab,NOUN,1,0,0
intact,NOUN,1,0,0
vision,NOUN,1,0,0
mystique,NOUN,1,0,0
microcosm,NOUN,1,0,0
crude,NOUN,1,0,0
forecast,NOUN,1,0,0
disillusion,VERB,1,0,0
innate,ADJ,1,0,0
tolerable,ADJ,1,0,0
eventless,ADJ,1,0,0
oval,NOUN,1,0,0
morse,VERB,1,0,0
tapping,NOUN,1,0,0
rot,VERB,1,0,0
tinny,ADJ,1,0,0
unclean,ADJ,1,0,0
recall,VERB,1,0,0
ledge,NOUN,1,0,0
steam,NOUN,1,0,0
tug,NOUN,1,0,0
west,NOUN,1,0,0
Edwards,PROPN,1,0,1
hill,PROPN,1,0,1
schoolboy,NOUN,1,0,0
thumb,VERB,1,0,0
ward,VERB,1,0,0
ladle,NOUN,1,0,0
nearby,ADP,1,0,0
Cockney,PROPN,1,0,1
Bill,PROPN,1,0,1
Chambers,PROPN,1,0,1
quarrel,VERB,1,0,0
sheepish,ADJ,1,0,0
plunge,NOUN,1,0,0
boom,NOUN,1,0,0
bough,NOUN,1,0,0
flooded,ADJ,1,0,0
paddle,VERB,1,0,0
otter,NOUN,1,0,0
andalusian,ADJ,1,0,0
muffle,VERB,1,0,0
cloak,NOUN,1,0,0
multiply,VERB,1,0,0
barefoot,ADV,1,0,0
passionately,ADV,1,0,0
Mandalay,PROPN,1,0,1
Upper,PROPN,1,0,1
Burma,PROPN,1,0,1
province,NOUN,1,0,0
Shan,PROPN,1,0,1
scorch,VERB,1,0,0
sunlight,NOUN,1,0,0
dusty,ADJ,1,0,0
palm,NOUN,1,0,0
spice,NOUN,1,0,0
garlic,NOUN,1,0,0
squashy,ADJ,1,0,0
fruit,NOUN,1,0,0
intact,ADJ,1,0,0
mandalay,NOUN,1,0,0
hemisphere,NOUN,1,0,0
cool,ADJ,1,0,0
bracken,ADJ,1,0,0
strawberry,NOUN,1,0,0
abrupt,ADJ,1,0,0
terrified,ADJ,1,0,0
downwards,NOUN,1,0,0
loop,VERB,1,0,0
writhe,VERB,1,0,0
live,ADJ,1,0,0
considerable,ADJ,1,0,0
compartment,NOUN,1,0,0
wedge,VERB,1,0,0
kiss,VERB,1,0,0
pretty,ADJ,1,0,0
anis,PROPN,1,0,1
liqueur,NOUN,1,0,0
goat,NOUN,1,0,0
recount,VERB,1,0,0
untrue,ADJ,1,0,0
exploit,NOUN,1,0,0
mouthed,ADJ,1,0,0
Sabadell,PROPN,1,0,1
alien,ADJ,1,0,0
vanish,VERB,1,0,0
liker,ADJ,1,0,0
pinched,ADJ,1,0,0
suit,NOUN,1,0,0
tailor,NOUN,1,0,0
officer,VERB,1,0,0
technical,ADJ,1,0,0
brown,ADJ,1,0,0
exterior,NOUN,1,0,0
scarecrow,NOUN,1,0,0
tatter,NOUN,1,0,0
perpetually,ADV,1,0,0
splay,VERB,1,0,0
upper,NOUN,1,0,0
unshaven,ADJ,1,0,0
reassert,VERB,1,0,0
indifference,NOUN,1,0,0
remoteness,NOUN,1,0,0
undisturbed,ADJ,1,0,0
dwindle,VERB,1,0,0
wave,NOUN,1,0,0
thereabout,NOUN,1,0,0
resort,VERB,1,0,0
conscription,NOUN,1,0,0
anomalous,ADJ,1,0,0
lost,ADJ,1,0,0
proletariat,PROPN,1,0,1
mythical,ADJ,1,0,0
either,ADV,1,1,0
sum,NOUN,1,0,0
consideration,NOUN,1,0,0
barometer,NOUN,1,0,0
forage,NOUN,1,0,0
Sam,PROPN,1,0,1
Browne,PROPN,1,0,1
holster,NOUN,1,0,0
markedly,ADV,1,0,0
systematic,ADJ,1,0,0
reconstruct,VERB,1,0,0
structure,NOUN,1,0,0
stencil,VERB,1,0,0
jibing,NOUN,1,0,0
derive,VERB,1,0,0
praiseworthy,ADJ,1,0,0
advertise,VERB,1,0,0
ceremoniously,ADV,1,0,0
waning,NOUN,1,0,0
skilfully,ADV,1,0,0
automatically,ADV,1,0,0
capacity,NOUN,1,0,0
Smart,PROPN,1,0,1
abnormality,NOUN,1,0,0
mixture,NOUN,1,0,0
camouflage,NOUN,1,0,0
consolidate,VERB,1,0,0
scared,ADJ,1,0,0
corresponding,ADJ,1,0,0
rise,NOUN,1,0,0
recurrent,ADJ,1,0,0
necessary,NOUN,1,0,0
absence,NOUN,1,0,0
delicatessen,VERB,1,0,0
barefooted,ADJ,1,0,0
clamour,ADJ,1,0,0
tú,ADP,1,0,0
camarada,NOUN,1,0,0
señor,VERB,1,0,0
salud,NOUN,1,0,0
hosiery,NOUN,1,0,0
stocking,NOUN,1,0,0
shopman,NOUN,1,0,0
furtive,ADJ,1,0,0
footnote,NOUN,1,0,0
original,ADJ,1,0,0
edition,NOUN,1,0,0
Remark,PROPN,1,0,1
modify,VERB,1,0,0
decrease,VERB,1,0,0
orientate,VERB,1,0,0
slice,VERB,1,0,0
liquorice,NOUN,1,0,0
Canaries,PROPN,1,0,1
purchase,VERB,1,0,0
Strikes,PROPN,1,0,1
smuggling,NOUN,1,0,0
connive,VERB,1,0,0
ration,VERB,1,0,0
attribute,VERB,1,0,0
beg,VERB,1,0,0
confectioner,NOUN,1,0,0
pastry,NOUN,1,0,0
bonbon,NOUN,1,0,0
staggering,ADJ,1,0,0
Bond,PROPN,1,0,1
Street,PROPN,1,0,1
la,X,1,0,0
Paix,PROPN,1,0,1
cocktail,NOUN,1,0,0
interact,VERB,1,0,0
unwell,ADJ,1,0,0
excessive,ADJ,1,0,0
negotiation,NOUN,1,0,0
nuisance,VERB,1,0,0
likeli,ADJ,1,0,0
Medical,PROPN,1,0,1
Albacete,PROPN,1,0,1
maker,NOUN,1,0,0
seaside,NOUN,1,0,0
gaiety,NOUN,1,0,0
rivalry,NOUN,1,0,0
forebodingly,ADV,1,0,0
antagonism,NOUN,1,0,0
secure,ADJ,1,0,0
gendarmerie,NOUN,1,0,0
bodyguard,NOUN,1,0,0
possessing,NOUN,1,0,0
decree,NOUN,1,0,0
Puigcerda,PROPN,1,0,1
Customs,PROPN,1,0,1
Antonio,PROPN,1,0,1
Martin,PROPN,1,0,1
incorrect,ADJ,1,0,0
Figueras,PROPN,1,0,1
unofficial,ADJ,1,0,0
cortege,NOUN,1,0,0
stag,VERB,1,0,0
bloodshe,VERB,1,0,0
distinctly,ADV,1,0,0
gauge,VERB,1,0,0
capitalist,NOUN,1,0,0
answering,NOUN,1,0,0
unmentione,VERB,1,0,0
moderate,ADJ,1,0,0
reconciliation,NOUN,1,0,0
coalition,NOUN,1,0,0
solidarity,NOUN,1,0,0
celebration,NOUN,1,0,0
elevate,VERB,1,0,0
machine,ADJ,1,0,0
edge,VERB,1,0,0
octagonal,ADJ,1,0,0
snap,NOUN,1,0,0
slam,VERB,1,0,0
surge,VERB,1,0,0
Metro,PROPN,1,0,1
trap,VERB,1,0,0
chap,NOUN,1,0,0
demand,NOUN,1,0,0
Valenica,PROPN,1,0,1
undoubted,ADJ,1,0,0
race,VERB,1,0,0
seethe,VERB,1,0,0
hall,NOUN,1,0,0
confusion,NOUN,1,0,0
handful,NOUN,1,0,0
seething,ADJ,1,0,0
armful,NOUN,1,0,0
Black,PROPN,1,0,1
Tans,PROPN,1,0,1
idealized,ADJ,1,0,0
bourgeois,PROPN,1,0,1
flesh,NOUN,1,0,0
conflict,NOUN,1,0,0
picnic,NOUN,1,0,0
wheedle,VERB,1,0,0
clever,ADJ,1,0,0
utterly,ADV,1,0,0
silent,ADJ,1,0,0
directory,NOUN,1,0,0
room,VERB,1,0,0
brave,VERB,1,0,0
heroism,NOUN,1,0,0
bristle,VERB,1,0,0
beside,ADV,1,1,0
nurse,VERB,1,0,0
ramble,VERB,1,0,0
torn,ADJ,1,0,0
quayside,NOUN,1,0,0
theatre,NOUN,1,0,0
piano,NOUN,1,0,0
sixty,ADJ,1,1,0
unguarde,VERB,1,0,0
flimsy,ADJ,1,0,0
prize,VERB,1,0,0
obsolete,ADJ,1,0,0
crude,ADJ,1,0,0
ignite,VERB,1,0,0
asleep,ADV,1,0,0
rip,VERB,1,0,0
disturb,VERB,1,0,0
vigorously,ADV,1,0,0
deprive,VERB,1,0,0
downstair,NOUN,1,0,0
pave,VERB,1,0,0
shingle,NOUN,1,0,0
passionate,ADJ,1,0,0
cobblestone,NOUN,1,0,0
jewish,ADJ,1,0,0
button,NOUN,1,0,0
ankle,NOUN,1,0,0
rifleman,NOUN,1,0,0
fry,VERB,1,0,0
usefully,ADV,1,0,0
exit,NOUN,1,0,0
wedge,NOUN,1,0,0
indiscriminately,ADV,1,0,0
investigate,VERB,1,0,0
bowl,VERB,1,0,0
skittle,NOUN,1,0,0
splitting,ADJ,1,0,0
banging,NOUN,1,0,0
coconut,NOUN,1,0,0
fair,NOUN,1,0,0
indoor,NOUN,1,0,0
push,VERB,1,0,0
ostentatiously,ADV,1,0,0
huddle,VERB,1,0,0
wit,NOUN,1,0,0
livid,PROPN,1,0,1
parley,NOUN,1,0,0
disturbance,NOUN,1,0,0
park,VERB,1,0,0
riddle,VERB,1,0,0
windscreen,NOUN,1,0,0
cinematograph,NOUN,1,0,0
twin,ADJ,1,0,0
unbearable,ADJ,1,0,0
sickening,NOUN,1,0,0
disillusioning,ADJ,1,0,0
rack,VERB,1,0,0
marvel,VERB,1,0,0
slender,ADJ,1,0,0
curly,ADJ,1,0,0
tile,NOUN,1,0,0
eastward,VERB,1,0,0
sea,PROPN,1,0,1
inertia,NOUN,1,0,0
sunlit,ADJ,1,0,0
streaming,NOUN,1,0,0
bag,VERB,1,0,0
vehicle,NOUN,1,0,0
motionless,NOUN,1,0,0
rainstorm,NOUN,1,0,0
quicken,VERB,1,0,0
daylight,PRON,1,0,0
punctually,ADV,1,0,0
principal,NOUN,1,0,0
dividing,NOUN,1,0,0
dominate,VERB,1,0,0
o,NOUN,1,0,0
Young,PROPN,1,0,1
department,NOUN,1,0,0
hoist,VERB,1,0,0
starting,NOUN,1,0,0
compromise,NOUN,1,0,0
uninterruptedly,ADV,1,0,0
wish,NOUN,1,0,0
drinkable,ADJ,1,0,0
hellish,ADJ,1,0,0
Penguin,PROPN,1,0,1
Library,PROPN,1,0,1
lead,ADJ,1,0,0
palisade,NOUN,1,0,0
knelt,NOUN,1,0,0
sure,INTJ,1,0,0
wide,ADV,1,0,0
volume,NOUN,1,0,0
sieve,NOUN,1,0,0
criss,VERB,1,0,0
punctuate,VERB,1,0,0
tremendously,ADV,1,0,0
account,VERB,1,0,0
explosive,NOUN,1,0,0
factor,NOUN,1,0,0
gunfire,NOUN,1,0,0
collection,NOUN,1,0,0
Charlie,PROPN,1,0,1
Chan,PROPN,1,0,1
Tioli,PROPN,1,0,1
playfully,ADV,1,0,0
toss,VERB,1,0,0
remarking,NOUN,1,0,0
paving,NOUN,1,0,0
demolishing,NOUN,1,0,0
pinion,VERB,1,0,0
commiserate,VERB,1,0,0
ghastly,ADV,1,0,0
pedestrian,NOUN,1,0,0
flourish,VERB,1,0,0
uneasily,ADV,1,0,0
sized,ADJ,1,0,0
handing,NOUN,1,0,0
de,ADP,1,0,0
scapegoat,NOUN,1,0,0
neutrality,NOUN,1,0,0
nightmarish,ADJ,1,0,0
fortify,VERB,1,0,0
defective,ADJ,1,0,0
waterworks,NOUN,1,0,0
basin,NOUN,1,0,0
downstairs,ADV,1,0,0
iodine,NOUN,1,0,0
suddenness,NOUN,1,0,0
clamouring,NOUN,1,0,0
calamity,NOUN,1,0,0
hurricane,NOUN,1,0,0
truce,NOUN,1,0,0
scurry,VERB,1,0,0
magic,NOUN,1,0,0
concentrated,ADJ,1,0,0
disgust,NOUN,1,0,0
historical,ADJ,1,0,0
outweigh,VERB,1,0,0
analysis,NOUN,1,0,0
glibly,ADV,1,0,0
abnormal,ADJ,1,0,0
heterogeneous,ADJ,1,0,0
infect,VERB,1,0,0
mania,PROPN,1,0,1
whispering,NOUN,1,0,0
corner,VERB,1,0,0
plausibly,ADV,1,0,0
profession,NOUN,1,0,0
repulsive,ADJ,1,0,0
parody,NOUN,1,0,0
pillar,NOUN,1,0,0
guest,NOUN,1,0,0
darkish,ADJ,1,0,0
pretence,NOUN,1,0,0
ceremony,NOUN,1,0,0
dish,NOUN,1,0,0
sardine,NOUN,1,0,0
breakfast,VERB,1,0,0
plentiful,ADJ,1,0,0
flashy,ADJ,1,0,0
porter,NOUN,1,0,0
blouse,NOUN,1,0,0
snob,NOUN,1,0,0
uncomfortable,ADJ,1,0,0
cadge,VERB,1,0,0
soothe,VERB,1,0,0
threaten,VERB,1,0,0
frozen,ADJ,1,0,0
motion,NOUN,1,0,0
wink,VERB,1,0,0
unfriendly,ADJ,1,0,0
grin,NOUN,1,0,0
reprisal,NOUN,1,0,0
profound,ADJ,1,0,0
peace,NOUN,1,0,0
delicate,ADJ,1,0,0
hook,NOUN,1,0,0
crook,NOUN,1,0,0
contravene,VERB,1,0,0
confiscate,VERB,1,0,0
undressed,ADJ,1,0,0
armpit,NOUN,1,0,0
unfortunate,ADJ,1,0,0
mauser,NOUN,1,0,0
corkscrew,ADJ,1,0,0
rigid,ADJ,1,0,0
slowness,NOUN,1,0,0
tortoise,NOUN,1,0,0
conqueror,NOUN,1,0,0
overawe,VERB,1,0,0
further,ADJ,1,1,0
brand,NOUN,1,0,0
America,PROPN,1,0,1
vastly,ADV,1,0,0
blunderbuss,NOUN,1,0,0
submachine,NOUN,1,0,0
clad,NOUN,1,0,0
passenger,NOUN,1,0,0
scuffle,NOUN,1,0,0
working,ADJ,1,0,0
fragmentarily,ADV,1,0,0
uncensored,ADJ,1,0,0
fifth,ADJ,1,0,0
partisan,ADJ,1,0,0
supposedly,ADV,1,0,0
wrangle,NOUN,1,0,0
overflowing,ADJ,1,0,0
bungling,NOUN,1,0,0
bewilder,VERB,1,0,0
cell,NOUN,1,0,0
denunciation,NOUN,1,0,0
deport,VERB,1,0,0
await,VERB,1,0,0
regularize,VERB,1,0,0
shame,NOUN,1,0,0
hitherto,VERB,1,0,0
Saturday,PROPN,1,0,1
mad,ADJ,1,0,0
crammed,ADJ,1,0,0
strangeness,NOUN,1,0,0
casual,ADJ,1,0,0
non,NOUN,1,0,0
combatant,NOUN,1,0,0
fashionably,ADV,1,0,0
shopping,NOUN,1,0,0
poodle,NOUN,1,0,0
brandish,VERB,1,0,0
black,NOUN,1,0,0
simpático,NOUN,1,0,0
shelter,VERB,1,0,0
fine,ADJ,1,0,0
nineteenth,NOUN,1,0,0
inhabitant,NOUN,1,0,0
balanced,ADJ,1,0,0
tenth,NOUN,1,0,0
untruthful,ADJ,1,0,0
confusing,ADJ,1,0,0
chinese,ADJ,1,0,0
diving,NOUN,1,0,0
unbiased,ADJ,1,0,0
historian,NOUN,1,0,0
datum,NOUN,1,0,0
eyewitness,NOUN,1,0,0
flagrant,ADJ,1,0,0
friction,NOUN,1,0,0
exclude,VERB,1,0,0
taking,NOUN,1,0,0
vague,NOUN,1,0,0
sabotage,VERB,1,0,0
agreeably,ADV,1,0,0
exceed,VERB,1,0,0
leadership,NOUN,1,0,0
determination,NOUN,1,0,0
after,NOUN,1,1,0
hasten,VERB,1,0,0
guesswork,NOUN,1,0,0
manoeuvre,VERB,1,0,0
syndicate,NOUN,1,0,0
matter,ADV,1,0,0
coup,PROPN,1,0,1
reluctantly,ADV,1,0,0
conservative,ADJ,1,0,0
widen,VERB,1,0,0
intervention,NOUN,1,0,0
cruiser,NOUN,1,0,0
inherently,ADV,1,0,0
encourage,VERB,1,0,0
approval,NOUN,1,0,0
council,NOUN,1,0,0
junta,PROPN,1,0,1
disarming,NOUN,1,0,0
handbill,NOUN,1,0,0
leninist,NOUN,1,0,0
pedantic,ADJ,1,0,0
uttering,ADJ,1,0,0
reawakening,NOUN,1,0,0
limit,VERB,1,0,0
recent,ADJ,1,0,0
exact,ADJ,1,0,0
tactically,ADV,1,0,0
countenance,NOUN,1,0,0
approve,VERB,1,0,0
arise,VERB,1,0,0
wrongly,ADV,1,0,0
aggressive,ADJ,1,0,0
planned,ADJ,1,0,0
promptitude,NOUN,1,0,0
civilian,NOUN,1,0,0
perform,VERB,1,0,0
contemplate,VERB,1,0,0
store,VERB,1,0,0
disloyal,ADJ,1,0,0
yourself,NOUN,1,1,0
translate,VERB,1,0,0
unpatriotic,ADJ,1,0,0
abundance,NOUN,1,0,0
welcome,ADJ,1,0,0
liquidate,VERB,1,0,0
President,PROPN,1,0,1
laughingly,ADV,1,0,0
assassination,NOUN,1,0,0
sentimental,ADJ,1,0,0
generation,NOUN,1,0,0
appendage,NOUN,1,0,0
justly,ADV,1,0,0
Santander,PROPN,1,0,1
rebel,NOUN,1,0,0
protest,NOUN,1,0,0
relevantly,ADV,1,0,0
precipitate,VERB,1,0,0
denigrate,VERB,1,0,0
objectively,ADV,1,0,0
propagandist,ADJ,1,0,0
bias,NOUN,1,0,0
honest,ADJ,1,0,0
supplement,VERB,1,0,0
misguided,ADJ,1,0,0
uncontrollable,NOUN,1,0,0
exercise,VERB,1,0,0
naval,ADJ,1,0,0
marine,NOUN,1,0,0
instrument,NOUN,1,0,0
criminal,ADJ,1,0,0
delude,VERB,1,0,0
rearguard,NOUN,1,0,0
time,VERB,1,0,0
worthless,ADJ,1,0,0
priori,ADJ,1,0,0
provoke,VERB,1,0,0
magnitude,NOUN,1,0,0
prolong,VERB,1,0,0
assertion,NOUN,1,0,0
troopship,NOUN,1,0,0
myth,NOUN,1,0,0
conclusive,ADJ,1,0,0
striking,ADJ,1,0,0
illuminate,VERB,1,0,0
implicate,VERB,1,0,0
safely,ADV,1,0,0
minority,NOUN,1,0,0
telegram,NOUN,1,0,0
reversal,NOUN,1,0,0
role,NOUN,1,0,0
Aiguade,PROPN,1,0,1
United,PROPN,1,0,1
Order,PROPN,1,0,1
Rodrigue,PROPN,1,0,1
Telefonica,PROPN,1,0,1
employee,NOUN,1,0,0
Prefect,PROPN,1,0,1
discharge,VERB,1,0,0
uncontrollable,ADJ,1,0,0
occupation,NOUN,1,0,0
contradiction,NOUN,1,0,0
Campbell,PROPN,1,0,1
discrepancy,NOUN,1,0,0
fabrication,NOUN,1,0,0
balcony,NOUN,1,0,0
doubtless,ADJ,1,0,0
monarchist,ADJ,1,0,0
unite,VERB,1,0,0
war,VERB,1,0,0
Frank,PROPN,1,0,1
outrage,NOUN,1,0,0
rising,NOUN,1,0,0
destine,VERB,1,0,0
chimney,NOUN,1,0,0
barracks,NOUN,1,0,0
connivance,NOUN,1,0,0
mention,NOUN,1,0,0
weekly,ADJ,1,0,0
affect,VERB,1,0,0
credibility,NOUN,1,0,0
invent,VERB,1,0,0
reconcile,VERB,1,0,0
insignificant,ADJ,1,0,0
ignorant,NOUN,1,0,0
outsider,NOUN,1,0,0
solid,ADJ,1,0,0
juggling,NOUN,1,0,0
Diaz,PROPN,1,0,1
underestimate,VERB,1,0,0
double,VERB,1,0,0
bid,NOUN,1,0,0
frustrated,ADJ,1,0,0
putsch,NOUN,1,0,0
tragedy,NOUN,1,0,0
irregularity,NOUN,1,0,0
scandal,NOUN,1,0,0
obscure,ADJ,1,0,0
watchfully,ADV,1,0,0
aggravate,VERB,1,0,0
paco,NOUN,1,0,0
praise,NOUN,1,0,0
implication,NOUN,1,0,0
precede,VERB,1,0,0
misrepresentation,NOUN,1,0,0
Liberal,PROPN,1,0,1
caution,NOUN,1,0,0
complex,ADJ,1,0,0
verification,NOUN,1,0,0
whereas,ADV,1,1,0
incautious,ADJ,1,0,0
mercy,NOUN,1,0,0
ministry,NOUN,1,0,0
Carson,PROPN,1,0,1
Dublin,PROPN,1,0,1
representative,ADJ,1,0,0
doctrine,NOUN,1,0,0
terrorist,ADJ,1,0,0
crime,NOUN,1,0,0
maximum,NOUN,1,0,0
irresponsibility,NOUN,1,0,0
libel,VERB,1,0,0
betrayal,NOUN,1,0,0
unimportant,ADJ,1,0,0
Winifred,PROPN,1,0,1
Ralph,PROPN,1,0,1
wartime,NOUN,1,0,0
encouraging,ADJ,1,0,0
heap,VERB,1,0,0
demoralize,VERB,1,0,0
calculate,VERB,1,0,0
unity,NOUN,1,0,0
helper,NOUN,1,0,0
Lerroux,PROPN,1,0,1
monarchy,NOUN,1,0,0
then,ADJ,1,1,0
Joaquin,PROPN,1,0,1
deputy,NOUN,1,0,0
impending,ADJ,1,0,0
conspicuous,ADJ,1,0,0
reformist,ADJ,1,0,0
east,NOUN,1,0,0
fraternization,NOUN,1,0,0
defeatism,NOUN,1,0,0
detach,VERB,1,0,0
York,PROPN,1,0,1
assumption,NOUN,1,0,0
purport,VERB,1,0,0
discovery,NOUN,1,0,0
summarize,VERB,1,0,0
plot,NUM,1,0,0
franco,NOUN,1,0,0
weekend,NOUN,1,0,0
wartime,PROPN,1,0,1
transmit,VERB,1,0,0
Berlin,PROPN,1,0,1
collaboration,NOUN,1,0,0
upshot,NOUN,1,0,0
formulate,VERB,1,0,0
unsupported,ADJ,1,0,0
convict,VERB,1,0,0
disclaim,VERB,1,0,0
cabinet,NOUN,1,0,0
dissentient,NOUN,1,0,0
James,PROPN,1,0,1
disappearance,NOUN,1,0,0
y,PROPN,1,0,1
Gasset,PROPN,1,0,1
Procureur,PROPN,1,0,1
Prat,PROPN,1,0,1
Garcia,PROPN,1,0,1
dossier,NOUN,1,0,0
examination,NOUN,1,0,0
forgery,NOUN,1,0,0
dismiss,VERB,1,0,0
entourage,NOUN,1,0,0
infiltrate,VERB,1,0,0
cite,VERB,1,0,0
quasi,ADJ,1,0,0
broadly,ADV,1,0,0
offend,VERB,1,0,0
hint,NOUN,1,0,0
plainer,ADJ,1,0,0
Director,PROPN,1,0,1
Prisons,PROPN,1,0,1
Le,PROPN,1,0,1
Populaire,PROPN,1,0,1
Flèche,PROPN,1,0,1
Delegation,PROPN,1,0,1
Independent,PROPN,1,0,1
Saint,PROPN,1,0,1
Denis,PROPN,1,0,1
Terror,PROPN,1,0,1
execution,NOUN,1,0,0
stage,VERB,1,0,0
trotskyist,INTJ,1,0,0
advocate,NOUN,1,0,0
a,NOUN,1,1,0
posing,NOUN,1,0,0
Leninist,PROPN,1,0,1
capture,NOUN,1,0,0
amalgamation,NOUN,1,0,0
Opposition,PROPN,1,0,1
Strachey,PROPN,1,0,1
Sir,PROPN,1,0,1
Oswald,PROPN,1,0,1
Mosley,PROPN,1,0,1
spying,NOUN,1,0,0
equivalent,ADJ,1,0,0
extremism,NOUN,1,0,0
convenience,NOUN,1,0,0
Verdad,PROPN,1,0,1
reactionary,ADJ,1,0,0
conveniently,ADV,1,0,0
sharp,ADJ,1,0,0
lesson,NOUN,1,0,0
wholesome,ADJ,1,0,0
trump,VERB,1,0,0
yesterday,NOUN,1,0,0
Social,PROPN,1,0,1
Leon,PROPN,1,0,1
invasion,NOUN,1,0,0
sectarian,ADJ,1,0,0
dissension,NOUN,1,0,0
senseless,ADJ,1,0,0
sterile,ADJ,1,0,0
plane,NOUN,1,0,0
exhaustive,ADJ,1,0,0
slavery,NOUN,1,0,0
dutifully,ADV,1,0,0
headline,VERB,1,0,0
minimum,NOUN,1,0,0
chess,NOUN,1,0,0
tournament,NOUN,1,0,0
competitor,NOUN,1,0,0
arson,NOUN,1,0,0
bigamy,NOUN,1,0,0
Libel,PROPN,1,0,1
slanging,NOUN,1,0,0
naively,ADV,1,0,0
disillusioned,ADJ,1,0,0
shock,VERB,1,0,0
truer,NOUN,1,0,0
progressive,ADJ,1,0,0
degradation,NOUN,1,0,0
compatible,ADJ,1,0,0
aside,ADP,1,0,0
problem,NOUN,1,0,0
rosy,ADJ,1,0,0
sens,NOUN,1,0,0
divided,ADJ,1,0,0
politer,NOUN,1,0,0
variety,NOUN,1,0,0
infinitely,ADV,1,0,0
possibility,NOUN,1,0,0
economic,ADJ,1,0,0
zone,NOUN,1,0,0
depressing,ADJ,1,0,0
outlook,NOUN,1,0,0
fault,VERB,1,0,0
regime,NOUN,1,0,0
benefit,VERB,1,0,0
distribution,NOUN,1,0,0
serfdom,NOUN,1,0,0
clerical,ADJ,1,0,0
check,NOUN,1,0,0
modernize,VERB,1,0,0
promote,VERB,1,0,0
education,NOUN,1,0,0
puppet,NOUN,1,0,0
clerico,NOUN,1,0,0
reaction,NOUN,1,0,0
anachronism,NOUN,1,0,0
millionaire,NOUN,1,0,0
romantic,NOUN,1,0,0
beating,NOUN,1,0,0
mercenary,NOUN,1,0,0
improvement,NOUN,1,0,0
stifle,VERB,1,0,0
highly,ADV,1,0,0
tolerance,NOUN,1,0,0
unpredictable,ADJ,1,0,0
Fascistic,PROPN,1,0,1
prophet,NOUN,1,0,0
habeas,X,1,0,0
corpus,X,1,0,0
shell,ADJ,1,0,0
harmless,ADJ,1,0,0
frivolous,ADJ,1,0,0
teniente,NOUN,1,0,0
dispense,NOUN,1,0,0
divisional,ADJ,1,0,0
major,NOUN,1,0,0
toll,NOUN,1,0,0
unnerving,ADJ,1,0,0
pleasantly,ADV,1,0,0
whiten,VERB,1,0,0
torrential,ADJ,1,0,0
flood,VERB,1,0,0
manned,ADJ,1,0,0
alert,ADJ,1,0,0
clank,NOUN,1,0,0
outline,VERB,1,0,0
preparatory,ADJ,1,0,0
terminal,NOUN,1,0,0
lightning,NOUN,1,0,0
nearby,ADV,1,0,0
crumple,VERB,1,0,0
gosh,INTJ,1,0,0
please,VERB,1,1,0
faint,ADJ,1,0,0
squeak,NOUN,1,0,0
Harry,PROPN,1,0,1
Webb,PROPN,1,0,1
splash,VERB,1,0,0
dribble,VERB,1,0,0
gone,NOUN,1,0,0
carotid,NOUN,1,0,0
conventionally,ADV,1,0,0
suit,VERB,1,0,0
mischance,NOUN,1,0,0
meaninglessness,NOUN,1,0,0
stale,ADJ,1,0,0
congratulate,VERB,1,0,0
sweat,VERB,1,0,0
sweat,NOUN,1,0,0
brush,VERB,1,0,0
dopey,ADJ,1,0,0
untraine,VERB,1,0,0
regulation,NOUN,1,0,0
bedside,NOUN,1,0,0
Hullo,PROPN,1,0,1
good,INTJ,1,0,0
portable,ADJ,1,0,0
trickle,VERB,1,0,0
extremity,NOUN,1,0,0
abdomen,NOUN,1,0,0
internally,ADV,1,0,0
jolt,VERB,1,0,0
repair,VERB,1,0,0
bump,NOUN,1,0,0
wallop,VERB,1,0,0
Wiggle,PROPN,1,0,1
Woggle,PROPN,1,0,1
City,PROPN,1,0,1
Exhibition,PROPN,1,0,1
spill,VERB,1,0,0
walking,NOUN,1,0,0
jumble,VERB,1,0,0
disease,NOUN,1,0,0
medicine,NOUN,1,0,0
emerald,PROPN,1,0,1
Dutch,PROPN,1,0,1
befriend,VERB,1,0,0
kid,NOUN,1,0,0
awkwardly,ADV,1,0,0
demonstrate,VERB,1,0,0
typically,ADV,1,0,0
prevent,NOUN,1,0,0
insight,NOUN,1,0,0
drug,NOUN,1,0,0
swathe,VERB,1,0,0
pencil,NOUN,1,0,0
outside,NOUN,1,0,0
cope,VERB,1,0,0
competent,ADJ,1,0,0
nun,NOUN,1,0,0
complaint,NOUN,1,0,0
fend,VERB,1,0,0
shamefully,ADV,1,0,0
constipate,VERB,1,0,0
unmade,NOUN,1,0,0
breakfast,NOUN,1,0,0
omelette,NOUN,1,0,0
stew,ADJ,1,0,0
lunch,NOUN,1,0,0
underfed,ADJ,1,0,0
collapse,NOUN,1,0,0
thread,VERB,1,0,0
corpse,NOUN,1,0,0
shore,NOUN,1,0,0
bursting,NOUN,1,0,0
lash,VERB,1,0,0
cluster,VERB,1,0,0
spectacle,NOUN,1,0,0
tilt,VERB,1,0,0
scarlet,ADJ,1,0,0
scarf,NOUN,1,0,0
gliding,NOUN,1,0,0
turquoise,ADV,1,0,0
Extranjeros,PROPN,1,0,1
group,VERB,1,0,0
picturesquely,ADV,1,0,0
Guadalajara,PROPN,1,0,1
forearm,NOUN,1,0,0
Salute,PROPN,1,0,1
allegorical,ADJ,1,0,0
trainload,NOUN,1,0,0
proudly,ADV,1,0,0
leap,NOUN,1,0,0
revive,VERB,1,0,0
pernicious,ADJ,1,0,0
accordance,NOUN,1,0,0
peculiarly,ADV,1,0,0
unbandaged,ADJ,1,0,0
heal,VERB,1,0,0
spherical,ADJ,1,0,0
tube,NOUN,1,0,0
muslin,ADJ,1,0,0
cage,NOUN,1,0,0
beach,NOUN,1,0,0
promenade,NOUN,1,0,0
bathing,NOUN,1,0,0
sun,VERB,1,0,0
deck,NOUN,1,0,0
bather,NOUN,1,0,0
tepid,ADJ,1,0,0
shear,NOUN,1,0,0
hack,VERB,1,0,0
rib,NOUN,1,0,0
case,VERB,1,0,0
protrude,VERB,1,0,0
scrubby,NOUN,1,0,0
beard,NOUN,1,0,0
brisk,ADJ,1,0,0
gauze,NOUN,1,0,0
dentist,NOUN,1,0,0
eh,INTJ,1,0,0
whisper,NOUN,1,0,0
compensate,VERB,1,0,0
pierce,VERB,1,0,0
neuralgia,PROPN,1,0,1
forefinger,NOUN,1,0,0
millimetre,NOUN,1,0,0
veil,VERB,1,0,0
rival,NOUN,1,0,0
perpetual,ADJ,1,0,0
impend,VERB,1,0,0
conspire,VERB,1,0,0
conspirator,NOUN,1,0,0
Sinister,PROPN,1,0,1
compromise,VERB,1,0,0
basque,ADJ,1,0,0
Basques,PROPN,1,0,1
assistance,NOUN,1,0,0
unsuccessful,ADJ,1,0,0
offensive,ADJ,1,0,0
plot,VERB,1,0,0
proof,ADJ,1,0,0
frequent,ADJ,1,0,0
siren,NOUN,1,0,0
black,VERB,1,0,0
cram,VERB,1,0,0
two,NOUN,1,0,0
repatriate,VERB,1,0,0
fluctuate,VERB,1,0,0
Bread,PROPN,1,0,1
adulterate,VERB,1,0,0
putty,NOUN,1,0,0
tobacco,VERB,1,0,0
existent,ADJ,1,0,0
toe,NOUN,1,0,0
coinage,NOUN,1,0,0
aggravation,NOUN,1,0,0
grocery,NOUN,1,0,0
purchasing,NOUN,1,0,0
fourpence,NOUN,1,0,0
uneasiness,NOUN,1,0,0
presence,NOUN,1,0,0
intolerance,NOUN,1,0,0
gangster,NOUN,1,0,0
gramophone,NOUN,1,0,0
rarity,NOUN,1,0,0
liquidating,NOUN,1,0,0
disagree,VERB,1,0,0
Stalinists,PROPN,1,0,1
intelligence,NOUN,1,0,0
brood,VERB,1,0,0
briefly,ADV,1,0,0
Sunday,PROPN,1,0,1
Express,PROPN,1,0,1
sanatoria,NOUN,1,0,0
Tibidabo,PROPN,1,0,1
abruptly,ADV,1,0,0
traditionally,ADV,1,0,0
Satan,PROPN,1,0,1
Jesus,PROPN,1,0,1
invalid,VERB,1,0,0
limb,NOUN,1,0,0
englishman,NOUN,1,0,0
damaged,ADJ,1,0,0
tuberculosis,NOUN,1,0,0
contraption,NOUN,1,0,0
electrical,ADJ,1,0,0
prickly,ADJ,1,0,0
muscle,NOUN,1,0,0
earn,VERB,1,0,0
selfish,ADJ,1,0,0
milkless,NOUN,1,0,0
certify,VERB,1,0,0
medically,ADV,1,0,0
unfit,ADJ,1,0,0
headquarter,NOUN,1,0,0
jubilation,NOUN,1,0,0
mess,NOUN,1,0,0
orgy,NOUN,1,0,0
interview,NOUN,1,0,0
confidence,NOUN,1,0,0
recommend,VERB,1,0,0
appointment,NOUN,1,0,0
engineer,NOUN,1,0,0
kip,VERB,1,0,0
bandy,VERB,1,0,0
convergence,NOUN,1,0,0
monopolize,VERB,1,0,0
disorganize,VERB,1,0,0
municipal,ADJ,1,0,0
lodging,NOUN,1,0,0
railroad,NOUN,1,0,0
roadside,NOUN,1,0,0
disconsolate,ADJ,1,0,0
chock,ADJ,1,0,0
bumping,NOUN,1,0,0
pulp,VERB,1,0,0
cle,VERB,1,0,0
evaporate,VERB,1,0,0
remoter,NOUN,1,0,0
lord,NOUN,1,0,0
quinto,NOUN,1,0,0
rookie,NOUN,1,0,0
pal,VERB,1,0,0
clarity,NOUN,1,0,0
observing,ADJ,1,0,0
free,ADJ,1,0,0
oozy,ADJ,1,0,0
intrigue,VERB,1,0,0
subterranean,ADJ,1,0,0
cartwheel,NOUN,1,0,0
dagger,NOUN,1,0,0
distilled,ADJ,1,0,0
goat,PROPN,1,0,1
jade,NOUN,1,0,0
green,PROPN,1,0,1
dove,NOUN,1,0,0
crumbling,ADJ,1,0,0
cornice,NOUN,1,0,0
swallow,NOUN,1,0,0
florid,ADJ,1,0,0
moulding,NOUN,1,0,0
rococo,ADJ,1,0,0
long,VERB,1,0,0
momentary,ADJ,1,0,0
dwell,VERB,1,0,0
goatherd,NOUN,1,0,0
inquisition,NOUN,1,0,0
moorish,ADJ,1,0,0
palace,NOUN,1,0,0
lemon,NOUN,1,0,0
mantilla,NOUN,1,0,0
Alicante,PROPN,1,0,1
cardinal,NOUN,1,0,0
gypsy,NOUN,1,0,0
serenade,VERB,1,0,0
north,NOUN,1,0,0
taxis,NOUN,1,0,0
fatherly,ADV,1,0,0
jug,NOUN,1,0,0
sympathetic,ADJ,1,0,0
concerned,ADJ,1,0,0
behold,ADJ,1,0,0
staff,NOUN,1,0,0
management,NOUN,1,0,0
fancy,ADJ,1,0,0
furtively,ADV,1,0,0
stalls,PROPN,1,0,1
sanatoria,PROPN,1,0,1
adopt,VERB,1,0,0
extensively,ADV,1,0,0
hostage,NOUN,1,0,0
dismaying,ADJ,1,0,0
retrospective,ADJ,1,0,0
secretly,ADV,1,0,0
thence,VERB,1,1,0
Federica,PROPN,1,0,1
Montsenys,PROPN,1,0,1
shilly,ADV,1,0,0
shallied,ADJ,1,0,0
whereabouts,NOUN,1,0,0
Espagne,PROPN,1,0,1
agency,NOUN,1,0,0
falsify,VERB,1,0,0
communiqué,NOUN,1,0,0
future,ADJ,1,0,0
extend,VERB,1,0,0
release,NOUN,1,0,0
Kurt,PROPN,1,0,1
Jose,PROPN,1,0,1
function,VERB,1,0,0
puzzled,ADJ,1,0,0
Mc,PROPN,1,0,1
Nair,PROPN,1,0,1
rash,ADJ,1,0,0
chronicle,NOUN,1,0,0
aback,ADV,1,0,0
Belgium,PROPN,1,0,1
Belgian,PROPN,1,0,1
malignity,NOUN,1,0,0
patience,NOUN,1,0,0
decoy,NOUN,1,0,0
cheque,NOUN,1,0,0
reader,NOUN,1,0,0
apology,NOUN,1,0,0
linen,NOUN,1,0,0
onslaught,NOUN,1,0,0
reign,NOUN,1,0,0
terror,NOUN,1,0,0
photo,NOUN,1,0,0
immigration,NOUN,1,0,0
muddle,NOUN,1,0,0
competence,NOUN,1,0,0
part,VERB,1,0,0
sulky,ADJ,1,0,0
refuge,NOUN,1,0,0
underground,ADJ,1,0,0
little,ADV,1,0,0
bank,NOUN,1,0,0
rendezvous,ADJ,1,0,0
Goodness,PROPN,1,0,1
ignoble,ADJ,1,0,0
trait,NOUN,1,0,0
nose,VERB,1,0,0
dug,ADJ,1,0,0
dripping,ADJ,1,0,0
damp,NOUN,1,0,0
roofless,NOUN,1,0,0
rubble,NOUN,1,0,0
hollow,ADJ,1,0,0
masonry,NOUN,1,0,0
queer,ADP,1,0,0
prohibit,VERB,1,0,0
Revolution,PROPN,1,0,1
building,VERB,1,0,0
lounge,VERB,1,0,0
Aid,PROPN,1,0,1
rag,VERB,1,0,0
exhaustedly,ADV,1,0,0
reception,NOUN,1,0,0
hunted,ADJ,1,0,0
fugitive,NOUN,1,0,0
harbour,VERB,1,0,0
observation,NOUN,1,0,0
decree,VERB,1,0,0
cafés,VERB,1,0,0
unobtrusive,ADJ,1,0,0
portrait,NOUN,1,0,0
founder,NOUN,1,0,0
bury,VERB,1,0,0
David,PROPN,1,0,1
makeshift,NOUN,1,0,0
measure,NOUN,1,0,0
jail,VERB,1,0,0
disbelieve,VERB,1,0,0
gifted,ADJ,1,0,0
career,NOUN,1,0,0
University,PROPN,1,0,1
faultless,ADJ,1,0,0
willingness,NOUN,1,0,0
anger,NOUN,1,0,0
pointlessness,NOUN,1,0,0
imaginary,ADJ,1,0,0
solitude,NOUN,1,0,0
exceptional,ADJ,1,0,0
permit,NOUN,1,0,0
ghostly,ADJ,1,0,0
identifiable,ADJ,1,0,0
snoop,VERB,1,0,0
measure,VERB,1,0,0
newgate,ADJ,1,0,0
calendar,NOUN,1,0,0
frowsy,NOUN,1,0,0
murky,ADJ,1,0,0
corrugated,ADJ,1,0,0
grimy,ADJ,1,0,0
Revolucion,PROPN,1,0,1
dump,NOUN,1,0,0
packed,ADJ,1,0,0
imprisoned,ADJ,1,0,0
stench,NOUN,1,0,0
sanitary,ADJ,1,0,0
elbow,VERB,1,0,0
contrive,VERB,1,0,0
salute,VERB,1,0,0
excellent,ADJ,1,0,0
inward,ADJ,1,0,0
shudder,NOUN,1,0,0
impotent,ADJ,1,0,0
squeaking,NOUN,1,0,0
abuse,VERB,1,0,0
pig,NOUN,1,0,0
bona,NOUN,1,0,0
fide,NOUN,1,0,0
quicker,ADJ,1,0,0
surer,NOUN,1,0,0
Department,PROPN,1,0,1
impress,VERB,1,0,0
mystery,NOUN,1,0,0
warren,NOUN,1,0,0
El,PROPN,1,0,1
coronel,NOUN,1,0,0
jefe,VERB,1,0,0
ingenieros,PROPN,1,0,1
Ejercito,PROPN,1,0,1
Este,PROPN,1,0,1
gracefully,ADV,1,0,0
interminable,ADJ,1,0,0
down,ADJ,1,1,0
chaotic,ADJ,1,0,0
strew,VERB,1,0,0
typewriter,NOUN,1,0,0
aide,NOUN,1,0,0
camp,ADJ,1,0,0
slip,NOUN,1,0,0
squint,VERB,1,0,0
interview,VERB,1,0,0
ante,NOUN,1,0,0
forth,ADP,1,0,0
confidential,ADJ,1,0,0
confuse,VERB,1,0,0
urgency,NOUN,1,0,0
straining,NOUN,1,0,0
croak,NOUN,1,0,0
drunk,ADJ,1,0,0
conscience,NOUN,1,0,0
nod,VERB,1,0,0
assent,NOUN,1,0,0
Mañana,PROPN,1,0,1
Major,PROPN,1,0,1
shocked,ADJ,1,0,0
height,NOUN,1,0,0
Republicans,PROPN,1,0,1
Cavalry,PROPN,1,0,1
Club,PROPN,1,0,1
Letter,PROPN,1,0,1
obliquely,ADV,1,0,0
confess,VERB,1,0,0
reappear,VERB,1,0,0
sternly,ADV,1,0,0
informer,NOUN,1,0,0
heated,ADJ,1,0,0
furiously,ADV,1,0,0
picture,VERB,1,0,0
hanging,NOUN,1,0,0
flushed,ADJ,1,0,0
envelope,NOUN,1,0,0
duly,ADV,1,0,0
publicly,ADV,1,0,0
magnanimity,NOUN,1,0,0
species,NOUN,1,0,0
nobility,NOUN,1,0,0
twentieth,ADJ,1,0,0
bearable,ADJ,1,0,0
damnable,ADJ,1,0,0
consistency,NOUN,1,0,0
totalitarian,ADJ,1,0,0
temper,NOUN,1,0,0
conduct,VERB,1,0,0
style,NOUN,1,0,0
pound,VERB,1,0,0
switch,VERB,1,0,0
bathroom,NOUN,1,0,0
thoroughness,NOUN,1,0,0
mat,NOUN,1,0,0
probe,VERB,1,0,0
radiator,NOUN,1,0,0
suitcase,NOUN,1,0,0
garment,NOUN,1,0,0
impound,VERB,1,0,0
content,NOUN,1,0,0
bargain,NOUN,1,0,0
ecstasy,NOUN,1,0,0
translation,NOUN,1,0,0
doom,NOUN,1,0,0
seal,VERB,1,0,0
Stalin,PROPN,1,0,1
Liquidating,PROPN,1,0,1
Double,PROPN,1,0,1
Dealers,PROPN,1,0,1
separately,ADV,1,0,0
library,NOUN,1,0,0
routine,NOUN,1,0,0
loitering,NOUN,1,0,0
crenellate,VERB,1,0,0
hock,NOUN,1,0,0
damage,VERB,1,0,0
spar,VERB,1,0,0
artistic,ADJ,1,0,0
absolutely,ADV,1,0,0
bye,INTJ,1,0,0
impulse,NOUN,1,0,0
fake,VERB,1,0,0
epitaph,NOUN,1,0,0
insane,ADJ,1,0,0
pose,NOUN,1,0,0
shine,NOUN,1,0,0
residential,ADJ,1,0,0
absurd,ADJ,1,0,0
pogrom,NOUN,1,0,0
warrant,NOUN,1,0,0
consul,NOUN,1,0,0
Port,PROPN,1,0,1
Bou,PROPN,1,0,1
bill,NOUN,1,0,0
questioning,NOUN,1,0,0
bedded,ADJ,1,0,0
urgently,ADV,1,0,0
countless,ADJ,1,0,0
testify,VERB,1,0,0
handwriting,NOUN,1,0,0
uncharged,ADJ,1,0,0
den,NOUN,1,0,0
due,ADP,1,1,0
reign,VERB,1,0,0
Cerberes,PROPN,1,0,1
commercial,ADJ,1,0,0
solemnity,NOUN,1,0,0
tie,NOUN,1,0,0
salvation,NOUN,1,0,0
index,NOUN,1,0,0
list,VERB,1,0,0
incriminate,VERB,1,0,0
carabinero,NOUN,1,0,0
terra,NOUN,1,0,0
cotta,ADJ,1,0,0
Romans,PROPN,1,0,1
luggage,NOUN,1,0,0
extraditable,ADJ,1,0,0
stuff,VERB,1,0,0
buffet,NOUN,1,0,0
forbidding,ADJ,1,0,0
tabaco,NOUN,1,0,0
marked,ADJ,1,0,0
franco,ADJ,1,0,0
aperitif,NOUN,1,0,0
cabal,VERB,1,0,0
restless,ADJ,1,0,0
intrigue,NOUN,1,0,0
thankful,ADJ,1,0,0
dream,VERB,1,0,0
incessantly,ADV,1,0,0
Mediterranean,PROPN,1,0,1
chilly,ADJ,1,0,0
persistent,ADJ,1,0,0
choppy,ADJ,1,0,0
scum,NOUN,1,0,0
ash,NOUN,1,0,0
cork,NOUN,1,0,0
gut,NOUN,1,0,0
bobbed,ADJ,1,0,0
lunacy,NOUN,1,0,0
good,NOUN,1,0,0
harm,NOUN,1,0,0
stamp,NOUN,1,0,0
sound,ADJ,1,0,0
slaughter,NOUN,1,0,0
disillusionment,ADJ,1,0,0
unconsciously,ADV,1,0,0
partisanship,NOUN,1,0,0
distortion,NOUN,1,0,0
gloomy,ADJ,1,0,0
obsess,VERB,1,0,0
cost,NOUN,1,0,0
gay,ADJ,1,0,0
exhibition,NOUN,1,0,0
southern,ADJ,1,0,0
sickness,NOUN,1,0,0
plush,ADJ,1,0,0
cushion,NOUN,1,0,0
boat,NOUN,1,0,0
Japan,PROPN,1,0,1
China,PROPN,1,0,1
doorstep,NOUN,1,0,0
smudge,NOUN,1,0,0
curve,NOUN,1,0,0
smother,VERB,1,0,0
meditate,VERB,1,0,0
slow,ADV,1,0,0
border,VERB,1,0,0
willow,NOUN,1,0,0
bosom,NOUN,1,0,0
larkspur,NOUN,1,0,0
cottage,NOUN,1,0,0
wilderness,NOUN,1,0,0
barge,NOUN,1,0,0
miry,NOUN,1,0,0
telling,NOUN,1,0,0
cricket,NOUN,1,0,0
royal,ADJ,1,0,0
wedding,NOUN,1,0,0
pigeon,NOUN,1,0,0
Trafalgar,PROPN,1,0,1
Square,PROPN,1,0,1
END,PROPN,1,0,1
