lemma,pos,count,is_stopword,is_proper_noun
the,DET,4191,1,0
be,AUX,3262,1,0
he,PRON,2907,1,0
a,DET,2414,1,0
of,ADP,2291,1,0
and,CCONJ,2129,1,0
it,PRON,1628,1,0
have,AUX,1494,1,0
in,ADP,1359,1,0
to,PART,1275,1,0
you,PRON,1138,1,0
his,PRON,1094,1,0
they,PRON,837,1,0
Gordon,PROPN,826,0,1
she,PRON,814,1,0
i,PRON,813,1,0
with,ADP,700,1,0
to,ADP,697,1,0
for,ADP,658,1,0
do,AUX,614,1,0
on,ADP,581,1,0
at,ADP,561,1,0
not,PART,558,1,0
but,CCONJ,556,1,0
that,SCONJ,536,1,0
as,ADP,435,1,0
say,VERB,433,1,0
that,DET,424,1,0
go,VERB,407,1,0
money,NOUN,372,0,0
would,AUX,365,1,0
get,VERB,333,1,0
there,PRON,331,1,0
this,DET,330,1,0
what,PRON,330,1,0
out,ADP,321,1,0
her,PRON,316,1,0
all,DET,312,1,0
from,ADP,291,1,0
could,AUX,284,1,0
Ravelston,PROPN,284,0,1
up,ADP,281,1,0
look,VERB,268,0,0
so,ADV,263,1,0
like,ADP,249,0,0
no,DET,247,1,0
know,VERB,236,0,0
or,CCONJ,234,1,0
come,VERB,227,0,0
an,DET,224,1,0
when,SCONJ,222,1,0
we,PRON,218,1,0
about,ADP,215,1,0
by,ADP,214,1,0
that,PRON,213,1,0
one,NUM,208,1,0
make,VERB,205,1,0
if,SCONJ,200,1,0
think,VERB,195,0,0
even,ADV,193,1,0
two,NUM,192,1,0
into,ADP,187,1,0
thing,NOUN,186,0,0
see,VERB,185,1,0
Rosemary,PROPN,185,0,1
can,AUX,182,1,0
over,ADP,181,1,0
take,VERB,180,1,0
their,PRON,177,1,0
time,NOUN,177,0,0
back,ADV,167,1,0
only,ADV,160,1,0
your,PRON,159,1,0
want,VERB,156,0,0
now,ADV,155,1,0
all,ADV,149,1,0
never,ADV,149,1,0
who,PRON,148,1,0
down,ADP,147,1,0
some,DET,147,1,0
job,NOUN,147,0,0
way,NOUN,146,0,0
feel,VERB,143,0,0
face,NOUN,140,0,0
little,ADJ,138,0,0
which,DET,136,1,0
good,ADJ,132,0,0
woman,NOUN,129,0,0
oh,INTJ,126,0,0
himself,PRON,126,1,0
day,NOUN,126,0,0
book,NOUN,125,0,0
how,SCONJ,125,1,0
seem,VERB,124,1,0
man,NOUN,120,0,0
then,ADV,118,1,0
away,ADV,117,0,0
just,ADV,116,1,0
again,ADV,114,1,0
than,ADP,113,1,0
year,NOUN,112,0,0
very,ADV,111,1,0
give,VERB,109,1,0
after,ADP,109,1,0
eye,NOUN,109,0,0
always,ADV,107,1,0
let,VERB,105,0,0
still,ADV,105,1,0
there,ADV,104,1,0
any,DET,104,1,0
moment,NOUN,103,0,0
hand,NOUN,103,0,0
write,VERB,99,0,0
almost,ADV,98,1,0
kind,NOUN,98,0,0
no,INTJ,97,1,0
people,NOUN,97,0,0
something,PRON,96,1,0
here,ADV,96,1,0
other,ADJ,94,1,0
why,SCONJ,94,1,0
keep,VERB,92,1,0
my,PRON,92,1,0
turn,VERB,91,0,0
arm,NOUN,91,0,0
ever,ADV,90,1,0
room,NOUN,90,0,0
more,ADJ,90,1,0
live,VERB,90,0,0
though,SCONJ,89,1,0
life,NOUN,89,0,0
girl,NOUN,88,0,0
against,ADP,87,1,0
week,NOUN,87,0,0
those,DET,86,1,0
yes,INTJ,86,0,0
off,ADP,84,1,0
five,NUM,83,1,0
bed,NOUN,83,0,0
door,NOUN,82,0,0
course,NOUN,82,0,0
because,SCONJ,82,1,0
as,ADV,81,1,0
Mr,PROPN,80,0,1
mean,VERB,80,0,0
Julia,PROPN,80,0,1
nothing,PRON,79,1,0
where,SCONJ,78,1,0
must,AUX,78,1,0
poem,NOUN,77,0,0
will,AUX,76,1,0
might,AUX,76,1,0
old,ADJ,76,0,0
three,NUM,75,1,0
too,ADV,75,1,0
place,NOUN,75,0,0
put,VERB,75,1,0
another,DET,74,1,0
leave,VERB,74,0,0
its,PRON,74,1,0
find,VERB,74,0,0
tell,VERB,74,0,0
through,ADP,73,1,0
talk,VERB,73,0,0
walk,VERB,73,0,0
street,NOUN,72,0,0
pay,VERB,72,0,0
sit,VERB,71,0,0
pocket,NOUN,71,0,0
table,NOUN,70,0,0
well,ADV,70,1,0
house,NOUN,70,0,0
sort,NOUN,69,0,0
quite,ADV,68,1,0
cold,ADJ,68,0,0
beer,NOUN,68,0,0
without,ADP,67,1,0
world,NOUN,67,0,0
stand,VERB,66,0,0
rather,ADV,65,1,0
long,ADV,65,0,0
yet,ADV,65,1,0
night,NOUN,65,0,0
pound,NOUN,65,0,0
aspidistra,NOUN,64,0,0
same,ADJ,61,1,0
really,ADV,61,1,0
long,ADJ,60,0,0
last,ADJ,60,1,0
do,VERB,60,1,0
more,ADV,60,1,0
before,ADP,60,1,0
own,ADJ,59,1,0
four,NUM,59,1,0
hour,NOUN,59,0,0
young,ADJ,59,0,0
letter,NOUN,59,0,0
under,ADP,58,1,0
head,NOUN,57,0,0
mind,NOUN,57,0,0
between,ADP,56,1,0
ten,NUM,56,1,0
Mrs,PROPN,55,0,1
tea,NOUN,55,0,0
down,ADV,54,1,0
after,ADV,54,1,0
London,PROPN,54,0,1
paper,NOUN,53,0,0
perhaps,ADV,53,1,0
small,ADJ,52,0,0
heart,NOUN,52,0,0
God,PROPN,52,0,1
feeling,NOUN,51,0,0
right,ADJ,50,0,0
happen,VERB,50,0,0
bad,ADJ,50,0,0
everything,PRON,50,1,0
lie,VERB,50,0,0
Comstock,PROPN,49,0,1
first,ADJ,49,1,0
well,INTJ,49,1,0
bottle,NOUN,49,0,0
pub,NOUN,48,0,0
every,DET,48,1,0
class,NOUN,48,0,0
air,NOUN,47,0,0
shop,NOUN,47,0,0
upon,SCONJ,47,1,0
begin,VERB,47,0,0
window,NOUN,46,0,0
wind,NOUN,46,0,0
much,ADV,46,1,0
soon,ADV,46,0,0
ought,AUX,46,0,0
hear,VERB,45,0,0
should,AUX,45,1,0
once,ADV,45,1,0
whole,ADJ,44,1,0
library,NOUN,44,0,0
thought,NOUN,44,0,0
hair,NOUN,44,0,0
foot,NOUN,43,0,0
corner,NOUN,43,0,0
call,VERB,43,1,0
light,NOUN,43,0,0
business,NOUN,43,0,0
thirty,NUM,42,0,0
work,NOUN,42,0,0
behind,ADP,42,1,0
of,ADV,42,1,0
half,NOUN,42,0,0
these,DET,41,1,0
side,NOUN,41,1,0
course,ADV,41,0,0
grow,VERB,41,0,0
try,VERB,41,0,0
New,PROPN,41,0,1
twenty,NUM,40,1,0
anything,PRON,40,1,0
few,ADJ,40,1,0
far,ADV,40,1,0
like,VERB,40,0,0
bar,NOUN,40,0,0
baby,NOUN,40,0,0
however,ADV,39,1,0
much,ADJ,39,1,0
white,ADJ,39,0,0
read,VERB,39,0,0
Flaxman,PROPN,39,0,1
speak,VERB,38,0,0
poor,ADJ,38,0,0
bloody,ADJ,38,0,0
except,SCONJ,38,1,0
together,ADV,38,1,0
wine,NOUN,38,0,0
send,VERB,38,0,0
work,VERB,38,0,0
quid,NOUN,38,0,0
also,ADV,38,1,0
body,NOUN,37,0,0
great,ADJ,37,0,0
half,DET,37,0,0
family,NOUN,37,0,0
already,ADV,37,1,0
cigarette,NOUN,37,0,0
die,VERB,37,0,0
dead,ADJ,37,0,0
enough,ADV,37,1,0
bring,VERB,37,0,0
wait,VERB,37,0,0
suddenly,ADV,37,0,0
word,NOUN,37,0,0
marry,VERB,37,0,0
morning,NOUN,37,0,0
pull,VERB,37,0,0
waiter,NOUN,37,0,0
till,SCONJ,36,0,0
towards,ADP,36,1,0
middle,ADJ,36,0,0
expect,VERB,36,0,0
voice,NOUN,36,0,0
have,VERB,36,0,0
somehow,ADV,36,1,0
presently,ADV,36,0,0
suppose,VERB,36,0,0
Albion,PROPN,36,0,1
dark,ADJ,35,0,0
poet,NOUN,35,0,0
bob,NOUN,35,0,0
minute,NOUN,35,0,0
clothe,NOUN,35,0,0
fact,NOUN,35,0,0
across,ADP,34,1,0
move,VERB,34,1,0
bit,NOUN,34,0,0
end,NOUN,34,0,0
month,NOUN,34,0,0
understand,VERB,33,0,0
office,NOUN,33,0,0
only,ADJ,33,1,0
child,NOUN,33,0,0
merely,ADV,33,0,0
six,NUM,33,1,0
buy,VERB,32,0,0
hundred,NUM,32,1,0
glass,NOUN,32,0,0
care,VERB,32,0,0
breast,NOUN,32,0,0
one,PRON,32,1,0
ask,VERB,32,0,0
matter,VERB,32,0,0
such,DET,31,1,0
hat,NOUN,31,0,0
dreadful,ADJ,31,0,0
evening,NOUN,31,0,0
warm,ADJ,31,0,0
help,VERB,31,0,0
right,ADV,31,0,0
meet,VERB,31,0,0
taxi,NOUN,31,0,0
back,NOUN,30,1,0
beastly,ADV,30,0,0
spend,VERB,30,0,0
our,PRON,30,1,0
dinner,NOUN,30,0,0
catch,VERB,30,0,0
anyway,ADV,30,1,0
least,ADJ,30,1,0
hold,VERB,30,0,0
half,ADV,30,0,0
eat,VERB,29,0,0
open,ADJ,29,0,0
line,NOUN,29,0,0
ah,INTJ,29,0,0
wish,VERB,29,0,0
friend,NOUN,29,0,0
use,VERB,29,1,0
herself,PRON,29,1,0
poverty,NOUN,29,0,0
seven,NUM,28,0,0
shelf,NOUN,28,0,0
about,ADV,28,1,0
food,NOUN,28,0,0
well,ADJ,28,0,0
stair,NOUN,28,0,0
alone,ADV,28,1,0
each,DET,28,1,0
else,ADV,28,1,0
whether,SCONJ,27,1,0
matter,NOUN,27,0,0
throw,VERB,27,0,0
wear,VERB,27,0,0
fall,VERB,27,0,0
red,ADJ,27,0,0
chance,NOUN,27,0,0
rich,ADJ,27,0,0
love,VERB,27,0,0
shut,VERB,26,0,0
ago,ADV,26,0,0
drink,VERB,26,0,0
Wisbeach,PROPN,26,0,1
forget,VERB,26,0,0
remember,VERB,26,0,0
round,VERB,25,0,0
part,NOUN,25,1,0
full,ADJ,25,1,0
along,ADP,25,1,0
new,ADJ,25,0,0
pass,VERB,25,0,0
over,ADV,25,1,0
home,ADV,25,0,0
sometimes,ADV,25,1,0
break,VERB,25,0,0
different,ADJ,25,0,0
finish,VERB,25,0,0
Pleasures,PROPN,25,0,1
start,VERB,25,0,0
income,NOUN,25,0,0
Aunt,PROPN,25,0,1
dear,ADJ,25,0,0
road,NOUN,25,0,0
Cheeseman,PROPN,25,0,1
McKechnie,PROPN,24,0,1
tonight,NOUN,24,0,0
eight,NUM,24,1,0
hat,VERB,24,0,0
big,ADJ,24,0,0
home,NOUN,24,0,0
nearly,ADV,24,0,0
poetry,NOUN,24,0,0
up,ADV,24,1,0
open,VERB,24,0,0
low,ADJ,24,0,0
floor,NOUN,24,0,0
boy,NOUN,24,0,0
Road,PROPN,24,0,1
afford,VERB,24,0,0
believe,VERB,24,0,0
manage,VERB,24,0,0
idea,NOUN,24,0,0
stop,VERB,24,0,0
hope,NOUN,23,0,0
nine,NUM,23,1,0
coat,NOUN,23,0,0
among,ADP,23,1,0
stick,VERB,23,0,0
light,VERB,23,0,0
one,NOUN,23,1,0
nowadays,ADV,23,0,0
mere,ADJ,23,0,0
usual,ADJ,23,0,0
please,INTJ,23,1,0
yet,CCONJ,23,1,0
whom,PRON,23,1,0
watch,VERB,23,0,0
point,NOUN,23,0,0
person,NOUN,23,0,0
mother,NOUN,23,0,0
worry,VERB,23,0,0
sheet,NOUN,23,0,0
refuse,VERB,23,0,0
probably,ADV,23,0,0
angry,ADJ,23,0,0
school,NOUN,23,0,0
lose,VERB,23,0,0
sink,VERB,23,0,0
borrow,VERB,23,0,0
penny,NOUN,22,0,0
effort,NOUN,22,0,0
tree,NOUN,22,0,0
naked,ADJ,22,0,0
since,SCONJ,22,1,0
yourself,PRON,22,1,0
large,ADJ,22,0,0
sleep,VERB,22,0,0
such,ADJ,22,1,0
human,ADJ,22,0,0
before,ADV,22,1,0
fat,ADJ,22,0,0
gas,NOUN,22,0,0
escape,VERB,22,0,0
bread,NOUN,22,0,0
set,VERB,22,0,0
decent,ADJ,22,0,0
flat,ADJ,22,0,0
nose,NOUN,21,0,0
most,ADJ,21,1,0
leaf,NOUN,21,0,0
winter,NOUN,21,0,0
black,ADJ,21,0,0
no,ADV,21,1,0
second,ADJ,21,0,0
round,ADV,21,0,0
type,NOUN,21,0,0
shoulder,NOUN,21,0,0
use,NOUN,21,0,0
bear,VERB,21,0,0
fire,NOUN,21,0,0
everyone,PRON,21,1,0
water,NOUN,21,0,0
failure,NOUN,21,0,0
Angela,PROPN,21,0,1
hang,VERB,21,0,0
later,ADV,21,0,0
kiss,VERB,21,0,0
drunk,ADJ,21,0,0
cell,NOUN,21,0,0
tomorrow,NOUN,20,0,0
fool,NOUN,20,0,0
next,ADJ,20,1,0
pavement,NOUN,20,0,0
menacing,ADJ,20,0,0
single,ADJ,20,0,0
round,ADJ,20,0,0
somewhere,ADV,20,1,0
self,NOUN,20,0,0
draw,VERB,20,0,0
indeed,ADV,20,1,0
bedroom,NOUN,20,0,0
impossible,ADJ,20,0,0
pot,NOUN,20,0,0
Dora,PROPN,20,0,1
push,VERB,19,0,0
movement,NOUN,19,0,0
customer,NOUN,19,0,0
ad,NOUN,19,0,0
meal,NOUN,19,0,0
run,VERB,19,0,0
sharply,ADV,19,0,0
exactly,ADV,19,0,0
hardly,ADV,19,0,0
simply,ADV,19,0,0
free,ADJ,19,0,0
worth,ADJ,19,0,0
wife,NOUN,19,0,0
war,NOUN,19,0,0
stay,VERB,19,0,0
past,ADP,19,0,0
desire,NOUN,19,0,0
shilling,NOUN,19,0,0
decency,NOUN,19,0,0
press,VERB,19,0,0
cup,NOUN,19,0,0
clock,NOUN,18,0,0
out,ADV,18,1,0
at,ADV,18,1,0
alone,ADJ,18,1,0
thousand,NUM,18,0,0
wall,NOUN,18,0,0
half,ADJ,18,0,0
mouth,NOUN,18,0,0
sweep,VERB,18,0,0
look,NOUN,18,0,0
literary,ADJ,18,0,0
question,NOUN,18,0,0
afternoon,NOUN,18,0,0
grasp,VERB,18,0,0
shall,AUX,18,0,0
often,ADV,18,1,0
modern,ADJ,18,0,0
crown,NOUN,18,0,0
decide,VERB,18,0,0
what,DET,18,1,0
shabby,ADJ,18,0,0
settle,VERB,18,0,0
drink,NOUN,18,0,0
lamp,NOUN,18,0,0
starve,VERB,18,0,0
somebody,PRON,18,0,0
besides,ADV,18,1,0
picture,NOUN,18,0,0
answer,VERB,18,0,0
wage,NOUN,18,0,0
cry,VERB,18,0,0
become,VERB,17,1,0
smell,VERB,17,0,0
outside,ADV,17,0,0
most,ADV,17,1,0
note,NOUN,17,0,0
smile,VERB,17,0,0
rate,NOUN,17,0,0
follow,VERB,17,0,0
couple,NOUN,17,0,0
cheap,ADJ,17,0,0
age,NOUN,17,0,0
real,ADJ,17,0,0
happy,ADJ,17,0,0
repeat,VERB,17,0,0
awful,ADJ,17,0,0
dog,NOUN,17,0,0
cut,VERB,17,0,0
pretend,VERB,17,0,0
chair,NOUN,17,0,0
dirty,ADJ,17,0,0
car,NOUN,17,0,0
soul,NOUN,17,0,0
fun,NOUN,17,0,0
hate,VERB,17,0,0
strike,VERB,16,0,0
packet,NOUN,16,0,0
halfpenny,NOUN,16,0,0
absurd,ADJ,16,0,0
wonder,VERB,16,0,0
lonely,ADJ,16,0,0
dust,NOUN,16,0,0
blue,ADJ,16,0,0
novel,NOUN,16,0,0
sight,NOUN,16,0,0
poster,NOUN,16,0,0
instance,NOUN,16,0,0
bend,VERB,16,0,0
sell,VERB,16,0,0
fifty,NUM,16,1,0
bell,NOUN,16,0,0
none,NOUN,16,1,0
joke,NOUN,16,0,0
creature,NOUN,16,0,0
demand,VERB,16,0,0
sense,NOUN,16,0,0
close,ADV,16,0,0
love,NOUN,16,0,0
present,NOUN,16,0,0
easy,ADJ,16,0,0
forward,ADV,16,0,0
bus,NOUN,16,0,0
public,ADJ,16,0,0
cost,VERB,16,0,0
change,VERB,16,0,0
Erskine,PROPN,16,0,1
Sunday,PROPN,16,0,1
mile,NOUN,16,0,0
lend,VERB,16,0,0
court,NOUN,16,0,0
need,VERB,15,0,0
twopence,NOUN,15,0,0
miserable,ADJ,15,0,0
glance,NOUN,15,0,0
strong,ADJ,15,0,0
lay,VERB,15,0,0
outside,ADP,15,0,0
rise,VERB,15,0,0
Bovex,PROPN,15,0,1
tiny,ADJ,15,0,0
front,NOUN,15,1,0
bottom,NOUN,15,1,0
England,PROPN,15,0,1
hard,ADJ,15,0,0
nevertheless,ADV,15,1,0
show,VERB,15,1,0
proper,ADJ,15,0,0
grey,ADJ,15,0,0
laugh,VERB,15,0,0
though,ADV,15,1,0
while,SCONJ,15,1,0
step,NOUN,15,0,0
filthy,ADJ,15,0,0
step,VERB,15,0,0
smell,NOUN,15,0,0
like,ADJ,15,0,0
secret,ADJ,15,0,0
slip,VERB,15,0,0
actually,ADV,15,0,0
wrong,ADJ,15,0,0
drop,VERB,15,0,0
supper,NOUN,15,0,0
while,NOUN,15,1,0
firm,NOUN,15,0,0
several,ADJ,15,1,0
first,ADV,15,1,0
any,ADV,15,1,0
leg,NOUN,15,0,0
twelve,NUM,15,1,0
Walter,PROPN,15,0,1
choose,VERB,15,0,0
party,NOUN,15,0,0
order,VERB,15,0,0
Hermione,PROPN,15,0,1
fare,NOUN,15,0,0
eightpence,NOUN,15,0,0
sound,VERB,14,0,0
so,SCONJ,14,1,0
itself,PRON,14,1,0
pause,VERB,14,0,0
finger,NOUN,14,0,0
Christmas,PROPN,14,0,1
near,ADP,14,0,0
many,ADJ,14,1,0
gaze,VERB,14,0,0
pink,ADJ,14,0,0
Corner,PROPN,14,0,1
pale,ADJ,14,0,0
bare,ADJ,14,0,0
lot,NOUN,14,0,0
below,ADP,14,1,0
produce,VERB,14,0,0
country,NOUN,14,0,0
finally,ADV,14,0,0
less,ADJ,14,1,0
ashamed,ADJ,14,0,0
silly,ADJ,14,0,0
overcoat,NOUN,14,0,0
reach,VERB,14,0,0
ground,NOUN,14,0,0
death,NOUN,14,0,0
upper,ADJ,14,0,0
in,ADV,14,1,0
manner,NOUN,14,0,0
thin,ADJ,14,0,0
pick,VERB,14,0,0
both,DET,14,1,0
save,VERB,14,0,0
until,ADP,14,1,0
listen,VERB,14,0,0
squalid,ADJ,14,0,0
empty,ADJ,14,1,0
drag,VERB,14,0,0
aware,ADJ,14,0,0
thick,ADJ,14,0,0
accept,VERB,14,0,0
surely,ADV,14,0,0
alley,NOUN,14,0,0
Uncle,PROPN,14,0,1
brain,NOUN,14,0,0
rub,VERB,14,0,0
explain,VERB,14,0,0
inside,ADP,14,0,0
cheek,NOUN,14,0,0
dash,VERB,14,0,0
bill,NOUN,14,0,0
hungry,ADJ,14,0,0
Socialism,PROPN,14,0,1
knee,NOUN,14,0,0
bore,VERB,13,0,0
ready,ADJ,13,0,0
shoe,NOUN,13,0,0
mind,VERB,13,0,0
common,ADJ,13,0,0
carry,VERB,13,0,0
right,NOUN,13,0,0
struggle,VERB,13,0,0
blow,VERB,13,0,0
themselves,PRON,13,1,0
darkness,NOUN,13,0,0
conversation,NOUN,13,0,0
lip,NOUN,13,0,0
sure,ADJ,13,0,0
yellow,ADJ,13,0,0
slide,VERB,13,0,0
possibly,ADV,13,0,0
deep,ADJ,13,0,0
flick,VERB,13,0,0
distance,NOUN,13,0,0
fear,NOUN,13,0,0
smoke,VERB,13,0,0
green,ADJ,13,0,0
passage,NOUN,13,0,0
hell,NOUN,13,0,0
whisky,NOUN,13,0,0
sake,NOUN,13,0,0
deadly,ADJ,13,0,0
luck,NOUN,13,0,0
beef,NOUN,13,0,0
less,ADV,13,1,0
very,ADJ,13,1,0
mean,ADJ,13,0,0
succeed,VERB,13,0,0
imagine,VERB,13,0,0
remind,VERB,13,0,0
scarcely,ADV,13,0,0
rent,NOUN,13,0,0
vision,NOUN,13,0,0
dare,VERB,13,0,0
hateful,ADJ,13,0,0
tart,NOUN,13,0,0
restaurant,NOUN,13,0,0
cheque,NOUN,13,0,0
sun,NOUN,13,0,0
police,NOUN,13,0,0
behave,VERB,12,0,0
smoke,NOUN,12,0,0
figure,NOUN,12,0,0
above,ADP,12,1,0
serve,VERB,12,0,0
high,ADJ,12,0,0
anyone,PRON,12,1,0
sky,NOUN,12,0,0
cover,VERB,12,0,0
monstrous,ADJ,12,0,0
Crisps,PROPN,12,0,1
Table,PROPN,12,0,1
mouse,NOUN,12,0,0
poplar,NOUN,12,0,0
reason,NOUN,12,0,0
evil,ADJ,12,0,0
notice,VERB,12,0,0
name,NOUN,12,1,0
highbrow,NOUN,12,0,0
shove,VERB,12,0,0
cling,VERB,12,0,0
Penn,PROPN,12,0,1
spirit,NOUN,12,0,0
fine,ADJ,12,0,0
mood,NOUN,12,0,0
youth,NOUN,12,0,0
adore,VERB,12,0,0
sound,NOUN,12,0,0
Antichrist,PROPN,12,0,1
halt,VERB,12,0,0
yard,NOUN,12,0,0
avoid,VERB,12,0,0
god,PROPN,12,0,1
frightful,ADJ,12,0,0
strange,ADJ,12,0,0
realize,VERB,12,0,0
admit,VERB,12,0,0
firm,ADJ,12,0,0
practically,ADV,12,0,0
existence,NOUN,12,0,0
beside,ADP,12,1,0
waste,VERB,12,0,0
certain,ADJ,12,0,0
face,VERB,12,0,0
american,ADJ,12,0,0
gesture,NOUN,12,0,0
father,NOUN,12,0,0
living,NOUN,12,0,0
despise,VERB,12,0,0
station,NOUN,12,0,0
code,NOUN,12,0,0
fail,VERB,12,0,0
lunch,NOUN,12,0,0
sick,ADJ,12,0,0
absolutely,ADV,12,0,0
fish,NOUN,12,0,0
insult,VERB,12,0,0
sorry,ADJ,12,0,0
Modigliani,PROPN,12,0,1
shave,VERB,12,0,0
moth,NOUN,11,0,0
tobacco,NOUN,11,0,0
delicate,ADJ,11,0,0
Joey,PROPN,11,0,1
quickly,ADV,11,0,0
top,ADJ,11,1,0
ceiling,NOUN,11,0,0
aside,ADV,11,0,0
expensive,ADJ,11,0,0
Breakfast,PROPN,11,0,1
tear,VERB,11,0,0
suit,NOUN,11,0,0
youthful,ADJ,11,0,0
wretched,ADJ,11,0,0
therefore,ADV,11,1,0
below,ADV,11,1,0
stuff,NOUN,11,0,0
middle,NOUN,11,0,0
writer,NOUN,11,0,0
tooth,NOUN,11,0,0
consider,VERB,11,0,0
tired,ADJ,11,0,0
gentleman,NOUN,11,0,0
neck,NOUN,11,0,0
fond,ADJ,11,0,0
argue,VERB,11,0,0
hot,ADJ,11,0,0
story,NOUN,11,0,0
cloud,NOUN,11,0,0
magazine,NOUN,11,0,0
horribly,ADV,11,0,0
afraid,ADJ,11,0,0
instead,ADV,11,0,0
apart,ADV,11,0,0
other,NOUN,11,1,0
afterwards,ADV,11,1,0
short,ADJ,11,0,0
cross,VERB,11,0,0
dull,ADJ,11,0,0
end,VERB,11,0,0
difficulty,NOUN,11,0,0
stir,VERB,11,0,0
huge,ADJ,11,0,0
being,NOUN,11,1,0
print,VERB,11,0,0
earn,VERB,11,0,0
lead,VERB,11,0,0
atmosphere,NOUN,11,0,0
uncle,NOUN,11,0,0
possible,ADJ,11,0,0
hole,NOUN,11,0,0
fourpence,NOUN,11,0,0
weak,ADJ,11,0,0
spring,NOUN,11,0,0
seek,VERB,11,0,0
vile,ADJ,11,0,0
left,ADJ,11,0,0
ahead,ADV,11,0,0
alternative,NOUN,11,0,0
hotel,NOUN,11,0,0
taximan,NOUN,11,0,0
sober,ADJ,11,0,0
burn,VERB,10,0,0
easily,ADV,10,0,0
upright,ADJ,10,0,0
brick,NOUN,10,0,0
horrible,ADJ,10,0,0
tall,ADJ,10,0,0
clerk,NOUN,10,0,0
enjoy,VERB,10,0,0
newly,ADV,10,0,0
private,ADJ,10,0,0
off,ADV,10,1,0
town,NOUN,10,0,0
bright,ADJ,10,0,0
dingy,ADJ,10,0,0
rot,VERB,10,0,0
safe,ADJ,10,0,0
exist,VERB,10,0,0
lack,NOUN,10,0,0
wander,VERB,10,0,0
sixpence,NOUN,10,0,0
early,ADJ,10,0,0
roll,VERB,10,0,0
skin,NOUN,10,0,0
slowly,ADV,10,0,0
gutter,NOUN,10,0,0
lady,NOUN,10,0,0
ugly,ADJ,10,0,0
on,ADV,10,1,0
quarter,NOUN,10,0,0
Willowbed,PROPN,10,0,1
plate,NOUN,10,0,0
quite,DET,10,1,0
pain,NOUN,10,0,0
stout,ADJ,10,0,0
dress,VERB,10,0,0
glove,NOUN,10,0,0
Hullo,PROPN,10,0,1
chappie,NOUN,10,0,0
quick,ADJ,10,0,0
belly,NOUN,10,0,0
fellow,NOUN,10,0,0
reflect,VERB,10,0,0
oil,NOUN,10,0,0
furniture,NOUN,10,0,0
occasional,ADJ,10,0,0
sole,ADJ,10,0,0
lift,VERB,10,0,0
grass,NOUN,10,0,0
cheese,NOUN,10,0,0
kneel,VERB,10,0,0
trouble,NOUN,10,0,0
add,VERB,10,0,0
blind,ADJ,10,0,0
number,NOUN,10,0,0
marriage,NOUN,10,0,0
enough,ADJ,10,1,0
crowd,NOUN,10,0,0
news,NOUN,10,0,0
inside,ADV,10,0,0
thank,NOUN,10,0,0
play,VERB,10,0,0
envelope,NOUN,10,0,0
nice,ADJ,10,0,0
ear,NOUN,10,0,0
sponge,VERB,10,0,0
tear,NOUN,10,0,0
Slough,PROPN,10,0,1
dirt,NOUN,10,0,0
tongue,NOUN,9,0,0
bookshop,NOUN,9,0,0
threepence,NOUN,9,0,0
immediately,ADV,9,0,0
aged,ADJ,9,0,0
Dell,PROPN,9,0,1
front,ADJ,9,1,0
damned,ADJ,9,0,0
occasionally,ADV,9,0,0
simple,ADJ,9,0,0
rest,NOUN,9,0,0
next,ADV,9,1,0
sod,NOUN,9,0,0
case,NOUN,9,0,0
memory,NOUN,9,0,0
clean,ADJ,9,0,0
beast,NOUN,9,0,0
expression,NOUN,9,0,0
Weaver,PROPN,9,0,1
return,VERB,9,0,0
Nancy,PROPN,9,0,1
chimney,NOUN,9,0,0
drift,VERB,9,0,0
editor,NOUN,9,0,0
pinch,VERB,9,0,0
meaningless,ADJ,9,0,0
sergeant,NOUN,9,0,0
Barbara,PROPN,9,0,1
joy,NOUN,9,0,0
seldom,ADV,9,0,0
bind,VERB,9,0,0
civilization,NOUN,9,0,0
landlady,NOUN,9,0,0
moreover,ADV,9,1,0
eleven,NUM,9,1,0
peculiar,ADJ,9,0,0
describe,VERB,9,0,0
wonderful,ADJ,9,0,0
necessary,ADJ,9,0,0
flee,VERB,9,0,0
pint,NOUN,9,0,0
wet,ADJ,9,0,0
loneliness,NOUN,9,0,0
allow,VERB,9,0,0
ring,VERB,9,0,0
bother,VERB,9,0,0
clear,ADJ,9,0,0
hit,VERB,9,0,0
Primrose,PROPN,9,0,1
once,SCONJ,9,1,0
whose,DET,9,1,0
beat,VERB,9,0,0
forth,ADV,9,0,0
stone,NOUN,9,0,0
relative,NOUN,9,0,0
especially,ADV,9,0,0
attitude,NOUN,9,0,0
meaning,NOUN,9,0,0
neither,DET,9,1,0
notion,NOUN,9,0,0
search,VERB,9,0,0
curious,ADJ,9,0,0
hm,INTJ,9,0,0
trade,NOUN,9,0,0
train,NOUN,9,0,0
pleasure,NOUN,9,0,0
faint,ADJ,9,0,0
mist,NOUN,9,0,0
Doring,PROPN,9,0,1
coal,NOUN,9,0,0
summer,NOUN,9,0,0
relief,NOUN,9,0,0
ring,NOUN,9,0,0
handle,NOUN,9,0,0
coffee,NOUN,9,0,0
general,ADJ,9,0,0
Mother,PROPN,9,0,1
burst,VERB,9,0,0
field,NOUN,9,0,0
bully,VERB,9,0,0
courage,NOUN,9,0,0
fiver,NOUN,9,0,0
Asti,PROPN,9,0,1
constable,NOUN,9,0,0
truth,NOUN,8,0,0
today,NOUN,8,0,0
bone,NOUN,8,0,0
trouser,NOUN,8,0,0
yesterday,NOUN,8,0,0
sir,NOUN,8,0,0
piece,NOUN,8,0,0
pile,NOUN,8,0,0
eye,VERB,8,0,0
hatred,NOUN,8,0,0
nobody,PRON,8,1,0
smart,ADJ,8,0,0
within,ADP,8,1,0
colour,VERB,8,0,0
opposite,ADJ,8,0,0
edge,NOUN,8,0,0
yield,VERB,8,0,0
choke,VERB,8,0,0
guilty,ADJ,8,0,0
copy,NOUN,8,0,0
touch,VERB,8,0,0
Christ,PROPN,8,0,1
moneyed,ADJ,8,0,0
peace,NOUN,8,0,0
upset,VERB,8,0,0
wedding,NOUN,8,0,0
order,NOUN,8,0,0
certainly,ADV,8,0,0
damp,ADJ,8,0,0
obviously,ADV,8,0,0
depress,VERB,8,0,0
smooth,ADJ,8,0,0
thrust,VERB,8,0,0
appearance,NOUN,8,0,0
wide,ADJ,8,0,0
feminine,ADJ,8,0,0
ignore,VERB,8,0,0
deep,ADV,8,0,0
assistant,NOUN,8,0,0
sex,NOUN,8,0,0
fight,VERB,8,0,0
gold,NOUN,8,0,0
spring,VERB,8,0,0
past,NOUN,8,0,0
Queen,PROPN,8,0,1
Crichton,PROPN,8,0,1
barmaid,NOUN,8,0,0
pour,VERB,8,0,0
pretty,ADV,8,0,0
doubt,NOUN,8,0,0
genuinely,ADV,8,0,0
pity,NOUN,8,0,0
warmth,NOUN,8,0,0
brown,ADJ,8,0,0
grimy,ADJ,8,0,0
away,ADP,8,0,0
count,VERB,8,0,0
dreary,ADJ,8,0,0
remain,VERB,8,0,0
wash,VERB,8,0,0
fling,VERB,8,0,0
consciousness,NOUN,8,0,0
vulgar,ADJ,8,0,0
breath,NOUN,8,0,0
machine,NOUN,8,0,0
natural,ADJ,8,0,0
success,NOUN,8,0,0
everybody,PRON,8,0,0
curiously,ADV,8,0,0
Court,PROPN,8,0,1
nor,CCONJ,8,1,0
misery,NOUN,8,0,0
desolate,ADJ,8,0,0
flat,NOUN,8,0,0
vaguely,ADV,8,0,0
Hm,PROPN,8,0,1
future,NOUN,8,0,0
physical,ADJ,8,0,0
dear,NOUN,8,0,0
lover,NOUN,8,0,0
breakfast,NOUN,8,0,0
properly,ADV,8,0,0
wire,NOUN,8,0,0
pair,NOUN,8,0,0
trouble,VERB,8,0,0
Lambeth,PROPN,8,0,1
mistake,NOUN,8,0,0
hold,NOUN,8,0,0
chap,NOUN,8,0,0
lean,VERB,8,0,0
soft,ADJ,8,0,0
flow,VERB,8,0,0
unemployed,ADJ,8,0,0
offer,VERB,8,0,0
part,VERB,8,1,0
frown,VERB,8,0,0
dusty,ADJ,8,0,0
squeeze,VERB,8,0,0
ragged,ADJ,8,0,0
mud,NOUN,8,0,0
scene,NOUN,8,0,0
drunkenness,NOUN,8,0,0
publican,NOUN,8,0,0
page,NOUN,8,0,0
brass,NOUN,7,0,0
good,NOUN,7,0,0
past,ADJ,7,0,0
elbow,NOUN,7,0,0
button,NOUN,7,0,0
miss,VERB,7,0,0
coin,NOUN,7,0,0
row,NOUN,7,0,0
left,NOUN,7,0,0
Sauce,PROPN,7,0,1
swan,NOUN,7,0,0
ribbon,NOUN,7,0,0
impulse,NOUN,7,0,0
heavy,ADJ,7,0,0
glance,VERB,7,0,0
fresh,ADJ,7,0,0
dozen,NOUN,7,0,0
top,NOUN,7,1,0
broad,ADJ,7,0,0
reach,NOUN,7,0,0
author,NOUN,7,0,0
education,NOUN,7,0,0
Lord,PROPN,7,0,1
title,NOUN,7,0,0
bird,NOUN,7,0,0
echo,VERB,7,0,0
Times,PROPN,7,0,1
promise,NOUN,7,0,0
fifteen,NUM,7,1,0
particular,ADJ,7,0,0
alive,ADJ,7,0,0
everywhere,ADV,7,1,0
climb,VERB,7,0,0
greasy,NOUN,7,0,0
lovely,ADJ,7,0,0
sack,NOUN,7,0,0
round,NOUN,7,0,0
aeroplane,NOUN,7,0,0
fruity,NOUN,7,0,0
treat,VERB,7,0,0
clutch,VERB,7,0,0
like,INTJ,7,0,0
hand,VERB,7,0,0
bury,VERB,7,0,0
hunger,NOUN,7,0,0
flight,NOUN,7,0,0
badly,ADV,7,0,0
commit,VERB,7,0,0
stupid,ADJ,7,0,0
slum,NOUN,7,0,0
emerge,VERB,7,0,0
narrow,ADJ,7,0,0
grey,NOUN,7,0,0
Sheba,PROPN,7,0,1
typical,ADJ,7,0,0
mention,VERB,7,0,0
stick,NOUN,7,0,0
appear,VERB,7,0,0
waist,NOUN,7,0,0
hurriedly,ADV,7,0,0
kill,VERB,7,0,0
disgust,NOUN,7,0,0
newspaper,NOUN,7,0,0
queer,ADJ,7,0,0
hurry,VERB,7,0,0
double,ADJ,7,0,0
knock,NOUN,7,0,0
post,NOUN,7,0,0
seat,NOUN,7,0,0
click,NOUN,7,0,0
futility,NOUN,7,0,0
Comstocks,PROPN,7,0,1
wave,NOUN,7,0,0
disease,NOUN,7,0,0
shrink,VERB,7,0,0
past,ADV,7,0,0
birthday,NOUN,7,0,0
parent,NOUN,7,0,0
habit,NOUN,7,0,0
effect,NOUN,7,0,0
blame,VERB,7,0,0
violently,ADV,7,0,0
Westminster,PROPN,7,0,1
clearly,ADV,7,0,0
blood,NOUN,7,0,0
able,ADJ,7,0,0
teashop,NOUN,7,0,0
state,NOUN,7,0,0
weep,VERB,7,0,0
divine,VERB,7,0,0
raise,VERB,7,0,0
villa,NOUN,7,0,0
hill,NOUN,7,0,0
commercial,ADJ,7,0,0
honour,NOUN,7,0,0
hard,ADV,7,0,0
beneath,ADP,7,0,0
inner,ADJ,7,0,0
difficult,ADJ,7,0,0
neat,ADJ,7,0,0
surprise,NOUN,7,0,0
frightened,ADJ,7,0,0
swear,VERB,7,0,0
mainly,ADV,7,0,0
cease,VERB,7,0,0
Park,PROPN,7,0,1
quiet,ADJ,7,0,0
someone,PRON,7,1,0
sensation,NOUN,7,0,0
Regent,PROPN,7,0,1
sign,NOUN,7,0,0
jorrigoo,NOUN,7,0,0
toori,X,7,0,0
subject,NOUN,7,0,0
uncomfortable,ADJ,7,0,0
favourite,ADJ,7,0,0
Middlesbrough,PROPN,7,0,1
star,VERB,7,0,0
argument,NOUN,7,0,0
whisper,VERB,7,0,0
ghost,NOUN,7,0,0
stall,NOUN,7,0,0
frighten,VERB,7,0,0
nonsense,NOUN,7,0,0
village,NOUN,7,0,0
list,NOUN,7,0,0
drunken,ADJ,7,0,0
obvious,ADJ,7,0,0
principle,NOUN,7,0,0
Meakin,PROPN,7,0,1
Warner,PROPN,7,0,1
e,NOUN,6,0,0
evil,NOUN,6,0,0
Prince,PROPN,6,0,1
Wales,PROPN,6,0,1
stow,VERB,6,0,0
threepenny,NOUN,6,0,0
sicken,VERB,6,0,0
answer,NOUN,6,0,0
unless,SCONJ,6,1,0
fill,VERB,6,0,0
doorway,NOUN,6,0,0
contain,VERB,6,0,0
Walpole,PROPN,6,0,1
chest,NOUN,6,0,0
foul,ADJ,6,0,0
lace,NOUN,6,0,0
clamour,VERB,6,0,0
mug,NOUN,6,0,0
bitter,ADJ,6,0,0
rhyme,NOUN,6,0,0
ha,INTJ,6,0,0
direction,NOUN,6,0,0
pin,VERB,6,0,0
electric,ADJ,6,0,0
hide,VERB,6,0,0
colour,NOUN,6,0,0
review,VERB,6,0,0
angle,NOUN,6,0,0
level,NOUN,6,0,0
quietly,ADV,6,0,0
Stevenson,PROPN,6,0,1
late,ADJ,6,0,0
Cambridge,PROPN,6,0,1
snooty,ADJ,6,0,0
achievement,NOUN,6,0,0
join,VERB,6,0,0
italian,ADJ,6,0,0
style,NOUN,6,0,0
fade,VERB,6,0,0
art,NOUN,6,0,0
hop,VERB,6,0,0
silver,NOUN,6,0,0
english,ADJ,6,0,0
Lit,PROPN,6,0,1
Supp,PROPN,6,0,1
declare,VERB,6,0,0
regard,VERB,6,1,0
star,NOUN,6,0,0
may,AUX,6,1,0
roof,NOUN,6,0,0
steal,VERB,6,0,0
studio,NOUN,6,0,0
examine,VERB,6,0,0
box,NOUN,6,0,0
near,ADJ,6,0,0
powerful,ADJ,6,0,0
Charlotte,PROPN,6,0,1
husband,NOUN,6,0,0
french,ADJ,6,0,0
shy,ADJ,6,0,0
cat,NOUN,6,0,0
edge,VERB,6,0,0
fairly,ADV,6,0,0
ticket,NOUN,6,0,0
upstairs,ADV,6,0,0
dining,NOUN,6,0,0
beyond,ADP,6,1,0
inhabit,VERB,6,0,0
disappear,VERB,6,0,0
suspect,VERB,6,0,0
lodger,NOUN,6,0,0
traveller,NOUN,6,0,0
attempt,NOUN,6,0,0
coldly,ADV,6,0,0
seize,VERB,6,0,0
offend,VERB,6,0,0
pace,NOUN,6,0,0
score,VERB,6,0,0
jet,NOUN,6,0,0
warm,VERB,6,0,0
sickly,ADJ,6,0,0
match,NOUN,6,0,0
earth,NOUN,6,0,0
beastly,ADJ,6,0,0
Sherlock,PROPN,6,0,1
Holmes,PROPN,6,0,1
Shakespeare,PROPN,6,0,1
Lyons,PROPN,6,0,1
tin,NOUN,6,0,0
back,ADP,6,1,0
actual,ADJ,6,0,0
bitterly,ADV,6,0,0
futile,ADJ,6,0,0
disappointment,NOUN,6,0,0
fully,ADV,6,0,0
sock,NOUN,6,0,0
straight,ADV,6,0,0
belong,VERB,6,0,0
dismal,ADJ,6,0,0
unhappy,ADJ,6,0,0
animal,NOUN,6,0,0
boarding,NOUN,6,0,0
agency,NOUN,6,0,0
suffer,VERB,6,0,0
dread,VERB,6,0,0
phrase,NOUN,6,0,0
plenty,NOUN,6,0,0
purpose,NOUN,6,0,0
develop,VERB,6,0,0
tie,NOUN,6,0,0
Socialist,PROPN,6,0,1
swindle,NOUN,6,0,0
advertising,NOUN,6,0,0
factory,NOUN,6,0,0
grant,VERB,6,0,0
account,NOUN,6,0,0
secretly,ADV,6,0,0
folly,NOUN,6,0,0
workhouse,NOUN,6,0,0
serious,ADJ,6,1,0
carefully,ADV,6,0,0
violent,ADJ,6,0,0
strength,NOUN,6,0,0
writing,NOUN,6,0,0
sexual,ADJ,6,0,0
prospect,NOUN,6,0,0
brother,NOUN,6,0,0
capitalism,NOUN,6,0,0
eh,INTJ,6,0,0
further,ADJ,6,1,0
touch,NOUN,6,0,0
stuffy,ADJ,6,0,0
entirely,ADV,6,0,0
hardship,NOUN,6,0,0
spite,NOUN,6,0,0
interest,NOUN,6,0,0
sea,NOUN,6,0,0
enter,VERB,6,0,0
prison,NOUN,6,0,0
Thursday,PROPN,6,0,1
queer,NOUN,6,0,0
contact,NOUN,6,0,0
armchair,NOUN,6,0,0
witty,ADJ,6,0,0
stream,NOUN,6,0,0
entrail,NOUN,6,0,0
stanzas,NOUN,6,0,0
shape,NOUN,6,0,0
twist,VERB,6,0,0
gate,NOUN,6,0,0
doring,NOUN,6,0,0
snub,NOUN,6,0,0
servant,NOUN,6,0,0
hurt,VERB,6,0,0
Bridge,PROPN,6,0,1
cold,NOUN,6,0,0
muck,NOUN,6,0,0
oori,X,6,0,0
force,VERB,6,0,0
stamp,NOUN,6,0,0
elegant,ADJ,6,0,0
Marx,PROPN,6,0,1
enemy,NOUN,6,0,0
detail,NOUN,6,0,0
rare,ADJ,6,0,0
asleep,ADJ,6,0,0
Philip,PROPN,6,0,1
Saturday,PROPN,6,0,1
strangely,ADV,6,0,0
trap,NOUN,6,0,0
rosemary,ADJ,6,0,0
eyebrow,NOUN,6,0,0
partly,ADV,6,0,0
perfect,ADJ,6,0,0
fair,ADJ,6,0,0
quarrel,VERB,6,0,0
bob,PROPN,6,0,1
bridge,NOUN,6,0,0
thank,VERB,6,0,0
shock,NOUN,6,0,0
sink,NOUN,6,0,0
drunk,NOUN,6,0,0
magistrate,NOUN,6,0,0
fine,NOUN,6,0,0
jail,NOUN,6,0,0
fender,NOUN,6,0,0
manuscript,NOUN,6,0,0
publish,VERB,5,0,0
faith,NOUN,5,0,0
lounge,VERB,5,0,0
Friday,PROPN,5,0,1
decay,VERB,5,0,0
volume,NOUN,5,0,0
curtain,NOUN,5,0,0
trash,NOUN,5,0,0
kiddy,NOUN,5,0,0
pane,NOUN,5,0,0
forehead,NOUN,5,0,0
whole,NOUN,5,1,0
shape,VERB,5,0,0
tram,NOUN,5,0,0
glide,VERB,5,0,0
flutter,VERB,5,0,0
nasty,ADJ,5,0,0
anger,NOUN,5,0,0
birth,NOUN,5,0,0
slogan,NOUN,5,0,0
view,NOUN,5,0,0
bowler,NOUN,5,0,0
Lawrence,PROPN,5,0,1
edition,NOUN,5,0,0
disappoint,VERB,5,0,0
patch,NOUN,5,0,0
sleek,ADJ,5,0,0
widow,NOUN,5,0,0
spinster,NOUN,5,0,0
struggle,NOUN,5,0,0
position,NOUN,5,0,0
literature,NOUN,5,0,0
culture,NOUN,5,0,0
trip,NOUN,5,0,0
accomplish,VERB,5,0,0
clarity,NOUN,5,0,0
power,NOUN,5,0,0
charm,NOUN,5,0,0
boat,NOUN,5,0,0
collect,VERB,5,0,0
brow,NOUN,5,0,0
terrible,ADJ,5,0,0
hope,VERB,5,0,0
perfectly,ADV,5,0,0
ave,VERB,5,0,0
son,NOUN,5,0,0
English,PROPN,5,0,1
thirteen,NUM,5,0,0
exceptional,ADJ,5,0,0
subtle,ADJ,5,0,0
above,ADV,5,1,0
golden,ADJ,5,0,0
assume,VERB,5,0,0
smile,NOUN,5,0,0
casually,ADV,5,0,0
flatly,ADV,5,0,0
Veer,PROPN,5,0,1
stink,NOUN,5,0,0
study,VERB,5,0,0
photograph,NOUN,5,0,0
artist,NOUN,5,0,0
breathe,VERB,5,0,0
out,NOUN,5,1,0
mix,VERB,5,0,0
flash,NOUN,5,0,0
doom,NOUN,5,0,0
suicide,NOUN,5,0,0
sail,VERB,5,0,0
presumably,ADV,5,0,0
apologetically,ADV,5,0,0
overwhelm,VERB,5,0,0
gut,NOUN,5,0,0
vanish,VERB,5,0,0
nosed,ADJ,5,0,0
male,ADJ,5,0,0
throat,NOUN,5,0,0
cast,VERB,5,0,0
fur,NOUN,5,0,0
torn,ADJ,5,0,0
washing,NOUN,5,0,0
downward,ADV,5,0,0
haired,ADJ,5,0,0
nuisance,NOUN,5,0,0
extract,VERB,5,0,0
shake,VERB,5,0,0
action,NOUN,5,0,0
suck,VERB,5,0,0
sixteen,NUM,5,0,0
bath,NOUN,5,0,0
darkish,ADJ,5,0,0
reality,NOUN,5,0,0
slop,NOUN,5,0,0
tray,NOUN,5,0,0
stand,NOUN,5,0,0
continue,VERB,5,0,0
stale,ADJ,5,0,0
kitchen,NOUN,5,0,0
sing,VERB,5,0,0
cheer,VERB,5,0,0
bum,NOUN,5,0,0
wriggle,VERB,5,0,0
vague,ADJ,5,0,0
Paris,PROPN,5,0,1
various,ADJ,5,1,0
fourteen,NUM,5,0,0
saloon,ADJ,5,0,0
overcome,VERB,5,0,0
snub,VERB,5,0,0
grim,ADJ,5,0,0
familiar,ADJ,5,0,0
thinking,NOUN,5,0,0
endless,ADJ,5,0,0
film,NOUN,5,0,0
mark,NOUN,5,0,0
personality,NOUN,5,0,0
spare,ADJ,5,0,0
close,ADJ,5,0,0
flower,NOUN,5,0,0
circle,NOUN,5,0,0
butter,NOUN,5,0,0
meanwhile,ADV,5,1,0
clean,VERB,5,0,0
rid,VERB,5,0,0
chuck,VERB,5,0,0
equal,ADJ,5,0,0
true,ADJ,5,0,0
rattle,NOUN,5,0,0
Quarterly,PROPN,5,0,1
wild,ADJ,5,0,0
professional,ADJ,5,0,0
her,NOUN,5,1,0
loud,ADJ,5,0,0
intention,NOUN,5,0,0
fruit,NOUN,5,0,0
crack,NOUN,5,0,0
pyjama,NOUN,5,0,0
stanza,NOUN,5,0,0
awake,ADJ,5,0,0
conscious,ADJ,5,0,0
extent,NOUN,5,0,0
during,ADP,5,1,0
semi,ADJ,5,0,0
aunt,NOUN,5,0,0
sister,NOUN,5,0,0
hopeless,ADJ,5,0,0
squander,VERB,5,0,0
horror,NOUN,5,0,0
early,ADV,5,0,0
nature,NOUN,5,0,0
spoil,VERB,5,0,0
humiliation,NOUN,5,0,0
beginning,NOUN,5,0,0
date,NOUN,5,0,0
bye,INTJ,5,0,0
prefer,VERB,5,0,0
suit,VERB,5,0,0
intelligentsia,PROPN,5,0,1
hen,NOUN,5,0,0
socialism,NOUN,5,0,0
Underground,PROPN,5,0,1
virtue,NOUN,5,0,0
vein,NOUN,5,0,0
occur,VERB,5,0,0
talent,NOUN,5,0,0
expense,NOUN,5,0,0
bank,NOUN,5,0,0
secret,NOUN,5,0,0
embarrassed,ADJ,5,0,0
object,NOUN,5,0,0
Paddington,PROPN,5,0,1
contempt,NOUN,5,0,0
Good,PROPN,5,0,1
cottage,NOUN,5,0,0
westward,ADV,5,0,0
Street,PROPN,5,0,1
reference,NOUN,5,0,0
besides,SCONJ,5,1,0
learn,VERB,5,0,0
tremble,VERB,5,0,0
knock,VERB,5,0,0
ambition,NOUN,5,0,0
unexpected,ADJ,5,0,0
main,ADJ,5,0,0
oftener,NOUN,5,0,0
interesting,ADJ,5,0,0
final,ADJ,5,0,0
amuse,VERB,5,0,0
faintly,ADV,5,0,0
notice,NOUN,5,0,0
god,NOUN,5,0,0
special,ADJ,5,0,0
Clew,PROPN,5,0,1
copywriter,NOUN,5,0,0
market,NOUN,5,0,0
sleepy,ADJ,5,0,0
devil,NOUN,5,0,0
spiritual,ADJ,5,0,0
accord,VERB,5,0,0
moustache,NOUN,5,0,0
pretence,NOUN,5,0,0
discover,VERB,5,0,0
rustle,VERB,5,0,0
Coleridge,PROPN,5,0,1
slot,NOUN,5,0,0
whenever,SCONJ,5,1,0
practice,NOUN,5,0,0
least,ADV,5,1,0
boot,NOUN,5,0,0
season,NOUN,5,0,0
bough,NOUN,5,0,0
dismay,VERB,5,0,0
swing,VERB,5,0,0
friendship,NOUN,5,0,0
share,NOUN,5,0,0
southward,ADV,5,0,0
river,NOUN,5,0,0
desk,NOUN,5,0,0
handle,VERB,5,0,0
Neon,PROPN,5,0,1
approach,VERB,5,0,0
mark,VERB,5,0,0
surrender,VERB,5,0,0
fag,NOUN,5,0,0
whatever,DET,5,1,0
picture,VERB,5,0,0
cosy,ADJ,5,0,0
singing,NOUN,5,0,0
taste,NOUN,5,0,0
slip,NOUN,5,0,0
post,VERB,5,0,0
precisely,ADV,5,0,0
difference,NOUN,5,0,0
proletarian,ADJ,5,0,0
abruptly,ADV,5,0,0
bloodiness,NOUN,5,0,0
gun,NOUN,5,0,0
size,NOUN,5,0,0
your,NOUN,5,1,0
Man,PROPN,5,0,1
ruin,VERB,5,0,0
perverse,ADJ,5,0,0
anywhere,ADV,5,1,0
protest,VERB,5,0,0
frowzy,ADJ,5,0,0
rabbit,NOUN,5,0,0
invisible,ADJ,5,0,0
silk,NOUN,5,0,0
rule,NOUN,5,0,0
trail,VERB,5,0,0
obey,VERB,5,0,0
jolly,ADV,5,0,0
beech,NOUN,5,0,0
quarrel,NOUN,5,0,0
nowhere,ADV,5,1,0
accent,NOUN,5,0,0
Farnham,PROPN,5,0,1
hedge,NOUN,5,0,0
church,NOUN,5,0,0
Ravenscroft,PROPN,5,0,1
Hotel,PROPN,5,0,1
ze,PROPN,5,0,1
sare,VERB,5,0,0
wheel,NOUN,5,0,0
shoot,VERB,5,0,0
phone,NOUN,5,0,0
gin,NOUN,5,0,0
worried,ADJ,5,0,0
swell,VERB,5,0,0
change,NOUN,5,0,0
Chianti,PROPN,5,0,1
oo,NOUN,5,0,0
blanket,NOUN,5,0,0
joke,VERB,5,0,0
flick,NOUN,5,0,0
angel,NOUN,4,0,0
knowledge,NOUN,4,0,0
kind,ADJ,4,0,0
stain,VERB,4,0,0
clink,VERB,4,0,0
useless,ADJ,4,0,0
spot,VERB,4,0,0
pudding,NOUN,4,0,0
build,VERB,4,0,0
coloured,ADJ,4,0,0
Priestley,PROPN,4,0,1
impression,NOUN,4,0,0
jacket,NOUN,4,0,0
St,PROPN,4,0,1
patent,NOUN,4,0,0
Truweet,PROPN,4,0,1
Burgundy,PROPN,4,0,1
leather,NOUN,4,0,0
reflection,NOUN,4,0,0
chin,NOUN,4,0,0
advertise,VERB,4,0,0
good,INTJ,4,0,0
Chaucer,PROPN,4,0,1
mechanically,ADV,4,0,0
Cut,PROPN,4,0,1
Town,PROPN,4,0,1
regular,ADJ,4,0,0
local,ADJ,4,0,0
rubber,NOUN,4,0,0
backside,NOUN,4,0,0
soppy,ADJ,4,0,0
refined,ADJ,4,0,0
tripe,NOUN,4,0,0
sleep,NOUN,4,0,0
instinct,NOUN,4,0,0
o,INTJ,4,0,0
energy,NOUN,4,0,0
kick,VERB,4,0,0
false,ADJ,4,0,0
meat,NOUN,4,0,0
Ping,PROPN,4,0,1
draggle,VERB,4,0,0
basket,NOUN,4,0,0
doctor,NOUN,4,0,0
mumble,VERB,4,0,0
daughter,NOUN,4,0,0
law,NOUN,4,0,0
essentially,ADV,4,0,0
irony,NOUN,4,0,0
steady,ADJ,4,0,0
ton,NOUN,4,0,0
reduce,VERB,4,0,0
reading,NOUN,4,0,0
servile,ADJ,4,0,0
sub,ADJ,4,0,0
fortnight,NOUN,4,0,0
is,ADV,4,1,0
moneyless,NOUN,4,0,0
tight,ADJ,4,0,0
intimacy,NOUN,4,0,0
satisfied,ADJ,4,0,0
Waterloo,PROPN,4,0,1
boom,VERB,4,0,0
kerb,NOUN,4,0,0
hopeful,ADJ,4,0,0
bag,NOUN,4,0,0
creep,VERB,4,0,0
greed,NOUN,4,0,0
emptiness,NOUN,4,0,0
despair,NOUN,4,0,0
Pills,PROPN,4,0,1
future,ADJ,4,0,0
bomb,NOUN,4,0,0
visitor,NOUN,4,0,0
arrive,VERB,4,0,0
clumsy,ADJ,4,0,0
Miss,PROPN,4,0,1
range,VERB,4,0,0
undoubtedly,ADV,4,0,0
purse,NOUN,4,0,0
lean,ADJ,4,0,0
pince,NOUN,4,0,0
stab,VERB,4,0,0
strawberry,NOUN,4,0,0
sixpenny,NOUN,4,0,0
litter,NOUN,4,0,0
coat,VERB,4,0,0
advertisement,NOUN,4,0,0
whip,NOUN,4,0,0
flutter,NOUN,4,0,0
finger,VERB,4,0,0
ache,VERB,4,0,0
sheer,ADJ,4,0,0
shameful,ADJ,4,0,0
lung,NOUN,4,0,0
en,X,4,0,0
desire,VERB,4,0,0
pure,ADJ,4,0,0
definitely,ADV,4,0,0
contrive,VERB,4,0,0
card,NOUN,4,0,0
peep,VERB,4,0,0
lock,NOUN,4,0,0
hall,NOUN,4,0,0
receive,VERB,4,0,0
Toilet,PROPN,4,0,1
Requisites,PROPN,4,0,1
melt,VERB,4,0,0
meeting,NOUN,4,0,0
flesh,NOUN,4,0,0
buck,VERB,4,0,0
peach,NOUN,4,0,0
bet,VERB,4,0,0
ash,NOUN,4,0,0
blonde,ADJ,4,0,0
friendly,ADJ,4,0,0
clatter,NOUN,4,0,0
Lorenheim,PROPN,4,0,1
employer,NOUN,4,0,0
jug,NOUN,4,0,0
induce,VERB,4,0,0
mess,NOUN,4,0,0
possess,VERB,4,0,0
mantelpiece,NOUN,4,0,0
apply,VERB,4,0,0
unwillingly,ADV,4,0,0
furtively,ADV,4,0,0
salt,NOUN,4,0,0
florist,NOUN,4,0,0
kettle,NOUN,4,0,0
forbid,VERB,4,0,0
alarm,NOUN,4,0,0
careful,ADJ,4,0,0
sneak,VERB,4,0,0
act,NOUN,4,0,0
major,ADJ,4,0,0
pack,VERB,4,0,0
prevent,VERB,4,0,0
stove,NOUN,4,0,0
spread,VERB,4,0,0
fold,VERB,4,0,0
bundle,NOUN,4,0,0
downstairs,ADV,4,0,0
noise,NOUN,4,0,0
short,ADV,4,0,0
bored,ADJ,4,0,0
copper,NOUN,4,0,0
teach,VERB,4,0,0
descend,VERB,4,0,0
start,NOUN,4,0,0
series,NOUN,4,0,0
create,VERB,4,0,0
drive,VERB,4,0,0
vivid,ADJ,4,0,0
couplet,NOUN,4,0,0
upwards,ADV,4,0,0
walk,NOUN,4,0,0
accident,NOUN,4,0,0
footstep,NOUN,4,0,0
painfully,ADV,4,0,0
nervous,ADJ,4,0,0
amusement,NOUN,4,0,0
sigh,VERB,4,0,0
sinister,ADJ,4,0,0
wind,VERB,4,0,0
stretch,VERB,4,0,0
beam,NOUN,4,0,0
fast,ADV,4,0,0
survive,VERB,4,0,0
need,NOUN,4,0,0
chunk,NOUN,4,0,0
weight,NOUN,4,0,0
along,ADV,4,1,0
childhood,NOUN,4,0,0
automatically,ADV,4,0,0
underground,ADV,4,0,0
godless,ADJ,4,0,0
Mental,PROPN,4,0,1
Home,PROPN,4,0,1
fee,NOUN,4,0,0
theory,NOUN,4,0,0
goose,NOUN,4,0,0
contemptuous,ADJ,4,0,0
despondent,ADJ,4,0,0
tip,VERB,4,0,0
crawl,VERB,4,0,0
long,VERB,4,0,0
unreasonable,ADJ,4,0,0
opinion,NOUN,4,0,0
sixty,NUM,4,1,0
bait,NOUN,4,0,0
crude,ADJ,4,0,0
little,ADV,4,0,0
religion,NOUN,4,0,0
slave,NOUN,4,0,0
thy,PRON,4,0,0
crime,NOUN,4,0,0
Earl,PROPN,4,0,1
Station,PROPN,4,0,1
eighteen,NUM,4,0,0
complete,VERB,4,0,0
insurance,NOUN,4,0,0
lesson,NOUN,4,0,0
care,NOUN,4,0,0
draughty,ADJ,4,0,0
drawing,NOUN,4,0,0
interfere,VERB,4,0,0
squirm,VERB,4,0,0
fro,VERB,4,0,0
guilt,NOUN,4,0,0
gradually,ADV,4,0,0
carriage,NOUN,4,0,0
moneyless,ADJ,4,0,0
garret,NOUN,4,0,0
uncomfortably,ADV,4,0,0
owe,VERB,4,0,0
up,NOUN,4,1,0
lucky,ADJ,4,0,0
last,ADV,4,1,0
publicity,NOUN,4,0,0
twopenny,ADJ,4,0,0
fashion,NOUN,4,0,0
remote,ADJ,4,0,0
employee,NOUN,4,0,0
cynical,ADJ,4,0,0
public,NOUN,4,0,0
guess,VERB,4,0,0
confidence,NOUN,4,0,0
consequently,ADV,4,0,0
shock,VERB,4,0,0
length,NOUN,4,0,0
search,NOUN,4,0,0
bookseller,NOUN,4,0,0
painful,ADJ,4,0,0
perversely,ADV,4,0,0
example,NOUN,4,0,0
affect,VERB,4,0,0
last,VERB,4,1,0
mental,ADJ,4,0,0
saint,NOUN,4,0,0
unfurnished,ADJ,4,0,0
penniless,ADJ,4,0,0
motif,NOUN,4,0,0
visit,NOUN,4,0,0
either,CCONJ,4,1,0
shade,NOUN,4,0,0
truly,ADV,4,0,0
tail,NOUN,4,0,0
service,NOUN,4,0,0
both,CCONJ,4,1,0
cake,NOUN,4,0,0
mild,ADJ,4,0,0
dry,ADJ,4,0,0
windless,ADJ,4,0,0
Grove,PROPN,4,0,1
collar,NOUN,4,0,0
Hampstead,PROPN,4,0,1
introduce,VERB,4,0,0
eagerly,ADV,4,0,0
bench,NOUN,4,0,0
foreskin,NOUN,4,0,0
saith,ADP,4,0,0
boss,NOUN,4,0,0
instalment,NOUN,4,0,0
prosperous,ADJ,4,0,0
path,NOUN,4,0,0
mistake,VERB,4,0,0
insult,NOUN,4,0,0
rapidly,ADV,4,0,0
sharp,ADJ,4,0,0
West,PROPN,4,0,1
Camden,PROPN,4,0,1
Tottenham,PROPN,4,0,1
thread,VERB,4,0,0
Tea,PROPN,4,0,1
cork,NOUN,4,0,0
December,PROPN,4,0,1
pity,VERB,4,0,0
stream,VERB,4,0,0
commissionaire,NOUN,4,0,0
drown,VERB,4,0,0
dreadfully,ADV,4,0,0
ree,NOUN,4,0,0
pierce,VERB,4,0,0
booze,NOUN,4,0,0
ay,NOUN,4,0,0
shiny,ADJ,4,0,0
blaze,VERB,4,0,0
gather,VERB,4,0,0
defeat,VERB,4,0,0
wound,VERB,4,0,0
antichrist,NOUN,4,0,0
prostitute,NOUN,4,0,0
murder,NOUN,4,0,0
agree,VERB,4,0,0
presence,NOUN,4,0,0
b,X,4,0,0
jar,NOUN,4,0,0
foetus,NOUN,4,0,0
exaggerate,VERB,4,0,0
blank,ADJ,4,0,0
offensive,ADJ,4,0,0
mine,NOUN,4,1,0
resolve,VERB,4,0,0
low,ADV,4,0,0
persuade,VERB,4,0,0
deal,NOUN,4,0,0
tap,VERB,4,0,0
navvy,NOUN,4,0,0
subside,VERB,4,0,0
talk,NOUN,4,0,0
perceive,VERB,4,0,0
important,ADJ,4,0,0
stamp,VERB,4,0,0
helpless,ADJ,4,0,0
yawn,VERB,4,0,0
prick,VERB,4,0,0
gilt,NOUN,4,0,0
return,NOUN,4,0,0
wake,VERB,4,0,0
ass,NOUN,4,0,0
lecture,VERB,4,0,0
disgusting,ADJ,4,0,0
haul,VERB,4,0,0
marg,NOUN,4,0,0
rib,NOUN,4,0,0
pheasant,NOUN,4,0,0
promise,VERB,4,0,0
adultery,NOUN,4,0,0
pluck,VERB,4,0,0
flood,VERB,4,0,0
cock,VERB,4,0,0
hi,INTJ,4,0,0
glitter,VERB,4,0,0
nicely,ADV,4,0,0
clergyman,NOUN,4,0,0
instantly,ADV,4,0,0
damn,INTJ,4,0,0
incapable,ADJ,4,0,0
remark,NOUN,4,0,0
blue,NOUN,4,0,0
otherwise,ADV,4,1,0
move,NOUN,4,1,0
Burnham,PROPN,4,0,1
own,VERB,4,1,0
free,VERB,4,0,0
please,VERB,4,1,0
daunt,VERB,4,0,0
fault,NOUN,4,0,0
lodging,NOUN,4,0,0
mistress,NOUN,4,0,0
lock,VERB,4,0,0
linen,NOUN,4,0,0
adventure,NOUN,4,0,0
journey,NOUN,4,0,0
Common,PROPN,4,0,1
rapture,NOUN,4,0,0
glad,ADJ,4,0,0
insist,VERB,4,0,0
soup,NOUN,4,0,0
footsore,NOUN,4,0,0
Thames,PROPN,4,0,1
consist,VERB,4,0,0
evidently,ADV,4,0,0
interior,NOUN,4,0,0
taste,VERB,4,0,0
chilly,ADJ,4,0,0
dress,NOUN,4,0,0
sare,NOUN,4,0,0
disaster,NOUN,4,0,0
salver,NOUN,4,0,0
gap,NOUN,4,0,0
shame,NOUN,4,0,0
will,NOUN,4,1,0
careless,ADJ,4,0,0
dollar,NOUN,4,0,0
quart,ADJ,4,0,0
Soho,PROPN,4,0,1
plead,VERB,4,0,0
ice,NOUN,4,0,0
Drunken,PROPN,4,0,1
march,VERB,4,0,0
swish,ADJ,4,0,0
gurgle,NOUN,4,0,0
porcelain,NOUN,4,0,0
clink,NOUN,4,0,0
Black,PROPN,4,0,1
Maria,PROPN,4,0,1
prisoner,NOUN,4,0,0
burglar,NOUN,4,0,0
sulkily,ADV,4,0,0
till,NOUN,4,0,0
foresee,VERB,4,0,0
sack,VERB,4,0,0
pretext,NOUN,4,0,0
madden,VERB,4,0,0
clip,VERB,4,0,0
kingdom,NOUN,4,0,0
mance,NOUN,4,0,0
offer,NOUN,4,0,0
cook,VERB,4,0,0
gift,NOUN,3,0,0
mystery,NOUN,3,0,0
remove,VERB,3,0,0
mountain,NOUN,3,0,0
puff,VERB,3,0,0
member,NOUN,3,0,0
age,VERB,3,0,0
stagnant,ADJ,3,0,0
Wednesday,PROPN,3,0,1
advance,NOUN,3,0,0
sum,NOUN,3,0,0
bitch,NOUN,3,0,0
handful,NOUN,3,0,0
fish,VERB,3,0,0
brim,NOUN,3,0,0
extinct,ADJ,3,0,0
lending,NOUN,3,0,0
twopenny,NOUN,3,0,0
pincher,NOUN,3,0,0
line,VERB,3,0,0
Burroughs,PROPN,3,0,1
Galsworthy,PROPN,3,0,1
soggy,ADJ,3,0,0
slab,NOUN,3,0,0
avert,VERB,3,0,0
rackhamesque,ADJ,3,0,0
thirtieth,ADJ,3,0,0
hoarding,NOUN,3,0,0
doll,NOUN,3,0,0
oppress,VERB,3,0,0
grin,VERB,3,0,0
focus,NOUN,3,0,0
unkempt,ADJ,3,0,0
mirror,NOUN,3,0,0
groan,VERB,3,0,0
bow,VERB,3,0,0
raw,ADJ,3,0,0
matter,ADV,3,0,0
boredom,NOUN,3,0,0
re,VERB,3,1,0
stiffen,VERB,3,0,0
solicitor,NOUN,3,0,0
nose,VERB,3,0,0
far,ADJ,3,0,0
Nonconformist,PROPN,3,0,1
slipper,NOUN,3,0,0
tuck,VERB,3,0,0
yearn,VERB,3,0,0
press,NOUN,3,0,0
set,NOUN,3,0,0
pathetic,ADJ,3,0,0
remainder,NOUN,3,0,0
guard,VERB,3,0,0
humour,NOUN,3,0,0
Hemingway,PROPN,3,0,1
painter,NOUN,3,0,0
review,NOUN,3,0,0
deeping,NOUN,3,0,0
print,NOUN,3,0,0
cultured,ADJ,3,0,0
loose,ADJ,3,0,0
loathing,NOUN,3,0,0
devastating,ADJ,3,0,0
refinement,NOUN,3,0,0
labyrinth,NOUN,3,0,0
article,NOUN,3,0,0
wit,NOUN,3,0,0
cash,NOUN,3,0,0
comfort,VERB,3,0,0
wait,NOUN,3,0,0
buckram,NOUN,3,0,0
Scotchman,PROPN,3,0,1
shoulder,VERB,3,0,0
rush,NOUN,3,0,0
Forsyte,PROPN,3,0,1
Saga,PROPN,3,0,1
passer,NOUN,3,0,0
sour,ADJ,3,0,0
weather,NOUN,3,0,0
address,VERB,3,0,0
dim,NOUN,3,0,0
spasm,NOUN,3,0,0
mention,NOUN,3,0,0
awfully,ADV,3,0,0
signal,VERB,3,0,0
Eagle,PROPN,3,0,1
astonishingly,ADV,3,0,0
ironically,ADV,3,0,0
sneaky,ADJ,3,0,0
foolscap,NOUN,3,0,0
octavo,NOUN,3,0,0
price,NOUN,3,0,0
sourly,ADV,3,0,0
Eliot,PROPN,3,0,1
cherry,NOUN,3,0,0
float,VERB,3,0,0
artistic,ADJ,3,0,0
browse,VERB,3,0,0
hoof,NOUN,3,0,0
slop,VERB,3,0,0
feeble,ADJ,3,0,0
tempt,VERB,3,0,0
russian,ADJ,3,0,0
delicately,ADV,3,0,0
squirrel,NOUN,3,0,0
inside,NOUN,3,0,0
idiotic,ADJ,3,0,0
spectacle,NOUN,3,0,0
shuffle,VERB,3,0,0
string,NOUN,3,0,0
depend,VERB,3,0,0
clasp,VERB,3,0,0
sudden,ADJ,3,0,0
shortly,ADV,3,0,0
beetle,NOUN,3,0,0
description,NOUN,3,0,0
unclean,ADJ,3,0,0
grave,NOUN,3,0,0
silliness,NOUN,3,0,0
vulgarity,NOUN,3,0,0
grin,NOUN,3,0,0
seemingly,ADV,3,0,0
titter,VERB,3,0,0
but,SCONJ,3,1,0
noisily,ADV,3,0,0
voluptuous,ADJ,3,0,0
shave,NOUN,3,0,0
curry,NOUN,3,0,0
doubt,ADV,3,0,0
hatless,ADJ,3,0,0
sallow,ADJ,3,0,0
beam,VERB,3,0,0
history,NOUN,3,0,0
wing,NOUN,3,0,0
genteel,ADJ,3,0,0
depart,VERB,3,0,0
dry,VERB,3,0,0
bearded,ADJ,3,0,0
snuff,NOUN,3,0,0
calf,NOUN,3,0,0
constantly,ADV,3,0,0
de,X,3,0,0
simultaneously,ADV,3,0,0
closing,NOUN,3,0,0
ravish,VERB,3,0,0
intend,VERB,3,0,0
resist,VERB,3,0,0
greyish,ADJ,3,0,0
Money,PROPN,3,0,1
innumerable,ADJ,3,0,0
represent,VERB,3,0,0
homeward,ADV,3,0,0
backward,ADV,3,0,0
spout,NOUN,3,0,0
slummy,ADJ,3,0,0
depressing,ADJ,3,0,0
corpse,NOUN,3,0,0
third,NOUN,3,1,0
amid,ADP,3,0,0
lettering,NOUN,3,0,0
foliage,NOUN,3,0,0
gaslight,NOUN,3,0,0
extra,ADJ,3,0,0
sauce,NOUN,3,0,0
midday,NOUN,3,0,0
key,NOUN,3,0,0
cabbage,NOUN,3,0,0
rag,NOUN,3,0,0
lair,NOUN,3,0,0
inspect,VERB,3,0,0
smuggle,VERB,3,0,0
respectable,ADJ,3,0,0
forty,NUM,3,1,0
permanent,ADJ,3,0,0
light,ADJ,3,0,0
travel,VERB,3,0,0
robust,ADJ,3,0,0
greenish,ADJ,3,0,0
compromise,VERB,3,0,0
Cortez,PROPN,3,0,1
Arms,PROPN,3,0,1
thirsty,ADJ,3,0,0
uncertain,ADJ,3,0,0
race,NOUN,3,0,0
slow,VERB,3,0,0
margarine,NOUN,3,0,0
indoor,NOUN,3,0,0
White,PROPN,3,0,1
lino,NOUN,3,0,0
wash,NOUN,3,0,0
basin,NOUN,3,0,0
cloth,NOUN,3,0,0
peculiarly,ADV,3,0,0
mangy,ADJ,3,0,0
attempt,VERB,3,0,0
preserve,VERB,3,0,0
deliberately,ADV,3,0,0
aquarium,NOUN,3,0,0
grate,NOUN,3,0,0
boil,VERB,3,0,0
event,NOUN,3,0,0
household,NOUN,3,0,0
offence,NOUN,3,0,0
suitcase,NOUN,3,0,0
milk,NOUN,3,0,0
murderer,NOUN,3,0,0
tiptoe,VERB,3,0,0
crockery,NOUN,3,0,0
waste,NOUN,3,0,0
magic,NOUN,3,0,0
spot,NOUN,3,0,0
hack,VERB,3,0,0
handwriting,NOUN,3,0,0
scholarly,ADJ,3,0,0
rummage,VERB,3,0,0
scrap,NOUN,3,0,0
discomfort,NOUN,3,0,0
worry,NOUN,3,0,0
present,ADJ,3,0,0
creation,NOUN,3,0,0
tickle,VERB,3,0,0
abyss,NOUN,3,0,0
anew,ADV,3,0,0
version,NOUN,3,0,0
satisfy,VERB,3,0,0
labour,NOUN,3,0,0
Californian,PROPN,3,0,1
Review,PROPN,3,0,1
fashionable,ADJ,3,0,0
standard,NOUN,3,0,0
miracle,NOUN,3,0,0
ill,ADJ,3,0,0
resent,VERB,3,0,0
ascend,VERB,3,0,0
century,NOUN,3,0,0
quilt,NOUN,3,0,0
mantle,NOUN,3,0,0
womanless,NOUN,3,0,0
wad,NOUN,3,0,0
smallish,ADJ,3,0,0
shudder,VERB,3,0,0
fro,PROPN,3,0,1
mechanical,ADJ,3,0,0
wealth,NOUN,3,0,0
lifetime,NOUN,3,0,0
scoundrel,NOUN,3,0,0
proletariat,NOUN,3,0,0
point,VERB,3,0,0
weigh,VERB,3,0,0
lack,VERB,3,0,0
vitality,NOUN,3,0,0
garden,NOUN,3,0,0
John,PROPN,3,0,1
destroy,VERB,3,0,0
harass,VERB,3,0,0
doom,VERB,3,0,0
elbow,VERB,3,0,0
equally,ADV,3,0,0
sale,NOUN,3,0,0
unmarried,ADJ,3,0,0
swallow,VERB,3,0,0
block,NOUN,3,0,0
generation,NOUN,3,0,0
turn,NOUN,3,0,0
fearful,ADJ,3,0,0
sacrifice,NOUN,3,0,0
sacrifice,VERB,3,0,0
clever,ADJ,3,0,0
win,VERB,3,0,0
firmly,ADV,3,0,0
nurse,VERB,3,0,0
pretty,ADJ,3,0,0
third,ADJ,3,1,0
agony,NOUN,3,0,0
term,NOUN,3,0,0
cruel,ADJ,3,0,0
dismally,ADV,3,0,0
Age,PROPN,3,0,1
intelligent,ADJ,3,0,0
profoundly,ADV,3,0,0
commandment,NOUN,3,0,0
priesthood,NOUN,3,0,0
pawn,VERB,3,0,0
lion,NOUN,3,0,0
greatly,ADV,3,0,0
wither,VERB,3,0,0
worship,VERB,3,0,0
contribute,VERB,3,0,0
willing,ADJ,3,0,0
Smith,PROPN,3,0,1
Jones,PROPN,3,0,1
music,NOUN,3,0,0
contribution,NOUN,3,0,0
fatigue,NOUN,3,0,0
piano,NOUN,3,0,0
miserably,ADV,3,0,0
department,NOUN,3,0,0
lead,NOUN,3,0,0
splendid,ADJ,3,0,0
blasphemy,NOUN,3,0,0
fit,NOUN,3,0,0
deathly,ADV,3,0,0
helplessly,ADV,3,0,0
utter,ADJ,3,0,0
cit,NOUN,3,0,0
tin,VERB,3,0,0
soldier,NOUN,3,0,0
healthy,ADJ,3,0,0
tune,NOUN,3,0,0
consciously,ADV,3,0,0
nerve,VERB,3,0,0
seriously,ADV,3,0,0
anchorite,ADJ,3,0,0
scar,VERB,3,0,0
discovery,NOUN,3,0,0
cadge,VERB,3,0,0
barely,ADV,3,0,0
sprout,NOUN,3,0,0
design,VERB,3,0,0
swift,ADJ,3,0,0
completely,ADV,3,0,0
repudiate,VERB,3,0,0
ill,ADV,3,0,0
impress,VERB,3,0,0
Poetry,PROPN,3,0,1
unmistakable,ADJ,3,0,0
plunge,VERB,3,0,0
triumph,NOUN,3,0,0
form,NOUN,3,0,0
deodorant,NOUN,3,0,0
novelist,NOUN,3,0,0
pleased,ADJ,3,0,0
honestly,ADV,3,0,0
deal,VERB,3,0,0
aspidistral,ADJ,3,0,0
upset,ADJ,3,0,0
remark,VERB,3,0,0
Mice,PROPN,3,0,1
squalor,NOUN,3,0,0
rosy,ADJ,3,0,0
resolve,NOUN,3,0,0
submerge,VERB,3,0,0
destiny,NOUN,3,0,0
effortless,NOUN,3,0,0
sin,NOUN,3,0,0
ultimate,ADJ,3,0,0
remnant,NOUN,3,0,0
weary,ADJ,3,0,0
stalagmite,NOUN,3,0,0
drip,NOUN,3,0,0
detached,ADJ,3,0,0
Briarbrae,PROPN,3,0,1
caress,NOUN,3,0,0
feather,NOUN,3,0,0
weekly,ADJ,3,0,0
nineteen,NUM,3,0,0
post,ADJ,3,0,0
ride,VERB,3,0,0
horse,NOUN,3,0,0
plane,NOUN,3,0,0
motionless,NOUN,3,0,0
halfpence,NOUN,3,0,0
critic,NOUN,3,0,0
social,ADJ,3,0,0
tie,VERB,3,0,0
register,VERB,3,0,0
dore,VERB,3,0,0
quite,ADJ,3,1,0
encounter,VERB,3,0,0
chain,NOUN,3,0,0
circumcise,VERB,3,0,0
icy,ADJ,3,0,0
taxis,NOUN,3,0,0
skivvy,NOUN,3,0,0
neatly,ADV,3,0,0
Drage,PROPN,3,0,1
starling,NOUN,3,0,0
finished,ADJ,3,0,0
pride,NOUN,3,0,0
Dorings,PROPN,3,0,1
hasten,VERB,3,0,0
chill,NOUN,3,0,0
childish,ADJ,3,0,0
iron,NOUN,3,0,0
basement,NOUN,3,0,0
stroll,VERB,3,0,0
trick,NOUN,3,0,0
explanation,NOUN,3,0,0
cheat,VERB,3,0,0
hostel,NOUN,3,0,0
nearer,NOUN,3,0,0
Oxford,PROPN,3,0,1
debauch,NOUN,3,0,0
swollen,ADJ,3,0,0
railway,NOUN,3,0,0
glare,NOUN,3,0,0
skysign,NOUN,3,0,0
square,ADJ,3,0,0
instant,NOUN,3,0,0
million,NUM,3,0,0
trickle,VERB,3,0,0
garish,ADJ,3,0,0
softness,NOUN,3,0,0
lap,NOUN,3,0,0
Palace,PROPN,3,0,1
cost,NOUN,3,0,0
fo,NOUN,3,0,0
ree,PROPN,3,0,1
infinitely,ADV,3,0,0
beery,ADJ,3,0,0
Buffaloes,PROPN,3,0,1
hesitate,VERB,3,0,0
slap,VERB,3,0,0
outside,NOUN,3,0,0
dance,VERB,3,0,0
spittoon,NOUN,3,0,0
pal,NOUN,3,0,0
rail,NOUN,3,0,0
swap,VERB,3,0,0
sure,INTJ,3,0,0
nerve,NOUN,3,0,0
brief,ADJ,3,0,0
nosy,ADJ,3,0,0
bound,VERB,3,0,0
address,NOUN,3,0,0
rejection,NOUN,3,0,0
Fancy,PROPN,3,0,1
curse,VERB,3,0,0
knuckle,NOUN,3,0,0
enormous,ADJ,3,0,0
frame,VERB,3,0,0
approximately,ADV,3,0,0
disguise,VERB,3,0,0
character,NOUN,3,0,0
ninepence,NOUN,3,0,0
litter,VERB,3,0,0
spew,VERB,3,0,0
abortion,NOUN,3,0,0
necessarily,ADV,3,0,0
murmur,VERB,3,0,0
lamplight,NOUN,3,0,0
glimpse,NOUN,3,0,0
doubt,VERB,3,0,0
reborn,ADJ,3,0,0
gloomily,ADV,3,0,0
pitiful,ADJ,3,0,0
plain,ADJ,3,0,0
game,NOUN,3,0,0
duck,VERB,3,0,0
vacant,ADJ,3,0,0
stare,NOUN,3,0,0
ale,NOUN,3,0,0
tube,NOUN,3,0,0
Capitalism,PROPN,3,0,1
yawn,NOUN,3,0,0
Huxley,PROPN,3,0,1
tighten,VERB,3,0,0
Church,PROPN,3,0,1
temptation,NOUN,3,0,0
momentary,ADJ,3,0,0
payment,NOUN,3,0,0
steel,VERB,3,0,0
empty,VERB,3,0,0
Beer,PROPN,3,0,1
slightly,ADV,3,0,0
Bass,PROPN,3,0,1
philosophic,ADJ,3,0,0
stroke,VERB,3,0,0
strain,NOUN,3,0,0
pain,VERB,3,0,0
fuss,NOUN,3,0,0
quote,VERB,3,0,0
Slater,PROPN,3,0,1
torment,VERB,3,0,0
invent,VERB,3,0,0
starvation,NOUN,3,0,0
near,VERB,3,0,0
duty,NOUN,3,0,0
quid,ADJ,3,0,0
hover,VERB,3,0,0
promptly,ADV,3,0,0
master,VERB,3,0,0
scrubby,NOUN,3,0,0
reassure,VERB,3,0,0
jump,VERB,3,0,0
bore,NOUN,3,0,0
leave,NOUN,3,0,0
support,VERB,3,0,0
lord,PROPN,3,0,1
Tuesday,PROPN,3,0,1
disgust,VERB,3,0,0
pool,NOUN,3,0,0
oath,NOUN,3,0,0
pram,NOUN,3,0,0
consequence,NOUN,3,0,0
freedom,NOUN,3,0,0
backwards,ADV,3,0,0
abjure,VERB,3,0,0
eyed,ADJ,3,0,0
live,ADJ,3,0,0
undie,NOUN,3,0,0
forgive,VERB,3,0,0
debonair,NOUN,3,0,0
closely,ADV,3,0,0
dressed,ADJ,3,0,0
particularly,ADV,3,0,0
affection,NOUN,3,0,0
decently,ADV,3,0,0
shirt,NOUN,3,0,0
respect,NOUN,3,0,0
sexless,ADJ,3,0,0
hers,PRON,3,1,0
feature,NOUN,3,0,0
sexually,ADV,3,0,0
late,ADV,3,0,0
magnanimity,NOUN,3,0,0
married,ADJ,3,0,0
Putney,PROPN,3,0,1
progress,NOUN,3,0,0
garter,NOUN,3,0,0
tone,NOUN,3,0,0
Beeches,PROPN,3,0,1
idiot,NOUN,3,0,0
unspeakable,ADJ,3,0,0
recoil,VERB,3,0,0
blow,NOUN,3,0,0
caress,VERB,3,0,0
charity,NOUN,3,0,0
certainty,NOUN,3,0,0
tram,PROPN,3,0,1
birchwood,NOUN,3,0,0
calendar,NOUN,3,0,0
hunt,VERB,3,0,0
bargain,NOUN,3,0,0
teapot,NOUN,3,0,0
desert,VERB,3,0,0
sooty,ADJ,3,0,0
dot,VERB,3,0,0
stretch,NOUN,3,0,0
exclaim,VERB,3,0,0
dew,NOUN,3,0,0
bark,NOUN,3,0,0
leap,VERB,3,0,0
gleam,VERB,3,0,0
limb,NOUN,3,0,0
simile,NOUN,3,0,0
lawn,NOUN,3,0,0
stockbroker,NOUN,3,0,0
accord,NOUN,3,0,0
flyblown,ADJ,3,0,0
head,VERB,3,0,0
disagreeable,ADJ,3,0,0
Lunch,PROPN,3,0,1
damn,ADV,3,0,0
elevenpence,NOUN,3,0,0
sare,PROPN,3,0,1
menu,NOUN,3,0,0
indecent,NOUN,3,0,0
gullet,NOUN,3,0,0
degree,NOUN,3,0,0
dismayed,ADJ,3,0,0
no,NOUN,3,1,0
profound,ADJ,3,0,0
bye,NOUN,3,0,0
booking,NOUN,3,0,0
gloomy,ADJ,3,0,0
dimly,ADV,3,0,0
ship,NOUN,3,0,0
dream,NOUN,3,0,0
pawn,NOUN,3,0,0
rouse,VERB,3,0,0
sir,PROPN,3,0,1
extravagant,ADJ,3,0,0
liking,NOUN,3,0,0
wave,VERB,3,0,0
Julien,PROPN,3,0,1
anxious,ADJ,3,0,0
fizzy,ADJ,3,0,0
foam,NOUN,3,0,0
force,NOUN,3,0,0
opposite,ADV,3,0,0
liquid,NOUN,3,0,0
Cafe,PROPN,3,0,1
Imperial,PROPN,3,0,1
refuge,NOUN,3,0,0
restless,ADJ,3,0,0
top,VERB,3,0,0
toe,NOUN,3,0,0
Piccadilly,PROPN,3,0,1
Circus,PROPN,3,0,1
round,ADP,3,0,0
smack,VERB,3,0,0
fiery,ADJ,3,0,0
ho,X,3,0,0
shout,VERB,3,0,0
immense,ADJ,3,0,0
lay,NOUN,3,0,0
gleam,NOUN,3,0,0
beggar,NOUN,3,0,0
paint,VERB,3,0,0
March,PROPN,3,0,1
clear,VERB,3,0,0
thou,NOUN,3,0,0
merry,VERB,3,0,0
disorderly,ADJ,3,0,0
recover,VERB,3,0,0
witness,NOUN,3,0,0
wearily,ADV,3,0,0
toothbrush,NOUN,3,0,0
situation,NOUN,3,0,0
soda,NOUN,3,0,0
spare,VERB,3,0,0
Beaver,PROPN,3,0,1
rage,NOUN,3,0,0
deteriorate,VERB,3,0,0
emotion,NOUN,3,0,0
blackmail,NOUN,3,0,0
corrupt,ADJ,3,0,0
lurk,VERB,3,0,0
valuable,ADJ,3,0,0
mi,PROPN,3,0,1
dwarf,NOUN,3,0,0
undertaker,NOUN,3,0,0
furnish,VERB,3,0,0
assorted,ADJ,3,0,0
sluttish,ADJ,3,0,0
system,NOUN,3,0,0
attic,ADJ,3,0,0
attic,NOUN,3,0,0
cream,NOUN,3,0,0
booth,NOUN,3,0,0
registry,NOUN,3,0,0
George,PROPN,2,0,1
e,PROPN,2,0,1
prophecy,NOUN,2,0,0
feed,VERB,2,0,0
suffereth,VERB,2,0,0
doth,PROPN,2,0,1
unseemly,ADJ,2,0,0
seeketh,ADJ,2,0,0
Player,PROPN,2,0,1
Weights,PROPN,2,0,1
thumb,NOUN,2,0,0
ding,NOUN,2,0,0
perish,VERB,2,0,0
frail,NOUN,2,0,0
fretful,ADJ,2,0,0
flannel,NOUN,2,0,0
shapeless,ADJ,2,0,0
fivepence,NOUN,2,0,0
sniff,NOUN,2,0,0
stalk,VERB,2,0,0
unsaleable,VERB,2,0,0
coffin,NOUN,2,0,0
graf,NOUN,2,0,0
arrange,VERB,2,0,0
Deeping,PROPN,2,0,1
smooth,VERB,2,0,0
habitual,ADJ,2,0,0
inch,NOUN,2,0,0
usually,ADV,2,0,0
deceive,VERB,2,0,0
trip,VERB,2,0,0
leaden,ADJ,2,0,0
cobble,NOUN,2,0,0
slimy,ADJ,2,0,0
November,PROPN,2,0,1
square,NOUN,2,0,0
elm,NOUN,2,0,0
leafless,NOUN,2,0,0
twig,NOUN,2,0,0
sepia,NOUN,2,0,0
medicine,NOUN,2,0,0
gallery,NOUN,2,0,0
optimism,NOUN,2,0,0
Kangaroo,PROPN,2,0,1
Vitamalt,PROPN,2,0,1
faced,ADJ,2,0,0
cafe,NOUN,2,0,0
dull,VERB,2,0,0
pear,NOUN,2,0,0
Hair,PROPN,2,0,1
incline,VERB,2,0,0
bleak,ADJ,2,0,0
steel,NOUN,2,0,0
wake,NOUN,2,0,0
strain,VERB,2,0,0
eastward,ADV,2,0,0
threatening,ADJ,2,0,0
threaten,VERB,2,0,0
Asthma,PROPN,2,0,1
Hubby,PROPN,2,0,1
vitamalt,NOUN,2,0,0
curve,NOUN,2,0,0
umbrella,NOUN,2,0,0
dispatch,NOUN,2,0,0
Lady,PROPN,2,0,1
afar,ADV,2,0,0
Welsh,PROPN,2,0,1
president,NOUN,2,0,0
parade,NOUN,2,0,0
razzle,NOUN,2,0,0
Women,PROPN,2,0,1
doubtless,ADJ,2,0,0
bride,NOUN,2,0,0
deflower,VERB,2,0,0
remainder,VERB,2,0,0
by,ADV,2,1,0
throne,NOUN,2,0,0
classic,NOUN,2,0,0
monster,NOUN,2,0,0
victorian,ADJ,2,0,0
Carlyle,PROPN,2,0,1
Meredith,PROPN,2,0,1
Ruskin,PROPN,2,0,1
Pater,PROPN,2,0,1
biography,NOUN,2,0,0
duke,NOUN,2,0,0
place,VERB,2,0,0
sect,NOUN,2,0,0
creed,NOUN,2,0,0
World,PROPN,2,0,1
Jesus,PROPN,2,0,1
propaganda,NOUN,2,0,0
lowbrow,NOUN,2,0,0
yearly,ADJ,2,0,0
acre,NOUN,2,0,0
envy,NOUN,2,0,0
spectacle,VERB,2,0,0
influential,ADJ,2,0,0
leisure,NOUN,2,0,0
rob,VERB,2,0,0
novelette,NOUN,2,0,0
mori,NOUN,2,0,0
oblivion,NOUN,2,0,0
Letters,PROPN,2,0,1
Robert,PROPN,2,0,1
Louis,PROPN,2,0,1
thou,ADJ,2,0,0
duck,NOUN,2,0,0
sparrow,NOUN,2,0,0
greet,VERB,2,0,0
reserve,VERB,2,0,0
Ethel,PROPN,2,0,1
bosom,NOUN,2,0,0
Mister,PROPN,2,0,1
marvellous,ADJ,2,0,0
epic,NOUN,2,0,0
witted,ADJ,2,0,0
untidy,ADJ,2,0,0
try,NOUN,2,0,0
thoroughly,ADV,2,0,0
Ding,PROPN,2,0,1
Dong,PROPN,2,0,1
signal,NOUN,2,0,0
Hugh,PROPN,2,0,1
Way,PROPN,2,0,1
popular,ADJ,2,0,0
melancholy,ADJ,2,0,0
high,ADV,2,0,0
Yeats,PROPN,2,0,1
la,PROPN,2,0,1
squibs,NOUN,2,0,0
Day,PROPN,2,0,1
Lewis,PROPN,2,0,1
Joyce,PROPN,2,0,1
gild,VERB,2,0,0
gentlemanly,ADV,2,0,0
formula,NOUN,2,0,0
r,NOUN,2,0,0
snob,NOUN,2,0,0
slim,ADJ,2,0,0
translation,NOUN,2,0,0
hollow,ADJ,2,0,0
column,NOUN,2,0,0
veer,VERB,2,0,0
tumty,NOUN,2,0,0
murky,ADJ,2,0,0
anybody,PRON,2,0,0
ballet,NOUN,2,0,0
non,ADJ,2,0,0
paw,NOUN,2,0,0
nut,NOUN,2,0,0
hanger,NOUN,2,0,0
on,NOUN,2,1,0
scandal,NOUN,2,0,0
silky,NOUN,2,0,0
shell,NOUN,2,0,0
separate,VERB,2,0,0
charming,ADJ,2,0,0
extravagantly,ADV,2,0,0
relationship,NOUN,2,0,0
purchase,VERB,2,0,0
that,ADV,2,1,0
hike,NOUN,2,0,0
landscape,NOUN,2,0,0
khaki,NOUN,2,0,0
short,NOUN,2,0,0
grinning,NOUN,2,0,0
rat,NOUN,2,0,0
slick,ADJ,2,0,0
master,NOUN,2,0,0
docile,ADJ,2,0,0
sty,NOUN,2,0,0
tramp,NOUN,2,0,0
malevolence,NOUN,2,0,0
breadcrust,NOUN,2,0,0
emit,VERB,2,0,0
whiff,NOUN,2,0,0
Ere,PROPN,2,0,1
revolt,VERB,2,0,0
o,NOUN,2,0,0
ferociously,ADV,2,0,0
detour,NOUN,2,0,0
silently,ADV,2,0,0
cough,VERB,2,0,0
product,NOUN,2,0,0
graceless,PROPN,2,0,1
intolerable,ADJ,2,0,0
decay,NOUN,2,0,0
wish,NOUN,2,0,0
Amen,PROPN,2,0,1
fly,VERB,2,0,0
thunder,NOUN,2,0,0
scent,NOUN,2,0,0
tough,ADJ,2,0,0
curry,VERB,2,0,0
solitary,ADJ,2,0,0
colonel,NOUN,2,0,0
privacy,NOUN,2,0,0
disturb,VERB,2,0,0
distort,VERB,2,0,0
chemist,NOUN,2,0,0
gait,NOUN,2,0,0
overall,ADJ,2,0,0
Deep,PROPN,2,0,1
problem,NOUN,2,0,0
dispute,VERB,2,0,0
lapdog,NOUN,2,0,0
Soul,PROPN,2,0,1
Seven,PROPN,2,0,1
sensible,ADJ,2,0,0
nez,PROPN,2,0,1
feminist,NOUN,2,0,0
incompetence,NOUN,2,0,0
Poems,PROPN,2,0,1
muffler,NOUN,2,0,0
reluctant,ADJ,2,0,0
paw,VERB,2,0,0
slime,NOUN,2,0,0
swirl,NOUN,2,0,0
chink,VERB,2,0,0
Edgar,PROPN,2,0,1
Wallace,PROPN,2,0,1
handy,ADJ,2,0,0
folio,NOUN,2,0,0
guiltily,ADV,2,0,0
nervousness,NOUN,2,0,0
awkwardly,ADV,2,0,0
florin,NOUN,2,0,0
wrap,VERB,2,0,0
disgraceful,ADJ,2,0,0
dwarfish,ADJ,2,0,0
soothe,VERB,2,0,0
Villon,PROPN,2,0,1
mercy,NOUN,2,0,0
Zoom,PROPN,2,0,1
crash,NOUN,2,0,0
western,ADJ,2,0,0
darken,VERB,2,0,0
involuntarily,ADV,2,0,0
humming,NOUN,2,0,0
imagination,NOUN,2,0,0
squadron,NOUN,2,0,0
NW,PROPN,2,0,1
specialize,VERB,2,0,0
heating,NOUN,2,0,0
geyser,NOUN,2,0,0
tomb,NOUN,2,0,0
clot,VERB,2,0,0
shone,NOUN,2,0,0
frosted,ADJ,2,0,0
fit,VERB,2,0,0
hallway,NOUN,2,0,0
mat,NOUN,2,0,0
parlour,NOUN,2,0,0
suspiciously,ADV,2,0,0
lodge,VERB,2,0,0
feature,VERB,2,0,0
grievance,NOUN,2,0,0
coarse,ADJ,2,0,0
Big,PROPN,2,0,1
startling,ADJ,2,0,0
lemon,NOUN,2,0,0
s,PART,2,0,0
suggest,VERB,2,0,0
unexpectedly,ADV,2,0,0
Sexapeal,PROPN,2,0,1
Naturetint,PROPN,2,0,1
lipstick,NOUN,2,0,0
luscious,ADJ,2,0,0
boy,INTJ,2,0,0
decanter,ADV,2,0,0
hence,ADV,2,1,0
exile,NOUN,2,0,0
bar,VERB,2,0,0
Guinness,PROPN,2,0,1
Coo,PROPN,2,0,1
tender,NOUN,2,0,0
mildly,ADV,2,0,0
dully,ADV,2,0,0
vacuum,NOUN,2,0,0
cleaner,NOUN,2,0,0
devour,VERB,2,0,0
lust,NOUN,2,0,0
company,NOUN,2,0,0
wheedle,VERB,2,0,0
engineer,NOUN,2,0,0
employ,VERB,2,0,0
discolour,VERB,2,0,0
sized,ADJ,2,0,0
bamboo,NOUN,2,0,0
nagging,NOUN,2,0,0
muddle,NOUN,2,0,0
flame,NOUN,2,0,0
speciman,NOUN,2,0,0
forth,ADP,2,0,0
immortal,ADJ,2,0,0
circumstance,NOUN,2,0,0
wipe,VERB,2,0,0
stock,NOUN,2,0,0
crack,VERB,2,0,0
slice,NOUN,2,0,0
mousetrap,NOUN,2,0,0
King,PROPN,2,0,1
Lear,PROPN,2,0,1
capable,ADJ,2,0,0
bolt,VERB,2,0,0
Woolworth,PROPN,2,0,1
downstair,NOUN,2,0,0
pipe,NOUN,2,0,0
plug,NOUN,2,0,0
precaution,NOUN,2,0,0
passably,ADV,2,0,0
patient,NOUN,2,0,0
acquire,VERB,2,0,0
immensely,ADV,2,0,0
motive,NOUN,2,0,0
fragment,NOUN,2,0,0
rewrite,VERB,2,0,0
interval,NOUN,2,0,0
grope,VERB,2,0,0
score,NOUN,2,0,0
conceive,VERB,2,0,0
personal,ADJ,2,0,0
content,NOUN,2,0,0
rightful,ADJ,2,0,0
landing,NOUN,2,0,0
fainter,NOUN,2,0,0
pen,NOUN,2,0,0
bundle,VERB,2,0,0
bracket,NOUN,2,0,0
heat,NOUN,2,0,0
candle,NOUN,2,0,0
ping,NOUN,2,0,0
skull,NOUN,2,0,0
labyrinthine,ADJ,2,0,0
undress,VERB,2,0,0
resemble,VERB,2,0,0
map,NOUN,2,0,0
sag,VERB,2,0,0
coldness,NOUN,2,0,0
whisper,NOUN,2,0,0
Rhyme,PROPN,2,0,1
comfortable,ADJ,2,0,0
penetrate,VERB,2,0,0
golf,NOUN,2,0,0
Barrie,PROPN,2,0,1
snobbish,ADJ,2,0,0
Samuel,PROPN,2,0,1
influence,NOUN,2,0,0
mansion,NOUN,2,0,0
beget,VERB,2,0,0
Kensal,PROPN,2,0,1
Green,PROPN,2,0,1
tender,ADJ,2,0,0
July,PROPN,2,0,1
sentence,NOUN,2,0,0
inscribe,VERB,2,0,0
rough,ADJ,2,0,0
surprising,ADJ,2,0,0
doing,NOUN,2,1,0
crush,VERB,2,0,0
listless,ADJ,2,0,0
gutless,ADJ,2,0,0
profession,NOUN,2,0,0
totally,ADV,2,0,0
joyless,ADJ,2,0,0
sensational,ADJ,2,0,0
progeny,NOUN,2,0,0
thereafter,ADV,2,1,0
curse,NOUN,2,0,0
conceivable,ADJ,2,0,0
dribble,VERB,2,0,0
loss,NOUN,2,0,0
derelict,NOUN,2,0,0
annuity,NOUN,2,0,0
stew,VERB,2,0,0
mutton,PROPN,2,0,1
comstock,NOUN,2,0,0
depressed,ADJ,2,0,0
accountant,NOUN,2,0,0
kidney,NOUN,2,0,0
incubus,NOUN,2,0,0
imitation,NOUN,2,0,0
plumber,NOUN,2,0,0
pretentious,ADJ,2,0,0
scholarship,NOUN,2,0,0
brilliant,ADJ,2,0,0
retrieve,VERB,2,0,0
fortune,NOUN,2,0,0
affectionate,ADJ,2,0,0
headmaster,NOUN,2,0,0
publicly,ADV,2,0,0
pray,VERB,2,0,0
successful,ADJ,2,0,0
unorthodox,ADJ,2,0,0
patriotism,NOUN,2,0,0
invariably,ADV,2,0,0
associate,VERB,2,0,0
War,PROPN,2,0,1
subversive,ADJ,2,0,0
monthly,ADJ,2,0,0
British,PROPN,2,0,1
Empire,PROPN,2,0,1
Army,PROPN,2,0,1
boyish,ADJ,2,0,0
worship,NOUN,2,0,0
significant,ADJ,2,0,0
shalt,NOUN,2,0,0
symbol,NOUN,2,0,0
resign,VERB,2,0,0
drudge,NOUN,2,0,0
naive,ADJ,2,0,0
selfish,ADJ,2,0,0
fatal,ADJ,2,0,0
likely,ADJ,2,0,0
especial,ADJ,2,0,0
heaven,PROPN,2,0,1
seventy,NUM,2,0,0
snobbishness,NOUN,2,0,0
damnably,ADV,2,0,0
pushing,NOUN,2,0,0
pupil,NOUN,2,0,0
Acton,PROPN,2,0,1
stool,NOUN,2,0,0
fat,NOUN,2,0,0
buckle,VERB,2,0,0
reiterate,VERB,2,0,0
sullenly,ADV,2,0,0
feebly,ADV,2,0,0
mingle,VERB,2,0,0
interview,VERB,2,0,0
fitting,ADJ,2,0,0
district,NOUN,2,0,0
sometime,ADV,2,1,0
intercourse,NOUN,2,0,0
fate,NOUN,2,0,0
City,PROPN,2,0,1
strap,NOUN,2,0,0
army,NOUN,2,0,0
furnished,ADJ,2,0,0
Bloomsbury,PROPN,2,0,1
thus,ADV,2,1,0
darling,NOUN,2,0,0
desolate,VERB,2,0,0
mad,ADJ,2,0,0
vainly,ADV,2,0,0
contrary,NOUN,2,0,0
advice,NOUN,2,0,0
Embankment,PROPN,2,0,1
Billingsgate,PROPN,2,0,1
muscle,NOUN,2,0,0
saving,NOUN,2,0,0
abominable,ADJ,2,0,0
renounce,VERB,2,0,0
Highgate,PROPN,2,0,1
desperately,ADV,2,0,0
fungus,NOUN,2,0,0
minor,ADJ,2,0,0
Secrets,PROPN,2,0,1
Time,PROPN,2,0,1
staff,NOUN,2,0,0
attractive,ADJ,2,0,0
intimidate,VERB,2,0,0
linger,VERB,2,0,0
rattling,NOUN,2,0,0
bucket,NOUN,2,0,0
go,NOUN,2,1,0
getter,NOUN,2,0,0
mentality,NOUN,2,0,0
director,NOUN,2,0,0
hitherto,NOUN,2,0,0
minimum,ADJ,2,0,0
slowness,NOUN,2,0,0
speech,NOUN,2,0,0
slow,ADJ,2,0,0
charge,NOUN,2,0,0
likeable,ADJ,2,0,0
button,VERB,2,0,0
ability,NOUN,2,0,0
sidelong,ADJ,2,0,0
secretary,NOUN,2,0,0
rope,NOUN,2,0,0
April,PROPN,2,0,1
Dew,PROPN,2,0,1
development,NOUN,2,0,0
compose,VERB,2,0,0
promising,ADJ,2,0,0
lie,NOUN,2,0,0
involve,VERB,2,0,0
pay,NOUN,2,0,0
beard,NOUN,2,0,0
publisher,NOUN,2,0,0
obscure,ADJ,2,0,0
un,PROPN,2,0,1
altogether,ADV,2,0,0
distressed,ADJ,2,0,0
interview,NOUN,2,0,0
refrain,VERB,2,0,0
pronounce,VERB,2,0,0
nauseous,ADJ,2,0,0
unwanted,ADJ,2,0,0
behind,ADV,2,1,0
scottish,ADJ,2,0,0
teetotaller,NOUN,2,0,0
glow,NOUN,2,0,0
impose,VERB,2,0,0
ill,NOUN,2,0,0
deadness,NOUN,2,0,0
grey,VERB,2,0,0
routine,NOUN,2,0,0
sewing,NOUN,2,0,0
tragedy,NOUN,2,0,0
rut,NOUN,2,0,0
wordless,NOUN,2,0,0
dwindle,VERB,2,0,0
portrait,NOUN,2,0,0
Henry,PROPN,2,0,1
pale,NOUN,2,0,0
droop,VERB,2,0,0
upward,ADJ,2,0,0
furtive,ADJ,2,0,0
hearted,ADJ,2,0,0
whore,VERB,2,0,0
stagnation,NOUN,2,0,0
darkish,NOUN,2,0,0
discuss,VERB,2,0,0
Drip,PROPN,2,0,1
Poor,PROPN,2,0,1
parchment,NOUN,2,0,0
virgin,NOUN,2,0,0
mop,NOUN,2,0,0
fashion,VERB,2,0,0
Crown,PROPN,2,0,1
Derby,PROPN,2,0,1
china,PROPN,2,0,1
unloveable,ADJ,2,0,0
present,VERB,2,0,0
decade,NOUN,2,0,0
current,ADJ,2,0,0
fiction,NOUN,2,0,0
hundred,NOUN,2,0,0
war,ADJ,2,0,0
Humphry,PROPN,2,0,1
Ward,PROPN,2,0,1
William,PROPN,2,0,1
vegetable,NOUN,2,0,0
demonstrable,ADJ,2,0,0
branch,NOUN,2,0,0
dim,VERB,2,0,0
valley,NOUN,2,0,0
strew,VERB,2,0,0
cereal,NOUN,2,0,0
queen,NOUN,2,0,0
Paul,PROPN,2,0,1
mattress,NOUN,2,0,0
scrap,VERB,2,0,0
tedious,ADJ,2,0,0
ankle,NOUN,2,0,0
through,ADV,2,1,0
Gold,PROPN,2,0,1
Flake,PROPN,2,0,1
Hell,PROPN,2,0,1
host,NOUN,2,0,0
jade,VERB,2,0,0
padded,ADJ,2,0,0
beforehand,ADV,2,1,0
worthy,ADJ,2,0,0
lately,ADV,2,0,0
christian,ADJ,2,0,0
sum,VERB,2,0,0
invariable,ADJ,2,0,0
recurrent,ADJ,2,0,0
fun,ADJ,2,0,0
doze,VERB,2,0,0
Tube,PROPN,2,0,1
horde,NOUN,2,0,0
ant,ADJ,2,0,0
boom,NOUN,2,0,0
eastern,ADJ,2,0,0
Thinking,PROPN,2,0,1
ye,PRON,2,0,0
black,VERB,2,0,0
bleakly,ADV,2,0,0
strike,NOUN,2,0,0
spear,NOUN,2,0,0
Insurance,PROPN,2,0,1
twin,ADJ,2,0,0
plainly,ADV,2,0,0
despair,VERB,2,0,0
traffic,NOUN,2,0,0
association,NOUN,2,0,0
antique,ADJ,2,0,0
dank,PROPN,2,0,1
envelop,VERB,2,0,0
hack,NOUN,2,0,0
danger,NOUN,2,0,0
shadow,NOUN,2,0,0
invite,VERB,2,0,0
hitch,NOUN,2,0,0
creak,VERB,2,0,0
deserted,ADJ,2,0,0
tug,VERB,2,0,0
clang,PROPN,2,0,1
control,VERB,2,0,0
dragon,NOUN,2,0,0
roughly,ADV,2,0,0
Garden,PROPN,2,0,1
improve,VERB,2,0,0
tinkle,NOUN,2,0,0
biscuit,NOUN,2,0,0
arch,NOUN,2,0,0
barrel,NOUN,2,0,0
wreck,NOUN,2,0,0
sort,ADV,2,0,0
parcel,NOUN,2,0,0
genuine,ADJ,2,0,0
Trafalgar,PROPN,2,0,1
Square,PROPN,2,0,1
siren,NOUN,2,0,0
scented,ADJ,2,0,0
sidelong,NOUN,2,0,0
counter,NOUN,2,0,0
crowd,VERB,2,0,0
aquarium,ADJ,2,0,0
unseeing,ADJ,2,0,0
male,NOUN,2,0,0
note,VERB,2,0,0
Greta,PROPN,2,0,1
encourage,VERB,2,0,0
flicker,VERB,2,0,0
drivel,NOUN,2,0,0
drug,NOUN,2,0,0
merry,ADJ,2,0,0
check,VERB,2,0,0
haste,NOUN,2,0,0
slouch,VERB,2,0,0
noisy,ADJ,2,0,0
arm,VERB,2,0,0
risk,VERB,2,0,0
ripe,ADJ,2,0,0
fe,NOUN,2,0,0
ELL,PROPN,2,0,1
OW,PROPN,2,0,1
scarlet,ADJ,2,0,0
Saloon,PROPN,2,0,1
bottled,ADJ,2,0,0
draught,ADJ,2,0,0
tout,NOUN,2,0,0
cutie,NOUN,2,0,0
witticism,NOUN,2,0,0
obscene,ADJ,2,0,0
laughter,NOUN,2,0,0
shocked,ADJ,2,0,0
careless,NOUN,2,0,0
ho,PROPN,2,0,1
revive,VERB,2,0,0
jump,NOUN,2,0,0
postman,NOUN,2,0,0
chip,VERB,2,0,0
quail,VERB,2,0,0
tumble,VERB,2,0,0
Editor,PROPN,2,0,1
regret,VERB,2,0,0
laurel,NOUN,2,0,0
loathe,VERB,2,0,0
acutely,ADV,2,0,0
meditate,VERB,2,0,0
signature,NOUN,2,0,0
laugh,NOUN,2,0,0
announce,VERB,2,0,0
poky,ADJ,2,0,0
foredoom,VERB,2,0,0
edit,VERB,2,0,0
transfer,VERB,2,0,0
wide,ADV,2,0,0
grace,NOUN,2,0,0
apologetic,ADJ,2,0,0
forefinger,NOUN,2,0,0
apologize,VERB,2,0,0
silent,ADJ,2,0,0
ease,NOUN,2,0,0
graceful,ADJ,2,0,0
drowsy,NOUN,2,0,0
pea,NOUN,2,0,0
heel,NOUN,2,0,0
respond,VERB,2,0,0
useful,ADJ,2,0,0
comparison,NOUN,2,0,0
competition,NOUN,2,0,0
lifeless,ADJ,2,0,0
re,NOUN,2,1,0
miner,NOUN,2,0,0
belief,NOUN,2,0,0
pallid,ADJ,2,0,0
community,NOUN,2,0,0
corps,NOUN,2,0,0
objectify,VERB,2,0,0
plaster,VERB,2,0,0
phase,NOUN,2,0,0
accursed,ADJ,2,0,0
confession,NOUN,2,0,0
underclothe,NOUN,2,0,0
swiftly,ADV,2,0,0
porter,NOUN,2,0,0
fringe,NOUN,2,0,0
madame,NOUN,2,0,0
dart,NOUN,2,0,0
a,NOUN,2,1,0
toff,NOUN,2,0,0
balance,VERB,2,0,0
jam,NOUN,2,0,0
rinse,VERB,2,0,0
objection,NOUN,2,0,0
Hostel,PROPN,2,0,1
Catholic,PROPN,2,0,1
reflectively,ADV,2,0,0
meek,NOUN,2,0,0
silence,NOUN,2,0,0
ouse,NOUN,2,0,0
ignorant,ADJ,2,0,0
flush,VERB,2,0,0
swallow,NOUN,2,0,0
alcoholic,ADJ,2,0,0
s,NOUN,2,0,0
myself,PRON,2,1,0
economic,ADJ,2,0,0
wound,NOUN,2,0,0
accuse,VERB,2,0,0
watery,ADJ,2,0,0
radiance,NOUN,2,0,0
Lawe,PROPN,2,0,1
Tale,PROPN,2,0,1
rankle,VERB,2,0,0
amazed,ADJ,2,0,0
society,NOUN,2,0,0
career,NOUN,2,0,0
halitosis,NOUN,2,0,0
nod,VERB,2,0,0
mermaid,NOUN,2,0,0
strongly,ADV,2,0,0
drage,NOUN,2,0,0
grab,VERB,2,0,0
sin,VERB,2,0,0
asking,NOUN,2,0,0
occasion,NOUN,2,0,0
neglect,VERB,2,0,0
callous,ADJ,2,0,0
Waterlow,PROPN,2,0,1
conscience,NOUN,2,0,0
deeply,ADV,2,0,0
theatre,NOUN,2,0,0
spearhead,NOUN,2,0,0
railing,NOUN,2,0,0
conviction,NOUN,2,0,0
fleeting,ADJ,2,0,0
bowl,NOUN,2,0,0
grape,NOUN,2,0,0
char,NOUN,2,0,0
sleepily,ADV,2,0,0
weakly,ADV,2,0,0
justice,NOUN,2,0,0
eagerness,NOUN,2,0,0
steak,NOUN,2,0,0
DEAR,PROPN,2,0,1
convulsion,NOUN,2,0,0
ugliness,NOUN,2,0,0
either,ADV,2,1,0
misty,PROPN,2,0,1
resentment,NOUN,2,0,0
unfair,ADJ,2,0,0
likely,ADV,2,0,0
resort,NOUN,2,0,0
supple,ADJ,2,0,0
hath,NOUN,2,0,0
differently,ADV,2,0,0
dripping,ADJ,2,0,0
cadavre,PROPN,2,0,1
blooded,ADJ,2,0,0
rebel,VERB,2,0,0
affair,NOUN,2,0,0
hawker,NOUN,2,0,0
bulb,NOUN,2,0,0
glow,VERB,2,0,0
orange,NOUN,2,0,0
stiff,ADJ,2,0,0
glassy,NOUN,2,0,0
enamel,PROPN,2,0,1
solitude,NOUN,2,0,0
scream,NOUN,2,0,0
harsh,ADJ,2,0,0
flush,NOUN,2,0,0
nimbly,ADV,2,0,0
underfoot,NOUN,2,0,0
visible,ADJ,2,0,0
Harrow,PROPN,2,0,1
aprone,VERB,2,0,0
vilely,ADV,2,0,0
lively,ADJ,2,0,0
sixteenth,ADJ,2,0,0
proud,ADJ,2,0,0
shovel,ADJ,2,0,0
suited,ADJ,2,0,0
broken,ADJ,2,0,0
readily,ADV,2,0,0
clung,PROPN,2,0,1
shield,NOUN,2,0,0
defensive,ADJ,2,0,0
maiden,NOUN,2,0,0
prayer,NOUN,2,0,0
complete,ADJ,2,0,0
vous,ADJ,2,0,0
ce,PROPN,2,0,1
principal,ADJ,2,0,0
tirade,NOUN,2,0,0
next,ADP,2,1,0
hire,NOUN,2,0,0
purchase,NOUN,2,0,0
radio,NOUN,2,0,0
mystical,ADJ,2,0,0
silence,VERB,2,0,0
Lempriere,PROPN,2,0,1
cultivate,VERB,2,0,0
extraordinarily,ADV,2,0,0
soulless,ADJ,2,0,0
subjection,NOUN,2,0,0
haze,NOUN,2,0,0
Sundays,PROPN,2,0,1
chill,VERB,2,0,0
hurried,ADJ,2,0,0
arithmetic,NOUN,2,0,0
frightfully,ADV,2,0,0
confess,VERB,2,0,0
dependent,ADJ,2,0,0
sponge,NOUN,2,0,0
jealous,ADJ,2,0,0
distress,VERB,2,0,0
angrily,ADV,2,0,0
distract,VERB,2,0,0
clumsily,ADV,2,0,0
trust,VERB,2,0,0
rain,VERB,2,0,0
period,NOUN,2,0,0
semi,NOUN,2,0,0
oak,NOUN,2,0,0
lane,NOUN,2,0,0
pokerwork,NOUN,2,0,0
caddy,NOUN,2,0,0
standing,NOUN,2,0,0
cadging,NOUN,2,0,0
worn,ADJ,2,0,0
drawer,NOUN,2,0,0
rack,NOUN,2,0,0
Bread,PROPN,2,0,1
wilderness,NOUN,2,0,0
cow,NOUN,2,0,0
birch,NOUN,2,0,0
wood,NOUN,2,0,0
blade,NOUN,2,0,0
misty,ADJ,2,0,0
colourless,ADJ,2,0,0
base,NOUN,2,0,0
fold,NOUN,2,0,0
swish,VERB,2,0,0
opulent,ADJ,2,0,0
purplish,ADJ,2,0,0
jay,NOUN,2,0,0
loiter,VERB,2,0,0
trim,NOUN,2,0,0
flurry,NOUN,2,0,0
trunk,NOUN,2,0,0
fairy,NOUN,2,0,0
pig,NOUN,2,0,0
exact,ADJ,2,0,0
strow,VERB,2,0,0
area,NOUN,2,0,0
straggle,VERB,2,0,0
rail,VERB,2,0,0
board,NOUN,2,0,0
Aberdeen,PROPN,2,0,1
stuff,VERB,2,0,0
signpost,NOUN,2,0,0
possession,NOUN,2,0,0
toil,VERB,2,0,0
riverside,NOUN,2,0,0
bungalow,NOUN,2,0,0
towpath,NOUN,2,0,0
float,NOUN,2,0,0
dessay,VERB,2,0,0
paint,NOUN,2,0,0
behold,VERB,2,0,0
smartish,ADJ,2,0,0
overcharge,VERB,2,0,0
drive,NOUN,2,0,0
command,VERB,2,0,0
tweak,VERB,2,0,0
vote,VERB,2,0,0
motor,NOUN,2,0,0
frequent,VERB,2,0,0
openly,ADV,2,0,0
determined,ADJ,2,0,0
Sare,PROPN,2,0,1
pleasant,ADJ,2,0,0
pound,VERB,2,0,0
salad,NOUN,2,0,0
sweet,ADJ,2,0,0
indicate,VERB,2,0,0
stroke,NOUN,2,0,0
shrug,VERB,2,0,0
conceal,VERB,2,0,0
avenge,VERB,2,0,0
display,VERB,2,0,0
victory,NOUN,2,0,0
abash,VERB,2,0,0
stomach,NOUN,2,0,0
disregard,VERB,2,0,0
momentarily,ADV,2,0,0
strip,VERB,2,0,0
slam,VERB,2,0,0
constrict,VERB,2,0,0
roast,NOUN,2,0,0
copse,NOUN,2,0,0
bush,NOUN,2,0,0
plough,VERB,2,0,0
toy,NOUN,2,0,0
imply,VERB,2,0,0
unnerve,VERB,2,0,0
sideways,ADV,2,0,0
tile,NOUN,2,0,0
startle,VERB,2,0,0
gentle,ADJ,2,0,0
rearrange,VERB,2,0,0
thoughtless,ADJ,2,0,0
depth,NOUN,2,0,0
apparently,ADV,2,0,0
moodily,ADV,2,0,0
result,NOUN,2,0,0
twice,ADV,2,0,0
restrain,VERB,2,0,0
lumpish,ADJ,2,0,0
banal,ADJ,2,0,0
sulky,ADJ,2,0,0
eightpence,VERB,2,0,0
limp,ADJ,2,0,0
decision,NOUN,2,0,0
guest,NOUN,2,0,0
cross,NOUN,2,0,0
indignantly,ADV,2,0,0
rock,NOUN,2,0,0
torment,ADJ,2,0,0
pressure,NOUN,2,0,0
Brighton,PROPN,2,0,1
solid,ADJ,2,0,0
glare,VERB,2,0,0
glitter,NOUN,2,0,0
grove,NOUN,2,0,0
Ashtaroth,PROPN,2,0,1
swam,VERB,2,0,0
hurry,NOUN,2,0,0
rule,VERB,2,0,0
spy,VERB,2,0,0
pattern,NOUN,2,0,0
claim,VERB,2,0,0
caution,NOUN,2,0,0
include,VERB,2,0,0
cash,VERB,2,0,0
odd,ADJ,2,0,0
malaise,NOUN,2,0,0
cashier,NOUN,2,0,0
Notes,PROPN,2,0,1
famous,ADJ,2,0,0
joint,NOUN,2,0,0
extravagance,NOUN,2,0,0
twinge,NOUN,2,0,0
regardless,ADV,2,0,0
generally,ADV,2,0,0
euphemistically,ADV,2,0,0
fix,VERB,2,0,0
disastrous,ADJ,2,0,0
loll,VERB,2,0,0
driver,NOUN,2,0,0
matily,ADV,2,0,0
lyrically,ADV,2,0,0
dark,NOUN,2,0,0
smoothly,ADV,2,0,0
grease,VERB,2,0,0
bust,NOUN,2,0,0
Bohemian,PROPN,2,0,1
farewell,NOUN,2,0,0
moody,ADJ,2,0,0
gay,ADJ,2,0,0
encounter,NOUN,2,0,0
moral,ADJ,2,0,0
support,NOUN,2,0,0
bosh,ADV,2,0,0
damn,VERB,2,0,0
league,NOUN,2,0,0
kick,NOUN,2,0,0
champagne,NOUN,2,0,0
mixture,NOUN,2,0,0
très,VERB,2,0,0
vif,NOUN,2,0,0
pop,NOUN,2,0,0
cascade,NOUN,2,0,0
mysteriously,ADV,2,0,0
fried,ADJ,2,0,0
Mail,PROPN,2,0,1
reputation,NOUN,2,0,0
manufacture,VERB,2,0,0
gulp,VERB,2,0,0
tail,VERB,2,0,0
quart,NOUN,2,0,0
sober,VERB,2,0,0
disapprove,VERB,2,0,0
foolishness,NOUN,2,0,0
recapture,VERB,2,0,0
grocer,NOUN,2,0,0
band,NOUN,2,0,0
opposite,ADP,2,0,0
sufficient,ADJ,2,0,0
Shaftesbury,PROPN,2,0,1
Avenue,PROPN,2,0,1
tight,ADV,2,0,0
peer,VERB,2,0,0
amused,ADJ,2,0,0
undo,VERB,2,0,0
Girl,PROPN,2,0,1
dodge,VERB,2,0,0
midnight,NOUN,2,0,0
hell,PROPN,2,0,1
disengage,VERB,2,0,0
squeal,NOUN,2,0,0
complain,VERB,2,0,0
shepherd,VERB,2,0,0
fetch,VERB,2,0,0
measure,VERB,2,0,0
landlord,NOUN,2,0,0
yellow,NOUN,2,0,0
flinching,NOUN,2,0,0
Drunk,PROPN,2,0,1
swam,NOUN,2,0,0
chap,PROPN,2,0,1
second,NOUN,2,0,0
recede,VERB,2,0,0
blacken,VERB,2,0,0
que,PROPN,2,0,1
tu,PROPN,2,0,1
je,PROPN,2,0,1
smelly,ADV,2,0,0
bald,ADJ,2,0,0
suddenness,NOUN,2,0,0
Jove,PROPN,2,0,1
hast,NOUN,2,0,0
sprawl,VERB,2,0,0
mournfully,ADV,2,0,0
pillow,NOUN,2,0,0
agonizing,ADJ,2,0,0
grating,NOUN,2,0,0
curiosity,NOUN,2,0,0
surrounding,NOUN,2,0,0
spyhole,NOUN,2,0,0
sugar,NOUN,2,0,0
partition,NOUN,2,0,0
tremendous,ADJ,2,0,0
Groom,PROPN,2,0,1
Walker,PROPN,2,0,1
double,VERB,2,0,0
astonishing,ADJ,2,0,0
towel,NOUN,2,0,0
tip,NOUN,2,0,0
bloke,NOUN,2,0,0
occupy,VERB,2,0,0
cheerfully,ADV,2,0,0
prairie,ADJ,2,0,0
oyster,NOUN,2,0,0
adjoin,VERB,2,0,0
differ,VERB,2,0,0
plank,NOUN,2,0,0
observe,VERB,2,0,0
kid,NOUN,2,0,0
embezzle,VERB,2,0,0
club,NOUN,2,0,0
split,NOUN,2,0,0
information,NOUN,2,0,0
excitement,NOUN,2,0,0
question,VERB,2,0,0
obscenity,NOUN,2,0,0
preposterous,ADJ,2,0,0
cord,NOUN,2,0,0
peach,ADJ,2,0,0
vice,NOUN,2,0,0
back,ADJ,2,1,0
cardboard,NOUN,2,0,0
tap,NOUN,2,0,0
theoretically,ADV,2,0,0
charwoman,NOUN,2,0,0
temperature,NOUN,2,0,0
chiefly,ADV,2,0,0
item,NOUN,2,0,0
arrangement,NOUN,2,0,0
beg,VERB,2,0,0
bookseller,PROPN,2,0,1
drunkenness,ADJ,2,0,0
hesitantly,ADV,2,0,0
plague,VERB,2,0,0
definite,ADJ,2,0,0
nag,VERB,2,0,0
abstract,ADJ,2,0,0
centre,NOUN,2,0,0
wise,ADJ,2,0,0
loaf,NOUN,2,0,0
benefactor,NOUN,2,0,0
evident,ADJ,2,0,0
malice,NOUN,2,0,0
deform,VERB,2,0,0
normal,ADJ,2,0,0
resemblance,NOUN,2,0,0
extort,VERB,2,0,0
auction,NOUN,2,0,0
chuckle,NOUN,2,0,0
separate,ADJ,2,0,0
premise,NOUN,2,0,0
ham,NOUN,2,0,0
preside,VERB,2,0,0
civilized,ADJ,2,0,0
sausage,NOUN,2,0,0
Wild,PROPN,2,0,1
disappointed,ADJ,2,0,0
parallel,ADJ,2,0,0
womb,NOUN,2,0,0
kip,NOUN,2,0,0
drunkard,NOUN,2,0,0
yellow,ADV,2,0,0
jacket,VERB,2,0,0
devise,VERB,2,0,0
rise,NOUN,2,0,0
taking,NOUN,2,0,0
issue,VERB,2,0,0
record,NOUN,2,0,0
possibility,NOUN,2,0,0
collector,NOUN,2,0,0
thriller,NOUN,2,0,0
pore,VERB,2,0,0
dock,VERB,2,0,0
chip,NOUN,2,0,0
rickety,NOUN,2,0,0
bug,NOUN,2,0,0
neighbourhood,NOUN,2,0,0
trace,NOUN,2,0,0
kindly,ADV,2,0,0
bacon,NOUN,2,0,0
Tit,PROPN,2,0,1
Bits,PROPN,2,0,1
crock,NOUN,2,0,0
regret,NOUN,2,0,0
link,NOUN,2,0,0
haddock,NOUN,2,0,0
sweetish,ADJ,2,0,0
achieve,VERB,2,0,0
near,ADV,2,0,0
issue,NOUN,2,0,0
desperation,NOUN,2,0,0
shiver,VERB,2,0,0
implore,VERB,2,0,0
fatuous,ADJ,2,0,0
copy,VERB,2,0,0
counterpane,NOUN,2,0,0
telephone,NOUN,2,0,0
temple,NOUN,2,0,0
bud,NOUN,2,0,0
Paper,PROPN,2,0,1
ro,NOUN,2,0,0
divan,NOUN,2,0,0
cover,NOUN,2,0,0
lurch,NOUN,2,0,0
due,ADJ,2,1,0
Ballads,PROPN,2,0,1
healing,NOUN,2,0,0
Dictionary,PROPN,2,0,1
midwifery,NOUN,2,0,0
bent,ADJ,2,0,0
millimetre,NOUN,2,0,0
gooseberry,NOUN,2,0,0
advert,NOUN,2,0,0
stocking,NOUN,2,0,0
thyah,NOUN,2,0,0
pause,NOUN,2,0,0
wire,VERB,2,0,0
clutch,NOUN,2,0,0
cause,NOUN,2,0,0
utterly,ADV,2,0,0
abide,VERB,2,0,0
grime,VERB,2,0,0
drain,NOUN,2,0,0
campaign,NOUN,2,0,0
kitchenette,NOUN,2,0,0
admire,VERB,2,0,0
geranium,NOUN,2,0,0
Aspidistra,PROPN,1,0,1
Flying,PROPN,1,0,1
Orwell,PROPN,1,0,1
ebook,NOUN,1,0,0
e,X,1,0,0
tinkle,VERB,1,0,0
cymbal,NOUN,1,0,0
bestow,VERB,1,0,0
profiteth,VERB,1,0,0
envieth,VERB,1,0,0
vaunteth,NOUN,1,0,0
provoke,VERB,1,0,0
thinketh,VERB,1,0,0
rejoiceth,ADP,1,0,0
iniquity,NOUN,1,0,0
rejoiceth,PROPN,1,0,1
beareth,NOUN,1,0,0
believeth,PROPN,1,0,1
hopeth,VERB,1,0,0
endureth,NOUN,1,0,0
abideth,PROPN,1,0,1
faith,PROPN,1,0,1
Corinthians,PROPN,1,0,1
xiii,PROPN,1,0,1
adapt,VERB,1,0,0
dong,NOUN,1,0,0
remoter,NOUN,1,0,0
ripple,VERB,1,0,0
inside,ADJ,1,0,0
tobaccoless,ADJ,1,0,0
sleeve,NOUN,1,0,0
resoling,NOUN,1,0,0
precise,ADJ,1,0,0
chirp,VERB,1,0,0
riddle,NOUN,1,0,0
tiddley,NOUN,1,0,0
wink,NOUN,1,0,0
mostly,ADV,1,1,0
quarto,NOUN,1,0,0
encyclopedia,NOUN,1,0,0
slumber,VERB,1,0,0
tiere,VERB,1,0,0
sodden,ADJ,1,0,0
deposit,NOUN,1,0,0
belove,VERB,1,0,0
gaudy,ADJ,1,0,0
oblong,ADJ,1,0,0
alphabetically,ADV,1,0,0
Arlen,PROPN,1,0,1
Frankau,PROPN,1,0,1
Gibbs,PROPN,1,0,1
Sapper,PROPN,1,0,1
inert,ADJ,1,0,0
bake,VERB,1,0,0
mass,VERB,1,0,0
Pudding,PROPN,1,0,1
suet,NOUN,1,0,0
wall,VERB,1,0,0
vault,NOUN,1,0,0
puddingstone,NOUN,1,0,0
oppressive,ADJ,1,0,0
impressive,ADJ,1,0,0
unconscious,ADJ,1,0,0
stature,NOUN,1,0,0
unlike,ADP,1,0,0
exclusive,ADJ,1,0,0
showcase,NOUN,1,0,0
elvish,ADJ,1,0,0
wendily,ADV,1,0,0
bluebell,NOUN,1,0,0
glade,NOUN,1,0,0
Andrew,PROPN,1,0,1
converge,VERB,1,0,0
multitudinous,ADJ,1,0,0
vacuous,ADJ,1,0,0
goofy,PROPN,1,0,1
Chocolate,PROPN,1,0,1
spectacled,ADJ,1,0,0
rat,ADJ,1,0,0
legend,NOUN,1,0,0
shorten,VERB,1,0,0
ineradicable,ADJ,1,0,0
pointed,ADJ,1,0,0
oval,NOUN,1,0,0
unamiable,ADJ,1,0,0
hazel,VERB,1,0,0
green,VERB,1,0,0
lengthen,VERB,1,0,0
wintry,NOUN,1,0,0
raucous,ADJ,1,0,0
debris,NOUN,1,0,0
trample,VERB,1,0,0
swirl,VERB,1,0,0
fitfully,ADV,1,0,0
pennant,NOUN,1,0,0
growl,NOUN,1,0,0
poplar,VERB,1,0,0
Assonance,PROPN,1,0,1
Bare,PROPN,1,0,1
sticky,ADJ,1,0,0
cope,VERB,1,0,0
adjective,NOUN,1,0,0
refocus,VERB,1,0,0
Britons,PROPN,1,0,1
Keeps,PROPN,1,0,1
hike,INTJ,1,0,0
Slab,PROPN,1,0,1
Smoke,PROPN,1,0,1
Outdoor,PROPN,1,0,1
Men,PROPN,1,0,1
potential,NOUN,1,0,0
oblique,ADJ,1,0,0
potential,ADJ,1,0,0
decentish,ADJ,1,0,0
provincial,ADJ,1,0,0
Clerk,PROPN,1,0,1
keeking,NOUN,1,0,0
smut,NOUN,1,0,0
Chatterley,PROPN,1,0,1
Pale,PROPN,1,0,1
downy,NOUN,1,0,0
contour,NOUN,1,0,0
dissent,VERB,1,0,0
pouch,NOUN,1,0,0
Purity,PROPN,1,0,1
League,PROPN,1,0,1
Seaside,PROPN,1,0,1
Vigilance,PROPN,1,0,1
Committee,PROPN,1,0,1
sole,VERB,1,0,0
torch,NOUN,1,0,0
kissing,NOUN,1,0,0
beach,NOUN,1,0,0
Love,PROPN,1,0,1
funk,VERB,1,0,0
righteously,ADV,1,0,0
blush,NOUN,1,0,0
slink,VERB,1,0,0
High,PROPN,1,0,1
Jinks,PROPN,1,0,1
parisian,ADJ,1,0,0
Convent,PROPN,1,0,1
Sadie,PROPN,1,0,1
Blackeyes,PROPN,1,0,1
unspotted,ADJ,1,0,0
unravished,ADJ,1,0,0
paperknife,NOUN,1,0,0
bloom,VERB,1,0,0
virgin,VERB,1,0,0
hopefully,ADV,1,0,0
virginity,NOUN,1,0,0
prose,ADJ,1,0,0
miscellaneous,ADJ,1,0,0
Upwards,PROPN,1,0,1
downward,NOUN,1,0,0
grade,VERB,1,0,0
savage,ADJ,1,0,0
darwinian,ADJ,1,0,0
gravitate,NOUN,1,0,0
Gehenna,PROPN,1,0,1
bottom,ADJ,1,1,0
Scott,PROPN,1,0,1
dowdy,ADJ,1,0,0
pudgy,ADJ,1,0,0
saleable,ADJ,1,0,0
religious,ADJ,1,0,0
lump,VERB,1,0,0
indiscriminately,ADV,1,0,0
Beyond,PROPN,1,1,1
Spirit,PROPN,1,0,1
Hands,PROPN,1,0,1
Dean,PROPN,1,0,1
Farrar,PROPN,1,0,1
Life,PROPN,1,0,1
Rotarian,PROPN,1,0,1
Father,PROPN,1,0,1
Hilaire,PROPN,1,0,1
Chestnut,PROPN,1,0,1
Religion,PROPN,1,0,1
provide,VERB,1,0,0
contemporary,ADJ,1,0,0
dinky,ADP,1,0,0
reprint,VERB,1,0,0
Cheer,PROPN,1,0,1
up,PROPN,1,1,1
Herbert,PROPN,1,0,1
Knox,PROPN,1,0,1
Milne,PROPN,1,0,1
Virginia,PROPN,1,0,1
Woolf,PROPN,1,0,1
pseudo,NOUN,1,0,0
strachey,ADJ,1,0,0
predigest,VERB,1,0,0
Snooty,PROPN,1,0,1
gracefully,ADV,1,0,0
Eton,PROPN,1,0,1
Dull,PROPN,1,0,1
chirpy,ADJ,1,0,0
sterility,NOUN,1,0,0
supposedly,ADV,1,0,0
clutter,VERB,1,0,0
Dells,PROPN,1,0,1
criticism,NOUN,1,0,0
belle,NOUN,1,0,0
lettre,NOUN,1,0,0
Cavalry,PROPN,1,0,1
Club,PROPN,1,0,1
waggle,VERB,1,0,0
Aspects,PROPN,1,0,1
Baroque,PROPN,1,0,1
paragraph,NOUN,1,0,0
mingled,ADJ,1,0,0
omniscience,NOUN,1,0,0
noxious,ADJ,1,0,0
horn,NOUN,1,0,0
Italy,PROPN,1,0,1
righteousness,NOUN,1,0,0
jingle,VERB,1,0,0
flatter,NOUN,1,0,0
pancake,NOUN,1,0,0
invention,NOUN,1,0,0
unreadable,ADJ,1,0,0
Memento,PROPN,1,0,1
return,ADJ,1,0,0
deject,VERB,1,0,0
nosing,NOUN,1,0,0
garbage,NOUN,1,0,0
seep,VERB,1,0,0
fumble,VERB,1,0,0
plump,ADJ,1,0,0
cheeked,ADJ,1,0,0
outward,NOUN,1,0,0
by,NOUN,1,1,0
homey,NOUN,1,0,0
geniality,NOUN,1,0,0
subscriber,NOUN,1,0,0
shocking,ADJ,1,0,0
spill,VERB,1,0,0
thumbed,NOUN,1,0,0
archly,ADV,1,0,0
lowness,NOUN,1,0,0
understandingly,ADV,1,0,0
highbrow,VERB,1,0,0
affable,ADJ,1,0,0
shopwalker,NOUN,1,0,0
masonry,NOUN,1,0,0
fourth,ADJ,1,0,0
alphabetical,ADJ,1,0,0
markedly,ADV,1,0,0
universal,ADJ,1,0,0
document,NOUN,1,0,0
purse,VERB,1,0,0
isolate,VERB,1,0,0
ave,ADV,1,0,0
dell,NOUN,1,0,0
read,NOUN,1,0,0
burroughs,NOUN,1,0,0
dogwhip,NOUN,1,0,0
Desire,PROPN,1,0,1
Alter,PROPN,1,0,1
Honour,PROPN,1,0,1
epic,ADJ,1,0,0
jest,VERB,1,0,0
diplomatically,ADV,1,0,0
ishingly,ADV,1,0,0
Rogue,PROPN,1,0,1
Herries,PROPN,1,0,1
fascination,NOUN,1,0,0
ski,VERB,1,0,0
unsaleable,NOUN,1,0,0
Dud,PROPN,1,0,1
heaven,NOUN,1,0,0
yesteryear,NOUN,1,0,0
Davies,PROPN,1,0,1
Housman,PROPN,1,0,1
Thomas,PROPN,1,0,1
De,PROPN,1,0,1
Mare,PROPN,1,0,1
Hardy,PROPN,1,0,1
Pound,PROPN,1,0,1
Auden,PROPN,1,0,1
Campbell,PROPN,1,0,1
Spender,PROPN,1,0,1
damp,VERB,1,0,0
squib,NOUN,1,0,0
coconut,NOUN,1,0,0
Shop,PROPN,1,0,1
lip,VERB,1,0,0
Nancifully,PROPN,1,0,1
Moneyed,PROPN,1,0,1
aura,NOUN,1,0,0
mien,NOUN,1,0,0
weally,ADJ,1,0,0
bwowse,VERB,1,0,0
wesist,VERB,1,0,0
fwont,NOUN,1,0,0
tewwible,ADJ,1,0,0
weakness,NOUN,1,0,0
tee,NOUN,1,0,0
hee,NOUN,1,0,0
booklover,ADV,1,0,0
booklover,VERB,1,0,0
interested,ADJ,1,0,0
poetwy,NOUN,1,0,0
mangy,VERB,1,0,0
interest,VERB,1,0,0
Bulgarian,PROPN,1,0,1
hustle,VERB,1,0,0
discreetly,ADV,1,0,0
insouciant,ADJ,1,0,0
slimy,PROPN,1,0,1
drear,VERB,1,0,0
clatter,PROPN,1,0,1
downward,ADJ,1,0,0
unappetizing,NOUN,1,0,0
succubi,ADJ,1,0,0
pimply,NOUN,1,0,0
prehensile,ADJ,1,0,0
frequenter,NOUN,1,0,0
retailer,NOUN,1,0,0
nice,ADV,1,0,0
Nancitude,PROPN,1,0,1
glamour,NOUN,1,0,0
unlovable,ADJ,1,0,0
vitamalt,ADJ,1,0,0
minded,ADJ,1,0,0
hiking,NOUN,1,0,0
kit,NOUN,1,0,0
picturesquely,ADV,1,0,0
tousle,VERB,1,0,0
stile,NOUN,1,0,0
Sussex,PROPN,1,0,1
tomboy,NOUN,1,0,0
cheeriness,NOUN,1,0,0
Plenty,PROPN,1,0,1
Clean,PROPN,1,0,1
Fun,PROPN,1,0,1
Windswept,PROPN,1,0,1
heir,NOUN,1,0,0
victor,NOUN,1,0,0
porker,NOUN,1,0,0
yellow,VERB,1,0,0
beggar,PROPN,1,0,1
Ju,PROPN,1,0,1
hoarsely,ADV,1,0,0
gossome,VERB,1,0,0
ere,NOUN,1,0,0
clang,NOUN,1,0,0
distastefully,ADV,1,0,0
confidentially,ADV,1,0,0
alf,NOUN,1,0,0
armful,NOUN,1,0,0
Yonge,PROPN,1,0,1
yer,NOUN,1,0,0
wotcher,NOUN,1,0,0
mumbling,ADJ,1,0,0
hump,NOUN,1,0,0
fruitily,ADV,1,0,0
clot,NOUN,1,0,0
phlegm,NOUN,1,0,0
eject,VERB,1,0,0
overcoat,VERB,1,0,0
throw,NOUN,1,0,0
ten,NOUN,1,0,0
thousand,NOUN,1,0,0
disintegration,NOUN,1,0,0
endemic,ADJ,1,0,0
opposite,NOUN,1,0,0
optimistic,ADJ,1,0,0
Desolation,PROPN,1,0,1
emptiness,ADJ,1,0,0
satisfaction,NOUN,1,0,0
belly,VERB,1,0,0
triviality,NOUN,1,0,0
pact,NOUN,1,0,0
oven,NOUN,1,0,0
maisonette,NOUN,1,0,0
reverberation,NOUN,1,0,0
Enemy,PROPN,1,0,1
hum,NOUN,1,0,0
propeller,NOUN,1,0,0
shattering,NOUN,1,0,0
clang,VERB,1,0,0
pink,NOUN,1,0,0
fivish,NOUN,1,0,0
burgeon,VERB,1,0,0
super,ADJ,1,0,0
Parma,PROPN,1,0,1
violet,NOUN,1,0,0
India,PROPN,1,0,1
grubby,ADJ,1,0,0
flitting,NOUN,1,0,0
manipulation,NOUN,1,0,0
impertinence,NOUN,1,0,0
loudly,ADV,1,0,0
Curry,PROPN,1,0,1
drill,NOUN,1,0,0
frequent,ADJ,1,0,0
overall,ADV,1,0,0
blithering,ADJ,1,0,0
honest,ADJ,1,0,0
homey,PROPN,1,0,1
bear,NOUN,1,0,0
Weeks,PROPN,1,0,1
treacle,NOUN,1,0,0
trustfully,ADV,1,0,0
Bedworthy,PROPN,1,0,1
Virgin,PROPN,1,0,1
divorce,NOUN,1,0,0
lowbrow,VERB,1,0,0
enthuse,VERB,1,0,0
Peke,PROPN,1,0,1
ickle,NOUN,1,0,0
pet,NOUN,1,0,0
wiv,VERB,1,0,0
gweat,ADJ,1,0,0
soulful,ADJ,1,0,0
ickle,ADJ,1,0,0
nosie,NOUN,1,0,0
ducky,ADJ,1,0,0
Pekes,PROPN,1,0,1
Bedelia,PROPN,1,0,1
plaintively,ADV,1,0,0
ping,VERB,1,0,0
Scarlet,PROPN,1,0,1
Nights,PROPN,1,0,1
book,VERB,1,0,0
straight,ADJ,1,0,0
brisk,ADJ,1,0,0
rim,VERB,1,0,0
schoolmarm,NOUN,1,0,0
Wharton,PROPN,1,0,1
Beverley,PROPN,1,0,1
suffrage,NOUN,1,0,0
gimlet,NOUN,1,0,0
Collected,PROPN,1,0,1
legged,ADJ,1,0,0
backward,ADJ,1,0,0
resolute,ADJ,1,0,0
colder,PROPN,1,0,1
strip,NOUN,1,0,0
lest,ADP,1,0,0
swab,VERB,1,0,0
drowse,VERB,1,0,0
Middleton,PROPN,1,0,1
Travels,PROPN,1,0,1
Levant,PROPN,1,0,1
habitue,NOUN,1,0,0
passionate,ADJ,1,0,0
uneasy,ADJ,1,0,0
trop,X,1,0,0
dive,VERB,1,0,0
bump,VERB,1,0,0
blushing,NOUN,1,0,0
sallowly,NOUN,1,0,0
stammer,VERB,1,0,0
avoidable,ADJ,1,0,0
foil,VERB,1,0,0
irresistible,ADJ,1,0,0
write,NOUN,1,0,0
indulgence,NOUN,1,0,0
trentiesme,X,1,0,0
eage,NOUN,1,0,0
poxe,VERB,1,0,0
showing,NOUN,1,0,0
thankful,ADJ,1,0,0
whirling,NOUN,1,0,0
whizz,NOUN,1,0,0
roar,NOUN,1,0,0
explosive,NOUN,1,0,0
chargé,PROPN,1,0,1
pleur,PROPN,1,0,1
involontaire,PROPN,1,0,1
Il,PROPN,1,0,1
reve,VERB,1,0,0
fumant,ADJ,1,0,0
houka,PROPN,1,0,1
squint,VERB,1,0,0
gnat,NOUN,1,0,0
buzzing,NOUN,1,0,0
bluebottle,NOUN,1,0,0
ardently,ADV,1,0,0
rattle,VERB,1,0,0
convey,VERB,1,0,0
caprice,NOUN,1,0,0
tenement,ADJ,1,0,0
alley,ADJ,1,0,0
leprous,ADJ,1,0,0
plaster,NOUN,1,0,0
mingy,PROPN,1,0,1
dentist,NOUN,1,0,0
parlour,NUM,1,0,0
Apartments,PROPN,1,0,1
phalanx,NOUN,1,0,0
transom,NOUN,1,0,0
Number,PROPN,1,0,1
keyhole,NOUN,1,0,0
dishwater,NOUN,1,0,0
japanned,ADJ,1,0,0
bearable,NOUN,1,0,0
staircase,NOUN,1,0,0
unapproachable,ADJ,1,0,0
briefly,ADV,1,0,0
scrutinize,VERB,1,0,0
malignant,ADJ,1,0,0
active,ADJ,1,0,0
fine,ADV,1,0,0
observant,ADJ,1,0,0
beautifully,ADV,1,0,0
Bad,PROPN,1,0,1
Wolf,PROPN,1,0,1
dancing,NOUN,1,0,0
rakish,ADJ,1,0,0
trilby,NOUN,1,0,0
belted,ADJ,1,0,0
representative,NOUN,1,0,0
salute,VERB,1,0,0
blithely,ADV,1,0,0
roly,ADJ,1,0,0
poly,ADJ,1,0,0
affectionately,ADV,1,0,0
funeral,NOUN,1,0,0
matey,ADJ,1,0,0
moon,VERB,1,0,0
Cri,PROPN,1,0,1
fat,INTJ,1,0,0
Stout,PROPN,1,0,1
deter,VERB,1,0,0
wee,ADJ,1,0,0
unwholesome,ADJ,1,0,0
pat,VERB,1,0,0
frontier,NOUN,1,0,0
nippy,ADJ,1,0,0
Like,PROPN,1,0,1
Mexico,PROPN,1,0,1
eagle,ADJ,1,0,0
funny,ADJ,1,0,0
eagle,NOUN,1,0,0
bonus,NOUN,1,0,0
water,VERB,1,0,0
entertain,VERB,1,0,0
wifie,NOUN,1,0,0
unfortunately,ADV,1,0,0
leakage,NOUN,1,0,0
retribution,NOUN,1,0,0
await,VERB,1,0,0
amiable,ADJ,1,0,0
lunacy,NOUN,1,0,0
detest,VERB,1,0,0
chappie,ADJ,1,0,0
urge,VERB,1,0,0
dolle,VERB,1,0,0
girlie,NOUN,1,0,0
wag,VERB,1,0,0
palpitation,NOUN,1,0,0
lascivously,ADV,1,0,0
squeeze,NOUN,1,0,0
sevenpence,VERB,1,0,0
irritably,ADV,1,0,0
civil,ADJ,1,0,0
cheery,NOUN,1,0,0
meagre,NOUN,1,0,0
lizard,NOUN,1,0,0
tout,VERB,1,0,0
liable,ADJ,1,0,0
pounce,VERB,1,0,0
drag,NOUN,1,0,0
interminable,ADJ,1,0,0
paranoiac,NOUN,1,0,0
tale,NOUN,1,0,0
seduce,VERB,1,0,0
nightwork,NOUN,1,0,0
massive,ADJ,1,0,0
medium,ADJ,1,0,0
curtain,VERB,1,0,0
sufficiently,ADV,1,0,0
defective,ADJ,1,0,0
quilt,VERB,1,0,0
covering,NOUN,1,0,0
ware,NOUN,1,0,0
chamberpot,NOUN,1,0,0
sill,NOUN,1,0,0
green,ADV,1,0,0
glaze,VERB,1,0,0
inkstaine,VERB,1,0,0
tidy,VERB,1,0,0
sermon,ADJ,1,0,0
eare,VERB,1,0,0
sordid,VERB,1,0,0
twisted,ADJ,1,0,0
stub,NOUN,1,0,0
wick,NOUN,1,0,0
feud,NOUN,1,0,0
grind,VERB,1,0,0
stem,NOUN,1,0,0
wilting,NOUN,1,0,0
diseased,ADJ,1,0,0
kerosiny,ADJ,1,0,0
shrewishly,ADV,1,0,0
Com,PROPN,1,0,1
stead,ADV,1,0,0
twilit,VERB,1,0,0
accurately,ADV,1,0,0
sideboard,NOUN,1,0,0
block,VERB,1,0,0
sunless,ADJ,1,0,0
cast,NOUN,1,0,0
fireplace,NOUN,1,0,0
crumbly,ADV,1,0,0
canadian,ADJ,1,0,0
Pan,PROPN,1,0,1
Yan,PROPN,1,0,1
pickle,NOUN,1,0,0
musty,ADJ,1,0,0
illicit,ADJ,1,0,0
secrecy,NOUN,1,0,0
hotte,VERB,1,0,0
strictly,ADV,1,0,0
muddle,VERB,1,0,0
defiantly,ADV,1,0,0
Everyman,PROPN,1,0,1
Roderick,PROPN,1,0,1
Random,PROPN,1,0,1
Les,PROPN,1,0,1
Fleurs,PROPN,1,0,1
du,INTJ,1,0,0
Mal,PROPN,1,0,1
ajar,ADJ,1,0,0
making,NOUN,1,0,0
unlock,VERB,1,0,0
condense,VERB,1,0,0
procedure,NOUN,1,0,0
risky,ADJ,1,0,0
dispose,VERB,1,0,0
mischief,VERB,1,0,0
unbolt,VERB,1,0,0
intently,ADV,1,0,0
rebolte,VERB,1,0,0
brew,VERB,1,0,0
jungle,NOUN,1,0,0
cancer,NOUN,1,0,0
operation,NOUN,1,0,0
rhyme,PROPN,1,0,1
royal,PROPN,1,0,1
ambitious,ADJ,1,0,0
project,NOUN,1,0,0
undertake,VERB,1,0,0
heartedly,ADV,1,0,0
conception,NOUN,1,0,0
progress,VERB,1,0,0
incomplete,ADJ,1,0,0
verse,NOUN,1,0,0
tinker,VERB,1,0,0
confusion,NOUN,1,0,0
nightmare,NOUN,1,0,0
rarely,ADV,1,0,0
attain,VERB,1,0,0
prose,VERB,1,0,0
commoner,NOUN,1,0,0
commoner,PROPN,1,0,1
shortage,NOUN,1,0,0
abstract,VERB,1,0,0
sang,NOUN,1,0,0
overhead,NOUN,1,0,0
momentous,ADJ,1,0,0
unfinishe,VERB,1,0,0
subtly,ADV,1,0,0
original,ADJ,1,0,0
destruction,NOUN,1,0,0
poisonous,ADJ,1,0,0
roman,ADJ,1,0,0
catholic,ADJ,1,0,0
bras,PROPN,1,0,1
dessus,PROPN,1,0,1
bras,X,1,0,0
dessous,ADJ,1,0,0
quell,VERB,1,0,0
insane,ADJ,1,0,0
spelt,NOUN,1,0,0
protestation,NOUN,1,0,0
reminder,NOUN,1,0,0
shuffling,NOUN,1,0,0
postmark,NOUN,1,0,0
speculate,VERB,1,0,0
owner,NOUN,1,0,0
exercise,VERB,1,0,0
droit,PROPN,1,0,1
du,PROPN,1,0,1
seigneur,PROPN,1,0,1
partially,ADV,1,0,0
aggrieved,ADJ,1,0,0
breathing,NOUN,1,0,0
impatient,ADJ,1,0,0
grunt,NOUN,1,0,0
unmistakably,ADV,1,0,0
worthless,ADJ,1,0,0
scattered,ADJ,1,0,0
stack,VERB,1,0,0
heap,NOUN,1,0,0
dump,VERB,1,0,0
Adventures,PROPN,1,0,1
favourite,NOUN,1,0,0
Adventure,PROPN,1,0,1
Speckled,PROPN,1,0,1
Band,PROPN,1,0,1
circular,ADJ,1,0,0
ping,PROPN,1,0,1
ticking,NOUN,1,0,0
audible,ADJ,1,0,0
ash,PROPN,1,0,1
punishment,NOUN,1,0,0
memento,PROPN,1,0,1
magnum,NOUN,1,0,0
opus,NOUN,1,0,0
hiccup,NOUN,1,0,0
colder,NOUN,1,0,0
repose,NOUN,1,0,0
Australia,PROPN,1,0,1
Ineffectual,PROPN,1,0,1
dirtiness,NOUN,1,0,0
undressed,ADJ,1,0,0
west,ADV,1,0,0
octosyllable,NOUN,1,0,0
click,VERB,1,0,0
appal,VERB,1,0,0
tick,VERB,1,0,0
nodding,NOUN,1,0,0
upturned,ADJ,1,0,0
parallel,NOUN,1,0,0
silhouette,NOUN,1,0,0
Agamemnon,PROPN,1,0,1
sword,NOUN,1,0,0
Scotch,PROPN,1,0,1
prevalence,NOUN,1,0,0
Scotchification,PROPN,1,0,1
Colin,PROPN,1,0,1
Malcolm,PROPN,1,0,1
Scotland,PROPN,1,0,1
porridge,NOUN,1,0,0
landless,ADJ,1,0,0
gentry,NOUN,1,0,0
consolation,NOUN,1,0,0
prosperity,NOUN,1,0,0
comparative,ADJ,1,0,0
correspond,VERB,1,0,0
grandfather,NOUN,1,0,0
exert,VERB,1,0,0
plunder,VERB,1,0,0
foreigner,NOUN,1,0,0
durable,ADJ,1,0,0
pyramid,NOUN,1,0,0
cerebral,ADJ,1,0,0
haemorrhage,NOUN,1,0,0
monolith,NOUN,1,0,0
inscription,NOUN,1,0,0
Ezekiel,PROPN,1,0,1
faithful,ADJ,1,0,0
godly,ADJ,1,0,0
September,PROPN,1,0,1
erect,VERB,1,0,0
sorrow,VERB,1,0,0
blasphemous,ADJ,1,0,0
comment,NOUN,1,0,0
granite,NOUN,1,0,0
underneath,ADP,1,0,0
test,NOUN,1,0,0
tombstone,NOUN,1,0,0
ineffectual,ADJ,1,0,0
roller,NOUN,1,0,0
daisy,NOUN,1,0,0
flatten,VERB,1,0,0
expand,VERB,1,0,0
unsuccessful,ADJ,1,0,0
unsuited,ADJ,1,0,0
brave,VERB,1,0,0
latter,NOUN,1,1,0
vividly,ADV,1,0,0
alike,ADV,1,0,0
health,NOUN,1,0,0
perpetually,ADV,1,0,0
fizzle,VERB,1,0,0
explosion,NOUN,1,0,0
bankruptcy,NOUN,1,0,0
noticeable,ADJ,1,0,0
impulse,ADJ,1,0,0
reproduce,VERB,1,0,0
vital,ADJ,1,0,0
multiply,VERB,1,0,0
unintended,ADJ,1,0,0
begetting,NOUN,1,0,0
activity,NOUN,1,0,0
divide,VERB,1,0,0
fritter,VERB,1,0,0
investment,NOUN,1,0,0
venture,NOUN,1,0,0
petere,VERB,1,0,0
net,ADJ,1,0,0
undesirable,ADJ,1,0,0
incapacity,NOUN,1,0,0
capital,NOUN,1,0,0
Clapham,PROPN,1,0,1
Homes,PROPN,1,0,1
chock,NOUN,1,0,0
dingily,ADV,1,0,0
slight,ADJ,1,0,0
chartered,ADJ,1,0,0
practise,VERB,1,0,0
ineffectually,ADV,1,0,0
charter,VERB,1,0,0
partnership,NOUN,1,0,0
dissolve,VERB,1,0,0
fluctuate,VERB,1,0,0
tendency,NOUN,1,0,0
decrease,VERB,1,0,0
oblige,VERB,1,0,0
scorn,VERB,1,0,0
job,VERB,1,0,0
dingy,VERB,1,0,0
away,NOUN,1,0,0
cleverness,ADJ,1,0,0
ungainly,ADJ,1,0,0
irresistibly,ADV,1,0,0
effacing,NOUN,1,0,0
keeping,NOUN,1,0,0
ironing,ADJ,1,0,0
darning,NOUN,1,0,0
mend,VERB,1,0,0
maid,NOUN,1,0,0
idolize,VERB,1,0,0
repay,VERB,1,0,0
cruelty,NOUN,1,0,0
inflict,VERB,1,0,0
preparatory,ADJ,1,0,0
conspiracy,NOUN,1,0,0
snigger,NOUN,1,0,0
bob,ADJ,1,0,0
ready,ADV,1,0,0
believer,NOUN,1,0,0
cadaverous,ADJ,1,0,0
stoop,NOUN,1,0,0
hopelessly,ADV,1,0,0
shudder,NOUN,1,0,0
reverence,NOUN,1,0,0
stricken,VERB,1,0,0
dowdiness,NOUN,1,0,0
worrying,NOUN,1,0,0
sweet,NOUN,1,0,0
denounce,VERB,1,0,0
pulpit,NOUN,1,0,0
Old,PROPN,1,0,1
Boys,PROPN,1,0,1
Athenaeum,PROPN,1,0,1
Weekly,PROPN,1,0,1
reject,VERB,1,0,0
similar,ADJ,1,0,0
revolutionary,ADJ,1,0,0
infect,VERB,1,0,0
temper,NOUN,1,0,0
elder,NOUN,1,0,0
revolutionary,NOUN,1,0,0
say,INTJ,1,1,0
squawk,VERB,1,0,0
exciting,ADJ,1,0,0
unofficial,ADJ,1,0,0
Bolshevik,PROPN,1,0,1
duplicate,VERB,1,0,0
jellygraph,NOUN,1,0,0
advocate,VERB,1,0,0
dismemberment,NOUN,1,0,0
abolition,NOUN,1,0,0
Navy,PROPN,1,0,1
hook,NOUN,1,0,0
stodgy,ADJ,1,0,0
hang,NOUN,1,0,0
commerce,NOUN,1,0,0
biographer,NOUN,1,0,0
elevate,VERB,1,0,0
decalogue,NOUN,1,0,0
elect,NOUN,1,0,0
Ragged,PROPN,1,0,1
Trousered,PROPN,1,0,1
Philanthropists,PROPN,1,0,1
carpenter,NOUN,1,0,0
unicorn,NOUN,1,0,0
revolution,NOUN,1,0,0
spiritless,ADJ,1,0,0
nervy,ADJ,1,0,0
dutiful,ADJ,1,0,0
frock,NOUN,1,0,0
mentally,ADV,1,0,0
down,NOUN,1,1,0
dragging,NOUN,1,0,0
lash,VERB,1,0,0
lad,NOUN,1,0,0
schoolmaster,NOUN,1,0,0
seditious,ADJ,1,0,0
reign,VERB,1,0,0
swinish,ADJ,1,0,0
seventeen,NUM,1,0,0
Government,PROPN,1,0,1
cookery,NOUN,1,0,0
ladylike,VERB,1,0,0
idealistic,ADJ,1,0,0
statutory,ADJ,1,0,0
Pen,PROPN,1,0,1
Young,PROPN,1,0,1
nail,VERB,1,0,0
teacher,NOUN,1,0,0
sporadically,ADV,1,0,0
suburb,NOUN,1,0,0
attend,VERB,1,0,0
stethoscope,NOUN,1,0,0
nourish,VERB,1,0,0
fidgeting,ADJ,1,0,0
tiring,NOUN,1,0,0
terror,NOUN,1,0,0
comfortless,NOUN,1,0,0
connexion,NOUN,1,0,0
opening,NOUN,1,0,0
Pot,PROPN,1,0,1
volley,VERB,1,0,0
incompetently,ADV,1,0,0
thunder,VERB,1,0,0
bleed,VERB,1,0,0
terrify,VERB,1,0,0
upstairs,NOUN,1,0,0
rush,VERB,1,0,0
trudge,VERB,1,0,0
know,ADJ,1,0,0
oppose,VERB,1,0,0
probation,NOUN,1,0,0
managing,NOUN,1,0,0
selfishness,NOUN,1,0,0
instant,ADJ,1,0,0
stink,VERB,1,0,0
sneak,NOUN,1,0,0
Strube,PROPN,1,0,1
pie,NOUN,1,0,0
listening,NOUN,1,0,0
in,NOUN,1,1,0
Symphony,PROPN,1,0,1
Concert,PROPN,1,0,1
licit,ADJ,1,0,0
plot,NOUN,1,0,0
dedicate,VERB,1,0,0
sway,VERB,1,0,0
Doughty,PROPN,1,0,1
ladylike,ADJ,1,0,0
sweat,VERB,1,0,0
bully,NOUN,1,0,0
luckily,ADV,1,0,0
servitude,NOUN,1,0,0
wail,VERB,1,0,0
harbour,VERB,1,0,0
competence,NOUN,1,0,0
barrow,VERB,1,0,0
twisty,ADJ,1,0,0
Eastcheap,PROPN,1,0,1
twopence,VERB,1,0,0
thigh,NOUN,1,0,0
pence,NOUN,1,0,0
outcome,NOUN,1,0,0
mummified,ADJ,1,0,0
nil,ADJ,1,0,0
Publicity,PROPN,1,0,1
Company,PROPN,1,0,1
scale,NOUN,1,0,0
oatmeal,ADJ,1,0,0
flour,NOUN,1,0,0
millinery,ADJ,1,0,0
cosmetic,ADJ,1,0,0
illustrate,VERB,1,0,0
weekly,NOUN,1,0,0
Whiterose,PROPN,1,0,1
Female,PROPN,1,0,1
Disorders,PROPN,1,0,1
Horoscope,PROPN,1,0,1
Cast,PROPN,1,0,1
Professor,PROPN,1,0,1
Raratongo,PROPN,1,0,1
Venus,PROPN,1,0,1
Hope,PROPN,1,0,1
Ruptured,PROPN,1,0,1
Earn,PROPN,1,0,1
Five,PROPN,1,1,1
Pounds,PROPN,1,0,1
Spare,PROPN,1,0,1
Cyprolax,PROPN,1,0,1
Lotion,PROPN,1,0,1
Banishes,PROPN,1,0,1
Unpleasant,PROPN,1,0,1
Intruders,PROPN,1,0,1
acquaintance,NOUN,1,0,0
personage,NOUN,1,0,0
distinctly,ADV,1,0,0
corridor,NOUN,1,0,0
ramp,NOUN,1,0,0
usefulness,NOUN,1,0,0
americanized,ADJ,1,0,0
sacred,ADJ,1,0,0
swine,ADJ,1,0,0
swill,NOUN,1,0,0
cynicism,NOUN,1,0,0
naivete,NOUN,1,0,0
unobtrusively,ADV,1,0,0
fiasco,NOUN,1,0,0
plot,VERB,1,0,0
worm,NOUN,1,0,0
college,NOUN,1,0,0
crawler,NOUN,1,0,0
slavish,NOUN,1,0,0
chiel,NOUN,1,0,0
amang,PROPN,1,0,1
takin,NOUN,1,0,0
chance,VERB,1,0,0
naturedly,ADV,1,0,0
nickname,VERB,1,0,0
bard,NOUN,1,0,0
confirm,VERB,1,0,0
sequel,NOUN,1,0,0
chaff,VERB,1,0,0
slow,ADV,1,0,0
expressionless,NOUN,1,0,0
either,DET,1,1,0
agriculture,NOUN,1,0,0
cattle,NOUN,1,0,0
breeding,NOUN,1,0,0
sniffish,ADJ,1,0,0
wittedness,NOUN,1,0,0
stead,NOUN,1,0,0
insensible,ADJ,1,0,0
prejudice,NOUN,1,0,0
assess,VERB,1,0,0
merit,NOUN,1,0,0
talented,ADJ,1,0,0
somnolent,ADJ,1,0,0
inconclusive,ADJ,1,0,0
punctuate,VERB,1,0,0
hm,ADJ,1,0,0
Wrote,PROPN,1,0,1
promote,VERB,1,0,0
apprentice,NOUN,1,0,0
competent,ADJ,1,0,0
draughtsman,NOUN,1,0,0
clamour,ADJ,1,0,0
full,ADV,1,1,0
fledged,ADJ,1,0,0
harassed,ADJ,1,0,0
wiry,ADJ,1,0,0
paper,VERB,1,0,0
suggestion,NOUN,1,0,0
remarkable,ADJ,1,0,0
copywriting,NOUN,1,0,0
rankle,NOUN,1,0,0
para,NOUN,1,0,0
unsought,ADJ,1,0,0
successfully,ADV,1,0,0
unusual,ADJ,1,0,0
manqués,PROPN,1,0,1
irrevocably,ADV,1,0,0
submission,NOUN,1,0,0
help,NOUN,1,0,0
wholly,ADV,1,0,0
distinction,NOUN,1,0,0
dilapidate,VERB,1,0,0
train,VERB,1,0,0
bookish,ADJ,1,0,0
reverse,NOUN,1,0,0
wretche,VERB,1,0,0
advancement,NOUN,1,0,0
benign,ADJ,1,0,0
demur,PROPN,1,0,1
seventh,ADJ,1,0,0
stealthily,ADV,1,0,0
Smilesian,PROPN,1,0,1
abandonment,NOUN,1,0,0
frankly,ADV,1,0,0
elephantine,NOUN,1,0,0
politeness,NOUN,1,0,0
blurt,VERB,1,0,0
shamefacedly,ADV,1,0,0
noncommittal,ADJ,1,0,0
ridiculous,ADJ,1,0,0
hm,NOUN,1,0,0
ungratefully,ADV,1,0,0
illusion,NOUN,1,0,0
hustling,ADJ,1,0,0
crawling,NOUN,1,0,0
Scottish,PROPN,1,0,1
reasonably,ADV,1,0,0
avarice,NOUN,1,0,0
distinctive,ADJ,1,0,0
trait,NOUN,1,0,0
laziness,ADJ,1,0,0
battle,NOUN,1,0,0
renunciation,NOUN,1,0,0
heroic,ADJ,1,0,0
damage,NOUN,1,0,0
inescapably,ADV,1,0,0
mature,ADJ,1,0,0
blur,NOUN,1,0,0
akin,ADJ,1,0,0
periodically,ADV,1,0,0
forgathering,NOUN,1,0,0
gradual,ADJ,1,0,0
perpetual,ADJ,1,0,0
lament,NOUN,1,0,0
dear,INTJ,1,0,0
patrimony,NOUN,1,0,0
cabin,NOUN,1,0,0
Cursitor,PROPN,1,0,1
Holland,PROPN,1,0,1
precedent,NOUN,1,0,0
naturally,ADV,1,0,0
tremulous,ADJ,1,0,0
bronchitic,ADJ,1,0,0
timidly,ADV,1,0,0
pompous,ADJ,1,0,0
Sargent,PROPN,1,0,1
James,PROPN,1,0,1
hairless,ADJ,1,0,0
pouchy,NOUN,1,0,0
twirl,NOUN,1,0,0
tingle,ADJ,1,0,0
header,NOUN,1,0,0
springboard,NOUN,1,0,0
ninety,NOUN,1,0,0
arithmetically,ADV,1,0,0
stab,NOUN,1,0,0
frolic,NOUN,1,0,0
promenade,NOUN,1,0,0
drabby,PROPN,1,0,1
fornication,NOUN,1,0,0
egyptian,ADJ,1,0,0
mummy,NOUN,1,0,0
museum,NOUN,1,0,0
close,VERB,1,0,0
hobby,NOUN,1,0,0
medical,PROPN,1,0,1
dictionary,PROPN,1,0,1
ageing,NOUN,1,0,0
symptom,NOUN,1,0,0
dripping,NOUN,1,0,0
stalactite,NOUN,1,0,0
lumbago,PROPN,1,0,1
stalactite,ADJ,1,0,0
Kruschen,PROPN,1,0,1
stalactite,VERB,1,0,0
shrivel,VERB,1,0,0
palace,NOUN,1,0,0
northern,ADJ,1,0,0
dwelleth,VERB,1,0,0
hath,VERB,1,0,0
dwelleth,X,1,0,0
fareth,VERB,1,0,0
contumacious,ADJ,1,0,0
turkey,NOUN,1,0,0
polisheth,VERB,1,0,0
dark,ADV,1,0,0
flicketh,PROPN,1,0,1
resplendent,ADJ,1,0,0
anon,PROPN,1,0,1
comforteth,VERB,1,0,0
draught,NOUN,1,0,0
Flowery,PROPN,1,0,1
Orange,PROPN,1,0,1
Pekoe,PROPN,1,0,1
Points,PROPN,1,0,1
Coromandel,PROPN,1,0,1
ferry,VERB,1,0,0
ninety,NUM,1,0,0
retain,VERB,1,0,0
solemn,ADJ,1,0,0
aunty,NOUN,1,0,0
reader,NOUN,1,0,0
whim,NOUN,1,0,0
mode,NOUN,1,0,0
plod,VERB,1,0,0
rear,ADJ,1,0,0
pursue,VERB,1,0,0
Rhoda,PROPN,1,0,1
Broughton,PROPN,1,0,1
Wood,PROPN,1,0,1
Hall,PROPN,1,0,1
Caine,PROPN,1,0,1
twenty,NOUN,1,0,0
Silas,PROPN,1,0,1
Hocking,PROPN,1,0,1
Seton,PROPN,1,0,1
Merriman,PROPN,1,0,1
thirty,NOUN,1,0,0
Maxwell,PROPN,1,0,1
Locke,PROPN,1,0,1
immorality,NOUN,1,0,0
cleverness,NOUN,1,0,0
Hichens,PROPN,1,0,1
dust,VERB,1,0,0
bedsitting,NOUN,1,0,0
distantly,ADV,1,0,0
related,ADJ,1,0,0
relation,NOUN,1,0,0
combined,ADJ,1,0,0
lump,NOUN,1,0,0
combine,VERB,1,0,0
cadence,VERB,1,0,0
brood,VERB,1,0,0
wreath,NOUN,1,0,0
Malkin,PROPN,1,0,1
Hill,PROPN,1,0,1
instep,NOUN,1,0,0
drifted,ADJ,1,0,0
crinkly,ADV,1,0,0
flake,NOUN,1,0,0
Brobdingnag,PROPN,1,0,1
hillside,NOUN,1,0,0
Jolly,PROPN,1,0,1
complicated,ADJ,1,0,0
passable,ADJ,1,0,0
blacking,NOUN,1,0,0
polish,VERB,1,0,0
needle,NOUN,1,0,0
darn,VERB,1,0,0
ink,VERB,1,0,0
procure,VERB,1,0,0
mine,PRON,1,1,0
hostess,ADJ,1,0,0
treat,NOUN,1,0,0
appreciate,VERB,1,0,0
erudite,ADJ,1,0,0
clacking,NOUN,1,0,0
Hong,PROPN,1,0,1
Kong,PROPN,1,0,1
follower,NOUN,1,0,0
jackal,NOUN,1,0,0
hen,ADV,1,0,0
exhibit,NOUN,1,0,0
troop,NOUN,1,0,0
form,VERB,1,0,0
sniggeringly,ADV,1,0,0
refer,VERB,1,0,0
nickname,NOUN,1,0,0
kind,ADV,1,0,0
slapdash,ADJ,1,0,0
thirtyish,ADJ,1,0,0
break,NOUN,1,0,0
devilish,ADJ,1,0,0
after,NOUN,1,1,0
necessity,NOUN,1,0,0
hum,VERB,1,0,0
Bloody,PROPN,1,0,1
nit,NOUN,1,0,0
witte,VERB,1,0,0
pampered,ADJ,1,0,0
lone,NOUN,1,0,0
wolf,PROPN,1,0,1
cringe,VERB,1,0,0
scurry,VERB,1,0,0
ant,NOUN,1,0,0
swarm,NOUN,1,0,0
maggot,NOUN,1,0,0
menace,NOUN,1,0,0
embankment,ADJ,1,0,0
coming,NOUN,1,0,0
policy,NOUN,1,0,0
neatness,NOUN,1,0,0
dropping,NOUN,1,0,0
jigsaw,NOUN,1,0,0
puzzle,NOUN,1,0,0
croon,VERB,1,0,0
pitifully,ADV,1,0,0
sandy,ADJ,1,0,0
rapt,ADJ,1,0,0
arrogantly,ADV,1,0,0
excellent,ADJ,1,0,0
margin,NOUN,1,0,0
Caslon,PROPN,1,0,1
outstanding,ADJ,1,0,0
welcome,ADJ,1,0,0
Sitwell,PROPN,1,0,1
shadowy,PROPN,1,0,1
seclude,VERB,1,0,0
void,ADJ,1,0,0
rumour,VERB,1,0,0
hung,PROPN,1,0,1
outmoded,ADJ,1,0,0
Browning,PROPN,1,0,1
Societies,PROPN,1,0,1
flourish,VERB,1,0,0
serge,NOUN,1,0,0
Swinburne,PROPN,1,0,1
sprinkle,VERB,1,0,0
purple,ADJ,1,0,0
crocus,NOUN,1,0,0
harebell,NOUN,1,0,0
Wendy,PROPN,1,0,1
anaemic,ADJ,1,0,0
environment,NOUN,1,0,0
whimsy,NOUN,1,0,0
Post,PROPN,1,0,1
walpolean,ADJ,1,0,0
regularity,NOUN,1,0,0
Hyde,PROPN,1,0,1
penance,NOUN,1,0,0
propitiate,VERB,1,0,0
injure,VERB,1,0,0
improbable,ADJ,1,0,0
bugbear,NOUN,1,0,0
dread,NOUN,1,0,0
invitation,NOUN,1,0,0
welcome,NOUN,1,0,0
dank,NOUN,1,0,0
mossy,NOUN,1,0,0
border,VERB,1,0,0
pinkish,NOUN,1,0,0
narrowly,ADV,1,0,0
used,ADJ,1,1,0
technique,NOUN,1,0,0
footmark,NOUN,1,0,0
desperate,ADJ,1,0,0
fashioned,ADJ,1,0,0
unliterary,ADJ,1,0,0
Clang,PROPN,1,0,1
clangour,NOUN,1,0,0
wrench,NOUN,1,0,0
clamorous,ADJ,1,0,0
peal,NOUN,1,0,0
cap,NOUN,1,0,0
Rackhamesque,PROPN,1,0,1
bash,VERB,1,0,0
rusty,ADJ,1,0,0
counteract,VERB,1,0,0
helplessness,NOUN,1,0,0
insignificance,NOUN,1,0,0
wantonly,ADV,1,0,0
bloodedly,ADV,1,0,0
harm,NOUN,1,0,0
Kensington,PROPN,1,0,1
female,ADJ,1,0,0
engagement,NOUN,1,0,0
understanding,NOUN,1,0,0
reckless,ADJ,1,0,0
tire,VERB,1,0,0
obliterate,VERB,1,0,0
Covent,PROPN,1,0,1
Strand,PROPN,1,0,1
fundamentally,ADV,1,0,0
haunt,VERB,1,0,0
tinkle,PROPN,1,0,1
Hollow,PROPN,1,0,1
puddle,VERB,1,0,0
blackness,NOUN,1,0,0
isolated,ADJ,1,0,0
illumine,VERB,1,0,0
devilishly,ADV,1,0,0
steamy,ADJ,1,0,0
chalk,VERB,1,0,0
Cup,PROPN,1,0,1
Urns,PROPN,1,0,1
Hungerford,PROPN,1,0,1
miry,ADJ,1,0,0
East,PROPN,1,0,1
race,VERB,1,0,0
inland,ADV,1,0,0
stave,NOUN,1,0,0
hunk,NOUN,1,0,0
wince,VERB,1,0,0
callously,ADV,1,0,0
black,ADV,1,0,0
National,PROPN,1,0,1
Gallery,PROPN,1,0,1
clockwise,NOUN,1,0,0
widdershin,VERB,1,0,0
sore,ADJ,1,0,0
longing,NOUN,1,0,0
Charing,PROPN,1,0,1
Cross,PROPN,1,0,1
bun,NOUN,1,0,0
densely,ADV,1,0,0
anonymity,NOUN,1,0,0
aloofness,NOUN,1,0,0
tank,NOUN,1,0,0
swarm,VERB,1,0,0
nymph,NOUN,1,0,0
manless,ADJ,1,0,0
ooze,VERB,1,0,0
two,NOUN,1,0,0
Garbo,PROPN,1,0,1
Painted,PROPN,1,0,1
Veil,PROPN,1,0,1
velvet,NOUN,1,0,0
destine,VERB,1,0,0
replace,VERB,1,0,0
attraction,NOUN,1,0,0
screen,NOUN,1,0,0
intoxicate,VERB,1,0,0
viscous,ADJ,1,0,0
friendless,ADJ,1,0,0
Theatre,PROPN,1,0,1
sentry,NOUN,1,0,0
porch,NOUN,1,0,0
stocky,ADJ,1,0,0
agreeable,ADJ,1,0,0
tart,VERB,1,0,0
lipped,ADJ,1,0,0
virtuous,ADJ,1,0,0
furious,ADJ,1,0,0
weariness,NOUN,1,0,0
you,NOUN,1,1,0
Ma,PROPN,1,0,1
flop,VERB,1,0,0
endurable,ADJ,1,0,0
squat,NOUN,1,0,0
hoarse,ADJ,1,0,0
fume,NOUN,1,0,0
legal,ADJ,1,0,0
brightly,ADV,1,0,0
concert,NOUN,1,0,0
chant,VERB,1,0,0
unison,PROPN,1,0,1
nearer,PROPN,1,0,1
ravishing,NOUN,1,0,0
thirst,NOUN,1,0,0
conclave,NOUN,1,0,0
doubtless,VERB,1,0,0
commemorative,ADJ,1,0,0
Grand,PROPN,1,0,1
Herbivore,PROPN,1,0,1
draught,VERB,1,0,0
saloon,NOUN,1,0,0
thirst,ADV,1,0,0
roar,VERB,1,0,0
bovine,NOUN,1,0,0
comment,VERB,1,0,0
Laughter,PROPN,1,0,1
metallic,ADJ,1,0,0
disc,NOUN,1,0,0
irresolute,VERB,1,0,0
tune,VERB,1,0,0
frost,VERB,1,0,0
steamy,ADV,1,0,0
chink,NOUN,1,0,0
ineffably,ADV,1,0,0
mirror,VERB,1,0,0
prop,VERB,1,0,0
streak,VERB,1,0,0
backchat,PRON,1,0,0
saucily,ADV,1,0,0
memorable,ADJ,1,0,0
bellow,VERB,1,0,0
delighted,ADJ,1,0,0
flirt,VERB,1,0,0
swing,NOUN,1,0,0
open,ADP,1,0,0
fog,NOUN,1,0,0
oori,NOUN,1,0,0
ay,PROPN,1,0,1
diminish,VERB,1,0,0
tiding,NOUN,1,0,0
skim,VERB,1,0,0
gravitate,VERB,1,0,0
bruise,VERB,1,0,0
grizzle,VERB,1,0,0
favour,NOUN,1,0,0
flap,VERB,1,0,0
heron,NOUN,1,0,0
regurgitate,VERB,1,0,0
flatfish,NOUN,1,0,0
vomit,VERB,1,0,0
bunch,NOUN,1,0,0
dart,VERB,1,0,0
jealously,ADV,1,0,0
scan,VERB,1,0,0
writ,NOUN,1,0,0
improper,ADJ,1,0,0
beat,NOUN,1,0,0
outward,ADJ,1,0,0
calm,NOUN,1,0,0
matchbox,NOUN,1,0,0
lighting,NOUN,1,0,0
rip,VERB,1,0,0
unable,ADJ,1,0,0
enclose,VERB,1,0,0
decorate,VERB,1,0,0
design,NOUN,1,0,0
funereal,ADJ,1,0,0
unanswerable,ADJ,1,0,0
silliest,ADJ,1,0,0
flung,ADJ,1,0,0
wastepaper,NOUN,1,0,0
loathly,ADJ,1,0,0
sleekness,NOUN,1,0,0
admirable,ADJ,1,0,0
publishing,NOUN,1,0,0
type,VERB,1,0,0
Buckingham,PROPN,1,0,1
coterie,NOUN,1,0,0
horn,VERB,1,0,0
pansy,ADJ,1,0,0
mealy,ADJ,1,0,0
mouthed,ADJ,1,0,0
outright,ADV,1,0,0
proletarian,NOUN,1,0,0
hypocritical,ADJ,1,0,0
crumple,VERB,1,0,0
staleness,NOUN,1,0,0
mortal,ADJ,1,0,0
unavenge,VERB,1,0,0
rap,VERB,1,0,0
cruelly,ADV,1,0,0
understand,NOUN,1,0,0
yours,PRON,1,1,0
poem,PROPN,1,0,1
intimately,ADV,1,0,0
gratified,ADJ,1,0,0
conceit,NOUN,1,0,0
sardonic,ADJ,1,0,0
aha,INTJ,1,0,0
sensitive,ADJ,1,0,0
little,NOUN,1,0,0
intolerably,ADV,1,0,0
arrival,NOUN,1,0,0
pebble,NOUN,1,0,0
overwhelmingly,ADV,1,0,0
unconsciously,ADV,1,0,0
equal,NOUN,1,0,0
astonish,VERB,1,0,0
room,VERB,1,0,0
wild,NOUN,1,0,0
bon,X,1,0,0
socialiste,NOUN,1,0,0
mew,NOUN,1,0,0
Mayfair,PROPN,1,0,1
WI,PROPN,1,0,1
notepaper,NOUN,1,0,0
lifelong,ADJ,1,0,0
honorary,ADJ,1,0,0
editorial,ADJ,1,0,0
downstairs,ADJ,1,0,0
monthly,PROPN,1,0,1
vehement,ADJ,1,0,0
define,VERB,1,0,0
ardent,ADJ,1,0,0
allegiance,NOUN,1,0,0
gang,NOUN,1,0,0
ver,NOUN,1,0,0
libre,NOUN,1,0,0
contributor,NOUN,1,0,0
gauntlet,NOUN,1,0,0
uniform,NOUN,1,0,0
tweed,NOUN,1,0,0
tailor,NOUN,1,0,0
aristocratic,ADJ,1,0,0
pullover,NOUN,1,0,0
convention,NOUN,1,0,0
lounging,NOUN,1,0,0
express,VERB,1,0,0
tacitly,ADV,1,0,0
largeness,NOUN,1,0,0
Monday,PROPN,1,0,1
manoeuvring,NOUN,1,0,0
sidle,VERB,1,0,0
Beside,PROPN,1,1,1
comelier,NOUN,1,0,0
frail,ADJ,1,0,0
fundamental,ADJ,1,0,0
elsewhere,ADV,1,1,0
fatty,ADJ,1,0,0
degeneration,NOUN,1,0,0
unpopular,ADJ,1,0,0
socialist,ADJ,1,0,0
monthly,ADV,1,0,0
tribe,NOUN,1,0,0
cadger,NOUN,1,0,0
unceasingly,ADV,1,0,0
thereabout,NOUN,1,0,0
chat,NOUN,1,0,0
object,VERB,1,0,0
arid,ADJ,1,0,0
drum,NOUN,1,0,0
sympathetic,ADJ,1,0,0
gloom,NOUN,1,0,0
s,PROPN,1,0,1
torture,VERB,1,0,0
training,NOUN,1,0,0
perform,VERB,1,0,0
flea,NOUN,1,0,0
discourage,VERB,1,0,0
drab,NOUN,1,0,0
label,VERB,1,0,0
blasted,ADJ,1,0,0
agreement,NOUN,1,0,0
deathliness,NOUN,1,0,0
theoretical,ADJ,1,0,0
chinese,ADJ,1,0,0
junk,NOUN,1,0,0
cooly,NOUN,1,0,0
disagreement,NOUN,1,0,0
mannered,ADJ,1,0,0
meanly,ADV,1,0,0
residential,ADJ,1,0,0
shutter,VERB,1,0,0
simper,VERB,1,0,0
cluster,NOUN,1,0,0
chaos,NOUN,1,0,0
aeroplane,VERB,1,0,0
zoom,VERB,1,0,0
gesticulate,VERB,1,0,0
aesthetically,ADV,1,0,0
temporary,ADJ,1,0,0
phenomenon,NOUN,1,0,0
gap,VERB,1,0,0
imbecility,NOUN,1,0,0
desolation,NOUN,1,0,0
Europe,PROPN,1,0,1
fretfully,ADV,1,0,0
upright,NOUN,1,0,0
incurable,ADJ,1,0,0
discomforte,VERB,1,0,0
abstract,NOUN,1,0,0
m,NOUN,1,0,0
concrete,ADJ,1,0,0
magnet,NOUN,1,0,0
convert,VERB,1,0,0
quicken,VERB,1,0,0
nostril,NOUN,1,0,0
gallantly,ADV,1,0,0
coldish,ADJ,1,0,0
smoky,ADJ,1,0,0
ceilinge,VERB,1,0,0
sawduste,VERB,1,0,0
melon,NOUN,1,0,0
intensity,NOUN,1,0,0
Croop,PROPN,1,0,1
brothel,NOUN,1,0,0
forearm,NOUN,1,0,0
labourer,NOUN,1,0,0
hush,NOUN,1,0,0
inquisitively,ADV,1,0,0
insolent,ADJ,1,0,0
froth,NOUN,1,0,0
gunpowdery,ADJ,1,0,0
cellar,NOUN,1,0,0
betray,VERB,1,0,0
pull,NOUN,1,0,0
mouthful,ADJ,1,0,0
gingerly,ADV,1,0,0
sickly,ADV,1,0,0
chemical,NOUN,1,0,0
annoy,VERB,1,0,0
tirade,VERB,1,0,0
Aldous,PROPN,1,0,1
Brave,PROPN,1,0,1
amusing,ADJ,1,0,0
model,NOUN,1,0,0
bolt,NOUN,1,0,0
ration,NOUN,1,0,0
grease,NOUN,1,0,0
proof,ADJ,1,0,0
communal,ADJ,1,0,0
Lenin,PROPN,1,0,1
clinic,NOUN,1,0,0
don,PROPN,1,0,1
t,NOUN,1,0,0
Buridan,PROPN,1,0,1
donkey,NOUN,1,0,0
anticlerically,ADV,1,0,0
standing,ADJ,1,0,0
plenty,ADV,1,0,0
insanitary,ADJ,1,0,0
counsel,NOUN,1,0,0
tax,NOUN,1,0,0
awkwardness,NOUN,1,0,0
heartiness,NOUN,1,0,0
untouched,ADJ,1,0,0
insolence,NOUN,1,0,0
ere,PROPN,1,0,1
flickering,NOUN,1,0,0
licence,NOUN,1,0,0
fizz,VERB,1,0,0
prickle,VERB,1,0,0
damn,NOUN,1,0,0
dictate,VERB,1,0,0
city,NOUN,1,0,0
dying,NOUN,1,0,0
obliquely,ADV,1,0,0
ideology,NOUN,1,0,0
sneaking,NOUN,1,0,0
meaness,NOUN,1,0,0
world,ADJ,1,0,0
sewer,NOUN,1,0,0
embarrass,VERB,1,0,0
retail,VERB,1,0,0
Poverty,PROPN,1,0,1
expose,VERB,1,0,0
dilate,VERB,1,0,0
revolve,VERB,1,0,0
nestle,VERB,1,0,0
impotently,ADV,1,0,0
reaction,NOUN,1,0,0
tenner,NOUN,1,0,0
altitude,NOUN,1,0,0
moonless,NOUN,1,0,0
starless,NOUN,1,0,0
essential,ADJ,1,0,0
philosophy,NOUN,1,0,0
shamelessly,ADV,1,0,0
interrupt,VERB,1,0,0
poure,NOUN,1,0,0
hateth,PROPN,1,0,1
thee,PROPN,1,0,1
deferential,ADJ,1,0,0
disagree,VERB,1,0,0
Listerine,PROPN,1,0,1
Halitosis,PROPN,1,0,1
vehemently,ADV,1,0,0
deprecatingly,ADV,1,0,0
exaggerated,ADJ,1,0,0
contradict,VERB,1,0,0
accurse,VERB,1,0,0
reasonable,ADJ,1,0,0
wheatfield,NOUN,1,0,0
ism,NOUN,1,0,0
judge,VERB,1,0,0
dishonour,VERB,1,0,0
patiently,ADV,1,0,0
air,PROPN,1,0,1
forlorn,ADJ,1,0,0
cruel,VERB,1,0,0
imaginary,ADJ,1,0,0
disbelieve,VERB,1,0,0
cheery,ADJ,1,0,0
latchkey,NOUN,1,0,0
gloved,ADJ,1,0,0
fiercely,ADV,1,0,0
threat,NOUN,1,0,0
wicker,NOUN,1,0,0
cradle,NOUN,1,0,0
bourgeois,NOUN,1,0,0
admission,NOUN,1,0,0
pigheade,VERB,1,0,0
southward,NOUN,1,0,0
sitting,ADJ,1,0,0
writhing,NOUN,1,0,0
firelight,NOUN,1,0,0
gifted,ADJ,1,0,0
Nonsense,PROPN,1,0,1
pillow,VERB,1,0,0
poky,NOUN,1,0,0
Socialists,PROPN,1,0,1
wordless,ADJ,1,0,0
altruism,NOUN,1,0,0
Outside,PROPN,1,0,1
lank,ADJ,1,0,0
paving,NOUN,1,0,0
fawn,VERB,1,0,0
timorously,ADV,1,0,0
carious,ADJ,1,0,0
grill,VERB,1,0,0
rumpsteak,NOUN,1,0,0
Beaujolais,PROPN,1,0,1
smoking,NOUN,1,0,0
huddle,NOUN,1,0,0
milkless,NOUN,1,0,0
homeward,NOUN,1,0,0
fifth,ADJ,1,0,0
spitefully,ADV,1,0,0
dislike,VERB,1,0,0
unsatisfactory,ADJ,1,0,0
aloud,ADV,1,0,0
intermittently,ADV,1,0,0
excite,VERB,1,0,0
PAUL,PROPN,1,0,1
Stick,PROPN,1,0,1
ailing,ADJ,1,0,0
meditatively,ADV,1,0,0
GORDON,PROPN,1,0,1
COMSTOCK,PROPN,1,0,1
pillar,NOUN,1,0,0
west,NOUN,1,0,0
ferocious,ADJ,1,0,0
chastity,NOUN,1,0,0
cock,NOUN,1,0,0
peck,VERB,1,0,0
offspring,NOUN,1,0,0
hop,NOUN,1,0,0
Tonight,PROPN,1,0,1
autumn,NOUN,1,0,0
Doubtless,PROPN,1,0,1
booze,VERB,1,0,0
paradise,PROPN,1,0,1
blatantly,ADV,1,0,0
offensively,ADV,1,0,0
lewd,ADJ,1,0,0
deprive,VERB,1,0,0
inalienable,ADJ,1,0,0
languorous,ADJ,1,0,0
manifest,ADJ,1,0,0
shabbiness,NOUN,1,0,0
everlasting,ADJ,1,0,0
pestering,NOUN,1,0,0
working,ADJ,1,0,0
wildrose,ADJ,1,0,0
raincoat,NOUN,1,0,0
belt,VERB,1,0,0
flank,NOUN,1,0,0
trim,VERB,1,0,0
policeman,NOUN,1,0,0
snap,NOUN,1,0,0
chain,VERB,1,0,0
cart,VERB,1,0,0
licit,NOUN,1,0,0
cut,NOUN,1,0,0
indissoluble,ADJ,1,0,0
ideal,NOUN,1,0,0
temper,VERB,1,0,0
mate,NOUN,1,0,0
juice,NOUN,1,0,0
forbidden,ADJ,1,0,0
whisker,NOUN,1,0,0
cut,ADJ,1,0,0
decanter,NOUN,1,0,0
clash,VERB,1,0,0
embattle,VERB,1,0,0
adult,NOUN,1,0,0
Comme,PROPN,1,0,1
au,ADV,1,0,0
étendu,PROPN,1,0,1
wilfulness,NOUN,1,0,0
desertion,NOUN,1,0,0
straightforward,ADJ,1,0,0
dealing,NOUN,1,0,0
Constancy,PROPN,1,0,1
quality,NOUN,1,0,0
impermanence,NOUN,1,0,0
deception,NOUN,1,0,0
abjuring,ADJ,1,0,0
bellowing,NOUN,1,0,0
Luton,PROPN,1,0,1
crowded,ADJ,1,0,0
lurid,PROPN,1,0,1
crimson,ADJ,1,0,0
broccoli,NOUN,1,0,0
eel,NOUN,1,0,0
loop,VERB,1,0,0
troughs,PROPN,1,0,1
fowl,NOUN,1,0,0
guardsman,NOUN,1,0,0
bustle,NOUN,1,0,0
throng,VERB,1,0,0
knot,NOUN,1,0,0
prowl,VERB,1,0,0
desirously,ADV,1,0,0
underwear,NOUN,1,0,0
backchat,DET,1,0,0
intent,ADJ,1,0,0
cluster,VERB,1,0,0
truss,NOUN,1,0,0
blossom,NOUN,1,0,0
Sweet,PROPN,1,0,1
phlox,NOUN,1,0,0
aquarelle,PROPN,1,0,1
straw,NOUN,1,0,0
thumb,VERB,1,0,0
codfish,NOUN,1,0,0
stare,VERB,1,0,0
din,NOUN,1,0,0
inform,VERB,1,0,0
plague,NOUN,1,0,0
slanting,NOUN,1,0,0
letter,VERB,1,0,0
extremely,ADV,1,0,0
nimble,ADJ,1,0,0
frisk,VERB,1,0,0
younger,ADV,1,0,0
agile,ADJ,1,0,0
triangular,NOUN,1,0,0
peaky,ADJ,1,0,0
boldly,ADV,1,0,0
caricature,VERB,1,0,0
frivolous,ADJ,1,0,0
harmonize,VERB,1,0,0
appealingly,ADV,1,0,0
pat,NOUN,1,0,0
sombrely,ADV,1,0,0
jokingly,ADV,1,0,0
wasted,ADJ,1,0,0
uncut,ADJ,1,0,0
soften,VERB,1,0,0
exasperation,NOUN,1,0,0
scarecrow,NOUN,1,0,0
discoloured,ADJ,1,0,0
sew,VERB,1,0,0
Cleanness,PROPN,1,0,1
surprisingly,ADV,1,0,0
peevish,ADJ,1,0,0
unreasonably,ADV,1,0,0
experience,NOUN,1,0,0
lovemaking,NOUN,1,0,0
eager,ADJ,1,0,0
shapely,ADV,1,0,0
roughness,NOUN,1,0,0
distinguish,VERB,1,0,0
opportunity,NOUN,1,0,0
Veuillez,PROPN,1,0,1
le,X,1,0,0
dire,ADJ,1,0,0
donc,VERB,1,0,0
selon,NOUN,1,0,0
Que,PROPN,1,0,1
este,NOUN,1,0,0
benigne,PROPN,1,0,1
et,PROPN,1,0,1
doulche,NOUN,1,0,0
Car,PROPN,1,0,1
doulx,NOUN,1,0,0
mot,NOUN,1,0,0
pa,NOUN,1,0,0
si,ADP,1,0,0
mal,NOUN,1,0,0
la,X,1,0,0
bouche,PROPN,1,0,1
translate,VERB,1,0,0
parrot,NOUN,1,0,0
guess,NOUN,1,0,0
upbringing,NOUN,1,0,0
background,NOUN,1,0,0
schoolmistress,NOUN,1,0,0
typing,NOUN,1,0,0
bureaux,NOUN,1,0,0
farm,VERB,1,0,0
Canada,PROPN,1,0,1
plantation,NOUN,1,0,0
Ceylon,PROPN,1,0,1
regiment,NOUN,1,0,0
Indian,PROPN,1,0,1
eventful,ADJ,1,0,0
girlhood,NOUN,1,0,0
immature,ADJ,1,0,0
spirited,ADJ,1,0,0
absorb,VERB,1,0,0
play,NOUN,1,0,0
magnanimous,ADJ,1,0,0
bullying,NOUN,1,0,0
measure,NOUN,1,0,0
trimmer,NOUN,1,0,0
graceless,ADJ,1,0,0
mill,VERB,1,0,0
supper,VERB,1,0,0
broodingly,ADV,1,0,0
blast,VERB,1,0,0
portable,ADJ,1,0,0
unsatisfactorily,ADV,1,0,0
absolute,VERB,1,0,0
solely,ADV,1,0,0
mercenary,ADJ,1,0,0
weakling,NOUN,1,0,0
Hercules,PROPN,1,0,1
mythology,NOUN,1,0,0
good,ADV,1,0,0
natured,ADJ,1,0,0
palpable,ADJ,1,0,0
exasperate,VERB,1,0,0
diatribe,NOUN,1,0,0
pose,VERB,1,0,0
anti,ADJ,1,0,0
feminist,ADJ,1,0,0
eternal,ADJ,1,0,0
versus,ADP,1,0,0
Woman,PROPN,1,0,1
brute,NOUN,1,0,0
Patient,PROPN,1,0,1
Griselda,PROPN,1,0,1
Astor,PROPN,1,0,1
polygamy,NOUN,1,0,0
hindu,NOUN,1,0,0
Pankhurst,PROPN,1,0,1
piping,NOUN,1,0,0
itch,NOUN,1,0,0
castrate,VERB,1,0,0
knife,NOUN,1,0,0
delight,NOUN,1,0,0
absurdity,NOUN,1,0,0
delightedly,ADV,1,0,0
precious,ADJ,1,0,0
post,PROPN,1,0,1
jaw,ADV,1,0,0
innocent,ADJ,1,0,0
voluptuousness,NOUN,1,0,0
moon,NOUN,1,0,0
committal,ADJ,1,0,0
realm,NOUN,1,0,0
abstraction,NOUN,1,0,0
Richmond,PROPN,1,0,1
Heath,PROPN,1,0,1
Surrey,PROPN,1,0,1
Blast,PROPN,1,0,1
him,PROPN,1,1,1
renew,VERB,1,0,0
casual,ADJ,1,0,0
tiptoe,NOUN,1,0,0
untruthfully,ADV,1,0,0
Spaghetti,PROPN,1,0,1
Napolitaine,PROPN,1,0,1
spaghetti,NOUN,1,0,0
Italian,PROPN,1,0,1
Restaurant,PROPN,1,0,1
punish,VERB,1,0,0
cricket,VERB,1,0,0
reign,NOUN,1,0,0
Victoria,PROPN,1,0,1
concern,VERB,1,0,0
abominably,ADV,1,0,0
rigid,ADJ,1,0,0
independence,NOUN,1,0,0
insistent,ADJ,1,0,0
nearness,NOUN,1,0,0
essential,NOUN,1,0,0
console,VERB,1,0,0
whimper,VERB,1,0,0
dearest,NOUN,1,0,0
crying,NOUN,1,0,0
handkerchief,NOUN,1,0,0
impatiently,ADV,1,0,0
wring,VERB,1,0,0
Charity,PROPN,1,0,1
unreasonableness,NOUN,1,0,0
instinctive,ADJ,1,0,0
generosity,NOUN,1,0,0
unloved,ADJ,1,0,0
anyway,INTJ,1,1,0
she,NOUN,1,1,0
wooden,ADJ,1,0,0
wedge,VERB,1,0,0
scotchman,NOUN,1,0,0
football,NOUN,1,0,0
final,NOUN,1,0,0
oozed,ADJ,1,0,0
booming,NOUN,1,0,0
bracken,NOUN,1,0,0
park,NOUN,1,0,0
climate,NOUN,1,0,0
plume,NOUN,1,0,0
perpendicular,ADJ,1,0,0
smoky,PROPN,1,0,1
rose,NOUN,1,0,0
doorstep,NOUN,1,0,0
ungathered,ADJ,1,0,0
sentinel,NOUN,1,0,0
sitting,NOUN,1,0,0
divan,ADJ,1,0,0
mistaken,ADJ,1,0,0
sofa,NOUN,1,0,0
fume,VERB,1,0,0
hardwood,ADJ,1,0,0
ornamental,ADJ,1,0,0
footstool,NOUN,1,0,0
chintz,ADV,1,0,0
framed,ADJ,1,0,0
photo,NOUN,1,0,0
turning,NOUN,1,0,0
tout,PROPN,1,0,1
meanness,NOUN,1,0,0
tot,VERB,1,0,0
giving,NOUN,1,0,0
Handkerchief,PROPN,1,0,1
sachet,NOUN,1,0,0
manicure,NOUN,1,0,0
motto,NOUN,1,0,0
Selected,PROPN,1,0,1
Drinkwater,PROPN,1,0,1
morocco,PROPN,1,0,1
thirteen,NOUN,1,0,0
emergency,NOUN,1,0,0
mock,ADJ,1,0,0
shovel,NOUN,1,0,0
blowsy,NOUN,1,0,0
unwashed,ADJ,1,0,0
yawning,NOUN,1,0,0
smoker,NOUN,1,0,0
Carter,PROPN,1,0,1
Little,PROPN,1,0,1
Liver,PROPN,1,0,1
absurdly,ADV,1,0,0
truck,NOUN,1,0,0
chocolate,NOUN,1,0,0
rut,VERB,1,0,0
tussocky,ADJ,1,0,0
loveliness,NOUN,1,0,0
stillness,NOUN,1,0,0
satiny,NOUN,1,0,0
stem,VERB,1,0,0
turf,NOUN,1,0,0
shrunken,ADJ,1,0,0
Londoners,PROPN,1,0,1
etiolated,ADJ,1,0,0
unkempt,VERB,1,0,0
walking,NOUN,1,0,0
soar,VERB,1,0,0
phallic,PROPN,1,0,1
fluting,NOUN,1,0,0
root,NOUN,1,0,0
thickly,ADV,1,0,0
slope,NOUN,1,0,0
coppery,NOUN,1,0,0
brown,NOUN,1,0,0
madder,NOUN,1,0,0
brushwood,NOUN,1,0,0
dip,VERB,1,0,0
tame,NOUN,1,0,0
human,NOUN,1,0,0
countryside,NOUN,1,0,0
diamond,NOUN,1,0,0
slant,VERB,1,0,0
giant,NOUN,1,0,0
paintbox,NOUN,1,0,0
flock,NOUN,1,0,0
sheep,NOUN,1,0,0
nest,NOUN,1,0,0
flirt,NOUN,1,0,0
lovable,ADJ,1,0,0
enthusiasm,NOUN,1,0,0
lapis,ADJ,1,0,0
lazuli,NOUN,1,0,0
sprout,VERB,1,0,0
horizontal,ADJ,1,0,0
epithet,NOUN,1,0,0
sentient,NOUN,1,0,0
smoothness,NOUN,1,0,0
knob,NOUN,1,0,0
nipple,NOUN,1,0,0
sinuous,ADJ,1,0,0
writhe,VERB,1,0,0
elephant,NOUN,1,0,0
metaphor,NOUN,1,0,0
vigorously,ADV,1,0,0
custom,NOUN,1,0,0
tease,VERB,1,0,0
russet,NOUN,1,0,0
hornbeam,NOUN,1,0,0
Burne,PROPN,1,0,1
tentacle,NOUN,1,0,0
ivy,NOUN,1,0,0
Dickens,PROPN,1,0,1
heroine,NOUN,1,0,0
mauve,NOUN,1,0,0
toadstool,NOUN,1,0,0
Rackham,PROPN,1,0,1
illustration,NOUN,1,0,0
wad,VERB,1,0,0
beech,PROPN,1,0,1
weightless,ADJ,1,0,0
Fairy,PROPN,1,0,1
tomato,NOUN,1,0,0
autumnal,ADJ,1,0,0
brooks,PROPN,1,0,1
Vallombrosa,PROPN,1,0,1
declaiming,NOUN,1,0,0
Welwyn,PROPN,1,0,1
woode,VERB,1,0,0
abroad,ADV,1,0,0
churchgoer,NOUN,1,0,0
outskirt,NOUN,1,0,0
pseudo,VERB,1,0,0
Tudor,PROPN,1,0,1
sniffishly,ADV,1,0,0
garage,NOUN,1,0,0
shrubbery,NOUN,1,0,0
ouija,NOUN,1,0,0
terrier,NOUN,1,0,0
Jock,PROPN,1,0,1
frequently,ADV,1,0,0
gauzy,NOUN,1,0,0
watch,NOUN,1,0,0
Bird,PROPN,1,0,1
Hand,PROPN,1,0,1
privately,ADV,1,0,0
pleasanter,NOUN,1,0,0
settle,NOUN,1,0,0
pike,NOUN,1,0,0
alarm,VERB,1,0,0
sweetshop,NOUN,1,0,0
ravening,NOUN,1,0,0
exhaustedly,ADV,1,0,0
river,PROPN,1,0,1
scatter,VERB,1,0,0
Crickham,PROPN,1,0,1
boat,VERB,1,0,0
hibernation,NOUN,1,0,0
aloof,ADJ,1,0,0
camp,NOUN,1,0,0
roach,NOUN,1,0,0
pole,NOUN,1,0,0
water,PROPN,1,0,1
circle,VERB,1,0,0
derive,VERB,1,0,0
sniff,VERB,1,0,0
comfortably,ADV,1,0,0
jest,NOUN,1,0,0
parse,NOUN,1,0,0
off,ADJ,1,1,0
woodwork,NOUN,1,0,0
peel,VERB,1,0,0
heartily,ADV,1,0,0
biggish,ADJ,1,0,0
snobbish,PROPN,1,0,1
RAVENSCROFT,PROPN,1,0,1
HOTEL,PROPN,1,0,1
Open,PROPN,1,0,1
non,NOUN,1,0,0
resident,NOUN,1,0,0
luncheon,NOUN,1,0,0
TEAS,PROPN,1,0,1
DANCE,PROPN,1,0,1
HALL,PROPN,1,0,1
TENNIS,PROPN,1,0,1
COURTS,PROPN,1,0,1
Parties,PROPN,1,0,1
cater,VERB,1,0,0
seater,NOUN,1,0,0
park,VERB,1,0,0
charge,VERB,1,0,0
chintz,ADJ,1,0,0
rinsing,NOUN,1,0,0
characteristic,ADJ,1,0,0
lower,ADV,1,0,0
air,VERB,1,0,0
whore,NOUN,1,0,0
shrank,ADJ,1,0,0
corduroy,NOUN,1,0,0
upholster,VERB,1,0,0
settee,NOUN,1,0,0
ordinary,ADJ,1,0,0
ashtray,NOUN,1,0,0
Horse,PROPN,1,0,1
blond,ADJ,1,0,0
flat,ADV,1,0,0
fattish,ADJ,1,0,0
youthfully,ADV,1,0,0
liqueur,NOUN,1,0,0
alas,INTJ,1,0,0
lordly,ADV,1,0,0
Luncheon,PROPN,1,0,1
zee,NOUN,1,0,0
excellently,ADV,1,0,0
prince,NOUN,1,0,0
Englishman,PROPN,1,0,1
foreign,ADJ,1,0,0
fancy,VERB,1,0,0
both,ADV,1,1,0
evergreen,NOUN,1,0,0
palm,NOUN,1,0,0
plant,NOUN,1,0,0
dank,ADJ,1,0,0
sh,VERB,1,0,0
la,NOUN,1,0,0
carte,NOUN,1,0,0
feign,VERB,1,0,0
anyse,VERB,1,0,0
wiz,NOUN,1,0,0
prestige,NOUN,1,0,0
flyblown,NOUN,1,0,0
impossibly,ADV,1,0,0
nameless,NOUN,1,0,0
claret,NOUN,1,0,0
calculation,NOUN,1,0,0
thumbnail,NOUN,1,0,0
essay,VERB,1,0,0
prefare,VERB,1,0,0
aback,ADV,1,0,0
raised,ADJ,1,0,0
disdain,NOUN,1,0,0
roll,NOUN,1,0,0
reedy,NOUN,1,0,0
stimulating,ADJ,1,0,0
napkin,NOUN,1,0,0
chatter,VERB,1,0,0
leapt,VERB,1,0,0
sensuality,NOUN,1,0,0
tenderness,NOUN,1,0,0
unreal,ADJ,1,0,0
bodily,ADJ,1,0,0
touching,VERB,1,0,0
trivial,ADJ,1,0,0
Ze,PROPN,1,0,1
retire,VERB,1,0,0
folded,ADJ,1,0,0
waistcoat,ADJ,1,0,0
unmentionable,NOUN,1,0,0
daze,VERB,1,0,0
swoop,NOUN,1,0,0
ghastly,ADJ,1,0,0
muddy,ADJ,1,0,0
cool,ADJ,1,0,0
screw,VERB,1,0,0
carefree,ADJ,1,0,0
shatter,VERB,1,0,0
harassing,NOUN,1,0,0
war,VERB,1,0,0
level,ADJ,1,0,0
Yorkshire,PROPN,1,0,1
tangled,ADJ,1,0,0
sloe,PROPN,1,0,1
blackthorn,ADJ,1,0,0
barbed,ADJ,1,0,0
string,VERB,1,0,0
alcove,NOUN,1,0,0
thorn,NOUN,1,0,0
impenetrable,ADJ,1,0,0
downhill,ADV,1,0,0
sweep,NOUN,1,0,0
roof,VERB,1,0,0
smokeless,NOUN,1,0,0
mossy,ADJ,1,0,0
mackintosh,NOUN,1,0,0
membrane,NOUN,1,0,0
widen,VERB,1,0,0
emerald,PROPN,1,0,1
purply,NOUN,1,0,0
cheek,VERB,1,0,0
beauty,NOUN,1,0,0
hostile,ADJ,1,0,0
mid,NOUN,1,0,0
distress,NOUN,1,0,0
bridal,NOUN,1,0,0
intruding,NOUN,1,0,0
height,NOUN,1,0,0
control,NOUN,1,0,0
acquiesce,VERB,1,0,0
perceptibly,ADV,1,0,0
colder,ADJ,1,0,0
grotesque,ADJ,1,0,0
irritation,NOUN,1,0,0
lace,VERB,1,0,0
pardon,NOUN,1,0,0
awkward,ADV,1,0,0
dusk,NOUN,1,0,0
abreast,ADJ,1,0,0
width,NOUN,1,0,0
mortally,ADV,1,0,0
critical,ADJ,1,0,0
humiliating,ADJ,1,0,0
superior,ADJ,1,0,0
contraception,NOUN,1,0,0
puncture,VERB,1,0,0
tramp,VERB,1,0,0
illumination,NOUN,1,0,0
exercise,NOUN,1,0,0
unsociable,ADJ,1,0,0
pitch,NOUN,1,0,0
tilt,VERB,1,0,0
indistinctly,ADV,1,0,0
generous,ADJ,1,0,0
dreaded,ADJ,1,0,0
risk,NOUN,1,0,0
usurp,VERB,1,0,0
amazement,NOUN,1,0,0
paying,NOUN,1,0,0
physically,ADV,1,0,0
obscurely,ADV,1,0,0
grossly,ADV,1,0,0
wrong,NOUN,1,0,0
forgave,VERB,1,0,0
loom,VERB,1,0,0
sham,VERB,1,0,0
wilt,VERB,1,0,0
sandwich,NOUN,1,0,0
ball,NOUN,1,0,0
putty,NOUN,1,0,0
sulk,VERB,1,0,0
hiker,NOUN,1,0,0
khaki,PROPN,1,0,1
twin,VERB,1,0,0
discontent,VERB,1,0,0
tenderly,ADJ,1,0,0
entrance,NOUN,1,0,0
compunction,NOUN,1,0,0
kiosk,NOUN,1,0,0
Marylebone,PROPN,1,0,1
idleness,NOUN,1,0,0
jeweller,NOUN,1,0,0
shiver,ADJ,1,0,0
misty,NOUN,1,0,0
apostasy,NOUN,1,0,0
holiday,NOUN,1,0,0
ye,DET,1,0,0
creep,ADJ,1,0,0
duly,ADV,1,0,0
snivel,VERB,1,0,0
shoal,NOUN,1,0,0
slender,NOUN,1,0,0
guineas,NOUN,1,0,0
clothe,VERB,1,0,0
chauffeur,NOUN,1,0,0
immobile,ADJ,1,0,0
scornful,ADJ,1,0,0
statue,NOUN,1,0,0
lit,ADJ,1,0,0
bunny,NOUN,1,0,0
pinkness,NOUN,1,0,0
smoothness,ADJ,1,0,0
counterfeit,VERB,1,0,0
disguise,NOUN,1,0,0
littered,ADJ,1,0,0
drift,NOUN,1,0,0
under,ADV,1,1,0
shiver,NOUN,1,0,0
grovel,VERB,1,0,0
sweat,NOUN,1,0,0
tunnel,NOUN,1,0,0
vital,NOUN,1,0,0
pink,ADV,1,0,0
Upper,PROPN,1,0,1
Crust,PROPN,1,0,1
welter,NOUN,1,0,0
guinea,NOUN,1,0,0
golfing,NOUN,1,0,0
cosmopolitan,ADJ,1,0,0
financier,NOUN,1,0,0
Chancery,PROPN,1,0,1
lawyer,NOUN,1,0,0
banker,NOUN,1,0,0
peer,NOUN,1,0,0
pugilist,NOUN,1,0,0
aviator,NOUN,1,0,0
bishop,NOUN,1,0,0
title,VERB,1,0,0
Chicago,PROPN,1,0,1
gorilla,NOUN,1,0,0
repentant,VERB,1,0,0
lord,NOUN,1,0,0
watchful,ADJ,1,0,0
map,VERB,1,0,0
curb,VERB,1,0,0
tribute,VERB,1,0,0
accepted,ADJ,1,0,0
mute,VERB,1,0,0
estrange,VERB,1,0,0
Bank,PROPN,1,0,1
lapel,NOUN,1,0,0
outline,VERB,1,0,0
sensitiveness,NOUN,1,0,0
anxiously,ADV,1,0,0
tricky,ADJ,1,0,0
despairingly,ADV,1,0,0
favorably,ADV,1,0,0
endeavor,VERB,1,0,0
favor,VERB,1,0,0
blight,NOUN,1,0,0
cobwebby,PROPN,1,0,1
claret,PROPN,1,0,1
crisp,ADJ,1,0,0
crackle,VERB,1,0,0
crop,VERB,1,0,0
distasteful,ADJ,1,0,0
plan,VERB,1,0,0
uttermost,NOUN,1,0,0
farthing,NOUN,1,0,0
tenth,NOUN,1,0,0
twentieth,ADJ,1,0,0
banking,NOUN,1,0,0
bank,VERB,1,0,0
consultation,NOUN,1,0,0
flimsy,ADJ,1,0,0
lordly,ADJ,1,0,0
backsheesh,NOUN,1,0,0
par,NOUN,1,0,0
sacrosanct,ADJ,1,0,0
chew,VERB,1,0,0
leathery,ADJ,1,0,0
mortgage,VERB,1,0,0
queer,VERB,1,0,0
revivify,VERB,1,0,0
downtrodden,ADJ,1,0,0
wretch,NOUN,1,0,0
Atlantic,PROPN,1,0,1
publication,NOUN,1,0,0
demy,ADJ,1,0,0
bite,NOUN,1,0,0
veg,NOUN,1,0,0
Flakes,PROPN,1,0,1
celebrate,VERB,1,0,0
demur,VERB,1,0,0
overbore,VERB,1,0,0
assent,VERB,1,0,0
praise,NOUN,1,0,0
right,INTJ,1,0,0
vest,NOUN,1,0,0
pant,NOUN,1,0,0
darkle,VERB,1,0,0
tar,NOUN,1,0,0
cushion,NOUN,1,0,0
knowing,ADJ,1,0,0
pal,VERB,1,0,0
End,PROPN,1,0,1
unbidden,ADJ,1,0,0
discreet,ADJ,1,0,0
anticipate,VERB,1,0,0
expansive,ADJ,1,0,0
barman,NOUN,1,0,0
barman,PROPN,1,0,1
Gin,PROPN,1,0,1
metaphorically,ADV,1,0,0
parable,NOUN,1,0,0
moth,ADV,1,0,0
intellectual,ADJ,1,0,0
ethereal,ADJ,1,0,0
swim,VERB,1,0,0
bluish,ADJ,1,0,0
red,NOUN,1,0,0
gondola,NOUN,1,0,0
damned,ADV,1,0,0
niggle,VERB,1,0,0
flickeringly,ADV,1,0,0
waxwork,NOUN,1,0,0
minimum,NOUN,1,0,0
stiffly,NOUN,1,0,0
askance,NOUN,1,0,0
tremendously,ADV,1,0,0
bid,VERB,1,0,0
whereat,VERB,1,0,0
distinguished,ADJ,1,0,0
aristocratically,ADV,1,0,0
destroyer,NOUN,1,0,0
cargo,NOUN,1,0,0
provocative,ADJ,1,0,0
vivaciously,ADV,1,0,0
overawe,VERB,1,0,0
artistically,ADV,1,0,0
Dark,PROPN,1,0,1
pewter,NOUN,1,0,0
candlestick,NOUN,1,0,0
Utrillo,PROPN,1,0,1
talisman,NOUN,1,0,0
hearing,NOUN,1,0,0
assert,VERB,1,0,0
rot,NOUN,1,0,0
bordeaux,NOUN,1,0,0
Medoc,PROPN,1,0,1
Inwardly,PROPN,1,0,1
Champagne,PROPN,1,0,1
corkage,NOUN,1,0,0
French,PROPN,1,0,1
Spumanti,PROPN,1,0,1
très,ADJ,1,0,0
fin,NOUN,1,0,0
Stendhal,PROPN,1,0,1
Duchesse,PROPN,1,0,1
Sanseverina,PROPN,1,0,1
vin,NOUN,1,0,0
pail,NOUN,1,0,0
foam,VERB,1,0,0
preoccupation,NOUN,1,0,0
defiant,ADJ,1,0,0
anchovy,NOUN,1,0,0
potato,NOUN,1,0,0
principally,ADV,1,0,0
brilliantly,ADV,1,0,0
descant,VERB,1,0,0
dreadfulness,NOUN,1,0,0
movie,NOUN,1,0,0
Daily,PROPN,1,0,1
demonstrate,VERB,1,0,0
scorn,NOUN,1,0,0
unpublished,ADJ,1,0,0
Shaw,PROPN,1,0,1
shovel,VERB,1,0,0
dustbin,NOUN,1,0,0
almond,NOUN,1,0,0
Rich,PROPN,1,0,1
benefit,NOUN,1,0,0
uncomfortableness,ADJ,1,0,0
ordering,NOUN,1,0,0
beckon,VERB,1,0,0
fatly,ADV,1,0,0
Mais,PROPN,1,0,1
certainement,NOUN,1,0,0
monsieur,X,1,0,0
Bosh,PROPN,1,0,1
bath,VERB,1,0,0
bathe,NOUN,1,0,0
sparkle,NOUN,1,0,0
clog,VERB,1,0,0
sourish,ADJ,1,0,0
quicker,NOUN,1,0,0
blurred,ADJ,1,0,0
stage,NOUN,1,0,0
command,NOUN,1,0,0
outward,VERB,1,0,0
detach,VERB,1,0,0
discussion,NOUN,1,0,0
Hamlet,PROPN,1,0,1
stifle,VERB,1,0,0
damn,ADJ,1,0,0
arguing,NOUN,1,0,0
real,ADV,1,0,0
rousing,NOUN,1,0,0
musical,ADJ,1,0,0
pleadingly,ADV,1,0,0
share,VERB,1,0,0
dismay,NOUN,1,0,0
horrify,VERB,1,0,0
outwardly,ADV,1,0,0
subdued,ADJ,1,0,0
realization,NOUN,1,0,0
terribly,ADV,1,0,0
greying,NOUN,1,0,0
intact,ADJ,1,0,0
Booze,PROPN,1,0,1
multi,ADJ,1,0,0
grocery,NOUN,1,0,0
be,VERB,1,1,0
litre,NOUN,1,0,0
loosely,ADV,1,0,0
chief,NOUN,1,0,0
brandy,NOUN,1,0,0
stuffily,ADV,1,0,0
deafeningly,ADV,1,0,0
jabber,NOUN,1,0,0
intermittent,ADJ,1,0,0
squalling,NOUN,1,0,0
check,NOUN,1,0,0
taproom,NOUN,1,0,0
oozy,ADJ,1,0,0
catch,NOUN,1,0,0
imprint,VERB,1,0,0
treading,NOUN,1,0,0
doubtfully,ADV,1,0,0
darker,PROPN,1,0,1
appalling,ADJ,1,0,0
powder,NOUN,1,0,0
meaningly,ADV,1,0,0
preliminary,NOUN,1,0,0
preoccupy,VERB,1,0,0
fend,VERB,1,0,0
Guide,PROPN,1,0,1
lewdly,ADV,1,0,0
brutal,ADJ,1,0,0
stranger,NOUN,1,0,0
patrol,NOUN,1,0,0
smudge,NOUN,1,0,0
hideous,ADJ,1,0,0
noon,NOUN,1,0,0
baleful,ADJ,1,0,0
arrowe,VERB,1,0,0
comprehend,VERB,1,0,0
delay,NOUN,1,0,0
Sober,PROPN,1,0,1
senseless,NOUN,1,0,0
drunken,VERB,1,0,0
contemptuously,ADV,1,0,0
Haro,PROPN,1,0,1
gorge,NOUN,1,0,0
gout,NOUN,1,0,0
recorke,VERB,1,0,0
circus,NOUN,1,0,0
island,NOUN,1,0,0
haymarket,NOUN,1,0,0
tang,PROPN,1,0,1
whisky,PROPN,1,0,1
seethe,VERB,1,0,0
down,VERB,1,0,0
Faustlike,PROPN,1,0,1
eleven,PRON,1,1,0
knell,NOUN,1,0,0
jostling,NOUN,1,0,0
elbowing,NOUN,1,0,0
droopy,NOUN,1,0,0
entire,ADJ,1,0,0
peg,NOUN,1,0,0
Effie,PROPN,1,0,1
sup,NOUN,1,0,0
gratefully,ADV,1,0,0
sickish,ADJ,1,0,0
shout,NOUN,1,0,0
gasp,VERB,1,0,0
gulp,NOUN,1,0,0
clatter,VERB,1,0,0
hem,VERB,1,0,0
languidly,ADV,1,0,0
refill,VERB,1,0,0
beerpot,NOUN,1,0,0
nauseate,VERB,1,0,0
urine,NOUN,1,0,0
bucketful,ADJ,1,0,0
tidal,ADJ,1,0,0
Peter,PROPN,1,0,1
Ingoldsby,PROPN,1,0,1
Legends,PROPN,1,0,1
Crash,PROPN,1,0,1
rock,VERB,1,0,0
stability,NOUN,1,0,0
reeling,ADJ,1,0,0
swung,PROPN,1,0,1
roundabout,ADJ,1,0,0
elongate,VERB,1,0,0
hoist,VERB,1,0,0
steadiness,NOUN,1,0,0
dignified,ADJ,1,0,0
decidedly,ADV,1,0,0
thine,NOUN,1,0,0
thou,PROPN,1,0,1
cast,ADJ,1,0,0
mote,NOUN,1,0,0
satanic,ADJ,1,0,0
scandalize,VERB,1,0,0
voice,VERB,1,0,0
wisdom,NOUN,1,0,0
marvellously,ADV,1,0,0
about,ADJ,1,1,0
telescope,NOUN,1,0,0
blankness,NOUN,1,0,0
predatory,ADJ,1,0,0
exchange,VERB,1,0,0
badinage,NOUN,1,0,0
winding,ADJ,1,0,0
jes,PROPN,1,0,1
around,ADV,1,1,0
aghast,ADJ,1,0,0
handbag,NOUN,1,0,0
falter,VERB,1,0,0
Allons,PROPN,1,0,1
y,PROPN,1,0,1
nod,NOUN,1,0,0
slump,VERB,1,0,0
partial,ADJ,1,0,0
stationary,VERB,1,0,0
ocean,NOUN,1,0,0
luminous,ADJ,1,0,0
gliding,NOUN,1,0,0
fancy,NOUN,1,0,0
ravine,NOUN,1,0,0
torment,NOUN,1,0,0
strove,VERB,1,0,0
classify,VERB,1,0,0
lapse,NOUN,1,0,0
unconsciousness,NOUN,1,0,0
shaken,ADJ,1,0,0
split,VERB,1,0,0
urgently,ADV,1,0,0
nervously,ADV,1,0,0
causon,NOUN,1,0,0
en,ADP,1,0,0
francais,PROPN,1,0,1
fait,PROPN,1,0,1
Crois,PROPN,1,0,1
veux,PROPN,1,0,1
coucher,PROPN,1,0,1
avec,ADP,1,0,0
une,PROPN,1,0,1
damnation,NOUN,1,0,0
parley,PROPN,1,0,1
voo,PROPN,1,0,1
francey,PROPN,1,0,1
squeal,VERB,1,0,0
parlour,ADJ,1,0,0
socialist,NOUN,1,0,0
shoddy,ADJ,1,0,0
skew,ADV,1,0,0
boozy,NOUN,1,0,0
dreary,NOUN,1,0,0
stagger,VERB,1,0,0
hallway,ADJ,1,0,0
carpet,VERB,1,0,0
uncared,ADJ,1,0,0
for,NOUN,1,1,0
impermanent,NOUN,1,0,0
mournful,ADJ,1,0,0
organ,NOUN,1,0,0
cross,ADJ,1,0,0
chambermaid,NOUN,1,0,0
song,NOUN,1,0,0
facetious,ADJ,1,0,0
emphasis,NOUN,1,0,0
ineffable,ADJ,1,0,0
undisguisable,ADJ,1,0,0
sadness,NOUN,1,0,0
debauchery,NOUN,1,0,0
hunt,NOUN,1,0,0
following,NOUN,1,0,0
mincingly,ADV,1,0,0
opera,NOUN,1,0,0
predecessor,NOUN,1,0,0
Elisha,PROPN,1,0,1
Difficilis,PROPN,1,0,1
ascensus,NOUN,1,0,0
Averni,PROPN,1,0,1
chessboard,NOUN,1,0,0
whip,VERB,1,0,0
sternly,ADV,1,0,0
Regulus,PROPN,1,0,1
Atqui,PROPN,1,0,1
sciebat,NOUN,1,0,0
quae,PROPN,1,0,1
sibi,NOUN,1,0,0
lino,VERB,1,0,0
La,PROPN,1,0,1
Vie,PROPN,1,0,1
Parisienne,PROPN,1,0,1
original,NOUN,1,0,0
compare,VERB,1,0,0
positively,ADV,1,0,0
rapacious,ADJ,1,0,0
Macbeth,PROPN,1,0,1
bottle,VERB,1,0,0
dressing,NOUN,1,0,0
ober,ADJ,1,0,0
wider,ADV,1,0,0
rivulet,NOUN,1,0,0
scratch,VERB,1,0,0
localize,VERB,1,0,0
nausea,NOUN,1,0,0
throb,VERB,1,0,0
scald,VERB,1,0,0
socket,NOUN,1,0,0
throbbing,NOUN,1,0,0
hose,NOUN,1,0,0
protect,VERB,1,0,0
canvas,NOUN,1,0,0
green,NOUN,1,0,0
flap,NOUN,1,0,0
land,VERB,1,0,0
chubby,PROPN,1,0,1
Ja,PROPN,1,0,1
appeal,VERB,1,0,0
eyelash,NOUN,1,0,0
carthorse,NOUN,1,0,0
bin,PROPN,1,0,1
option,NOUN,1,0,0
severe,ADJ,1,0,0
Teetotaller,PROPN,1,0,1
nauseatingly,ADV,1,0,0
snarl,VERB,1,0,0
yelp,VERB,1,0,0
vomit,NOUN,1,0,0
tunic,NOUN,1,0,0
belt,NOUN,1,0,0
hip,NOUN,1,0,0
disgustedly,ADV,1,0,0
tyke,NOUN,1,0,0
mutter,VERB,1,0,0
mo,NOUN,1,0,0
gentleness,NOUN,1,0,0
nurse,NOUN,1,0,0
sluice,VERB,1,0,0
calculate,VERB,1,0,0
boring,ADJ,1,0,0
jolt,VERB,1,0,0
vehicle,NOUN,1,0,0
indescribably,ADV,1,0,0
Couple,PROPN,1,0,1
offensiveness,NOUN,1,0,0
tile,VERB,1,0,0
shameless,ADJ,1,0,0
accustomed,ADJ,1,0,0
practised,ADJ,1,0,0
poach,VERB,1,0,0
bail,VERB,1,0,0
show,NOUN,1,1,0
appreciatively,ADV,1,0,0
track,NOUN,1,0,0
sluggish,ADJ,1,0,0
instruction,NOUN,1,0,0
ride,NOUN,1,0,0
miniature,ADJ,1,0,0
lavatory,NOUN,1,0,0
cubicle,NOUN,1,0,0
Beastlier,PROPN,1,0,1
replica,NOUN,1,0,0
repulsively,ADV,1,0,0
fetid,ADJ,1,0,0
unbreathable,ADJ,1,0,0
hatefully,ADV,1,0,0
headache,NOUN,1,0,0
stew,NOUN,1,0,0
arrest,VERB,1,0,0
intent,NOUN,1,0,0
convict,VERB,1,0,0
previous,ADJ,1,0,0
unfairness,NOUN,1,0,0
deaf,ADJ,1,0,0
mute,NOUN,1,0,0
stank,VERB,1,0,0
ferret,NOUN,1,0,0
Jew,PROPN,1,0,1
collared,ADJ,1,0,0
buyer,NOUN,1,0,0
kosher,ADJ,1,0,0
butcher,NOUN,1,0,0
rabbi,NOUN,1,0,0
hearty,ADJ,1,0,0
bookie,NOUN,1,0,0
prosecute,VERB,1,0,0
swagger,NOUN,1,0,0
reverie,NOUN,1,0,0
splendour,NOUN,1,0,0
claw,NOUN,1,0,0
brewer,NOUN,1,0,0
fitting,NOUN,1,0,0
distribute,VERB,1,0,0
freely,ADV,1,0,0
coster,NOUN,1,0,0
obstruction,NOUN,1,0,0
suspicious,ADJ,1,0,0
Dinner,PROPN,1,0,1
dish,NOUN,1,0,0
appetite,NOUN,1,0,0
sentence,VERB,1,0,0
shillings,NOUN,1,0,0
file,VERB,1,0,0
dock,NOUN,1,0,0
testify,VERB,1,0,0
bastard,NOUN,1,0,0
reporter,NOUN,1,0,0
ledger,NOUN,1,0,0
contaminate,VERB,1,0,0
grime,NOUN,1,0,0
razor,NOUN,1,0,0
lent,NOUN,1,0,0
solicitous,ADJ,1,0,0
detective,NOUN,1,0,0
log,NOUN,1,0,0
caressing,NOUN,1,0,0
switch,NOUN,1,0,0
bedhead,NOUN,1,0,0
syphon,NOUN,1,0,0
else,NOUN,1,1,0
luxury,NOUN,1,0,0
vividness,NOUN,1,0,0
recall,VERB,1,0,0
splurge,VERB,1,0,0
frantically,ADV,1,0,0
sailor,NOUN,1,0,0
bawdy,PROPN,1,0,1
ashore,ADV,1,0,0
faecal,ADJ,1,0,0
stench,NOUN,1,0,0
foretaste,NOUN,1,0,0
inventory,NOUN,1,0,0
destitution,NOUN,1,0,0
foolery,NOUN,1,0,0
total,ADJ,1,0,0
puny,ADJ,1,0,0
awaken,VERB,1,0,0
dishevelled,ADJ,1,0,0
rang,PROPN,1,0,1
flu,NOUN,1,0,0
convincing,ADJ,1,0,0
report,VERB,1,0,0
Telegraph,PROPN,1,0,1
Herald,PROPN,1,0,1
Express,PROPN,1,0,1
racing,NOUN,1,0,0
motorist,NOUN,1,0,0
footballer,NOUN,1,0,0
illness,NOUN,1,0,0
land,NOUN,1,0,0
scrape,NOUN,1,0,0
hope,PROPN,1,0,1
arrest,NOUN,1,0,0
whitey,ADJ,1,0,0
neighbouring,NOUN,1,0,0
cry,NOUN,1,0,0
lethargic,ADJ,1,0,0
heaviness,NOUN,1,0,0
permanently,ADV,1,0,0
sub,NOUN,1,0,0
bi,ADJ,1,0,0
gosh,INTJ,1,0,0
splash,NOUN,1,0,0
BOOKSELLER,PROPN,1,0,1
ASSISTANT,PROPN,1,0,1
FINED,PROPN,1,0,1
MAGISTRATE,PROPN,1,0,1
SEVERE,PROPN,1,0,1
stricture,NOUN,1,0,0
DISGRACEFUL,PROPN,1,0,1
FRACAS,PROPN,1,0,1
avid,ADJ,1,0,0
bicycle,NOUN,1,0,0
space,NOUN,1,0,0
european,ADJ,1,0,0
crisis,NOUN,1,0,0
Murder,PROPN,1,0,1
Charge,PROPN,1,0,1
Dismembered,PROPN,1,0,1
Baby,PROPN,1,0,1
Cellar,PROPN,1,0,1
Camberwell,PROPN,1,0,1
positive,ADJ,1,0,0
justly,ADV,1,0,0
angriest,ADJ,1,0,0
anger,VERB,1,0,0
drinker,NOUN,1,0,0
traditional,ADJ,1,0,0
fathom,PROPN,1,0,1
burst,NOUN,1,0,0
traipse,VERB,1,0,0
manager,NOUN,1,0,0
neither,CCONJ,1,1,0
economize,VERB,1,0,0
galley,NOUN,1,0,0
proof,NOUN,1,0,0
begged,ADJ,1,0,0
shelter,NOUN,1,0,0
apathy,ADJ,1,0,0
hatre,VERB,1,0,0
bitch,VERB,1,0,0
sluggishly,ADV,1,0,0
weary,VERB,1,0,0
sympathize,VERB,1,0,0
reproach,VERB,1,0,0
transparent,ADJ,1,0,0
embrace,VERB,1,0,0
lamb,NOUN,1,0,0
seedy,ADJ,1,0,0
embrace,NOUN,1,0,0
might,NOUN,1,1,0
sulk,NOUN,1,0,0
irrelevant,ADJ,1,0,0
chivalry,NOUN,1,0,0
bush,PROPN,1,0,1
badger,VERB,1,0,0
marvel,NOUN,1,0,0
scruple,NOUN,1,0,0
impotence,NOUN,1,0,0
triumphing,NOUN,1,0,0
swiftness,NOUN,1,0,0
nagging,ADJ,1,0,0
obligation,NOUN,1,0,0
departure,NOUN,1,0,0
amount,NOUN,1,1,0
practicable,ADJ,1,0,0
sound,ADJ,1,0,0
flicker,NOUN,1,0,0
inertia,NOUN,1,0,0
damnable,ADJ,1,0,0
exceed,VERB,1,0,0
delicacy,NOUN,1,0,0
arrear,NOUN,1,0,0
Rot,PROPN,1,0,1
inmost,NOUN,1,0,0
tension,NOUN,1,0,0
disguised,ADJ,1,0,0
giver,NOUN,1,0,0
receiver,NOUN,1,0,0
status,NOUN,1,0,0
pet,ADJ,1,0,0
scrounger,NOUN,1,0,0
detect,VERB,1,0,0
jealousy,NOUN,1,0,0
rout,VERB,1,0,0
broom,NOUN,1,0,0
whichever,DET,1,0,0
relent,VERB,1,0,0
snag,NOUN,1,0,0
sink,PROPN,1,0,1
inquire,VERB,1,0,0
south,ADV,1,0,0
looking,ADJ,1,0,0
faded,ADJ,1,0,0
Eldridge,PROPN,1,0,1
extraordinary,ADJ,1,0,0
bite,VERB,1,0,0
ot,VERB,1,0,0
Got,PROPN,1,0,1
bin,NOUN,1,0,0
specting,NOUN,1,0,0
malforme,VERB,1,0,0
torso,NOUN,1,0,0
buttock,NOUN,1,0,0
scissor,NOUN,1,0,0
bony,NOUN,1,0,0
peculiar,PROPN,1,0,1
harden,VERB,1,0,0
texture,NOUN,1,0,0
waistcoat,NOUN,1,0,0
secretive,ADJ,1,0,0
apparent,ADJ,1,0,0
weapon,NOUN,1,0,0
unfriendly,ADJ,1,0,0
condition,NOUN,1,0,0
boast,VERB,1,0,0
chuckling,NOUN,1,0,0
astuteness,NOUN,1,0,0
curve,VERB,1,0,0
recently,ADV,1,0,0
profitable,ADJ,1,0,0
underground,ADJ,1,0,0
Sanitary,PROPN,1,0,1
Inexpensive,PROPN,1,0,1
index,NOUN,1,0,0
new,ADV,1,0,0
comparatively,ADV,1,0,0
highbrow,ADJ,1,0,0
dredge,VERB,1,0,0
arid,NOUN,1,0,0
mushroom,NOUN,1,0,0
aim,VERB,1,0,0
uneducated,ADJ,1,0,0
skill,NOUN,1,0,0
fourpenny,ADJ,1,0,0
proprietor,NOUN,1,0,0
measuring,NOUN,1,0,0
chooser,NOUN,1,0,0
twentieth,NOUN,1,0,0
getting,NOUN,1,0,0
losing,NOUN,1,0,0
dun,NOUN,1,0,0
mutinous,ADJ,1,0,0
criminal,NOUN,1,0,0
spike,NOUN,1,0,0
underworld,NOUN,1,0,0
South,PROPN,1,0,1
graceless,NOUN,1,0,0
shadow,VERB,1,0,0
act,VERB,1,0,0
prying,NOUN,1,0,0
dweller,NOUN,1,0,0
educate,VERB,1,0,0
inconceivable,ADJ,1,0,0
Thursdays,PROPN,1,0,1
hearse,NOUN,1,0,0
establishment,NOUN,1,0,0
dye,NOUN,1,0,0
escape,NOUN,1,0,0
intelligence,NOUN,1,0,0
category,NOUN,1,0,0
Crime,PROPN,1,0,1
O,PROPN,1,0,1
expert,NOUN,1,0,0
Judgement,PROPN,1,0,1
needless,ADJ,1,0,0
princess,NOUN,1,0,0
unlikeable,ADJ,1,0,0
sinister,NOUN,1,0,0
recount,VERB,1,0,0
astute,ADJ,1,0,0
piece,VERB,1,0,0
together,ADP,1,1,0
vocation,NOUN,1,0,0
inherit,VERB,1,0,0
classification,NOUN,1,0,0
rubbish,NOUN,1,0,0
secondhand,PROPN,1,0,1
dustheap,NOUN,1,0,0
intense,ADJ,1,0,0
mean,NOUN,1,0,0
deputy,NOUN,1,0,0
flair,NOUN,1,0,0
bookdeale,VERB,1,0,0
purely,ADV,1,0,0
merchandise,NOUN,1,0,0
lovingly,ADV,1,0,0
clientele,NOUN,1,0,0
feel,NOUN,1,0,0
promptness,NOUN,1,0,0
vulture,NOUN,1,0,0
Clergymen,PROPN,1,0,1
snoop,VERB,1,0,0
locked,ADJ,1,0,0
shutter,NOUN,1,0,0
excuse,NOUN,1,0,0
Potato,PROPN,1,0,1
hassome,NOUN,1,0,0
Brewer,PROPN,1,0,1
south,ADJ,1,0,0
wedge,NOUN,1,0,0
skylight,NOUN,1,0,0
proverbial,ADJ,1,0,0
back,VERB,1,0,0
patchwork,NOUN,1,0,0
fortnightly,ADV,1,0,0
dynasty,NOUN,1,0,0
floorboard,NOUN,1,0,0
wallpaper,NOUN,1,0,0
dwelt,NOUN,1,0,0
multitude,NOUN,1,0,0
torpid,ADJ,1,0,0
daily,ADV,1,0,0
handsome,ADJ,1,0,0
Negro,PROPN,1,0,1
Blackie,PROPN,1,0,1
everlastingly,ADV,1,0,0
reconciliation,NOUN,1,0,0
dole,NOUN,1,0,0
burrow,NOUN,1,0,0
mingy,ADJ,1,0,0
dishevel,VERB,1,0,0
jelly,ADJ,1,0,0
respectability,NOUN,1,0,0
instal,VERB,1,0,0
burden,NOUN,1,0,0
softly,ADV,1,0,0
wheeze,VERB,1,0,0
ow,VERB,1,0,0
Lemme,PROPN,1,0,1
ome,NOUN,1,0,0
weedy,ADJ,1,0,0
slovene,VERB,1,0,0
coma,NOUN,1,0,0
warm,NOUN,1,0,0
Brain,PROPN,1,0,1
Brighteners,PROPN,1,0,1
frying,NOUN,1,0,0
pan,NOUN,1,0,0
egg,NOUN,1,0,0
intentionally,ADV,1,0,0
sulkiness,NOUN,1,0,0
fous,ADJ,1,0,0
shadowy,ADJ,1,0,0
competitor,NOUN,1,0,0
Peckham,PROPN,1,0,1
bliss,NOUN,1,0,0
swoop,VERB,1,0,0
clung,ADJ,1,0,0
smear,VERB,1,0,0
quantity,NOUN,1,0,0
excrement,NOUN,1,0,0
gutter,VERB,1,0,0
saucer,NOUN,1,0,0
hastily,ADV,1,0,0
repulsive,ADJ,1,0,0
mixed,ADJ,1,0,0
supine,ADJ,1,0,0
pious,ADJ,1,0,0
humbug,NOUN,1,0,0
revolt,NOUN,1,0,0
gratitude,NOUN,1,0,0
shift,VERB,1,0,0
uneasily,ADV,1,0,0
oneself,PRON,1,0,0
buggy,ADJ,1,0,0
conventional,ADJ,1,0,0
smelly,ADJ,1,0,0
increasingly,ADV,1,0,0
pigsty,NOUN,1,0,0
lent,VERB,1,0,0
unhappily,ADV,1,0,0
diffident,NOUN,1,0,0
inevitable,ADJ,1,0,0
menial,ADJ,1,0,0
shyness,NOUN,1,0,0
besought,VERB,1,0,0
pursuit,NOUN,1,0,0
behaviour,NOUN,1,0,0
harry,VERB,1,0,0
unbearable,ADJ,1,0,0
endure,VERB,1,0,0
wretchedly,ADV,1,0,0
conceivably,ADV,1,0,0
knowing,NOUN,1,0,0
attention,NOUN,1,0,0
morality,NOUN,1,0,0
limitless,ADJ,1,0,0
fle,VERB,1,0,0
ungenerous,ADJ,1,0,0
wing,VERB,1,0,0
chariot,NOUN,1,0,0
distant,ADJ,1,0,0
unspeak,VERB,1,0,0
January,PROPN,1,0,1
screech,VERB,1,0,0
slouching,NOUN,1,0,0
raggedness,VERB,1,0,0
punctual,ADJ,1,0,0
frown,NOUN,1,0,0
haggard,ADJ,1,0,0
archway,NOUN,1,0,0
alarmed,ADJ,1,0,0
fear,VERB,1,0,0
blame,NOUN,1,0,0
beard,PROPN,1,0,1
den,NOUN,1,0,0
resignation,NOUN,1,0,0
whirl,VERB,1,0,0
desolately,ADV,1,0,0
biting,ADJ,1,0,0
irrevocable,ADJ,1,0,0
stop,NOUN,1,0,0
windy,ADJ,1,0,0
emotional,ADJ,1,0,0
demand,NOUN,1,0,0
Erksine,PROPN,1,0,1
streak,NOUN,1,0,0
dignity,NOUN,1,0,0
childless,ADJ,1,0,0
grey,PROPN,1,0,1
obscurity,NOUN,1,0,0
perverseness,NOUN,1,0,0
brutality,NOUN,1,0,0
bleat,VERB,1,0,0
suffice,VERB,1,0,0
portion,NOUN,1,0,0
alter,VERB,1,0,0
scrawl,VERB,1,0,0
uphold,VERB,1,0,0
concept,NOUN,1,0,0
snatch,VERB,1,0,0
creative,ADJ,1,0,0
specie,NOUN,1,0,0
upright,ADV,1,0,0
shoeless,NOUN,1,0,0
redemption,NOUN,1,0,0
prise,VERB,1,0,0
message,NOUN,1,0,0
slavery,NOUN,1,0,0
salvation,NOUN,1,0,0
Hound,PROPN,1,0,1
Heaven,PROPN,1,0,1
mindless,ADJ,1,0,0
filth,NOUN,1,0,0
crock,VERB,1,0,0
surprised,ADJ,1,0,0
indifferently,ADV,1,0,0
kiss,NOUN,1,0,0
virgin,ADJ,1,0,0
wretchedness,NOUN,1,0,0
behave,NOUN,1,0,0
coverlet,NOUN,1,0,0
stirring,NOUN,1,0,0
Spring,PROPN,1,0,1
Bytuene,PROPN,1,0,1
Mershe,PROPN,1,0,1
Averil,PROPN,1,0,1
spray,NOUN,1,0,0
biginneth,PROPN,1,0,1
shaw,NOUN,1,0,0
sheene,ADJ,1,0,0
sward,NOUN,1,0,0
fayre,NOUN,1,0,0
longe,NOUN,1,0,0
hound,NOUN,1,0,0
hey,ADV,1,0,0
de,VERB,1,0,0
ding,ADJ,1,0,0
cuckoo,NOUN,1,0,0
pu,ADJ,1,0,0
wee,PROPN,1,0,1
ta,PROPN,1,0,1
witta,ADJ,1,0,0
woo,NOUN,1,0,0
Bronze,PROPN,1,0,1
era,NOUN,1,0,0
central,ADJ,1,0,0
average,ADJ,1,0,0
striking,ADJ,1,0,0
seasonal,ADJ,1,0,0
cabbage,ADJ,1,0,0
tread,VERB,1,0,0
firework,NOUN,1,0,0
peel,NOUN,1,0,0
Middle,PROPN,1,0,1
Ages,PROPN,1,0,1
spring,PROPN,1,0,1
frowste,VERB,1,0,0
windowless,ADJ,1,0,0
hut,NOUN,1,0,0
diet,NOUN,1,0,0
mouldy,ADJ,1,0,0
Persephone,PROPN,1,0,1
withered,ADJ,1,0,0
shoot,NOUN,1,0,0
slovenly,ADJ,1,0,0
irk,VERB,1,0,0
profit,NOUN,1,0,0
nurture,VERB,1,0,0
grudge,NOUN,1,0,0
queerly,ADV,1,0,0
poison,NOUN,1,0,0
discontent,NOUN,1,0,0
previously,ADV,1,0,0
stretching,NOUN,1,0,0
shill,VERB,1,0,0
fuel,NOUN,1,0,0
lousy,ADJ,1,0,0
Peg,PROPN,1,0,1
Gem,PROPN,1,0,1
Magnet,PROPN,1,0,1
stack,NOUN,1,0,0
wrapping,NOUN,1,0,0
bladder,NOUN,1,0,0
encumbrance,NOUN,1,0,0
tow,NOUN,1,0,0
jest,PROPN,1,0,1
select,VERB,1,0,0
ominous,ADJ,1,0,0
daylight,NOUN,1,0,0
raggedness,NOUN,1,0,0
pallor,NOUN,1,0,0
bearing,NOUN,1,0,0
rung,NOUN,1,0,0
agitated,ADJ,1,0,0
pill,NOUN,1,0,0
freckled,ADJ,1,0,0
under,NOUN,1,1,0
rolling,ADJ,1,0,0
exact,VERB,1,0,0
assure,VERB,1,0,0
fob,VERB,1,0,0
grudgingly,ADV,1,0,0
awake,VERB,1,0,0
significance,NOUN,1,0,0
sympathy,NOUN,1,0,0
mysterious,ADJ,1,0,0
contemplate,VERB,1,0,0
lout,NOUN,1,0,0
giggle,NOUN,1,0,0
sheepish,VERB,1,0,0
boldness,NOUN,1,0,0
smutty,ADJ,1,0,0
tattered,ADJ,1,0,0
harmless,ADJ,1,0,0
snigger,VERB,1,0,0
springy,ADJ,1,0,0
seed,NOUN,1,0,0
musingly,ADV,1,0,0
cajole,NOUN,1,0,0
mess,VERB,1,0,0
grasp,NOUN,1,0,0
blunt,ADJ,1,0,0
uglier,ADJ,1,0,0
state,VERB,1,0,0
illegitimate,ADJ,1,0,0
inward,ADJ,1,0,0
Supposing,PROPN,1,0,1
bounce,VERB,1,0,0
influx,NOUN,1,0,0
ro,ADP,1,0,0
scream,VERB,1,0,0
livid,ADV,1,0,0
tack,NOUN,1,0,0
eupeptic,ADJ,1,0,0
underneath,ADV,1,0,0
blatant,ADJ,1,0,0
invigorating,NOUN,1,0,0
pule,VERB,1,0,0
trash,VERB,1,0,0
invigorate,VERB,1,0,0
vigorous,ADJ,1,0,0
badness,NOUN,1,0,0
feebleness,NOUN,1,0,0
drill,VERB,1,0,0
presage,VERB,1,0,0
bang,PROPN,1,0,1
rotter,NOUN,1,0,0
cunning,ADJ,1,0,0
bait,VERB,1,0,0
yacht,NOUN,1,0,0
Ballad,PROPN,1,0,1
jungle,VERB,1,0,0
futile,NOUN,1,0,0
predicament,NOUN,1,0,0
dilemma,NOUN,1,0,0
pregnancy,NOUN,1,0,0
university,NOUN,1,0,0
graduate,NOUN,1,0,0
intensely,ADV,1,0,0
suspicion,NOUN,1,0,0
consult,VERB,1,0,0
pornography,NOUN,1,0,0
pornographical,ADJ,1,0,0
Whitaker,PROPN,1,0,1
almanack,NOUN,1,0,0
preoccupied,ADJ,1,0,0
gynaecology,NOUN,1,0,0
nez,ADJ,1,0,0
frostily,ADV,1,0,0
medical,ADJ,1,0,0
student,NOUN,1,0,0
swine,NOUN,1,0,0
aseptic,ADJ,1,0,0
nez,PRON,1,0,0
probe,VERB,1,0,0
range,NOUN,1,0,0
demeanour,NOUN,1,0,0
inexpertly,ADV,1,0,0
text,NOUN,1,0,0
latin,ADJ,1,0,0
choice,NOUN,1,0,0
gnomelike,NOUN,1,0,0
caricature,NOUN,1,0,0
dome,VERB,1,0,0
expanse,NOUN,1,0,0
profile,NOUN,1,0,0
boneless,NOUN,1,0,0
seal,NOUN,1,0,0
flipper,NOUN,1,0,0
fortunately,ADV,1,0,0
skinny,ADJ,1,0,0
monkey,NOUN,1,0,0
surprise,VERB,1,0,0
rudimentary,ADJ,1,0,0
blob,NOUN,1,0,0
nucleus,NOUN,1,0,0
bubble,NOUN,1,0,0
frog,NOUN,1,0,0
spawn,NOUN,1,0,0
dimension,NOUN,1,0,0
ending,NOUN,1,0,0
unborn,ADJ,1,0,0
wrinkle,NOUN,1,0,0
puppy,NOUN,1,0,0
doglike,NOUN,1,0,0
stumpy,ADJ,1,0,0
hazel,ADJ,1,0,0
credible,ADJ,1,0,0
moving,ADJ,1,0,0
visual,ADJ,1,0,0
process,NOUN,1,0,0
heedless,ADJ,1,0,0
continued,ADJ,1,0,0
dodge,NOUN,1,0,0
responsibility,NOUN,1,0,0
periodical,NOUN,1,0,0
random,ADJ,1,0,0
domestic,ADJ,1,0,0
advert,VERB,1,0,0
Lingerie,PROPN,1,0,1
jewellery,NOUN,1,0,0
cosmetic,NOUN,1,0,0
peepshow,NOUN,1,0,0
advert,PROPN,1,0,1
slimme,VERB,1,0,0
cure,NOUN,1,0,0
section,NOUN,1,0,0
panorama,NOUN,1,0,0
ignorance,NOUN,1,0,0
whoredom,NOUN,1,0,0
adorable,NOUN,1,0,0
bloom,NOUN,1,0,0
Beautyrest,PROPN,1,0,1
Mattress,PROPN,1,0,1
undersurface,NOUN,1,0,0
alkalize,VERB,1,0,0
roughage,VERB,1,0,0
husky,ADJ,1,0,0
fame,VERB,1,0,0
Culturequick,PROPN,1,0,1
Scrapbook,PROPN,1,0,1
drummer,NOUN,1,0,0
Dante,PROPN,1,0,1
Americans,PROPN,1,0,1
beastliness,NOUN,1,0,0
racketeering,NOUN,1,0,0
theosophy,NOUN,1,0,0
brutally,ADV,1,0,0
briton,NOUN,1,0,0
Flick,PROPN,1,0,1
lift,NOUN,1,0,0
prompt,ADJ,1,0,0
silkyseam,NOUN,1,0,0
smooth,ADV,1,0,0
bathroom,NOUN,1,0,0
tissue,NOUN,1,0,0
clamour,NOUN,1,0,0
schoolgirl,ADJ,1,0,0
complexion,NOUN,1,0,0
Hike,PROPN,1,0,1
solution,NOUN,1,0,0
hesitation,NOUN,1,0,0
dial,NOUN,1,0,0
refane,VERB,1,0,0
adenoidal,ADJ,1,0,0
Button,PROPN,1,0,1
die,NOUN,1,0,0
office,ADJ,1,0,0
shut,NOUN,1,0,0
groom,VERB,1,0,0
ignominious,ADJ,1,0,0
defeat,NOUN,1,0,0
circumcise,NOUN,1,0,0
ye,VERB,1,0,0
repentant,NOUN,1,0,0
Boredom,PROPN,1,0,1
resolution,NOUN,1,0,0
fulfil,VERB,1,0,0
beefish,ADJ,1,0,0
gently,ADV,1,0,0
counsel,VERB,1,0,0
precipitating,NOUN,1,0,0
condemn,VERB,1,0,0
ruthlessly,ADV,1,0,0
blaspheme,VERB,1,0,0
inescapable,ADJ,1,0,0
righteous,ADJ,1,0,0
shouldst,ADJ,1,0,0
homburg,NOUN,1,0,0
correct,ADJ,1,0,0
recognizable,ADJ,1,0,0
natty,PROPN,1,0,1
setback,NOUN,1,0,0
blinker,VERB,1,0,0
rage,VERB,1,0,0
tyranny,NOUN,1,0,0
prosper,VERB,1,0,0
moderately,ADV,1,0,0
rebel,NOUN,1,0,0
later,ADJ,1,0,0
surrender,NOUN,1,0,0
rebellion,NOUN,1,0,0
pine,NOUN,1,0,0
habitable,ADJ,1,0,0
unpretende,VERB,1,0,0
acknowledge,VERB,1,0,0
oldish,ADJ,1,0,0
flatlet,NOUN,1,0,0
white,VERB,1,0,0
apartment,NOUN,1,0,0
conductor,NOUN,1,0,0
puppet,NOUN,1,0,0
busy,ADJ,1,0,0
working,NOUN,1,0,0
ruck,NOUN,1,0,0
found,VERB,1,0,0
transmute,VERB,1,0,0
nobler,NOUN,1,0,0
sure,ADV,1,0,0
interpret,VERB,1,0,0
hoggish,ADJ,1,0,0
inviolable,ADJ,1,0,0
flying,NOUN,1,0,0
begot,VERB,1,0,0
saver,NOUN,1,0,0
soil,VERB,1,0,0
tattere,VERB,1,0,0
striped,ADJ,1,0,0
unroll,VERB,1,0,0
scrawling,NOUN,1,0,0
shy,VERB,1,0,0
parole,NOUN,1,0,0
plop,NOUN,1,0,0
vicisti,INTJ,1,0,0
garlic,ADJ,1,0,0
fry,VERB,1,0,0
plaice,NOUN,1,0,0
entrecôte,NOUN,1,0,0
aux,NOUN,1,0,0
pomme,NOUN,1,0,0
frite,VERB,1,0,0
caramel,PROPN,1,0,1
pudding,PROPN,1,0,1
Médoc,PROPN,1,0,1
Supérieur,PROPN,1,0,1
sixpence,VERB,1,0,0
manoeuvre,VERB,1,0,0
pinch,NOUN,1,0,0
Canadian,PROPN,1,0,1
York,PROPN,1,0,1
rack,VERB,1,0,0
spark,NOUN,1,0,0
exploit,VERB,1,0,0
poison,VERB,1,0,0
arrow,NOUN,1,0,0
unforgettable,ADJ,1,0,0
Pedic,PROPN,1,0,1
Perspiration,PROPN,1,0,1
genius,NOUN,1,0,0
arresting,ADJ,1,0,0
tremor,NOUN,1,0,0
pedic,ADJ,1,0,0
Isles,PROPN,1,0,1
hammer,VERB,1,0,0
identically,ADV,1,0,0
simplicity,NOUN,1,0,0
supply,VERB,1,0,0
bold,ADJ,1,0,0
sweeping,ADJ,1,0,0
sketch,VERB,1,0,0
letterpress,NOUN,1,0,0
harrowing,ADJ,1,0,0
realistic,ADJ,1,0,0
bachelor,NOUN,1,0,0
unaccountably,ADV,1,0,0
overwork,VERB,1,0,0
report,NOUN,1,0,0
economy,NOUN,1,0,0
dusty,NOUN,1,0,0
May,PROPN,1,1,1
sunshine,VERB,1,0,0
filter,VERB,1,0,0
slender,ADJ,1,0,0
terrifying,NOUN,1,0,0
skilfully,ADV,1,0,0
sunshine,NOUN,1,0,0
seam,NOUN,1,0,0
scrawny,ADJ,1,0,0
parallel,ADV,1,0,0
catty,ADJ,1,0,0
Edgware,PROPN,1,0,1
convenient,ADJ,1,0,0
reception,NOUN,1,0,0
veneer,VERB,1,0,0
walnut,PROPN,1,0,1
scalloped,ADJ,1,0,0
scrape,VERB,1,0,0
cutlery,NOUN,1,0,0
piecemeal,ADV,1,0,0
tour,NOUN,1,0,0
checking,NOUN,1,0,0
eiderdown,NOUN,1,0,0
gateleg,NOUN,1,0,0
bookcase,NOUN,1,0,0
red,PROPN,1,0,1
indian,ADJ,1,0,0
rug,NOUN,1,0,0
scuttle,NOUN,1,0,0
cheap,ADV,1,0,0
caledonian,ADJ,1,0,0
minutest,ADJ,1,0,0
enamel,ADJ,1,0,0
saucepans,PROPN,1,0,1
dishcloth,NOUN,1,0,0
Panshine,PROPN,1,0,1
soapflake,NOUN,1,0,0
saucepan,NOUN,1,0,0
lacquered,ADJ,1,0,0
Selfridge,PROPN,1,0,1
Bargain,PROPN,1,0,1
Basement,PROPN,1,0,1
sunlight,NOUN,1,0,0
fathom,VERB,1,0,0
ours,PRON,1,1,0
ceremony,NOUN,1,0,0
heated,ADJ,1,0,0
banister,NOUN,1,0,0
felt,VERB,1,0,0
drum,VERB,1,0,0
cushion,VERB,1,0,0
stirring,ADJ,1,0,0
END,PROPN,1,0,1
