lemma,pos,count,is_stopword,is_proper_noun
the,DET,6516,1,0
be,AUX,5056,1,0
of,ADP,3475,1,0
a,DET,2572,1,0
he,PRON,2480,1,0
and,CCONJ,2439,1,0
it,PRON,1920,1,0
in,ADP,1859,1,0
have,AUX,1806,1,0
to,PART,1519,1,0
his,PRON,1086,1,0
you,PRON,1008,1,0
they,PRON,947,1,0
not,PART,871,1,0
to,ADP,828,1,0
that,SCONJ,824,1,0
with,ADP,792,1,0
for,ADP,665,1,0
at,ADP,643,1,0
but,CCONJ,636,1,0
as,ADP,609,1,0
i,PRON,608,1,0
on,ADP,605,1,0
she,PRON,582,1,0
do,AUX,528,1,0
Winston,PROPN,527,0,1
there,PRON,489,1,0
say,VERB,476,1,0
which,DET,472,1,0
or,CCONJ,467,1,0
by,ADP,437,1,0
could,AUX,432,1,0
from,ADP,422,1,0
would,AUX,362,1,0
that,PRON,345,1,0
an,DET,344,1,0
all,DET,338,1,0
out,ADP,336,1,0
one,NUM,332,1,0
that,DET,332,1,0
no,DET,328,1,0
when,SCONJ,317,1,0
what,PRON,312,1,0
even,ADV,305,1,0
know,VERB,304,0,0
up,ADP,297,1,0
this,DET,293,1,0
into,ADP,277,1,0
Party,PROPN,272,0,1
we,PRON,264,1,0
time,NOUN,242,0,0
their,PRON,240,1,0
make,VERB,238,1,0
if,SCONJ,236,1,0
her,PRON,232,1,0
see,VERB,229,1,0
word,NOUN,220,0,0
face,NOUN,218,0,0
any,DET,217,1,0
only,ADV,204,1,0
go,VERB,201,1,0
man,NOUN,199,0,0
some,DET,195,1,0
seem,VERB,193,1,0
then,ADV,191,1,0
come,VERB,186,0,0
so,ADV,185,1,0
never,ADV,181,1,0
like,ADP,178,0,0
down,ADP,178,1,0
will,AUX,177,1,0
again,ADV,175,1,0
look,VERB,174,0,0
think,VERB,171,0,0
its,PRON,170,1,0
moment,NOUN,169,0,0
other,ADJ,169,1,0
your,PRON,166,1,0
two,NUM,166,1,0
get,VERB,163,1,0
can,AUX,160,1,0
take,VERB,160,1,0
than,ADP,156,1,0
year,NOUN,152,0,0
still,ADV,151,1,0
thing,NOUN,149,0,0
always,ADV,145,1,0
who,PRON,142,1,0
hand,NOUN,140,0,0
way,NOUN,139,0,0
day,NOUN,137,0,0
now,ADV,136,1,0
eye,NOUN,131,0,0
over,ADP,131,1,0
almost,ADV,128,1,0
very,ADV,127,1,0
another,DET,125,1,0
happen,VERB,124,0,0
three,NUM,122,1,0
war,NOUN,122,0,0
might,AUX,122,1,0
old,ADJ,121,0,0
about,ADP,120,1,0
as,ADV,118,1,0
same,ADJ,118,1,0
give,VERB,116,1,0
because,SCONJ,116,1,0
back,ADV,115,1,0
voice,NOUN,114,0,0
though,SCONJ,112,1,0
more,ADJ,112,1,0
place,NOUN,111,0,0
remember,VERB,110,0,0
little,ADJ,108,0,0
himself,PRON,107,1,0
turn,VERB,106,0,0
people,NOUN,106,0,0
world,NOUN,105,0,0
own,ADJ,105,1,0
against,ADP,105,1,0
mind,NOUN,105,0,0
telescreen,NOUN,104,0,0
how,SCONJ,104,1,0
must,AUX,104,1,0
few,ADJ,104,1,0
before,ADP,101,1,0
something,PRON,99,1,0
long,ADV,99,0,0
sit,VERB,99,0,0
through,ADP,98,1,0
more,ADV,98,1,0
ever,ADV,98,1,0
just,ADV,97,1,0
every,DET,97,1,0
away,ADV,97,0,0
kind,NOUN,97,0,0
without,ADP,97,1,0
Julia,PROPN,97,0,1
power,NOUN,95,0,0
room,NOUN,94,0,0
feel,VERB,94,0,0
thought,NOUN,94,0,0
life,NOUN,94,0,0
exist,VERB,93,0,0
body,NOUN,92,0,0
perhaps,ADV,92,1,0
off,ADP,91,1,0
become,VERB,89,1,0
where,SCONJ,89,1,0
woman,NOUN,89,0,0
after,ADP,88,1,0
all,ADV,87,1,0
call,VERB,85,1,0
too,ADV,84,1,0
stand,VERB,82,0,0
there,ADV,82,1,0
hour,NOUN,80,0,0
nothing,PRON,79,1,0
member,NOUN,79,0,0
here,ADV,79,1,0
keep,VERB,78,1,0
girl,NOUN,78,0,0
tell,VERB,77,0,0
Newspeak,PROPN,77,0,1
do,VERB,77,1,0
four,NUM,76,1,0
between,ADP,76,1,0
one,NOUN,75,1,0
write,VERB,75,0,0
speak,VERB,75,0,0
past,NOUN,75,0,0
use,VERB,74,1,0
anything,PRON,73,1,0
side,NOUN,73,1,0
possible,ADJ,73,0,0
small,ADJ,73,0,0
end,NOUN,72,0,0
pain,NOUN,72,0,0
table,NOUN,71,0,0
once,ADV,71,1,0
already,ADV,71,1,0
well,ADV,70,1,0
arm,NOUN,70,0,0
human,ADJ,70,0,0
mean,VERB,70,0,0
should,AUX,69,1,0
also,ADV,69,1,0
sort,NOUN,68,0,0
feeling,NOUN,68,0,0
except,SCONJ,67,1,0
such,ADJ,67,1,0
white,ADJ,66,0,0
head,NOUN,66,0,0
since,SCONJ,66,1,0
Brother,PROPN,66,0,1
yes,INTJ,66,0,0
begin,VERB,65,0,0
stop,VERB,65,0,0
good,ADJ,64,0,0
street,NOUN,64,0,0
Ministry,PROPN,64,0,1
hold,VERB,64,0,0
book,NOUN,64,0,0
whole,ADJ,64,1,0
everything,PRON,64,1,0
Big,PROPN,64,0,1
minute,NOUN,64,0,0
fact,NOUN,63,0,0
my,PRON,63,1,0
Oceania,PROPN,62,0,1
memory,NOUN,62,0,0
suddenly,ADV,62,0,0
five,NUM,61,1,0
merely,ADV,61,0,0
far,ADV,61,1,0
child,NOUN,61,0,0
grow,VERB,61,0,0
work,VERB,60,0,0
want,VERB,60,0,0
first,ADJ,60,1,0
why,SCONJ,60,1,0
necessary,ADJ,60,0,0
glass,NOUN,59,0,0
great,ADJ,59,0,0
sometimes,ADV,59,1,0
try,VERB,58,0,0
lie,VERB,58,0,0
put,VERB,58,1,0
under,ADP,58,1,0
while,SCONJ,57,1,0
fall,VERB,57,0,0
bring,VERB,57,0,0
bed,NOUN,57,0,0
hear,VERB,56,0,0
leave,VERB,56,0,0
long,ADJ,56,0,0
thirty,NUM,55,0,0
itself,PRON,55,1,0
believe,VERB,55,0,0
one,PRON,55,1,0
piece,NOUN,55,0,0
whether,SCONJ,54,1,0
quite,ADV,54,1,0
certain,ADJ,54,0,0
actually,ADV,54,0,0
prole,NOUN,54,0,0
large,ADJ,53,0,0
simply,ADV,53,0,0
follow,VERB,53,0,0
paper,NOUN,53,0,0
work,NOUN,53,0,0
different,ADJ,53,0,0
change,VERB,53,0,0
air,NOUN,52,0,0
soon,ADV,52,0,0
our,PRON,51,1,0
wall,NOUN,51,0,0
case,NOUN,51,0,0
talk,VERB,51,0,0
those,DET,50,1,0
impossible,ADJ,50,0,0
pass,VERB,50,0,0
understand,VERB,50,0,0
live,VERB,49,0,0
these,DET,49,1,0
full,ADJ,49,1,0
yet,ADV,49,1,0
door,NOUN,48,0,0
name,NOUN,48,1,0
true,ADJ,48,0,0
across,ADP,48,1,0
appear,VERB,48,0,0
hair,NOUN,47,0,0
break,VERB,47,0,0
death,NOUN,46,0,0
upon,SCONJ,46,1,0
heart,NOUN,46,0,0
new,ADJ,46,0,0
walk,VERB,46,0,0
forget,VERB,45,0,0
many,ADJ,45,1,0
ago,ADV,45,0,0
finger,NOUN,45,0,0
meaning,NOUN,45,0,0
part,NOUN,44,1,0
read,VERB,44,0,0
behind,ADP,44,1,0
movement,NOUN,44,0,0
twenty,NUM,44,1,0
second,NOUN,44,0,0
need,VERB,44,0,0
enormous,ADJ,43,0,0
black,ADJ,43,0,0
front,NOUN,43,1,0
dark,ADJ,43,0,0
remain,VERB,43,0,0
much,ADV,43,1,0
towards,ADP,43,1,0
above,ADP,42,1,0
start,VERB,42,0,0
person,NOUN,42,0,0
other,NOUN,42,1,0
mother,NOUN,42,0,0
move,VERB,41,1,0
run,VERB,41,0,0
act,NOUN,41,0,0
week,NOUN,41,0,0
Thought,PROPN,40,0,1
set,VERB,40,0,0
real,ADJ,40,0,0
somewhere,ADV,40,1,0
find,VERB,40,0,0
shall,AUX,40,0,0
together,ADV,40,1,0
down,ADV,39,1,0
young,ADJ,39,0,0
enemy,NOUN,39,0,0
right,ADJ,38,0,0
occur,VERB,38,0,0
floor,NOUN,38,0,0
carry,VERB,38,0,0
last,ADJ,38,1,0
much,ADJ,38,1,0
produce,VERB,37,0,0
window,NOUN,37,0,0
really,ADV,37,1,0
idea,NOUN,37,0,0
group,NOUN,37,0,0
Eurasia,PROPN,37,0,1
bad,ADJ,37,0,0
each,DET,36,1,0
within,ADP,36,1,0
round,VERB,36,0,0
else,ADV,36,1,0
meet,VERB,36,0,0
light,NOUN,36,0,0
yourself,PRON,36,1,0
watch,VERB,35,0,0
inside,ADP,35,0,0
Police,PROPN,35,0,1
contain,VERB,35,0,0
round,ADV,35,0,0
Goldstein,PROPN,35,0,1
reality,NOUN,35,0,0
later,ADV,35,0,0
dead,ADJ,35,0,0
Syme,PROPN,35,0,1
next,ADJ,34,1,0
until,ADP,34,1,0
mouth,NOUN,34,0,0
both,DET,34,1,0
well,ADJ,34,0,0
prisoner,NOUN,34,0,0
themselves,PRON,34,1,0
history,NOUN,34,0,0
most,ADV,33,1,0
enough,ADV,33,1,0
sound,NOUN,33,0,0
pick,VERB,33,0,0
course,NOUN,33,0,0
century,NOUN,33,0,0
water,NOUN,33,0,0
reason,NOUN,33,0,0
Eastasia,PROPN,33,0,1
have,VERB,33,0,0
ten,NUM,33,1,0
whose,DET,33,1,0
cell,NOUN,33,0,0
question,NOUN,33,0,0
continue,VERB,32,0,0
fear,NOUN,32,0,0
over,ADV,32,1,0
deep,ADJ,32,0,0
control,VERB,32,0,0
Ingsoc,PROPN,32,0,1
add,VERB,32,0,0
confess,VERB,32,0,0
figure,NOUN,31,0,0
however,ADV,31,1,0
guard,NOUN,31,0,0
probably,ADV,31,0,0
able,ADJ,31,0,0
sense,NOUN,31,0,0
gin,NOUN,31,0,0
let,VERB,31,0,0
fill,VERB,31,0,0
foot,NOUN,31,0,0
shoulder,NOUN,31,0,0
no,INTJ,31,1,0
notice,VERB,31,0,0
dream,NOUN,31,0,0
number,NOUN,31,0,0
need,NOUN,31,0,0
society,NOUN,31,0,0
strike,VERB,30,0,0
Hate,PROPN,30,0,1
back,NOUN,30,1,0
wear,VERB,30,0,0
suppose,VERB,30,0,0
open,VERB,30,0,0
point,NOUN,30,0,0
Inner,PROPN,30,0,1
important,ADJ,30,0,0
early,ADJ,30,0,0
evening,NOUN,30,0,0
example,NOUN,30,0,0
enough,ADJ,30,1,0
being,NOUN,30,1,0
effort,NOUN,29,0,0
single,ADJ,29,0,0
bomb,NOUN,29,0,0
nearly,ADV,29,0,0
age,NOUN,29,0,0
purpose,NOUN,29,0,0
sure,ADJ,29,0,0
whom,PRON,29,1,0
night,NOUN,29,0,0
Department,PROPN,29,0,1
draw,VERB,29,0,0
speech,NOUN,29,0,0
exactly,ADV,29,0,0
kill,VERB,29,0,0
difference,NOUN,29,0,0
line,NOUN,29,0,0
alter,VERB,29,0,0
matter,NOUN,29,0,0
present,ADJ,28,0,0
overall,NOUN,28,0,0
corner,NOUN,28,0,0
victory,NOUN,28,0,0
smell,NOUN,28,0,0
die,VERB,28,0,0
shop,NOUN,28,0,0
diary,NOUN,28,0,0
wonder,VERB,28,0,0
lose,VERB,28,0,0
among,ADP,28,1,0
political,ADJ,28,0,0
alive,ADJ,28,0,0
principle,NOUN,28,0,0
vocabulary,NOUN,28,0,0
big,ADJ,27,0,0
house,NOUN,27,0,0
quarter,NOUN,27,0,0
chair,NOUN,27,0,0
general,ADJ,27,0,0
like,ADJ,27,0,0
less,ADV,27,1,0
everyone,PRON,27,1,0
mass,NOUN,27,0,0
may,AUX,27,1,0
difficult,ADJ,27,0,0
push,VERB,27,0,0
process,NOUN,27,0,0
destroy,VERB,27,0,0
first,ADV,26,1,0
several,ADJ,26,1,0
London,PROPN,26,0,1
aware,ADJ,26,0,0
usual,ADJ,26,0,0
nose,NOUN,26,0,0
job,NOUN,26,0,0
boot,NOUN,26,0,0
lie,NOUN,26,0,0
existence,NOUN,26,0,0
shoot,VERB,26,0,0
before,ADV,26,1,0
catch,VERB,26,0,0
imagine,VERB,26,0,0
lay,VERB,26,0,0
whatever,DET,26,1,0
Revolution,PROPN,26,0,1
knee,NOUN,26,0,0
choose,VERB,26,0,0
physical,ADJ,26,0,0
language,NOUN,25,0,0
metre,NOUN,25,0,0
heavy,ADJ,25,0,0
during,ADP,25,1,0
immediately,ADV,25,0,0
matter,VERB,25,0,0
no,ADV,25,1,0
round,ADJ,25,0,0
future,NOUN,25,0,0
boy,NOUN,25,0,0
although,SCONJ,25,1,0
herself,PRON,25,1,0
month,NOUN,25,0,0
six,NUM,25,1,0
love,NOUN,25,0,0
learn,VERB,25,0,0
state,NOUN,25,0,0
picture,NOUN,24,0,0
tear,VERB,24,0,0
often,ADV,24,1,0
half,DET,24,0,0
face,VERB,24,0,0
conscious,ADJ,24,0,0
listen,VERB,24,0,0
shout,VERB,24,0,0
about,ADV,24,1,0
show,VERB,24,1,0
realize,VERB,24,0,0
morning,NOUN,24,0,0
spectacle,NOUN,24,0,0
somehow,ADV,24,1,0
disappear,VERB,24,0,0
hatred,NOUN,24,0,0
message,NOUN,24,0,0
hardly,ADV,24,0,0
chapter,NOUN,24,0,0
love,VERB,24,0,0
alone,ADJ,24,1,0
clothe,NOUN,24,0,0
knowledge,NOUN,24,0,0
such,DET,24,1,0
Charrington,PROPN,24,0,1
use,NOUN,23,0,0
instant,NOUN,23,0,0
order,NOUN,23,0,0
expression,NOUN,23,0,0
outside,ADP,23,0,0
free,ADJ,23,0,0
buy,VERB,23,0,0
short,ADJ,23,0,0
easy,ADJ,23,0,0
cover,VERB,23,0,0
truth,NOUN,23,0,0
ask,VERB,23,0,0
consciousness,NOUN,23,0,0
record,NOUN,23,0,0
strong,ADJ,23,0,0
early,ADV,23,0,0
so,SCONJ,23,1,0
bell,NOUN,23,0,0
cold,ADJ,22,0,0
cut,VERB,22,0,0
sink,VERB,22,0,0
shut,VERB,22,0,0
completely,ADV,22,0,0
sight,NOUN,22,0,0
tiny,ADJ,22,0,0
hold,NOUN,22,0,0
bear,VERB,22,0,0
today,NOUN,22,0,0
most,ADJ,22,1,0
self,NOUN,22,0,0
rise,VERB,22,0,0
commit,VERB,22,0,0
what,DET,22,1,0
recognize,VERB,22,0,0
change,NOUN,22,0,0
allow,VERB,22,0,0
like,VERB,22,0,0
only,ADJ,22,1,0
danger,NOUN,22,0,0
Mr,PROPN,22,0,1
gaze,VERB,21,0,0
vast,ADJ,21,0,0
appearance,NOUN,21,0,0
at,ADV,21,1,0
nor,CCONJ,21,1,0
stuff,NOUN,21,0,0
cigarette,NOUN,21,0,0
past,ADJ,21,0,0
date,NOUN,21,0,0
music,NOUN,21,0,0
care,VERB,21,0,0
dangerous,ADJ,21,0,0
indeed,ADV,21,1,0
crime,NOUN,21,0,0
betray,VERB,21,0,0
parson,NOUN,21,0,0
sister,NOUN,21,0,0
step,NOUN,21,0,0
pull,VERB,21,0,0
class,NOUN,21,0,0
photograph,NOUN,21,0,0
expect,VERB,21,0,0
easily,ADV,21,0,0
rat,NOUN,21,0,0
skin,NOUN,20,0,0
outside,ADV,20,0,0
habit,NOUN,20,0,0
law,NOUN,20,0,0
lead,VERB,20,0,0
thick,ADJ,20,0,0
rule,NOUN,20,0,0
complete,ADJ,20,0,0
beyond,ADP,20,1,0
Brotherhood,PROPN,20,0,1
utter,VERB,20,0,0
open,ADJ,20,0,0
fragment,NOUN,20,0,0
raise,VERB,20,0,0
send,VERB,20,0,0
float,VERB,20,0,0
chocolate,NOUN,20,0,0
pocket,NOUN,20,0,0
drop,VERB,20,0,0
therefore,ADV,20,1,0
instance,NOUN,20,0,0
country,NOUN,20,0,0
control,NOUN,20,0,0
bone,NOUN,20,0,0
afternoon,NOUN,20,0,0
sing,VERB,20,0,0
Smith,PROPN,19,0,1
dust,NOUN,19,0,0
poster,NOUN,19,0,0
seven,NUM,19,0,0
blade,NOUN,19,0,0
sun,NOUN,19,0,0
level,NOUN,19,0,0
object,NOUN,19,0,0
slogan,NOUN,19,0,0
hide,VERB,19,0,0
food,NOUN,19,0,0
stay,VERB,19,0,0
glance,NOUN,19,0,0
either,CCONJ,19,1,0
curious,ADJ,19,0,0
finally,ADV,19,0,0
hundred,NUM,19,1,0
near,ADP,19,0,0
couple,NOUN,19,0,0
tooth,NOUN,19,0,0
eurasian,ADJ,19,0,0
wait,VERB,19,0,0
powerful,ADJ,19,0,0
help,VERB,19,0,0
evidence,NOUN,19,0,0
faint,ADJ,19,0,0
Parsons,PROPN,19,0,1
pause,VERB,19,0,0
silent,ADJ,19,0,0
ear,NOUN,19,0,0
fight,VERB,19,0,0
public,ADJ,19,0,0
right,NOUN,19,0,0
aim,NOUN,19,0,0
sleep,VERB,19,0,0
wish,VERB,19,0,0
St,PROPN,19,0,1
dial,NOUN,19,0,0
Victory,PROPN,18,0,1
slowly,ADV,18,0,0
distance,NOUN,18,0,0
rate,NOUN,18,0,0
darkness,NOUN,18,0,0
Love,PROPN,18,0,1
swallow,VERB,18,0,0
red,ADJ,18,0,0
position,NOUN,18,0,0
ordinary,ADJ,18,0,0
labour,NOUN,18,0,0
DOUBLETHINK,PROPN,18,0,1
hole,NOUN,18,0,0
middle,ADJ,18,0,0
nobody,PRON,18,1,0
hope,NOUN,18,0,0
freedom,NOUN,18,0,0
while,NOUN,18,1,0
second,ADJ,18,0,0
top,NOUN,18,1,0
torture,NOUN,18,0,0
forward,ADV,18,0,0
of,ADV,18,1,0
event,NOUN,18,0,0
slightly,ADV,18,0,0
middle,NOUN,18,0,0
Times,PROPN,18,0,1
hundred,NOUN,18,0,0
wake,VERB,18,0,0
stir,VERB,18,0,0
bit,NOUN,18,0,0
continuous,ADJ,18,0,0
touch,VERB,18,0,0
high,ADJ,18,0,0
play,VERB,18,0,0
natural,ADJ,18,0,0
crowd,NOUN,18,0,0
quickly,ADV,17,0,0
up,ADV,17,1,0
party,NOUN,17,0,0
end,VERB,17,0,0
colour,NOUN,17,0,0
safe,ADJ,17,0,0
direction,NOUN,17,0,0
news,NOUN,17,0,0
bread,NOUN,17,0,0
instead,ADV,17,0,0
beautiful,ADJ,17,0,0
least,ADJ,17,1,0
huge,ADJ,17,0,0
right,ADV,17,0,0
gesture,NOUN,17,0,0
anyone,PRON,17,1,0
belief,NOUN,17,0,0
alone,ADV,17,1,0
edge,NOUN,17,0,0
subject,NOUN,17,0,0
hang,VERB,17,0,0
confession,NOUN,17,0,0
comrade,NOUN,17,0,0
passage,NOUN,17,0,0
common,ADJ,17,0,0
interest,NOUN,17,0,0
period,NOUN,17,0,0
earth,NOUN,17,0,0
opinion,NOUN,17,0,0
problem,NOUN,17,0,0
coffee,NOUN,17,0,0
press,VERB,17,0,0
Katharine,PROPN,17,0,1
clock,NOUN,16,0,0
breast,NOUN,16,0,0
form,VERB,16,0,0
simultaneously,ADV,16,0,0
building,NOUN,16,0,0
machine,NOUN,16,0,0
save,VERB,16,0,0
belly,NOUN,16,0,0
normal,ADJ,16,0,0
fifty,NUM,16,1,0
difficulty,NOUN,16,0,0
apart,ADV,16,0,0
rubbish,NOUN,16,0,0
corridor,NOUN,16,0,0
impression,NOUN,16,0,0
manner,NOUN,16,0,0
straight,ADV,16,0,0
fling,VERB,16,0,0
course,ADV,16,0,0
rest,NOUN,16,0,0
repeat,VERB,16,0,0
look,NOUN,16,0,0
wife,NOUN,16,0,0
vaguely,ADV,16,0,0
someone,PRON,16,1,0
vaporize,VERB,16,0,0
criminal,NOUN,16,0,0
clear,ADJ,16,0,0
rocket,NOUN,16,0,0
accept,VERB,16,0,0
original,ADJ,16,0,0
agree,VERB,16,0,0
brain,NOUN,16,0,0
till,SCONJ,16,0,0
form,NOUN,16,0,0
pavement,NOUN,16,0,0
rule,VERB,16,0,0
blue,ADJ,15,0,0
razor,NOUN,15,0,0
helicopter,NOUN,15,0,0
pour,VERB,15,0,0
partly,ADV,15,0,0
desire,NOUN,15,0,0
page,NOUN,15,0,0
military,ADJ,15,0,0
dare,VERB,15,0,0
waist,NOUN,15,0,0
emotion,NOUN,15,0,0
demand,VERB,15,0,0
less,ADJ,15,1,0
violent,ADJ,15,0,0
action,NOUN,15,0,0
sleep,NOUN,15,0,0
animal,NOUN,15,0,0
sweat,NOUN,15,0,0
half,ADJ,15,0,0
step,VERB,15,0,0
attention,NOUN,15,0,0
eat,VERB,15,0,0
skull,NOUN,15,0,0
tear,NOUN,15,0,0
pure,ADJ,15,0,0
simple,ADJ,15,0,0
capitalist,NOUN,15,0,0
invent,VERB,15,0,0
thousand,NOUN,15,0,0
population,NOUN,15,0,0
instinct,NOUN,15,0,0
generation,NOUN,15,0,0
effect,NOUN,15,0,0
fail,VERB,15,0,0
flat,ADJ,14,0,0
beneath,ADP,14,0,0
opposite,ADJ,14,0,0
whenever,SCONJ,14,1,0
vague,ADJ,14,0,0
light,VERB,14,0,0
structure,NOUN,14,0,0
cross,VERB,14,0,0
intend,VERB,14,0,0
nature,NOUN,14,0,0
League,PROPN,14,0,1
curiously,ADV,14,0,0
occasionally,ADV,14,0,0
cry,VERB,14,0,0
terrible,ADJ,14,0,0
secret,ADJ,14,0,0
capable,ADJ,14,0,0
mere,ADJ,14,0,0
Mrs,PROPN,14,0,1
game,NOUN,14,0,0
dirty,ADJ,14,0,0
filthy,ADJ,14,0,0
song,NOUN,14,0,0
creature,NOUN,14,0,0
answer,NOUN,14,0,0
rather,ADV,14,1,0
intellectual,ADJ,14,0,0
tree,NOUN,14,0,0
involve,VERB,14,0,0
blow,VERB,14,0,0
copy,NOUN,14,0,0
murmur,VERB,14,0,0
Ampleforth,PROPN,14,0,1
arrest,VERB,14,0,0
obviously,ADV,14,0,0
reach,VERB,14,0,0
pay,VERB,14,0,0
beginning,NOUN,14,0,0
paperweight,NOUN,14,0,0
fix,VERB,14,0,0
cheek,NOUN,14,0,0
super,NOUN,14,0,0
nine,NUM,13,1,0
iron,NOUN,13,0,0
sky,NOUN,13,0,0
low,ADJ,13,0,0
vision,NOUN,13,0,0
Truth,PROPN,13,0,1
thousand,NUM,13,0,0
possession,NOUN,13,0,0
note,NOUN,13,0,0
cubicle,NOUN,13,0,0
Minutes,PROPN,13,0,1
neck,NOUN,13,0,0
term,NOUN,13,0,0
endless,ADJ,13,0,0
newspaper,NOUN,13,0,0
B,PROPN,13,0,1
after,ADV,13,1,0
conversation,NOUN,13,0,0
discover,VERB,13,0,0
invariably,ADV,13,0,0
warm,ADJ,13,0,0
constantly,ADV,13,0,0
banner,NOUN,13,0,0
Spies,PROPN,13,0,1
organization,NOUN,13,0,0
force,NOUN,13,0,0
asleep,ADJ,13,0,0
shape,NOUN,13,0,0
survive,VERB,13,0,0
interval,NOUN,13,0,0
track,NOUN,13,0,0
throw,VERB,13,0,0
fifteen,NUM,13,1,0
Oldspeak,PROPN,13,0,1
speakwrite,NOUN,13,0,0
destruction,NOUN,13,0,0
consist,VERB,13,0,0
million,NOUN,13,0,0
close,ADV,13,0,0
rhyme,NOUN,13,0,0
special,ADJ,13,0,0
chance,NOUN,13,0,0
empty,ADJ,13,1,0
coat,NOUN,13,0,0
top,ADJ,13,1,0
area,NOUN,13,0,0
cease,VERB,13,0,0
Martin,PROPN,13,0,1
smile,NOUN,13,0,0
list,NOUN,12,0,0
surface,NOUN,12,0,0
police,NOUN,12,0,0
patrol,NOUN,12,0,0
system,NOUN,12,0,0
wire,NOUN,12,0,0
everybody,PRON,12,0,0
though,ADV,12,1,0
official,ADJ,12,0,0
ground,NOUN,12,0,0
home,NOUN,12,0,0
gun,NOUN,12,0,0
canteen,NOUN,12,0,0
bottle,NOUN,12,0,0
living,NOUN,12,0,0
particular,ADJ,12,0,0
home,ADV,12,0,0
camp,NOUN,12,0,0
literally,ADV,12,0,0
scream,VERB,12,0,0
kick,VERB,12,0,0
suffer,VERB,12,0,0
stream,NOUN,12,0,0
Records,PROPN,12,0,1
narrow,ADJ,12,0,0
anywhere,ADV,12,1,0
burst,VERB,12,0,0
solid,ADJ,12,0,0
besides,ADV,12,1,0
hat,VERB,12,0,0
act,VERB,12,0,0
avoid,VERB,12,0,0
slide,VERB,12,0,0
trial,NOUN,12,0,0
abolish,VERB,12,0,0
stupid,ADJ,12,0,0
ration,NOUN,12,0,0
wander,VERB,12,0,0
detail,NOUN,12,0,0
carefully,ADV,12,0,0
obvious,ADJ,12,0,0
near,ADV,12,0,0
aside,ADV,12,0,0
lip,NOUN,12,0,0
forth,ADV,12,0,0
late,ADJ,12,0,0
leg,NOUN,12,0,0
grasp,VERB,12,0,0
apply,VERB,12,0,0
claim,VERB,12,0,0
aeroplane,NOUN,12,0,0
perfectly,ADV,12,0,0
good,NOUN,12,0,0
literature,NOUN,12,0,0
settle,VERB,12,0,0
Comrade,PROPN,12,0,1
presently,ADV,12,0,0
any,ADV,12,1,0
intelligent,ADJ,12,0,0
drink,VERB,12,0,0
well,INTJ,12,1,0
standard,NOUN,12,0,0
pale,ADJ,12,0,0
brief,ADJ,12,0,0
sexual,ADJ,12,0,0
clasp,VERB,12,0,0
beer,NOUN,12,0,0
servant,NOUN,12,0,0
practice,NOUN,12,0,0
impulse,NOUN,12,0,0
dear,ADJ,12,0,0
attitude,NOUN,12,0,0
twentieth,ADJ,12,0,0
cage,NOUN,12,0,0
slip,VERB,11,0,0
prevent,VERB,11,0,0
seldom,ADV,11,0,0
brother,NOUN,11,0,0
metal,NOUN,11,0,0
instrument,NOUN,11,0,0
uniform,NOUN,11,0,0
everywhere,ADV,11,1,0
moreover,ADV,11,1,0
field,NOUN,11,0,0
kilometre,NOUN,11,0,0
childhood,NOUN,11,0,0
similar,ADJ,11,0,0
Plenty,PROPN,11,0,1
frightening,ADJ,11,0,0
kitchen,NOUN,11,0,0
possess,VERB,11,0,0
film,NOUN,11,0,0
be,VERB,11,0,0
decide,VERB,11,0,0
eleven,NUM,11,1,0
drag,VERB,11,0,0
Fiction,PROPN,11,0,1
manage,VERB,11,0,0
evidently,ADV,11,0,0
haired,ADJ,11,0,0
screen,NOUN,11,0,0
engage,VERB,11,0,0
traitor,NOUN,11,0,0
doctrine,NOUN,11,0,0
revolution,NOUN,11,0,0
army,NOUN,11,0,0
vanish,VERB,11,0,0
strange,ADJ,11,0,0
mention,VERB,11,0,0
wave,NOUN,11,0,0
wrench,VERB,11,0,0
fade,VERB,11,0,0
horror,NOUN,11,0,0
contact,NOUN,11,0,0
conceal,VERB,11,0,0
shake,VERB,11,0,0
seize,VERB,11,0,0
oh,INTJ,11,0,0
half,NOUN,11,0,0
wood,NOUN,11,0,0
helpless,ADJ,11,0,0
remark,NOUN,11,0,0
friend,NOUN,11,0,0
arrive,VERB,11,0,0
win,VERB,11,0,0
doublethink,NOUN,11,0,0
strength,NOUN,11,0,0
cent,NOUN,11,0,0
brown,ADJ,11,0,0
baby,NOUN,11,0,0
below,ADP,11,1,0
belong,VERB,11,0,0
barely,ADV,11,0,0
worker,NOUN,11,0,0
force,VERB,11,0,0
promptly,ADV,11,0,0
throughout,ADP,11,1,0
Africa,PROPN,11,0,1
wrong,ADJ,11,0,0
once,SCONJ,11,1,0
version,NOUN,11,0,0
return,VERB,11,0,0
main,ADJ,11,0,0
assume,VERB,11,0,0
refuse,VERB,11,0,0
tray,NOUN,11,0,0
tongue,NOUN,11,0,0
finish,VERB,11,0,0
nevertheless,ADV,11,1,0
bloody,ADJ,11,0,0
roll,VERB,11,0,0
spend,VERB,11,0,0
half,ADV,11,0,0
struggle,NOUN,11,0,0
lamp,NOUN,11,0,0
individual,NOUN,11,0,0
condition,NOUN,11,0,0
Rutherford,PROPN,11,0,1
yellow,ADJ,11,0,0
view,NOUN,11,0,0
argument,NOUN,11,0,0
truck,NOUN,11,0,0
pretend,VERB,11,0,0
yard,NOUN,11,0,0
Clement,PROPN,11,0,1
possibility,NOUN,11,0,0
defeat,VERB,11,0,0
meal,NOUN,11,0,0
mental,ADJ,11,0,0
equality,NOUN,11,0,0
officer,NOUN,11,0,0
English,PROPN,10,0,1
forty,NUM,10,1,0
opposite,ADP,10,0,0
somewhat,ADV,10,0,0
receive,VERB,10,0,0
spring,VERB,10,0,0
concern,VERB,10,0,0
colour,VERB,10,0,0
packet,NOUN,10,0,0
suggest,VERB,10,0,0
deal,VERB,10,0,0
market,NOUN,10,0,0
pen,NOUN,10,0,0
certainty,NOUN,10,0,0
nowadays,ADV,10,0,0
express,VERB,10,0,0
ready,ADJ,10,0,0
panic,NOUN,10,0,0
round,NOUN,10,0,0
bullet,NOUN,10,0,0
lot,NOUN,10,0,0
atmosphere,NOUN,10,0,0
spy,NOUN,10,0,0
mix,VERB,10,0,0
approach,VERB,10,0,0
spite,NOUN,10,0,0
recall,VERB,10,0,0
dozen,NOUN,10,0,0
wrist,NOUN,10,0,0
behind,ADV,10,1,0
noise,NOUN,10,0,0
none,NOUN,10,1,0
thin,ADJ,10,0,0
denounce,VERB,10,0,0
march,VERB,10,0,0
generally,ADV,10,0,0
fresh,ADJ,10,0,0
story,NOUN,10,0,0
slow,ADJ,10,0,0
altogether,ADV,10,0,0
hard,ADJ,10,0,0
majority,NOUN,10,0,0
issue,VERB,10,0,0
out,ADV,10,1,0
smell,VERB,10,0,0
Centre,PROPN,10,0,1
yell,VERB,10,0,0
dress,VERB,10,0,0
flit,VERB,10,0,0
blow,NOUN,10,0,0
doorway,NOUN,10,0,0
light,ADJ,10,0,0
appeal,VERB,10,0,0
reflect,VERB,10,0,0
ancient,ADJ,10,0,0
station,NOUN,10,0,0
along,ADP,10,1,0
leader,NOUN,10,0,0
tube,NOUN,10,0,0
left,ADJ,10,0,0
scrap,NOUN,10,0,0
article,NOUN,10,0,0
rewrite,VERB,10,0,0
million,NUM,10,0,0
sixty,NUM,10,1,0
citizen,NOUN,10,0,0
sex,NOUN,10,0,0
chiefly,ADV,10,0,0
triumph,NOUN,10,0,0
create,VERB,10,0,0
bar,NOUN,10,0,0
final,ADJ,10,0,0
on,ADV,10,1,0
elbow,NOUN,10,0,0
fire,NOUN,10,0,0
possibly,ADV,10,0,0
sell,VERB,10,0,0
false,ADJ,10,0,0
slave,NOUN,10,0,0
accord,NOUN,10,0,0
e,NOUN,10,0,0
soft,ADJ,10,0,0
singing,NOUN,10,0,0
interested,ADJ,10,0,0
church,NOUN,10,0,0
lemon,NOUN,10,0,0
deliberately,ADV,10,0,0
conquer,VERB,10,0,0
blood,NOUN,10,0,0
Low,PROPN,10,0,1
frontier,NOUN,10,0,0
territory,NOUN,10,0,0
wealth,NOUN,10,0,0
bench,NOUN,10,0,0
nineteen,NUM,9,0,0
escape,VERB,9,0,0
wind,NOUN,9,0,0
stair,NOUN,9,0,0
drive,VERB,9,0,0
Week,PROPN,9,0,1
far,ADJ,9,0,0
series,NOUN,9,0,0
below,ADV,9,1,0
surround,VERB,9,0,0
government,NOUN,9,0,0
steel,NOUN,9,0,0
abruptly,ADV,9,0,0
lunch,NOUN,9,0,0
scarlet,ADJ,9,0,0
sensation,NOUN,9,0,0
ink,NOUN,9,0,0
range,NOUN,9,0,0
smooth,ADJ,9,0,0
various,ADJ,9,1,0
quick,ADJ,9,0,0
actual,ADJ,9,0,0
cause,VERB,9,0,0
flash,NOUN,9,0,0
hip,NOUN,9,0,0
terror,NOUN,9,0,0
peculiar,ADJ,9,0,0
name,VERB,9,0,0
momentary,ADJ,9,0,0
deeply,ADV,9,0,0
monstrous,ADJ,9,0,0
heresy,NOUN,9,0,0
hiding,NOUN,9,0,0
refer,VERB,9,0,0
horrible,ADJ,9,0,0
contrary,NOUN,9,0,0
in,ADV,9,1,0
thus,ADV,9,1,0
sanity,NOUN,9,0,0
succeed,VERB,9,0,0
naked,ADJ,9,0,0
battle,NOUN,9,0,0
mean,NOUN,9,0,0
otherwise,ADV,9,1,0
BIG,PROPN,9,0,1
breath,NOUN,9,0,0
crush,VERB,9,0,0
pipe,NOUN,9,0,0
usually,ADV,9,0,0
committee,NOUN,9,0,0
bend,VERB,9,0,0
require,VERB,9,0,0
demonstration,NOUN,9,0,0
unconscious,ADJ,9,0,0
mine,NOUN,9,1,0
hot,ADJ,9,0,0
phrase,NOUN,9,0,0
understanding,NOUN,9,0,0
trumpet,NOUN,9,0,0
please,INTJ,9,1,0
reduce,VERB,9,0,0
shoe,NOUN,9,0,0
purge,NOUN,9,0,0
retain,VERB,9,0,0
private,ADJ,9,0,0
consider,VERB,9,0,0
external,ADJ,9,0,0
surprise,NOUN,9,0,0
ought,AUX,9,0,0
trust,VERB,9,0,0
fighting,NOUN,9,0,0
utterly,ADV,9,0,0
prove,VERB,9,0,0
clean,ADJ,9,0,0
material,NOUN,9,0,0
secret,NOUN,9,0,0
sub,NOUN,9,0,0
afterwards,ADV,9,1,0
heretical,ADJ,9,0,0
defeat,NOUN,9,0,0
counter,NOUN,9,0,0
stick,VERB,9,0,0
verb,NOUN,9,0,0
shade,NOUN,9,0,0
hop,VERB,9,0,0
yet,CCONJ,9,1,0
foresee,VERB,9,0,0
tone,NOUN,9,0,0
happy,ADJ,9,0,0
disease,NOUN,9,0,0
judge,VERB,9,0,0
burn,VERB,9,0,0
marry,VERB,9,0,0
achieve,VERB,9,0,0
yell,NOUN,9,0,0
importance,NOUN,9,0,0
twelve,NUM,9,1,0
eight,NUM,9,1,0
cling,VERB,9,0,0
beside,ADP,9,1,0
advance,NOUN,9,0,0
arrange,VERB,9,0,0
question,VERB,9,0,0
twist,VERB,9,0,0
suicide,NOUN,9,0,0
result,NOUN,9,0,0
beat,VERB,9,0,0
High,PROPN,9,0,1
scientific,ADJ,9,0,0
lever,NOUN,9,0,0
enter,VERB,8,0,0
boil,VERB,8,0,0
ulcer,NOUN,8,0,0
production,NOUN,8,0,0
third,ADJ,8,1,0
nineteenth,ADJ,8,0,0
plaster,NOUN,8,0,0
entire,ADJ,8,0,0
truncheon,NOUN,8,0,0
tomorrow,NOUN,8,0,0
mark,VERB,8,0,0
tobacco,NOUN,8,0,0
flat,NOUN,8,0,0
about,ADJ,8,1,0
guess,VERB,8,0,0
inside,ADV,8,0,0
dollar,NOUN,8,0,0
letter,NOUN,8,0,0
helplessness,NOUN,8,0,0
writing,NOUN,8,0,0
ship,NOUN,8,0,0
aged,ADJ,8,0,0
equal,ADJ,8,0,0
row,NOUN,8,0,0
Anti,PROPN,8,0,1
Sex,PROPN,8,0,1
hike,NOUN,8,0,0
perfect,ADJ,8,0,0
intelligence,NOUN,8,0,0
glance,VERB,8,0,0
expressionless,NOUN,8,0,0
dull,ADJ,8,0,0
theory,NOUN,8,0,0
smash,VERB,8,0,0
flow,VERB,8,0,0
will,NOUN,8,1,0
heretic,NOUN,8,0,0
din,NOUN,8,0,0
extend,VERB,8,0,0
b,NOUN,8,0,0
space,NOUN,8,0,0
unmistakable,ADJ,8,0,0
arrest,NOUN,8,0,0
re,VERB,8,1,0
essential,ADJ,8,0,0
bind,VERB,8,0,0
sudden,ADJ,8,0,0
wipe,VERB,8,0,0
close,VERB,8,0,0
short,NOUN,8,0,0
angle,NOUN,8,0,0
enthusiasm,NOUN,8,0,0
noisy,ADJ,8,0,0
describe,VERB,8,0,0
roar,NOUN,8,0,0
bottom,NOUN,8,1,0
awake,ADJ,8,0,0
include,VERB,8,0,0
thoughtcrime,NOUN,8,0,0
tip,NOUN,8,0,0
fifty,NOUN,8,0,0
green,ADJ,8,0,0
loyalty,NOUN,8,0,0
leaf,NOUN,8,0,0
breathe,VERB,8,0,0
hurry,VERB,8,0,0
emerge,VERB,8,0,0
crowded,ADJ,8,0,0
absolute,ADJ,8,0,0
pneumatic,ADJ,8,0,0
near,ADJ,8,0,0
issue,NOUN,8,0,0
ideological,ADJ,8,0,0
rid,VERB,8,0,0
entirely,ADV,8,0,0
pleasure,NOUN,8,0,0
permanent,ADJ,8,0,0
Ogilvy,PROPN,8,0,1
answer,VERB,8,0,0
unable,ADJ,8,0,0
halt,VERB,8,0,0
orthodox,ADJ,8,0,0
opposite,NOUN,8,0,0
beauty,NOUN,8,0,0
translation,NOUN,8,0,0
concept,NOUN,8,0,0
hand,VERB,8,0,0
ah,INTJ,8,0,0
per,ADP,8,1,0
myself,PRON,8,1,0
mask,NOUN,8,0,0
scent,NOUN,8,0,0
encourage,VERB,8,0,0
ahead,ADV,8,0,0
overthrow,VERB,8,0,0
cry,NOUN,8,0,0
loose,ADJ,8,0,0
saucepan,NOUN,8,0,0
spread,VERB,8,0,0
drug,NOUN,8,0,0
rich,ADJ,8,0,0
land,NOUN,8,0,0
Aaronson,PROPN,8,0,1
waiter,NOUN,8,0,0
pint,NOUN,8,0,0
frame,NOUN,8,0,0
Middle,PROPN,8,0,1
hunger,NOUN,8,0,0
square,NOUN,8,0,0
meeting,NOUN,8,0,0
equally,ADV,8,0,0
product,NOUN,8,0,0
worth,ADJ,8,0,0
whole,NOUN,8,1,0
obey,VERB,8,0,0
ultimately,ADV,8,0,0
identity,NOUN,8,0,0
warfare,NOUN,8,0,0
technical,ADJ,8,0,0
progress,NOUN,8,0,0
distinction,NOUN,8,0,0
needle,NOUN,8,0,0
Chapter,PROPN,7,0,1
feature,NOUN,7,0,0
current,NOUN,7,0,0
preparation,NOUN,7,0,0
ankle,NOUN,7,0,0
roof,NOUN,7,0,0
divide,VERB,7,0,0
Peace,PROPN,7,0,1
affair,NOUN,7,0,0
quiet,ADJ,7,0,0
shelf,NOUN,7,0,0
spirit,NOUN,7,0,0
unusual,ADJ,7,0,0
place,VERB,7,0,0
build,VERB,7,0,0
fairly,ADV,7,0,0
resemble,VERB,7,0,0
courage,NOUN,7,0,0
transfer,VERB,7,0,0
fat,ADJ,7,0,0
sea,NOUN,7,0,0
laughter,NOUN,7,0,0
seat,NOUN,7,0,0
centre,NOUN,7,0,0
Junior,PROPN,7,0,1
community,NOUN,7,0,0
out,NOUN,7,1,0
agent,NOUN,7,0,0
dim,ADJ,7,0,0
trick,NOUN,7,0,0
resettle,VERB,7,0,0
orthodoxy,NOUN,7,0,0
activity,NOUN,7,0,0
treachery,NOUN,7,0,0
sabotage,NOUN,7,0,0
pair,NOUN,7,0,0
attack,NOUN,7,0,0
doubt,NOUN,7,0,0
tramp,NOUN,7,0,0
whisper,VERB,7,0,0
rumour,NOUN,7,0,0
drown,VERB,7,0,0
swell,VERB,7,0,0
lunatic,NOUN,7,0,0
vivid,ADJ,7,0,0
characteristic,ADJ,7,0,0
abandon,VERB,7,0,0
useless,ADJ,7,0,0
exercise,NOUN,7,0,0
Youth,PROPN,7,0,1
sharp,ADJ,7,0,0
sentence,NOUN,7,0,0
examine,VERB,7,0,0
stupidity,NOUN,7,0,0
depend,VERB,7,0,0
grey,ADJ,7,0,0
description,NOUN,7,0,0
tendency,NOUN,7,0,0
discipline,NOUN,7,0,0
connect,VERB,7,0,0
worship,NOUN,7,0,0
statement,NOUN,7,0,0
degree,NOUN,7,0,0
call,NOUN,7,1,0
fro,PROPN,7,0,1
batter,VERB,7,0,0
father,NOUN,7,0,0
perceive,VERB,7,0,0
family,NOUN,7,0,0
atomic,ADJ,7,0,0
stone,NOUN,7,0,0
unbearable,ADJ,7,0,0
ave,VERB,7,0,0
admit,VERB,7,0,0
surely,ADV,7,0,0
construct,VERB,7,0,0
toe,NOUN,7,0,0
establish,VERB,7,0,0
hat,NOUN,7,0,0
due,ADJ,7,1,0
slip,NOUN,7,0,0
largely,ADV,7,0,0
item,NOUN,7,0,0
warning,NOUN,7,0,0
section,NOUN,7,0,0
reference,NOUN,7,0,0
likely,ADJ,7,0,0
statue,NOUN,7,0,0
compose,VERB,7,0,0
permit,VERB,7,0,0
delicate,ADJ,7,0,0
occasion,NOUN,7,0,0
liberty,NOUN,7,0,0
care,NOUN,7,0,0
stew,NOUN,7,0,0
sour,ADJ,7,0,0
Dictionary,PROPN,7,0,1
yesterday,NOUN,7,0,0
saccharine,NOUN,7,0,0
rapidly,ADV,7,0,0
clearly,ADV,7,0,0
back,ADP,7,1,0
pattern,NOUN,7,0,0
decade,NOUN,7,0,0
anybody,PRON,7,0,0
texture,NOUN,7,0,0
train,NOUN,7,0,0
taste,NOUN,7,0,0
ugly,ADJ,7,0,0
nervous,ADJ,7,0,0
box,NOUN,7,0,0
poor,ADJ,7,0,0
bug,NOUN,7,0,0
suppress,VERB,7,0,0
freeze,VERB,7,0,0
school,NOUN,7,0,0
rebellion,NOUN,7,0,0
inconceivable,ADJ,7,0,0
shout,NOUN,7,0,0
spot,NOUN,7,0,0
starve,VERB,7,0,0
teach,VERB,7,0,0
desirable,ADJ,7,0,0
working,NOUN,7,0,0
Jones,PROPN,7,0,1
function,NOUN,7,0,0
astonishing,ADJ,7,0,0
alley,NOUN,7,0,0
serious,ADJ,7,1,0
folly,NOUN,7,0,0
litre,NOUN,7,0,0
presence,NOUN,7,0,0
sufficiently,ADV,7,0,0
broken,ADJ,7,0,0
orange,NOUN,7,0,0
farthing,NOUN,7,0,0
mercy,NOUN,7,0,0
development,NOUN,7,0,0
chess,NOUN,7,0,0
touch,NOUN,7,0,0
cheekbone,NOUN,7,0,0
microphone,NOUN,7,0,0
explain,VERB,7,0,0
twig,NOUN,7,0,0
bird,NOUN,7,0,0
everyday,ADJ,7,0,0
inner,ADJ,7,0,0
somebody,PRON,7,0,0
wash,VERB,7,0,0
last,VERB,7,1,0
prepared,ADJ,7,0,0
War,PROPN,7,0,1
extent,NOUN,7,0,0
hierarchical,ADJ,7,0,0
mad,ADJ,7,0,0
bright,ADJ,6,0,0
Mansions,PROPN,6,0,1
cabbage,NOUN,6,0,0
lift,NOUN,6,0,0
daylight,NOUN,6,0,0
economy,NOUN,6,0,0
varicose,NOUN,6,0,0
fair,ADJ,6,0,0
INGSOC,PROPN,6,0,1
individual,ADJ,6,0,0
overhear,VERB,6,0,0
wooden,ADJ,6,0,0
Ministries,PROPN,6,0,1
economic,ADJ,6,0,0
business,NOUN,6,0,0
outer,ADJ,6,0,0
shock,NOUN,6,0,0
instantly,ADV,6,0,0
hit,VERB,6,0,0
blank,ADJ,6,0,0
cover,NOUN,6,0,0
overwhelming,ADJ,6,0,0
detect,VERB,6,0,0
fit,VERB,6,0,0
pencil,NOUN,6,0,0
present,NOUN,6,0,0
slight,ADJ,6,0,0
capital,NOUN,6,0,0
audience,NOUN,6,0,0
fright,NOUN,6,0,0
novel,NOUN,6,0,0
sash,NOUN,6,0,0
tightly,ADV,6,0,0
especially,ADV,6,0,0
coarse,ADJ,6,0,0
sandy,ADJ,6,0,0
oil,NOUN,6,0,0
programme,NOUN,6,0,0
directly,ADV,6,0,0
conspiracy,NOUN,6,0,0
foreign,ADJ,6,0,0
sheep,NOUN,6,0,0
peace,NOUN,6,0,0
rapid,ADJ,6,0,0
style,NOUN,6,0,0
underground,ADJ,6,0,0
oblige,VERB,6,0,0
join,VERB,6,0,0
switch,VERB,6,0,0
very,ADJ,6,1,0
civilization,NOUN,6,0,0
throat,NOUN,6,0,0
melt,VERB,6,0,0
relief,NOUN,6,0,0
mysterious,ADJ,6,0,0
persist,VERB,6,0,0
sound,VERB,6,0,0
apparent,ADJ,6,0,0
deliberate,ADJ,6,0,0
share,VERB,6,0,0
precisely,ADV,6,0,0
worry,VERB,6,0,0
execution,NOUN,6,0,0
glimpse,NOUN,6,0,0
recognition,NOUN,6,0,0
exchange,VERB,6,0,0
ring,NOUN,6,0,0
remove,VERB,6,0,0
deny,VERB,6,0,0
annihilate,VERB,6,0,0
attempt,NOUN,6,0,0
instinctively,ADV,6,0,0
trample,VERB,6,0,0
tune,NOUN,6,0,0
joint,NOUN,6,0,0
shirt,NOUN,6,0,0
evident,ADJ,6,0,0
guilty,ADJ,6,0,0
rub,VERB,6,0,0
rebel,VERB,6,0,0
glorious,ADJ,6,0,0
dream,VERB,6,0,0
command,NOUN,6,0,0
significance,NOUN,6,0,0
announcement,NOUN,6,0,0
gramme,NOUN,6,0,0
endure,VERB,6,0,0
ash,NOUN,6,0,0
grave,NOUN,6,0,0
friendship,NOUN,6,0,0
summer,NOUN,6,0,0
fully,ADV,6,0,0
bite,VERB,6,0,0
bough,NOUN,6,0,0
faintly,ADV,6,0,0
pool,NOUN,6,0,0
forth,ADP,6,0,0
Outer,PROPN,6,0,1
proper,ADJ,6,0,0
struggle,VERB,6,0,0
definitely,ADV,6,0,0
cap,NOUN,6,0,0
mention,NOUN,6,0,0
alliance,NOUN,6,0,0
evil,NOUN,6,0,0
future,ADJ,6,0,0
thrust,VERB,6,0,0
impose,VERB,6,0,0
little,ADV,6,0,0
induce,VERB,6,0,0
sixty,NOUN,6,0,0
gradually,ADV,6,0,0
definite,ADJ,6,0,0
falsification,NOUN,6,0,0
bent,ADJ,6,0,0
straighten,VERB,6,0,0
privilege,NOUN,6,0,0
unroll,VERB,6,0,0
desk,NOUN,6,0,0
lift,VERB,6,0,0
rectify,VERB,6,0,0
forecast,NOUN,6,0,0
output,NOUN,6,0,0
error,NOUN,6,0,0
assemble,VERB,6,0,0
scrap,VERB,6,0,0
forgery,NOUN,6,0,0
direct,ADJ,6,0,0
steadily,ADV,6,0,0
preserve,VERB,6,0,0
falsify,VERB,6,0,0
branch,NOUN,6,0,0
proletarian,ADJ,6,0,0
comfort,NOUN,6,0,0
master,NOUN,6,0,0
rank,NOUN,6,0,0
familiar,ADJ,6,0,0
rival,NOUN,6,0,0
Eleventh,PROPN,6,0,1
Edition,PROPN,6,0,1
past,ADV,6,0,0
interesting,ADJ,6,0,0
mug,NOUN,6,0,0
nerve,NOUN,6,0,0
taste,VERB,6,0,0
hungry,ADJ,6,0,0
continuously,ADV,6,0,0
adjective,NOUN,6,0,0
noun,NOUN,6,0,0
string,NOUN,6,0,0
define,VERB,6,0,0
unorthodox,ADJ,6,0,0
type,NOUN,6,0,0
Chestnut,PROPN,6,0,1
Tree,PROPN,6,0,1
study,VERB,6,0,0
tail,NOUN,6,0,0
announce,VERB,6,0,0
pot,NOUN,6,0,0
crowd,VERB,6,0,0
innumerable,ADJ,6,0,0
cheap,ADJ,6,0,0
dirt,NOUN,6,0,0
intolerable,ADJ,6,0,0
unless,SCONJ,6,1,0
beetle,NOUN,6,0,0
youth,NOUN,6,0,0
certainly,ADV,6,0,0
either,ADV,6,1,0
translate,VERB,6,0,0
deadly,ADJ,6,0,0
provide,VERB,6,0,0
swarm,VERB,6,0,0
part,VERB,6,0,0
risk,NOUN,6,0,0
truly,ADV,6,0,0
dreadful,ADJ,6,0,0
stall,NOUN,6,0,0
bump,VERB,6,0,0
poverty,NOUN,6,0,0
own,VERB,6,1,0
bow,VERB,6,0,0
kiss,VERB,6,0,0
average,ADJ,6,0,0
weapon,NOUN,6,0,0
silence,NOUN,6,0,0
hopeless,ADJ,6,0,0
countless,ADJ,6,0,0
philosophy,NOUN,6,0,0
terrify,VERB,6,0,0
either,DET,6,1,0
point,VERB,6,0,0
fast,ADV,6,0,0
pub,NOUN,6,0,0
pace,NOUN,6,0,0
lunatic,ADJ,6,0,0
barman,NOUN,6,0,0
board,NOUN,6,0,0
birth,NOUN,6,0,0
speaker,NOUN,6,0,0
treat,VERB,6,0,0
like,INTJ,6,0,0
incapable,ADJ,6,0,0
owe,VERB,6,0,0
illusion,NOUN,6,0,0
ice,NOUN,6,0,0
universe,NOUN,6,0,0
presumably,ADV,6,0,0
base,NOUN,6,0,0
bluebell,NOUN,6,0,0
clearing,NOUN,6,0,0
murder,VERB,6,0,0
laugh,VERB,6,0,0
sunlight,NOUN,6,0,0
accord,VERB,6,0,0
distribute,VERB,6,0,0
prepare,VERB,6,0,0
enjoy,VERB,6,0,0
happiness,NOUN,6,0,0
afraid,ADJ,6,0,0
increase,VERB,6,0,0
strip,VERB,6,0,0
regard,VERB,6,0,0
invention,NOUN,6,0,0
stretch,VERB,6,0,0
govern,VERB,6,0,0
aloud,ADV,6,0,0
bare,ADJ,6,0,0
found,VERB,6,0,0
ourselves,PRON,6,1,0
syllable,NOUN,6,0,0
meanwhile,ADV,6,1,0
method,NOUN,6,0,0
basis,NOUN,6,0,0
comparison,NOUN,6,0,0
contradiction,NOUN,6,0,0
crimestop,NOUN,6,0,0
kick,NOUN,6,0,0
session,NOUN,6,0,0
star,NOUN,6,0,0
bulletin,NOUN,6,0,0
noun,PROPN,6,0,1
April,PROPN,5,0,1
along,ADV,5,1,0
wide,ADV,5,0,0
moustache,NOUN,5,0,0
electric,ADJ,5,0,0
rest,VERB,5,0,0
caption,NOUN,5,0,0
mirror,NOUN,5,0,0
naturally,ADV,5,0,0
soap,NOUN,5,0,0
harsh,ADJ,5,0,0
uncover,VERB,5,0,0
hover,VERB,5,0,0
conceivable,ADJ,5,0,0
city,NOUN,5,0,0
squeeze,VERB,5,0,0
patch,NOUN,5,0,0
mostly,ADV,5,1,0
account,NOUN,5,0,0
glitter,VERB,5,0,0
WAR,PROPN,5,0,1
PEACE,PROPN,5,0,1
FREEDOM,PROPN,5,0,1
SLAVERY,PROPN,5,0,1
art,NOUN,5,0,0
sacrifice,VERB,5,0,0
drawer,NOUN,5,0,0
junk,NOUN,5,0,0
decisive,ADJ,5,0,0
past,ADP,5,0,0
interminable,ADJ,5,0,0
sheer,ADJ,5,0,0
handwriting,NOUN,5,0,0
swim,VERB,5,0,0
pink,ADJ,5,0,0
totally,ADV,5,0,0
incident,NOUN,5,0,0
group,VERB,5,0,0
Two,PROPN,5,1,1
spanner,NOUN,5,0,0
bath,NOUN,5,0,0
pierce,VERB,5,0,0
post,NOUN,5,0,0
prize,NOUN,5,0,0
flash,VERB,5,0,0
oneself,PRON,5,0,0
normally,ADV,5,0,0
column,NOUN,5,0,0
replace,VERB,5,0,0
rage,NOUN,5,0,0
despise,VERB,5,0,0
leap,VERB,5,0,0
violently,ADV,5,0,0
unnecessary,ADJ,5,0,0
flame,NOUN,5,0,0
lonely,ADJ,5,0,0
sole,ADJ,5,0,0
guardian,NOUN,5,0,0
hallucination,NOUN,5,0,0
arrow,NOUN,5,0,0
sweet,ADJ,5,0,0
backwards,ADV,5,0,0
black,NOUN,5,0,0
bury,VERB,5,0,0
entrail,NOUN,5,0,0
signal,NOUN,5,0,0
likely,ADV,5,0,0
automatic,ADJ,5,0,0
neat,ADJ,5,0,0
report,NOUN,5,0,0
block,VERB,5,0,0
motif,NOUN,5,0,0
kneel,VERB,5,0,0
Community,PROPN,5,0,1
toy,NOUN,5,0,0
hanging,NOUN,5,0,0
roar,VERB,5,0,0
popular,ADJ,5,0,0
systematically,ADV,5,0,0
foreigner,NOUN,5,0,0
frightened,ADJ,5,0,0
parent,NOUN,5,0,0
link,NOUN,5,0,0
forest,NOUN,5,0,0
coin,NOUN,5,0,0
indoor,NOUN,5,0,0
centimetre,NOUN,5,0,0
imaginary,ADJ,5,0,0
physically,ADV,5,0,0
undo,VERB,5,0,0
fashioned,ADJ,5,0,0
darken,VERB,5,0,0
complex,ADJ,5,0,0
recur,VERB,5,0,0
Golden,PROPN,5,0,1
Country,PROPN,5,0,1
ragged,ADJ,5,0,0
sweep,VERB,5,0,0
dingy,ADJ,5,0,0
attack,VERB,5,0,0
lung,NOUN,5,0,0
gasp,NOUN,5,0,0
image,NOUN,5,0,0
extraordinarily,ADV,5,0,0
map,NOUN,5,0,0
Tube,PROPN,5,0,1
pack,VERB,5,0,0
represent,VERB,5,0,0
contradictory,ADJ,5,0,0
claim,NOUN,5,0,0
motor,NOUN,5,0,0
horse,NOUN,5,0,0
historical,ADJ,5,0,0
efficiency,NOUN,5,0,0
protect,VERB,5,0,0
waste,NOUN,5,0,0
report,VERB,5,0,0
unperson,NOUN,5,0,0
consumption,NOUN,5,0,0
reduction,NOUN,5,0,0
alteration,NOUN,5,0,0
duty,NOUN,5,0,0
nonsense,NOUN,5,0,0
connexion,NOUN,5,0,0
deal,NOUN,5,0,0
nearer,NOUN,5,0,0
Tillotson,PROPN,5,0,1
fold,VERB,5,0,0
fro,VERB,5,0,0
mild,ADJ,5,0,0
expert,NOUN,5,0,0
textbook,NOUN,5,0,0
execute,VERB,5,0,0
count,VERB,5,0,0
close,ADJ,5,0,0
circumstance,NOUN,5,0,0
troop,NOUN,5,0,0
adopt,VERB,5,0,0
fly,VERB,5,0,0
marriage,NOUN,5,0,0
down,NOUN,5,1,0
queue,NOUN,5,0,0
overcome,VERB,5,0,0
indifferently,ADV,5,0,0
cellar,NOUN,5,0,0
Coffee,PROPN,5,0,1
tablet,NOUN,5,0,0
lean,VERB,5,0,0
score,NOUN,5,0,0
prefer,VERB,5,0,0
smile,VERB,5,0,0
youthful,ADJ,5,0,0
present,VERB,5,0,0
quack,VERB,5,0,0
frequent,VERB,5,0,0
ill,ADV,5,0,0
gather,VERB,5,0,0
forearm,NOUN,5,0,0
eh,INTJ,5,0,0
block,NOUN,5,0,0
tremendous,ADJ,5,0,0
pretty,ADV,5,0,0
explosion,NOUN,5,0,0
complete,VERB,5,0,0
factory,NOUN,5,0,0
cause,NOUN,5,0,0
smoke,VERB,5,0,0
compare,VERB,5,0,0
sign,NOUN,5,0,0
paint,VERB,5,0,0
temptation,NOUN,5,0,0
bang,VERB,5,0,0
spasm,NOUN,5,0,0
forbid,VERB,5,0,0
appoint,VERB,5,0,0
resist,VERB,5,0,0
preliminary,ADJ,5,0,0
lecture,NOUN,5,0,0
crack,VERB,5,0,0
blackness,NOUN,5,0,0
eyelid,NOUN,5,0,0
tin,NOUN,5,0,0
focus,VERB,5,0,0
civil,ADJ,5,0,0
feed,VERB,5,0,0
lavatory,NOUN,5,0,0
chessboard,NOUN,5,0,0
beating,NOUN,5,0,0
advantage,NOUN,5,0,0
motive,NOUN,5,0,0
minority,NOUN,5,0,0
portrait,NOUN,5,0,0
persuade,VERB,5,0,0
subtle,ADJ,5,0,0
grant,VERB,5,0,0
curiosity,NOUN,5,0,0
route,NOUN,5,0,0
ruin,NOUN,5,0,0
swing,NOUN,5,0,0
Lottery,PROPN,5,0,1
tired,ADJ,5,0,0
capitalism,NOUN,5,0,0
C,PROPN,5,0,1
jacket,NOUN,5,0,0
lump,NOUN,5,0,0
wild,ADJ,5,0,0
gateleg,NOUN,5,0,0
engraving,NOUN,5,0,0
candle,NOUN,5,0,0
further,ADJ,5,1,0
distant,ADJ,5,0,0
thigh,NOUN,5,0,0
star,VERB,5,0,0
hurt,VERB,5,0,0
wide,ADJ,5,0,0
move,NOUN,5,1,0
address,NOUN,5,0,0
flesh,NOUN,5,0,0
intermittently,ADV,5,0,0
astonish,VERB,5,0,0
grass,NOUN,5,0,0
lane,NOUN,5,0,0
bush,NOUN,5,0,0
prevail,VERB,5,0,0
opening,NOUN,5,0,0
anyway,ADV,5,1,0
hate,VERB,5,0,0
speed,NOUN,5,0,0
hence,ADV,5,1,0
communication,NOUN,5,0,0
off,ADV,5,1,0
pressure,NOUN,5,0,0
failure,NOUN,5,0,0
cheer,VERB,5,0,0
forehead,NOUN,5,0,0
fancy,NOUN,5,0,0
beforehand,ADV,5,1,0
bag,NOUN,5,0,0
sugar,NOUN,5,0,0
capture,VERB,5,0,0
flood,VERB,5,0,0
climb,VERB,5,0,0
brute,NOUN,5,0,0
sick,ADJ,5,0,0
nod,VERB,5,0,0
addition,NOUN,5,0,0
victim,NOUN,5,0,0
sake,NOUN,5,0,0
extinct,ADJ,5,0,0
opposition,NOUN,5,0,0
unimportant,ADJ,5,0,0
sane,ADJ,5,0,0
stroll,VERB,5,0,0
attempt,VERB,5,0,0
portion,NOUN,5,0,0
avert,VERB,5,0,0
hard,ADV,5,0,0
mistake,NOUN,5,0,0
ignore,VERB,5,0,0
task,NOUN,5,0,0
bald,ADJ,5,0,0
permanently,ADV,5,0,0
inhabitant,NOUN,5,0,0
dispute,VERB,5,0,0
roughly,ADV,5,0,0
science,NOUN,5,0,0
espionage,NOUN,5,0,0
technique,NOUN,5,0,0
conquest,NOUN,5,0,0
sign,VERB,5,0,0
ruler,NOUN,5,0,0
perpetuate,VERB,5,0,0
hereditary,ADJ,5,0,0
immortal,ADJ,5,0,0
thumb,NOUN,5,0,0
weak,ADJ,5,0,0
chinless,ADJ,5,0,0
chinless,NOUN,5,0,0
weight,NOUN,5,0,0
interrogation,NOUN,5,0,0
trouble,NOUN,5,0,0
Room,PROPN,5,0,1
knight,NOUN,5,0,0
formation,NOUN,5,0,0
inflect,VERB,5,0,0
publish,VERB,4,0,0
eighty,NUM,4,0,0
no,NOUN,4,1,0
rag,NOUN,4,0,0
flight,NOUN,4,0,0
oblong,ADJ,4,0,0
switch,NOUN,4,0,0
distinguishable,ADJ,4,0,0
frail,NOUN,4,0,0
plaster,VERB,4,0,0
command,VERB,4,0,0
Plan,PROPN,4,0,1
grimy,ADJ,4,0,0
landscape,NOUN,4,0,0
chief,ADJ,4,0,0
Airstrip,PROPN,4,0,1
cardboard,NOUN,4,0,0
sag,VERB,4,0,0
willow,NOUN,4,0,0
background,NOUN,4,0,0
concrete,NOUN,4,0,0
IGNORANCE,PROPN,4,0,1
scatter,VERB,4,0,0
entertainment,NOUN,4,0,0
maintain,VERB,4,0,0
successful,ADJ,4,0,0
town,NOUN,4,0,0
punish,VERB,4,0,0
forced,ADJ,4,0,0
archaic,ADJ,4,0,0
scratch,VERB,4,0,0
fetch,VERB,4,0,0
undertake,VERB,4,0,0
varicose,ADJ,4,0,0
tick,VERB,4,0,0
hall,NOUN,4,0,0
mechanical,ADJ,4,0,0
swift,ADJ,4,0,0
dislike,VERB,4,0,0
mindedness,NOUN,4,0,0
amateur,ADJ,4,0,0
remote,ADJ,4,0,0
brutal,ADJ,4,0,0
formidable,ADJ,4,0,0
secretly,ADV,4,0,0
cheat,VERB,4,0,0
mysteriously,ADV,4,0,0
purity,NOUN,4,0,0
deviation,NOUN,4,0,0
painful,ADJ,4,0,0
lean,ADJ,4,0,0
deliver,VERB,4,0,0
immediate,ADJ,4,0,0
Press,PROPN,4,0,1
orator,NOUN,4,0,0
soldier,NOUN,4,0,0
satisfy,VERB,4,0,0
terrifying,ADJ,4,0,0
automatically,ADV,4,0,0
constant,ADJ,4,0,0
saboteur,NOUN,4,0,0
State,PROPN,4,0,1
title,NOUN,4,0,0
frenzy,NOUN,4,0,0
chest,NOUN,4,0,0
dictionary,NOUN,4,0,0
voluntary,ADJ,4,0,0
nightmare,NOUN,4,0,0
flog,VERB,4,0,0
climax,NOUN,4,0,0
chastity,NOUN,4,0,0
sub,ADJ,4,0,0
hostile,ADJ,4,0,0
wisdom,NOUN,4,0,0
instinctive,ADJ,4,0,0
momentarily,ADV,4,0,0
contempt,NOUN,4,0,0
stomach,NOUN,4,0,0
awkward,ADJ,4,0,0
print,VERB,4,0,0
tempt,VERB,4,0,0
Thoughtcrime,PROPN,4,0,1
successfully,ADV,4,0,0
jerk,NOUN,4,0,0
hysteria,NOUN,4,0,0
ashamed,ADJ,4,0,0
knock,VERB,4,0,0
drum,NOUN,4,0,0
liable,ADJ,4,0,0
Tom,PROPN,4,0,1
cast,VERB,4,0,0
cough,VERB,4,0,0
active,ADJ,4,0,0
organize,VERB,4,0,0
pride,NOUN,4,0,0
wherever,SCONJ,4,1,0
charge,VERB,4,0,0
uneasy,ADJ,4,0,0
demeanour,NOUN,4,0,0
spin,VERB,4,0,0
catapult,NOUN,4,0,0
clip,VERB,4,0,0
Fortress,PROPN,4,0,1
symptom,NOUN,4,0,0
procession,NOUN,4,0,0
outward,NOUN,4,0,0
hero,NOUN,4,0,0
pitch,NOUN,4,0,0
casually,ADV,4,0,0
greatly,ADV,4,0,0
India,PROPN,4,0,1
invisible,ADJ,4,0,0
pursue,VERB,4,0,0
scribble,VERB,4,0,0
fourteen,NUM,4,0,0
solitude,NOUN,4,0,0
entail,VERB,4,0,0
appropriate,ADJ,4,0,0
tall,ADJ,4,0,0
feeble,ADJ,4,0,0
unavoidable,ADJ,4,0,0
unalterable,ADJ,4,0,0
ray,NOUN,4,0,0
rabbit,NOUN,4,0,0
splendid,ADJ,4,0,0
whistle,NOUN,4,0,0
suit,NOUN,4,0,0
fit,NOUN,4,0,0
thirty,NOUN,4,0,0
muscular,ADJ,4,0,0
outline,NOUN,4,0,0
raid,NOUN,4,0,0
clutch,VERB,4,0,0
whimpering,NOUN,4,0,0
dreamy,ADJ,4,0,0
blanket,NOUN,4,0,0
genuine,ADJ,4,0,0
alignment,NOUN,4,0,0
painfully,ADV,4,0,0
alterable,ADJ,4,0,0
logic,NOUN,4,0,0
ultimate,ADJ,4,0,0
unconsciousness,NOUN,4,0,0
pleasant,ADJ,4,0,0
car,NOUN,4,0,0
carriage,NOUN,4,0,0
socialism,NOUN,4,0,0
documentary,NOUN,4,0,0
ease,NOUN,4,0,0
cylinder,NOUN,4,0,0
document,NOUN,4,0,0
satisfaction,NOUN,4,0,0
February,PROPN,4,0,1
file,NOUN,4,0,0
pamphlet,NOUN,4,0,0
deed,NOUN,4,0,0
track,VERB,4,0,0
supersede,VERB,4,0,0
admission,NOUN,4,0,0
state,VERB,4,0,0
imply,VERB,4,0,0
statistic,NOUN,4,0,0
dark,ADV,4,0,0
quite,DET,4,1,0
next,ADV,4,1,0
surprising,ADJ,4,0,0
poem,NOUN,4,0,0
team,NOUN,4,0,0
store,VERB,4,0,0
direct,VERB,4,0,0
supply,VERB,4,0,0
information,NOUN,4,0,0
dictionary,PROPN,4,0,1
benefit,NOUN,4,0,0
routine,NOUN,4,0,0
depth,NOUN,4,0,0
non,ADJ,4,0,0
show,NOUN,4,1,0
openly,ADV,4,0,0
indicate,VERB,4,0,0
release,VERB,4,0,0
print,NOUN,4,0,0
etc,X,4,0,0
design,VERB,4,0,0
perish,VERB,4,0,0
metallic,ADJ,4,0,0
search,VERB,4,0,0
closely,ADV,4,0,0
pile,NOUN,4,0,0
swiftly,ADV,4,0,0
serve,VERB,4,0,0
neither,DET,4,1,0
quacking,NOUN,4,0,0
duck,NOUN,4,0,0
edition,NOUN,4,0,0
obsolete,ADJ,4,0,0
exact,ADJ,4,0,0
rigidly,ADV,4,0,0
mystical,ADJ,4,0,0
human,NOUN,4,0,0
check,VERB,4,0,0
eagerly,ADV,4,0,0
silly,ADJ,4,0,0
handle,NOUN,4,0,0
puddle,NOUN,4,0,0
Cafe,PROPN,4,0,1
purge,VERB,4,0,0
strip,NOUN,4,0,0
money,NOUN,4,0,0
funny,ADJ,4,0,0
boredom,NOUN,4,0,0
stream,VERB,4,0,0
furniture,NOUN,4,0,0
cooking,NOUN,4,0,0
streak,NOUN,4,0,0
sock,NOUN,4,0,0
underclothe,NOUN,4,0,0
tea,NOUN,4,0,0
ancestral,ADJ,4,0,0
ideal,NOUN,4,0,0
tinny,ADJ,4,0,0
silence,VERB,4,0,0
intensity,NOUN,4,0,0
backbone,NOUN,4,0,0
suggestion,NOUN,4,0,0
wrap,VERB,4,0,0
training,NOUN,4,0,0
railway,NOUN,4,0,0
guard,VERB,4,0,0
basement,NOUN,4,0,0
prostitute,NOUN,4,0,0
prostitution,NOUN,4,0,0
accuse,VERB,4,0,0
ideology,NOUN,4,0,0
exception,NOUN,4,0,0
absolutely,ADV,4,0,0
regularly,ADV,4,0,0
nostril,NOUN,4,0,0
virtue,NOUN,4,0,0
hurriedly,ADV,4,0,0
occasional,ADJ,4,0,0
o,NOUN,4,0,0
hum,VERB,4,0,0
last,ADV,4,1,0
doom,VERB,4,0,0
quarrel,NOUN,4,0,0
supply,NOUN,4,0,0
oppress,VERB,4,0,0
cattle,NOUN,4,0,0
gutter,NOUN,4,0,0
eliminate,VERB,4,0,0
primitive,ADJ,4,0,0
discontent,NOUN,4,0,0
miserable,ADJ,4,0,0
address,VERB,4,0,0
healthy,ADJ,4,0,0
whereas,SCONJ,4,1,0
expose,VERB,4,0,0
flee,VERB,4,0,0
cafe,NOUN,4,0,0
trickle,VERB,4,0,0
record,VERB,4,0,0
flatten,VERB,4,0,0
chance,VERB,4,0,0
discovery,NOUN,4,0,0
frighten,VERB,4,0,0
defend,VERB,4,0,0
miss,VERB,4,0,0
rash,ADJ,4,0,0
walk,NOUN,4,0,0
bother,VERB,4,0,0
palpable,ADJ,4,0,0
angry,ADJ,4,0,0
drinking,NOUN,4,0,0
argue,VERB,4,0,0
probable,ADJ,4,0,0
volume,NOUN,4,0,0
dart,NOUN,4,0,0
knot,NOUN,4,0,0
drink,NOUN,4,0,0
priest,NOUN,4,0,0
order,VERB,4,0,0
but,SCONJ,4,1,0
tolerant,ADJ,4,0,0
friendly,ADJ,4,0,0
gentle,ADJ,4,0,0
velvet,NOUN,4,0,0
dusty,ADJ,4,0,0
watch,NOUN,4,0,0
gleam,VERB,4,0,0
softly,ADV,4,0,0
magnify,VERB,4,0,0
upstairs,ADV,4,0,0
chimney,NOUN,4,0,0
carpet,NOUN,4,0,0
mantelpiece,NOUN,4,0,0
fender,NOUN,4,0,0
secure,ADJ,4,0,0
chopper,NOUN,4,0,0
chop,VERB,4,0,0
determine,VERB,4,0,0
propaganda,NOUN,4,0,0
blind,ADJ,4,0,0
desperate,ADJ,4,0,0
regain,VERB,4,0,0
acquire,VERB,4,0,0
fear,VERB,4,0,0
doubt,ADV,4,0,0
luck,NOUN,4,0,0
soul,NOUN,4,0,0
taking,NOUN,4,0,0
solve,VERB,4,0,0
faced,ADJ,4,0,0
crash,NOUN,4,0,0
attach,VERB,4,0,0
southward,ADV,4,0,0
shabby,ADJ,4,0,0
warmth,NOUN,4,0,0
journey,NOUN,4,0,0
lock,VERB,4,0,0
flower,NOUN,4,0,0
guilt,NOUN,4,0,0
broad,ADJ,4,0,0
open,NOUN,4,0,0
swine,NOUN,4,0,0
glad,ADJ,4,0,0
thrush,NOUN,4,0,0
wing,NOUN,4,0,0
reverence,NOUN,4,0,0
intently,ADV,4,0,0
denial,NOUN,4,0,0
sleepy,ADJ,4,0,0
bye,INTJ,4,0,0
vary,VERB,4,0,0
jam,NOUN,4,0,0
frequently,ADV,4,0,0
character,NOUN,4,0,0
infallible,ADJ,4,0,0
device,NOUN,4,0,0
unquestionably,ADV,4,0,0
heat,NOUN,4,0,0
root,NOUN,4,0,0
sorry,ADJ,4,0,0
pan,NOUN,4,0,0
washtub,NOUN,4,0,0
steal,VERB,4,0,0
eart,NOUN,4,0,0
necessity,NOUN,4,0,0
sye,VERB,4,0,0
peaceful,ADJ,4,0,0
wainscoting,NOUN,4,0,0
limb,NOUN,4,0,0
comfortable,ADJ,4,0,0
paradise,NOUN,4,0,0
opportunity,NOUN,4,0,0
indefinitely,ADV,4,0,0
unconquerable,ADJ,4,0,0
help,NOUN,4,0,0
independent,ADJ,4,0,0
dimly,ADV,4,0,0
objective,ADJ,4,0,0
recover,VERB,4,0,0
tend,VERB,4,0,0
gas,NOUN,4,0,0
anxious,ADJ,4,0,0
innocent,ADJ,4,0,0
torture,VERB,4,0,0
uniformed,ADJ,4,0,0
decanter,NOUN,4,0,0
personal,ADJ,4,0,0
weakness,NOUN,4,0,0
grip,VERB,4,0,0
tap,VERB,4,0,0
accomplish,VERB,4,0,0
irregular,ADJ,4,0,0
ignorance,NOUN,4,0,0
III,PROPN,4,0,1
comprise,VERB,4,0,0
island,NOUN,4,0,0
highly,ADV,4,0,0
wag,VERB,4,0,0
conqueror,NOUN,4,0,0
industrial,ADJ,4,0,0
develop,VERB,4,0,0
inequality,NOUN,4,0,0
luxury,NOUN,4,0,0
inflict,VERB,4,0,0
social,ADJ,4,0,0
temple,NOUN,4,0,0
morale,NOUN,4,0,0
achievement,NOUN,4,0,0
gain,VERB,4,0,0
undesirable,ADJ,4,0,0
blissful,ADJ,4,0,0
arise,VERB,4,0,0
intelligible,ADJ,4,0,0
property,NOUN,4,0,0
proletarian,NOUN,4,0,0
choice,NOUN,4,0,0
stage,NOUN,4,0,0
cowardly,ADV,4,0,0
russian,ADJ,4,0,0
snap,VERB,4,0,0
fist,NOUN,4,0,0
revive,VERB,4,0,0
shrink,VERB,4,0,0
chap,NOUN,4,0,0
plank,NOUN,4,0,0
questioner,NOUN,4,0,0
weep,VERB,4,0,0
collective,ADJ,4,0,0
scalp,NOUN,4,0,0
grammatical,ADJ,4,0,0
secondary,ADJ,4,0,0
newspeak,ADJ,4,0,0
god,NOUN,4,0,0
EQUAL,PROPN,4,0,1
PART,PROPN,3,1,1
chin,NOUN,3,0,0
gritty,ADJ,3,0,0
display,NOUN,3,0,0
pane,NOUN,3,0,0
whirl,VERB,3,0,0
shin,VERB,3,0,0
blue,NOUN,3,0,0
deep,ADV,3,0,0
dart,VERB,3,0,0
Ninth,PROPN,3,0,1
transmit,VERB,3,0,0
whisper,NOUN,3,0,0
plug,VERB,3,0,0
instinct,ADJ,3,0,0
away,ADP,3,0,0
tower,VERB,3,0,0
rot,VERB,3,0,0
bomb,VERB,3,0,0
straggle,VERB,3,0,0
heap,NOUN,3,0,0
sordid,VERB,3,0,0
dwelling,NOUN,3,0,0
unintelligible,ADJ,3,0,0
pyramidal,NOUN,3,0,0
STRENGTH,PROPN,3,0,1
size,NOUN,3,0,0
penetrate,VERB,3,0,0
nest,NOUN,3,0,0
arm,VERB,3,0,0
hunk,NOUN,3,0,0
sickly,ADJ,3,0,0
oily,ADJ,3,0,0
rubber,NOUN,3,0,0
cheerful,ADJ,3,0,0
upright,ADJ,3,0,0
left,NOUN,3,0,0
penholder,NOUN,3,0,0
sized,ADJ,3,0,0
alcove,NOUN,3,0,0
creamy,ADJ,3,0,0
strictly,ADV,3,0,0
shoelace,NOUN,3,0,0
guiltily,ADV,3,0,0
illegal,ADJ,3,0,0
reasonably,ADV,3,0,0
furtively,ADV,3,0,0
dictate,VERB,3,0,0
bowel,NOUN,3,0,0
clumsy,ADJ,3,0,0
descend,VERB,3,0,0
communicate,VERB,3,0,0
meaningless,ADJ,3,0,0
strident,ADJ,3,0,0
originally,ADV,3,0,0
restless,ADJ,3,0,0
unbearably,ADV,3,0,0
inflame,VERB,3,0,0
shot,NOUN,3,0,0
plant,VERB,3,0,0
kid,NOUN,3,0,0
reaction,NOUN,3,0,0
unexpectedly,ADV,3,0,0
freckled,ADJ,3,0,0
hockey,NOUN,3,0,0
pretty,ADJ,3,0,0
sidelong,ADJ,3,0,0
uneasiness,NOUN,3,0,0
offer,VERB,3,0,0
snuffbox,NOUN,3,0,0
solely,ADV,3,0,0
verify,VERB,3,0,0
hideous,ADJ,3,0,0
Emmanuel,PROPN,3,0,1
revolutionary,ADJ,3,0,0
condemn,VERB,3,0,0
protection,NOUN,3,0,0
clever,ADJ,3,0,0
quality,NOUN,3,0,0
dictatorship,NOUN,3,0,0
lest,ADP,3,0,0
swam,VERB,3,0,0
rhythmic,ADJ,3,0,0
platform,NOUN,3,0,0
conspirator,NOUN,3,0,0
circulate,VERB,3,0,0
neither,CCONJ,3,1,0
pink,NOUN,3,0,0
quiver,VERB,3,0,0
heel,NOUN,3,0,0
protector,NOUN,3,0,0
rock,NOUN,3,0,0
pillow,NOUN,3,0,0
tie,VERB,3,0,0
stake,NOUN,3,0,0
encircle,VERB,3,0,0
machine,ADJ,3,0,0
roaring,NOUN,3,0,0
sigh,NOUN,3,0,0
individually,ADV,3,0,0
restore,VERB,3,0,0
confidence,NOUN,3,0,0
bold,ADJ,3,0,0
murmur,NOUN,3,0,0
pause,NOUN,3,0,0
savage,ADJ,3,0,0
hypnosis,NOUN,3,0,0
delirium,NOUN,3,0,0
chant,VERB,3,0,0
conceivably,ADV,3,0,0
significant,ADJ,3,0,0
inscrutable,ADJ,3,0,0
uncertain,ADJ,3,0,0
fleeting,ADJ,3,0,0
lavatory,ADJ,3,0,0
rouse,VERB,3,0,0
helplessly,ADV,3,0,0
twinge,NOUN,3,0,0
absurd,ADJ,3,0,0
dodge,VERB,3,0,0
wet,ADJ,3,0,0
wispy,NOUN,3,0,0
sink,NOUN,3,0,0
neighbour,NOUN,3,0,0
crease,NOUN,3,0,0
daily,ADJ,3,0,0
thereabout,NOUN,3,0,0
snow,NOUN,3,0,0
steam,NOUN,3,0,0
dog,NOUN,3,0,0
comb,NOUN,3,0,0
paralyse,VERB,3,0,0
employ,VERB,3,0,0
Committee,PROPN,3,0,1
spontaneous,ADJ,3,0,0
criminal,ADJ,3,0,0
calculate,VERB,3,0,0
busy,ADJ,3,0,0
Park,PROPN,3,0,1
armament,NOUN,3,0,0
rifle,NOUN,3,0,0
quietly,ADV,3,0,0
identify,VERB,3,0,0
dark,NOUN,3,0,0
affection,NOUN,3,0,0
Malabar,PROPN,3,0,1
South,PROPN,3,0,1
belch,VERB,3,0,0
crash,VERB,3,0,0
mutability,NOUN,3,0,0
unimaginable,ADJ,3,0,0
dominion,NOUN,3,0,0
escape,NOUN,3,0,0
grim,ADJ,3,0,0
trace,NOUN,3,0,0
formulate,VERB,3,0,0
identifiable,ADJ,3,0,0
grain,NOUN,3,0,0
valuable,ADJ,3,0,0
tragic,ADJ,3,0,0
pasture,NOUN,3,0,0
elm,NOUN,3,0,0
breeze,NOUN,3,0,0
dense,ADJ,3,0,0
dace,NOUN,3,0,0
overwhelm,VERB,3,0,0
office,NOUN,3,0,0
double,VERB,3,0,0
empty,VERB,3,0,0
vein,NOUN,3,0,0
forty,NOUN,3,0,0
rap,VERB,3,0,0
backward,ADV,3,0,0
recapture,VERB,3,0,0
bundle,NOUN,3,0,0
well,VERB,3,0,0
bugger,NOUN,3,0,0
trace,VERB,3,0,0
agreement,NOUN,3,0,0
tale,NOUN,3,0,0
bark,VERB,3,0,0
instructress,NOUN,3,0,0
labyrinthine,ADJ,3,0,0
consciously,ADV,3,0,0
perform,VERB,3,0,0
fabulous,ADJ,3,0,0
knowing,NOUN,3,0,0
current,ADJ,3,0,0
remarkable,ADJ,3,0,0
front,ADJ,3,1,0
fit,ADJ,3,0,0
flop,VERB,3,0,0
reach,NOUN,3,0,0
slit,NOUN,3,0,0
nickname,VERB,3,0,0
abbreviate,VERB,3,0,0
internal,ADJ,3,0,0
ref,NOUN,3,0,0
fullwise,NOUN,3,0,0
fourth,ADJ,3,0,0
intricate,ADJ,3,0,0
routine,ADJ,3,0,0
previous,ADJ,3,0,0
predict,VERB,3,0,0
shortly,ADV,3,0,0
North,PROPN,3,0,1
sixth,ADJ,3,0,0
promise,NOUN,3,0,0
devour,VERB,3,0,0
cartoon,NOUN,3,0,0
mistaken,ADJ,3,0,0
contradict,VERB,3,0,0
instruction,NOUN,3,0,0
fantasy,NOUN,3,0,0
windowless,ADJ,3,0,0
definitive,ADJ,3,0,0
ideologically,ADV,3,0,0
above,ADV,3,1,0
policy,NOUN,3,0,0
operation,NOUN,3,0,0
drama,NOUN,3,0,0
ooze,VERB,3,0,0
kaleidoscope,NOUN,3,0,0
Pornosec,PROPN,3,0,1
dispose,VERB,3,0,0
interrupt,VERB,3,0,0
render,VERB,3,0,0
existent,ADJ,3,0,0
authority,NOUN,3,0,0
Fortresses,PROPN,3,0,1
Withers,PROPN,3,0,1
prominent,ADJ,3,0,0
oftener,NOUN,3,0,0
clue,NOUN,3,0,0
gently,ADV,3,0,0
tricky,ADJ,3,0,0
rival,ADJ,3,0,0
motion,NOUN,3,0,0
cross,NOUN,3,0,0
wither,NOUN,3,0,0
suspect,VERB,3,0,0
mechanic,NOUN,3,0,0
implicate,VERB,3,0,0
unconnected,ADJ,3,0,0
recently,ADV,3,0,0
heroic,ADJ,3,0,0
devote,VERB,3,0,0
model,NOUN,3,0,0
plane,NOUN,3,0,0
Indian,PROPN,3,0,1
Ocean,PROPN,3,0,1
leapt,VERB,3,0,0
contemplate,VERB,3,0,0
recreation,NOUN,3,0,0
ceilinge,VERB,3,0,0
underground,ADV,3,0,0
Gin,PROPN,3,0,1
specialist,NOUN,3,0,0
dump,VERB,3,0,0
pannikin,NOUN,3,0,0
grey,NOUN,3,0,0
cheese,NOUN,3,0,0
china,PROPN,3,0,1
thread,VERB,3,0,0
brighten,VERB,3,0,0
notion,NOUN,3,0,0
lack,NOUN,3,0,0
narrow,VERB,3,0,0
subsidiary,NOUN,3,0,0
excuse,NOUN,3,0,0
climate,NOUN,3,0,0
Orthodoxy,PROPN,3,0,1
atrocity,NOUN,3,0,0
eyeless,ADJ,3,0,0
spoon,NOUN,3,0,0
abuse,NOUN,3,0,0
lack,VERB,3,0,0
discredit,VERB,3,0,0
fund,NOUN,3,0,0
outfit,NOUN,3,0,0
flag,NOUN,3,0,0
promise,VERB,3,0,0
nipper,NOUN,3,0,0
aim,VERB,3,0,0
abstractedly,ADV,3,0,0
leadership,NOUN,3,0,0
thank,VERB,3,0,0
crack,NOUN,3,0,0
composite,ADJ,3,0,0
synthetic,ADJ,3,0,0
side,VERB,3,1,0
temporarily,ADV,3,0,0
loud,ADJ,3,0,0
pang,NOUN,3,0,0
loudly,ADV,3,0,0
offence,NOUN,3,0,0
badly,ADV,3,0,0
keyhole,NOUN,3,0,0
twice,ADV,3,0,0
paint,NOUN,3,0,0
torment,VERB,3,0,0
contort,VERB,3,0,0
inextricably,ADV,3,0,0
tacitly,ADV,3,0,0
submerge,VERB,3,0,0
attract,VERB,3,0,0
beget,VERB,3,0,0
intercourse,NOUN,3,0,0
minor,ADJ,3,0,0
artificial,ADJ,3,0,0
married,ADJ,3,0,0
embrace,VERB,3,0,0
sigh,VERB,3,0,0
lamplight,NOUN,3,0,0
unthinkable,ADJ,3,0,0
alike,ADV,3,0,0
properly,ADV,3,0,0
despair,NOUN,3,0,0
round,ADP,3,0,0
outburst,NOUN,3,0,0
hideously,ADV,3,0,0
coal,NOUN,3,0,0
plain,NOUN,3,0,0
petty,ADJ,3,0,0
notice,NOUN,3,0,0
amount,NOUN,3,1,0
unpunished,ADJ,3,0,0
religious,ADJ,3,0,0
suspicion,NOUN,3,0,0
under,ADV,3,1,0
cruel,ADJ,3,0,0
wicked,ADJ,3,0,0
shape,VERB,3,0,0
stock,NOUN,3,0,0
modern,ADJ,3,0,0
cruelty,NOUN,3,0,0
neutral,ADJ,3,0,0
nation,NOUN,3,0,0
fanatic,NOUN,3,0,0
shuffle,VERB,3,0,0
ruinous,ADJ,3,0,0
educate,VERB,3,0,0
literate,ADJ,3,0,0
relevant,ADJ,3,0,0
incriminate,VERB,3,0,0
murder,NOUN,3,0,0
neighbourhood,NOUN,3,0,0
clove,NOUN,3,0,0
speciality,NOUN,3,0,0
seam,VERB,3,0,0
chestnut,NOUN,3,0,0
shudder,VERB,3,0,0
both,CCONJ,3,1,0
New,PROPN,3,0,1
York,PROPN,3,0,1
concrete,ADJ,3,0,0
sheet,NOUN,3,0,0
pad,NOUN,3,0,0
accident,NOUN,3,0,0
WHY,PROPN,3,1,1
trouble,VERB,3,0,0
inevitable,ADJ,3,0,0
experience,NOUN,3,0,0
gravity,NOUN,3,0,0
controllable,ADJ,3,0,0
association,NOUN,3,0,0
plus,CCONJ,3,0,0
eccentricity,NOUN,3,0,0
absurdity,NOUN,3,0,0
eye,VERB,3,0,0
brick,NOUN,3,0,0
apron,NOUN,3,0,0
unfamiliar,ADJ,3,0,0
warn,VERB,3,0,0
grab,VERB,3,0,0
travel,VERB,3,0,0
sever,VERB,3,0,0
customer,NOUN,3,0,0
bleed,VERB,3,0,0
absence,NOUN,3,0,0
turning,NOUN,3,0,0
alf,NOUN,3,0,0
price,NOUN,3,0,0
surprisingly,ADV,3,0,0
daughter,NOUN,3,0,0
lackey,NOUN,3,0,0
recollect,VERB,3,0,0
bloke,NOUN,3,0,0
quote,VERB,3,0,0
fashion,NOUN,3,0,0
extra,ADJ,3,0,0
unanswerable,ADJ,3,0,0
seventy,NUM,3,0,0
ball,NOUN,3,0,0
swear,VERB,3,0,0
literary,ADJ,3,0,0
accent,NOUN,3,0,0
value,NOUN,3,0,0
odd,NOUN,3,0,0
rose,NOUN,3,0,0
fascinated,ADJ,3,0,0
coral,NOUN,3,0,0
that,ADV,3,1,0
embed,VERB,3,0,0
fortunately,ADV,3,0,0
fireplace,NOUN,3,0,0
occupy,VERB,3,0,0
mahogany,NOUN,3,0,0
high,ADV,3,0,0
rent,VERB,3,0,0
rear,NOUN,3,0,0
Danes,PROPN,3,0,1
Ages,PROPN,3,0,1
inscription,NOUN,3,0,0
us,NOUN,3,0,0
Square,PROPN,3,0,1
pillar,NOUN,3,0,0
scale,NOUN,3,0,0
waxwork,NOUN,3,0,0
hearing,NOUN,3,0,0
shirk,VERB,3,0,0
exaltation,NOUN,3,0,0
spy,VERB,3,0,0
ache,NOUN,3,0,0
cobblestone,NOUN,3,0,0
success,NOUN,3,0,0
undoubtedly,ADV,3,0,0
disappearance,NOUN,3,0,0
poison,NOUN,3,0,0
astonishment,NOUN,3,0,0
seemingly,ADV,3,0,0
grovel,VERB,3,0,0
telescreen,ADJ,3,0,0
calm,ADJ,3,0,0
short,ADV,3,0,0
threat,NOUN,3,0,0
trap,NOUN,3,0,0
tremble,VERB,3,0,0
writhe,VERB,3,0,0
whichever,DET,3,0,0
comparatively,ADV,3,0,0
pretext,NOUN,3,0,0
contrive,VERB,3,0,0
stretch,NOUN,3,0,0
enquiry,NOUN,3,0,0
reappear,VERB,3,0,0
secure,VERB,3,0,0
invite,VERB,3,0,0
soup,NOUN,3,0,0
eighteen,NUM,3,0,0
monument,NOUN,3,0,0
Church,PROPN,3,0,1
shouting,NOUN,3,0,0
vehicle,NOUN,3,0,0
nip,VERB,3,0,0
upright,ADV,3,0,0
squat,VERB,3,0,0
precision,NOUN,3,0,0
scrubby,NOUN,3,0,0
palm,NOUN,3,0,0
May,PROPN,3,1,1
mood,NOUN,3,0,0
bunch,NOUN,3,0,0
sunshine,NOUN,3,0,0
sapling,NOUN,3,0,0
hide,NOUN,3,0,0
rip,VERB,3,0,0
revolt,NOUN,3,0,0
undergo,VERB,3,0,0
startling,ADJ,3,0,0
yield,VERB,3,0,0
infect,VERB,3,0,0
suit,VERB,3,0,0
slow,VERB,3,0,0
practical,ADJ,3,0,0
search,NOUN,3,0,0
master,VERB,3,0,0
intermittent,ADJ,3,0,0
screw,VERB,3,0,0
pigeon,NOUN,3,0,0
hostel,NOUN,3,0,0
machinery,NOUN,3,0,0
up,NOUN,3,1,0
grandfather,NOUN,3,0,0
mark,NOUN,3,0,0
filth,NOUN,3,0,0
handle,VERB,3,0,0
rob,VERB,3,0,0
crude,ADJ,3,0,0
daydream,NOUN,3,0,0
hypocrite,NOUN,3,0,0
marching,NOUN,3,0,0
excited,ADJ,3,0,0
wrong,NOUN,3,0,0
tuft,NOUN,3,0,0
cliff,NOUN,3,0,0
apparently,ADV,3,0,0
tickle,VERB,3,0,0
skeleton,NOUN,3,0,0
plan,VERB,3,0,0
bolster,NOUN,3,0,0
visit,NOUN,3,0,0
oilstove,NOUN,3,0,0
folly,ADJ,3,0,0
courtesy,NOUN,3,0,0
June,PROPN,3,0,1
sack,VERB,3,0,0
strap,VERB,3,0,0
fro,NOUN,3,0,0
peg,VERB,3,0,0
diaper,NOUN,3,0,0
peg,NOUN,3,0,0
haunt,VERB,3,0,0
flagstone,NOUN,3,0,0
standing,NOUN,3,0,0
lunacy,NOUN,3,0,0
precede,VERB,3,0,0
tool,NOUN,3,0,0
tumble,VERB,3,0,0
proud,ADJ,3,0,0
sniff,VERB,3,0,0
starvation,NOUN,3,0,0
set,NOUN,3,0,0
stain,NOUN,3,0,0
unendurable,ADJ,3,0,0
deception,NOUN,3,0,0
Old,PROPN,3,0,1
dig,VERB,3,0,0
fruit,NOUN,3,0,0
late,ADV,3,0,0
midnight,NOUN,3,0,0
horn,NOUN,3,0,0
safety,NOUN,3,0,0
plan,NOUN,3,0,0
intention,NOUN,3,0,0
imagination,NOUN,3,0,0
startle,VERB,3,0,0
construction,NOUN,3,0,0
tenth,ADJ,3,0,0
involuntary,ADJ,3,0,0
luminous,ADJ,3,0,0
rib,NOUN,3,0,0
potato,NOUN,3,0,0
fierce,ADJ,3,0,0
sticky,ADJ,3,0,0
grip,NOUN,3,0,0
loyal,ADJ,3,0,0
doubt,VERB,3,0,0
content,NOUN,3,0,0
wine,NOUN,3,0,0
separately,ADV,3,0,0
venereal,ADJ,3,0,0
scar,NOUN,3,0,0
strategy,NOUN,3,0,0
irony,NOUN,3,0,0
sustain,VERB,3,0,0
humanity,NOUN,3,0,0
strap,NOUN,3,0,0
fret,VERB,3,0,0
ninety,NUM,3,0,0
convince,VERB,3,0,0
ally,NOUN,3,0,0
central,ADJ,3,0,0
lock,NOUN,3,0,0
uncontrollably,ADV,3,0,0
purely,ADV,3,0,0
stroke,NOUN,3,0,0
mighty,ADJ,3,0,0
Neolithic,PROPN,3,0,1
Age,PROPN,3,0,1
relative,ADJ,3,0,0
splitting,NOUN,3,0,0
Europe,PROPN,3,0,1
British,PROPN,3,0,1
northern,ADJ,3,0,0
China,PROPN,3,0,1
combination,NOUN,3,0,0
limited,ADJ,3,0,0
conduct,NOUN,3,0,0
universal,ADJ,3,0,0
slaughter,NOUN,3,0,0
train,VERB,3,0,0
strategic,ADJ,3,0,0
labour,ADJ,3,0,0
expend,VERB,3,0,0
basin,NOUN,3,0,0
essentially,ADV,3,0,0
surplus,NOUN,3,0,0
efficient,ADJ,3,0,0
empirical,ADJ,3,0,0
threaten,VERB,3,0,0
necessarily,ADV,3,0,0
convenient,ADJ,3,0,0
quantity,NOUN,3,0,0
useful,ADJ,3,0,0
tolerate,VERB,3,0,0
research,NOUN,3,0,0
subject,ADJ,3,0,0
concerned,ADJ,3,0,0
devise,VERB,3,0,0
submarine,NOUN,3,0,0
Oceanic,PROPN,3,0,1
support,VERB,3,0,0
prop,VERB,3,0,0
inimical,ADJ,3,0,0
accurate,ADJ,3,0,0
practise,VERB,3,0,0
minimum,NOUN,3,0,0
limit,VERB,3,0,0
stove,NOUN,3,0,0
justice,NOUN,3,0,0
tyranny,NOUN,3,0,0
imprisonment,NOUN,3,0,0
totalitarian,NOUN,3,0,0
aristocracy,NOUN,3,0,0
technician,NOUN,3,0,0
teacher,NOUN,3,0,0
obedience,NOUN,3,0,0
safeguard,VERB,3,0,0
oligarchy,NOUN,3,0,0
socialist,ADJ,3,0,0
revolt,VERB,3,0,0
punishment,NOUN,3,0,0
logical,ADJ,3,0,0
omnipotent,ADJ,3,0,0
frankly,ADV,3,0,0
exercise,VERB,3,0,0
distinguishing,NOUN,3,0,0
Socialism,PROPN,3,0,1
protrude,VERB,3,0,0
clang,NOUN,3,0,0
agonizing,ADJ,3,0,0
recognizable,ADJ,3,0,0
lavatory,PROPN,3,0,1
surrounding,NOUN,3,0,0
clang,VERB,3,0,0
God,PROPN,3,0,1
rod,NOUN,3,0,0
joy,NOUN,3,0,0
english,ADJ,3,0,0
emaciation,NOUN,3,0,0
unsteadily,ADV,3,0,0
deceive,VERB,3,0,0
feebly,ADV,3,0,0
humiliate,VERB,3,0,0
worn,ADJ,3,0,0
thoughtfully,ADV,3,0,0
cure,VERB,3,0,0
stern,ADJ,3,0,0
submission,NOUN,3,0,0
bond,NOUN,3,0,0
persecution,NOUN,3,0,0
inquisition,NOUN,3,0,0
degradation,NOUN,3,0,0
surrender,VERB,3,0,0
seek,VERB,3,0,0
utter,ADJ,3,0,0
Nature,PROPN,3,0,1
fallacy,NOUN,3,0,0
solipsism,NOUN,3,0,0
ugliness,NOUN,3,0,0
stool,NOUN,3,0,0
check,NOUN,3,0,0
intellectually,ADV,3,0,0
dislike,NOUN,3,0,0
is,ADV,3,1,0
compound,NOUN,3,0,0
grammar,NOUN,3,0,0
verb,PROPN,3,0,1
adjective,ADJ,3,0,0
THINK,PROPN,3,0,1
preterite,NOUN,3,0,0
participle,NOUN,3,0,0
abbreviation,NOUN,3,0,0
CRIMETHINK,PROPN,3,0,1
MINIPAX,PROPN,3,0,1
OLDTHINK,PROPN,3,0,1
COMINTERN,PROPN,3,0,1
Project,PROPN,2,0,1
Gutenberg,PROPN,2,0,1
Australia,PROPN,2,0,1
author,NOUN,2,0,0
George,PROPN,2,0,1
Orwell,PROPN,2,0,1
eBook,PROPN,2,0,1
post,VERB,2,0,0
August,PROPN,2,0,1
vile,ADJ,2,0,0
swirl,NOUN,2,0,0
mat,NOUN,2,0,0
coloured,ADJ,2,0,0
handsome,ADJ,2,0,0
landing,NOUN,2,0,0
pig,NOUN,2,0,0
plaque,NOUN,2,0,0
dim,VERB,2,0,0
roughen,VERB,2,0,0
coarse,NOUN,2,0,0
blunt,ADJ,2,0,0
winter,NOUN,2,0,0
flap,VERB,2,0,0
fitfully,ADV,2,0,0
alternately,ADV,2,0,0
curve,VERB,2,0,0
guesswork,NOUN,2,0,0
scrutinize,VERB,2,0,0
reveal,VERB,2,0,0
province,NOUN,2,0,0
patch,VERB,2,0,0
rubble,NOUN,2,0,0
clear,VERB,2,0,0
colony,NOUN,2,0,0
Minitrue,PROPN,2,0,1
terrace,NOUN,2,0,0
lettering,NOUN,2,0,0
correspond,VERB,2,0,0
ramification,NOUN,2,0,0
architecture,NOUN,2,0,0
apparatus,NOUN,2,0,0
education,NOUN,2,0,0
responsible,ADJ,2,0,0
roam,VERB,2,0,0
jointed,ADJ,2,0,0
colourless,ADJ,2,0,0
liquid,NOUN,2,0,0
chinese,ADJ,2,0,0
nerve,VERB,2,0,0
gulp,VERB,2,0,0
acid,NOUN,2,0,0
crumple,VERB,2,0,0
whereupon,SCONJ,2,1,0
marbled,ADJ,2,0,0
stricken,VERB,2,0,0
compromising,ADJ,2,0,0
nib,NOUN,2,0,0
suck,VERB,2,0,0
dip,VERB,2,0,0
tremor,NOUN,2,0,0
pin,VERB,2,0,0
stupidly,ADV,2,0,0
paper,VERB,2,0,0
monologue,NOUN,2,0,0
itching,NOUN,2,0,0
imperfectly,ADV,2,0,0
childish,ADJ,2,0,0
stop,NOUN,2,0,0
flick,NOUN,2,0,0
refugee,NOUN,2,0,0
Mediterranean,PROPN,2,0,1
burrow,VERB,2,0,0
comfort,VERB,2,0,0
kilo,NOUN,2,0,0
terrific,ADJ,2,0,0
boat,NOUN,2,0,0
camera,NOUN,2,0,0
typical,ADJ,2,0,0
clean,NOUN,2,0,0
adherent,NOUN,2,0,0
unorthodoxy,NOUN,2,0,0
unlikely,ADJ,2,0,0
hostility,NOUN,2,0,0
disarm,VERB,2,0,0
civilized,ADJ,2,0,0
fighter,NOUN,2,0,0
physique,NOUN,2,0,0
unorthodoxy,ADJ,2,0,0
guess,NOUN,2,0,0
grind,VERB,2,0,0
bristle,VERB,2,0,0
hiss,NOUN,2,0,0
squeak,NOUN,2,0,0
mingle,VERB,2,0,0
disgust,NOUN,2,0,0
principal,ADJ,2,0,0
teaching,NOUN,2,0,0
mixture,NOUN,2,0,0
jewish,ADJ,2,0,0
beard,NOUN,2,0,0
despicable,ADJ,2,0,0
senile,ADJ,2,0,0
perch,VERB,2,0,0
exaggerated,ADJ,2,0,0
conclusion,NOUN,2,0,0
advocate,VERB,2,0,0
habitual,ADJ,2,0,0
asiatic,ADJ,2,0,0
proceed,VERB,2,0,0
anger,NOUN,2,0,0
ridicule,VERB,2,0,0
influence,NOUN,2,0,0
shadowy,ADJ,2,0,0
dedicate,VERB,2,0,0
overthrow,NOUN,2,0,0
madden,VERB,2,0,0
fish,NOUN,2,0,0
pretence,NOUN,2,0,0
hammer,NOUN,2,0,0
abstract,ADJ,2,0,0
invincible,ADJ,2,0,0
horde,NOUN,2,0,0
Asia,PROPN,2,0,1
Saint,PROPN,2,0,1
supple,ADJ,2,0,0
advance,VERB,2,0,0
flinch,VERB,2,0,0
encouragement,NOUN,2,0,0
haire,VERB,2,0,0
stamp,NOUN,2,0,0
tom,NOUN,2,0,0
snatch,NOUN,2,0,0
inconceivably,ADV,2,0,0
equivocal,ADJ,2,0,0
loneliness,NOUN,2,0,0
straighter,ADV,2,0,0
BROTHER,PROPN,2,0,1
refrain,VERB,2,0,0
rough,ADJ,2,0,0
glare,VERB,2,0,0
register,NOUN,2,0,0
ll,AUX,2,0,0
knocking,NOUN,2,0,0
futile,ADJ,2,0,0
whoever,PRON,2,1,0
thump,VERB,2,0,0
heavily,ADV,2,0,0
lined,ADJ,2,0,0
whine,VERB,2,0,0
sort,ADV,2,0,0
repair,NOUN,2,0,0
mending,NOUN,2,0,0
battered,ADJ,2,0,0
visit,VERB,2,0,0
burst,ADJ,2,0,0
football,NOUN,2,0,0
litter,NOUN,2,0,0
sniff,NOUN,2,0,0
toilet,NOUN,2,0,0
fellow,NOUN,2,0,0
devoted,ADJ,2,0,0
stability,NOUN,2,0,0
unwillingly,ADV,2,0,0
graduate,VERB,2,0,0
saving,NOUN,2,0,0
campaign,NOUN,2,0,0
whiff,NOUN,2,0,0
testimony,NOUN,2,0,0
strenuousness,NOUN,2,0,0
fiddle,VERB,2,0,0
nut,NOUN,2,0,0
disgustedly,ADV,2,0,0
clot,NOUN,2,0,0
clean,VERB,2,0,0
menace,VERB,2,0,0
pistol,NOUN,2,0,0
neckerchief,NOUN,2,0,0
imitate,VERB,2,0,0
ferocity,NOUN,2,0,0
clamour,VERB,2,0,0
son,NOUN,2,0,0
Floating,PROPN,2,0,1
anchor,VERB,2,0,0
wretched,ADJ,2,0,0
savage,NOUN,2,0,0
adore,VERB,2,0,0
paragraph,NOUN,2,0,0
stagnant,ADJ,2,0,0
reporting,NOUN,2,0,0
measurable,ADJ,2,0,0
annihilation,NOUN,2,0,0
tis,NOUN,2,0,0
thee,NOUN,2,0,0
explode,VERB,2,0,0
newspeak,NOUN,2,0,0
envelop,VERB,2,0,0
fortress,NOUN,2,0,0
quail,VERB,2,0,0
anonymous,ADJ,2,0,0
ghost,NOUN,2,0,0
obscure,ADJ,2,0,0
continuity,NOUN,2,0,0
uniformity,NOUN,2,0,0
hint,NOUN,2,0,0
bathroom,NOUN,2,0,0
scrub,VERB,2,0,0
rasp,VERB,2,0,0
whitish,ADJ,2,0,0
statuesque,ADJ,2,0,0
magnificent,ADJ,2,0,0
watchful,ADJ,2,0,0
downwards,ADV,2,0,0
saloon,NOUN,2,0,0
scenery,NOUN,2,0,0
privacy,NOUN,2,0,0
selfish,ADJ,2,0,0
return,NOUN,2,0,0
dignity,NOUN,2,0,0
sorrow,NOUN,2,0,0
turf,NOUN,2,0,0
gild,VERB,2,0,0
wandering,NOUN,2,0,0
molehill,NOUN,2,0,0
hedge,NOUN,2,0,0
sway,VERB,2,0,0
arouse,VERB,2,0,0
admiration,NOUN,2,0,0
grace,NOUN,2,0,0
nothingness,NOUN,2,0,0
split,VERB,2,0,0
nought,ADJ,2,0,0
clothing,NOUN,2,0,0
Physical,PROPN,2,0,1
Jerks,PROPN,2,0,1
coughing,NOUN,2,0,0
cough,NOUN,2,0,0
itch,VERB,2,0,0
female,ADJ,2,0,0
enjoyment,NOUN,2,0,0
ring,VERB,2,0,0
bunk,NOUN,2,0,0
cloth,NOUN,2,0,0
drunk,ADJ,2,0,0
grief,NOUN,2,0,0
vividly,ADV,2,0,0
furtive,ADJ,2,0,0
doublethink,VERB,2,0,0
easy,ADV,2,0,0
cancel,VERB,2,0,0
morality,NOUN,2,0,0
democracy,NOUN,2,0,0
buttock,NOUN,2,0,0
ride,VERB,2,0,0
legend,NOUN,2,0,0
mist,NOUN,2,0,0
squad,NOUN,2,0,0
resentment,NOUN,2,0,0
tuck,VERB,2,0,0
sailor,NOUN,2,0,0
lunge,NOUN,2,0,0
nearness,NOUN,2,0,0
mouthpiece,NOUN,2,0,0
grating,NOUN,2,0,0
disposal,NOUN,2,0,0
flap,NOUN,2,0,0
furnace,NOUN,2,0,0
misprint,NOUN,2,0,0
bb,DET,2,0,0
dayorder,NOUN,2,0,0
doubleplusungood,NOUN,2,0,0
rewrite,NOUN,2,0,0
upsub,NOUN,2,0,0
antefile,VERB,2,0,0
tedious,ADJ,2,0,0
delay,NOUN,2,0,0
March,PROPN,2,0,1
south,ADJ,2,0,0
indian,ADJ,2,0,0
offensive,NOUN,2,0,0
launch,VERB,2,0,0
Eurasian,PROPN,2,0,1
nineteenth,NOUN,2,0,0
December,PROPN,2,0,1
later,ADJ,2,0,0
substitute,VERB,2,0,0
correction,NOUN,2,0,0
unseen,ADJ,2,0,0
labyrinth,NOUN,2,0,0
correct,VERB,2,0,0
periodical,NOUN,2,0,0
leaflet,NOUN,2,0,0
prediction,NOUN,2,0,0
correct,ADJ,2,0,0
conflict,VERB,2,0,0
collect,VERB,2,0,0
adjust,VERB,2,0,0
estimate,VERB,2,0,0
quota,NOUN,2,0,0
overfulfille,VERB,2,0,0
double,ADJ,2,0,0
daily,ADV,2,0,0
toil,VERB,2,0,0
ineffectual,ADJ,2,0,0
talent,NOUN,2,0,0
multitude,NOUN,2,0,0
engineer,NOUN,2,0,0
hidden,ADJ,2,0,0
co,VERB,2,0,0
primary,ADJ,2,0,0
play,NOUN,2,0,0
biological,ADJ,2,0,0
proletariat,NOUN,2,0,0
chain,NOUN,2,0,0
separate,ADJ,2,0,0
department,NOUN,2,0,0
rubbishy,ADJ,2,0,0
sport,NOUN,2,0,0
versificator,NOUN,2,0,0
pornography,NOUN,2,0,0
seal,VERB,2,0,0
entrust,VERB,2,0,0
rectification,NOUN,2,0,0
extremely,ADV,2,0,0
unsatisfactory,ADJ,2,0,0
Order,PROPN,2,0,1
praise,VERB,2,0,0
FFCC,PROPN,2,0,1
award,VERB,2,0,0
Merit,PROPN,2,0,1
publicly,ADV,2,0,0
abject,ADJ,2,0,0
commonly,ADV,2,0,0
corruption,NOUN,2,0,0
vaporization,NOUN,2,0,0
commemorate,VERB,2,0,0
fake,VERB,2,0,0
lesson,NOUN,2,0,0
fundamental,ADJ,2,0,0
relaxation,NOUN,2,0,0
seventeen,NUM,2,0,0
organizer,NOUN,2,0,0
grenade,NOUN,2,0,0
despatch,NOUN,2,0,0
envy,NOUN,2,0,0
total,ADJ,2,0,0
celibacy,NOUN,2,0,0
hunting,NOUN,2,0,0
conspicuous,ADJ,2,0,0
profound,ADJ,2,0,0
conviction,NOUN,2,0,0
low,ADV,2,0,0
jerk,VERB,2,0,0
grille,NOUN,2,0,0
darn,VERB,2,0,0
scrounge,VERB,2,0,0
greasy,NOUN,2,0,0
mocking,NOUN,2,0,0
village,NOUN,2,0,0
reminiscently,ADV,2,0,0
regulation,NOUN,2,0,0
pinkish,ADJ,2,0,0
cube,NOUN,2,0,0
unpack,VERB,2,0,0
liquid,ADJ,2,0,0
vomit,NOUN,2,0,0
spoonful,NOUN,2,0,0
meat,NOUN,2,0,0
pedant,NOUN,2,0,0
passion,NOUN,2,0,0
animate,VERB,2,0,0
excellent,ADJ,2,0,0
doubleplusgood,NOUN,2,0,0
goodness,NOUN,2,0,0
eagerness,NOUN,2,0,0
sadly,ADV,2,0,0
vagueness,NOUN,2,0,0
briefly,ADV,2,0,0
Shakespeare,PROPN,2,0,1
Milton,PROPN,2,0,1
Byron,PROPN,2,0,1
plainly,ADV,2,0,0
secretary,NOUN,2,0,0
feminine,ADJ,2,0,0
distinguish,VERB,2,0,0
cast,NOUN,2,0,0
quack,ADV,2,0,0
jaw,NOUN,2,0,0
larynx,NOUN,2,0,0
DUCKSPEAK,PROPN,2,0,1
opponent,NOUN,2,0,0
praise,NOUN,2,0,0
subtly,ADV,2,0,0
clung,ADJ,2,0,0
musician,NOUN,2,0,0
fate,NOUN,2,0,0
fool,NOUN,2,0,0
fat,NOUN,2,0,0
visualize,VERB,2,0,0
sleeve,NOUN,2,0,0
pudgy,NOUN,2,0,0
extraordinary,ADJ,2,0,0
tennis,NOUN,2,0,0
dampness,NOUN,2,0,0
brainy,ADJ,2,0,0
chase,VERB,2,0,0
notebook,NOUN,2,0,0
beggar,NOUN,2,0,0
aback,ADV,2,0,0
spot,VERB,2,0,0
smart,ADJ,2,0,0
click,VERB,2,0,0
afford,VERB,2,0,0
dutifully,ADV,2,0,0
proclamation,NOUN,2,0,0
wise,ADJ,2,0,0
gap,VERB,2,0,0
remoter,NOUN,2,0,0
furious,ADJ,2,0,0
insanity,NOUN,2,0,0
upwards,ADV,2,0,0
grime,NOUN,2,0,0
protest,NOUN,2,0,0
accurately,ADV,2,0,0
age,VERB,2,0,0
sicken,VERB,2,0,0
scarcity,NOUN,2,0,0
evil,ADJ,2,0,0
cup,NOUN,2,0,0
suspicious,ADJ,2,0,0
blond,ADJ,2,0,0
vital,ADJ,2,0,0
favoured,ADJ,2,0,0
stout,ADJ,2,0,0
scuttle,VERB,2,0,0
nimbly,ADV,2,0,0
survival,NOUN,2,0,0
reverie,NOUN,2,0,0
nag,VERB,2,0,0
terribly,ADV,2,0,0
mutter,VERB,2,0,0
improper,ADJ,2,0,0
incredulous,ADJ,2,0,0
punishable,ADJ,2,0,0
coincidence,NOUN,2,0,0
waste,VERB,2,0,0
stem,NOUN,2,0,0
skirt,NOUN,2,0,0
match,NOUN,2,0,0
keen,ADJ,2,0,0
mind,VERB,2,0,0
spit,VERB,2,0,0
odour,NOUN,2,0,0
fornication,NOUN,2,0,0
lapse,NOUN,2,0,0
outlet,NOUN,2,0,0
unforgivable,ADJ,2,0,0
approve,VERB,2,0,0
service,NOUN,2,0,0
plain,ADJ,2,0,0
indirect,ADJ,2,0,0
onwards,ADV,2,0,0
institution,NOUN,2,0,0
seriously,ADV,2,0,0
distort,VERB,2,0,0
divorce,NOUN,2,0,0
straight,ADJ,2,0,0
intimately,ADV,2,0,0
stiffen,NOUN,2,0,0
rigidity,NOUN,2,0,0
muscle,NOUN,2,0,0
convey,VERB,2,0,0
embarrassing,ADJ,2,0,0
remind,VERB,2,0,0
positive,ADJ,2,0,0
dread,NOUN,2,0,0
luckily,ADV,2,0,0
hypnotic,ADJ,2,0,0
parade,NOUN,2,0,0
impregnable,ADJ,2,0,0
awaken,VERB,2,0,0
lust,NOUN,2,0,0
cavernous,ADJ,2,0,0
therapy,NOUN,2,0,0
inflexion,NOUN,2,0,0
oh,NOUN,2,0,0
mob,NOUN,2,0,0
jostle,VERB,2,0,0
keeper,NOUN,2,0,0
favouritism,NOUN,2,0,0
reserve,NOUN,2,0,0
bloated,ADJ,2,0,0
Principles,PROPN,2,0,1
inferior,NOUN,2,0,0
breed,NOUN,2,0,0
revert,VERB,2,0,0
patriotism,NOUN,2,0,0
discontent,VERB,2,0,0
nowhere,ADV,2,1,0
specific,ADJ,2,0,0
interfere,VERB,2,0,0
thief,NOUN,2,0,0
bandit,NOUN,2,0,0
peddler,NOUN,2,0,0
code,NOUN,2,0,0
puritanism,NOUN,2,0,0
borrow,VERB,2,0,0
copy,VERB,2,0,0
stale,ADJ,2,0,0
breadcrust,NOUN,2,0,0
frock,NOUN,2,0,0
queer,NOUN,2,0,0
shiny,ADJ,2,0,0
disobey,VERB,2,0,0
prison,NOUN,2,0,0
Sir,PROPN,2,0,1
chief,NOUN,2,0,0
king,NOUN,2,0,0
catalogue,NOUN,2,0,0
cat,NOUN,2,0,0
JUS,PROPN,2,0,1
PRIMAE,PROPN,2,0,1
NOCTIS,PROPN,2,0,1
dustbin,NOUN,2,0,0
bruise,VERB,2,0,0
disprove,VERB,2,0,0
erase,VERB,2,0,0
survivor,NOUN,2,0,0
embezzlement,NOUN,2,0,0
intrigue,NOUN,2,0,0
sinecure,NOUN,2,0,0
release,NOUN,2,0,0
fascination,NOUN,2,0,0
blurry,ADJ,2,0,0
flavour,VERB,2,0,0
theme,NOUN,2,0,0
slum,NOUN,2,0,0
barricade,NOUN,2,0,0
pouched,ADJ,2,0,0
jeer,VERB,2,0,0
posterity,NOUN,2,0,0
mistake,VERB,2,0,0
soil,NOUN,2,0,0
airfield,NOUN,2,0,0
Canada,PROPN,2,0,1
rendezvous,NOUN,2,0,0
confer,VERB,2,0,0
upside,ADV,2,0,0
breathing,NOUN,2,0,0
by,ADV,2,1,0
date,VERB,2,0,0
afflict,VERB,2,0,0
imposture,NOUN,2,0,0
madness,NOUN,2,0,0
reject,VERB,2,0,0
intellectual,NOUN,2,0,0
fall,NOUN,2,0,0
eating,NOUN,2,0,0
boring,ADJ,2,0,0
exhausting,ADJ,2,0,0
bus,NOUN,2,0,0
south,NOUN,2,0,0
east,NOUN,2,0,0
cobbled,ADJ,2,0,0
storey,NOUN,2,0,0
waddle,VERB,2,0,0
rag,VERB,2,0,0
jest,NOUN,2,0,0
stiffening,NOUN,2,0,0
passing,NOUN,2,0,0
unwise,ADJ,2,0,0
commotion,NOUN,2,0,0
excitedly,ADV,2,0,0
Steamer,PROPN,2,0,1
nickname,NOUN,2,0,0
supposedly,ADV,2,0,0
sound,ADJ,2,0,0
shower,NOUN,2,0,0
demolish,VERB,2,0,0
smoke,NOUN,2,0,0
cloud,NOUN,2,0,0
stump,NOUN,2,0,0
affect,VERB,2,0,0
endlessly,ADV,2,0,0
absorption,NOUN,2,0,0
altercation,NOUN,2,0,0
bleeding,NOUN,2,0,0
grandmother,NOUN,2,0,0
pay,NOUN,2,0,0
principal,NOUN,2,0,0
delight,NOUN,2,0,0
feat,NOUN,2,0,0
lucky,ADJ,2,0,0
faith,NOUN,2,0,0
turn,NOUN,2,0,0
sunken,ADJ,2,0,0
vegetable,NOUN,2,0,0
coat,VERB,2,0,0
surrender,NOUN,2,0,0
scrape,VERB,2,0,0
faintness,NOUN,2,0,0
arst,VERB,2,0,0
ole,ADJ,2,0,0
m,VERB,2,0,0
quart,NOUN,2,0,0
a,NOUN,2,1,0
entry,NOUN,2,0,0
gent,NOUN,2,0,0
Pint,PROPN,2,0,1
bladder,NOUN,2,0,0
ealth,NOUN,2,0,0
ead,NOUN,2,0,0
dono,VERB,2,0,0
jest,PROPN,2,0,1
funeral,NOUN,2,0,0
lawyer,NOUN,2,0,0
gang,NOUN,2,0,0
Lackeys,PROPN,2,0,1
Sunday,PROPN,2,0,1
Jews,PROPN,2,0,1
Lords,PROPN,2,0,1
House,PROPN,2,0,1
Boat,PROPN,2,0,1
Race,PROPN,2,0,1
rowdy,ADJ,2,0,0
overcoat,NOUN,2,0,0
kind,ADV,2,0,0
accidental,ADJ,2,0,0
charge,NOUN,2,0,0
shove,NOUN,2,0,0
wheel,NOUN,2,0,0
meditatively,ADV,2,0,0
philosophical,ADJ,2,0,0
stink,VERB,2,0,0
urinal,ADJ,2,0,0
answerable,ADJ,2,0,0
ant,NOUN,2,0,0
improve,VERB,2,0,0
test,VERB,2,0,0
discolour,VERB,2,0,0
suicidal,ADJ,2,0,0
proprietor,NOUN,2,0,0
eyebrow,NOUN,2,0,0
bushy,ADJ,2,0,0
lady,NOUN,2,0,0
trade,NOUN,2,0,0
demand,NOUN,2,0,0
interior,NOUN,2,0,0
restrict,VERB,2,0,0
stack,VERB,2,0,0
softness,NOUN,2,0,0
pound,NOUN,2,0,0
rainwatery,NOUN,2,0,0
attractive,ADJ,2,0,0
uselessness,NOUN,2,0,0
compromise,VERB,2,0,0
mattress,NOUN,2,0,0
apologetically,ADV,2,0,0
kettle,NOUN,2,0,0
expensive,ADJ,2,0,0
bookcase,NOUN,2,0,0
gravitate,VERB,2,0,0
rosewood,NOUN,2,0,0
tower,NOUN,2,0,0
ridiculous,ADJ,2,0,0
dance,NOUN,2,0,0
linger,VERB,2,0,0
say,INTJ,2,1,0
project,NOUN,2,0,0
improvise,VERB,2,0,0
paralysed,ADJ,2,0,0
minded,ADJ,2,0,0
lusty,ADJ,2,0,0
crisis,NOUN,2,0,0
situation,NOUN,2,0,0
battlefield,NOUN,2,0,0
chamber,NOUN,2,0,0
sleeplessness,NOUN,2,0,0
ache,VERB,2,0,0
splinter,NOUN,2,0,0
through,ADV,2,1,0
smashed,ADJ,2,0,0
succumb,VERB,2,0,0
solitary,ADJ,2,0,0
sling,NOUN,2,0,0
noticeable,ADJ,2,0,0
swing,VERB,2,0,0
plot,NOUN,2,0,0
milky,ADJ,2,0,0
flutter,VERB,2,0,0
bang,NOUN,2,0,0
thank,NOUN,2,0,0
status,NOUN,2,0,0
intentionally,ADV,2,0,0
summon,NOUN,2,0,0
explanation,NOUN,2,0,0
intellect,NOUN,2,0,0
agitation,NOUN,2,0,0
talk,NOUN,2,0,0
enthusiastic,ADJ,2,0,0
bearable,ADJ,2,0,0
solemn,ADJ,2,0,0
discussion,NOUN,2,0,0
relation,NOUN,2,0,0
stuff,VERB,2,0,0
fever,NOUN,2,0,0
mat,VERB,2,0,0
whereabout,NOUN,2,0,0
sufficient,ADJ,2,0,0
vacant,ADJ,2,0,0
malignant,ADJ,2,0,0
trip,VERB,2,0,0
thunder,VERB,2,0,0
poet,NOUN,2,0,0
spoon,VERB,2,0,0
vanquish,VERB,2,0,0
eastasian,ADJ,2,0,0
rush,NOUN,2,0,0
convoy,NOUN,2,0,0
length,NOUN,2,0,0
impenetrable,ADJ,2,0,0
sad,ADJ,2,0,0
jolt,VERB,2,0,0
clank,NOUN,2,0,0
load,NOUN,2,0,0
road,NOUN,2,0,0
gate,NOUN,2,0,0
guise,NOUN,2,0,0
european,ADJ,2,0,0
grizzle,VERB,2,0,0
squeeze,NOUN,2,0,0
explore,VERB,2,0,0
shapely,ADV,2,0,0
harden,VERB,2,0,0
weather,NOUN,2,0,0
overflow,VERB,2,0,0
range,VERB,2,0,0
footpath,NOUN,2,0,0
plunge,VERB,2,0,0
underfoot,NOUN,2,0,0
crackle,NOUN,2,0,0
tight,ADJ,2,0,0
inferiority,NOUN,2,0,0
mike,NOUN,2,0,0
sprout,VERB,2,0,0
ironical,ADJ,2,0,0
note,VERB,2,0,0
incredulity,NOUN,2,0,0
precious,ADJ,2,0,0
your,NOUN,2,1,0
slab,NOUN,2,0,0
silver,NOUN,2,0,0
rot,NOUN,2,0,0
dripping,ADJ,2,0,0
abreast,NOUN,2,0,0
hazel,ADJ,2,0,0
filter,VERB,2,0,0
nearby,ADV,2,0,0
wave,VERB,2,0,0
variation,NOUN,2,0,0
mate,NOUN,2,0,0
speculation,NOUN,2,0,0
clung,VERB,2,0,0
kiss,NOUN,2,0,0
clatter,NOUN,2,0,0
plenty,NOUN,2,0,0
hint,VERB,2,0,0
sham,NOUN,2,0,0
weaken,VERB,2,0,0
undermine,VERB,2,0,0
corrupt,ADJ,2,0,0
undifferentiated,ADJ,2,0,0
pillow,VERB,2,0,0
surname,NOUN,2,0,0
mindless,ADJ,2,0,0
tenderness,NOUN,2,0,0
flank,NOUN,2,0,0
embrace,NOUN,2,0,0
alert,ADJ,2,0,0
coast,NOUN,2,0,0
belfry,NOUN,2,0,0
drift,VERB,2,0,0
beam,NOUN,2,0,0
approach,NOUN,2,0,0
following,ADJ,2,0,0
deafening,ADJ,2,0,0
chalk,NOUN,2,0,0
thickly,ADV,2,0,0
enrol,VERB,2,0,0
square,ADJ,2,0,0
dung,NOUN,2,0,0
fond,ADJ,2,0,0
directive,NOUN,2,0,0
Rewrite,PROPN,2,0,1
Squad,PROPN,2,0,1
reading,NOUN,2,0,0
bootlace,NOUN,2,0,0
distribution,NOUN,2,0,0
corrupt,VERB,2,0,0
sixteen,NUM,2,0,0
evade,VERB,2,0,0
discuss,VERB,2,0,0
unlike,ADP,2,0,0
privation,NOUN,2,0,0
transform,VERB,2,0,0
energy,NOUN,2,0,0
damn,NOUN,2,0,0
Year,PROPN,2,0,1
intimate,NOUN,2,0,0
account,VERB,2,0,0
drop,NOUN,2,0,0
doing,NOUN,2,1,0
stirring,NOUN,2,0,0
inconvenient,ADJ,2,0,0
declare,VERB,2,0,0
corpse,NOUN,2,0,0
ripe,ADJ,2,0,0
Folly,PROPN,2,0,1
generality,NOUN,2,0,0
muslin,PROPN,2,0,1
curtain,NOUN,2,0,0
court,NOUN,2,0,0
brawny,ADJ,2,0,0
cork,VERB,2,0,0
opeless,NOUN,2,0,0
Ipril,PROPN,2,0,1
dye,NOUN,2,0,0
awye,NOUN,2,0,0
scrape,NOUN,2,0,0
sensuality,NOUN,2,0,0
unexpected,ADJ,2,0,0
wilful,ADJ,2,0,0
disengage,VERB,2,0,0
armed,ADJ,2,0,0
eal,NOUN,2,0,0
acrorss,VERB,2,0,0
content,ADJ,2,0,0
inexhaustible,ADJ,2,0,0
spontaneously,ADV,2,0,0
transformation,NOUN,2,0,0
boyish,ADJ,2,0,0
calf,NOUN,2,0,0
brute,ADJ,2,0,0
beastly,ADV,2,0,0
reassure,VERB,2,0,0
bedhead,NOUN,2,0,0
repair,VERB,2,0,0
plump,VERB,2,0,0
amusement,NOUN,2,0,0
Bailey,PROPN,2,0,1
eternity,NOUN,2,0,0
staff,NOUN,2,0,0
erect,VERB,2,0,0
effigy,NOUN,2,0,0
unit,NOUN,2,0,0
rush,VERB,2,0,0
regular,ADJ,2,0,0
back,ADJ,2,1,0
Song,PROPN,2,0,1
compete,VERB,2,0,0
streamer,NOUN,2,0,0
display,VERB,2,0,0
native,ADJ,2,0,0
element,NOUN,2,0,0
manual,ADJ,2,0,0
mongolian,ADJ,2,0,0
muzzle,NOUN,2,0,0
periodical,ADJ,2,0,0
trail,VERB,2,0,0
mass,VERB,2,0,0
hardship,NOUN,2,0,0
unbelievably,ADV,2,0,0
finger,VERB,2,0,0
lid,NOUN,2,0,0
laugh,NOUN,2,0,0
morsel,NOUN,2,0,0
harm,NOUN,2,0,0
practicable,ADJ,2,0,0
available,ADJ,2,0,0
organized,ADJ,2,0,0
insult,NOUN,2,0,0
fire,VERB,2,0,0
uninteresting,NOUN,2,0,0
lifetime,NOUN,2,0,0
rebel,NOUN,2,0,0
bored,ADJ,2,0,0
confused,ADJ,2,0,0
grasp,NOUN,2,0,0
corn,NOUN,2,0,0
scholarly,ADJ,2,0,0
codeword,NOUN,2,0,0
friendliness,NOUN,2,0,0
ninth,ADJ,2,0,0
verbs,PROPN,2,0,1
messenger,NOUN,2,0,0
leather,NOUN,2,0,0
memorize,VERB,2,0,0
rain,NOUN,2,0,0
dome,NOUN,2,0,0
shelter,VERB,2,0,0
cake,NOUN,2,0,0
superfluous,ADJ,2,0,0
immobile,ADJ,2,0,0
thinness,NOUN,2,0,0
counterpane,NOUN,2,0,0
mealtime,NOUN,2,0,0
boom,VERB,2,0,0
snivel,VERB,2,0,0
share,NOUN,2,0,0
plate,NOUN,2,0,0
justify,VERB,2,0,0
store,NOUN,2,0,0
ounce,NOUN,2,0,0
nagging,ADJ,2,0,0
bargaining,NOUN,2,0,0
spring,NOUN,2,0,0
snatch,VERB,2,0,0
confessing,NOUN,2,0,0
betrayal,NOUN,2,0,0
hopefully,ADV,2,0,0
register,VERB,2,0,0
gradual,ADJ,2,0,0
questioning,NOUN,2,0,0
richness,NOUN,2,0,0
shaded,ADJ,2,0,0
intimidate,VERB,2,0,0
comma,NOUN,2,0,0
pleased,ADJ,2,0,0
snap,NOUN,2,0,0
hoarding,NOUN,2,0,0
frank,ADJ,2,0,0
forge,VERB,2,0,0
disseminate,VERB,2,0,0
demoralization,NOUN,2,0,0
dock,NOUN,2,0,0
pace,VERB,2,0,0
number,VERB,2,0,0
manipulate,VERB,2,0,0
feature,VERB,2,0,0
impress,VERB,2,0,0
indestructible,ADJ,2,0,0
smuggle,VERB,2,0,0
handfuls,NOUN,2,0,0
collectively,ADV,2,0,0
confusion,NOUN,2,0,0
gravely,ADV,2,0,0
attendant,NOUN,2,0,0
THE,PROPN,2,1,1
pronounce,VERB,2,0,0
allusion,NOUN,2,0,0
bedroom,NOUN,2,0,0
fatigue,NOUN,2,0,0
drain,VERB,2,0,0
closing,NOUN,2,0,0
tank,NOUN,2,0,0
orgasm,NOUN,2,0,0
proceeding,NOUN,2,0,0
schoolchildren,NOUN,2,0,0
disproportionately,ADV,2,0,0
deportation,NOUN,2,0,0
looting,NOUN,2,0,0
bombing,NOUN,2,0,0
hunch,VERB,2,0,0
preoccupy,VERB,2,0,0
excuse,VERB,2,0,0
crawl,VERB,2,0,0
geographical,ADJ,2,0,0
considerable,ADJ,2,0,0
ease,VERB,2,0,0
collectivism,NOUN,2,0,0
Strength,PROPN,2,0,1
subdivide,VERB,2,0,0
upheaval,NOUN,2,0,0
irrevocable,ADJ,2,0,0
reassert,VERB,2,0,0
gyroscope,NOUN,2,0,0
equilibrium,NOUN,2,0,0
irreconcilable,ADJ,2,0,0
appreciate,VERB,2,0,0
Russia,PROPN,2,0,1
distinct,ADJ,2,0,0
arbitrary,ADJ,2,0,0
fluctuate,VERB,2,0,0
Isles,PROPN,2,0,1
Mongolia,PROPN,2,0,1
material,ADJ,2,0,0
shortage,NOUN,2,0,0
evenly,ADV,2,0,0
Pacific,PROPN,2,0,1
boundary,NOUN,2,0,0
Brazzaville,PROPN,2,0,1
race,NOUN,2,0,0
Congo,PROPN,2,0,1
stable,ADJ,2,0,0
Pole,PROPN,2,0,1
uninhabited,ADJ,2,0,0
balance,NOUN,2,0,0
Equator,PROPN,2,0,1
latent,ADJ,2,0,0
urgent,ADJ,2,0,0
inherent,ADJ,2,0,0
drudgery,NOUN,2,0,0
increase,NOUN,2,0,0
privileged,ADJ,2,0,0
caste,NOUN,2,0,0
run,NOUN,2,0,0
thinker,NOUN,2,0,0
solution,NOUN,2,0,0
indirectly,ADV,2,0,0
industry,NOUN,2,0,0
stratosphere,NOUN,2,0,0
favour,VERB,2,0,0
over,NOUN,2,1,0
pyramid,NOUN,2,0,0
emotional,ADJ,2,0,0
ignorant,ADJ,2,0,0
capacity,NOUN,2,0,0
administrator,NOUN,2,0,0
spurious,ADJ,2,0,0
neutralize,VERB,2,0,0
Science,PROPN,2,0,1
oppose,VERB,2,0,0
diminution,NOUN,2,0,0
cultivate,VERB,2,0,0
scientist,NOUN,2,0,0
inquisitor,NOUN,2,0,0
biologist,NOUN,2,0,0
desert,NOUN,2,0,0
strive,VERB,2,0,0
bore,VERB,2,0,0
tidal,ADJ,2,0,0
realization,NOUN,2,0,0
manoeuvre,NOUN,2,0,0
pact,NOUN,2,0,0
devastating,ADJ,2,0,0
violate,VERB,2,0,0
integrity,NOUN,2,0,0
Neo,PROPN,2,0,1
Bolshevism,PROPN,2,0,1
tenet,NOUN,2,0,0
definition,NOUN,2,0,0
follower,NOUN,2,0,0
loss,NOUN,2,0,0
inefficient,ADJ,2,0,0
safeguard,NOUN,2,0,0
perversion,NOUN,2,0,0
exert,VERB,2,0,0
inviolate,NOUN,2,0,0
free,VERB,2,0,0
tiredness,NOUN,2,0,0
attraction,NOUN,2,0,0
good,INTJ,2,0,0
fixture,NOUN,2,0,0
characteristic,NOUN,2,0,0
servitude,NOUN,2,0,0
millimetre,NOUN,2,0,0
cyclical,ADJ,2,0,0
preach,VERB,2,0,0
brotherhood,NOUN,2,0,0
assail,VERB,2,0,0
proclaim,VERB,2,0,0
accumulation,NOUN,2,0,0
growth,NOUN,2,0,0
underlie,VERB,2,0,0
earthly,ADJ,2,0,0
influence,VERB,2,0,0
outlook,NOUN,2,0,0
extract,VERB,2,0,0
upper,ADJ,2,0,0
hearted,ADJ,2,0,0
ruling,NOUN,2,0,0
liberal,ADJ,2,0,0
act,PROPN,2,0,1
uninterested,ADJ,2,0,0
Catholic,PROPN,2,0,1
belonging,NOUN,2,0,0
expropriate,VERB,2,0,0
willingness,NOUN,2,0,0
dislocation,NOUN,2,0,0
articulate,ADJ,2,0,0
negative,ADJ,2,0,0
infer,VERB,2,0,0
stratify,VERB,2,0,0
pre,ADJ,2,0,0
exclude,VERB,2,0,0
harmless,ADJ,2,0,0
mystique,NOUN,2,0,0
indifference,NOUN,2,0,0
inspect,VERB,2,0,0
behaviour,NOUN,2,0,0
regulate,VERB,2,0,0
elaborate,ADJ,2,0,0
BLACKWHITE,PROPN,2,0,1
respite,NOUN,2,0,0
abasement,NOUN,2,0,0
oceanic,ADJ,2,0,0
ability,NOUN,2,0,0
infallibility,NOUN,2,0,0
tamper,VERB,2,0,0
honesty,NOUN,2,0,0
genuinely,ADV,2,0,0
leap,NOUN,2,0,0
combine,VERB,2,0,0
delusion,NOUN,2,0,0
appeal,NOUN,2,0,0
concern,NOUN,2,0,0
result,VERB,2,0,0
reconcile,VERB,2,0,0
rightly,ADV,2,0,0
untruth,NOUN,2,0,0
slant,VERB,2,0,0
statistical,ADJ,2,0,0
grandchild,NOUN,2,0,0
sturdy,ADJ,2,0,0
childbearing,NOUN,2,0,0
vitality,NOUN,2,0,0
please,VERB,2,1,0
Paris,PROPN,2,0,1
echo,VERB,2,0,0
smear,NOUN,2,0,0
rouge,NOUN,2,0,0
sharply,ADV,2,0,0
ladder,NOUN,2,0,0
shod,NOUN,2,0,0
forefinger,NOUN,2,0,0
hoist,VERB,2,0,0
sack,NOUN,2,0,0
urinate,VERB,2,0,0
stoop,VERB,2,0,0
porcelain,NOUN,2,0,0
closed,ADJ,2,0,0
fiercely,ADV,2,0,0
rope,NOUN,2,0,0
homosexuality,NOUN,2,0,0
trust,NOUN,2,0,0
drunk,NOUN,2,0,0
vomit,VERB,2,0,0
thass,VERB,2,0,0
amid,ADP,2,0,0
contract,VERB,2,0,0
accordingly,ADV,2,0,0
shin,NOUN,2,0,0
trembling,NOUN,2,0,0
count,NOUN,2,0,0
mentally,ADV,2,0,0
motion,VERB,2,0,0
fidget,VERB,2,0,0
clumsily,ADV,2,0,0
blubber,VERB,2,0,0
pan,PROPN,2,0,1
defective,ADJ,2,0,0
rodent,NOUN,2,0,0
demonstrate,VERB,2,0,0
Bumstead,PROPN,2,0,1
humiliation,NOUN,2,0,0
unmistakably,ADV,2,0,0
frantically,ADV,2,0,0
wordless,NOUN,2,0,0
howling,NOUN,2,0,0
decision,NOUN,2,0,0
syringe,NOUN,2,0,0
subject,VERB,2,0,0
formality,NOUN,2,0,0
spine,NOUN,2,0,0
crop,VERB,2,0,0
pulse,NOUN,2,0,0
reasoning,NOUN,2,0,0
merciless,NOUN,2,0,0
shame,NOUN,2,0,0
forgive,VERB,2,0,0
keeping,NOUN,2,0,0
ending,NOUN,2,0,0
pouch,NOUN,2,0,0
promising,ADJ,2,0,0
groan,NOUN,2,0,0
Four,PROPN,2,1,1
loosen,VERB,2,0,0
heal,VERB,2,0,0
eradicate,VERB,2,0,0
unrepentant,ADJ,2,0,0
German,PROPN,2,0,1
Nazis,PROPN,2,0,1
Communists,PROPN,2,0,1
martyr,NOUN,2,0,0
interrogate,VERB,2,0,0
despotism,NOUN,2,0,0
thou,ADJ,2,0,0
shalt,NOUN,2,0,0
kindly,ADV,2,0,0
insane,ADJ,2,0,0
nonsense,ADJ,2,0,0
gleam,NOUN,2,0,0
acceptance,NOUN,2,0,0
cherish,VERB,2,0,0
starting,NOUN,2,0,0
weariness,NOUN,2,0,0
mankind,NOUN,2,0,0
eternal,ADJ,2,0,0
Slavery,PROPN,2,0,1
bubble,NOUN,2,0,0
speck,NOUN,2,0,0
Nonsense,PROPN,2,0,1
convulsive,ADJ,2,0,0
ocean,NOUN,2,0,0
digression,NOUN,2,0,0
subtler,NOUN,2,0,0
stamp,VERB,2,0,0
pressing,ADJ,2,0,0
superior,ADJ,2,0,0
remnant,NOUN,2,0,0
circle,NOUN,2,0,0
disgust,VERB,2,0,0
ruin,VERB,2,0,0
trivial,ADJ,2,0,0
adultery,NOUN,2,0,0
slate,NOUN,2,0,0
sunlit,ADJ,2,0,0
capitulate,VERB,2,0,0
judgement,NOUN,2,0,0
tradition,NOUN,2,0,0
battery,NOUN,2,0,0
mutilate,VERB,2,0,0
baize,NOUN,2,0,0
drench,VERB,2,0,0
click,NOUN,2,0,0
shrill,ADJ,2,0,0
julia,NOUN,2,0,0
african,ADJ,2,0,0
excitement,NOUN,2,0,0
thicken,VERB,2,0,0
medley,NOUN,2,0,0
layer,NOUN,2,0,0
crocus,NOUN,2,0,0
stiffen,VERB,2,0,0
mouthful,ADJ,2,0,0
dice,NOUN,2,0,0
indispensable,ADJ,2,0,0
END,PROPN,2,0,1
embody,VERB,2,0,0
FREE,PROPN,2,0,1
politically,ADV,2,0,0
nameless,NOUN,2,0,0
diminish,VERB,2,0,0
assist,VERB,2,0,0
peculiarity,NOUN,2,0,0
staccato,NOUN,2,0,0
adverb,ADJ,2,0,0
etymological,ADJ,2,0,0
adverb,NOUN,2,0,0
affix,NOUN,2,0,0
respectively,ADV,2,0,0
UNGOOD,PROPN,2,0,1
regularity,NOUN,2,0,0
plural,NOUN,2,0,0
euphony,PROPN,2,0,1
VOCABULARY,PROPN,2,0,1
verbal,ADJ,2,0,0
pronounceable,ADJ,2,0,0
GOODTHINK,PROPN,2,0,1
GOODTHINKFUL,PROPN,2,0,1
pronounce,NOUN,2,0,0
derivation,NOUN,2,0,0
THINKPOL,PROPN,2,0,1
MINITRUE,PROPN,2,0,1
ground,VERB,2,0,0
bellyfeel,NOUN,2,0,0
Jehovah,PROPN,2,0,1
sexcrime,ADJ,2,0,0
GOODSEX,PROPN,2,0,1
SEXCRIME,PROPN,2,0,1
JOYCAMP,PROPN,2,0,1
ambivalent,ADJ,2,0,0
derive,VERB,2,0,0
totalitarian,ADJ,2,0,0
COMMUNIST,PROPN,2,0,1
INTERNATIONAL,PROPN,2,0,1
consideration,NOUN,2,0,0
spray,VERB,2,0,0
MEN,PROPN,2,0,1
oldspeak,NOUN,2,0,0
ebook,NOUN,1,0,0
Title,PROPN,1,0,1
Date,PROPN,1,0,1
recent,ADJ,1,0,0
update,NOUN,1,0,0
Novembewr,PROPN,1,0,1
Colin,PROPN,1,0,1
Choat,PROPN,1,0,1
view,VERB,1,0,0
licence,NOUN,1,0,0
header,VERB,1,0,0
thirteen,NUM,1,0,0
nuzzle,VERB,1,0,0
hallway,NOUN,1,0,0
smelt,NOUN,1,0,0
indoor,ADJ,1,0,0
tack,VERB,1,0,0
depict,VERB,1,0,0
ruggedly,ADV,1,0,0
shaft,NOUN,1,0,0
contrived,ADJ,1,0,0
fruity,NOUN,1,0,0
dull,VERB,1,0,0
smallish,ADJ,1,0,0
meagreness,NOUN,1,0,0
emphasize,VERB,1,0,0
sanguine,ADJ,1,0,0
cold,NOUN,1,0,0
shut,PROPN,1,0,1
eddy,NOUN,1,0,0
spiral,NOUN,1,0,0
covering,NOUN,1,0,0
skim,VERB,1,0,0
bluebottle,NOUN,1,0,0
snoop,VERB,1,0,0
babble,VERB,1,0,0
overfulfilment,NOUN,1,0,0
assumption,NOUN,1,0,0
distaste,NOUN,1,0,0
populous,ADJ,1,0,0
vista,NOUN,1,0,0
shore,VERB,1,0,0
baulk,NOUN,1,0,0
timber,NOUN,1,0,0
corrugate,VERB,1,0,0
crazy,ADJ,1,0,0
garden,NOUN,1,0,0
site,NOUN,1,0,0
swirl,VERB,1,0,0
herb,NOUN,1,0,0
chicken,NOUN,1,0,0
bright,ADV,1,0,0
tableaux,NOUN,1,0,0
etymology,NOUN,1,0,0
see,NOUN,1,1,0
startlingly,ADV,1,0,0
soar,VERB,1,0,0
elegant,ADJ,1,0,0
dwarf,VERB,1,0,0
fine,ADJ,1,0,0
Minipax,PROPN,1,0,1
Miniluv,PROPN,1,0,1
Miniplenty,PROPN,1,0,1
maze,NOUN,1,0,0
barb,VERB,1,0,0
entanglement,NOUN,1,0,0
barrier,NOUN,1,0,0
gorilla,NOUN,1,0,0
optimism,NOUN,1,0,0
advisable,ADJ,1,0,0
breakfast,NOUN,1,0,0
plain,ADV,1,0,0
label,NOUN,1,0,0
GIN,PROPN,1,0,1
rice,NOUN,1,0,0
teacupful,ADJ,1,0,0
dose,NOUN,1,0,0
medicine,NOUN,1,0,0
nitric,ADJ,1,0,0
club,NOUN,1,0,0
burning,NOUN,1,0,0
incautiously,ADV,1,0,0
quarto,NOUN,1,0,0
shallow,ADJ,1,0,0
bookshelf,NOUN,1,0,0
geography,NOUN,1,0,0
peculiarly,ADV,1,0,0
yellow,VERB,1,0,0
manufacture,VERB,1,0,0
frowsy,NOUN,1,0,0
slummy,ADJ,1,0,0
briefcase,NOUN,1,0,0
grease,NOUN,1,0,0
signature,NOUN,1,0,0
procure,VERB,1,0,0
deserve,VERB,1,0,0
speak,NOUN,1,0,0
write,NOUN,1,0,0
falter,VERB,1,0,0
unborn,ADJ,1,0,0
doubtful,ADJ,1,0,0
bump,NOUN,1,0,0
magnitude,NOUN,1,0,0
predicament,NOUN,1,0,0
dry,VERB,1,0,0
blankness,NOUN,1,0,0
blaring,NOUN,1,0,0
booziness,NOUN,1,0,0
shed,VERB,1,0,0
amuse,VERB,1,0,0
wallow,VERB,1,0,0
porpoise,NOUN,1,0,0
gunsight,NOUN,1,0,0
lifeboat,NOUN,1,0,0
jewess,NOUN,1,0,0
bow,NOUN,1,0,0
matchwood,VERB,1,0,0
wonderful,ADJ,1,0,0
applause,NOUN,1,0,0
fuss,NOUN,1,0,0
oughter,ADV,1,0,0
ai,VERB,1,0,0
cramp,NOUN,1,0,0
clarify,VERB,1,0,0
nebulous,ADJ,1,0,0
Presumably,PROPN,1,0,1
bold,ADV,1,0,0
athletic,ADJ,1,0,0
emblem,NOUN,1,0,0
wind,VERB,1,0,0
shapeliness,NOUN,1,0,0
bigoted,ADJ,1,0,0
swallower,NOUN,1,0,0
noser,NOUN,1,0,0
holder,NOUN,1,0,0
hush,NOUN,1,0,0
burly,ADJ,1,0,0
humorous,ADJ,1,0,0
charm,NOUN,1,0,0
indefinable,ADJ,1,0,0
eighteenth,ADJ,1,0,0
nobleman,NOUN,1,0,0
intrigue,VERB,1,0,0
contrast,NOUN,1,0,0
urbane,ADJ,1,0,0
irresistibly,ADV,1,0,0
watch,PROPN,1,0,1
Enemy,PROPN,1,0,1
People,PROPN,1,0,1
renegade,NOUN,1,0,0
backslider,NOUN,1,0,0
counter,ADJ,1,0,0
varied,ADJ,1,0,0
primal,ADJ,1,0,0
defiler,NOUN,1,0,0
subsequent,ADJ,1,0,0
hatch,VERB,1,0,0
paymaster,NOUN,1,0,0
rumour,VERB,1,0,0
diaphragm,NOUN,1,0,0
constrict,VERB,1,0,0
fuzzy,ADJ,1,0,0
aureole,NOUN,1,0,0
goatee,NOUN,1,0,0
inherently,ADV,1,0,0
silliness,NOUN,1,0,0
venomous,ADJ,1,0,0
perverse,ADJ,1,0,0
plausible,ADJ,1,0,0
alarm,VERB,1,0,0
headed,ADJ,1,0,0
abuse,VERB,1,0,0
assembly,NOUN,1,0,0
hysterically,ADV,1,0,0
polysyllabic,ADJ,1,0,0
parody,NOUN,1,0,0
specious,ADJ,1,0,0
claptrap,NOUN,1,0,0
bleating,NOUN,1,0,0
uncontrollable,ADJ,1,0,0
exclamation,NOUN,1,0,0
Powers,PROPN,1,0,1
refute,VERB,1,0,0
gaze,NOUN,1,0,0
pitiful,ADJ,1,0,0
dupe,NOUN,1,0,0
seduce,VERB,1,0,0
unmasked,ADJ,1,0,0
commander,NOUN,1,0,0
network,NOUN,1,0,0
compendium,NOUN,1,0,0
clandestinely,ADV,1,0,0
bleat,VERB,1,0,0
land,VERB,1,0,0
flushed,ADJ,1,0,0
assault,NOUN,1,0,0
swine,INTJ,1,0,0
Swine,PROPN,1,0,1
swine,VERB,1,0,0
bounce,VERB,1,0,0
inexorably,ADV,1,0,0
lucid,ADJ,1,0,0
rung,NOUN,1,0,0
ecstasy,NOUN,1,0,0
vindictiveness,NOUN,1,0,0
sledge,NOUN,1,0,0
grimacing,NOUN,1,0,0
undirected,ADJ,1,0,0
blowlamp,NOUN,1,0,0
deride,VERB,1,0,0
loathing,NOUN,1,0,0
adoration,NOUN,1,0,0
fearless,ADJ,1,0,0
isolation,NOUN,1,0,0
sinister,ADJ,1,0,0
enchanter,NOUN,1,0,0
wreck,VERB,1,0,0
Sebastian,PROPN,1,0,1
ravish,VERB,1,0,0
sexless,ADJ,1,0,0
odious,ADJ,1,0,0
aggressive,ADJ,1,0,0
symbol,NOUN,1,0,0
bleat,NOUN,1,0,0
calm,NOUN,1,0,0
impact,NOUN,1,0,0
eyeball,NOUN,1,0,0
tremulous,ADJ,1,0,0
saviour,NOUN,1,0,0
prayer,NOUN,1,0,0
rhythmical,ADJ,1,0,0
chant,NOUN,1,0,0
murmurous,ADJ,1,0,0
throbbing,NOUN,1,0,0
refrain,NOUN,1,0,0
hymn,NOUN,1,0,0
majesty,NOUN,1,0,0
drowning,NOUN,1,0,0
chanting,NOUN,1,0,0
dissemble,VERB,1,0,0
fraction,NOUN,1,0,0
sequel,NOUN,1,0,0
besides,SCONJ,1,1,0
myth,NOUN,1,0,0
scribble,NOUN,1,0,0
stranger,NOUN,1,0,0
memorable,ADJ,1,0,0
locked,ADJ,1,0,0
belch,NOUN,1,0,0
focused,ADJ,1,0,0
muse,VERB,1,0,0
cramp,VERB,1,0,0
voluptuously,ADV,1,0,0
initial,ADJ,1,0,0
spoiled,ADJ,1,0,0
enterprise,NOUN,1,0,0
vaporized,NOUN,1,0,0
hurried,ADJ,1,0,0
untidy,ADJ,1,0,0
scrawl,NOUN,1,0,0
mouse,NOUN,1,0,0
delay,VERB,1,0,0
knob,NOUN,1,0,0
legible,ADJ,1,0,0
smudge,VERB,1,0,0
dreary,NOUN,1,0,0
across,ADV,1,1,0
discountenance,VERB,1,0,0
irritation,NOUN,1,0,0
flake,VERB,1,0,0
ceiling,NOUN,1,0,0
frost,NOUN,1,0,0
leak,VERB,1,0,0
heating,NOUN,1,0,0
sanction,VERB,1,0,0
dingy,VERB,1,0,0
impedimenta,PROPN,1,0,1
stick,NOUN,1,0,0
boxing,NOUN,1,0,0
glove,NOUN,1,0,0
sweaty,NOUN,1,0,0
dish,NOUN,1,0,0
eare,VERB,1,0,0
reek,NOUN,1,0,0
apprehensive,ADJ,1,0,0
brim,NOUN,1,0,0
greenish,ADJ,1,0,0
employee,NOUN,1,0,0
fattish,NOUN,1,0,0
imbecile,NOUN,1,0,0
unquestione,VERB,1,0,0
drudge,NOUN,1,0,0
evict,VERB,1,0,0
statutory,ADJ,1,0,0
subordinate,ADJ,1,0,0
leading,ADJ,1,0,0
Sports,PROPN,1,0,1
inform,VERB,1,0,0
overpowering,NOUN,1,0,0
invertebrate,NOUN,1,0,0
trampling,NOUN,1,0,0
blast,NOUN,1,0,0
tap,NOUN,1,0,0
tough,ADJ,1,0,0
pop,VERB,1,0,0
vicious,ADJ,1,0,0
salt,NOUN,1,0,0
gambolling,NOUN,1,0,0
tiger,NOUN,1,0,0
cub,NOUN,1,0,0
eater,NOUN,1,0,0
nervously,ADV,1,0,0
disappointed,ADJ,1,0,0
caper,VERB,1,0,0
leave,NOUN,1,0,0
agonizingly,ADV,1,0,0
jab,VERB,1,0,0
pocket,VERB,1,0,0
bellow,VERB,1,0,0
greyish,ADJ,1,0,0
relish,NOUN,1,0,0
Iceland,PROPN,1,0,1
Faroe,PROPN,1,0,1
Islands,PROPN,1,0,1
ungovernable,ADJ,1,0,0
hiking,NOUN,1,0,0
drilling,NOUN,1,0,0
dummy,ADJ,1,0,0
yelling,NOUN,1,0,0
eavesdrop,VERB,1,0,0
sting,NOUN,1,0,0
heartedly,ADV,1,0,0
identification,NOUN,1,0,0
partisanship,NOUN,1,0,0
raspingly,ADV,1,0,0
newsflash,NOUN,1,0,0
authorize,VERB,1,0,0
sure,ADV,1,0,0
gory,NOUN,1,0,0
stupendous,ADJ,1,0,0
deflate,VERB,1,0,0
celebrate,VERB,1,0,0
reverberate,VERB,1,0,0
torn,ADJ,1,0,0
sacred,ADJ,1,0,0
monster,NOUN,1,0,0
inscribe,VERB,1,0,0
wrapping,NOUN,1,0,0
cubic,ADJ,1,0,0
shift,VERB,1,0,0
myriad,ADJ,1,0,0
loophole,NOUN,1,0,0
storm,VERB,1,0,0
vapour,VERB,1,0,0
chiming,NOUN,1,0,0
sane,NOUN,1,0,0
heritage,NOUN,1,0,0
greeting,NOUN,1,0,0
consequence,NOUN,1,0,0
inkstaine,VERB,1,0,0
nose,VERB,1,0,0
zealot,NOUN,1,0,0
sandpaper,NOUN,1,0,0
adapt,VERB,1,0,0
deposit,VERB,1,0,0
sol,NOUN,1,0,0
subterranean,ADJ,1,0,0
well,NOUN,1,1,0
reproach,NOUN,1,0,0
continuation,NOUN,1,0,0
sorrowful,ADJ,1,0,0
Tragedy,PROPN,1,0,1
conception,NOUN,1,0,0
fathom,NOUN,1,0,0
springy,VERB,1,0,0
slanting,ADJ,1,0,0
slow,ADV,1,0,0
flung,ADJ,1,0,0
disdainfully,ADV,1,0,0
carelessness,NOUN,1,0,0
culture,NOUN,1,0,0
shakespeare,NOUN,1,0,0
coupon,NOUN,1,0,0
annually,ADV,1,0,0
pyjama,NOUN,1,0,0
singlet,NOUN,1,0,0
yap,VERB,1,0,0
youngish,ADJ,1,0,0
scrawny,NOUN,1,0,0
tunic,NOUN,1,0,0
gym,NOUN,1,0,0
stretching,NOUN,1,0,0
mechanically,ADV,1,0,0
sharpness,NOUN,1,0,0
assign,VERB,1,0,0
England,PROPN,1,0,1
Britain,PROPN,1,0,1
Colchester,PROPN,1,0,1
spiral,ADJ,1,0,0
staircase,NOUN,1,0,0
weary,VERB,1,0,0
flagged,ADJ,1,0,0
decent,ADJ,1,0,0
reek,VERB,1,0,0
fancy,VERB,1,0,0
forgiveness,NOUN,1,0,0
remedie,VERB,1,0,0
granddaughter,NOUN,1,0,0
Ma,PROPN,1,0,1
confuse,VERB,1,0,0
utterance,NOUN,1,0,0
satisfactorily,ADV,1,0,0
officially,ADV,1,0,0
partner,NOUN,1,0,0
thousandth,ADJ,1,0,0
gyrate,VERB,1,0,0
happened,NOUN,1,0,0
everlaste,VERB,1,0,0
everlasting,VERB,1,0,0
unending,ADJ,1,0,0
genially,ADV,1,0,0
refill,VERB,1,0,0
truthfulness,NOUN,1,0,0
repudiate,VERB,1,0,0
subtlety,NOUN,1,0,0
enthusiastically,ADV,1,0,0
loathe,VERB,1,0,0
shooting,NOUN,1,0,0
meditation,NOUN,1,0,0
figure,VERB,1,0,0
exploit,NOUN,1,0,0
cylindrical,ADJ,1,0,0
gleaming,NOUN,1,0,0
proof,NOUN,1,0,0
shrewish,ADJ,1,0,0
lower,ADV,1,0,0
dismay,NOUN,1,0,0
flicker,NOUN,1,0,0
gracefully,ADV,1,0,0
neatness,NOUN,1,0,0
MY,PROPN,1,1,1
much,NOUN,1,1,0
encouragingly,ADV,1,0,0
unbent,ADJ,1,0,0
orifice,NOUN,1,0,0
ten,NOUN,1,0,0
recess,NOUN,1,0,0
jargon,NOUN,1,0,0
bb,PROPN,1,0,1
malreporte,VERB,1,0,0
africa,PROPN,1,0,1
yp,NOUN,1,0,0
times,PROPN,1,0,1
miniplenty,NOUN,1,0,0
malquote,VERB,1,0,0
wad,VERB,1,0,0
dial,VERB,1,0,0
seventeenth,NOUN,1,0,0
Higher,PROPN,1,0,1
Command,PROPN,1,0,1
grossly,ADV,1,0,0
categorical,ADJ,1,0,0
pledge,NOUN,1,0,0
speakwritten,ADJ,1,0,0
collate,VERB,1,0,0
reprint,VERB,1,0,0
stead,NOUN,1,0,0
documentation,NOUN,1,0,0
palimps,ADJ,1,0,0
reinscribe,VERB,1,0,0
prophecy,NOUN,1,0,0
reissue,VERB,1,0,0
misquotation,NOUN,1,0,0
accuracy,NOUN,1,0,0
substitution,NOUN,1,0,0
likelier,ADV,1,0,0
cared,ADJ,1,0,0
astronomical,ADJ,1,0,0
barefoot,ADV,1,0,0
recorded,ADJ,1,0,0
shadow,NOUN,1,0,0
precise,ADJ,1,0,0
chin,VERB,1,0,0
readily,ADV,1,0,0
rustle,NOUN,1,0,0
hum,NOUN,1,0,0
gesticulate,VERB,1,0,0
delete,VERB,1,0,0
fitness,NOUN,1,0,0
husband,NOUN,1,0,0
hairy,ADJ,1,0,0
juggle,VERB,1,0,0
garbled,ADJ,1,0,0
text,NOUN,1,0,0
offensive,ADJ,1,0,0
anthology,NOUN,1,0,0
complexity,NOUN,1,0,0
swarm,NOUN,1,0,0
printing,NOUN,1,0,0
editor,NOUN,1,0,0
typography,NOUN,1,0,0
elaborately,ADV,1,0,0
equip,VERB,1,0,0
studio,NOUN,1,0,0
faking,NOUN,1,0,0
tele,NOUN,1,0,0
producer,NOUN,1,0,0
actor,NOUN,1,0,0
specially,ADV,1,0,0
skill,NOUN,1,0,0
imitating,NOUN,1,0,0
clerk,NOUN,1,0,0
recall,NOUN,1,0,0
repository,NOUN,1,0,0
ordinate,VERB,1,0,0
reconstruct,VERB,1,0,0
lyric,ADJ,1,0,0
treatise,NOUN,1,0,0
spelling,NOUN,1,0,0
multifarious,ADJ,1,0,0
astrology,NOUN,1,0,0
sensational,ADJ,1,0,0
novelette,NOUN,1,0,0
sentimental,ADJ,1,0,0
mathematical,ADJ,1,0,0
guide,VERB,1,0,0
estimate,NOUN,1,0,0
standard,ADJ,1,0,0
Day,PROPN,1,0,1
submit,VERB,1,0,0
draft,NOUN,1,0,0
filing,NOUN,1,0,0
offend,VERB,1,0,0
single,VERB,1,0,0
decoration,NOUN,1,0,0
Conspicuous,PROPN,1,0,1
Second,PROPN,1,0,1
Class,PROPN,1,0,1
dissolve,VERB,1,0,0
associate,NOUN,1,0,0
disgrace,NOUN,1,0,0
offender,NOUN,1,0,0
incur,VERB,1,0,0
displeasure,NOUN,1,0,0
personally,ADV,1,0,0
stroke,VERB,1,0,0
clip,NOUN,1,0,0
crouch,VERB,1,0,0
secretively,ADV,1,0,0
fabrication,NOUN,1,0,0
select,VERB,1,0,0
edit,VERB,1,0,0
referencing,NOUN,1,0,0
disgrace,VERB,1,0,0
incompetence,NOUN,1,0,0
subordinate,NOUN,1,0,0
likeliest,NOUN,1,0,0
ghostly,ADJ,1,0,0
reappearance,NOUN,1,0,0
vanishing,NOUN,1,0,0
reverse,VERB,1,0,0
denunciation,NOUN,1,0,0
complicate,VERB,1,0,0
humble,ADJ,1,0,0
worthy,ADJ,1,0,0
military,NOUN,1,0,0
pedantic,ADJ,1,0,0
uncle,NOUN,1,0,0
district,NOUN,1,0,0
burst,NOUN,1,0,0
jet,NOUN,1,0,0
weight,VERB,1,0,0
abstainer,NOUN,1,0,0
nonsmoker,NOUN,1,0,0
gymnasium,NOUN,1,0,0
vow,NOUN,1,0,0
incompatible,ADJ,1,0,0
devotion,NOUN,1,0,0
debate,VERB,1,0,0
referencing,ADJ,1,0,0
unimagine,VERB,1,0,0
authentically,ADV,1,0,0
Charlemagne,PROPN,1,0,1
Julius,PROPN,1,0,1
Caesar,PROPN,1,0,1
deafeningly,ADV,1,0,0
fume,NOUN,1,0,0
nip,NOUN,1,0,0
Research,PROPN,1,0,1
pleasanter,ADJ,1,0,0
philologist,NOUN,1,0,0
compile,VERB,1,0,0
protuberant,ADJ,1,0,0
mournful,NOUN,1,0,0
derisive,ADJ,1,0,0
haste,NOUN,1,0,0
unused,ADJ,1,0,0
hoard,VERB,1,0,0
famine,NOUN,1,0,0
button,NOUN,1,0,0
wool,NOUN,1,0,0
untruthfully,ADV,1,0,0
inadequate,ADJ,1,0,0
substitute,NOUN,1,0,0
rove,VERB,1,0,0
venomously,ADV,1,0,0
disagreeable,ADJ,1,0,0
gloating,NOUN,1,0,0
entangle,VERB,1,0,0
technicality,NOUN,1,0,0
authoritative,ADJ,1,0,0
scrutiny,NOUN,1,0,0
spoil,VERB,1,0,0
nex,NOUN,1,0,0
aprone,VERB,1,0,0
ladle,NOUN,1,0,0
milkless,NOUN,1,0,0
handleless,NOUN,1,0,0
top,VERB,1,0,0
mess,NOUN,1,0,0
oily,ADV,1,0,0
wink,VERB,1,0,0
sloppiness,NOUN,1,0,0
spongy,ADJ,1,0,0
gabble,ADJ,1,0,0
uproar,NOUN,1,0,0
fascinating,ADJ,1,0,0
hungrily,ADV,1,0,0
mouthful,NOUN,1,0,0
wastage,NOUN,1,0,0
synonyms,NOUN,1,0,0
antonym,NOUN,1,0,0
justification,NOUN,1,0,0
Ungood,PROPN,1,0,1
Plusgood,PROPN,1,0,1
badness,NOUN,1,0,0
afterthought,NOUN,1,0,0
vapid,ADJ,1,0,0
appreciation,NOUN,1,0,0
sympathetically,ADV,1,0,0
chew,VERB,1,0,0
doubtfully,ADV,1,0,0
divine,VERB,1,0,0
carelessly,ADV,1,0,0
Chaucer,PROPN,1,0,1
slavery,NOUN,1,0,0
sideway,NOUN,1,0,0
remorselessly,ADV,1,0,0
mobile,ADJ,1,0,0
disc,NOUN,1,0,0
elimination,NOUN,1,0,0
sterner,ADJ,1,0,0
measure,NOUN,1,0,0
fulminate,VERB,1,0,0
dummy,NOUN,1,0,0
audible,ADJ,1,0,0
Unquestionably,PROPN,1,0,1
sadness,NOUN,1,0,0
discretion,NOUN,1,0,0
aloofness,NOUN,1,0,0
venerate,VERB,1,0,0
rejoice,VERB,1,0,0
sincerity,NOUN,1,0,0
zeal,NOUN,1,0,0
dateness,NOUN,1,0,0
disreputability,NOUN,1,0,0
unsaid,ADJ,1,0,0
haunt,NOUN,1,0,0
painter,NOUN,1,0,0
unwritten,ADJ,1,0,0
omened,ADJ,1,0,0
Zeal,PROPN,1,0,1
unconsciousness,ADJ,1,0,0
tenant,NOUN,1,0,0
tubby,ADJ,1,0,0
froglike,ADJ,1,0,0
roll,NOUN,1,0,0
waistline,NOUN,1,0,0
brisk,ADJ,1,0,0
boyish,VERB,1,0,0
dimpled,ADJ,1,0,0
revert,ADJ,1,0,0
greet,VERB,1,0,0
cheery,NOUN,1,0,0
Hullo,PROPN,1,0,1
hullo,PROPN,1,0,1
intense,ADJ,1,0,0
bead,NOUN,1,0,0
moisture,NOUN,1,0,0
sweating,NOUN,1,0,0
bat,NOUN,1,0,0
nudge,VERB,1,0,0
Keenness,PROPN,1,0,1
forgot,VERB,1,0,0
salary,NOUN,1,0,0
earmark,VERB,1,0,0
subscription,NOUN,1,0,0
numerous,ADJ,1,0,0
treasurer,NOUN,1,0,0
out,ADJ,1,1,0
fault,NOUN,1,0,0
creased,ADJ,1,0,0
illiterate,NOUN,1,0,0
beggar,ADJ,1,0,0
dressing,NOUN,1,0,0
upset,ADJ,1,0,0
mischievous,ADJ,1,0,0
keenness,NOUN,1,0,0
Saturday,PROPN,1,0,1
berkhamsted,ADJ,1,0,0
Amersham,PROPN,1,0,1
triumphantly,ADV,1,0,0
parachute,NOUN,1,0,0
surprised,ADJ,1,0,0
confirmation,NOUN,1,0,0
eager,ADJ,1,0,0
irrepressible,ADJ,1,0,0
parade,VERB,1,0,0
voice,VERB,1,0,0
gratitude,NOUN,1,0,0
bestow,VERB,1,0,0
favourite,NOUN,1,0,0
solemnity,NOUN,1,0,0
edify,VERB,1,0,0
lug,VERB,1,0,0
charred,ADJ,1,0,0
Cigarette,PROPN,1,0,1
horizontal,ADJ,1,0,0
REDUCED,PROPN,1,0,1
fanatically,ADV,1,0,0
passionately,ADV,1,0,0
denounce,NOUN,1,0,0
fuel,NOUN,1,0,0
whiz,VERB,1,0,0
dabble,VERB,1,0,0
gravy,NOUN,1,0,0
dribble,VERB,1,0,0
meditate,VERB,1,0,0
resentfully,ADV,1,0,0
grimy,VERB,1,0,0
dent,VERB,1,0,0
sourish,ADJ,1,0,0
stew,ADJ,1,0,0
rickety,NOUN,1,0,0
underheated,ADJ,1,0,0
rarity,NOUN,1,0,0
filthy,ADV,1,0,0
insufficient,ADJ,1,0,0
plentiful,ADJ,1,0,0
discomfort,NOUN,1,0,0
stickiness,NOUN,1,0,0
uniform,ADJ,1,0,0
bosom,VERB,1,0,0
maiden,NOUN,1,0,0
sunburnt,ADJ,1,0,0
carefree,NOUN,1,0,0
predominate,VERB,1,0,0
proliferate,VERB,1,0,0
dumpy,ADJ,1,0,0
flourish,VERB,1,0,0
bombardment,NOUN,1,0,0
knowing,ADJ,1,0,0
shake,NOUN,1,0,0
sorry,INTJ,1,0,0
unfortunately,ADV,1,0,0
tic,NOUN,1,0,0
anxiety,NOUN,1,0,0
abnormality,NOUN,1,0,0
FACECRIME,PROPN,1,0,1
stow,VERB,1,0,0
chuckle,VERB,1,0,0
sausage,NOUN,1,0,0
sneak,VERB,1,0,0
mustard,NOUN,1,0,0
sitting,NOUN,1,0,0
reckon,VERB,1,0,0
whiteness,NOUN,1,0,0
hurl,VERB,1,0,0
inkpot,NOUN,1,0,0
black,VERB,1,0,0
tension,NOUN,1,0,0
visible,ADJ,1,0,0
tallish,ADJ,1,0,0
twitch,NOUN,1,0,0
quiver,NOUN,1,0,0
clicking,NOUN,1,0,0
shutter,NOUN,1,0,0
devil,NOUN,1,0,0
backyard,NOUN,1,0,0
stuffy,PROPN,1,0,1
odour,ADJ,1,0,0
compound,VERB,1,0,0
villainous,ADJ,1,0,0
alluring,ADJ,1,0,0
consort,VERB,1,0,0
purchase,VERB,1,0,0
incline,VERB,1,0,0
debauchery,NOUN,1,0,0
joyless,ADJ,1,0,0
promiscuity,NOUN,1,0,0
undeclared,ADJ,1,0,0
eroticism,NOUN,1,0,0
permission,NOUN,1,0,0
disgusting,ADJ,1,0,0
enema,NOUN,1,0,0
insemination,NOUN,1,0,0
ARTSEM,PROPN,1,0,1
dirty,VERB,1,0,0
separation,NOUN,1,0,0
aquiline,ADP,1,0,0
noble,ADJ,1,0,0
vulgar,ADJ,1,0,0
encounter,VERB,1,0,0
imbecility,NOUN,1,0,0
wince,VERB,1,0,0
shut,ADJ,1,0,0
operating,NOUN,1,0,0
submitting,NOUN,1,0,0
celibate,ADJ,1,0,0
performance,NOUN,1,0,0
inaudibly,ADV,1,0,0
scuffle,NOUN,1,0,0
ingrained,ADJ,1,0,0
careful,ADJ,1,0,0
conditioning,NOUN,1,0,0
din,VERB,1,0,0
martial,ADJ,1,0,0
Desire,PROPN,1,0,1
seduction,NOUN,1,0,0
paraffin,NOUN,1,0,0
scrabble,VERB,1,0,0
urge,NOUN,1,0,0
disregarded,ADJ,1,0,0
generate,VERB,1,0,0
legendary,ADJ,1,0,0
two,NOUN,1,0,0
three,NOUN,1,0,0
Rebellion,PROPN,1,0,1
conspire,VERB,1,0,0
fly,NOUN,1,0,0
reverberation,NOUN,1,0,0
leapt,NOUN,1,0,0
riot,NOUN,1,0,0
passenger,NOUN,1,0,0
wretche,VERB,1,0,0
flimsy,ADJ,1,0,0
tugging,ADJ,1,0,0
transcription,NOUN,1,0,0
liberate,VERB,1,0,0
bondage,NOUN,1,0,0
flogged,ADJ,1,0,0
subjection,NOUN,1,0,0
application,NOUN,1,0,0
Argentina,PROPN,1,0,1
blossoming,NOUN,1,0,0
gambling,NOUN,1,0,0
horizon,NOUN,1,0,0
indoctrinate,VERB,1,0,0
grievance,NOUN,1,0,0
criminality,NOUN,1,0,0
racketeer,NOUN,1,0,0
moral,NOUN,1,0,0
Promiscuity,PROPN,1,0,1
cautiously,ADV,1,0,0
impossibility,NOUN,1,0,0
whip,NOUN,1,0,0
stovepipe,NOUN,1,0,0
cringe,VERB,1,0,0
bishop,NOUN,1,0,0
lawn,NOUN,1,0,0
judge,NOUN,1,0,0
ermine,NOUN,1,0,0
robe,NOUN,1,0,0
pillory,NOUN,1,0,0
treadmill,NOUN,1,0,0
Lord,PROPN,1,0,1
Mayor,PROPN,1,0,1
Banquet,PROPN,1,0,1
Pope,PROPN,1,0,1
mute,ADJ,1,0,0
insecurity,NOUN,1,0,0
bareness,NOUN,1,0,0
dinginess,NOUN,1,0,0
listlessness,NOUN,1,0,0
resemblance,NOUN,1,0,0
slog,VERB,1,0,0
dreary,ADJ,1,0,0
cadge,VERB,1,0,0
warrior,NOUN,1,0,0
unity,NOUN,1,0,0
perpetually,ADV,1,0,0
triumphing,NOUN,1,0,0
persecuting,NOUN,1,0,0
decay,VERB,1,0,0
underfeed,VERB,1,0,0
leaky,ADJ,1,0,0
line,VERB,1,0,0
adult,NOUN,1,0,0
infant,NOUN,1,0,0
mortality,NOUN,1,0,0
equation,NOUN,1,0,0
unknown,NOUN,1,0,0
garment,NOUN,1,0,0
erasure,NOUN,1,0,0
revolutionary,NOUN,1,0,0
spectacular,ADJ,1,0,0
intelligence,VERB,1,0,0
pardon,VERB,1,0,0
reinstate,VERB,1,0,0
abject,VERB,1,0,0
analyse,VERB,1,0,0
defection,NOUN,1,0,0
amend,NOUN,1,0,0
terrified,ADJ,1,0,0
relic,NOUN,1,0,0
glamour,NOUN,1,0,0
outlaw,NOUN,1,0,0
untouchable,NOUN,1,0,0
extinction,NOUN,1,0,0
corps,NOUN,1,0,0
impressed,ADJ,1,0,0
famous,ADJ,1,0,0
caricaturist,NOUN,1,0,0
imitation,NOUN,1,0,0
lifeless,ADJ,1,0,0
unconvincing,ADJ,1,0,0
rehashing,NOUN,1,0,0
tenement,NOUN,1,0,0
mane,NOUN,1,0,0
greasy,ADJ,1,0,0
negroid,NOUN,1,0,0
immensely,ADV,1,0,0
slop,VERB,1,0,0
bulging,NOUN,1,0,0
mountain,NOUN,1,0,0
crumbling,NOUN,1,0,0
motionless,NOUN,1,0,0
uncommanded,ADJ,1,0,0
bray,VERB,1,0,0
inward,ADJ,1,0,0
shudder,NOUN,1,0,0
AT,PROPN,1,1,1
wad,NOUN,1,0,0
delegate,NOUN,1,0,0
Siberia,PROPN,1,0,1
General,PROPN,1,0,1
Staff,PROPN,1,0,1
midsummer,ADJ,1,0,0
fossil,NOUN,1,0,0
stratum,NOUN,1,0,0
geological,ADJ,1,0,0
atom,NOUN,1,0,0
draught,NOUN,1,0,0
crumble,VERB,1,0,0
had,VERB,1,1,0
resurrect,VERB,1,0,0
frontispiece,NOUN,1,0,0
sens,NOUN,1,0,0
validity,NOUN,1,0,0
unchangeable,ADJ,1,0,0
TO,PROPN,1,1,1
array,VERB,1,0,0
debate,NOUN,1,0,0
truism,NOUN,1,0,0
object,VERB,1,0,0
unsupported,ADJ,1,0,0
axiom,NOUN,1,0,0
Freedom,PROPN,1,0,1
roasting,NOUN,1,0,0
involuntarily,ADV,1,0,0
throb,VERB,1,0,0
attendance,NOUN,1,0,0
spare,ADJ,1,0,0
communal,ADJ,1,0,0
ownlife,NOUN,1,0,0
individualism,NOUN,1,0,0
balminess,NOUN,1,0,0
creak,VERB,1,0,0
camaraderie,NOUN,1,0,0
oil,VERB,1,0,0
impulse,ADJ,1,0,0
north,VERB,1,0,0
unknown,ADJ,1,0,0
north,NOUN,1,0,0
Pancras,PROPN,1,0,1
Station,PROPN,1,0,1
suggestive,NOUN,1,0,0
rathole,NOUN,1,0,0
cobble,NOUN,1,0,0
alley,ADJ,1,0,0
branch,VERB,1,0,0
bloom,NOUN,1,0,0
crudely,ADV,1,0,0
lipsticked,ADJ,1,0,0
splayed,ADJ,1,0,0
barefooted,ADJ,1,0,0
board,VERB,1,0,0
guarded,ADJ,1,0,0
er,INTJ,1,0,0
criticize,VERB,1,0,0
wariness,NOUN,1,0,0
whip,VERB,1,0,0
concertina,ADJ,1,0,0
Bang,PROPN,1,0,1
heave,NOUN,1,0,0
patter,VERB,1,0,0
plume,NOUN,1,0,0
around,ADP,1,1,0
whiten,VERB,1,0,0
choke,VERB,1,0,0
shutting,NOUN,1,0,0
urine,NOUN,1,0,0
sawdust,NOUN,1,0,0
project,VERB,1,0,0
ome,NOUN,1,0,0
ole,NOUN,1,0,0
as,NOUN,1,1,0
oh,NUM,1,0,0
an,NOUN,1,1,0
passionate,NOUN,1,0,0
weekly,ADJ,1,0,0
anodyne,NOUN,1,0,0
stimulant,NOUN,1,0,0
calculation,NOUN,1,0,0
staggering,ADJ,1,0,0
tribe,NOUN,1,0,0
amulet,NOUN,1,0,0
running,NOUN,1,0,0
sum,NOUN,1,0,0
winner,NOUN,1,0,0
intercommunication,NOUN,1,0,0
reasonable,ADJ,1,0,0
downhill,ADV,1,0,0
thoroughfare,NOUN,1,0,0
stationer,NOUN,1,0,0
frost,VERB,1,0,0
prawn,NOUN,1,0,0
truthful,ADJ,1,0,0
acquaintance,NOUN,1,0,0
unnoticed,ADJ,1,0,0
plead,VERB,1,0,0
cheesy,NOUN,1,0,0
hook,NOUN,1,0,0
nosed,ADJ,1,0,0
scene,NOUN,1,0,0
pugnaciously,ADV,1,0,0
boozer,NOUN,1,0,0
hell,PROPN,1,0,1
barman,PROPN,1,0,1
Ark,PROPN,1,0,1
isself,PRON,1,0,0
gallon,NOUN,1,0,0
ave,NOUN,1,0,0
Litre,PROPN,1,0,1
treetops,NOUN,1,0,0
stubble,VERB,1,0,0
flush,VERB,1,0,0
aggressively,ADV,1,0,0
wallop,NOUN,1,0,0
swish,VERB,1,0,0
rinse,VERB,1,0,0
bucket,NOUN,1,0,0
Beer,PROPN,1,0,1
lottery,NOUN,1,0,0
ticket,NOUN,1,0,0
horribly,ADV,1,0,0
grumble,VERB,1,0,0
litre,PROPN,1,0,1
tentatively,ADV,1,0,0
Gents,PROPN,1,0,1
wallop,VERB,1,0,0
fourpence,NOUN,1,0,0
Ere,PROPN,1,0,1
sharp,ADV,1,0,0
Adam,PROPN,1,0,1
apple,NOUN,1,0,0
prejudice,NOUN,1,0,0
grown,ADJ,1,0,0
oppression,NOUN,1,0,0
injustice,NOUN,1,0,0
gorgeous,ADJ,1,0,0
champagne,NOUN,1,0,0
Top,PROPN,1,1,1
at,NOUN,1,0,0
gorn,ADJ,1,0,0
ire,VERB,1,0,0
patiently,ADV,1,0,0
lord,NOUN,1,0,0
ship,VERB,1,0,0
eard,NOUN,1,0,0
donkey,NOUN,1,0,0
Yde,PROPN,1,0,1
ear,VERB,1,0,0
Salvation,PROPN,1,0,1
Army,PROPN,1,0,1
Roman,PROPN,1,0,1
Catholics,PROPN,1,0,1
Indians,PROPN,1,0,1
alf,VERB,1,0,0
bourgeoisie,NOUN,1,0,0
flunky,NOUN,1,0,0
parasite,NOUN,1,0,0
yenas,ADJ,1,0,0
Labour,PROPN,1,0,1
Ouse,PROPN,1,0,1
respect,NOUN,1,0,0
Shaftesbury,PROPN,1,0,1
Avenue,PROPN,1,0,1
dress,NOUN,1,0,0
e,PRON,1,0,0
zig,NOUN,1,0,0
zagge,VERB,1,0,0
m,NOUN,1,0,0
Ju,PROPN,1,0,1
put,NOUN,1,0,0
mellow,VERB,1,0,0
worry,NOUN,1,0,0
ad,NOUN,1,0,0
credit,VERB,1,0,0
sill,NOUN,1,0,0
workmate,NOUN,1,0,0
hunt,NOUN,1,0,0
lost,ADJ,1,0,0
bicycle,NOUN,1,0,0
pump,NOUN,1,0,0
windy,ADJ,1,0,0
intersperse,VERB,1,0,0
plausibly,ADV,1,0,0
unclean,ADJ,1,0,0
benevolent,ADJ,1,0,0
fussy,ADJ,1,0,0
intellectuality,NOUN,1,0,0
debased,ADJ,1,0,0
gentleman,NOUN,1,0,0
keepsake,NOUN,1,0,0
album,NOUN,1,0,0
Cream,PROPN,1,0,1
peer,VERB,1,0,0
apologetic,ADJ,1,0,0
softpalmed,ADJ,1,0,0
antique,ADJ,1,0,0
finished,NOUN,1,0,0
Furniture,PROPN,1,0,1
brass,NOUN,1,0,0
candlestick,NOUN,1,0,0
uncomfortably,ADV,1,0,0
floorspace,NOUN,1,0,0
bolt,NOUN,1,0,0
chisel,NOUN,1,0,0
penknive,VERB,1,0,0
tarnish,VERB,1,0,0
miscellaneous,ADJ,1,0,0
lacquer,VERB,1,0,0
agate,NOUN,1,0,0
brooch,NOUN,1,0,0
hemisphere,NOUN,1,0,0
rainwater,NOUN,1,0,0
curved,ADJ,1,0,0
convoluted,ADJ,1,0,0
anemone,NOUN,1,0,0
appreciatively,ADV,1,0,0
cost,VERB,1,0,0
antique,NOUN,1,0,0
coveted,ADJ,1,0,0
doubly,ADV,1,0,0
bulge,NOUN,1,0,0
suspect,ADJ,1,0,0
noticeably,ADV,1,0,0
steep,ADJ,1,0,0
slatternly,ADJ,1,0,0
cumbersome,ADJ,1,0,0
illuminate,VERB,1,0,0
dim,NOUN,1,0,0
inviting,NOUN,1,0,0
nostalgia,NOUN,1,0,0
hob,NOUN,1,0,0
ticking,NOUN,1,0,0
nice,ADJ,1,0,0
hinge,NOUN,1,0,0
thoroughness,NOUN,1,0,0
delicately,ADV,1,0,0
oval,NOUN,1,0,0
rectangular,ADJ,1,0,0
railing,NOUN,1,0,0
unscrew,VERB,1,0,0
Palace,PROPN,1,0,1
Justice,PROPN,1,0,1
Law,PROPN,1,0,1
Courts,PROPN,1,0,1
impressive,ADJ,1,0,0
ascribe,VERB,1,0,0
memorial,ADJ,1,0,0
copper,NOUN,1,0,0
alongside,ADP,1,0,0
gallery,NOUN,1,0,0
triangular,NOUN,1,0,0
porch,NOUN,1,0,0
museum,NOUN,1,0,0
tableaux,ADJ,1,0,0
illustrate,VERB,1,0,0
Fields,PROPN,1,0,1
supplement,VERB,1,0,0
incongruous,ADJ,1,0,0
widower,NOUN,1,0,0
inhabit,VERB,1,0,0
disguised,ADJ,1,0,0
ghostly,ADV,1,0,0
steeple,NOUN,1,0,0
peal,VERB,1,0,0
reconnoitre,VERB,1,0,0
suitable,ADJ,1,0,0
careless,VERB,1,0,0
doubting,NOUN,1,0,0
credible,ADJ,1,0,0
backstreet,NOUN,1,0,0
kilometre,VERB,1,0,0
actuate,VERB,1,0,0
officiousness,ADJ,1,0,0
retrace,VERB,1,0,0
partial,ADJ,1,0,0
alibi,NOUN,1,0,0
lassitude,NOUN,1,0,0
main,NOUN,1,0,0
teacupful,NOUN,1,0,0
brassy,ADJ,1,0,0
squall,VERB,1,0,0
patriotic,ADJ,1,0,0
firearm,NOUN,1,0,0
unprocurable,ADJ,1,0,0
inertia,NOUN,1,0,0
extremity,NOUN,1,0,0
consecutive,ADJ,1,0,0
jagged,ADJ,1,0,0
detection,NOUN,1,0,0
summon,VERB,1,0,0
imagined,ADJ,1,0,0
foreknowledge,PROPN,1,0,1
mystically,ADV,1,0,0
nagging,NOUN,1,0,0
bitter,ADJ,1,0,0
displace,VERB,1,0,0
leaden,NOUN,1,0,0
knell,NOUN,1,0,0
brightly,ADV,1,0,0
rough,VERB,1,0,0
stumble,VERB,1,0,0
wring,VERB,1,0,0
injure,VERB,1,0,0
appealing,ADJ,1,0,0
bandaged,ADJ,1,0,0
briskly,ADV,1,0,0
fingering,NOUN,1,0,0
unfold,VERB,1,0,0
closet,NOUN,1,0,0
shocking,ADJ,1,0,0
hitch,VERB,1,0,0
loudness,NOUN,1,0,0
wilder,NOUN,1,0,0
vainly,ADV,1,0,0
unreasonable,ADJ,1,0,0
adjusted,ADJ,1,0,0
batch,NOUN,1,0,0
unformed,ADJ,1,0,0
stunned,ADJ,1,0,0
niggle,VERB,1,0,0
torment,ADJ,1,0,0
imbecile,ADJ,1,0,0
tang,PROPN,1,0,1
particularly,ADV,1,0,0
papi,ADJ,1,0,0
mache,NOUN,1,0,0
irritate,VERB,1,0,0
racket,NOUN,1,0,0
fatuous,ADJ,1,0,0
necessitate,VERB,1,0,0
discredit,NOUN,1,0,0
tonight,NOUN,1,0,0
wolf,VERB,1,0,0
tasteless,ADJ,1,0,0
foolery,NOUN,1,0,0
entitle,VERB,1,0,0
wit,NOUN,1,0,0
hatre,VERB,1,0,0
encounter,NOUN,1,0,0
loiter,VERB,1,0,0
mail,NOUN,1,0,0
transit,NOUN,1,0,0
postcard,NOUN,1,0,0
inapplicable,ADJ,1,0,0
buzz,NOUN,1,0,0
shift,NOUN,1,0,0
sensitivity,NOUN,1,0,0
transparency,NOUN,1,0,0
agony,NOUN,1,0,0
likeliest,VERB,1,0,0
band,NOUN,1,0,0
edge,VERB,1,0,0
complain,VERB,1,0,0
blond,NOUN,1,0,0
head,VERB,1,0,0
Wilsher,PROPN,1,0,1
unattended,ADJ,1,0,0
beam,VERB,1,0,0
axe,NOUN,1,0,0
attentive,ADJ,1,0,0
sprawl,VERB,1,0,0
four,NOUN,1,0,0
hairy,NOUN,1,0,0
eared,ADJ,1,0,0
limply,ADV,1,0,0
haricot,PROPN,1,0,1
bean,NOUN,1,0,0
murmur,ADJ,1,0,0
watery,ADJ,1,0,0
flute,VERB,1,0,0
Battle,PROPN,1,0,1
horseback,NOUN,1,0,0
Oliver,PROPN,1,0,1
Cromwell,PROPN,1,0,1
north,ADJ,1,0,0
chime,VERB,1,0,0
spirally,ADV,1,0,0
accumulate,VERB,1,0,0
pediment,NOUN,1,0,0
zoom,NOUN,1,0,0
lion,NOUN,1,0,0
scrimmage,PROPN,1,0,1
shove,VERB,1,0,0
butted,ADJ,1,0,0
squirm,VERB,1,0,0
wriggle,VERB,1,0,0
sideways,ADV,1,0,0
pulp,NOUN,1,0,0
sweat,VERB,1,0,0
fixedly,ADV,1,0,0
greenish,PROPN,1,0,1
jam,VERB,1,0,0
Mongolian,PROPN,1,0,1
incurious,ADJ,1,0,0
rumbling,NOUN,1,0,0
Paddington,PROPN,1,0,1
outline,VERB,1,0,0
path,NOUN,1,0,0
moss,NOUN,1,0,0
right,INTJ,1,0,0
extricate,VERB,1,0,0
file,VERB,1,0,0
insatiably,ADV,1,0,0
start,NOUN,1,0,0
boo,NOUN,1,0,0
Mogol,PROPN,1,0,1
bearded,ADJ,1,0,0
exhaust,VERB,1,0,0
hem,VERB,1,0,0
nail,NOUN,1,0,0
callouse,NOUN,1,0,0
press,NOUN,1,0,0
mournfully,ADV,1,0,0
dapple,VERB,1,0,0
gold,NOUN,1,0,0
misty,ADJ,1,0,0
droning,NOUN,1,0,0
dove,NOUN,1,0,0
experience,VERB,1,0,0
passport,NOUN,1,0,0
endorse,VERB,1,0,0
cautious,ADJ,1,0,0
backward,NOUN,1,0,0
holiday,NOUN,1,0,0
summery,ADJ,1,0,0
seated,ADJ,1,0,0
toothless,NOUN,1,0,0
freely,ADV,1,0,0
butter,NOUN,1,0,0
widen,VERB,1,0,0
tread,VERB,1,0,0
lightly,ADV,1,0,0
boggy,NOUN,1,0,0
slender,NOUN,1,0,0
curve,NOUN,1,0,0
sweetness,NOUN,1,0,0
greenness,NOUN,1,0,0
daunt,VERB,1,0,0
etiolate,VERB,1,0,0
sooty,ADJ,1,0,0
pore,NOUN,1,0,0
grassy,ADJ,1,0,0
knoll,NOUN,1,0,0
pole,NOUN,1,0,0
cascade,VERB,1,0,0
brown,PROPN,1,0,1
lash,NOUN,1,0,0
strain,VERB,1,0,0
darling,NOUN,1,0,0
unresisting,ADJ,1,0,0
prettiness,NOUN,1,0,0
hurry,NOUN,1,0,0
offering,NOUN,1,0,0
rape,VERB,1,0,0
delightedly,ADV,1,0,0
tribute,NOUN,1,0,0
excellence,NOUN,1,0,0
disguise,NOUN,1,0,0
honestly,ADV,1,0,0
hike,VERB,1,0,0
crumbly,ADJ,1,0,0
troubling,ADJ,1,0,0
paste,VERB,1,0,0
delightful,ADJ,1,0,0
strongly,ADV,1,0,0
reducible,ADJ,1,0,0
jeering,NOUN,1,0,0
coarseness,NOUN,1,0,0
aloud,ADJ,1,0,0
chalk,VERB,1,0,0
sneeze,NOUN,1,0,0
hay,NOUN,1,0,0
chequer,VERB,1,0,0
beyond,ADV,1,1,0
perceptibly,ADV,1,0,0
alight,VERB,1,0,0
duck,VERB,1,0,0
obeisance,NOUN,1,0,0
torrent,NOUN,1,0,0
hush,VERB,1,0,0
clung,NOUN,1,0,0
minute,VERB,1,0,0
virtuosity,NOUN,1,0,0
speckled,ADJ,1,0,0
near,NOUN,1,0,0
flood,NOUN,1,0,0
bend,NOUN,1,0,0
zipper,NOUN,1,0,0
holy,ADJ,1,0,0
rotten,ADJ,1,0,0
cult,NOUN,1,0,0
iniquity,NOUN,1,0,0
leprosy,NOUN,1,0,0
syphili,NOUN,1,0,0
gladly,ADV,1,0,0
fallen,ADJ,1,0,0
hotter,ADV,1,0,0
both,ADV,1,1,0
discard,VERB,1,0,0
peacefully,ADV,1,0,0
awake,VERB,1,0,0
pitying,NOUN,1,0,0
knot,VERB,1,0,0
cunning,NOUN,1,0,0
exhaustive,ADJ,1,0,0
countryside,NOUN,1,0,0
enunciate,VERB,1,0,0
sewing,NOUN,1,0,0
thread,NOUN,1,0,0
brush,NOUN,1,0,0
desert,VERB,1,0,0
getting,NOUN,1,0,0
abreast,ADJ,1,0,0
flick,VERB,1,0,0
lighthouse,NOUN,1,0,0
proximity,NOUN,1,0,0
introduction,NOUN,1,0,0
instalment,NOUN,1,0,0
adept,ADJ,1,0,0
nightly,ADJ,1,0,0
heave,VERB,1,0,0
deathly,ADV,1,0,0
live,ADJ,1,0,0
powdery,NOUN,1,0,0
overhead,ADV,1,0,0
coincide,VERB,1,0,0
attend,VERB,1,0,0
junior,ADJ,1,0,0
collection,NOUN,1,0,0
camouflage,ADJ,1,0,0
mortgage,VERB,1,0,0
part,ADJ,1,1,0
munition,NOUN,1,0,0
voluntarily,ADV,1,0,0
zealous,ADJ,1,0,0
fuse,NOUN,1,0,0
draughty,ADJ,1,0,0
ill,ADJ,1,0,0
workshop,NOUN,1,0,0
drearily,ADV,1,0,0
gap,NOUN,1,0,0
fragmentary,ADJ,1,0,0
blazing,ADJ,1,0,0
overpoweringly,ADV,1,0,0
dusty,NOUN,1,0,0
litter,VERB,1,0,0
arrowslit,NOUN,1,0,0
stink,NOUN,1,0,0
parenthetically,ADV,1,0,0
service,VERB,1,0,0
Planning,PROPN,1,0,1
touching,NOUN,1,0,0
finished,ADJ,1,0,0
commodity,NOUN,1,0,0
captain,NOUN,1,0,0
gymnastic,NOUN,1,0,0
trophy,NOUN,1,0,0
reputation,NOUN,1,0,0
Muck,PROPN,1,0,1
remark,VERB,1,0,0
booklet,NOUN,1,0,0
Spanking,PROPN,1,0,1
Stories,PROPN,1,0,1
School,PROPN,1,0,1
ghastly,ADV,1,0,0
swap,VERB,1,0,0
criticism,NOUN,1,0,0
dodge,NOUN,1,0,0
imaginable,ADJ,1,0,0
sanction,NOUN,1,0,0
goodthinkful,VERB,1,0,0
distasteful,ADJ,1,0,0
frigid,ADJ,1,0,0
ceremony,NOUN,1,0,0
sixteen,NOUN,1,0,0
Movement,PROPN,1,0,1
enlarge,VERB,1,0,0
sexuality,NOUN,1,0,0
acuteness,NOUN,1,0,0
hysteria,PROPN,1,0,1
Three,PROPN,1,1,1
Plans,PROPN,1,0,1
credulity,NOUN,1,0,0
bottle,VERB,1,0,0
parenthood,NOUN,1,0,0
extension,NOUN,1,0,0
informer,NOUN,1,0,0
stifling,ADJ,1,0,0
sweltering,ADJ,1,0,0
Kent,PROPN,1,0,1
lag,VERB,1,0,0
quarry,NOUN,1,0,0
boulder,NOUN,1,0,0
hiker,NOUN,1,0,0
loosestrife,NOUN,1,0,0
magenta,NOUN,1,0,0
red,NOUN,1,0,0
clump,VERB,1,0,0
fretfully,ADV,1,0,0
steady,VERB,1,0,0
blaze,VERB,1,0,0
side,ADV,1,1,0
negative,NOUN,1,0,0
wriggle,NOUN,1,0,0
dissent,NOUN,1,0,0
cunning,ADJ,1,0,0
boldness,NOUN,1,0,0
prosaically,ADV,1,0,0
bosom,NOUN,1,0,0
firm,ADJ,1,0,0
vigour,VERB,1,0,0
coverless,NOUN,1,0,0
burner,NOUN,1,0,0
envelope,NOUN,1,0,0
twenty,NOUN,1,1,0
gratuitous,ADJ,1,0,0
mirror,VERB,1,0,0
shocked,ADJ,1,0,0
offensively,ADV,1,0,0
peep,VERB,1,0,0
Norman,PROPN,1,0,1
stump,VERB,1,0,0
contralto,NOUN,1,0,0
Music,PROPN,1,0,1
intervention,NOUN,1,0,0
tunefully,ADV,1,0,0
traffic,NOUN,1,0,0
drastically,ADV,1,0,0
anticipation,NOUN,1,0,0
making,NOUN,1,0,0
accidentally,ADV,1,0,0
disappointment,NOUN,1,0,0
triviality,NOUN,1,0,0
household,NOUN,1,0,0
obligation,NOUN,1,0,0
readiness,NOUN,1,0,0
graf,NOUN,1,0,0
predestined,ADJ,1,0,0
precede,NOUN,1,0,0
postpone,VERB,1,0,0
shorten,VERB,1,0,0
canvas,NOUN,1,0,0
chuck,VERB,1,0,0
screwdriver,NOUN,1,0,0
underneath,ADV,1,0,0
sand,NOUN,1,0,0
wherever,ADV,1,1,0
saccharine,VERB,1,0,0
loaf,NOUN,1,0,0
milk,NOUN,1,0,0
emanation,NOUN,1,0,0
slam,VERB,1,0,0
diffuse,VERB,1,0,0
pinch,VERB,1,0,0
blackberry,VERB,1,0,0
lately,ADV,1,0,0
drivelling,NOUN,1,0,0
upward,ADV,1,0,0
tuneful,ADJ,1,0,0
melancholy,NOUN,1,0,0
redden,VERB,1,0,0
rouge,VERB,1,0,0
powder,VERB,1,0,0
brighter,ADJ,1,0,0
skilfully,ADV,1,0,0
cosmetic,NOUN,1,0,0
improvement,NOUN,1,0,0
dab,NOUN,1,0,0
violet,NOUN,1,0,0
scent,VERB,1,0,0
trouser,NOUN,1,0,0
silk,NOUN,1,0,0
stocking,NOUN,1,0,0
heeled,ADJ,1,0,0
meagre,NOUN,1,0,0
threadbare,ADJ,1,0,0
springiness,NOUN,1,0,0
boyhood,NOUN,1,0,0
creep,VERB,1,0,0
crook,NOUN,1,0,0
make,NOUN,1,1,0
rouge,PROPN,1,0,1
cheekbone,VERB,1,0,0
cool,NOUN,1,0,0
compulsion,NOUN,1,0,0
hi,INTJ,1,0,0
hurtle,VERB,1,0,0
fle,VERB,1,0,0
nasty,ADJ,1,0,0
GO,PROPN,1,1,1
dearest,VERB,1,0,0
wound,VERB,1,0,0
reopen,VERB,1,0,0
bung,VERB,1,0,0
exciting,ADJ,1,0,0
inquisitive,ADJ,1,0,0
silky,ADJ,1,0,0
chunk,NOUN,1,0,0
nostalgically,ADV,1,0,0
cap,VERB,1,0,0
anyway,INTJ,1,1,0
countersign,NOUN,1,0,0
suitably,ADV,1,0,0
prompt,VERB,1,0,0
inconsequently,ADV,1,0,0
bet,VERB,1,0,0
bore,NOUN,1,0,0
lipstick,NOUN,1,0,0
inexhaustibly,ADV,1,0,0
transparent,ADJ,1,0,0
arch,NOUN,1,0,0
enclose,VERB,1,0,0
crystal,NOUN,1,0,0
thoughtless,ADJ,1,0,0
comment,VERB,1,0,0
vestibule,NOUN,1,0,0
Chess,PROPN,1,0,1
bake,VERB,1,0,0
windowless,NOUN,1,0,0
condition,VERB,1,0,0
temperature,NOUN,1,0,0
scorch,VERB,1,0,0
stench,NOUN,1,0,0
Tubes,PROPN,1,0,1
overtime,NOUN,1,0,0
Processions,PROPN,1,0,1
telescreen,ADP,1,0,0
coin,VERB,1,0,0
atrocity,PROPN,1,0,1
embellish,VERB,1,0,0
curiously,ADJ,1,0,0
febrile,ADJ,1,0,0
rhythm,NOUN,1,0,0
volunteer,NOUN,1,0,0
stitch,VERB,1,0,0
flagstaff,NOUN,1,0,0
perilously,ADV,1,0,0
sling,VERB,1,0,0
reception,NOUN,1,0,0
boast,VERB,1,0,0
bunting,NOUN,1,0,0
lark,NOUN,1,0,0
pushing,NOUN,1,0,0
sawing,NOUN,1,0,0
hammer,VERB,1,0,0
jolly,VERB,1,0,0
comradely,ADJ,1,0,0
exhortation,NOUN,1,0,0
fold,NOUN,1,0,0
acrid,NOUN,1,0,0
stride,VERB,1,0,0
submachine,NOUN,1,0,0
foreshortening,NOUN,1,0,0
outnumber,VERB,1,0,0
apathetic,ADJ,1,0,0
lash,VERB,1,0,0
harmonize,VERB,1,0,0
theatre,NOUN,1,0,0
Stepney,PROPN,1,0,1
indignation,NOUN,1,0,0
playground,NOUN,1,0,0
loot,VERB,1,0,0
turmoil,NOUN,1,0,0
wireless,ADJ,1,0,0
extraction,NOUN,1,0,0
suffocation,NOUN,1,0,0
coolness,NOUN,1,0,0
multiply,VERB,1,0,0
sprinkle,VERB,1,0,0
pepper,NOUN,1,0,0
sweating,ADJ,1,0,0
rally,VERB,1,0,0
subside,VERB,1,0,0
curse,NOUN,1,0,0
infrequently,ADV,1,0,0
inviolate,VERB,1,0,0
ghostlike,ADJ,1,0,0
even,ADJ,1,1,0
gramophone,NOUN,1,0,0
worthless,ADJ,1,0,0
collector,NOUN,1,0,0
tradesman,NOUN,1,0,0
stopper,NOUN,1,0,0
pinchbeck,NOUN,1,0,0
locket,NOUN,1,0,0
strand,NOUN,1,0,0
admire,VERB,1,0,0
tinkling,NOUN,1,0,0
musical,ADJ,1,0,0
blackbird,NOUN,1,0,0
cow,NOUN,1,0,0
crumpled,ADJ,1,0,0
Cock,PROPN,1,0,1
Robin,PROPN,1,0,1
deprecate,VERB,1,0,0
impend,VERB,1,0,0
despairing,ADJ,1,0,0
damned,ADJ,1,0,0
permanence,NOUN,1,0,0
sanctuary,ADJ,1,0,0
glassy,NOUN,1,0,0
remainder,NOUN,1,0,0
manoeuvring,NOUN,1,0,0
undetected,ADJ,1,0,0
intimacy,NOUN,1,0,0
impossibly,ADV,1,0,0
trustworthy,ADJ,1,0,0
widespread,ADJ,1,0,0
rally,NOUN,1,0,0
detachment,NOUN,1,0,0
excel,VERB,1,0,0
doctrine,VERB,1,0,0
disobedience,NOUN,1,0,0
isolated,ADJ,1,0,0
violence,NOUN,1,0,0
acute,ADJ,1,0,0
susceptible,ADJ,1,0,0
Government,PROPN,1,0,1
laughing,NOUN,1,0,0
mythology,NOUN,1,0,0
falsehood,NOUN,1,0,0
schoolday,NOUN,1,0,0
engine,NOUN,1,0,0
switchover,ADJ,1,0,0
impatiently,ADV,1,0,0
impudent,NOUN,1,0,0
horrify,VERB,1,0,0
abyss,NOUN,1,0,0
momentous,ADJ,1,0,0
exceptional,ADJ,1,0,0
repaint,VERB,1,0,0
rename,VERB,1,0,0
resistance,NOUN,1,0,0
band,VERB,1,0,0
US,PROPN,1,1,1
brilliantly,ADV,1,0,0
witty,ADJ,1,0,0
boo,VERB,1,0,0
disconcert,VERB,1,0,0
flagrant,ADJ,1,0,0
violation,NOUN,1,0,0
enormity,NOUN,1,0,0
residue,NOUN,1,0,0
undigeste,VERB,1,0,0
expected,ADJ,1,0,0
prelude,NOUN,1,0,0
bound,VERB,1,0,0
differentiate,VERB,1,0,0
amateur,NOUN,1,0,0
elegantly,ADV,1,0,0
yours,PRON,1,1,0
mortally,ADV,1,0,0
accomplice,NOUN,1,0,0
interest,VERB,1,0,0
ingenious,ADJ,1,0,0
absent,ADV,1,0,0
mindedly,ADV,1,0,0
gold,ADJ,1,0,0
episode,NOUN,1,0,0
directory,NOUN,1,0,0
foretaste,NOUN,1,0,0
chilly,ADJ,1,0,0
sleepily,ADV,1,0,0
swum,ADJ,1,0,0
sodden,ADJ,1,0,0
comprehend,VERB,1,0,0
cluster,NOUN,1,0,0
rackety,NOUN,1,0,0
sheltering,NOUN,1,0,0
bakery,NOUN,1,0,0
peeling,NOUN,1,0,0
cinder,NOUN,1,0,0
feed,NOUN,1,0,0
spill,VERB,1,0,0
spiritless,ADJ,1,0,0
cook,VERB,1,0,0
mend,VERB,1,0,0
dust,VERB,1,0,0
artist,NOUN,1,0,0
lay,NOUN,1,0,0
moving,NOUN,1,0,0
relapse,VERB,1,0,0
stillness,NOUN,1,0,0
nurse,VERB,1,0,0
ailing,ADJ,1,0,0
simian,ADJ,1,0,0
youthfulness,NOUN,1,0,0
selfishness,NOUN,1,0,0
earthenware,NOUN,1,0,0
naggingly,ADV,1,0,0
storm,NOUN,1,0,0
prematurely,ADV,1,0,0
pathos,NOUN,1,0,0
beseech,VERB,1,0,0
ladle,VERB,1,0,0
clamorous,ADJ,1,0,0
pilfer,VERB,1,0,0
booming,ADJ,1,0,0
greedy,ADJ,1,0,0
whine,NOUN,1,0,0
remonstrance,NOUN,1,0,0
monkey,NOUN,1,0,0
mournful,ADJ,1,0,0
dully,ADV,1,0,0
back,VERB,1,1,0
wail,NOUN,1,0,0
homeless,ADJ,1,0,0
Reclamation,PROPN,1,0,1
Centres,PROPN,1,0,1
enveloping,NOUN,1,0,0
quilt,VERB,1,0,0
underneath,ADP,1,0,0
indistinctly,ADV,1,0,0
swine,ADJ,1,0,0
nobility,NOUN,1,0,0
thereby,ADV,1,1,0
relationship,NOUN,1,0,0
inert,ADJ,1,0,0
regenerate,VERB,1,0,0
hardened,ADJ,1,0,0
relevance,NOUN,1,0,0
stalk,NOUN,1,0,0
downhearted,ADJ,1,0,0
Confession,PROPN,1,0,1
betrayal,ADJ,1,0,0
matter,ADJ,1,0,0
outwit,VERB,1,0,0
cleverness,NOUN,1,0,0
wearing,NOUN,1,0,0
persistent,ADJ,1,0,0
utmost,ADJ,1,0,0
shaped,ADJ,1,0,0
treading,NOUN,1,0,0
doorstep,NOUN,1,0,0
rare,ADJ,1,0,0
spaciousness,NOUN,1,0,0
incredibly,ADV,1,0,0
white,ADV,1,0,0
jacket,VERB,1,0,0
demur,PROPN,1,0,1
diamond,NOUN,1,0,0
Chinese,PROPN,1,0,1
carpet,VERB,1,0,0
cream,NOUN,1,0,0
exquisitely,ADV,1,0,0
passageway,NOUN,1,0,0
hybrid,ADJ,1,0,0
jargon,PROPN,1,0,1
doubleplus,NOUN,1,0,0
verging,NOUN,1,0,0
crimethink,NOUN,1,0,0
cancel,NOUN,1,0,0
unproceed,ADJ,1,0,0
constructionwise,PROPN,1,0,1
antegette,VERB,1,0,0
plusfull,NOUN,1,0,0
overhead,NOUN,1,0,0
soundless,NOUN,1,0,0
grimmer,NOUN,1,0,0
disturb,VERB,1,0,0
embarrassment,NOUN,1,0,0
imagining,NOUN,1,0,0
midst,NOUN,1,0,0
indecipherable,ADJ,1,0,0
sternly,ADV,1,0,0
irritably,ADV,1,0,0
stopping,NOUN,1,0,0
deadly,ADV,1,0,0
pretentious,ADJ,1,0,0
disbelieve,VERB,1,0,0
adulterer,NOUN,1,0,0
sure,INTJ,1,0,0
impassively,ADV,1,0,0
valet,NOUN,1,0,0
assumed,ADJ,1,0,0
personality,NOUN,1,0,0
ruby,NOUN,1,0,0
fitting,ADJ,1,0,0
health,NOUN,1,0,0
Wine,PROPN,1,0,1
romantic,ADJ,1,0,0
olden,ADJ,1,0,0
intensely,ADV,1,0,0
blackberry,NOUN,1,0,0
intoxicating,ADJ,1,0,0
distinctly,ADV,1,0,0
disappointing,ADJ,1,0,0
catechism,NOUN,1,0,0
blackmail,VERB,1,0,0
sulphuric,ADJ,1,0,0
separate,VERB,1,0,0
deprive,VERB,1,0,0
soundlessly,ADV,1,0,0
toward,ADP,1,1,0
surgeon,NOUN,1,0,0
amputate,VERB,1,0,0
paler,NOUN,1,0,0
freckle,NOUN,1,0,0
boldly,ADV,1,0,0
assent,NOUN,1,0,0
absent,ADJ,1,0,0
silkiness,NOUN,1,0,0
Pantry,PROPN,1,0,1
flicker,VERB,1,0,0
salutation,NOUN,1,0,0
silently,ADV,1,0,0
renew,VERB,1,0,0
handful,NOUN,1,0,0
bulkiness,NOUN,1,0,0
ting,VERB,1,0,0
earnest,NOUN,1,0,0
amputated,ADJ,1,0,0
persiflage,NOUN,1,0,0
unflinchingly,ADV,1,0,0
blunt,NOUN,1,0,0
stratagem,NOUN,1,0,0
underworld,NOUN,1,0,0
comradeship,NOUN,1,0,0
perceptible,ADJ,1,0,0
cabinet,NOUN,1,0,0
tablet,PROPN,1,0,1
observant,ADJ,1,0,0
hunt,VERB,1,0,0
reproduce,VERB,1,0,0
misprint,VERB,1,0,0
repeat,NOUN,1,0,0
hesitantly,ADV,1,0,0
meantime,NOUN,1,0,0
random,ADJ,1,0,0
Oranges,PROPN,1,0,1
Again,PROPN,1,1,1
grave,ADJ,1,0,0
stanza,NOUN,1,0,0
Shoreditch,PROPN,1,0,1
basket,VERB,1,0,0
laden,ADJ,1,0,0
interrupted,ADJ,1,0,0
behalf,NOUN,1,0,0
gelatinous,ADJ,1,0,0
Gelatinous,PROPN,1,0,1
jelly,NOUN,1,0,0
translucency,NOUN,1,0,0
lymph,NOUN,1,0,0
debauch,NOUN,1,0,0
creak,NOUN,1,0,0
irrationally,ADV,1,0,0
tingling,NOUN,1,0,0
rolling,NOUN,1,0,0
squealing,NOUN,1,0,0
grinding,NOUN,1,0,0
caterpillar,NOUN,1,0,0
booming,NOUN,1,0,0
extreme,ADJ,1,0,0
suddenness,NOUN,1,0,0
luridly,ADV,1,0,0
floodlit,ADJ,1,0,0
scarlet,NOUN,1,0,0
drape,VERB,1,0,0
lank,PROPN,1,0,1
harangue,VERB,1,0,0
rumpelstiltskin,NOUN,1,0,0
bony,NOUN,1,0,0
claw,VERB,1,0,0
menacingly,ADV,1,0,0
amplifier,NOUN,1,0,0
massacre,NOUN,1,0,0
raping,NOUN,1,0,0
civilian,NOUN,1,0,0
unjust,ADJ,1,0,0
aggression,NOUN,1,0,0
treaty,NOUN,1,0,0
fury,NOUN,1,0,0
beast,NOUN,1,0,0
ripple,VERB,1,0,0
decorate,VERB,1,0,0
quite,ADJ,1,1,0
riotous,ADJ,1,0,0
interlude,NOUN,1,0,0
shred,NOUN,1,0,0
prodigy,NOUN,1,0,0
clamber,VERB,1,0,0
rooftop,NOUN,1,0,0
clawing,NOUN,1,0,0
feral,ADJ,1,0,0
target,NOUN,1,0,0
midsentence,NOUN,1,0,0
syntax,NOUN,1,0,0
disorder,NOUN,1,0,0
likewise,ADV,1,0,0
lightning,NOUN,1,0,0
Mattresses,PROPN,1,0,1
pitch,VERB,1,0,0
sandwich,NOUN,1,0,0
wheel,VERB,1,0,0
trolley,NOUN,1,0,0
spell,NOUN,1,0,0
eyed,ADJ,1,0,0
aching,ADJ,1,0,0
snowdrift,NOUN,1,0,0
detailed,ADJ,1,0,0
neurotically,ADV,1,0,0
dribble,ADJ,1,0,0
deep,NOUN,1,0,0
shave,VERB,1,0,0
tepid,NOUN,1,0,0
voluptuous,ADJ,1,0,0
creaking,NOUN,1,0,0
sluttish,ADJ,1,0,0
armchair,NOUN,1,0,0
amateurishly,ADV,1,0,0
OLIGARCHICAL,PROPN,1,0,1
insect,NOUN,1,0,0
bliss,ADJ,1,0,0
Empire,PROPN,1,0,1
United,PROPN,1,0,1
States,PROPN,1,0,1
effectively,ADV,1,0,0
fortune,NOUN,1,0,0
Portugal,PROPN,1,0,1
Bering,PROPN,1,0,1
Strait,PROPN,1,0,1
Americas,PROPN,1,0,1
atlantic,ADJ,1,0,0
Australasia,PROPN,1,0,1
southern,ADJ,1,0,0
western,ADJ,1,0,0
japanese,ADJ,1,0,0
Manchuria,PROPN,1,0,1
Tibet,PROPN,1,0,1
combatant,NOUN,1,0,0
prevailing,ADJ,1,0,0
bloodthirsty,ADJ,1,0,0
chivalrous,ADJ,1,0,0
slavery,VERB,1,0,0
reprisal,NOUN,1,0,0
meritorious,NOUN,1,0,0
casualty,NOUN,1,0,0
whereabout,VERB,1,0,0
dominant,ADJ,1,0,0
regrouping,NOUN,1,0,0
definitively,ADV,1,0,0
match,VERB,1,0,0
defence,NOUN,1,0,0
width,NOUN,1,0,0
Atlantic,PROPN,1,0,1
fecundity,NOUN,1,0,0
industriousness,NOUN,1,0,0
secondly,ADV,1,0,0
establishment,NOUN,1,0,0
gear,VERB,1,0,0
scramble,NOUN,1,0,0
competition,NOUN,1,0,0
raw,ADJ,1,0,0
obtain,VERB,1,0,0
quadrilateral,NOUN,1,0,0
Tangier,PROPN,1,0,1
Darwin,PROPN,1,0,1
Hong,PROPN,1,0,1
Kong,PROPN,1,0,1
fifth,NOUN,1,0,0
populate,VERB,1,0,0
region,NOUN,1,0,0
mineral,NOUN,1,0,0
colder,ADJ,1,0,0
synthesize,VERB,1,0,0
bottomless,ADJ,1,0,0
equatorial,NOUN,1,0,0
East,PROPN,1,0,1
Southern,PROPN,1,0,1
Indonesian,PROPN,1,0,1
Archipelago,PROPN,1,0,1
cooly,NOUN,1,0,0
continually,ADV,1,0,0
shore,NOUN,1,0,0
unexplored,ADJ,1,0,0
heartland,NOUN,1,0,0
super,ADJ,1,0,0
inviolate,ADJ,1,0,0
exploit,VERB,1,0,0
wage,VERB,1,0,0
tempo,PROPN,1,0,1
speed,VERB,1,0,0
accordance,NOUN,1,0,0
dilapidated,ADJ,1,0,0
leisure,VERB,1,0,0
orderly,ADJ,1,0,0
antiseptic,ADJ,1,0,0
technology,NOUN,1,0,0
prodigious,ADJ,1,0,0
impoverishment,NOUN,1,0,0
regiment,VERB,1,0,0
backward,ADJ,1,0,0
experiment,NOUN,1,0,0
ravage,NOUN,1,0,0
overwork,NOUN,1,0,0
illiteracy,NOUN,1,0,0
refrigerator,NOUN,1,0,0
POWER,PROPN,1,0,1
leisure,NOUN,1,0,0
security,NOUN,1,0,0
stupefy,VERB,1,0,0
agricultural,ADJ,1,0,0
mechanization,NOUN,1,0,0
quasi,ADJ,1,0,0
industrially,ADV,1,0,0
dominate,VERB,1,0,0
advanced,ADJ,1,0,0
satisfactory,ADJ,1,0,0
phase,NOUN,1,0,0
stagnate,VERB,1,0,0
cultivation,NOUN,1,0,0
equipment,NOUN,1,0,0
charity,NOUN,1,0,0
shatter,VERB,1,0,0
manufacture,NOUN,1,0,0
consume,VERB,1,0,0
cargo,NOUN,1,0,0
underestimate,VERB,1,0,0
chronic,ADJ,1,0,0
brink,NOUN,1,0,0
austere,ADJ,1,0,0
laborious,ADJ,1,0,0
besiege,VERB,1,0,0
horseflesh,NOUN,1,0,0
handing,NOUN,1,0,0
psychologically,ADV,1,0,0
acceptable,ADJ,1,0,0
surplus,ADJ,1,0,0
humblest,PROPN,1,0,1
competent,ADJ,1,0,0
industrious,ADJ,1,0,0
limit,NOUN,1,0,0
credulous,ADJ,1,0,0
adulation,NOUN,1,0,0
orgiastic,ADJ,1,0,0
mentality,NOUN,1,0,0
marked,ADJ,1,0,0
untruthful,ADJ,1,0,0
waver,NOUN,1,0,0
victoriously,ADV,1,0,0
undisputed,ADJ,1,0,0
preponderance,NOUN,1,0,0
unceasingly,ADV,1,0,0
inventive,ADJ,1,0,0
speculative,ADJ,1,0,0
technological,ADJ,1,0,0
plough,NOUN,1,0,0
extinguish,VERB,1,0,0
psychologist,NOUN,1,0,0
minuteness,NOUN,1,0,0
facial,ADJ,1,0,0
chemist,NOUN,1,0,0
physicist,NOUN,1,0,0
laboratory,NOUN,1,0,0
experimental,ADJ,1,0,0
brazilian,ADJ,1,0,0
australian,ADJ,1,0,0
Antarctic,PROPN,1,0,1
indefatigably,ADV,1,0,0
logistic,NOUN,1,0,0
explosive,NOUN,1,0,0
armour,NOUN,1,0,0
plating,NOUN,1,0,0
soluble,ADJ,1,0,0
vegetation,NOUN,1,0,0
continent,NOUN,1,0,0
germ,NOUN,1,0,0
immunize,VERB,1,0,0
antibody,NOUN,1,0,0
sailing,NOUN,1,0,0
lens,NOUN,1,0,0
suspend,VERB,1,0,0
earthquake,NOUN,1,0,0
lead,NOUN,1,0,0
possess,NOUN,1,0,0
atomic,PROPN,1,0,1
European,PROPN,1,0,1
Western,PROPN,1,0,1
America,PROPN,1,0,1
thereafter,ADV,1,1,0
formal,ADJ,1,0,0
stationary,ADJ,1,0,0
used,ADJ,1,1,0
formerly,ADV,1,1,0
propel,VERB,1,0,0
projectile,NOUN,1,0,0
fragile,ADJ,1,0,0
movable,NOUN,1,0,0
battleship,NOUN,1,0,0
unsinkable,ADJ,1,0,0
torpedo,NOUN,1,0,0
time,VERB,1,0,0
lull,VERB,1,0,0
load,VERB,1,0,0
retaliation,NOUN,1,0,0
scheme,NOUN,1,0,0
invasion,NOUN,1,0,0
geographically,ADV,1,0,0
Rhine,PROPN,1,0,1
Vistula,PROPN,1,0,1
cultural,ADJ,1,0,0
France,PROPN,1,0,1
Germany,PROPN,1,0,1
exterminate,VERB,1,0,0
assimilate,VERB,1,0,0
darkest,ADJ,1,0,0
war,ADJ,1,0,0
sealed,ADJ,1,0,0
righteousness,NOUN,1,0,0
evaporate,VERB,1,0,0
Persia,PROPN,1,0,1
Egypt,PROPN,1,0,1
Java,PROPN,1,0,1
Ceylon,PROPN,1,0,1
namely,ADV,1,1,0
Death,PROPN,1,0,1
Obliteration,PROPN,1,0,1
Self,PROPN,1,0,1
execrate,VERB,1,0,0
barbarous,ADJ,1,0,0
outrage,NOUN,1,0,0
semi,ADJ,1,0,0
divine,ADJ,1,0,0
conflict,NOUN,1,0,0
sheaf,NOUN,1,0,0
unaware,ADJ,1,0,0
everlastingly,ADV,1,0,0
fundamentally,ADV,1,0,0
impair,VERB,1,0,0
independence,NOUN,1,0,0
precaution,NOUN,1,0,0
religion,NOUN,1,0,0
ethic,NOUN,1,0,0
politic,NOUN,1,0,0
biased,ADJ,1,0,0
irresponsible,ADJ,1,0,0
disregard,VERB,1,0,0
daydreaming,NOUN,1,0,0
safely,ADV,1,0,0
shelter,NOUN,1,0,0
interstellar,ADJ,1,0,0
Pharaohs,PROPN,1,0,1
Caesars,PROPN,1,0,1
ruminant,ADJ,1,0,0
unreal,ADJ,1,0,0
consumable,ADJ,1,0,0
destructiveness,NOUN,1,0,0
victor,NOUN,1,0,0
plunder,VERB,1,0,0
intact,ADJ,1,0,0
misleading,ADJ,1,0,0
perpetual,ADJ,1,0,0
sobering,ADJ,1,0,0
shallower,ADJ,1,0,0
Solitude,PROPN,1,0,1
fascinate,VERB,1,0,0
enormously,ADV,1,0,0
systematic,ADJ,1,0,0
ridden,ADJ,1,0,0
footstep,NOUN,1,0,0
disentangle,VERB,1,0,0
cool,ADJ,1,0,0
gag,VERB,1,0,0
marvellous,ADJ,1,0,0
abide,VERB,1,0,0
recur,NOUN,1,0,0
securely,ADV,1,0,0
efficiently,ADV,1,0,0
enlist,VERB,1,0,0
objective,NOUN,1,0,0
exaggeration,NOUN,1,0,0
decline,NOUN,1,0,0
softening,NOUN,1,0,0
reform,NOUN,1,0,0
historic,ADJ,1,0,0
recurrence,NOUN,1,0,0
observer,NOUN,1,0,0
interpret,VERB,1,0,0
specifically,ADV,1,0,0
aristocrat,NOUN,1,0,0
parasitical,ADJ,1,0,0
soften,VERB,1,0,0
compensation,NOUN,1,0,0
fraternity,NOUN,1,0,0
antiquity,NOUN,1,0,0
Utopianism,PROPN,1,0,1
variant,NOUN,1,0,0
onwards,ADP,1,0,0
UNfreedom,PROPN,1,0,1
INequality,PROPN,1,0,1
pendulum,NOUN,1,0,0
technically,ADV,1,0,0
specialize,VERB,1,0,0
Inequality,PROPN,1,0,1
just,ADJ,1,1,0
brotherhood,PROPN,1,0,1
profit,VERB,1,0,0
heir,NOUN,1,0,0
French,PROPN,1,0,1
american,ADJ,1,0,0
authoritarian,ADJ,1,0,0
realizable,ADJ,1,0,0
hierarchy,VERB,1,0,0
regimentation,NOUN,1,0,0
hardening,NOUN,1,0,0
hostage,NOUN,1,0,0
enlighten,VERB,1,0,0
progressive,ADJ,1,0,0
national,ADJ,1,0,0
foreshadow,VERB,1,0,0
chaos,NOUN,1,0,0
bureaucrat,NOUN,1,0,0
union,NOUN,1,0,0
publicity,NOUN,1,0,0
sociologist,NOUN,1,0,0
journalist,NOUN,1,0,0
professional,ADJ,1,0,0
politician,NOUN,1,0,0
origin,NOUN,1,0,0
salary,VERB,1,0,0
grade,NOUN,1,0,0
barren,ADJ,1,0,0
monopoly,ADJ,1,0,0
centralized,ADJ,1,0,0
avaricious,ADJ,1,0,0
intent,NOUN,1,0,0
cardinal,NOUN,1,0,0
overt,ADJ,1,0,0
surveillance,NOUN,1,0,0
radio,NOUN,1,0,0
television,NOUN,1,0,0
channel,NOUN,1,0,0
enforce,VERB,1,0,0
regroup,VERB,1,0,0
forerunner,NOUN,1,0,0
Wealth,PROPN,1,0,1
jointly,ADV,1,0,0
abolition,NOUN,1,0,0
concentration,NOUN,1,0,0
owner,NOUN,1,0,0
dispose,NOUN,1,0,0
unopposed,ADJ,1,0,0
collectivization,NOUN,1,0,0
capitalist,ADJ,1,0,0
Factories,PROPN,1,0,1
transport,NOUN,1,0,0
inherit,VERB,1,0,0
phraseology,NOUN,1,0,0
inefficiently,ADV,1,0,0
operate,VERB,1,0,0
singly,ADV,1,0,0
factor,NOUN,1,0,0
conquerable,ADJ,1,0,0
demographic,ADJ,1,0,0
theoretical,ADJ,1,0,0
recurrent,ADJ,1,0,0
key,VERB,1,0,0
off,NOUN,1,1,0
liberalism,NOUN,1,0,0
scepticism,NOUN,1,0,0
educational,ADJ,1,0,0
mould,VERB,1,0,0
directing,NOUN,1,0,0
executive,NOUN,1,0,0
apex,NOUN,1,0,0
inspiration,NOUN,1,0,0
uncertainty,NOUN,1,0,0
exhibit,VERB,1,0,0
justly,ADV,1,0,0
liken,VERB,1,0,0
dumb,ADJ,1,0,0
habitually,ADV,1,0,0
classification,NOUN,1,0,0
equatorial,ADJ,1,0,0
membership,NOUN,1,0,0
examination,NOUN,1,0,0
racial,ADJ,1,0,0
discrimination,NOUN,1,0,0
domination,NOUN,1,0,0
Negroes,PROPN,1,0,1
Americans,PROPN,1,0,1
colonial,ADJ,1,0,0
titular,ADJ,1,0,0
whereabouts,NOUN,1,0,0
lingua,NOUN,1,0,0
franca,NOUN,1,0,0
newspeak,VERB,1,0,0
centralize,VERB,1,0,0
tie,NOUN,1,0,0
adherence,NOUN,1,0,0
interchange,NOUN,1,0,0
ensure,VERB,1,0,0
weakling,NOUN,1,0,0
ambitious,ADJ,1,0,0
gift,VERB,1,0,0
nucleus,NOUN,1,0,0
recruit,VERB,1,0,0
crucial,ADJ,1,0,0
Socialist,PROPN,1,0,1
oligarchy,ADJ,1,0,0
shortlive,VERB,1,0,0
adoptive,ADJ,1,0,0
essence,NOUN,1,0,0
oligarchical,ADJ,1,0,0
inheritance,NOUN,1,0,0
persistence,NOUN,1,0,0
nominate,VERB,1,0,0
successor,NOUN,1,0,0
wield,VERB,1,0,0
characterize,VERB,1,0,0
breeding,NOUN,1,0,0
commercial,ADJ,1,0,0
rivalry,NOUN,1,0,0
decline,VERB,1,0,0
indifferent,ADJ,1,0,0
mutter,NOUN,1,0,0
jealously,ADV,1,0,0
misdemeanour,NOUN,1,0,0
mannerism,NOUN,1,0,0
formally,ADV,1,0,0
wiping,NOUN,1,0,0
goodthinker,NOUN,1,0,0
undergone,ADJ,1,0,0
unwilling,ADJ,1,0,0
whatever,NOUN,1,1,0
unsatisfye,VERB,1,0,0
dissipate,VERB,1,0,0
sceptical,ADJ,1,0,0
rebellious,ADJ,1,0,0
faculty,NOUN,1,0,0
threshold,NOUN,1,0,0
analogy,NOUN,1,0,0
misunderstand,VERB,1,0,0
repel,VERB,1,0,0
protective,ADJ,1,0,0
orthodoxy,ADJ,1,0,0
contortionist,NOUN,1,0,0
unwearying,NOUN,1,0,0
flexibility,NOUN,1,0,0
treatment,NOUN,1,0,0
keyword,NOUN,1,0,0
mutually,ADV,1,0,0
impudently,ADV,1,0,0
precautionary,ADJ,1,0,0
tolerate,NOUN,1,0,0
ancestor,NOUN,1,0,0
readjustment,NOUN,1,0,0
regime,NOUN,1,0,0
repression,NOUN,1,0,0
recreate,VERB,1,0,0
desire,VERB,1,0,0
rearrange,VERB,1,0,0
FORGET,PROPN,1,0,1
falsity,NOUN,1,0,0
firmness,NOUN,1,0,0
inconvenient,NOUN,1,0,0
oblivion,NOUN,1,0,0
indispensably,ADV,1,0,0
ossify,VERB,1,0,0
arrogant,ADJ,1,0,0
concession,NOUN,1,0,0
dislocate,VERB,1,0,0
rulership,NOUN,1,0,0
Power,PROPN,1,0,1
practitioner,NOUN,1,0,0
cheating,NOUN,1,0,0
furth,ADJ,1,0,0
illustration,NOUN,1,0,0
rational,ADJ,1,0,0
calamity,NOUN,1,0,0
overlordship,NOUN,1,0,0
prod,VERB,1,0,0
firmly,ADV,1,0,0
link,VERB,1,0,0
together,NOUN,1,1,0
cynicism,NOUN,1,0,0
fanaticism,NOUN,1,0,0
abound,VERB,1,0,0
reject,NOUN,1,0,0
vilifie,NOUN,1,0,0
unexampled,ADJ,1,0,0
solidarity,NOUN,1,0,0
sentiment,NOUN,1,0,0
exhibit,NOUN,1,0,0
impudence,NOUN,1,0,0
reversal,NOUN,1,0,0
hypocrisy,NOUN,1,0,0
cycle,NOUN,1,0,0
planned,ADJ,1,0,0
seizure,NOUN,1,0,0
paraphernalia,NOUN,1,0,0
coverlet,NOUN,1,0,0
HOW,PROPN,1,1,1
systematize,VERB,1,0,0
confident,ADJ,1,0,0
doze,VERB,1,0,0
lunge,VERB,1,0,0
drivel,VERB,1,0,0
popularity,NOUN,1,0,0
outlive,VERB,1,0,0
luxuriously,ADV,1,0,0
damn,INTJ,1,0,0
indefatigable,ADJ,1,0,0
fasten,VERB,1,0,0
belt,NOUN,1,0,0
tirelessly,ADV,1,0,0
uncorking,ADJ,1,0,0
washing,NOUN,1,0,0
mare,NOUN,1,0,0
dimension,NOUN,1,0,0
turnip,NOUN,1,0,0
contourless,ADJ,1,0,0
granite,NOUN,1,0,0
inferior,ADJ,1,0,0
fertile,ADJ,1,0,0
flowering,NOUN,1,0,0
rose,ADJ,1,0,0
fertilized,ADJ,1,0,0
launder,VERB,1,0,0
scrubbing,NOUN,1,0,0
darning,NOUN,1,0,0
sweeping,ADJ,1,0,0
polishing,NOUN,1,0,0
laundering,NOUN,1,0,0
unbroken,ADJ,1,0,0
aspect,NOUN,1,0,0
cloudless,ADJ,1,0,0
muscle,VERB,1,0,0
overturn,VERB,1,0,0
alien,ADJ,1,0,0
valiant,ADJ,1,0,0
awakening,NOUN,1,0,0
body,VERB,1,0,0
Brazil,PROPN,1,0,1
Berlin,PROPN,1,0,1
bazaar,NOUN,1,0,0
Japan,PROPN,1,0,1
loin,NOUN,1,0,0
theirs,PRON,1,0,0
white,NOUN,1,0,0
iris,NOUN,1,0,0
yellow,NOUN,1,0,0
catch,NOUN,1,0,0
shaking,NOUN,1,0,0
chattering,NOUN,1,0,0
rolling,ADJ,1,0,0
stampede,NOUN,1,0,0
jowl,NOUN,1,0,0
balance,VERB,1,0,0
nakedness,NOUN,1,0,0
lick,VERB,1,0,0
hearth,NOUN,1,0,0
coral,PROPN,1,0,1
crinkle,NOUN,1,0,0
rosebud,NOUN,1,0,0
thump,NOUN,1,0,0
solar,ADJ,1,0,0
plexus,NOUN,1,0,0
thrash,VERB,1,0,0
livid,ADV,1,0,0
gasp,VERB,1,0,0
subdued,ADJ,1,0,0
cockney,NOUN,1,0,0
wrinkle,NOUN,1,0,0
steady,ADJ,1,0,0
humming,NOUN,1,0,0
ran,NOUN,1,0,0
aching,NOUN,1,0,0
bundle,VERB,1,0,0
van,NOUN,1,0,0
gnawing,NOUN,1,0,0
unwholesome,ADJ,1,0,0
craving,NOUN,1,0,0
long,VERB,1,0,0
breadcrumb,NOUN,1,0,0
sizeable,ADJ,1,0,0
crust,NOUN,1,0,0
temporary,ADJ,1,0,0
gauge,VERB,1,0,0
filthily,ADV,1,0,0
impound,VERB,1,0,0
obscene,ADJ,1,0,0
ate,VERB,1,0,0
wheedle,VERB,1,0,0
spyhole,NOUN,1,0,0
forbearance,NOUN,1,0,0
bribery,NOUN,1,0,0
racketeering,NOUN,1,0,0
illicit,ADJ,1,0,0
alcohol,NOUN,1,0,0
distil,VERB,1,0,0
gangster,NOUN,1,0,0
murderer,NOUN,1,0,0
political,NOUN,1,0,0
marketeer,NOUN,1,0,0
wreck,NOUN,1,0,0
coil,NOUN,1,0,0
lap,NOUN,1,0,0
bastard,NOUN,1,0,0
uneven,ADJ,1,0,0
Beg,PROPN,1,0,1
pardon,PROPN,1,0,1
dearie,NOUN,1,0,0
ow,VERB,1,0,0
pat,VERB,1,0,0
Pardon,PROPN,1,0,1
meself,PRON,1,0,0
leant,VERB,1,0,0
copiously,ADV,1,0,0
wass,VERB,1,0,0
dearie,ADJ,1,0,0
thass,NOUN,1,0,0
sentimentally,ADV,1,0,0
polITS,PROPN,1,0,1
expand,VERB,1,0,0
actuality,NOUN,1,0,0
gallop,VERB,1,0,0
smash,NOUN,1,0,0
arithmetic,NOUN,1,0,0
flickering,NOUN,1,0,0
coldness,NOUN,1,0,0
trim,ADJ,1,0,0
polished,ADJ,1,0,0
wax,NOUN,1,0,0
smartly,ADV,1,0,0
shamble,VERB,1,0,0
troubled,ADJ,1,0,0
shoeless,ADJ,1,0,0
shave,NOUN,1,0,0
ruffianism,NOUN,1,0,0
oddly,ADV,1,0,0
lethargy,NOUN,1,0,0
risk,VERB,1,0,0
bearer,NOUN,1,0,0
mildly,ADV,1,0,0
awkwardly,ADV,1,0,0
indiscretion,NOUN,1,0,0
Kipling,PROPN,1,0,1
indignantly,ADV,1,0,0
rack,VERB,1,0,0
annoyance,NOUN,1,0,0
shine,VERB,1,0,0
has,VERB,1,1,0
poetry,NOUN,1,0,0
startled,ADJ,1,0,0
desultorily,ADV,1,0,0
bade,NOUN,1,0,0
lank,ADJ,1,0,0
Time,PROPN,1,0,1
cold,ADV,1,0,0
perturb,VERB,1,0,0
uncomprehending,ADJ,1,0,0
slot,NOUN,1,0,0
screaming,NOUN,1,0,0
khaki,NOUN,1,0,0
forgetfulness,ADJ,1,0,0
misery,NOUN,1,0,0
jerkily,ADV,1,0,0
rail,NOUN,1,0,0
servile,ADJ,1,0,0
frog,NOUN,1,0,0
sanctimonious,ADJ,1,0,0
sententiously,ADV,1,0,0
insidious,ADJ,1,0,0
medical,ADJ,1,0,0
obscenity,NOUN,1,0,0
tribunal,NOUN,1,0,0
doleful,ADJ,1,0,0
grudge,NOUN,1,0,0
jerky,ADJ,1,0,0
longing,NOUN,1,0,0
posterior,NOUN,1,0,0
abundantly,ADV,1,0,0
plug,NOUN,1,0,0
stank,NOUN,1,0,0
abominably,ADV,1,0,0
consign,VERB,1,0,0
shrivel,NOUN,1,0,0
Opposite,PROPN,1,0,1
toothy,ADJ,1,0,0
mottle,VERB,1,0,0
timorously,ADV,1,0,0
chill,NOUN,1,0,0
commonplace,NOUN,1,0,0
mean,ADJ,1,0,0
looking,ADJ,1,0,0
murderous,ADJ,1,0,0
unappeasable,ADJ,1,0,0
irresistible,ADJ,1,0,0
abash,VERB,1,0,0
jump,VERB,1,0,0
gift,NOUN,1,0,0
pouchy,NOUN,1,0,0
stumpy,ADJ,1,0,0
stand,NOUN,1,0,0
frightful,ADJ,1,0,0
stun,VERB,1,0,0
squeaking,NOUN,1,0,0
saliva,NOUN,1,0,0
dental,ADJ,1,0,0
shapeless,ADJ,1,0,0
cherry,NOUN,1,0,0
drip,VERB,1,0,0
flurry,NOUN,1,0,0
Officer,PROPN,1,0,1
room,VERB,1,0,0
sentence,VERB,1,0,0
bash,VERB,1,0,0
shriek,NOUN,1,0,0
haul,VERB,1,0,0
nursing,NOUN,1,0,0
crushed,ADJ,1,0,0
fight,NOUN,1,0,0
unreprove,VERB,1,0,0
thirst,NOUN,1,0,0
tasting,NOUN,1,0,0
unvarying,ADJ,1,0,0
dizzy,ADJ,1,0,0
fading,ADJ,1,0,0
thinkable,NOUN,1,0,0
foreknowledge,NOUN,1,0,0
caution,NOUN,1,0,0
regretful,ADJ,1,0,0
broad,ADV,1,0,0
cheste,VERB,1,0,0
crown,NOUN,1,0,0
slump,VERB,1,0,0
contortion,NOUN,1,0,0
uselessly,ADV,1,0,0
disabled,ADJ,1,0,0
hypodermic,ADJ,1,0,0
underwater,ADJ,1,0,0
shameless,ADJ,1,0,0
groin,NOUN,1,0,0
testicle,NOUN,1,0,0
forsook,VERB,1,0,0
resolve,NOUN,1,0,0
recuperate,VERB,1,0,0
recovery,NOUN,1,0,0
stupor,ADJ,1,0,0
wash,NOUN,1,0,0
surly,ADJ,1,0,0
barber,NOUN,1,0,0
businesslike,ADJ,1,0,0
unsympathetic,ADJ,1,0,0
reflex,NOUN,1,0,0
frequent,ADJ,1,0,0
mainly,ADV,1,0,0
ruffian,NOUN,1,0,0
rotund,ADJ,1,0,0
relay,NOUN,1,0,0
twelve,ADJ,1,1,0
rely,VERB,1,0,0
slap,VERB,1,0,0
wrung,VERB,1,0,0
shone,NOUN,1,0,0
arguing,NOUN,1,0,0
convict,VERB,1,0,0
hesitation,NOUN,1,0,0
sorrowfully,ADV,1,0,0
bullying,NOUN,1,0,0
anew,ADV,1,0,0
assassination,NOUN,1,0,0
eminent,ADJ,1,0,0
seditious,ADJ,1,0,0
sale,NOUN,1,0,0
believer,NOUN,1,0,0
admirer,NOUN,1,0,0
pervert,NOUN,1,0,0
disconnectedly,ADV,1,0,0
dive,VERB,1,0,0
dazzle,VERB,1,0,0
wax,VERB,1,0,0
golden,ADJ,1,0,0
relate,VERB,1,0,0
skip,VERB,1,0,0
understood,ADJ,1,0,0
pump,VERB,1,0,0
tormentor,NOUN,1,0,0
drugged,ADJ,1,0,0
wakefulness,NOUN,1,0,0
materialize,VERB,1,0,0
mortal,ADJ,1,0,0
injury,NOUN,1,0,0
electrically,ADV,1,0,0
especial,ADJ,1,0,0
vertebrae,NOUN,1,0,0
spinal,ADJ,1,0,0
fluid,NOUN,1,0,0
recede,VERB,1,0,0
prevaricate,VERB,1,0,0
severe,ADJ,1,0,0
patient,ADJ,1,0,0
doctor,NOUN,1,0,0
derange,VERB,1,0,0
curable,ADJ,1,0,0
trickery,NOUN,1,0,0
speculatively,ADV,1,0,0
wayward,ADJ,1,0,0
obediently,ADV,1,0,0
approval,NOUN,1,0,0
metaphysician,ADJ,1,0,0
concretely,ADV,1,0,0
humility,NOUN,1,0,0
disciplined,ADJ,1,0,0
delude,VERB,1,0,0
perishe,NOUN,1,0,0
relearn,VERB,1,0,0
humble,VERB,1,0,0
clench,VERB,1,0,0
vibrate,VERB,1,0,0
chatter,VERB,1,0,0
source,NOUN,1,0,0
learner,NOUN,1,0,0
tighten,VERB,1,0,0
ebb,VERB,1,0,0
lessen,VERB,1,0,0
weave,VERB,1,0,0
crossing,NOUN,1,0,0
recrossing,NOUN,1,0,0
gratefully,ADV,1,0,0
conversational,ADJ,1,0,0
confess,ADJ,1,0,0
exclaim,VERB,1,0,0
uncured,ADJ,1,0,0
overt,PROPN,1,0,1
shrank,NOUN,1,0,0
cower,VERB,1,0,0
wantonness,ADJ,1,0,0
vehemently,ADV,1,0,0
martyrdom,NOUN,1,0,0
glory,NOUN,1,0,0
Inquisitor,PROPN,1,0,1
Russians,PROPN,1,0,1
persecute,VERB,1,0,0
heresy,PROPN,1,0,1
cruelly,ADV,1,0,0
cringing,NOUN,1,0,0
wretch,NOUN,1,0,0
extort,VERB,1,0,0
untrue,ADJ,1,0,0
dead,NOUN,1,0,0
vindicate,VERB,1,0,0
Posterity,PROPN,1,0,1
bitterness,NOUN,1,0,0
flaw,NOUN,1,0,0
persecutor,NOUN,1,0,0
convert,VERB,1,0,0
reshape,VERB,1,0,0
erroneous,ADJ,1,0,0
powerless,ADJ,1,0,0
exult,VERB,1,0,0
THOU,PROPN,1,0,1
innocence,NOUN,1,0,0
weeping,NOUN,1,0,0
penitence,NOUN,1,0,0
shell,NOUN,1,0,0
beg,VERB,1,0,0
graceful,ADJ,1,0,0
stern,NOUN,1,0,0
astray,ADV,1,0,0
spar,VERB,1,0,0
hollow,ADJ,1,0,0
moist,ADJ,1,0,0
clamp,VERB,1,0,0
reassuringly,ADV,1,0,0
blind,VERB,1,0,0
prostrate,VERB,1,0,0
painless,ADJ,1,0,0
focus,NOUN,1,0,0
emptiness,NOUN,1,0,0
break,NOUN,1,0,0
deformity,NOUN,1,0,0
bewilderment,NOUN,1,0,0
emptiness,ADJ,1,0,0
satisfied,ADJ,1,0,0
ampoule,NOUN,1,0,0
plunger,NOUN,1,0,0
unreservedly,ADV,1,0,0
rebelliousness,NOUN,1,0,0
deceit,NOUN,1,0,0
dirty,NOUN,1,0,0
conversion,NOUN,1,0,0
unanswered,ADJ,1,0,0
Does,PROPN,1,1,1
embodiment,NOUN,1,0,0
nonexistence,NOUN,1,0,0
shrivel,VERB,1,0,0
wearily,ADV,1,0,0
unsolved,ADJ,1,0,0
riddle,NOUN,1,0,0
drily,ADV,1,0,0
reintegration,NOUN,1,0,0
quick,ADV,1,0,0
witted,ADJ,1,0,0
indefinite,ADJ,1,0,0
puzzle,VERB,1,0,0
Society,PROPN,1,0,1
collaborate,VERB,1,0,0
spread,NOUN,1,0,0
enlightenment,PROPN,1,0,1
foresaw,VERB,1,0,0
insurrection,NOUN,1,0,0
frail,ADJ,1,0,0
bulk,NOUN,1,0,0
dedicated,ADJ,1,0,0
sect,NOUN,1,0,0
barbarity,NOUN,1,0,0
weigh,VERB,1,0,0
coward,NOUN,1,0,0
relinquish,VERB,1,0,0
means,NOUN,1,0,0
fleshy,ADJ,1,0,0
decay,NOUN,1,0,0
vigour,NOUN,1,0,0
organism,NOUN,1,0,0
fingernail,NOUN,1,0,0
reversible,ADJ,1,0,0
merge,VERB,1,0,0
Invisibility,PROPN,1,0,1
levitation,NOUN,1,0,0
planet,NOUN,1,0,0
mammoth,NOUN,1,0,0
mastodon,NOUN,1,0,0
reptile,NOUN,1,0,0
outside,ADJ,1,0,0
blot,VERB,1,0,0
objection,NOUN,1,0,0
navigate,VERB,1,0,0
eclipse,NOUN,1,0,0
dual,ADJ,1,0,0
astronomy,NOUN,1,0,0
mathematician,NOUN,1,0,0
unequal,ADJ,1,0,0
bludgeon,NOUN,1,0,0
twitch,VERB,1,0,0
metaphysics,NOUN,1,0,0
schoolmaster,NOUN,1,0,0
pupil,NOUN,1,0,0
assert,VERB,1,0,0
choosing,NOUN,1,0,0
hedonistic,ADJ,1,0,0
Utopias,PROPN,1,0,1
reformer,NOUN,1,0,0
torment,NOUN,1,0,0
refine,VERB,1,0,0
our,NOUN,1,1,0
egg,NOUN,1,0,0
hen,NOUN,1,0,0
procreation,NOUN,1,0,0
annual,ADJ,1,0,0
renewal,NOUN,1,0,0
card,NOUN,1,0,0
neurologist,NOUN,1,0,0
intoxication,NOUN,1,0,0
thrill,NOUN,1,0,0
spat,NOUN,1,0,0
contemptible,ADJ,1,0,0
penitent,ADJ,1,0,0
welcome,VERB,1,0,0
weakly,ADJ,1,0,0
disintegrate,VERB,1,0,0
quicken,VERB,1,0,0
tempo,NOUN,1,0,0
disagreement,NOUN,1,0,0
inarticulate,ADJ,1,0,0
outrage,VERB,1,0,0
infinitely,ADV,1,0,0
malleable,ADJ,1,0,0
irrelevant,ADJ,1,0,0
Man,PROPN,1,0,1
inheritor,NOUN,1,0,0
harshly,ADV,1,0,0
morally,ADV,1,0,0
vitriol,NOUN,1,0,0
impatient,ADJ,1,0,0
lower,VERB,1,0,0
zip,NOUN,1,0,0
fastener,NOUN,1,0,0
since,ADV,1,1,0
loop,VERB,1,0,0
yellowish,ADJ,1,0,0
sided,ADJ,1,0,0
forlorn,ADJ,1,0,0
jailbird,PROPN,1,0,1
nobby,ADJ,1,0,0
crooked,ADJ,1,0,0
partially,ADV,1,0,0
ingrain,VERB,1,0,0
wound,NOUN,1,0,0
flake,NOUN,1,0,0
peel,VERB,1,0,0
barrel,NOUN,1,0,0
curvature,NOUN,1,0,0
cavity,NOUN,1,0,0
scraggy,ADJ,1,0,0
double,ADV,1,0,0
sore,NOUN,1,0,0
goat,NOUN,1,0,0
forefing,ADJ,1,0,0
bicep,NOUN,1,0,0
carrot,NOUN,1,0,0
kilogram,NOUN,1,0,0
pluck,VERB,1,0,0
toss,VERB,1,0,0
around,ADV,1,1,0
stiff,ADJ,1,0,0
pity,NOUN,1,0,0
collapse,VERB,1,0,0
gracelessness,NOUN,1,0,0
sob,VERB,1,0,0
insult,VERB,1,0,0
whimper,VERB,1,0,0
plotting,NOUN,1,0,0
soothe,VERB,1,0,0
ointment,NOUN,1,0,0
denture,NOUN,1,0,0
persevere,VERB,1,0,0
torpid,ADJ,1,0,0
revery,NOUN,1,0,0
coherent,ADJ,1,0,0
stimulus,NOUN,1,0,0
distraction,NOUN,1,0,0
satisfying,ADJ,1,0,0
gathering,NOUN,1,0,0
rounder,NOUN,1,0,0
tauter,NOUN,1,0,0
reluctantly,ADV,1,0,0
measure,VERB,1,0,0
bowed,ADJ,1,0,0
arm,PROPN,1,0,1
frivolity,NOUN,1,0,0
shallowness,NOUN,1,0,0
magnifying,ADJ,1,0,0
shy,VERB,1,0,0
concentrate,VERB,1,0,0
reason,VERB,1,0,0
GOD,PROPN,1,0,1
contrary,ADJ,1,0,0
predestine,VERB,1,0,0
wreckage,NOUN,1,0,0
presuppose,VERB,1,0,0
happening,NOUN,1,0,0
improvisation,NOUN,1,0,0
arithmetical,ADJ,1,0,0
athleticism,NOUN,1,0,0
attain,VERB,1,0,0
confinement,NOUN,1,0,0
enact,VERB,1,0,0
unspoken,ADJ,1,0,0
smooth,VERB,1,0,0
springy,ADJ,1,0,0
stirring,ADJ,1,0,0
conformity,NOUN,1,0,0
retreat,VERB,1,0,0
foolish,ADJ,1,0,0
familiarize,VERB,1,0,0
furrow,NOUN,1,0,0
inscrutability,NOUN,1,0,0
cyst,NOUN,1,0,0
changing,NOUN,1,0,0
camouflage,NOUN,1,0,0
bang,PROPN,1,0,1
Hatred,PROPN,1,0,1
instant,ADJ,1,0,0
reclaim,VERB,1,0,0
unrepented,ADJ,1,0,0
perfection,NOUN,1,0,0
degrade,VERB,1,0,0
filthiest,NOUN,1,0,0
waxen,NOUN,1,0,0
emotionally,ADV,1,0,0
push,NOUN,1,0,0
basket,NOUN,1,0,0
burial,ADJ,1,0,0
impalement,NOUN,1,0,0
fatal,ADJ,1,0,0
fencing,NOUN,1,0,0
concave,NOUN,1,0,0
lengthway,NOUN,1,0,0
compartment,NOUN,1,0,0
premonitory,NOUN,1,0,0
attachment,NOUN,1,0,0
schoolmasterish,ADJ,1,0,0
cowardice,NOUN,1,0,0
height,NOUN,1,0,0
withstand,VERB,1,0,0
immense,ADJ,1,0,0
fur,NOUN,1,0,0
brown,NOUN,1,0,0
grey,PROPN,1,0,1
carnivorous,ADJ,1,0,0
squeal,NOUN,1,0,0
partition,NOUN,1,0,0
frantic,ADJ,1,0,0
immovably,ADV,1,0,0
exit,NOUN,1,0,0
nearer,ADJ,1,0,0
succession,NOUN,1,0,0
furiously,ADV,1,0,0
split,ADJ,1,0,0
foul,ADJ,1,0,0
musty,ADJ,1,0,0
convulsion,NOUN,1,0,0
nausea,NOUN,1,0,0
interpose,VERB,1,0,0
span,NOUN,1,0,0
scaly,PROPN,1,0,1
sewer,NOUN,1,0,0
whisker,NOUN,1,0,0
Imperial,PROPN,1,0,1
didactically,ADV,1,0,0
brush,VERB,1,0,0
strapped,ADJ,1,0,0
gulfs,NOUN,1,0,0
shut,NOUN,1,0,0
Unbidden,PROPN,1,0,1
quill,NOUN,1,0,0
cork,NOUN,1,0,0
disquiet,VERB,1,0,0
extreme,NOUN,1,0,0
mid,ADJ,1,0,0
Leopoldville,PROPN,1,0,1
Central,PROPN,1,0,1
flare,VERB,1,0,0
gulp,NOUN,1,0,0
retch,VERB,1,0,0
disguise,VERB,1,0,0
dwelt,VERB,1,0,0
clung,PROPN,1,0,1
purple,ADJ,1,0,0
coarsely,ADV,1,0,0
unbidden,ADJ,1,0,0
reserve,VERB,1,0,0
bill,NOUN,1,0,0
undercharge,VERB,1,0,0
mate,VERB,1,0,0
cloudy,ADJ,1,0,0
mysticism,NOUN,1,0,0
symbolize,VERB,1,0,0
unvarye,VERB,1,0,0
Good,PROPN,1,0,1
Evil,PROPN,1,0,1
White,PROPN,1,0,1
graver,ADJ,1,0,0
tinkle,VERB,1,0,0
spurt,NOUN,1,0,0
smashing,ADJ,1,0,0
outflank,VERB,1,0,0
west,ADJ,1,0,0
horde,PROPN,1,0,1
race,VERB,1,0,0
will,VERB,1,0,0
Cape,PROPN,1,0,1
breakdown,NOUN,1,0,0
redivision,NOUN,1,0,0
successive,ADJ,1,0,0
undermost,ADJ,1,0,0
study,NOUN,1,0,0
unconsciously,ADV,1,0,0
cauterize,VERB,1,0,0
bud,NOUN,1,0,0
dismember,VERB,1,0,0
frozen,ADJ,1,0,0
water,VERB,1,0,0
obliquely,ADV,1,0,0
resign,VERB,1,0,0
clump,NOUN,1,0,0
leafless,ADJ,1,0,0
shrub,NOUN,1,0,0
concealment,NOUN,1,0,0
vilely,ADV,1,0,0
whistle,VERB,1,0,0
lain,VERB,1,0,0
response,NOUN,1,0,0
clasp,NOUN,1,0,0
sallower,NOUN,1,0,0
incredible,ADJ,1,0,0
awkwardness,NOUN,1,0,0
inspire,VERB,1,0,0
baldly,ADV,1,0,0
irresolutely,ADV,1,0,0
accompany,VERB,1,0,0
pointless,ADJ,1,0,0
nostalgic,ADJ,1,0,0
separated,ADJ,1,0,0
hurrying,NOUN,1,0,0
her,NOUN,1,1,0
semblance,NOUN,1,0,0
resurrection,NOUN,1,0,0
stupor,NOUN,1,0,0
gum,VERB,1,0,0
fiery,ADJ,1,0,0
horizontal,NOUN,1,0,0
teacup,NOUN,1,0,0
overnight,ADV,1,0,0
midday,NOUN,1,0,0
glaze,VERB,1,0,0
handy,ADJ,1,0,0
admonish,VERB,1,0,0
compilation,NOUN,1,0,0
Interim,PROPN,1,0,1
Report,PROPN,1,0,1
commas,PROPN,1,0,1
bracket,NOUN,1,0,0
disperse,VERB,1,0,0
draft,VERB,1,0,0
memoranda,NOUN,1,0,0
involved,ADJ,1,0,0
abstruse,VERB,1,0,0
haggle,VERB,1,0,0
cock,NOUN,1,0,0
crow,NOUN,1,0,0
diagram,NOUN,1,0,0
vertically,ADV,1,0,0
horizontally,ADV,1,0,0
eastward,ADV,1,0,0
reassurance,NOUN,1,0,0
imperturbable,ADJ,1,0,0
flag,VERB,1,0,0
tentative,ADJ,1,0,0
Uncalled,PROPN,1,0,1
counterpaned,ADJ,1,0,0
reconciliation,NOUN,1,0,0
pelting,NOUN,1,0,0
cramped,ADJ,1,0,0
wail,VERB,1,0,0
lovely,ADJ,1,0,0
sporadically,ADV,1,0,0
Snakes,PROPN,1,0,1
Ladders,PROPN,1,0,1
damp,ADJ,1,0,0
cut,NOUN,1,0,0
sulkily,ADV,1,0,0
wildly,ADV,1,0,0
tiddly,ADV,1,0,0
wink,NOUN,1,0,0
slither,VERB,1,0,0
snake,NOUN,1,0,0
pin,NOUN,1,0,0
drill,NOUN,1,0,0
prick,VERB,1,0,0
gabble,VERB,1,0,0
magic,NOUN,1,0,0
seaborne,ADJ,1,0,0
armada,NOUN,1,0,0
triumphant,ADJ,1,0,0
co,NOUN,1,0,0
ordination,NOUN,1,0,0
rout,NOUN,1,0,0
deaf,ADJ,1,0,0
colossus,NOUN,1,0,0
bestrode,VERB,1,0,0
dash,VERB,1,0,0
vain,ADJ,1,0,0
equivocation,NOUN,1,0,0
booty,NOUN,1,0,0
tile,VERB,1,0,0
needless,ADJ,1,0,0
misunderstanding,NOUN,1,0,0
o,INTJ,1,0,0
stubborn,ADJ,1,0,0
willed,ADJ,1,0,0
exile,NOUN,1,0,0
scented,ADJ,1,0,0
APPENDIX,PROPN,1,0,1
TOUR,PROPN,1,0,1
de,NOUN,1,0,0
FORCE,PROPN,1,0,1
Standard,PROPN,1,0,1
Tenth,PROPN,1,0,1
Editions,PROPN,1,0,1
provisional,ADJ,1,0,0
perfect,VERB,1,0,0
medium,NOUN,1,0,0
devotee,NOUN,1,0,0
mode,NOUN,1,0,0
diverge,VERB,1,0,0
least,ADV,1,1,0
dependent,ADJ,1,0,0
lice,NOUN,1,0,0
weed,NOUN,1,0,0
suppression,NOUN,1,0,0
dispense,VERB,1,0,0
newly,ADV,1,0,0
category,NOUN,1,0,0
gardening,NOUN,1,0,0
HIT,PROPN,1,0,1
RUN,PROPN,1,0,1
DOG,PROPN,1,0,1
TREE,PROPN,1,0,1
SUGAR,PROPN,1,0,1
HOUSE,PROPN,1,0,1
FIELD,PROPN,1,0,1
ambiguity,NOUN,1,0,0
purposive,ADJ,1,0,0
outstanding,ADJ,1,0,0
interchangeability,NOUN,1,0,0
IF,PROPN,1,1,1
WHEN,PROPN,1,1,1
THOUGHT,PROPN,1,0,1
retention,NOUN,1,0,0
kindre,VERB,1,0,0
etymologically,ADV,1,0,0
CUT,PROPN,1,0,1
knife,NOUN,1,0,0
suffix,PROPN,1,0,1
SPEEDFUL,PROPN,1,0,1
SPEEDWISE,PROPN,1,0,1
STRONG,PROPN,1,0,1
BLACK,PROPN,1,0,1
SOFT,PROPN,1,0,1
adjectival,NOUN,1,0,0
termination,NOUN,1,0,0
invariable,ADJ,1,0,0
goodwise,NOUN,1,0,0
negative,VERB,1,0,0
strengthen,VERB,1,0,0
affix,PROPN,1,0,1
emphasis,NOUN,1,0,0
UNCOLD,PROPN,1,0,1
pluscold,ADJ,1,0,0
doublepluscold,NOUN,1,0,0
superlatively,ADV,1,0,0
modify,VERB,1,0,0
prepositional,ADJ,1,0,0
BAD,PROPN,1,0,1
DARK,PROPN,1,0,1
unlight,NOUN,1,0,0
UNDARK,PROPN,1,0,1
preference,NOUN,1,0,0
verb,VERB,1,0,0
STEAL,PROPN,1,0,1
THINKED,PROPN,1,0,1
SWAM,PROPN,1,0,1
BROUGHT,PROPN,1,0,1
SPOKE,PROPN,1,0,1
TAKEN,PROPN,1,0,1
MAN,PROPN,1,0,1
OX,PROPN,1,0,1
MANS,PROPN,1,0,1
OXES,PROPN,1,0,1
lifes,NOUN,1,0,0
GOODER,PROPN,1,0,1
GOODEST,PROPN,1,0,1
irregularly,ADV,1,0,0
pronoun,NOUN,1,0,0
relative,NOUN,1,0,0
demonstrative,ADJ,1,0,0
auxiliary,ADJ,1,0,0
usage,NOUN,1,0,0
WHOM,PROPN,1,1,1
SHALL,PROPN,1,0,1
SHOULD,PROPN,1,1,1
tense,NOUN,1,0,0
WILL,PROPN,1,1,1
WOULD,PROPN,1,1,1
irregularity,NOUN,1,0,0
incorrectly,ADV,1,0,0
ipso,ADV,1,0,0
facto,X,1,0,0
insert,VERB,1,0,0
pronunciation,NOUN,1,0,0
essay,NOUN,1,0,0
implication,NOUN,1,0,0
correctly,ADV,1,0,0
paraphrase,NOUN,1,0,0
overtone,NOUN,1,0,0
shorthand,NOUN,1,0,0
forcible,ADJ,1,0,0
SPEAKWRITE,PROPN,1,0,1
weld,VERB,1,0,0
amalgam,NOUN,1,0,0
orthodoxy,ADV,1,0,0
tense,ADJ,1,0,0
GOODTHINKED,PROPN,1,0,1
thinking,NOUN,1,0,0
GOODTHINKWISE,PROPN,1,0,1
GOODTHINKER,PROPN,1,0,1
latter,ADJ,1,1,0
securing,NOUN,1,0,0
euphony,NOUN,1,0,0
MINILUV,PROPN,1,0,1
MINITRUTHFUL,PROPN,1,0,1
MINIPEACEFUL,PROPN,1,0,1
MINILOVELY,PROPN,1,0,1
subtilize,VERB,1,0,0
oldthinker,NOUN,1,0,0
UNBELLYFEEL,PROPN,1,0,1
rendering,NOUN,1,0,0
adequate,ADJ,1,0,0
thoroughly,ADV,1,0,0
wickedness,NOUN,1,0,0
decadence,NOUN,1,0,0
comprehensive,ADJ,1,0,0
compiler,NOUN,1,0,0
convenience,NOUN,1,0,0
HONOUR,PROPN,1,0,1
JUSTICE,PROPN,1,0,1
MORALITY,PROPN,1,0,1
internationalism,NOUN,1,0,0
DEMOCRACY,PROPN,1,0,1
SCIENCE,PROPN,1,0,1
RELIGION,PROPN,1,0,1
objectivity,NOUN,1,0,0
rationalism,NOUN,1,0,0
Hebrew,PROPN,1,0,1
worship,VERB,1,0,0
Baal,PROPN,1,0,1
Osiris,PROPN,1,0,1
Moloch,PROPN,1,0,1
Ashtaroth,PROPN,1,0,1
commandment,NOUN,1,0,0
attribute,NOUN,1,0,0
constitute,VERB,1,0,0
exceedingly,ADV,1,0,0
generalize,VERB,1,0,0
departure,NOUN,1,0,0
immorality,NOUN,1,0,0
misdeed,NOUN,1,0,0
enumerate,VERB,1,0,0
culpable,ADJ,1,0,0
c,NOUN,1,0,0
specialized,ADJ,1,0,0
aberration,NOUN,1,0,0
perception,NOUN,1,0,0
nonexistent,ADJ,1,0,0
euphemism,NOUN,1,0,0
contemptuous,ADJ,1,0,0
prolefeed,ADJ,1,0,0
connotation,NOUN,1,0,0
recdep,NOUN,1,0,0
FICDEP,PROPN,1,0,1
Teleprogrammes,PROPN,1,0,1
teledep,NOUN,1,0,0
telescope,VERB,1,0,0
NAZI,PROPN,1,0,1
GESTAPO,PROPN,1,0,1
INPRECORR,PROPN,1,0,1
AGITPROP,PROPN,1,0,1
cle,VERB,1,0,0
Karl,PROPN,1,0,1
Marx,PROPN,1,0,1
Commune,PROPN,1,0,1
knit,VERB,1,0,0
MINISTRY,PROPN,1,0,1
TRUTH,PROPN,1,0,1
outweigh,VERB,1,0,0
exactitude,NOUN,1,0,0
echo,NOUN,1,0,0
goodthink,ADJ,1,0,0
PROLEFEED,PROPN,1,0,1
stress,NOUN,1,0,0
gabbling,NOUN,1,0,0
monotonous,ADJ,1,0,0
ethical,ADJ,1,0,0
foolproof,ADJ,1,0,0
differ,VERB,1,0,0
gain,NOUN,1,0,0
duckspeak,VERB,1,0,0
duckspeaker,NOUN,1,0,0
value,VERB,1,0,0
compliment,NOUN,1,0,0
supplementary,ADJ,1,0,0
currency,NOUN,1,0,0
smattering,NOUN,1,0,0
irrespective,ADV,1,0,0
forego,VERB,1,0,0
nigh,NOUN,1,0,0
species,NOUN,1,0,0
blasphemy,NOUN,1,0,0
reasoned,ADJ,1,0,0
entertain,VERB,1,0,0
lump,VERB,1,0,0
illegitimately,ADV,1,0,0
ARE,PROPN,1,1,1
REDHAIRED,PROPN,1,0,1
oldspeak,ADJ,1,0,0
theoretically,ADV,1,0,0
queen,NOUN,1,0,0
rook,NOUN,1,0,0
pronounced,ADJ,1,0,0
rigid,ADJ,1,0,0
censor,VERB,1,0,0
untranslatable,ADJ,1,0,0
approximately,ADV,1,0,0
Declaration,PROPN,1,0,1
Independence,PROPN,1,0,1
TRUTHS,PROPN,1,0,1
EVIDENT,PROPN,1,0,1
endowed,NOUN,1,0,0
creator,NOUN,1,0,0
INALIENABLE,PROPN,1,0,1
LIBERTY,PROPN,1,0,1
PURSUIT,PROPN,1,0,1
HAPPINESS,PROPN,1,0,1
that,NOUN,1,1,0
institute,VERB,1,0,0
CONSENT,PROPN,1,0,1
GOVERNED,PROPN,1,0,1
destructive,NOUN,1,0,0
ENDS,PROPN,1,0,1
INSTITUTE,PROPN,1,0,1
NEW,PROPN,1,0,1
GOVERNMENT,PROPN,1,0,1
whereby,SCONJ,1,1,0
Jefferson,PROPN,1,0,1
panegyric,NOUN,1,0,0
prestige,NOUN,1,0,0
writer,NOUN,1,0,0
Swift,PROPN,1,0,1
Dickens,PROPN,1,0,1
utilitarian,ADJ,1,0,0
manual,NOUN,1,0,0
adoption,NOUN,1,0,0
