lemma,pos,count,is_stopword,is_proper_noun
the,DET,4079,1,0
of,ADP,2772,1,0
be,AUX,2741,1,0
and,CCONJ,2609,1,0
i,PRON,2207,1,0
a,DET,1605,1,0
in,ADP,1567,1,0
to,PART,1388,1,0
he,PRON,1091,1,0
to,ADP,1005,1,0
have,AUX,919,1,0
it,PRON,795,1,0
for,ADP,763,1,0
my,PRON,711,1,0
with,ADP,697,1,0
his,PRON,648,1,0
they,PRON,638,1,0
as,ADP,565,1,0
that,SCONJ,546,1,0
by,ADP,542,1,0
not,PART,480,1,0
which,DET,457,1,0
we,PRON,451,1,0
at,ADP,448,1,0
but,CCONJ,414,1,0
on,ADP,405,1,0
this,DET,388,1,0
from,ADP,327,1,0
or,CCONJ,323,1,0
their,PRON,293,1,0
an,DET,266,1,0
some,DET,265,1,0
all,DET,254,1,0
our,PRON,248,1,0
make,VERB,247,1,0
one,NUM,247,1,0
you,PRON,234,1,0
who,PRON,232,1,0
that,DET,225,1,0
so,ADV,222,1,0
when,SCONJ,222,1,0
give,VERB,205,1,0
time,NOUN,198,0,0
would,AUX,194,1,0
do,AUX,193,1,0
great,ADJ,180,0,0
take,VERB,175,1,0
if,SCONJ,174,1,0
man,NOUN,165,0,0
that,PRON,160,1,0
any,DET,159,1,0
find,VERB,158,0,0
good,ADJ,158,0,0
say,VERB,156,1,0
think,VERB,155,0,0
no,DET,154,1,0
should,AUX,152,1,0
other,ADJ,149,1,0
then,ADV,148,1,0
might,AUX,141,1,0
see,VERB,140,1,0
into,ADP,136,1,0
work,NOUN,136,0,0
very,ADV,134,1,0
go,VERB,131,1,0
little,ADJ,130,0,0
year,NOUN,129,0,0
business,NOUN,126,0,0
Franklin,PROPN,125,0,1
could,AUX,123,1,0
will,AUX,121,1,0
have,VERB,112,0,0
house,NOUN,111,0,0
these,DET,110,1,0
what,PRON,110,1,0
she,PRON,109,1,0
friend,NOUN,109,0,0
day,NOUN,107,0,0
now,ADV,106,1,0
come,VERB,106,0,0
as,ADV,106,1,0
out,ADP,104,1,0
there,PRON,104,1,0
well,ADV,104,1,0
up,ADP,104,1,0
may,AUX,102,1,0
write,VERB,100,0,0
soon,ADV,100,0,0
after,ADP,98,1,0
more,ADJ,97,1,0
upon,SCONJ,97,1,0
know,VERB,96,0,0
before,ADP,95,1,0
many,ADJ,94,1,0
more,ADV,93,1,0
paper,NOUN,91,0,0
than,ADP,90,1,0
first,ADJ,87,1,0
such,ADJ,86,1,0
those,DET,86,1,0
two,NUM,85,1,0
Gutenberg,PROPN,84,0,1
Project,PROPN,83,0,1
people,NOUN,83,0,0
where,SCONJ,82,1,0
money,NOUN,81,0,0
pay,VERB,80,0,0
never,ADV,80,1,0
letter,NOUN,79,0,0
only,ADV,77,1,0
without,ADP,77,1,0
part,NOUN,75,1,0
each,DET,75,1,0
leave,VERB,75,0,0
much,ADJ,75,1,0
another,DET,74,1,0
too,ADV,74,1,0
myself,PRON,73,1,0
among,ADP,72,1,0
however,ADV,72,1,0
book,NOUN,72,0,0
hand,NOUN,71,0,0
its,PRON,71,1,0
must,AUX,71,1,0
England,PROPN,70,0,1
there,ADV,70,1,0
Philadelphia,PROPN,68,0,1
keep,VERB,68,1,0
therefore,ADV,67,1,0
meet,VERB,65,0,0
much,ADV,65,1,0
send,VERB,65,0,0
every,DET,64,1,0
read,VERB,64,0,0
get,VERB,64,1,0
New,PROPN,63,0,1
young,ADJ,63,0,0
governor,NOUN,63,0,0
about,ADP,62,1,0
put,VERB,62,1,0
street,NOUN,62,0,0
life,NOUN,62,0,0
thing,NOUN,62,0,0
bring,VERB,61,0,0
old,ADJ,60,0,0
set,VERB,60,0,0
do,VERB,60,1,0
father,NOUN,60,0,0
begin,VERB,59,0,0
account,NOUN,59,0,0
Assembly,PROPN,59,0,1
tell,VERB,58,0,0
own,ADJ,57,1,0
same,ADJ,57,1,0
under,ADP,56,1,0
country,NOUN,56,0,0
often,ADV,56,1,0
few,ADJ,55,1,0
way,NOUN,54,0,0
still,ADV,54,1,0
your,PRON,54,1,0
new,ADJ,54,0,0
order,NOUN,54,0,0
till,SCONJ,54,0,0
tho,PROPN,54,0,1
most,ADV,53,1,0
while,SCONJ,53,1,0
company,NOUN,53,0,0
etc,X,53,0,0
several,ADJ,53,1,0
become,VERB,53,1,0
public,ADJ,52,0,0
law,NOUN,51,0,0
near,ADP,51,0,0
use,NOUN,50,0,0
hear,VERB,50,0,0
continue,VERB,50,0,0
can,AUX,50,1,0
small,ADJ,50,0,0
shall,AUX,49,0,0
print,VERB,49,0,0
sometimes,ADV,48,1,0
number,NOUN,48,0,0
use,VERB,47,1,0
other,NOUN,47,1,0
draw,VERB,47,0,0
first,ADV,47,1,0
far,ADV,46,1,0
opinion,NOUN,46,0,0
himself,PRON,46,1,0
service,NOUN,46,0,0
between,ADP,46,1,0
place,NOUN,45,0,0
return,VERB,45,0,0
so,SCONJ,45,1,0
London,PROPN,44,0,1
carry,VERB,44,0,0
perhaps,ADV,44,1,0
live,VERB,44,0,0
three,NUM,44,1,0
occasion,NOUN,44,0,0
term,NOUN,42,0,0
her,PRON,42,1,0
follow,VERB,42,0,0
printing,NOUN,42,0,0
member,NOUN,42,0,0
Boston,PROPN,41,0,1
common,ADJ,41,0,0
down,ADP,41,1,0
purpose,NOUN,41,0,0
pound,NOUN,41,0,0
since,SCONJ,41,1,0
agree,VERB,41,0,0
York,PROPN,40,0,1
again,ADV,40,1,0
against,ADP,40,1,0
Pennsylvania,PROPN,39,0,1
how,SCONJ,39,1,0
also,ADV,39,1,0
call,VERB,39,1,0
affair,NOUN,39,0,0
receive,VERB,39,0,0
whom,PRON,39,1,0
attend,VERB,39,0,0
hundred,NUM,38,1,0
over,ADP,38,1,0
here,ADV,38,1,0
person,NOUN,38,0,0
length,NOUN,38,0,0
Keimer,PROPN,38,0,1
together,ADV,37,1,0
always,ADV,37,1,0
yet,ADV,37,1,0
son,NOUN,37,0,0
obtain,VERB,37,0,0
both,DET,36,1,0
such,DET,36,1,0
brother,NOUN,36,0,0
virtue,NOUN,36,0,0
generally,ADV,35,0,0
nothing,PRON,35,1,0
conversation,NOUN,35,0,0
writing,NOUN,35,0,0
copy,NOUN,35,0,0
well,ADJ,35,1,0
advantage,NOUN,35,0,0
grow,VERB,35,0,0
accordingly,ADV,35,0,0
necessary,ADJ,35,0,0
interest,NOUN,34,0,0
seem,VERB,34,1,0
piece,NOUN,34,0,0
because,SCONJ,34,1,0
different,ADJ,34,0,0
thus,ADV,34,1,0
ever,ADV,34,1,0
about,ADV,34,1,0
Autobiography,PROPN,33,0,1
project,NOUN,33,0,0
House,PROPN,33,0,1
let,VERB,33,0,0
horse,NOUN,33,0,0
appear,VERB,32,0,0
case,NOUN,32,0,0
publish,VERB,32,0,0
next,ADJ,32,1,0
one,NOUN,32,1,0
once,ADV,31,1,0
thro,NOUN,31,0,0
show,VERB,31,1,0
town,NOUN,31,0,0
consider,VERB,31,0,0
expect,VERB,31,0,0
week,NOUN,31,0,0
mention,VERB,31,0,0
long,ADV,31,0,0
child,NOUN,31,0,0
poor,ADJ,31,0,0
general,ADJ,31,0,0
America,PROPN,30,0,1
immediately,ADV,30,0,0
manner,NOUN,30,0,0
success,NOUN,30,0,0
point,NOUN,30,0,0
family,NOUN,30,0,0
four,NUM,30,1,0
afterwards,ADV,30,1,0
province,NOUN,30,0,0
waggon,NOUN,30,0,0
stand,VERB,29,0,0
work,VERB,29,0,0
agreement,NOUN,29,0,0
instruction,NOUN,29,0,0
mean,NOUN,29,0,0
printer,NOUN,29,0,0
learn,VERB,29,0,0
ship,NOUN,29,0,0
king,NOUN,28,0,0
plan,NOUN,28,0,0
mind,NOUN,28,0,0
reason,NOUN,28,0,0
experiment,NOUN,28,0,0
word,NOUN,28,0,0
five,NUM,28,1,0
full,ADJ,28,1,0
general,NOUN,28,0,0
most,ADJ,27,1,0
world,NOUN,27,0,0
evening,NOUN,27,0,0
provide,VERB,27,0,0
like,ADP,27,0,0
just,ADV,27,1,0
able,ADJ,27,0,0
name,NOUN,27,1,0
indeed,ADV,27,1,0
fire,NOUN,27,0,0
good,NOUN,27,0,0
line,NOUN,27,0,0
propose,VERB,27,0,0
water,NOUN,27,0,0
conduct,NOUN,27,0,0
off,ADP,27,1,0
electronic,ADJ,27,0,0
language,NOUN,26,0,0
Richard,PROPN,26,0,1
character,NOUN,26,0,0
themselves,PRON,26,1,0
even,ADV,26,1,0
acquaintance,NOUN,26,0,0
buy,VERB,26,0,0
sect,NOUN,26,0,0
thousand,NUM,26,0,0
happen,VERB,25,0,0
page,NOUN,25,0,0
employ,VERB,25,0,0
establish,VERB,25,0,0
ready,ADJ,25,0,0
useful,ADJ,25,0,0
William,PROPN,25,0,1
remain,VERB,25,0,0
kind,NOUN,25,0,0
choose,VERB,25,0,0
care,NOUN,25,0,0
want,NOUN,25,0,0
night,NOUN,25,0,0
avoid,VERB,25,0,0
Poor,PROPN,24,0,1
school,NOUN,24,0,0
bear,VERB,24,0,0
colony,NOUN,24,0,0
believe,VERB,24,0,0
long,ADJ,24,0,0
intend,VERB,24,0,0
twenty,NUM,24,1,0
deal,NOUN,24,0,0
officer,NOUN,24,0,0
woman,NOUN,24,0,0
expense,NOUN,24,0,0
defense,NOUN,24,0,0
Foundation,PROPN,24,0,1
strong,ADJ,23,0,0
want,VERB,23,0,0
method,NOUN,23,0,0
shop,NOUN,23,0,0
present,ADJ,23,0,0
master,NOUN,23,0,0
edition,NOUN,23,0,0
pleasure,NOUN,23,0,0
state,NOUN,23,0,0
though,SCONJ,23,1,0
form,VERB,23,0,0
foot,NOUN,23,0,0
spend,VERB,23,0,0
inhabitant,NOUN,23,0,0
distribute,VERB,22,0,0
lay,VERB,22,0,0
type,NOUN,22,0,0
degree,NOUN,22,0,0
fall,VERB,22,0,0
rest,NOUN,22,0,0
instance,NOUN,22,0,0
above,ADP,22,1,0
morning,NOUN,22,0,0
acquaint,VERB,22,0,0
procure,VERB,22,0,0
office,NOUN,22,0,0
debt,NOUN,22,0,0
Ralph,PROPN,22,0,1
building,NOUN,22,0,0
army,NOUN,22,0,0
United,PROPN,21,0,1
door,NOUN,21,0,0
press,NOUN,21,0,0
end,NOUN,21,0,0
whose,DET,21,1,0
lose,VERB,21,0,0
library,NOUN,21,0,0
probably,ADV,21,0,0
fifty,NUM,21,1,0
remember,VERB,21,0,0
circumstance,NOUN,21,0,0
God,PROPN,21,0,1
speak,VERB,21,0,0
all,ADV,21,1,0
pamphlet,NOUN,21,0,0
head,NOUN,21,0,0
recommend,VERB,21,0,0
captain,NOUN,21,0,0
easy,ADJ,21,0,0
States,PROPN,20,0,1
include,VERB,20,0,0
matter,NOUN,20,0,0
fortune,NOUN,20,0,0
age,NOUN,20,0,0
French,PROPN,20,0,1
Sir,PROPN,20,0,1
english,ADJ,20,0,0
form,NOUN,20,0,0
during,ADP,20,1,0
John,PROPN,20,0,1
short,ADJ,20,0,0
undertake,VERB,20,0,0
breed,VERB,20,0,0
fault,NOUN,20,0,0
gentleman,NOUN,20,0,0
government,NOUN,20,0,0
war,NOUN,20,0,0
large,ADJ,20,0,0
side,NOUN,20,1,0
wish,VERB,20,0,0
shilling,NOUN,20,0,0
proprietary,NOUN,20,0,0
act,NOUN,20,0,0
Benjamin,PROPN,19,0,1
club,NOUN,19,0,0
free,ADJ,19,0,0
story,NOUN,19,0,0
offer,VERB,19,0,0
practice,NOUN,19,0,0
opportunity,NOUN,19,0,0
high,ADJ,19,0,0
writer,NOUN,19,0,0
power,NOUN,19,0,0
contain,VERB,19,0,0
newspaper,NOUN,19,0,0
collection,NOUN,19,0,0
month,NOUN,19,0,0
sell,VERB,19,0,0
before,ADV,19,1,0
notice,NOUN,19,0,0
something,PRON,19,1,0
ten,NUM,19,1,0
whole,NOUN,19,1,0
intention,NOUN,19,0,0
proposal,NOUN,19,0,0
eat,VERB,19,0,0
rather,ADV,19,1,0
city,NOUN,19,0,0
sum,NOUN,19,0,0
bill,NOUN,19,0,0
copyright,NOUN,19,0,0
party,NOUN,18,0,0
knowledge,NOUN,18,0,0
boy,NOUN,18,0,0
beginning,NOUN,18,0,0
second,ADJ,18,0,0
view,NOUN,18,0,0
last,ADJ,18,1,0
considerable,ADJ,18,0,0
ask,VERB,18,0,0
desire,VERB,18,0,0
ingenious,ADJ,18,0,0
suppose,VERB,18,0,0
teach,VERB,18,0,0
wife,NOUN,18,0,0
six,NUM,18,1,0
proceed,VERB,18,0,0
afford,VERB,18,0,0
advice,NOUN,18,0,0
habit,NOUN,18,0,0
certain,ADJ,18,0,0
nor,CCONJ,18,1,0
answer,NOUN,18,0,0
Bradford,PROPN,18,0,1
meeting,NOUN,18,0,0
respect,VERB,18,0,0
principle,NOUN,18,0,0
arrive,VERB,18,0,0
rule,NOUN,18,0,0
donation,NOUN,18,0,0
provision,NOUN,18,0,0
away,ADV,17,0,0
appearance,NOUN,17,0,0
study,NOUN,17,0,0
difficulty,NOUN,17,0,0
build,VERB,17,0,0
american,ADJ,17,0,0
influence,NOUN,17,0,0
assist,VERB,17,0,0
style,NOUN,17,0,0
idea,NOUN,17,0,0
James,PROPN,17,0,1
effect,NOUN,17,0,0
note,NOUN,17,0,0
die,VERB,17,0,0
particular,ADJ,17,0,0
religion,NOUN,17,0,0
Quakers,PROPN,17,0,1
boat,NOUN,17,0,0
sensible,ADJ,17,0,0
attention,NOUN,17,0,0
whether,SCONJ,17,1,0
bad,ADJ,17,0,0
hour,NOUN,17,0,0
proper,ADJ,17,0,0
prevent,VERB,17,0,0
room,NOUN,17,0,0
answer,VERB,17,0,0
understand,VERB,17,0,0
appoint,VERB,17,0,0
store,NOUN,17,0,0
subscription,NOUN,17,0,0
information,NOUN,16,0,0
produce,VERB,16,0,0
history,NOUN,16,0,0
through,ADP,16,1,0
clear,ADJ,16,0,0
industry,NOUN,16,0,0
only,ADJ,16,1,0
acquire,VERB,16,0,0
pass,VERB,16,0,0
mean,VERB,16,0,0
accept,VERB,16,0,0
forget,VERB,16,0,0
sermon,NOUN,16,0,0
private,ADJ,16,0,0
estate,NOUN,16,0,0
employment,NOUN,16,0,0
low,ADJ,16,0,0
afterward,ADV,16,0,0
course,NOUN,16,0,0
dispute,NOUN,16,0,0
look,VERB,16,0,0
right,NOUN,16,0,0
conclude,VERB,16,0,0
passage,NOUN,16,0,0
endeavour,VERB,16,0,0
Junto,PROPN,16,0,1
enemy,NOUN,16,0,0
back,ADP,16,1,0
English,PROPN,15,0,1
early,ADJ,15,0,0
original,ADJ,15,0,0
France,PROPN,15,0,1
Lord,PROPN,15,0,1
turn,VERB,15,0,0
express,VERB,15,0,0
volume,NOUN,15,0,0
like,VERB,15,0,0
one,PRON,15,1,0
fair,ADJ,15,0,0
encourage,VERB,15,0,0
George,PROPN,15,0,1
observe,VERB,15,0,0
except,SCONJ,15,1,0
return,NOUN,15,0,0
scheme,NOUN,15,0,0
whole,ADJ,15,1,0
General,PROPN,15,0,1
tax,NOUN,15,0,0
almost,ADV,14,1,0
author,NOUN,14,0,0
help,VERB,14,0,0
importance,NOUN,14,0,0
cause,NOUN,14,0,0
improvement,NOUN,14,0,0
century,NOUN,14,0,0
improve,VERB,14,0,0
early,ADV,14,0,0
respect,NOUN,14,0,0
Paris,PROPN,14,0,1
engage,VERB,14,0,0
imagine,VERB,14,0,0
leisure,NOUN,14,0,0
inclination,NOUN,14,0,0
persuade,VERB,14,0,0
furnish,VERB,14,0,0
viz,PROPN,14,0,1
remove,VERB,14,0,0
accompany,VERB,14,0,0
favour,NOUN,14,0,0
pretty,ADV,14,0,0
workman,NOUN,14,0,0
discourse,NOUN,14,0,0
fee,NOUN,14,0,0
measure,NOUN,14,0,0
citizen,NOUN,14,0,0
already,ADV,14,1,0
clean,ADJ,14,0,0
board,NOUN,14,0,0
anything,PRON,14,1,0
credit,NOUN,14,0,0
raise,VERB,14,0,0
subject,NOUN,14,0,0
thee,PRON,14,0,0
clerk,NOUN,14,0,0
require,VERB,14,0,0
add,VERB,14,0,0
merchant,NOUN,14,0,0
Governor,PROPN,14,0,1
comply,VERB,14,0,0
perform,VERB,14,0,0
assistance,NOUN,14,0,0
easily,ADV,14,0,0
Indians,PROPN,14,0,1
troop,NOUN,14,0,0
packet,NOUN,14,0,0
copy,VERB,13,0,0
Thomas,PROPN,13,0,1
home,ADV,13,0,0
cut,VERB,13,0,0
yet,CCONJ,13,1,0
famous,ADJ,13,0,0
fail,VERB,13,0,0
within,ADP,13,1,0
youth,NOUN,13,0,0
sense,NOUN,13,0,0
self,NOUN,13,0,0
possible,ADJ,13,0,0
refuse,VERB,13,0,0
Society,PROPN,13,0,1
eight,NUM,13,1,0
right,ADJ,13,0,0
present,VERB,13,0,0
excellent,ADJ,13,0,0
doctrine,NOUN,13,0,0
manuscript,NOUN,13,0,0
home,NOUN,13,0,0
succeed,VERB,13,0,0
conceive,VERB,13,0,0
please,VERB,13,1,0
enable,VERB,13,0,0
relate,VERB,13,0,0
thirty,NUM,13,0,0
distance,NOUN,13,0,0
table,NOUN,13,0,0
judgment,NOUN,13,0,0
sea,NOUN,13,0,0
discover,VERB,13,0,0
break,VERB,13,0,0
walk,VERB,13,0,0
reading,NOUN,13,0,0
apprehend,VERB,13,0,0
settle,VERB,13,0,0
sentiment,NOUN,13,0,0
bread,NOUN,13,0,0
mine,NOUN,13,1,0
light,NOUN,13,0,0
mile,NOUN,13,0,0
least,ADJ,13,1,0
death,NOUN,13,0,0
wait,VERB,13,0,0
market,NOUN,13,0,0
after,ADV,13,1,0
lodging,NOUN,13,0,0
commission,NOUN,13,0,0
sufficient,ADJ,13,0,0
message,NOUN,13,0,0
profitable,ADJ,13,0,0
partnership,NOUN,13,0,0
proprietary,ADJ,13,0,0
trademark,NOUN,13,0,0
paragraph,NOUN,13,0,0
Literary,PROPN,13,0,1
Archive,PROPN,13,0,1
force,NOUN,12,0,0
certainly,ADV,12,0,0
turn,NOUN,12,0,0
duty,NOUN,12,0,0
relation,NOUN,12,0,0
lead,VERB,12,0,0
itself,PRON,12,1,0
sign,VERB,12,0,0
Royal,PROPN,12,0,1
natural,ADJ,12,0,0
determine,VERB,12,0,0
argument,NOUN,12,0,0
liberty,NOUN,12,0,0
change,NOUN,12,0,0
error,NOUN,12,0,0
sit,VERB,12,0,0
serve,VERB,12,0,0
strike,VERB,12,0,0
trouble,NOUN,12,0,0
hold,VERB,12,0,0
frequently,ADV,12,0,0
thirteen,NUM,12,0,0
apprentice,NOUN,12,0,0
trade,NOUN,12,0,0
body,NOUN,12,0,0
lie,VERB,12,0,0
either,CCONJ,12,1,0
regard,NOUN,12,0,0
society,NOUN,12,0,0
difference,NOUN,12,0,0
access,NOUN,12,0,0
compose,VERB,12,0,0
Collins,PROPN,12,0,1
question,NOUN,12,0,0
enough,ADV,12,1,0
continually,ADV,12,0,0
promote,VERB,12,0,0
likely,ADJ,12,0,0
none,NOUN,12,1,0
wind,NOUN,12,0,0
prove,VERB,12,0,0
Read,PROPN,12,0,1
request,VERB,12,0,0
doubt,VERB,12,0,0
honour,NOUN,12,0,0
happy,ADJ,12,0,0
thy,PRON,12,0,0
treat,VERB,12,0,0
promise,NOUN,12,0,0
per,ADP,12,1,0
purchase,VERB,12,0,0
Britain,PROPN,12,0,1
payment,NOUN,12,0,0
solicit,VERB,12,0,0
sweep,VERB,12,0,0
fort,NOUN,12,0,0
whistle,NOUN,12,0,0
FRANKLIN,PROPN,11,0,1
Braddock,PROPN,11,0,1
secret,NOUN,11,0,0
example,NOUN,11,0,0
share,NOUN,11,0,0
fact,NOUN,11,0,0
advance,VERB,11,0,0
no,ADV,11,1,0
truth,NOUN,11,0,0
mark,VERB,11,0,0
expression,NOUN,11,0,0
visit,NOUN,11,0,0
twelve,NUM,11,1,0
constant,ADJ,11,0,0
situation,NOUN,11,0,0
back,ADV,11,1,0
danger,NOUN,11,0,0
publick,NOUN,11,0,0
latter,ADJ,11,1,0
visit,VERB,11,0,0
fix,VERB,11,0,0
adopt,VERB,11,0,0
erect,VERB,11,0,0
poet,NOUN,11,0,0
enter,VERB,11,0,0
yourself,PRON,11,1,0
suspect,VERB,11,0,0
really,ADV,11,1,0
council,NOUN,11,0,0
pocket,NOUN,11,0,0
servant,NOUN,11,0,0
lodge,VERB,11,0,0
fast,ADV,11,0,0
promise,VERB,11,0,0
owner,NOUN,11,0,0
forty,NUM,11,1,0
everything,PRON,11,1,0
Colonel,PROPN,11,0,1
strongly,ADV,11,0,0
resolution,NOUN,11,0,0
observation,NOUN,11,0,0
support,VERB,11,0,0
article,NOUN,11,0,0
Meredith,PROPN,11,0,1
true,ADJ,11,0,0
compliance,NOUN,11,0,0
ground,NOUN,11,0,0
military,ADJ,11,0,0
carriage,NOUN,11,0,0
lordship,NOUN,11,0,0
anyone,PRON,10,1,0
invite,VERB,10,0,0
court,NOUN,10,0,0
commissioner,NOUN,10,0,0
reach,VERB,10,0,0
wise,ADJ,10,0,0
daily,ADJ,10,0,0
benefit,NOUN,10,0,0
display,VERB,10,0,0
remarkable,ADJ,10,0,0
thought,NOUN,10,0,0
found,VERB,10,0,0
explain,VERB,10,0,0
reputation,NOUN,10,0,0
demand,NOUN,10,0,0
correct,VERB,10,0,0
journey,NOUN,10,0,0
agreeable,ADJ,10,0,0
future,ADJ,10,0,0
mother,NOUN,10,0,0
entitle,VERB,10,0,0
verse,NOUN,10,0,0
scholar,NOUN,10,0,0
allow,VERB,10,0,0
conduct,VERB,10,0,0
stone,NOUN,10,0,0
consult,VERB,10,0,0
dinner,NOUN,10,0,0
instruct,VERB,10,0,0
seven,NUM,10,0,0
borrow,VERB,10,0,0
Captain,PROPN,10,0,1
friendship,NOUN,10,0,0
seldom,ADV,10,0,0
sake,NOUN,10,0,0
prepare,VERB,10,0,0
drink,VERB,10,0,0
less,ADJ,10,1,0
communicate,VERB,10,0,0
otherwise,ADV,10,1,0
passenger,NOUN,10,0,0
towards,ADP,10,1,0
rum,NOUN,10,0,0
thereby,ADV,10,1,0
stranger,NOUN,10,0,0
watch,NOUN,10,0,0
important,ADJ,10,0,0
advise,VERB,10,0,0
throw,VERB,10,0,0
reasonable,ADJ,10,0,0
open,VERB,10,0,0
preach,VERB,10,0,0
Osborne,PROPN,10,0,1
particularly,ADV,10,0,0
secretary,NOUN,10,0,0
Hamilton,PROPN,10,0,1
loss,NOUN,10,0,0
idle,ADJ,10,0,0
increase,VERB,10,0,0
profit,NOUN,10,0,0
committee,NOUN,10,0,0
vote,NOUN,10,0,0
execution,NOUN,10,0,0
contribution,NOUN,10,0,0
value,NOUN,10,0,0
trustee,NOUN,10,0,0
mud,NOUN,10,0,0
camp,NOUN,10,0,0
march,NOUN,10,0,0
kite,NOUN,10,0,0
eBook,PROPN,9,0,1
License,PROPN,9,0,1
N,PROPN,9,0,1
Public,PROPN,9,0,1
Samuel,PROPN,9,0,1
arm,NOUN,9,0,0
following,ADJ,9,0,0
literature,NOUN,9,0,0
daily,ADV,9,0,0
vanity,NOUN,9,0,0
Washington,PROPN,9,0,1
abroad,ADV,9,0,0
wisdom,NOUN,9,0,0
hardly,ADV,9,0,0
less,ADV,9,1,0
American,PROPN,9,0,1
translate,VERB,9,0,0
land,NOUN,9,0,0
political,ADJ,9,0,0
eighteenth,ADJ,9,0,0
due,ADJ,9,1,0
publication,NOUN,9,0,0
correspondence,NOUN,9,0,0
Europe,PROPN,9,0,1
gradually,ADV,9,0,0
essay,NOUN,9,0,0
finally,ADV,9,0,0
meantime,NOUN,9,0,0
daughter,NOUN,9,0,0
Bigelow,PROPN,9,0,1
art,NOUN,9,0,0
permit,VERB,9,0,0
objection,NOUN,9,0,0
action,NOUN,9,0,0
curiosity,NOUN,9,0,0
principal,ADJ,9,0,0
undertaking,NOUN,9,0,0
preacher,NOUN,9,0,0
lately,ADV,9,0,0
open,ADJ,9,0,0
minister,NOUN,9,0,0
forbid,VERB,9,0,0
thither,NOUN,9,0,0
will,NOUN,9,1,0
stock,NOUN,9,0,0
quite,ADV,9,1,0
education,NOUN,9,0,0
progress,NOUN,9,0,0
fill,VERB,9,0,0
mere,ADJ,9,0,0
fit,ADJ,9,0,0
miss,VERB,9,0,0
honest,ADJ,9,0,0
extremely,ADV,9,0,0
companion,NOUN,9,0,0
supply,VERB,9,0,0
active,ADJ,9,0,0
resolve,VERB,9,0,0
bind,VERB,9,0,0
dispute,VERB,9,0,0
contrary,ADJ,9,0,0
occasion,VERB,9,0,0
air,NOUN,9,0,0
inform,VERB,9,0,0
opposition,NOUN,9,0,0
sure,ADJ,9,0,0
admit,VERB,9,0,0
beat,VERB,9,0,0
satisfaction,NOUN,9,0,0
sleep,VERB,9,0,0
river,NOUN,9,0,0
present,NOUN,9,0,0
run,VERB,9,0,0
leave,NOUN,9,0,0
application,NOUN,9,0,0
voyage,NOUN,9,0,0
convenient,ADJ,9,0,0
unless,SCONJ,9,1,0
list,NOUN,9,0,0
wood,NOUN,9,0,0
consideration,NOUN,9,0,0
defend,VERB,9,0,0
deliver,VERB,9,0,0
addition,NOUN,9,0,0
unwilling,ADJ,9,0,0
feel,VERB,9,0,0
beer,NOUN,9,0,0
below,ADV,9,1,0
nature,NOUN,9,0,0
frequent,ADJ,9,0,0
prayer,NOUN,9,0,0
examination,NOUN,9,0,0
design,NOUN,9,0,0
apply,VERB,9,0,0
association,NOUN,9,0,0
Morris,PROPN,9,0,1
grant,VERB,9,0,0
dust,NOUN,9,0,0
pavement,NOUN,9,0,0
Shirley,PROPN,9,0,1
sail,VERB,9,0,0
play,VERB,8,0,0
attain,VERB,8,0,0
Almanac,PROPN,8,0,1
soldier,NOUN,8,0,0
wide,ADJ,8,0,0
Father,PROPN,8,0,1
fund,NOUN,8,0,0
owe,VERB,8,0,0
silver,NOUN,8,0,0
Americans,PROPN,8,0,1
interesting,ADJ,8,0,0
real,ADJ,8,0,0
event,NOUN,8,0,0
similar,ADJ,8,0,0
philosopher,NOUN,8,0,0
study,VERB,8,0,0
hard,ADJ,8,0,0
ability,NOUN,8,0,0
concern,VERB,8,0,0
Spectator,PROPN,8,0,1
nearly,ADV,8,0,0
Temple,PROPN,8,0,1
Church,PROPN,8,0,1
text,NOUN,8,0,0
additional,ADJ,8,0,0
half,NOUN,8,0,0
besides,SCONJ,8,1,0
over,ADV,8,1,0
oblige,VERB,8,0,0
whatever,DET,8,1,0
toward,ADP,8,1,0
custom,NOUN,8,0,0
precede,VERB,8,0,0
absence,NOUN,8,0,0
county,NOUN,8,0,0
poetry,NOUN,8,0,0
consist,VERB,8,0,0
Charles,PROPN,8,0,1
prevail,VERB,8,0,0
mode,NOUN,8,0,0
approve,VERB,8,0,0
educate,VERB,8,0,0
well,INTJ,8,1,0
travel,VERB,8,0,0
place,VERB,8,0,0
wage,NOUN,8,0,0
lend,VERB,8,0,0
performance,NOUN,8,0,0
lawyer,NOUN,8,0,0
possibly,ADV,8,0,0
religious,ADJ,8,0,0
consequence,NOUN,8,0,0
create,VERB,8,0,0
love,VERB,8,0,0
repeat,VERB,8,0,0
approbation,NOUN,8,0,0
try,VERB,8,0,0
attempt,VERB,8,0,0
Keith,PROPN,8,0,1
sail,NOUN,8,0,0
wet,ADJ,8,0,0
bed,NOUN,8,0,0
join,VERB,8,0,0
breakfast,NOUN,8,0,0
prospect,NOUN,8,0,0
greatly,ADV,8,0,0
directly,ADV,8,0,0
act,VERB,8,0,0
Miss,PROPN,8,0,1
frugality,NOUN,8,0,0
spread,VERB,8,0,0
Vernon,PROPN,8,0,1
amount,VERB,8,1,0
omit,VERB,8,0,0
eighteen,NUM,8,0,0
o,INTJ,8,0,0
administration,NOUN,8,0,0
constantly,ADV,8,0,0
out,ADV,8,1,0
pint,NOUN,8,0,0
price,NOUN,8,0,0
instead,ADV,8,0,0
immediate,ADJ,8,0,0
neighbour,NOUN,8,0,0
neglect,VERB,8,0,0
above,ADV,8,1,0
vice,NOUN,8,0,0
exist,VERB,8,0,0
ruin,VERB,8,0,0
freely,ADV,8,0,0
subscriber,NOUN,8,0,0
utility,NOUN,8,0,0
disposition,NOUN,8,0,0
union,NOUN,8,0,0
institution,NOUN,8,0,0
support,NOUN,8,0,0
single,ADJ,8,0,0
wheel,NOUN,8,0,0
fine,ADJ,8,0,0
operation,NOUN,8,0,0
Whitefield,PROPN,8,0,1
regiment,NOUN,8,0,0
Penn,PROPN,8,0,1
order,VERB,8,0,0
associate,VERB,8,0,0
electric,ADJ,8,0,0
tax,VERB,8,0,0
protect,VERB,8,0,0
locate,VERB,7,0,0
date,NOUN,7,0,0
Life,PROPN,7,0,1
Albany,PROPN,7,0,1
regularly,ADV,7,0,0
hope,NOUN,7,0,0
grammar,NOUN,7,0,0
eagerly,ADV,7,0,0
experience,NOUN,7,0,0
rise,NOUN,7,0,0
impossible,ADJ,7,0,0
why,SCONJ,7,1,0
secure,VERB,7,0,0
satire,NOUN,7,0,0
especially,ADV,7,0,0
activity,NOUN,7,0,0
equally,ADV,7,0,0
fellow,NOUN,7,0,0
perceive,VERB,7,0,0
lightning,NOUN,7,0,0
gain,VERB,7,0,0
prose,NOUN,7,0,0
numerous,ADJ,7,0,0
moral,ADJ,7,0,0
personal,ADJ,7,0,0
change,VERB,7,0,0
phrase,NOUN,7,0,0
Passy,PROPN,7,0,1
urge,VERB,7,0,0
grandfather,NOUN,7,0,0
connection,NOUN,7,0,0
sentence,NOUN,7,0,0
reduce,VERB,7,0,0
Paul,PROPN,7,0,1
anecdote,NOUN,7,0,0
suitable,ADJ,7,0,0
imitate,VERB,7,0,0
choice,NOUN,7,0,0
british,ADJ,7,0,0
uncle,NOUN,7,0,0
assume,VERB,7,0,0
silk,NOUN,7,0,0
name,VERB,7,0,0
since,ADV,7,1,0
marry,VERB,7,0,0
ascribe,VERB,7,0,0
rise,VERB,7,0,0
middle,NOUN,7,0,0
profession,NOUN,7,0,0
maintain,VERB,7,0,0
request,NOUN,7,0,0
in,ADV,7,1,0
manage,VERB,7,0,0
assemble,VERB,7,0,0
constitution,NOUN,7,0,0
pleasing,ADJ,7,0,0
voice,NOUN,7,0,0
tend,VERB,7,0,0
prudent,ADJ,7,0,0
memory,NOUN,7,0,0
Island,PROPN,7,0,1
readily,ADV,7,0,0
expectation,NOUN,7,0,0
seat,NOUN,7,0,0
oppose,VERB,7,0,0
Pope,PROPN,7,0,1
Parliament,PROPN,7,0,1
journeyman,NOUN,7,0,0
kindly,ADV,7,0,0
desirous,ADJ,7,0,0
contradiction,NOUN,7,0,0
sort,NOUN,7,0,0
strength,NOUN,7,0,0
recollect,VERB,7,0,0
continual,ADJ,7,0,0
variety,NOUN,7,0,0
tolerable,ADJ,7,0,0
exercise,NOUN,7,0,0
save,VERB,7,0,0
light,ADJ,7,0,0
figure,NOUN,7,0,0
inconvenience,NOUN,7,0,0
arise,VERB,7,0,0
Carolina,PROPN,7,0,1
wear,VERB,7,0,0
round,NOUN,7,0,0
hard,ADV,7,0,0
friendly,ADJ,7,0,0
regular,ADJ,7,0,0
stay,VERB,7,0,0
row,VERB,7,0,0
land,VERB,7,0,0
nine,NUM,7,1,0
quantity,NOUN,7,0,0
face,NOUN,7,0,0
Quaker,PROPN,7,0,1
Newcastle,PROPN,7,0,1
concern,NOUN,7,0,0
assure,VERB,7,0,0
quit,VERB,7,0,0
window,NOUN,7,0,0
civil,ADJ,7,0,0
industrious,ADJ,7,0,0
discharge,VERB,7,0,0
chuse,VERB,7,0,0
introduce,VERB,7,0,0
suffer,VERB,7,0,0
about,ADJ,7,1,0
mutual,ADJ,7,0,0
transaction,NOUN,7,0,0
sailing,NOUN,7,0,0
Denham,PROPN,7,0,1
weather,NOUN,7,0,0
stationer,NOUN,7,0,0
Little,PROPN,7,0,1
spare,VERB,7,0,0
demand,VERB,7,0,0
alteration,NOUN,7,0,0
pay,NOUN,7,0,0
highly,ADV,7,0,0
whenever,SCONJ,7,1,0
hereafter,ADJ,7,1,0
serviceable,ADJ,7,0,0
persuasion,NOUN,7,0,0
Godfrey,PROPN,7,0,1
crown,NOUN,7,0,0
desire,NOUN,7,0,0
distribution,NOUN,7,0,0
accord,VERB,7,0,0
agent,NOUN,7,0,0
match,NOUN,7,0,0
almanac,NOUN,7,0,0
render,VERB,7,0,0
instrument,NOUN,7,0,0
dry,ADJ,7,0,0
precept,NOUN,7,0,0
hole,NOUN,7,0,0
late,ADJ,7,0,0
defeat,NOUN,7,0,0
Latin,PROPN,7,0,1
Virginia,PROPN,7,0,1
militia,NOUN,7,0,0
academy,NOUN,7,0,0
gun,NOUN,7,0,0
clause,NOUN,7,0,0
forth,ADP,7,0,0
lbs,NOUN,7,0,0
post,VERB,7,0,0
frontier,NOUN,7,0,0
Collinson,PROPN,7,0,1
Loudoun,PROPN,7,0,1
charge,VERB,7,0,0
Time,PROPN,7,0,1
eBooks,PROPN,7,0,1
refund,NOUN,7,0,0
title,NOUN,6,0,0
format,NOUN,6,0,0
A,PROPN,6,1,1
B,PROPN,6,0,1
quarrel,NOUN,6,0,0
Courant,PROPN,6,0,1
noise,NOUN,6,0,0
tree,NOUN,6,0,0
discourage,VERB,6,0,0
plentifully,ADV,6,0,0
key,NOUN,6,0,0
Abraham,PROPN,6,0,1
medal,NOUN,6,0,0
heart,NOUN,6,0,0
human,ADJ,6,0,0
nation,NOUN,6,0,0
Revolution,PROPN,6,0,1
spirit,NOUN,6,0,0
maxim,NOUN,6,0,0
wealthy,ADJ,6,0,0
eminent,ADJ,6,0,0
electricity,NOUN,6,0,0
gold,NOUN,6,0,0
modest,ADJ,6,0,0
clearness,NOUN,6,0,0
felicity,NOUN,6,0,0
church,NOUN,6,0,0
confusion,NOUN,6,0,0
condition,NOUN,6,0,0
start,VERB,6,0,0
later,ADV,6,0,0
Street,PROPN,6,0,1
examine,VERB,6,0,0
previous,ADJ,6,0,0
chapter,NOUN,6,0,0
blessing,NOUN,6,0,0
talk,VERB,6,0,0
scarce,ADJ,6,0,0
kind,ADJ,6,0,0
marriage,NOUN,6,0,0
occasional,ADJ,6,0,0
readiness,NOUN,6,0,0
declare,VERB,6,0,0
govern,VERB,6,0,0
tradesman,NOUN,6,0,0
occur,VERB,6,0,0
contend,VERB,6,0,0
fresh,ADJ,6,0,0
Christ,PROPN,6,0,1
eleven,NUM,6,1,0
fond,ADJ,6,0,0
cheap,ADJ,6,0,0
chiefly,ADV,6,0,0
thence,NOUN,6,1,0
justice,NOUN,6,0,0
fully,ADV,6,0,0
attendance,NOUN,6,0,0
board,VERB,6,0,0
presently,ADV,6,0,0
half,ADV,6,0,0
glass,NOUN,6,0,0
usually,ADV,6,0,0
hearer,NOUN,6,0,0
properly,ADV,6,0,0
sheet,NOUN,6,0,0
object,VERB,6,0,0
speaker,NOUN,6,0,0
resent,VERB,6,0,0
notwithstanding,ADP,6,0,0
management,NOUN,6,0,0
remainder,NOUN,6,0,0
execute,VERB,6,0,0
resentment,NOUN,6,0,0
round,ADV,6,0,0
proceeding,NOUN,6,0,0
PHILADELPHIA,PROPN,6,0,1
cross,VERB,6,0,0
Saturday,PROPN,6,0,1
ignorant,ADJ,6,0,0
dollar,NOUN,6,0,0
generous,ADJ,6,0,0
direct,VERB,6,0,0
roll,NOUN,6,0,0
doubt,NOUN,6,0,0
compositor,NOUN,6,0,0
lover,NOUN,6,0,0
agreeably,ADV,6,0,0
state,VERB,6,0,0
section,NOUN,6,0,0
vessel,NOUN,6,0,0
philosophy,NOUN,6,0,0
currency,NOUN,6,0,0
guard,NOUN,6,0,0
cabin,NOUN,6,0,0
round,ADJ,6,0,0
spot,NOUN,6,0,0
fish,NOUN,6,0,0
Watson,PROPN,6,0,1
excuse,VERB,6,0,0
next,ADV,6,1,0
insert,VERB,6,0,0
Maryland,PROPN,6,0,1
contract,VERB,6,0,0
ought,AUX,6,0,0
unable,ADJ,6,0,0
fifteen,NUM,6,1,0
play,NOUN,6,0,0
amusement,NOUN,6,0,0
totally,ADV,6,0,0
entertainment,NOUN,6,0,0
ourselves,PRON,6,1,0
various,ADJ,6,1,0
preserve,VERB,6,0,0
jobb,NOUN,6,0,0
accidental,ADJ,6,0,0
at,ADV,6,1,0
address,NOUN,6,0,0
vote,VERB,6,0,0
farmer,NOUN,6,0,0
saddle,NOUN,6,0,0
Marg,PROPN,6,0,1
PUBLIC,PROPN,6,0,1
majority,NOUN,6,0,0
report,NOUN,6,0,0
contribute,VERB,6,0,0
willing,ADJ,6,0,0
dispose,VERB,6,0,0
assembly,NOUN,6,0,0
divide,VERB,6,0,0
be,VERB,6,1,0
endeavour,NOUN,6,0,0
exceed,VERB,6,0,0
difficult,ADJ,6,0,0
assent,NOUN,6,0,0
further,ADJ,6,1,0
worth,ADJ,6,0,0
postmaster,NOUN,6,0,0
charge,NOUN,6,0,0
Great,PROPN,6,0,1
log,NOUN,6,0,0
sixty,NUM,6,1,0
grant,NOUN,6,0,0
lamp,NOUN,6,0,0
bottom,NOUN,6,1,0
medium,NOUN,6,0,0
dear,ADJ,6,0,0
Denny,PROPN,6,0,1
expedition,NOUN,6,0,0
Dunbar,PROPN,6,0,1
Council,PROPN,6,0,1
twine,NOUN,6,0,0
permission,NOUN,6,0,0
royalty,NOUN,6,0,0
license,NOUN,6,0,0
volunteer,NOUN,6,0,0
cost,NOUN,5,0,0
December,PROPN,5,0,1
GUTENBERG,PROPN,5,0,1
Doctor,PROPN,5,0,1
III,PROPN,5,0,1
Province,PROPN,5,0,1
Union,PROPN,5,0,1
Mather,PROPN,5,0,1
ridiculous,ADJ,5,0,0
sterling,NOUN,5,0,0
manager,NOUN,5,0,0
receipt,NOUN,5,0,0
search,VERB,5,0,0
dull,ADJ,5,0,0
wealth,NOUN,5,0,0
passion,NOUN,5,0,0
pen,NOUN,5,0,0
practical,ADJ,5,0,0
material,NOUN,5,0,0
countryman,NOUN,5,0,0
powerful,ADJ,5,0,0
genius,NOUN,5,0,0
simple,ADJ,5,0,0
critic,NOUN,5,0,0
view,VERB,5,0,0
statesman,NOUN,5,0,0
praise,NOUN,5,0,0
Robert,PROPN,5,0,1
clearly,ADV,5,0,0
sincere,ADJ,5,0,0
literary,ADJ,5,0,0
means,NOUN,5,0,0
seek,VERB,5,0,0
Speech,PROPN,5,0,1
perfection,NOUN,5,0,0
Addison,PROPN,5,0,1
narrative,NOUN,5,0,0
end,VERB,5,0,0
Bishop,PROPN,5,0,1
forward,ADV,5,0,0
reader,NOUN,5,0,0
french,ADJ,5,0,0
possession,NOUN,5,0,0
purchase,NOUN,5,0,0
fourth,ADJ,5,0,0
reprint,VERB,5,0,0
pointed,ADJ,5,0,0
Library,PROPN,5,0,1
BOSTON,PROPN,5,0,1
past,ADJ,5,0,0
hearing,NOUN,5,0,0
vain,ADJ,5,0,0
quarter,NOUN,5,0,0
happiness,NOUN,5,0,0
collect,VERB,5,0,0
village,NOUN,5,0,0
Ecton,PROPN,5,0,1
eld,ADJ,5,0,0
Josiah,PROPN,5,0,1
Palmer,PROPN,5,0,1
scrivener,NOUN,5,0,0
mine,PRON,5,1,0
behind,ADP,5,1,0
following,NOUN,5,0,0
affection,NOUN,5,0,0
station,NOUN,5,0,0
Bible,PROPN,5,0,1
Peter,PROPN,5,0,1
indian,ADJ,5,0,0
offense,NOUN,5,0,0
wharf,NOUN,5,0,0
complain,VERB,5,0,0
plead,VERB,5,0,0
convince,VERB,5,0,0
up,ADV,5,1,0
likewise,ADV,5,0,0
Providence,PROPN,5,0,1
virtuous,ADJ,5,0,0
pulpit,NOUN,5,0,0
sober,ADJ,5,0,0
retain,VERB,5,0,0
indenture,NOUN,5,0,0
lest,ADP,5,0,0
pretty,ADJ,5,0,0
escape,VERB,5,0,0
disagreeable,ADJ,5,0,0
catch,VERB,5,0,0
learning,NOUN,5,0,0
plenty,NOUN,5,0,0
remark,NOUN,5,0,0
hint,NOUN,5,0,0
compare,VERB,5,0,0
necessity,NOUN,5,0,0
contrive,VERB,5,0,0
alone,ADV,5,1,0
acquainted,ADJ,5,0,0
half,DET,5,0,0
temperance,NOUN,5,0,0
finish,VERB,5,0,0
wherein,SCONJ,5,1,0
speech,NOUN,5,0,0
modesty,NOUN,5,0,0
unfortunate,ADJ,5,0,0
dissuade,VERB,5,0,0
usual,ADJ,5,0,0
discharge,NOUN,5,0,0
impression,NOUN,5,0,0
recommendation,NOUN,5,0,0
founder,NOUN,5,0,0
position,NOUN,5,0,0
drive,VERB,5,0,0
sink,VERB,5,0,0
copper,NOUN,5,0,0
Burlington,PROPN,5,0,1
tired,ADJ,5,0,0
suspicion,NOUN,5,0,0
mortification,NOUN,5,0,0
description,NOUN,5,0,0
soul,NOUN,5,0,0
insist,VERB,5,0,0
inquire,VERB,5,0,0
labour,NOUN,5,0,0
qualified,ADJ,5,0,0
furniture,NOUN,5,0,0
eye,NOUN,5,0,0
pleasantly,ADV,5,0,0
Holmes,PROPN,5,0,1
below,ADP,5,1,0
accommodate,VERB,5,0,0
wrong,ADJ,5,0,0
Jersey,PROPN,5,0,1
tavern,NOUN,5,0,0
Madeira,PROPN,5,0,1
surprise,NOUN,5,0,0
last,ADV,5,1,0
post,NOUN,5,0,0
proposition,NOUN,5,0,0
accommodation,NOUN,5,0,0
clergy,NOUN,5,0,0
drunk,ADJ,5,0,0
civility,NOUN,5,0,0
drinking,NOUN,5,0,0
stroke,NOUN,5,0,0
West,PROPN,5,0,1
meaning,NOUN,5,0,0
injury,NOUN,5,0,0
heartily,ADV,5,0,0
occasionally,ADV,5,0,0
diversion,NOUN,5,0,0
integrity,NOUN,5,0,0
merit,NOUN,5,0,0
defect,NOUN,5,0,0
contest,NOUN,5,0,0
amendment,NOUN,5,0,0
set,NOUN,5,0,0
prejudice,NOUN,5,0,0
partly,ADV,5,0,0
sixpence,NOUN,5,0,0
entertaining,ADJ,5,0,0
folly,NOUN,5,0,0
breach,NOUN,5,0,0
flour,NOUN,5,0,0
protection,NOUN,5,0,0
italian,ADJ,5,0,0
charity,NOUN,5,0,0
handkerchief,NOUN,5,0,0
College,PROPN,5,0,1
exhibit,VERB,5,0,0
creditor,NOUN,5,0,0
Westminster,PROPN,5,0,1
former,ADJ,5,1,0
Webb,PROPN,5,0,1
Harry,PROPN,5,0,1
sudden,ADJ,5,0,0
surveyor,NOUN,5,0,0
moral,NOUN,5,0,0
weight,NOUN,5,0,0
command,VERB,5,0,0
injustice,NOUN,5,0,0
hire,VERB,5,0,0
contrary,NOUN,5,0,0
size,NOUN,5,0,0
thank,NOUN,5,0,0
separately,ADV,5,0,0
column,NOUN,5,0,0
rich,ADJ,5,0,0
help,NOUN,5,0,0
reality,NOUN,5,0,0
news,NOUN,5,0,0
absolutely,ADV,5,0,0
Account,PROPN,5,0,1
augment,VERB,5,0,0
proverb,NOUN,5,0,0
King,PROPN,5,0,1
election,NOUN,5,0,0
represent,VERB,5,0,0
facilitate,VERB,5,0,0
peace,NOUN,5,0,0
ax,NOUN,5,0,0
bright,ADJ,5,0,0
Industry,PROPN,5,0,1
solicitation,NOUN,5,0,0
congregation,NOUN,5,0,0
respective,ADJ,5,0,0
property,NOUN,5,0,0
pave,VERB,5,0,0
field,NOUN,5,0,0
counsel,NOUN,5,0,0
perfectly,ADV,5,0,0
battery,NOUN,5,0,0
cannon,NOUN,5,0,0
wine,NOUN,5,0,0
aid,NOUN,5,0,0
unanimously,ADV,5,0,0
garrison,NOUN,5,0,0
Fothergill,PROPN,5,0,1
Trade,PROPN,5,0,1
Kennedy,PROPN,5,0,1
bond,NOUN,5,0,0
baggage,NOUN,5,0,0
Lancaster,PROPN,5,0,1
team,NOUN,5,0,0
march,PROPN,5,0,1
Fort,PROPN,5,0,1
Duquesne,PROPN,5,0,1
detain,VERB,5,0,0
kill,VERB,5,0,0
complaint,NOUN,5,0,0
enlist,VERB,5,0,0
command,NOUN,5,0,0
Magazine,PROPN,5,0,1
lot,NOUN,5,0,0
morrow,NOUN,5,0,0
fleet,NOUN,5,0,0
Man,PROPN,5,0,1
effort,NOUN,5,0,0
warranty,NOUN,5,0,0
check,VERB,4,0,0
ebook,NOUN,4,0,0
BENJAMIN,PROPN,4,0,1
player,NOUN,4,0,0
T,PROPN,4,0,1
o,NOUN,4,0,0
June,PROPN,4,0,1
II,PROPN,4,0,1
Business,PROPN,4,0,1
XIV,PROPN,4,0,1
XVI,PROPN,4,0,1
Wealth,PROPN,4,0,1
Gazette,PROPN,4,0,1
customer,NOUN,4,0,0
forever,ADV,4,0,0
belong,VERB,4,0,0
discretion,NOUN,4,0,0
introduction,NOUN,4,0,0
successful,ADJ,4,0,0
flesh,NOUN,4,0,0
quality,NOUN,4,0,0
posterity,NOUN,4,0,0
experience,VERB,4,0,0
intimate,ADJ,4,0,0
close,ADJ,4,0,0
reasoning,NOUN,4,0,0
foreign,ADJ,4,0,0
tallow,NOUN,4,0,0
wonderful,ADJ,4,0,0
scientific,ADJ,4,0,0
judge,NOUN,4,0,0
distinguish,VERB,4,0,0
excellence,NOUN,4,0,0
science,NOUN,4,0,0
discovery,NOUN,4,0,0
invent,VERB,4,0,0
stove,NOUN,4,0,0
possess,VERB,4,0,0
hospital,NOUN,4,0,0
University,PROPN,4,0,1
system,NOUN,4,0,0
Office,PROPN,4,0,1
Oxford,PROPN,4,0,1
describe,VERB,4,0,0
celebrate,VERB,4,0,0
grand,ADJ,4,0,0
opponent,NOUN,4,0,0
conclusion,NOUN,4,0,0
contemporary,NOUN,4,0,0
Cotton,PROPN,4,0,1
throughout,ADP,4,1,0
Bunyan,PROPN,4,0,1
elegant,ADJ,4,0,0
Johnson,PROPN,4,0,1
Richardson,PROPN,4,0,1
rest,VERB,4,0,0
autobiography,NOUN,4,0,0
usefulness,NOUN,4,0,0
incident,NOUN,4,0,0
Le,PROPN,4,0,1
Veillard,PROPN,4,0,1
popularity,NOUN,4,0,0
plain,ADJ,4,0,0
apt,ADJ,4,0,0
Ford,PROPN,4,0,1
division,NOUN,4,0,0
inquiry,NOUN,4,0,0
fit,VERB,4,0,0
induce,VERB,4,0,0
repetition,NOUN,4,0,0
accident,NOUN,4,0,0
deny,VERB,4,0,0
offer,NOUN,4,0,0
lastly,ADV,4,0,0
thank,VERB,4,0,0
hope,VERB,4,0,0
particular,NOUN,4,0,0
husband,NOUN,4,0,0
chief,ADJ,4,0,0
spirited,ADJ,4,0,0
Halifax,PROPN,4,0,1
January,PROPN,4,0,1
our,NOUN,4,1,0
stool,NOUN,4,0,0
enjoy,VERB,4,0,0
mention,NOUN,4,0,0
persecution,NOUN,4,0,0
distress,NOUN,4,0,0
repeal,NOUN,4,0,0
college,NOUN,4,0,0
arrival,NOUN,4,0,0
candle,NOUN,4,0,0
project,VERB,4,0,0
middle,ADJ,4,0,0
being,NOUN,4,1,0
neighbor,NOUN,4,0,0
victual,NOUN,4,0,0
season,NOUN,4,0,0
perfect,ADJ,4,0,0
unhappy,ADJ,4,0,0
Rhode,PROPN,4,0,1
apprehension,NOUN,4,0,0
vexation,NOUN,4,0,0
machine,NOUN,4,0,0
Sunday,PROPN,4,0,1
clergyman,NOUN,4,0,0
quote,VERB,4,0,0
regret,VERB,4,0,0
account,VERB,4,0,0
taking,NOUN,4,0,0
maker,NOUN,4,0,0
advancement,NOUN,4,0,0
naturally,ADV,4,0,0
eloquent,ADJ,4,0,0
part,VERB,4,1,0
odd,ADJ,4,0,0
amend,VERB,4,0,0
worship,NOUN,4,0,0
diet,NOUN,4,0,0
ease,NOUN,4,0,0
Human,PROPN,4,0,1
positive,ADJ,4,0,0
expert,NOUN,4,0,0
lessen,VERB,4,0,0
apology,NOUN,4,0,0
third,NOUN,4,1,0
Massachusetts,PROPN,4,0,1
favor,NOUN,4,0,0
extreamly,ADJ,4,0,0
content,VERB,4,0,0
future,NOUN,4,0,0
venture,VERB,4,0,0
ill,ADV,4,0,0
journal,NOUN,4,0,0
satirical,ADJ,4,0,0
confirm,VERB,4,0,0
dialogue,NOUN,4,0,0
drink,NOUN,4,0,0
Creek,PROPN,4,0,1
clothe,NOUN,4,0,0
horseback,NOUN,4,0,0
Elegy,PROPN,4,0,1
pair,NOUN,4,0,0
separate,VERB,4,0,0
capital,NOUN,4,0,0
motto,NOUN,4,0,0
corner,NOUN,4,0,0
April,PROPN,4,0,1
suit,NOUN,4,0,0
offend,VERB,4,0,0
decline,VERB,4,0,0
expensive,ADJ,4,0,0
handsomely,ADV,4,0,0
esteem,NOUN,4,0,0
depend,VERB,4,0,0
spoon,NOUN,4,0,0
repay,VERB,4,0,0
stationery,NOUN,4,0,0
annual,ADJ,4,0,0
stick,VERB,4,0,0
thou,ADJ,4,0,0
cost,VERB,4,0,0
Brockden,PROPN,4,0,1
pursue,VERB,4,0,0
beyond,ADP,4,1,0
criticism,NOUN,4,0,0
invention,NOUN,4,0,0
pretend,VERB,4,0,0
silence,NOUN,4,0,0
LONDON,PROPN,4,0,1
postpone,VERB,4,0,0
iron,NOUN,4,0,0
ordinary,ADJ,4,0,0
pick,VERB,4,0,0
Riddlesden,PROPN,4,0,1
attorney,NOUN,4,0,0
very,ADJ,4,1,0
half,ADJ,4,0,0
impose,VERB,4,0,0
expend,VERB,4,0,0
vacancy,NOUN,4,0,0
diligent,ADJ,4,0,0
consume,VERB,4,0,0
erratum,NOUN,4,0,0
pale,ADJ,4,0,0
alehouse,NOUN,4,0,0
obligation,NOUN,4,0,0
grain,NOUN,4,0,0
liquor,NOUN,4,0,0
mix,VERB,4,0,0
neighbouring,NOUN,4,0,0
widow,NOUN,4,0,0
distinction,NOUN,4,0,0
seventy,NUM,4,0,0
health,NOUN,4,0,0
Wygate,PROPN,4,0,1
Chelsea,PROPN,4,0,1
uncertain,ADJ,4,0,0
connect,VERB,4,0,0
China,PROPN,4,0,1
July,PROPN,4,0,1
regulate,VERB,4,0,0
supersede,VERB,4,0,0
kindness,NOUN,4,0,0
David,PROPN,4,0,1
mind,VERB,4,0,0
guineas,NOUN,4,0,0
ink,NOUN,4,0,0
heavy,ADJ,4,0,0
trifle,NOUN,4,0,0
unnecessary,ADJ,4,0,0
share,VERB,4,0,0
entirely,ADV,4,0,0
link,NOUN,4,0,0
ruin,NOUN,4,0,0
query,NOUN,4,0,0
debate,NOUN,4,0,0
direct,ADJ,4,0,0
Breintnal,PROPN,4,0,1
Grace,PROPN,4,0,1
provincial,ADJ,4,0,0
morality,NOUN,4,0,0
pro,ADJ,4,0,0
little,ADV,4,0,0
practicable,ADJ,4,0,0
partner,NOUN,4,0,0
no,INTJ,4,1,0
hurtful,ADJ,4,0,0
proud,ADJ,4,0,0
advertisement,NOUN,4,0,0
treaty,NOUN,4,0,0
successor,NOUN,4,0,0
charter,NOUN,4,0,0
subscribe,VERB,4,0,0
need,NOUN,4,0,0
thou,NOUN,4,0,0
acceptable,ADJ,4,0,0
voluntary,ADJ,4,0,0
Colonies,PROPN,4,0,1
hop,VERB,4,0,0
right,ADV,4,0,0
diminish,VERB,4,0,0
reflection,NOUN,4,0,0
confidence,NOUN,4,0,0
temper,NOUN,4,0,0
extensive,ADJ,4,0,0
subject,ADJ,4,0,0
May,PROPN,4,1,1
mankind,NOUN,4,0,0
caution,NOUN,4,0,0
narrow,ADJ,4,0,0
Foster,PROPN,4,0,1
top,NOUN,4,1,0
step,NOUN,4,0,0
report,VERB,4,0,0
promotion,NOUN,4,0,0
curious,ADJ,4,0,0
deputy,NOUN,4,0,0
neglect,NOUN,4,0,0
constable,NOUN,4,0,0
upward,ADV,4,0,0
establishment,NOUN,4,0,0
Company,PROPN,4,0,1
settlement,NOUN,4,0,0
lottery,NOUN,4,0,0
voluntarily,ADV,4,0,0
merely,ADV,4,0,0
punctually,ADV,4,0,0
elder,NOUN,4,0,0
delay,NOUN,4,0,0
sincerely,ADV,4,0,0
embarrassment,NOUN,4,0,0
fog,NOUN,4,0,0
patent,NOUN,4,0,0
apparatus,NOUN,4,0,0
savage,NOUN,4,0,0
explanation,NOUN,4,0,0
handsome,ADJ,4,0,0
pain,NOUN,4,0,0
dirt,NOUN,4,0,0
blow,VERB,4,0,0
globe,NOUN,4,0,0
obstruct,VERB,4,0,0
cart,NOUN,4,0,0
rain,NOUN,4,0,0
majesty,NOUN,4,0,0
proprietor,NOUN,4,0,0
Quincy,PROPN,4,0,1
driver,NOUN,4,0,0
paymaster,NOUN,4,0,0
parcel,NOUN,4,0,0
behind,ADV,4,1,0
minute,NOUN,4,0,0
Gnadenhut,PROPN,4,0,1
Bethlehem,PROPN,4,0,1
palisade,NOUN,4,0,0
tube,NOUN,4,0,0
wonder,NOUN,4,0,0
cause,VERB,4,0,0
preface,NOUN,4,0,0
cloud,NOUN,4,0,0
damage,NOUN,4,0,0
Sloth,PROPN,4,0,1
individual,ADJ,4,0,0
status,NOUN,4,0,0
holder,NOUN,4,0,0
requirement,NOUN,4,0,0
website,NOUN,4,0,0
computer,NOUN,4,0,0
limited,ADJ,4,0,0
anywhere,ADV,3,1,0
restriction,NOUN,3,0,0
October,PROPN,3,0,1
chess,NOUN,3,0,0
prize,NOUN,3,0,0
R,PROPN,3,0,1
Y,PROPN,3,0,1
E,PROPN,3,0,1
illustration,NOUN,3,0,0
IV,PROPN,3,0,1
First,PROPN,3,1,1
Friends,PROPN,3,0,1
VI,PROPN,3,0,1
VII,PROPN,3,0,1
Service,PROPN,3,0,1
XI,PROPN,3,0,1
XII,PROPN,3,0,1
Plan,PROPN,3,0,1
XV,PROPN,3,0,1
XVII,PROPN,3,0,1
XIX,PROPN,3,0,1
Agent,PROPN,3,0,1
Court,PROPN,3,0,1
Louis,PROPN,3,0,1
awkward,ADJ,3,0,0
axis,NOUN,3,0,0
stream,VERB,3,0,0
approach,NOUN,3,0,0
knuckle,NOUN,3,0,0
executor,NOUN,3,0,0
native,ADJ,3,0,0
annually,ADV,3,0,0
reward,NOUN,3,0,0
said,ADJ,3,0,0
purport,NOUN,3,0,0
but,SCONJ,3,1,0
unknown,ADJ,3,0,0
blood,NOUN,3,0,0
extraordinary,ADJ,3,0,0
walk,NOUN,3,0,0
poverty,NOUN,3,0,0
forth,ADV,3,0,0
primarily,ADV,3,0,0
birth,NOUN,3,0,0
keen,ADJ,3,0,0
patience,NOUN,3,0,0
couple,VERB,3,0,0
sacrifice,VERB,3,0,0
teaching,NOUN,3,0,0
although,SCONJ,3,1,0
undoubtedly,ADV,3,0,0
steady,ADJ,3,0,0
chandler,NOUN,3,0,0
result,NOUN,3,0,0
confine,VERB,3,0,0
illustrate,VERB,3,0,0
pursuit,NOUN,3,0,0
either,DET,3,1,0
deem,VERB,3,0,0
rod,NOUN,3,0,0
widely,ADV,3,0,0
Philosophical,PROPN,3,0,1
historian,NOUN,3,0,0
Peace,PROPN,3,0,1
careful,ADJ,3,0,0
singular,ADJ,3,0,0
research,NOUN,3,0,0
admiration,NOUN,3,0,0
charm,VERB,3,0,0
joy,NOUN,3,0,0
permanent,ADJ,3,0,0
Bagatelles,PROPN,3,0,1
Defoe,PROPN,3,0,1
modern,ADJ,3,0,0
novel,NOUN,3,0,0
Gibbon,PROPN,3,0,1
journalist,NOUN,3,0,0
homely,ADV,3,0,0
claim,NOUN,3,0,0
existence,NOUN,3,0,0
social,ADJ,3,0,0
unusual,ADJ,3,0,0
Story,PROPN,3,0,1
composition,NOUN,3,0,0
grandson,NOUN,3,0,0
Twyford,PROPN,3,0,1
complete,VERB,3,0,0
until,ADP,3,1,0
career,NOUN,3,0,0
version,NOUN,3,0,0
circulate,VERB,3,0,0
Baltimore,PROPN,3,0,1
September,PROPN,3,0,1
reproduce,VERB,3,0,0
side,VERB,3,1,0
ancestor,NOUN,3,0,0
affluence,NOUN,3,0,0
reflect,VERB,3,0,0
denial,NOUN,3,0,0
gratify,VERB,3,0,0
propriety,NOUN,3,0,0
providence,NOUN,3,0,0
presume,VERB,3,0,0
exercise,VERB,3,0,0
aid,VERB,3,0,0
smith,PROPN,3,0,1
register,NOUN,3,0,0
generation,NOUN,3,0,0
dyer,NOUN,3,0,0
apprenticeship,NOUN,3,0,0
lie,NOUN,3,0,0
bury,VERB,3,0,0
smith,NOUN,3,0,0
quarto,NOUN,3,0,0
address,VERB,3,0,0
speciman,NOUN,3,0,0
pious,ADJ,3,0,0
folio,NOUN,3,0,0
joint,ADJ,3,0,0
disturb,VERB,3,0,0
freedom,NOUN,3,0,0
honorable,ADJ,3,0,0
rightly,ADV,3,0,0
punish,VERB,3,0,0
exhort,VERB,3,0,0
censure,NOUN,3,0,0
class,NOUN,3,0,0
third,ADJ,3,1,0
alter,VERB,3,0,0
arithmetic,ADJ,3,0,0
mould,NOUN,3,0,0
swim,VERB,3,0,0
justly,ADV,3,0,0
edge,NOUN,3,0,0
heap,NOUN,3,0,0
suit,VERB,3,0,0
diligently,ADV,3,0,0
music,NOUN,3,0,0
tool,NOUN,3,0,0
sound,NOUN,3,0,0
solid,ADJ,3,0,0
close,ADV,3,0,0
converse,VERB,3,0,0
ill,ADJ,3,0,0
dress,VERB,3,0,0
indifferent,ADJ,3,0,0
food,NOUN,3,0,0
scarce,ADV,3,0,0
convenience,NOUN,3,0,0
calling,NOUN,3,0,0
negligence,NOUN,3,0,0
that,ADV,3,1,0
dislike,NOUN,3,0,0
endeavor,VERB,3,0,0
Woodrow,PROPN,3,0,1
Wilson,PROPN,3,0,1
calendar,NOUN,3,0,0
South,PROPN,3,0,1
burn,VERB,3,0,0
separate,ADJ,3,0,0
Historical,PROPN,3,0,1
chapman,NOUN,3,0,0
impatient,ADJ,3,0,0
bookseller,NOUN,3,0,0
song,NOUN,3,0,0
wretched,ADJ,3,0,0
beggar,NOUN,3,0,0
intimately,ADV,3,0,0
confute,VERB,3,0,0
disgust,NOUN,3,0,0
female,ADJ,3,0,0
improper,ADJ,3,0,0
point,VERB,3,0,0
delighted,ADJ,3,0,0
lucky,ADJ,3,0,0
ambitious,ADJ,3,0,0
Tryon,PROPN,3,0,1
dish,NOUN,3,0,0
dispatch,VERB,3,0,0
handful,NOUN,3,0,0
ignorance,NOUN,3,0,0
Port,PROPN,3,0,1
intent,ADJ,3,0,0
dropt,VERB,3,0,0
foresee,VERB,3,0,0
victory,NOUN,3,0,0
neither,CCONJ,3,1,0
deserve,VERB,3,0,0
mistaken,ADJ,3,0,0
inculcate,VERB,3,0,0
please,INTJ,3,1,0
everyone,PRON,3,1,0
dogmatical,ADJ,3,0,0
candid,ADJ,3,0,0
disputation,NOUN,3,0,0
submit,VERB,3,0,0
Letter,PROPN,3,0,1
disguise,VERB,3,0,0
unexpected,ADJ,3,0,0
libeling,NOUN,3,0,0
contrivance,NOUN,3,0,0
reckon,VERB,3,0,0
errata,NOUN,3,0,0
sloop,NOUN,3,0,0
predecessor,NOUN,3,0,0
Alexander,PROPN,3,0,1
correctly,ADV,3,0,0
issue,NOUN,3,0,0
Aquilla,PROPN,3,0,1
Rose,PROPN,3,0,1
shore,NOUN,3,0,0
loud,ADJ,3,0,0
sign,NOUN,3,0,0
abate,VERB,3,0,0
somewhere,ADV,3,1,0
rain,VERB,3,0,0
so,CCONJ,3,1,0
stopt,VERB,3,0,0
miserable,ADJ,3,0,0
itinerant,ADJ,3,0,0
hurt,VERB,3,0,0
weak,ADJ,3,0,0
midnight,NOUN,3,0,0
hungry,ADJ,3,0,0
cash,NOUN,3,0,0
fear,NOUN,3,0,0
penny,NOUN,3,0,0
bid,VERB,3,0,0
worth,NOUN,3,0,0
awhile,ADV,3,0,0
asleep,ADJ,3,0,0
Water,PROPN,3,0,1
Andrew,PROPN,3,0,1
welcome,ADJ,3,0,0
enthusiastic,ADJ,3,0,0
Delaware,PROPN,3,0,1
departure,NOUN,3,0,0
channel,NOUN,3,0,0
frame,NOUN,3,0,0
gift,NOUN,3,0,0
compliment,NOUN,3,0,0
known,ADJ,3,0,0
surprised,ADJ,3,0,0
pig,NOUN,3,0,0
familiar,ADJ,3,0,0
safe,ADJ,3,0,0
glad,ADJ,3,0,0
genteel,ADJ,3,0,0
apparent,ADJ,3,0,0
impropriety,NOUN,3,0,0
flat,ADJ,3,0,0
trust,VERB,3,0,0
advantageous,ADJ,3,0,0
Newport,PROPN,3,0,1
direction,NOUN,3,0,0
remit,VERB,3,0,0
defray,VERB,3,0,0
Burnet,PROPN,3,0,1
hold,NOUN,3,0,0
inventory,NOUN,3,0,0
hitherto,NOUN,3,0,0
formerly,ADV,3,1,0
V,PROPN,3,0,1
footing,NOUN,3,0,0
enthusiasm,NOUN,3,0,0
colleague,NOUN,3,0,0
Sabbath,PROPN,3,0,1
essential,NOUN,3,0,0
neighborhood,NOUN,3,0,0
grievously,ADV,3,0,0
temptation,NOUN,3,0,0
Joseph,PROPN,3,0,1
pleasant,ADJ,3,0,0
mercantile,NOUN,3,0,0
composing,NOUN,3,0,0
task,NOUN,3,0,0
busy,ADJ,3,0,0
remark,VERB,3,0,0
capable,ADJ,3,0,0
laugh,VERB,3,0,0
Indies,PROPN,3,0,1
serious,ADJ,3,1,0
seize,VERB,3,0,0
despatch,NOUN,3,0,0
bag,NOUN,3,0,0
satisfied,ADJ,3,0,0
sincerity,NOUN,3,0,0
dependence,NOUN,3,0,0
disregard,VERB,3,0,0
pistole,NOUN,3,0,0
engagement,NOUN,3,0,0
Nature,PROPN,3,0,1
Necessity,PROPN,3,0,1
Isaac,PROPN,3,0,1
principal,NOUN,3,0,0
lively,ADJ,3,0,0
income,NOUN,3,0,0
poem,NOUN,3,0,0
relieve,VERB,3,0,0
Watts,PROPN,3,0,1
bodily,ADJ,3,0,0
cheese,NOUN,3,0,0
afternoon,NOUN,3,0,0
proportion,NOUN,3,0,0
pressman,NOUN,3,0,0
butter,NOUN,3,0,0
comfortable,ADJ,3,0,0
Monday,PROPN,3,0,1
opposite,ADJ,3,0,0
lady,NOUN,3,0,0
rate,NOUN,3,0,0
supper,NOUN,3,0,0
strip,NOUN,3,0,0
charitable,ADJ,3,0,0
reserve,VERB,3,0,0
gratis,NOUN,3,0,0
sick,ADJ,3,0,0
Don,PROPN,3,0,1
both,CCONJ,3,1,0
motion,NOUN,3,0,0
aim,VERB,3,0,0
plate,NOUN,3,0,0
swimming,NOUN,3,0,0
situate,VERB,3,0,0
skill,NOUN,3,0,0
intelligence,NOUN,3,0,0
wipe,VERB,3,0,0
recover,VERB,3,0,0
tempt,VERB,3,0,0
Potts,PROPN,3,0,1
extream,NOUN,3,0,0
Gloucester,PROPN,3,0,1
allowance,NOUN,3,0,0
hide,VERB,3,0,0
bush,NOUN,3,0,0
encouragement,NOUN,3,0,0
uneasy,ADJ,3,0,0
remind,VERB,3,0,0
consent,VERB,3,0,0
lecture,NOUN,3,0,0
beam,NOUN,3,0,0
empty,ADJ,3,1,0
rent,NOUN,3,0,0
Natural,PROPN,3,0,1
president,NOUN,3,0,0
interruption,NOUN,3,0,0
scarcely,ADV,3,0,0
ninety,NUM,3,0,0
game,NOUN,3,0,0
resign,VERB,3,0,0
either,ADV,3,1,0
creed,NOUN,3,0,0
I,PROPN,3,1,1
Paper,PROPN,3,0,1
clamor,NOUN,3,0,0
duly,ADV,3,0,0
import,VERB,3,0,0
reject,VERB,3,0,0
enough,ADJ,3,1,0
girl,NOUN,3,0,0
loan,NOUN,3,0,0
supposition,NOUN,3,0,0
differ,VERB,3,0,0
own,VERB,3,0,0
manifest,VERB,3,0,0
probable,ADJ,3,0,0
expiration,NOUN,3,0,0
incorporate,VERB,3,0,0
accomplish,VERB,3,0,0
sight,NOUN,3,0,0
claim,VERB,3,0,0
enormous,ADJ,3,0,0
presbyterian,ADJ,3,0,0
successively,ADV,3,0,0
Presbyterians,PROPN,3,0,1
redeem,VERB,3,0,0
sing,VERB,3,0,0
completely,ADV,3,0,0
uniform,ADJ,3,0,0
extend,VERB,3,0,0
trifle,VERB,3,0,0
acquisition,NOUN,3,0,0
Silence,PROPN,3,0,1
tongue,NOUN,3,0,0
subsequent,ADJ,3,0,0
red,ADJ,3,0,0
mark,NOUN,3,0,0
exactly,ADV,3,0,0
suggest,VERB,3,0,0
benevolent,ADJ,3,0,0
employ,NOUN,3,0,0
wholly,ADV,3,0,0
Virtue,PROPN,3,0,1
exhortation,NOUN,3,0,0
indicate,VERB,3,0,0
prince,NOUN,3,0,0
pride,NOUN,3,0,0
discuss,VERB,3,0,0
boast,VERB,3,0,0
mistake,NOUN,3,0,0
hesitation,NOUN,3,0,0
overcome,VERB,3,0,0
model,NOUN,3,0,0
guide,NOUN,3,0,0
accordance,NOUN,3,0,0
Professor,PROPN,3,0,1
X,PROPN,3,0,1
upright,ADJ,3,0,0
translation,NOUN,3,0,0
useless,ADJ,3,0,0
secure,ADJ,3,0,0
abuse,NOUN,3,0,0
branch,NOUN,3,0,0
last,VERB,3,0,0
Ireland,PROPN,3,0,1
zealous,ADJ,3,0,0
search,NOUN,3,0,0
British,PROPN,3,0,1
superintend,VERB,3,0,0
increase,NOUN,3,0,0
Leicester,PROPN,3,0,1
dead,ADJ,3,0,0
housekeeper,NOUN,3,0,0
thereupon,ADV,3,1,0
levy,VERB,3,0,0
engine,NOUN,3,0,0
flame,NOUN,3,0,0
vest,VERB,3,0,0
expressly,ADV,3,0,0
Georgia,PROPN,3,0,1
precaution,NOUN,3,0,0
earth,NOUN,3,0,0
appropriate,VERB,3,0,0
angle,NOUN,3,0,0
retire,VERB,3,0,0
delivery,NOUN,3,0,0
esteem,VERB,3,0,0
orator,NOUN,3,0,0
DEFENSE,PROPN,3,0,1
trust,NOUN,3,0,0
Plain,PROPN,3,0,1
discipline,NOUN,3,0,0
colonel,NOUN,3,0,0
mount,VERB,3,0,0
offensive,ADJ,3,0,0
Logan,PROPN,3,0,1
armed,ADJ,3,0,0
deck,NOUN,3,0,0
powder,NOUN,3,0,0
move,VERB,3,1,0
pleased,ADJ,3,0,0
depart,VERB,3,0,0
road,NOUN,3,0,0
demonstrate,VERB,3,0,0
Use,PROPN,3,0,1
Francis,PROPN,3,0,1
contributor,NOUN,3,0,0
square,NOUN,3,0,0
quarrel,VERB,3,0,0
Bond,PROPN,3,0,1
originally,ADV,3,0,0
petition,VERB,3,0,0
treasurer,NOUN,3,0,0
Tennent,PROPN,3,0,1
shake,VERB,3,0,0
scavenger,NOUN,3,0,0
smoke,NOUN,3,0,0
besides,ADV,3,1,0
broom,NOUN,3,0,0
whereby,SCONJ,3,1,0
Master,PROPN,3,0,1
Congress,PROPN,3,0,1
refund,VERB,3,0,0
disputing,NOUN,3,0,0
meanness,NOUN,3,0,0
taxis,NOUN,3,0,0
attack,NOUN,3,0,0
necessarily,ADV,3,0,0
back,ADJ,3,1,0
sir,NOUN,3,0,0
Will,PROPN,3,1,1
diem,NOUN,3,0,0
valuation,NOUN,3,0,0
recompense,NOUN,3,0,0
fourteen,NUM,3,0,0
well,NOUN,3,1,0
artillery,NOUN,3,0,0
dexterous,ADJ,3,0,0
wound,VERB,3,0,0
ammunition,NOUN,3,0,0
ministry,NOUN,3,0,0
sue,VERB,3,0,0
dropt,ADJ,3,0,0
essential,ADJ,3,0,0
lieu,NOUN,3,0,0
Gentleman,PROPN,3,0,1
Canada,PROPN,3,0,1
Moravians,PROPN,3,0,1
diameter,NOUN,3,0,0
fire,VERB,3,0,0
parade,VERB,3,0,0
Dialogue,PROPN,3,0,1
Transactions,PROPN,3,0,1
Dalibard,PROPN,3,0,1
royal,ADJ,3,0,0
theory,NOUN,3,0,0
abbé,PROPN,3,0,1
enmity,NOUN,3,0,0
Prince,PROPN,3,0,1
harbor,NOUN,3,0,0
port,NOUN,3,0,0
need,VERB,3,0,0
Innis,PROPN,3,0,1
balance,NOUN,3,0,0
Grenville,PROPN,3,0,1
cross,NOUN,3,0,0
thunder,NOUN,3,0,0
Diligence,PROPN,3,0,1
overtake,VERB,3,0,0
hath,VERB,3,0,0
to,NOUN,3,1,0
stoop,VERB,3,0,0
readable,ADJ,3,0,0
Century,PROPN,3,0,1
Dogood,PROPN,3,0,1
derivative,ADJ,3,0,0
LICENSE,PROPN,3,0,1
mission,NOUN,3,0,0
entity,NOUN,3,0,0
official,ADJ,3,0,0
user,NOUN,3,0,0
applicable,ADJ,3,0,0
donate,VERB,3,0,0
replacement,NOUN,3,0,0
defective,ADJ,3,0,0
equipment,NOUN,3,0,0
disclaimer,NOUN,3,0,0
limitation,NOUN,3,0,0
whatsoever,ADV,2,0,0
re,VERB,2,1,0
online,NOUN,2,0,0
Smith,PROPN,2,0,1
update,VERB,2,0,0
start,NOUN,2,0,0
AUTOBIOGRAPHY,PROPN,2,0,1
ARMS,PROPN,2,0,1
feast,VERB,2,0,0
Duchess,PROPN,2,0,1
Bourbon,PROPN,2,0,1
ah,INTJ,2,0,0
Jefferson,PROPN,2,0,1
J,PROPN,2,0,1
M,PROPN,2,0,1
F,PROPN,2,0,1
K,PROPN,2,0,1
L,PROPN,2,0,1
edit,VERB,2,0,0
henry,NOUN,2,0,0
HOLT,PROPN,2,0,1
COMPANY,PROPN,2,0,1
content,NOUN,2,0,0
Page,PROPN,2,0,1
Visit,PROPN,2,0,1
VIII,PROPN,2,0,1
Affairs,PROPN,2,0,1
Defense,PROPN,2,0,1
xiii,NOUN,2,0,0
Experiments,PROPN,2,0,1
Electrical,PROPN,2,0,1
Kite,PROPN,2,0,1
Whistle,PROPN,2,0,1
illustration,VERB,2,0,0
control,NOUN,2,0,0
front,NOUN,2,1,0
seal,NOUN,2,0,0
back,NOUN,2,1,0
director,NOUN,2,0,0
honorary,ADJ,2,0,0
Thomson,PROPN,2,0,1
picture,NOUN,2,0,0
disappointed,ADJ,2,0,0
statement,NOUN,2,0,0
inspire,VERB,2,0,0
record,NOUN,2,0,0
real,ADV,2,0,0
ready,ADV,2,0,0
absorb,VERB,2,0,0
helpful,ADJ,2,0,0
obscurity,NOUN,2,0,0
eminence,NOUN,2,0,0
achievement,NOUN,2,0,0
astonish,VERB,2,0,0
struggle,VERB,2,0,0
discouragement,NOUN,2,0,0
foremost,ADJ,2,0,0
independence,NOUN,2,0,0
honor,NOUN,2,0,0
struggle,NOUN,2,0,0
diplomacy,NOUN,2,0,0
indebted,ADJ,2,0,0
entire,ADJ,2,0,0
faithfully,ADV,2,0,0
humble,ADJ,2,0,0
fame,NOUN,2,0,0
editor,NOUN,2,0,0
Review,PROPN,2,0,1
unite,VERB,2,0,0
rare,ADJ,2,0,0
excel,VERB,2,0,0
cleaning,NOUN,2,0,0
lighting,NOUN,2,0,0
develop,VERB,2,0,0
organize,VERB,2,0,0
Treaty,PROPN,2,0,1
Yale,PROPN,2,0,1
Copley,PROPN,2,0,1
associate,NOUN,2,0,0
Academy,PROPN,2,0,1
valuable,ADJ,2,0,0
precision,NOUN,2,0,0
Humphry,PROPN,2,0,1
scientist,NOUN,2,0,0
worthy,ADJ,2,0,0
aim,NOUN,2,0,0
diplomat,NOUN,2,0,0
due,ADP,2,1,0
Magnalia,PROPN,2,0,1
characterize,VERB,2,0,0
Tatler,PROPN,2,0,1
Steele,PROPN,2,0,1
standard,NOUN,2,0,0
Clarissa,PROPN,2,0,1
Harlowe,PROPN,2,0,1
Nations,PROPN,2,0,1
resemble,VERB,2,0,0
group,NOUN,2,0,0
inferior,ADJ,2,0,0
swift,ADJ,2,0,0
vigorous,ADJ,2,0,0
series,NOUN,2,0,0
scope,NOUN,2,0,0
evidence,NOUN,2,0,0
Shipley,PROPN,2,0,1
Hampshire,PROPN,2,0,1
southern,ADJ,2,0,0
closely,ADV,2,0,0
Abel,PROPN,2,0,1
benefit,VERB,2,0,0
slowly,ADV,2,0,0
Monsieur,PROPN,2,0,1
imperfect,ADJ,2,0,0
disclaim,VERB,2,0,0
faulty,ADJ,2,0,0
Germany,PROPN,2,0,1
varied,ADJ,2,0,0
exchange,NOUN,2,0,0
Henry,PROPN,2,0,1
Huntington,PROPN,2,0,1
residence,NOUN,2,0,0
seventh,ADJ,2,0,0
incomplete,ADJ,2,0,0
standard,ADJ,2,0,0
comprise,VERB,2,0,0
living,NOUN,2,0,0
select,VERB,2,0,0
arrange,VERB,2,0,0
allusion,NOUN,2,0,0
Boswell,PROPN,2,0,1
Country,PROPN,2,0,1
Asaph,PROPN,2,0,1
unacquainted,ADJ,2,0,0
emerge,VERB,2,0,0
favourable,ADJ,2,0,0
recollection,NOUN,2,0,0
durable,ADJ,2,0,0
indulge,VERB,2,0,0
confess,VERB,2,0,0
nobody,PRON,2,1,0
dislike,VERB,2,0,0
productive,ADJ,2,0,0
altogether,ADV,2,0,0
Hume,PROPN,2,0,1
humility,NOUN,2,0,0
acknowledge,VERB,2,0,0
belief,NOUN,2,0,0
goodness,NOUN,2,0,0
Northamptonshire,PROPN,2,0,1
surname,NOUN,2,0,0
similarity,NOUN,2,0,0
practise,VERB,2,0,0
reign,NOUN,2,0,0
zeal,NOUN,2,0,0
conceal,VERB,2,0,0
fasten,VERB,2,0,0
tape,NOUN,2,0,0
cover,NOUN,2,0,0
knee,NOUN,2,0,0
leaf,NOUN,2,0,0
spiritual,ADJ,2,0,0
Second,PROPN,2,0,1
conventicle,NOUN,2,0,0
adhere,VERB,2,0,0
Milk,PROPN,2,0,1
married,ADJ,2,0,0
Abiah,PROPN,2,0,1
Folger,PROPN,2,0,1
sundry,ADJ,2,0,0
conscience,NOUN,2,0,0
behalf,NOUN,2,0,0
stanza,NOUN,2,0,0
mean,ADJ,2,0,0
wick,NOUN,2,0,0
errand,NOUN,2,0,0
canoe,NOUN,2,0,0
commonly,ADV,2,0,0
scrape,NOUN,2,0,0
salt,NOUN,2,0,0
mill,NOUN,2,0,0
trampling,NOUN,2,0,0
quagmire,NOUN,2,0,0
surprise,VERB,2,0,0
psalm,NOUN,2,0,0
violin,NOUN,2,0,0
withal,NOUN,2,0,0
understanding,NOUN,2,0,0
preferable,ADJ,2,0,0
inattention,NOUN,2,0,0
appetite,NOUN,2,0,0
sickness,NOUN,2,0,0
marble,NOUN,2,0,0
grave,NOUN,2,0,0
inscription,NOUN,2,0,0
labor,NOUN,2,0,0
reputably,ADV,2,0,0
methodically,ADV,2,0,0
is,ADV,2,1,0
joiner,NOUN,2,0,0
handle,VERB,2,0,0
job,NOUN,2,0,0
warm,ADJ,2,0,0
Lords,PROPN,2,0,1
bishop,PROPN,2,0,1
Crown,PROPN,2,0,1
surprising,ADJ,2,0,0
tone,NOUN,2,0,0
conceit,NOUN,2,0,0
assessment,NOUN,2,0,0
XIII,PROPN,2,0,1
reckoning,NOUN,2,0,0
divisible,ADJ,2,0,0
christian,ADJ,2,0,0
secret,ADJ,2,0,0
North,PROPN,2,0,1
Pilgrim,PROPN,2,0,1
polemic,ADJ,2,0,0
abundantly,ADV,2,0,0
Good,PROPN,2,0,1
proficiency,NOUN,2,0,0
ballad,NOUN,2,0,0
stuff,NOUN,2,0,0
Grub,PROPN,2,0,1
lad,NOUN,2,0,0
sour,VERB,2,0,0
sex,NOUN,2,0,0
reply,VERB,2,0,0
discussion,NOUN,2,0,0
correct,ADJ,2,0,0
attentive,ADJ,2,0,0
compleat,VERB,2,0,0
import,NOUN,2,0,0
fancy,VERB,2,0,0
Sundays,PROPN,2,0,1
evade,VERB,2,0,0
exact,VERB,2,0,0
rice,NOUN,2,0,0
hasty,ADJ,2,0,0
weekly,ADJ,2,0,0
instantly,ADV,2,0,0
meal,NOUN,2,0,0
bisket,NOUN,2,0,0
raisin,NOUN,2,0,0
quick,ADJ,2,0,0
twice,ADV,2,0,0
Locke,PROPN,2,0,1
sketch,NOUN,2,0,0
Socrates,PROPN,2,0,1
abrupt,ADJ,2,0,0
argumentation,NOUN,2,0,0
doubter,NOUN,2,0,0
artful,ADJ,2,0,0
superior,ADJ,2,0,0
diffidence,NOUN,2,0,0
positiveness,NOUN,2,0,0
wit,NOUN,2,0,0
concurrence,NOUN,2,0,0
judiciously,ADV,2,0,0
Immodest,PROPN,2,0,1
News,PROPN,2,0,1
anonymous,ADJ,2,0,0
exquisite,ADJ,2,0,0
ingenuity,NOUN,2,0,0
convey,VERB,2,0,0
amiss,ADJ,2,0,0
warrant,NOUN,2,0,0
admonish,VERB,2,0,0
confinement,NOUN,2,0,0
bold,ADJ,2,0,0
flimsy,ADJ,2,0,0
assert,VERB,2,0,0
weigh,VERB,2,0,0
bestow,VERB,2,0,0
near,ADJ,2,0,0
notion,NOUN,2,0,0
privately,ADV,2,0,0
periodical,ADJ,2,0,0
occupy,VERB,2,0,0
refer,VERB,2,0,0
Weekly,PROPN,2,0,1
Mercury,PROPN,2,0,1
ARRIVAL,PROPN,2,0,1
Amboy,PROPN,2,0,1
chest,NOUN,2,0,0
bay,NOUN,2,0,0
getting,NOUN,2,0,0
Kill,PROPN,2,0,1
Long,PROPN,2,0,1
Dutchman,PROPN,2,0,1
overboard,ADV,2,0,0
Dutch,PROPN,2,0,1
finely,ADV,2,0,0
cut,NOUN,2,0,0
dress,NOUN,2,0,0
De,PROPN,2,0,1
Pamela,PROPN,2,0,1
island,NOUN,2,0,0
landing,NOUN,2,0,0
surff,NOUN,2,0,0
anchor,NOUN,2,0,0
fetch,VERB,2,0,0
remedy,NOUN,2,0,0
crowd,VERB,2,0,0
shift,NOUN,2,0,0
bottle,NOUN,2,0,0
cold,ADJ,2,0,0
fever,NOUN,2,0,0
ferry,NOUN,2,0,0
noon,NOUN,2,0,0
staid,VERB,2,0,0
refreshment,NOUN,2,0,0
sociable,ADJ,2,0,0
doctor,NOUN,2,0,0
Tuesday,PROPN,2,0,1
invitation,NOUN,2,0,0
pot,NOUN,2,0,0
ale,NOUN,2,0,0
confident,ADJ,2,0,0
creek,NOUN,2,0,0
daylight,NOUN,2,0,0
Cooper,PROPN,2,0,1
dirty,ADJ,2,0,0
fatigue,VERB,2,0,0
rowing,NOUN,2,0,0
latter,NOUN,2,1,0
loaf,NOUN,2,0,0
cheapness,NOUN,2,0,0
Chestnut,PROPN,2,0,1
Walnut,PROPN,2,0,1
countenance,NOUN,2,0,0
supper,VERB,2,0,0
stick,NOUN,2,0,0
on,ADV,2,1,0
what,DET,2,1,0
sophister,NOUN,2,0,0
poorly,ADV,2,0,0
presswork,NOUN,2,0,0
knave,NOUN,2,0,0
respectable,ADJ,2,0,0
reside,VERB,2,0,0
trade,VERB,2,0,0
north,NOUN,2,0,0
protestant,NOUN,2,0,0
Taxes,PROPN,2,0,1
Liberty,PROPN,2,0,1
FIRST,PROPN,2,1,1
TO,PROPN,2,1,1
across,ADP,2,1,0
probability,NOUN,2,0,0
doubting,NOUN,2,0,0
dine,VERB,2,0,0
ample,ADJ,2,0,0
spring,VERB,2,0,0
fortnight,NOUN,2,0,0
absent,ADJ,2,0,0
show,NOUN,2,1,0
extreamly,ADV,2,0,0
forgive,VERB,2,0,0
patronage,NOUN,2,0,0
preparation,NOUN,2,0,0
consent,NOUN,2,0,0
behave,VERB,2,0,0
token,NOUN,2,0,0
love,NOUN,2,0,0
familiarity,NOUN,2,0,0
aside,ADV,2,0,0
hast,PROPN,2,0,1
welfare,NOUN,2,0,0
steal,VERB,2,0,0
rock,NOUN,2,0,0
sotte,VERB,2,0,0
inconvenient,ADJ,2,0,0
breath,NOUN,2,0,0
behaviour,NOUN,2,0,0
swear,VERB,2,0,0
along,ADV,2,1,0
swimmer,NOUN,2,0,0
reach,NOUN,2,0,0
obstinately,ADV,2,0,0
lift,VERB,2,0,0
wet,NOUN,2,0,0
India,PROPN,2,0,1
tutor,NOUN,2,0,0
rely,VERB,2,0,0
liberal,ADJ,2,0,0
Annis,PROPN,2,0,1
cod,NOUN,2,0,0
animal,NOUN,2,0,0
justify,VERB,2,0,0
hot,ADJ,2,0,0
admirably,ADV,2,0,0
denomination,NOUN,2,0,0
spanish,ADJ,2,0,0
socratic,ADJ,2,0,0
apparently,ADV,2,0,0
distant,ADJ,2,0,0
seriously,ADV,2,0,0
beard,NOUN,2,0,0
shalt,NOUN,2,0,0
neither,DET,2,1,0
strictly,ADV,2,0,0
abruptly,ADV,2,0,0
courtship,NOUN,2,0,0
conveyancer,NOUN,2,0,0
Schuylkill,PROPN,2,0,1
allege,VERB,2,0,0
diligence,NOUN,2,0,0
punctuality,NOUN,2,0,0
wherewith,NOUN,2,0,0
amusing,ADJ,2,0,0
correction,NOUN,2,0,0
exclude,VERB,2,0,0
deity,NOUN,2,0,0
envy,NOUN,2,0,0
beauty,NOUN,2,0,0
applaud,VERB,2,0,0
excuse,NOUN,2,0,0
production,NOUN,2,0,0
trick,NOUN,2,0,0
scribble,VERB,2,0,0
cure,VERB,2,0,0
hereafter,NOUN,2,1,0
later,ADJ,2,0,0
Dunciad,PROPN,2,0,1
abusive,ADJ,2,0,0
down,ADV,2,1,0
purpose,VERB,2,0,0
utmost,ADJ,2,0,0
speedy,ADJ,2,0,0
force,VERB,2,0,0
Channel,PROPN,2,0,1
compleat,ADJ,2,0,0
laught,VERB,2,0,0
everybody,PRON,2,0,0
subsist,NOUN,2,0,0
Roberts,PROPN,2,0,1
publisher,NOUN,2,0,0
earning,NOUN,2,0,0
rub,VERB,2,0,0
mouth,NOUN,2,0,0
Religion,PROPN,2,0,1
metaphysical,ADJ,2,0,0
abominable,ADJ,2,0,0
immense,ADJ,2,0,0
Lane,PROPN,2,0,1
Coffee,PROPN,2,0,1
purse,NOUN,2,0,0
Hans,PROPN,2,0,1
Sloane,PROPN,2,0,1
meanly,ADV,2,0,0
dozen,NOUN,2,0,0
Young,PROPN,2,0,1
beforehand,ADV,2,1,0
stay,NOUN,2,0,0
admission,NOUN,2,0,0
working,NOUN,2,0,0
stair,NOUN,2,0,0
dissolve,VERB,2,0,0
muddling,NOUN,2,0,0
devil,NOUN,2,0,0
imposition,NOUN,2,0,0
mischief,NOUN,2,0,0
chappel,NOUN,2,0,0
porringer,NOUN,2,0,0
gruel,NOUN,2,0,0
verbal,ADJ,2,0,0
uncommon,ADJ,2,0,0
dispatch,NOUN,2,0,0
remote,ADJ,2,0,0
backwards,ADV,2,0,0
warehouse,NOUN,2,0,0
elderly,ADJ,2,0,0
convert,VERB,2,0,0
catholic,ADJ,2,0,0
garret,NOUN,2,0,0
landlady,NOUN,2,0,0
nunnery,NOUN,2,0,0
intent,NOUN,2,0,0
nun,NOUN,2,0,0
herself,PRON,2,1,0
successive,ADJ,2,0,0
tenant,NOUN,2,0,0
oh,INTJ,2,0,0
cheerful,ADJ,2,0,0
polite,ADJ,2,0,0
bleed,VERB,2,0,0
seriousness,NOUN,2,0,0
Saltero,PROPN,2,0,1
strip,VERB,2,0,0
novelty,NOUN,2,0,0
everywhere,ADV,2,1,0
favour,VERB,2,0,0
amount,NOUN,2,1,0
Wyndham,PROPN,2,0,1
travel,NOUN,2,0,0
overture,NOUN,2,0,0
Earl,PROPN,2,0,1
Book,PROPN,2,0,1
popular,ADJ,2,0,0
north,ADV,2,0,0
Fleet,PROPN,2,0,1
Thames,PROPN,2,0,1
Vol,PROPN,2,0,1
ii,PROPN,2,0,1
manual,ADJ,2,0,0
chapel,NOUN,2,0,0
holiday,NOUN,2,0,0
barber,NOUN,2,0,0
Job,PROPN,2,0,1
sword,NOUN,2,0,0
mail,NOUN,2,0,0
BUSINESS,PROPN,2,0,1
e,NOUN,2,0,0
sea,PROPN,2,0,1
despair,VERB,2,0,0
February,PROPN,2,0,1
distemper,NOUN,2,0,0
farth,ADJ,2,0,0
Hugh,PROPN,2,0,1
Welsh,PROPN,2,0,1
Stephen,PROPN,2,0,1
Irishman,PROPN,2,0,1
raw,ADJ,2,0,0
chearfully,ADV,2,0,0
thence,VERB,2,1,0
cloath,NOUN,2,0,0
crimp,NOUN,2,0,0
witty,ADJ,2,0,0
thoughtless,ADJ,2,0,0
lead,NOUN,2,0,0
house,PROPN,2,0,1
angry,ADJ,2,0,0
warning,NOUN,2,0,0
wish,NOUN,2,0,0
profit,VERB,2,0,0
connected,ADJ,2,0,0
smoothly,ADV,2,0,0
ornament,NOUN,2,0,0
check,NOUN,2,0,0
satisfaction,VERB,2,0,0
Allen,PROPN,2,0,1
sagacious,ADJ,2,0,0
brick,NOUN,2,0,0
chain,NOUN,2,0,0
parent,NOUN,2,0,0
Revelation,PROPN,2,0,1
substance,NOUN,2,0,0
deist,NOUN,2,0,0
refute,VERB,2,0,0
Dryden,PROPN,2,0,1
infinite,ADJ,2,0,0
insinuate,VERB,2,0,0
practice,VERB,2,0,0
beneficial,ADJ,2,0,0
dangerous,ADJ,2,0,0
willful,ADJ,2,0,0
gross,ADJ,2,0,0
value,VERB,2,0,0
glazier,NOUN,2,0,0
grave,ADJ,2,0,0
Mickle,PROPN,2,0,1
affirmative,ADJ,2,0,0
sorry,ADJ,2,0,0
misfortune,NOUN,2,0,0
destruction,NOUN,2,0,0
Friday,PROPN,2,0,1
Morals,PROPN,2,0,1
Philosophy,PROPN,2,0,1
disturbance,NOUN,2,0,0
mathematic,NOUN,2,0,0
pun,VERB,2,0,0
Coleman,PROPN,2,0,1
politic,NOUN,2,0,0
hence,ADV,2,1,0
exceedingly,ADV,2,0,0
patria,NOUN,2,0,0
Scotland,PROPN,2,0,1
foolishly,ADV,2,0,0
strengthen,VERB,2,0,0
ensue,VERB,2,0,0
press,VERB,2,0,0
ingenuous,ADJ,2,0,0
acknowledgment,NOUN,2,0,0
dissatisfied,ADJ,2,0,0
relinquish,VERB,2,0,0
judicious,ADJ,2,0,0
unkind,ADJ,2,0,0
preference,NOUN,2,0,0
theological,ADJ,2,0,0
possibility,NOUN,2,0,0
validity,NOUN,2,0,0
inaccurately,ADV,2,0,0
Act,PROPN,2,0,1
combination,NOUN,2,0,0
inch,NOUN,2,0,0
C,PROPN,2,0,1
complete,ADJ,2,0,0
SERVICE,PROPN,2,0,1
extant,ADJ,2,0,0
depreciate,VERB,2,0,0
inhabit,VERB,2,0,0
front,ADJ,2,1,0
Currency,PROPN,2,0,1
reward,VERB,2,0,0
eighty,NUM,2,0,0
upwards,ADJ,2,0,0
thro,PROPN,2,0,1
wheelbarrow,NOUN,2,0,0
thrive,VERB,2,0,0
swimmingly,ADV,2,0,0
satisfy,VERB,2,0,0
barbadoe,NOUN,2,0,0
competitor,NOUN,2,0,0
rider,NOUN,2,0,0
hitherto,VERB,2,0,0
shut,VERB,2,0,0
artifice,NOUN,2,0,0
faithful,ADJ,2,0,0
tho,PRON,2,0,0
north,ADJ,2,0,0
intelligent,ADJ,2,0,0
stand,NOUN,2,0,0
privilege,NOUN,2,0,0
public,NOUN,2,0,0
above,ADJ,2,1,0
commence,VERB,2,0,0
double,VERB,2,0,0
fashionable,ADJ,2,0,0
divert,VERB,2,0,0
while,NOUN,2,1,0
Solomon,PROPN,2,0,1
tea,NOUN,2,0,0
bowl,NOUN,2,0,0
silver,ADJ,2,0,0
Presbyterian,PROPN,2,0,1
immortal,ADJ,2,0,0
principally,ADV,2,0,0
Philippians,PROPN,2,0,1
pure,ADJ,2,0,0
hundred,NOUN,2,0,0
survive,VERB,2,0,0
memorandum,NOUN,2,0,0
MORAL,PROPN,2,0,1
PERFECTION,PROPN,2,0,1
commit,VERB,2,0,0
guard,VERB,2,0,0
ambition,NOUN,2,0,0
extent,NOUN,2,0,0
dullness,VERB,2,0,0
elevation,NOUN,2,0,0
waste,VERB,2,0,0
cleanliness,NOUN,2,0,0
habitation,NOUN,2,0,0
unavoidable,ADJ,2,0,0
Humility,PROPN,2,0,1
habitude,NOUN,2,0,0
ancient,ADJ,2,0,0
Order,PROPN,2,0,1
habitual,ADJ,2,0,0
firm,ADJ,2,0,0
Sincerity,PROPN,2,0,1
Justice,PROPN,2,0,1
Golden,PROPN,2,0,1
Verses,PROPN,2,0,1
black,ADJ,2,0,0
chance,NOUN,2,0,0
t,NOUN,2,0,0
garden,NOUN,2,0,0
weed,NOUN,2,0,0
cry,VERB,2,0,0
delight,VERB,2,0,0
path,NOUN,2,0,0
Goodness,PROPN,2,0,1
conscious,ADJ,2,0,0
sacred,ADJ,2,0,0
Night,PROPN,2,0,1
renew,VERB,2,0,0
interfere,VERB,2,0,0
accustomed,ADJ,2,0,0
surface,NOUN,2,0,0
grind,VERB,2,0,0
broad,ADJ,2,0,0
by,ADV,2,1,0
yes,INTJ,2,0,0
speckled,ADJ,2,0,0
foppery,NOUN,2,0,0
hat,VERB,2,0,0
obtaining,NOUN,2,0,0
mend,VERB,2,0,0
confer,VERB,2,0,0
excellency,NOUN,2,0,0
comment,NOUN,2,0,0
naked,ADJ,2,0,0
vicious,ADJ,2,0,0
contradict,VERB,2,0,0
reception,NOUN,2,0,0
wrong,NOUN,2,0,0
stifle,VERB,2,0,0
mortify,VERB,2,0,0
please,NOUN,2,1,0
alive,ADJ,2,0,0
August,PROPN,2,0,1
effect,VERB,2,0,0
united,ADJ,2,0,0
whoever,PRON,2,1,0
purport,VERB,2,0,0
expose,VERB,2,0,0
enterprise,NOUN,2,0,0
sole,ADJ,2,0,0
greek,ADJ,2,0,0
date,VERB,2,0,0
McMaster,PROPN,2,0,1
annoyance,NOUN,2,0,0
floor,NOUN,2,0,0
motive,NOUN,2,0,0
suggestion,NOUN,2,0,0
deep,ADJ,2,0,0
note,VERB,2,0,0
POOR,PROPN,2,0,1
RICHARD,PROPN,2,0,1
Saunders,PROPN,2,0,1
auction,NOUN,2,0,0
universally,ADV,2,0,0
disgraceful,ADJ,2,0,0
stage,NOUN,2,0,0
false,ADJ,2,0,0
moreover,ADV,2,1,0
steadily,ADV,2,0,0
remittance,NOUN,2,0,0
satisfactory,ADJ,2,0,0
regularity,NOUN,2,0,0
stile,NOUN,2,0,0
synod,NOUN,2,0,0
vogue,NOUN,2,0,0
question,VERB,2,0,0
occurrence,NOUN,2,0,0
adversary,NOUN,2,0,0
abandon,VERB,2,0,0
elsewhere,ADV,2,1,0
Spanish,PROPN,2,0,1
cordial,ADJ,2,0,0
affectionate,ADJ,2,0,0
amend,NOUN,2,0,0
regret,NOUN,2,0,0
compleate,VERB,2,0,0
influence,VERB,2,0,0
proportionately,ADV,2,0,0
refusal,NOUN,2,0,0
authority,NOUN,2,0,0
confession,NOUN,2,0,0
total,ADJ,2,0,0
AFFAIRS,PROPN,2,0,1
inequality,NOUN,2,0,0
effectual,ADJ,2,0,0
equitable,ADJ,2,0,0
desiring,NOUN,2,0,0
Fire,PROPN,2,0,1
flourish,NOUN,2,0,0
stop,NOUN,2,0,0
Reverend,PROPN,2,0,1
oratory,NOUN,2,0,0
Hall,PROPN,2,0,1
accustom,VERB,2,0,0
Orphan,PROPN,2,0,1
destitute,NOUN,2,0,0
soften,VERB,2,0,0
unfortunately,ADV,2,0,0
affect,VERB,2,0,0
testimony,NOUN,2,0,0
Ours,PROPN,2,1,1
mistake,VERB,2,0,0
shift,VERB,2,0,0
burden,NOUN,2,0,0
harangue,VERB,2,0,0
musick,NOUN,2,0,0
amicably,ADV,2,0,0
contract,NOUN,2,0,0
jealousy,NOUN,2,0,0
pronounce,VERB,2,0,0
PROVINCE,PROPN,2,0,1
Peters,PROPN,2,0,1
security,NOUN,2,0,0
draft,NOUN,2,0,0
device,NOUN,2,0,0
flag,NOUN,2,0,0
Lawrence,PROPN,2,0,1
associator,NOUN,2,0,0
good,ADV,2,0,0
proclaim,VERB,2,0,0
fast,ADJ,2,0,0
German,PROPN,2,0,1
decide,VERB,2,0,0
displace,VERB,2,0,0
making,NOUN,2,0,0
insight,NOUN,2,0,0
ticket,NOUN,2,0,0
severely,ADV,2,0,0
fight,VERB,2,0,0
Louisburg,PROPN,2,0,1
wheat,NOUN,2,0,0
fear,VERB,2,0,0
nominate,VERB,2,0,0
lawful,ADJ,2,0,0
rid,VERB,2,0,0
Michael,PROPN,2,0,1
warm,VERB,2,0,0
Wm,PROPN,2,0,1
eastern,ADJ,2,0,0
Education,PROPN,2,0,1
Youth,PROPN,2,0,1
nomination,NOUN,2,0,0
predominancy,NOUN,2,0,0
moravian,ADJ,2,0,0
hall,NOUN,2,0,0
philosophical,ADJ,2,0,0
Spence,PROPN,2,0,1
electrical,ADJ,2,0,0
corporation,NOUN,2,0,0
circle,NOUN,2,0,0
unsolicited,ADJ,2,0,0
bench,NOUN,2,0,0
withdraw,VERB,2,0,0
indirectly,ADV,2,0,0
Carlisle,PROPN,2,0,1
Norris,PROPN,2,0,1
quarrelsome,ADJ,2,0,0
orderly,ADJ,2,0,0
bonfire,NOUN,2,0,0
dark,ADJ,2,0,0
Spirit,PROPN,2,0,1
previously,ADV,2,0,0
insufficient,ADJ,2,0,0
petition,NOUN,2,0,0
blank,ADJ,2,0,0
conditional,ADJ,2,0,0
yearly,ADJ,2,0,0
hereby,ADV,2,1,0
projector,NOUN,2,0,0
Gilbert,PROPN,2,0,1
gather,VERB,2,0,0
disciple,NOUN,2,0,0
worry,VERB,2,0,0
beautiful,ADJ,2,0,0
shoe,NOUN,2,0,0
windy,ADJ,2,0,0
surround,VERB,2,0,0
truly,ADV,2,0,0
pane,NOUN,2,0,0
Vauxhall,PROPN,2,0,1
hang,VERB,2,0,0
accumulate,VERB,2,0,0
fly,VERB,2,0,0
feeble,ADJ,2,0,0
gentle,ADJ,2,0,0
gutter,NOUN,2,0,0
run,NOUN,2,0,0
current,ADJ,2,0,0
foul,ADJ,2,0,0
watchman,NOUN,2,0,0
summer,NOUN,2,0,0
sleep,NOUN,2,0,0
trifling,NOUN,2,0,0
shave,VERB,2,0,0
razor,NOUN,2,0,0
finger,NOUN,2,0,0
hazard,VERB,2,0,0
happily,ADV,2,0,0
inevitably,ADV,2,0,0
revenue,NOUN,2,0,0
Gardens,PROPN,2,0,1
de,PROPN,2,0,1
Vanity,PROPN,2,0,1
ALBANY,PROPN,2,0,1
UNION,PROPN,2,0,1
Board,PROPN,2,0,1
raising,NOUN,2,0,0
treasury,NOUN,2,0,0
winter,NOUN,2,0,0
pretence,NOUN,2,0,0
PROPRIETARY,PROPN,2,0,1
GOVERNORS,PROPN,2,0,1
subject,VERB,2,0,0
battle,NOUN,2,0,0
thick,ADJ,2,0,0
Assemblies,PROPN,2,0,1
Pownall,PROPN,2,0,1
exempt,VERB,2,0,0
Lake,PROPN,2,0,1
capture,VERB,2,0,0
attack,VERB,2,0,0
BRADDOCK,PROPN,2,0,1
EXPEDITION,PROPN,2,0,1
Frederictown,PROPN,2,0,1
halt,VERB,2,0,0
violent,ADJ,2,0,0
certainty,NOUN,2,0,0
actually,ADV,2,0,0
pity,NOUN,2,0,0
beg,VERB,2,0,0
empower,VERB,2,0,0
hire,NOUN,2,0,0
pack,NOUN,2,0,0
Cumberland,PROPN,2,0,1
Frederic,PROPN,2,0,1
dissension,NOUN,2,0,0
scarce,VERB,2,0,0
march,VERB,2,0,0
plantation,NOUN,2,0,0
brave,ADJ,2,0,0
regard,VERB,2,0,0
warmly,ADV,2,0,0
lb,NUM,2,0,0
quart,ADV,2,0,0
white,ADJ,2,0,0
luck,NOUN,2,0,0
Niagara,PROPN,2,0,1
campaign,NOUN,2,0,0
flank,NOUN,2,0,0
cattle,NOUN,2,0,0
panick,ADJ,2,0,0
flight,NOUN,2,0,0
apple,NOUN,2,0,0
de,NOUN,2,0,0
silent,ADJ,2,0,0
deal,VERB,2,0,0
declaration,NOUN,2,0,0
Trenton,PROPN,2,0,1
firework,NOUN,2,0,0
rejoicing,NOUN,2,0,0
surely,ADV,2,0,0
undergo,VERB,2,0,0
exempting,NOUN,2,0,0
notify,VERB,2,0,0
FRONTIER,PROPN,2,0,1
massacre,VERB,2,0,0
posture,NOUN,2,0,0
stockade,NOUN,2,0,0
supply,NOUN,2,0,0
lock,NOUN,2,0,0
priming,NOUN,2,0,0
effectually,ADV,2,0,0
measure,VERB,2,0,0
pine,NOUN,2,0,0
dig,VERB,2,0,0
loophole,NOUN,2,0,0
scour,VERB,2,0,0
somewhat,ADV,2,0,0
print,NOUN,2,0,0
Beatty,PROPN,2,0,1
non,ADJ,2,0,0
escort,VERB,2,0,0
dormitory,NOUN,2,0,0
judge,VERB,2,0,0
ensign,NOUN,2,0,0
taxation,NOUN,2,0,0
Everard,PROPN,2,0,1
deprive,VERB,2,0,0
subsist,VERB,2,0,0
xviii,NOUN,2,0,0
Kinnersley,PROPN,2,0,1
sameness,NOUN,2,0,0
cave,VERB,2,0,0
Nollet,PROPN,2,0,1
verify,VERB,2,0,0
conjecture,NOUN,2,0,0
german,ADJ,2,0,0
Lor,PROPN,2,0,1
summary,NOUN,2,0,0
customary,ADJ,2,0,0
Knowledge,PROPN,2,0,1
celebrated,ADJ,2,0,0
PENNSYLVANIA,PROPN,2,0,1
personally,ADV,2,0,0
anxiety,NOUN,2,0,0
messenger,NOUN,2,0,0
Pitt,PROPN,2,0,1
besiege,VERB,2,0,0
Bonnell,PROPN,2,0,1
heave,VERB,2,0,0
deceive,VERB,2,0,0
embargo,NOUN,2,0,0
damage,VERB,2,0,0
staff,NOUN,2,0,0
load,VERB,2,0,0
sailer,NOUN,2,0,0
knot,NOUN,2,0,0
wager,NOUN,2,0,0
seaman,NOUN,2,0,0
lading,NOUN,2,0,0
hull,NOUN,2,0,0
mast,NOUN,2,0,0
sounding,NOUN,2,0,0
Falmouth,PROPN,2,0,1
indraught,NOUN,2,0,0
ay,INTJ,2,0,0
fast,VERB,2,0,0
lighthouse,NOUN,2,0,0
Salisbury,PROPN,2,0,1
Hanbury,PROPN,2,0,1
Granville,PROPN,2,0,1
Commons,PROPN,2,0,1
Attorney,PROPN,2,0,1
Solicitor,PROPN,2,0,1
formality,NOUN,2,0,0
rudeness,NOUN,2,0,0
counsel,VERB,2,0,0
assessor,NOUN,2,0,0
Mansfield,PROPN,2,0,1
threat,NOUN,2,0,0
attach,VERB,2,0,0
absolute,ADJ,2,0,0
APPENDIX,PROPN,2,0,1
ELECTRICAL,PROPN,2,0,1
tie,VERB,2,0,0
string,NOUN,2,0,0
gust,NOUN,2,0,0
wire,NOUN,2,0,0
ribbon,NOUN,2,0,0
loose,ADJ,2,0,0
approach,VERB,2,0,0
WEALTH,PROPN,2,0,1
Laziness,PROPN,2,0,1
ashamed,ADJ,2,0,0
Shop,PROPN,2,0,1
Nail,PROPN,2,0,1
Shoe,PROPN,2,0,1
Horse,PROPN,2,0,1
Vice,PROPN,2,0,1
WHISTLE,PROPN,2,0,1
whistle,PROPN,2,0,1
fond,NOUN,2,0,0
SAMUEL,PROPN,2,0,1
MATHER,PROPN,2,0,1
BIBLIOGRAPHY,PROPN,2,0,1
Series,PROPN,2,0,1
lxxi,ADJ,2,0,0
Papers,PROPN,2,0,1
Prussia,PROPN,2,0,1
Parable,PROPN,2,0,1
concept,NOUN,2,0,0
registered,ADJ,2,0,0
redistribution,NOUN,2,0,0
available,ADJ,2,0,0
file,NOUN,2,0,0
intellectual,ADJ,2,0,0
destroy,VERB,2,0,0
domain,NOUN,2,0,0
base,VERB,2,0,0
reference,NOUN,2,0,0
outside,ADP,2,0,0
prominently,ADV,2,0,0
derive,VERB,2,0,0
redistribute,VERB,2,0,0
Vanilla,PROPN,2,0,1
ASCII,PROPN,2,0,1
specify,VERB,2,0,0
calculate,VERB,2,0,0
Section,PROPN,2,0,1
physical,ADJ,2,0,0
employee,NOUN,2,0,0
liability,NOUN,2,0,0
legal,ADJ,2,0,0
electronically,ADV,2,0,0
b,NOUN,2,0,0
exempt,ADJ,2,0,0
federal,ADJ,2,0,0
email,NOUN,2,0,0
contact,NOUN,2,0,0
Editor,PROPN,1,0,1
Frank,PROPN,1,0,1
Woodworth,PROPN,1,0,1
Pine,PROPN,1,0,1
Illustrator,PROPN,1,0,1
Boyd,PROPN,1,0,1
Release,PROPN,1,0,1
recently,ADV,1,0,0
Credits,PROPN,1,0,1
Turgut,PROPN,1,0,1
Dincer,PROPN,1,0,1
Brian,PROPN,1,0,1
Sogard,PROPN,1,0,1
Online,PROPN,1,0,1
Proofreading,PROPN,1,0,1
Team,PROPN,1,0,1
SEAL,PROPN,1,0,1
U,PROPN,1,0,1
O,PROPN,1,0,1
G,PROPN,1,0,1
P,PROPN,1,0,1
H,PROPN,1,0,1
BOYD,PROPN,1,0,1
SMITH,PROPN,1,0,1
FRANK,PROPN,1,0,1
WOODWORTH,PROPN,1,0,1
PINE,PROPN,1,0,1
Copyright,PROPN,1,0,1
QUINN,PROPN,1,0,1
BODEN,PROPN,1,0,1
CO,PROPN,1,0,1
PRESS,PROPN,1,0,1
RAHWAY,PROPN,1,0,1
Introduction,PROPN,1,0,1
vii,VERB,1,0,0
Ancestry,PROPN,1,0,1
Printer,PROPN,1,0,1
Arrival,PROPN,1,0,1
Success,PROPN,1,0,1
IX,PROPN,1,0,1
Moral,PROPN,1,0,1
Perfection,PROPN,1,0,1
Activities,PROPN,1,0,1
Services,PROPN,1,0,1
Duties,PROPN,1,0,1
Proprietary,PROPN,1,0,1
Governors,PROPN,1,0,1
Expedition,PROPN,1,0,1
Frontier,PROPN,1,0,1
XVIII,PROPN,1,0,1
Scientific,PROPN,1,0,1
Appendix,PROPN,1,0,1
Bibliography,PROPN,1,0,1
Frontispiece,PROPN,1,0,1
Portrait,PROPN,1,0,1
vii,PROPN,1,0,1
Number,PROPN,1,0,1
XL,PROPN,1,0,1
xxi,PROPN,1,0,1
extract,NOUN,1,0,0
selectman,NOUN,1,0,0
engraving,NOUN,1,0,0
Duplessis,PROPN,1,0,1
devour,VERB,1,0,0
commonplace,ADJ,1,0,0
lack,VERB,1,0,0
element,NOUN,1,0,0
grasp,NOUN,1,0,0
Aladdin,PROPN,1,0,1
Lamp,PROPN,1,0,1
coveted,ADJ,1,0,0
charm,NOUN,1,0,0
Milton,PROPN,1,0,1
Comus,PROPN,1,0,1
esteemed,ADJ,1,0,0
swain,NOUN,1,0,0
tread,NOUN,1,0,0
clouted,ADJ,1,0,0
shoon,NOUN,1,0,0
vividly,ADV,1,0,0
formula,NOUN,1,0,0
companionship,NOUN,1,0,0
fascinate,VERB,1,0,0
aspect,NOUN,1,0,0
unmindful,ADJ,1,0,0
recognition,NOUN,1,0,0
incidental,ADJ,1,0,0
honesty,NOUN,1,0,0
recital,NOUN,1,0,0
fascinating,ADJ,1,0,0
everyday,NOUN,1,0,0
realization,NOUN,1,0,0
shortcoming,NOUN,1,0,0
inability,NOUN,1,0,0
relationship,NOUN,1,0,0
animate,VERB,1,0,0
champion,NOUN,1,0,0
cogent,ADJ,1,0,0
forcible,ADJ,1,0,0
presentation,NOUN,1,0,0
personality,NOUN,1,0,0
facile,ADJ,1,0,0
alliance,NOUN,1,0,0
fortitude,NOUN,1,0,0
devotion,NOUN,1,0,0
noticeable,ADJ,1,0,0
disinterestedness,NOUN,1,0,0
prosperity,NOUN,1,0,0
widely,ADJ,1,0,0
pithy,ADJ,1,0,0
saying,NOUN,1,0,0
manhood,NOUN,1,0,0
versatility,NOUN,1,0,0
graphic,ADJ,1,0,0
boyhood,NOUN,1,0,0
economy,NOUN,1,0,0
perseverance,NOUN,1,0,0
unequaled,ADJ,1,0,0
notable,ADJ,1,0,0
rapid,ADJ,1,0,0
evolution,NOUN,1,0,0
Jeffrey,PROPN,1,0,1
Edinburgh,PROPN,1,0,1
ago,ADV,1,0,0
higher,ADV,1,0,0
aptly,ADV,1,0,0
sided,ADJ,1,0,0
Edison,PROPN,1,0,1
identity,NOUN,1,0,0
patent,VERB,1,0,0
masterly,ADJ,1,0,0
shrewdness,NOUN,1,0,0
Carlyle,PROPN,1,0,1
Yankees,PROPN,1,0,1
journalism,NOUN,1,0,0
postal,ADJ,1,0,0
basis,NOUN,1,0,0
Post,PROPN,1,0,1
Bancroft,PROPN,1,0,1
diplomatist,NOUN,1,0,0
perfect,VERB,1,0,0
Declaration,PROPN,1,0,1
Independence,PROPN,1,0,1
Alliance,PROPN,1,0,1
Constitution,PROPN,1,0,1
surpass,VERB,1,0,0
Harvard,PROPN,1,0,1
Andrews,PROPN,1,0,1
award,VERB,1,0,0
Science,PROPN,1,0,1
Stevenson,PROPN,1,0,1
imitation,NOUN,1,0,0
forcibly,ADV,1,0,0
interestingly,ADV,1,0,0
announce,VERB,1,0,0
Davy,PROPN,1,0,1
chemist,NOUN,1,0,0
guide,VERB,1,0,0
socially,ADV,1,0,0
dread,NOUN,1,0,0
plow,NOUN,1,0,0
exquisite,NOUN,1,0,0
ponderous,ADJ,1,0,0
stiff,ADJ,1,0,0
class,VERB,1,0,0
humorist,NOUN,1,0,0
development,NOUN,1,0,0
Periodical,PROPN,1,0,1
pamphleteer,NOUN,1,0,0
flourish,VERB,1,0,0
period,NOUN,1,0,0
homelier,ADJ,1,0,0
artificial,ADJ,1,0,0
onward,ADV,1,0,0
Fielding,PROPN,1,0,1
Tom,PROPN,1,0,1
Jones,PROPN,1,0,1
Sterne,PROPN,1,0,1
Tristram,PROPN,1,0,1
Shandy,PROPN,1,0,1
Goldsmith,PROPN,1,0,1
Vicar,PROPN,1,0,1
Wakefield,PROPN,1,0,1
Decline,PROPN,1,0,1
Fall,PROPN,1,0,1
Roman,PROPN,1,0,1
empire,NOUN,1,0,0
hume,VERB,1,0,0
Adam,PROPN,1,0,1
simplicity,NOUN,1,0,0
vigor,NOUN,1,0,0
imitator,NOUN,1,0,0
parable,NOUN,1,0,0
allegory,NOUN,1,0,0
apologue,NOUN,1,0,0
essentially,ADV,1,0,0
terse,ADJ,1,0,0
burlesque,ADJ,1,0,0
repartee,NOUN,1,0,0
comparison,NOUN,1,0,0
vocation,NOUN,1,0,0
imaginative,ADJ,1,0,0
creative,ADJ,1,0,0
authorship,VERB,1,0,0
imagination,NOUN,1,0,0
incidentally,ADV,1,0,0
unsurpassed,ADJ,1,0,0
adventure,NOUN,1,0,0
fragment,NOUN,1,0,0
informal,ADJ,1,0,0
revision,NOUN,1,0,0
inelegant,ADJ,1,0,0
vulgar,ADJ,1,0,0
disappear,VERB,1,0,0
interrupt,VERB,1,0,0
resume,VERB,1,0,0
infirm,ADJ,1,0,0
suffering,NOUN,1,0,0
discouraging,ADJ,1,0,0
progress,VERB,1,0,0
stop,VERB,1,0,0
clumsily,ADV,1,0,0
carelessly,ADV,1,0,0
unfinishe,VERB,1,0,0
translator,NOUN,1,0,0
adventurous,ADJ,1,0,0
designate,VERB,1,0,0
transcript,NOUN,1,0,0
Minister,PROPN,1,0,1
Dwight,PROPN,1,0,1
vault,NOUN,1,0,0
Fifth,PROPN,1,0,1
Avenue,PROPN,1,0,1
City,PROPN,1,0,1
authentic,ADJ,1,0,0
garbled,ADJ,1,0,0
unwarranted,ADJ,1,0,0
republish,VERB,1,0,0
score,NOUN,1,0,0
unconsciously,ADV,1,0,0
unerring,NOUN,1,0,0
instinct,NOUN,1,0,0
conversationalist,NOUN,1,0,0
unexcelled,ADJ,1,0,0
conversational,ADJ,1,0,0
biography,NOUN,1,0,0
talk,ADJ,1,0,0
Gilman,PROPN,1,0,1
School,PROPN,1,0,1
responsible,ADJ,1,0,0
ANCESTRY,PROPN,1,0,1
EAR,PROPN,1,0,1
SON,PROPN,1,0,1
remain,NOUN,1,0,0
enjoyment,NOUN,1,0,0
uninterrupted,ADJ,1,0,0
retirement,NOUN,1,0,0
inducement,NOUN,1,0,0
conducing,NOUN,1,0,0
sinister,ADJ,1,0,0
Hereby,PROPN,1,1,1
tiresome,ADJ,1,0,0
introductory,ADJ,1,0,0
wherever,SCONJ,1,1,0
possessor,NOUN,1,0,0
sphere,NOUN,1,0,0
absurd,ADJ,1,0,0
comfort,NOUN,1,0,0
feeling,NOUN,1,0,0
fatal,ADJ,1,0,0
reverse,NOUN,1,0,0
complexion,NOUN,1,0,0
bless,VERB,1,0,0
affliction,NOUN,1,0,0
kingdom,NOUN,1,0,0
freehold,NOUN,1,0,0
acre,NOUN,1,0,0
burial,NOUN,1,0,0
parish,NOUN,1,0,0
Banbury,PROPN,1,0,1
Oxfordshire,PROPN,1,0,1
gravestone,NOUN,1,0,0
Fisher,PROPN,1,0,1
Wellingborough,PROPN,1,0,1
Isted,PROPN,1,0,1
lord,PROPN,1,0,1
manor,NOUN,1,0,0
Esquire,PROPN,1,0,1
parish,PROPN,1,0,1
qualify,VERB,1,0,0
mover,NOUN,1,0,0
Northampton,PROPN,1,0,1
patronize,VERB,1,0,0
transmigration,NOUN,1,0,0
woollen,NOUN,1,0,0
MS,PROPN,1,0,1
attender,NOUN,1,0,0
politician,NOUN,1,0,0
numbering,NOUN,1,0,0
octavo,NOUN,1,0,0
dealer,NOUN,1,0,0
buying,NOUN,1,0,0
margin,NOUN,1,0,0
obscure,ADJ,1,0,0
Reformation,PROPN,1,0,1
Protestants,PROPN,1,0,1
Queen,PROPN,1,0,1
Mary,PROPN,1,0,1
popery,NOUN,1,0,0
apparitor,NOUN,1,0,0
out,VERB,1,0,0
non,NOUN,1,0,0
conformity,NOUN,1,0,0
Episcopal,PROPN,1,0,1
birthplace,NOUN,1,0,0
seventeen,NUM,1,0,0
settler,NOUN,1,0,0
Christi,PROPN,1,0,1
Americana,PROPN,1,0,1
godly,ADJ,1,0,0
Englishman,PROPN,1,0,1
spin,VERB,1,0,0
concerned,ADJ,1,0,0
Baptists,PROPN,1,0,1
sectary,NOUN,1,0,0
befall,VERB,1,0,0
heinous,ADJ,1,0,0
uncharitable,ADJ,1,0,0
decent,ADJ,1,0,0
plainness,ADJ,1,0,0
manly,ADJ,1,0,0
concluding,NOUN,1,0,0
libeller,NOUN,1,0,0
hate,VERB,1,0,0
Sherburne,PROPN,1,0,1
dwell,VERB,1,0,0
Folgier,PROPN,1,0,1
devote,VERB,1,0,0
tithe,DET,1,0,0
Brownell,PROPN,1,0,1
mild,ADJ,1,0,0
sope,NOUN,1,0,0
boiler,NOUN,1,0,0
dyeing,NOUN,1,0,0
dipping,NOUN,1,0,0
cast,NOUN,1,0,0
leader,NOUN,1,0,0
marsh,NOUN,1,0,0
bound,VERB,1,0,0
pond,NOUN,1,0,0
fish,VERB,1,0,0
minnow,NOUN,1,0,0
comrade,NOUN,1,0,0
marsh,PROPN,1,0,1
playfellow,NOUN,1,0,0
emmet,NOUN,1,0,0
Inquiry,PROPN,1,0,1
remover,NOUN,1,0,0
stature,NOUN,1,0,0
prettily,ADV,1,0,0
skilled,ADJ,1,0,0
tune,NOUN,1,0,0
sung,PROPN,1,0,1
mechanical,ADJ,1,0,0
handy,ADJ,1,0,0
prudential,ADJ,1,0,0
straitness,NOUN,1,0,0
arbitrator,NOUN,1,0,0
topic,NOUN,1,0,0
flavor,NOUN,1,0,0
unobservant,ADJ,1,0,0
din,VERB,1,0,0
gratification,NOUN,1,0,0
delicate,ADJ,1,0,0
taste,NOUN,1,0,0
suckle,VERB,1,0,0
inter,VERB,1,0,0
lovingly,ADV,1,0,0
wedlock,ADJ,1,0,0
gainful,ADJ,1,0,0
comfortably,ADV,1,0,0
grandchild,NOUN,1,0,0
diligence,VERB,1,0,0
thy,NOUN,1,0,0
distrust,VERB,1,0,0
discreet,NOUN,1,0,0
filial,ADJ,1,0,0
Ætat,PROPN,1,0,1
ramble,VERB,1,0,0
digression,NOUN,1,0,0
ball,NOUN,1,0,0
tis,VERB,1,0,0
destine,VERB,1,0,0
bricklayer,NOUN,1,0,0
turner,NOUN,1,0,0
brazier,NOUN,1,0,0
construct,VERB,1,0,0
cutler,NOUN,1,0,0
displease,VERB,1,0,0
Winchester,PROPN,1,0,1
Jonathan,PROPN,1,0,1
style,VERB,1,0,0
confidential,ADJ,1,0,0
harsh,ADJ,1,0,0
delightful,ADJ,1,0,0
staunch,ADJ,1,0,0
unaffected,ADJ,1,0,0
landowner,NOUN,1,0,0
Gregory,PROPN,1,0,1
cancel,VERB,1,0,0
julian,ADJ,1,0,0
Russia,PROPN,1,0,1
Greece,PROPN,1,0,1
consequently,ADV,1,0,0
gathering,NOUN,1,0,0
dissenter,NOUN,1,0,0
opposite,ADP,1,0,0
Old,PROPN,1,0,1
Meeting,PROPN,1,0,1
baptize,VERB,1,0,0
snowstorm,NOUN,1,0,0
pastor,NOUN,1,0,0
witchcraft,NOUN,1,0,0
Nantucket,PROPN,1,0,1
tenth,ADV,1,0,0
System,PROPN,1,0,1
decay,VERB,1,0,0
granite,NOUN,1,0,0
obelisk,NOUN,1,0,0
erection,NOUN,1,0,0
monument,NOUN,1,0,0
rom,NOUN,1,0,0
Burton,PROPN,1,0,1
Collections,PROPN,1,0,1
divinity,NOUN,1,0,0
thirst,NOUN,1,0,0
Plutarch,PROPN,1,0,1
DeFoe,PROPN,1,0,1
Essay,PROPN,1,0,1
thinking,NOUN,1,0,0
bookish,NOUN,1,0,0
hankering,NOUN,1,0,0
Matthew,PROPN,1,0,1
Adams,PROPN,1,0,1
frequent,VERB,1,0,0
fancy,NOUN,1,0,0
Lighthouse,PROPN,1,0,1
Tragedy,PROPN,1,0,1
drowning,NOUN,1,0,0
Worthilake,PROPN,1,0,1
sailor,NOUN,1,0,0
Blackbeard,PROPN,1,0,1
pirate,NOUN,1,0,0
ballad,ADJ,1,0,0
wonderfully,ADV,1,0,0
recent,ADJ,1,0,0
flatter,VERB,1,0,0
ridicule,VERB,1,0,0
prose,ADJ,1,0,0
bookish,ADJ,1,0,0
disputatious,ADJ,1,0,0
spoil,VERB,1,0,0
enmitie,VERB,1,0,0
university,NOUN,1,0,0
Edinborough,PROPN,1,0,1
somehow,ADV,1,1,0
unequal,ADJ,1,0,0
fluency,NOUN,1,0,0
antagonist,NOUN,1,0,0
spelling,NOUN,1,0,0
elegance,NOUN,1,0,0
perspicuity,NOUN,1,0,0
hint,VERB,1,0,0
hand,VERB,1,0,0
rhyme,NOUN,1,0,0
tale,NOUN,1,0,0
jumble,VERB,1,0,0
arrangement,NOUN,1,0,0
vegetable,NOUN,1,0,0
unmarried,ADJ,1,0,0
inconveniency,NOUN,1,0,0
chid,NOUN,1,0,0
singularity,NOUN,1,0,0
boiling,NOUN,1,0,0
potato,NOUN,1,0,0
pudding,NOUN,1,0,0
repast,NOUN,1,0,0
slice,NOUN,1,0,0
tart,NOUN,1,0,0
pastry,NOUN,1,0,0
cook,NOUN,1,0,0
eating,NOUN,1,0,0
Cocker,PROPN,1,0,1
Arithmetick,PROPN,1,0,1
Seller,PROPN,1,0,1
Shermy,PROPN,1,0,1
Navigation,PROPN,1,0,1
geometry,NOUN,1,0,0
Understanding,PROPN,1,0,1
Thinking,PROPN,1,0,1
du,PROPN,1,0,1
Greenwood,PROPN,1,0,1
rhetoric,NOUN,1,0,0
logic,NOUN,1,0,0
Socratic,PROPN,1,0,1
Xenophon,PROPN,1,0,1
memorable,ADJ,1,0,0
inquirer,NOUN,1,0,0
Shaftesbury,PROPN,1,0,1
safest,ADJ,1,0,0
embarrassing,ADJ,1,0,0
delight,NOUN,1,0,0
concession,NOUN,1,0,0
entangle,VERB,1,0,0
extricate,VERB,1,0,0
disgust,VERB,1,0,0
defeat,VERB,1,0,0
provoke,VERB,1,0,0
firmly,ADV,1,0,0
undisturbed,ADJ,1,0,0
forgot,VERB,1,0,0
seeming,NOUN,1,1,0
second,NOUN,1,0,0
excited,ADJ,1,0,0
comment,VERB,1,0,0
guess,NOUN,1,0,0
exhausted,ADJ,1,0,0
indulgence,NOUN,1,0,0
else,ADV,1,1,0
pleader,NOUN,1,0,0
passionate,ADJ,1,0,0
tedious,ADJ,1,0,0
shorten,VERB,1,0,0
dismiss,VERB,1,0,0
ruler,NOUN,1,0,0
rub,NOUN,1,0,0
unfavorable,ADJ,1,0,0
satyr,NOUN,1,0,0
consultation,NOUN,1,0,0
unfairness,NOUN,1,0,0
blow,NOUN,1,0,0
saucy,NOUN,1,0,0
provoking,NOUN,1,0,0
obnoxious,ADJ,1,0,0
arbitrary,ADJ,1,0,0
indiscreet,ADJ,1,0,0
horror,NOUN,1,0,0
infidel,NOUN,1,0,0
atheist,NOUN,1,0,0
openly,ADV,1,0,0
peddler,NOUN,1,0,0
colonist,NOUN,1,0,0
noted,ADJ,1,0,0
scholarly,ADJ,1,0,0
devout,ADJ,1,0,0
abbey,NOUN,1,0,0
Logic,PROPN,1,0,1
socrate,NOUN,1,0,0
skillfully,ADV,1,0,0
devise,VERB,1,0,0
questioner,NOUN,1,0,0
fifth,ADJ,1,0,0
Occurrences,PROPN,1,0,1
suppress,VERB,1,0,0
disclose,VERB,1,0,0
worne,VERB,1,0,0
squall,NOUN,1,0,0
tear,VERB,1,0,0
rotten,ADJ,1,0,0
drunken,ADJ,1,0,0
shock,NOUN,1,0,0
pate,NOUN,1,0,0
ducking,NOUN,1,0,0
sober,VERB,1,0,0
dry,VERB,1,0,0
favorite,ADJ,1,0,0
Progress,PROPN,1,0,1
Honest,PROPN,1,0,1
narration,NOUN,1,0,0
engaging,ADJ,1,0,0
Foe,PROPN,1,0,1
Cruso,PROPN,1,0,1
Moll,PROPN,1,0,1
Flanders,PROPN,1,0,1
Religious,PROPN,1,0,1
Courtship,PROPN,1,0,1
Family,PROPN,1,0,1
Instructor,PROPN,1,0,1
stony,PROPN,1,0,1
beach,NOUN,1,0,0
swing,VERB,1,0,0
impracticable,ADJ,1,0,0
boatman,NOUN,1,0,0
scuttle,NOUN,1,0,0
spray,NOUN,1,0,0
filthy,ADJ,1,0,0
feverish,ADJ,1,0,0
prescription,NOUN,1,0,0
sweat,VERB,1,0,0
thoroughly,ADV,1,0,0
inn,NOUN,1,0,0
runaway,ADJ,1,0,0
inn,PROPN,1,0,1
Brown,PROPN,1,0,1
unbeliever,NOUN,1,0,0
wickedly,ADV,1,0,0
undertook,ADJ,1,0,0
travesty,VERB,1,0,0
doggrel,NOUN,1,0,0
Virgil,PROPN,1,0,1
coming,NOUN,1,0,0
wherefore,ADV,1,0,0
gingerbread,NOUN,1,0,0
hospitable,ADJ,1,0,0
ox,NOUN,1,0,0
cheek,NOUN,1,0,0
fence,NOUN,1,0,0
rail,NOUN,1,0,0
entry,NOUN,1,0,0
unlikely,ADJ,1,0,0
shirt,NOUN,1,0,0
stocking,NOUN,1,0,0
dutch,ADJ,1,0,0
gaze,VERB,1,0,0
baker,PROPN,1,0,1
puffy,ADJ,1,0,0
draught,NOUN,1,0,0
refresh,VERB,1,0,0
drowsy,NOUN,1,0,0
rouse,VERB,1,0,0
accost,VERB,1,0,0
Three,PROPN,1,1,1
Mariners,PROPN,1,0,1
entertain,VERB,1,0,0
reputable,ADJ,1,0,0
wilt,NOUN,1,0,0
Crooked,PROPN,1,0,1
Billet,PROPN,1,0,1
sly,ADJ,1,0,0
runaway,NOUN,1,0,0
sleepiness,ADJ,1,0,0
undressing,ADJ,1,0,0
soundly,ADV,1,0,0
tidy,ADJ,1,0,0
civilly,ADV,1,0,0
fuller,ADJ,1,0,0
Neighbour,PROPN,1,0,1
composing,ADJ,1,0,0
crafty,ADJ,1,0,0
novice,NOUN,1,0,0
font,NOUN,1,0,0
indifferently,ADV,1,0,0
diet,VERB,1,0,0
illiterate,ADJ,1,0,0
prophet,NOUN,1,0,0
agitation,NOUN,1,0,0
profess,VERB,1,0,0
earnestly,ADV,1,0,0
van,PROPN,1,0,1
Kull,PROPN,1,0,1
Staten,PROPN,1,0,1
Grandison,PROPN,1,0,1
Manuscript,PROPN,1,0,1
upper,NOUN,1,0,0
fanatical,ADJ,1,0,0
prophecy,NOUN,1,0,0
Conscience,PROPN,1,0,1
IR,PROPN,1,0,1
WILLIAM,PROPN,1,0,1
KEITH,PROPN,1,0,1
promising,ADJ,1,0,0
condescension,NOUN,1,0,0
politeness,NOUN,1,0,0
taste,VERB,1,0,0
Third,PROPN,1,1,1
affable,ADJ,1,0,0
imaginable,ADJ,1,0,0
flattering,ADJ,1,0,0
shoal,NOUN,1,0,0
leak,NOUN,1,0,0
bluster,VERB,1,0,0
pump,VERB,1,0,0
br,NOUN,1,0,0
frankly,ADV,1,0,0
inquisitive,ADJ,1,0,0
raree,NOUN,1,0,0
grum,VERB,1,0,0
sullen,ADJ,1,0,0
reconciliation,NOUN,1,0,0
insult,VERB,1,0,0
Capt,PROPN,1,0,1
holme,NOUN,1,0,0
determination,NOUN,1,0,0
mathematick,NOUN,1,0,0
equip,VERB,1,0,0
respectfully,ADV,1,0,0
lampooning,NOUN,1,0,0
parsimony,NOUN,1,0,0
affectionately,ADV,1,0,0
uneasiness,NOUN,1,0,0
matronlike,PROPN,1,0,1
attendant,NOUN,1,0,0
thou,PROPN,1,0,1
snare,NOUN,1,0,0
thee,NOUN,1,0,0
couple,NOUN,1,0,0
strumpet,NOUN,1,0,0
thief,NOUN,1,0,0
escape,NOUN,1,0,0
mathematical,ADJ,1,0,0
outstript,VERB,1,0,0
brandy,NOUN,1,0,0
oddly,ADV,1,0,0
then,ADJ,1,1,0
counting,NOUN,1,0,0
dramming,NOUN,1,0,0
repayment,NOUN,1,0,0
intoxicate,VERB,1,0,0
fractious,ADJ,1,0,0
signify,VERB,1,0,0
step,VERB,1,0,0
thwart,NOUN,1,0,0
clap,VERB,1,0,0
crutch,NOUN,1,0,0
pitch,VERB,1,0,0
foremost,ADV,1,0,0
slide,VERB,1,0,0
tire,NOUN,1,0,0
dripping,ADJ,1,0,0
Barbados,PROPN,1,0,1
breaking,NOUN,1,0,0
cordiality,NOUN,1,0,0
unsolicite,VERB,1,0,0
insincere,ADV,1,0,0
computation,NOUN,1,0,0
bookselle,VERB,1,0,0
fret,VERB,1,0,0
Block,PROPN,1,0,1
haul,VERB,1,0,0
Hitherto,PROPN,1,0,1
unprovoked,ADJ,1,0,0
murder,NOUN,1,0,0
slaughter,NOUN,1,0,0
frying,NOUN,1,0,0
pan,PROPN,1,0,1
smell,VERB,1,0,0
stomach,NOUN,1,0,0
vegetable,ADJ,1,0,0
creature,NOUN,1,0,0
specific,ADJ,1,0,0
vulgar,NOUN,1,0,0
star,VERB,1,0,0
astonishment,PROPN,1,0,1
peep,NOUN,1,0,0
box,NOUN,1,0,0
mint,NOUN,1,0,0
metal,NOUN,1,0,0
coinage,NOUN,1,0,0
equivalent,ADJ,1,0,0
EIMER,PROPN,1,0,1
tolerably,ADV,1,0,0
setting,NOUN,1,0,0
ridiculously,ADV,1,0,0
cautious,ADJ,1,0,0
infer,VERB,1,0,0
confuting,NOUN,1,0,0
confound,VERB,1,0,0
conundrum,NOUN,1,0,0
Mosaic,PROPN,1,0,1
mar,VERB,1,0,0
thy,PROPN,1,0,1
glutton,NOUN,1,0,0
starve,VERB,1,0,0
fowl,NOUN,1,0,0
whim,NOUN,1,0,0
eighteenpence,NOUN,1,0,0
Lents,PROPN,1,0,1
gradation,NOUN,1,0,0
Egypt,PROPN,1,0,1
roast,NOUN,1,0,0
resist,VERB,1,0,0
lax,ADJ,1,0,0
unsettle,VERB,1,0,0
frank,ADJ,1,0,0
affectionate,VERB,1,0,0
criticize,VERB,1,0,0
talker,NOUN,1,0,0
admirer,NOUN,1,0,0
factor,NOUN,1,0,0
acquire,NOUN,1,0,0
Psalm,PROPN,1,0,1
descent,NOUN,1,0,0
nigh,NOUN,1,0,0
jealous,ADJ,1,0,0
your,NOUN,1,1,0
backward,ADV,1,0,0
flattery,VERB,1,0,0
painting,NOUN,1,0,0
original,NOUN,1,0,0
hesitate,VERB,1,0,0
blunder,NOUN,1,0,0
plaid,VERB,1,0,0
little,NOUN,1,0,0
lamented,ADJ,1,0,0
ye,PROPN,1,0,1
wolf,NOUN,1,0,0
Cynthia,PROPN,1,0,1
howl,NOUN,1,0,0
hideous,ADJ,1,0,0
ye,NOUN,1,0,0
owl,NOUN,1,0,0
writ,VERB,1,0,0
swearing,NOUN,1,0,0
Sawney,PROPN,1,0,1
Swift,PROPN,1,0,1
Gay,PROPN,1,0,1
HE,PROPN,1,1,1
recommendatory,ADJ,1,0,0
Bard,PROPN,1,0,1
though,ADV,1,1,0
discontent,NOUN,1,0,0
civillest,ADJ,1,0,0
puzzle,VERB,1,0,0
Onion,PROPN,1,0,1
Russel,PROPN,1,0,1
berth,NOUN,1,0,0
steerage,NOUN,1,0,0
uncommonly,ADV,1,0,0
handwriting,NOUN,1,0,0
Basket,PROPN,1,0,1
rascal,NOUN,1,0,0
heel,NOUN,1,0,0
ill,NOUN,1,0,0
cordially,ADV,1,0,0
pitiful,ADJ,1,0,0
grossly,ADV,1,0,0
constituent,NOUN,1,0,0
planning,NOUN,1,0,0
inseparable,ADJ,1,0,0
muster,VERB,1,0,0
actor,NOUN,1,0,0
wilke,NOUN,1,0,0
candidly,ADV,1,0,0
Paternoster,PROPN,1,0,1
Row,PROPN,1,0,1
hackney,NOUN,1,0,0
Bartholomew,PROPN,1,0,1
Close,PROPN,1,0,1
Wollaston,PROPN,1,0,1
Dissertation,PROPN,1,0,1
Pleasure,PROPN,1,0,1
Pain,PROPN,1,0,1
inscribe,VERB,1,0,0
expostulate,VERB,1,0,0
Wilcox,PROPN,1,0,1
Lyons,PROPN,1,0,1
surgeon,NOUN,1,0,0
Infallibility,PROPN,1,0,1
Judgment,PROPN,1,0,1
Horns,PROPN,1,0,1
Cheapside,PROPN,1,0,1
Mandeville,PROPN,1,0,1
fable,NOUN,1,0,0
Bees,PROPN,1,0,1
facetious,ADJ,1,0,0
lyon,NOUN,1,0,0
Pemberton,PROPN,1,0,1
Batson,PROPN,1,0,1
sometime,ADJ,1,1,0
Newton,PROPN,1,0,1
asbestos,NOUN,1,0,0
purify,VERB,1,0,0
Bloomsbury,PROPN,1,0,1
Square,PROPN,1,0,1
milliner,NOUN,1,0,0
Cloisters,PROPN,1,0,1
genteelly,ADV,1,0,0
Berkshire,PROPN,1,0,1
schoolmaster,VERB,1,0,0
specimen,NOUN,1,0,0
epic,ADJ,1,0,0
Muses,PROPN,1,0,1
restraint,NOUN,1,0,0
burthen,NOUN,1,0,0
Lincoln,PROPN,1,0,1
Inn,PROPN,1,0,1
Fields,PROPN,1,0,1
guzzler,NOUN,1,0,0
wonder,VERB,1,0,0
alehouse,ADJ,1,0,0
detestable,ADJ,1,0,0
barley,NOUN,1,0,0
pennyworth,NOUN,1,0,0
quart,NOUN,1,0,0
under,ADV,1,1,0
bien,NOUN,1,0,0
venu,NOUN,1,0,0
sum,VERB,1,0,0
excommunicate,NOUN,1,0,0
transpose,VERB,1,0,0
ghost,NOUN,1,0,0
haunt,VERB,1,0,0
sprinkle,VERB,1,0,0
pepper,NOUN,1,0,0
bit,NOUN,1,0,0
pence,NOUN,1,0,0
phrase,VERB,1,0,0
riggite,NOUN,1,0,0
jocular,ADJ,1,0,0
satirist,NOUN,1,0,0
quickness,NOUN,1,0,0
Duke,PROPN,1,0,1
Romish,PROPN,1,0,1
Chapel,PROPN,1,0,1
maid,ADJ,1,0,0
revere,VERB,1,0,0
lame,ADJ,1,0,0
gout,NOUN,1,0,0
stir,VERB,1,0,0
hers,PRON,1,1,0
anchovy,NOUN,1,0,0
nearer,NOUN,1,0,0
maiden,ADJ,1,0,0
retired,ADJ,1,0,0
roman,ADJ,1,0,0
Catholic,PROPN,1,0,1
near,ADV,1,0,0
us,NOUN,1,0,0
boil,VERB,1,0,0
priest,NOUN,1,0,0
confessor,NOUN,1,0,0
matra,NOUN,1,0,0
crucifix,NOUN,1,0,0
chimney,NOUN,1,0,0
Saint,PROPN,1,0,1
Veronica,PROPN,1,0,1
miraculous,ADJ,1,0,0
latinist,NOUN,1,0,0
excite,VERB,1,0,0
leap,VERB,1,0,0
swam,VERB,1,0,0
Blackfriar,PROPN,1,0,1
feat,NOUN,1,0,0
Thevenot,PROPN,1,0,1
graceful,ADJ,1,0,0
inclined,ADJ,1,0,0
record,VERB,1,0,0
trait,NOUN,1,0,0
Bristol,PROPN,1,0,1
compound,VERB,1,0,0
plentiful,ADJ,1,0,0
treat,NOUN,1,0,0
remove,NOUN,1,0,0
banker,NOUN,1,0,0
unpaid,ADJ,1,0,0
cargo,NOUN,1,0,0
Blackfriars,PROPN,1,0,1
Egremont,PROPN,1,0,1
notwithstanding,ADV,1,0,0
amiable,ADJ,1,0,0
considerably,ADV,1,0,0
Cathedral,PROPN,1,0,1
Dukes,PROPN,1,0,1
Brittany,PROPN,1,0,1
Irving,PROPN,1,0,1
Sketch,PROPN,1,0,1
gold,ADJ,1,0,0
coin,NOUN,1,0,0
comedian,NOUN,1,0,0
Drury,PROPN,1,0,1
Theater,PROPN,1,0,1
Law,PROPN,1,0,1
southwest,NOUN,1,0,0
Edward,PROPN,1,0,1
Epist,PROPN,1,0,1
Patent,PROPN,1,0,1
operate,VERB,1,0,0
largely,ADV,1,0,0
Caxton,PROPN,1,0,1
Abbey,PROPN,1,0,1
prolong,VERB,1,0,0
dissipation,NOUN,1,0,0
crucifixion,NOUN,1,0,0
image,NOUN,1,0,0
Salter,PROPN,1,0,1
Cheyne,PROPN,1,0,1
Walk,PROPN,1,0,1
constitute,VERB,1,0,0
amazing,ADJ,1,0,0
motley,NOUN,1,0,0
petrified,ADJ,1,0,0
crab,NOUN,1,0,0
lignified,ADJ,1,0,0
hog,NOUN,1,0,0
tear,NOUN,1,0,0
Madagascar,PROPN,1,0,1
lance,NOUN,1,0,0
Conqueror,PROPN,1,0,1
flaming,ADJ,1,0,0
Eighth,PROPN,1,0,1
coat,NOUN,1,0,0
Gravesend,PROPN,1,0,1
Journal,PROPN,1,0,1
minutely,ADV,1,0,0
quite,ADJ,1,1,0
Major,PROPN,1,0,1
Gordon,PROPN,1,0,1
Rogers,PROPN,1,0,1
potter,NOUN,1,0,0
cohabit,VERB,1,0,0
worthless,ADJ,1,0,0
studied,ADJ,1,0,0
pleurisy,NOUN,1,0,0
regretting,ADJ,1,0,0
legacy,NOUN,1,0,0
nuncupative,ADJ,1,0,0
Pennsylvanian,PROPN,1,0,1
humor,NOUN,1,0,0
idle,NOUN,1,0,0
binding,NOUN,1,0,0
wild,ADJ,1,0,0
article,VERB,1,0,0
superiority,NOUN,1,0,0
Witty,PROPN,1,0,1
Club,PROPN,1,0,1
quarterly,ADJ,1,0,0
fifteen,ADJ,1,1,0
gown,NOUN,1,0,0
furze,ADJ,1,0,0
foot,VERB,1,0,0
necessitous,ADJ,1,0,0
imprudent,VERB,1,0,0
incapable,ADJ,1,0,0
æconomist,NOUN,1,0,0
cast,VERB,1,0,0
puncheon,NOUN,1,0,0
mattrice,NOUN,1,0,0
deficiency,NOUN,1,0,0
warehouseman,PROPN,1,0,1
quite,DET,1,1,0
fac,NOUN,1,0,0
totum,NOUN,1,0,0
abatement,NOUN,1,0,0
captious,ADJ,1,0,0
outbreaking,NOUN,1,0,0
nevertheless,ADV,1,1,0
snapt,VERB,1,0,0
reproachful,ADJ,1,0,0
nettle,VERB,1,0,0
publicity,NOUN,1,0,0
witness,NOUN,1,0,0
stipulate,VERB,1,0,0
instant,NOUN,1,0,0
hat,NOUN,1,0,0
miserably,ADV,1,0,0
spring,NOUN,1,0,0
abstain,VERB,1,0,0
dram,NOUN,1,0,0
copperplate,NOUN,1,0,0
rudely,ADV,1,0,0
slovenly,ADV,1,0,0
extream,VERB,1,0,0
dirtiness,NOUN,1,0,0
knavish,ADJ,1,0,0
Judge,PROPN,1,0,1
Bustill,PROPN,1,0,1
Pearson,PROPN,1,0,1
Smiths,PROPN,1,0,1
Decow,PROPN,1,0,1
shrewd,ADJ,1,0,0
wheel,VERB,1,0,0
clay,NOUN,1,0,0
surveying,NOUN,1,0,0
intimation,NOUN,1,0,0
childhood,NOUN,1,0,0
piously,ADV,1,0,0
dissenting,ADJ,1,0,0
deism,NOUN,1,0,0
Boyle,PROPN,1,0,1
refutation,NOUN,1,0,0
thorough,ADJ,1,0,0
pervert,VERB,1,0,0
compunction,NOUN,1,0,0
thinker,NOUN,1,0,0
purblind,ADJ,1,0,0
Sees,PROPN,1,0,1
equal,ADJ,1,0,0
poise,VERB,1,0,0
attribute,NOUN,1,0,0
clever,ADJ,1,0,0
infect,VERB,1,0,0
dealing,NOUN,1,0,0
guardian,ADJ,1,0,0
angel,NOUN,1,0,0
hazardous,ADJ,1,0,0
immorality,NOUN,1,0,0
inexperience,NOUN,1,0,0
knavery,NOUN,1,0,0
fruit,NOUN,1,0,0
seasonably,ADV,1,0,0
earn,VERB,1,0,0
gratitude,NOUN,1,0,0
beginner,NOUN,1,0,0
croaker,NOUN,1,0,0
bode,VERB,1,0,0
look,NOUN,1,0,0
bankrupt,NOUN,1,0,0
fallacious,NOUN,1,0,0
detail,NOUN,1,0,0
melancholy,ADJ,1,0,0
decaying,NOUN,1,0,0
declaim,VERB,1,0,0
strain,NOUN,1,0,0
croaking,NOUN,1,0,0
autumn,NOUN,1,0,0
Politics,PROPN,1,0,1
fondness,NOUN,1,0,0
warmth,NOUN,1,0,0
contraband,ADJ,1,0,0
prohibit,VERB,1,0,0
pecuniary,ADJ,1,0,0
penalty,NOUN,1,0,0
copyer,NOUN,1,0,0
deed,NOUN,1,0,0
nicknackerie,NOUN,1,0,0
mathematician,ADJ,1,0,0
inventor,NOUN,1,0,0
Hadley,PROPN,1,0,1
Quadrant,PROPN,1,0,1
mathematician,NOUN,1,0,0
universal,ADJ,1,0,0
Nicholas,PROPN,1,0,1
Scull,PROPN,1,0,1
Parsons,PROPN,1,0,1
shoemaker,NOUN,1,0,0
astrology,NOUN,1,0,0
Maugridge,PROPN,1,0,1
mechanic,NOUN,1,0,0
cool,ADJ,1,0,0
exactest,ADJ,1,0,0
upwards,ADV,1,0,0
disgusting,ADJ,1,0,0
continuance,NOUN,1,0,0
exert,VERB,1,0,0
pica,PROPN,1,0,1
primer,NOUN,1,0,0
pi,NOUN,1,0,0
visible,ADJ,1,0,0
Baird,PROPN,1,0,1
paltry,NOUN,1,0,0
wretchedly,ADV,1,0,0
counteract,VERB,1,0,0
Busy,PROPN,1,0,1
Body,PROPN,1,0,1
lament,VERB,1,0,0
scribble,ADJ,1,0,0
coarse,NOUN,1,0,0
blunder,VERB,1,0,0
elegantly,ADV,1,0,0
interest,VERB,1,0,0
forbearance,NOUN,1,0,0
bail,NOUN,1,0,0
hopeful,ADJ,1,0,0
discredit,NOUN,1,0,0
separation,NOUN,1,0,0
fulfilling,NOUN,1,0,0
ours,PRON,1,1,0
alone,ADJ,1,1,0
disappoint,VERB,1,0,0
distress,VERB,1,0,0
whence,ADP,1,1,0
climate,NOUN,1,0,0
soil,NOUN,1,0,0
husbandry,NOUN,1,0,0
advertise,VERB,1,0,0
shipping,NOUN,1,0,0
Crimps,PROPN,1,0,1
decoy,VERB,1,0,0
credit,VERB,1,0,0
miracle,NOUN,1,0,0
revelation,NOUN,1,0,0
dramatist,NOUN,1,0,0
Œdipus,PROPN,1,0,1
Scene,PROPN,1,0,1
intrigue,NOUN,1,0,0
pro,X,1,0,0
translucent,ADJ,1,0,0
Pica,PROPN,1,0,1
d,NOUN,1,0,0
Primer,PROPN,1,0,1
lock,VERB,1,0,0
rectangular,ADJ,1,0,0
disorder,NOUN,1,0,0
viii,NOUN,1,0,0
SUCCESS,PROPN,1,0,1
bout,NOUN,1,0,0
cry,NOUN,1,0,0
whereas,SCONJ,1,1,0
desert,VERB,1,0,0
The,PROPN,1,1,1
evident,ADJ,1,0,0
limit,NOUN,1,0,0
blank,NOUN,1,0,0
correctest,NOUN,1,0,0
parchment,NOUN,1,0,0
Whitemash,PROPN,1,0,1
frugal,ADJ,1,0,0
drest,VERB,1,0,0
plainly,ADV,1,0,0
fishing,NOUN,1,0,0
shooting,NOUN,1,0,0
snug,ADJ,1,0,0
scandal,NOUN,1,0,0
apprehensive,VERB,1,0,0
rival,NOUN,1,0,0
fortunately,ADV,1,0,0
scorn,ADJ,1,0,0
expensively,ADV,1,0,0
behindhand,ADJ,1,0,0
straggle,VERB,1,0,0
anxious,ADJ,1,0,0
distributer,NOUN,1,0,0
disadvantage,NOUN,1,0,0
bribe,VERB,1,0,0
deserving,ADJ,1,0,0
folk,NOUN,1,0,0
mortgage,VERB,1,0,0
retract,VERB,1,0,0
withhold,VERB,1,0,0
favorable,ADJ,1,0,0
Godfreys,PROPN,1,0,1
inmate,NOUN,1,0,0
round,VERB,1,0,0
deject,VERB,1,0,0
chearful,ADJ,1,0,0
giddiness,NOUN,1,0,0
inconstancy,NOUN,1,0,0
unhappiness,NOUN,1,0,0
marrying,NOUN,1,0,0
revive,VERB,1,0,0
invalid,ADJ,1,0,0
helpmate,NOUN,1,0,0
throve,VERB,1,0,0
mutually,ADV,1,0,0
apart,ADV,1,0,0
disquisition,NOUN,1,0,0
club,VERB,1,0,0
Mem,PROPN,1,0,1
Continuation,PROPN,1,0,1
ascertain,VERB,1,0,0
southward,NOUN,1,0,0
conference,NOUN,1,0,0
skilful,ADJ,1,0,0
mostly,ADV,1,1,0
annum,NOUN,1,0,0
promissory,ADJ,1,0,0
instructed,ADJ,1,0,0
rank,NOUN,1,0,0
heir,NOUN,1,0,0
null,NOUN,1,0,0
perpetuity,NOUN,1,0,0
reluctance,NOUN,1,0,0
proposer,NOUN,1,0,0
sacrifice,NOUN,1,0,0
amply,ADV,1,0,0
someone,PRON,1,1,0
pluck,VERB,1,0,0
feather,NOUN,1,0,0
restore,VERB,1,0,0
apart,ADP,1,0,0
frolick,NOUN,1,0,0
indefatigable,ADJ,1,0,0
Seest,PROPN,1,0,1
literally,ADV,1,0,0
Denmark,PROPN,1,0,1
fold,VERB,1,0,0
stitch,VERB,1,0,0
tending,NOUN,1,0,0
linen,NOUN,1,0,0
rag,NOUN,1,0,0
break,NOUN,1,0,0
milk,NOUN,1,0,0
twopenny,NOUN,1,0,0
earthen,ADJ,1,0,0
pewter,ADJ,1,0,0
luxury,NOUN,1,0,0
spite,NOUN,1,0,0
breakfast,VERB,1,0,0
religiously,ADV,1,0,0
dogma,NOUN,1,0,0
eternal,ADJ,1,0,0
decree,NOUN,1,0,0
reprobation,NOUN,1,0,0
unintelligible,ADJ,1,0,0
doubtful,ADJ,1,0,0
absent,VERB,1,0,0
crime,NOUN,1,0,0
rewarded,NOUN,1,0,0
tendency,NOUN,1,0,0
unfriendly,ADJ,1,0,0
mite,NOUN,1,0,0
Tho,PROPN,1,0,1
sunday,NOUN,1,0,0
explication,NOUN,1,0,0
peculiar,ADJ,1,0,0
uninteresting,NOUN,1,0,0
unedifying,ADJ,1,0,0
whatsoever,ADJ,1,0,0
lovely,ADJ,1,0,0
apostle,PROPN,1,0,1
holy,ADJ,1,0,0
holy,PROPN,1,0,1
Scriptures,PROPN,1,0,1
partaking,NOUN,1,0,0
Sacrament,PROPN,1,0,1
disgusted,ADJ,1,0,0
preaching,NOUN,1,0,0
Liturgy,PROPN,1,0,1
Articles,PROPN,1,0,1
Belief,PROPN,1,0,1
blameable,ADJ,1,0,0
recall,VERB,1,0,0
center,NOUN,1,0,0
wholesale,ADJ,1,0,0
district,NOUN,1,0,0
likelihood,NOUN,1,0,0
boot,NOUN,1,0,0
abound,VERB,1,0,0
used,ADJ,1,1,0
Chloes,PROPN,1,0,1
Phyllises,PROPN,1,0,1
prate,VERB,1,0,0
Joan,PROPN,1,0,1
blest,ADJ,1,0,0
Vaughan,PROPN,1,0,1
ix,ADJ,1,0,0
arduous,ADJ,1,0,0
conquer,VERB,1,0,0
speculative,ADJ,1,0,0
conviction,NOUN,1,0,0
slipping,NOUN,1,0,0
rectitude,NOUN,1,0,0
enumeration,NOUN,1,0,0
catalogue,NOUN,1,0,0
moderate,VERB,1,0,0
mental,ADJ,1,0,0
avarice,NOUN,1,0,0
desirable,ADJ,1,0,0
annex,VERB,1,0,0
deceit,NOUN,1,0,0
innocently,ADV,1,0,0
moderation,NOUN,1,0,0
forbear,ADJ,1,0,0
tolerate,VERB,1,0,0
uncleanliness,NOUN,1,0,0
tranquillity,NOUN,1,0,0
chastity,NOUN,1,0,0
rarely,ADV,1,0,0
venery,NOUN,1,0,0
Health,PROPN,1,0,1
Offspring,PROPN,1,0,1
Dulness,PROPN,1,0,1
Weakness,PROPN,1,0,1
Injury,PROPN,1,0,1
Jesus,PROPN,1,0,1
distract,VERB,1,0,0
coolness,NOUN,1,0,0
vigilance,NOUN,1,0,0
unremitting,ADJ,1,0,0
attraction,NOUN,1,0,0
perpetual,ADJ,1,0,0
ear,NOUN,1,0,0
prattle,VERB,1,0,0
joking,NOUN,1,0,0
free,VERB,1,0,0
conceiving,NOUN,1,0,0
Pythagoras,PROPN,1,0,1
allot,VERB,1,0,0
TEMPERANCE,PROPN,1,0,1
EAT,PROPN,1,0,1
strict,ADJ,1,0,0
marked,ADJ,1,0,0
compleat,NOUN,1,0,0
eradicate,VERB,1,0,0
herb,NOUN,1,0,0
encouraging,ADJ,1,0,0
clear,VERB,1,0,0
Cato,PROPN,1,0,1
aloud,ADV,1,0,0
Thro,PROPN,1,0,1
Another,PROPN,1,1,1
Cicero,PROPN,1,0,1
vitæ,NOUN,1,0,0
Philosophia,PROPN,1,0,1
dux,NOUN,1,0,0
virtutum,NOUN,1,0,0
indagatrix,NOUN,1,0,0
expultrixque,NOUN,1,0,0
vitiorum,NOUN,1,0,0
unus,NOUN,1,0,0
bene,NOUN,1,0,0
et,X,1,0,0
ex,PROPN,1,0,1
præceptis,PROPN,1,0,1
tuis,PROPN,1,0,1
actus,NOUN,1,0,0
peccanti,PROPN,1,0,1
immortalitati,PROPN,1,0,1
est,PROPN,1,0,1
anteponendus,NOUN,1,0,0
Length,PROPN,1,0,1
rich,NOUN,1,0,0
pleasantness,NOUN,1,0,0
iii,PROPN,1,0,1
fountain,NOUN,1,0,0
bountiful,PROPN,1,0,1
merciful,ADJ,1,0,0
Guide,PROPN,1,0,1
dictate,NOUN,1,0,0
Poems,PROPN,1,0,1
Supreme,PROPN,1,0,1
Thyself,PROPN,1,0,1
folly,ADJ,1,0,0
substantial,ADJ,1,0,0
fade,VERB,1,0,0
bliss,NOUN,1,0,0
allotted,ADJ,1,0,0
Morning,PROPN,1,0,1
wash,NOUN,1,0,0
Powerfull,PROPN,1,0,1
Contrive,PROPN,1,0,1
prosecute,VERB,1,0,0
Noon,PROPN,1,0,1
overlook,VERB,1,0,0
dine,PROPN,1,0,1
Evening,PROPN,1,0,1
Question,PROPN,1,0,1
Sleep,PROPN,1,0,1
intermission,NOUN,1,0,0
scrap,VERB,1,0,0
ivory,NOUN,1,0,0
stain,NOUN,1,0,0
pencil,NOUN,1,0,0
sponge,NOUN,1,0,0
multiplicity,NOUN,1,0,0
exceeding,ADJ,1,0,0
painful,ADJ,1,0,0
vex,VERB,1,0,0
relapse,NOUN,1,0,0
attempt,NOUN,1,0,0
heavily,ADV,1,0,0
turning,NOUN,1,0,0
speckle,VERB,1,0,0
nicety,NOUN,1,0,0
envy,VERB,1,0,0
incorrigible,ADJ,1,0,0
sensibly,ADV,1,0,0
engraved,ADJ,1,0,0
legible,ADJ,1,0,0
revers,NOUN,1,0,0
resignation,NOUN,1,0,0
Temperance,PROPN,1,0,1
Frugality,PROPN,1,0,1
easiness,NOUN,1,0,0
mass,NOUN,1,0,0
evenness,NOUN,1,0,0
cheerfulness,NOUN,1,0,0
descendant,NOUN,1,0,0
reap,VERB,1,0,0
distinguishing,NOUN,1,0,0
tenet,NOUN,1,0,0
purposely,ADV,1,0,0
prejudice,VERB,1,0,0
Art,PROPN,1,0,1
apostle,NOUN,1,0,0
feed,VERB,1,0,0
fulfil,VERB,1,0,0
unforeseen,ADJ,1,0,0
succession,NOUN,1,0,0
enforce,VERB,1,0,0
nobility,NOUN,1,0,0
probity,NOUN,1,0,0
content,ADJ,1,0,0
overbearing,ADJ,1,0,0
insolent,ADJ,1,0,0
forbear,VERB,1,0,0
assertion,NOUN,1,0,0
absurdity,NOUN,1,0,0
readier,ADJ,1,0,0
violence,NOUN,1,0,0
past,ADP,1,0,0
subdue,VERB,1,0,0
peep,VERB,1,0,0
compleatly,ADV,1,0,0
object,NOUN,1,0,0
accidentally,ADV,1,0,0
revolution,NOUN,1,0,0
thwart,VERB,1,0,0
acting,NOUN,1,0,0
benevolence,NOUN,1,0,0
Party,PROPN,1,0,1
unanimous,ADJ,1,0,0
obedience,NOUN,1,0,0
aright,NOUN,1,0,0
revolve,VERB,1,0,0
shock,VERB,1,0,0
professor,NOUN,1,0,0
worship,VERB,1,0,0
adoration,NOUN,1,0,0
thanksgiving,NOUN,1,0,0
initiate,VERB,1,0,0
Free,PROPN,1,0,1
Easy,PROPN,1,0,1
dominion,NOUN,1,0,0
species,NOUN,1,0,0
slavery,NOUN,1,0,0
prosecution,NOUN,1,0,0
multifarious,ADJ,1,0,0
occupation,NOUN,1,0,0
magnitude,NOUN,1,0,0
compare,NOUN,1,0,0
iv,NOUN,1,0,0
origin,NOUN,1,0,0
searcher,ADV,1,0,0
exterminator,NOUN,1,0,0
immortality,NOUN,1,0,0
sin,NOUN,1,0,0
Tusculan,PROPN,1,0,1
Inquiries,PROPN,1,0,1
lack,NOUN,1,0,0
source,NOUN,1,0,0
amazed,ADJ,1,0,0
behold,VERB,1,0,0
scatter,VERB,1,0,0
careless,ADJ,1,0,0
impel,VERB,1,0,0
smack,NOUN,1,0,0
shine,VERB,1,0,0
vital,ADJ,1,0,0
sound,ADJ,1,0,0
pettiness,NOUN,1,0,0
candor,NOUN,1,0,0
Galatians,PROPN,1,0,1
marginal,ADJ,1,0,0
almanack,NOUN,1,0,0
vend,VERB,1,0,0
vehicle,NOUN,1,0,0
conveying,NOUN,1,0,0
space,NOUN,1,0,0
proverbial,ADJ,1,0,0
inculcated,ADJ,1,0,0
honestly,ADV,1,0,0
sack,NOUN,1,0,0
Almanack,PROPN,1,0,1
harangue,NOUN,1,0,0
focus,NOUN,1,0,0
continent,NOUN,1,0,0
broadside,NOUN,1,0,0
gentry,NOUN,1,0,0
parishioner,NOUN,1,0,0
superfluity,NOUN,1,0,0
observable,ADJ,1,0,0
communicating,NOUN,1,0,0
extract,VERB,1,0,0
carefully,ADV,1,0,0
coach,NOUN,1,0,0
detraction,NOUN,1,0,0
altercation,NOUN,1,0,0
manifest,ADJ,1,0,0
scruple,NOUN,1,0,0
malice,NOUN,1,0,0
individual,NOUN,1,0,0
accusation,NOUN,1,0,0
animosity,NOUN,1,0,0
producing,NOUN,1,0,0
duel,NOUN,1,0,0
indiscreet,ADV,1,0,0
scurrilous,ADJ,1,0,0
neighboring,NOUN,1,0,0
national,ADJ,1,0,0
ally,NOUN,1,0,0
pernicious,ADJ,1,0,0
pollute,VERB,1,0,0
disgrace,VERB,1,0,0
infamous,ADJ,1,0,0
injurious,ADJ,1,0,0
Charleston,PROPN,1,0,1
decease,NOUN,1,0,0
Holland,PROPN,1,0,1
exactness,NOUN,1,0,0
female,NOUN,1,0,0
widowhood,NOUN,1,0,0
dancing,NOUN,1,0,0
crafty,NOUN,1,0,0
mercantile,PROPN,1,0,1
enriching,NOUN,1,0,0
Hemphill,PROPN,1,0,1
extempore,ADV,1,0,0
admire,VERB,1,0,0
orthodox,ADJ,1,0,0
heterodoxy,PROPN,1,0,1
partisan,NOUN,1,0,0
combat,VERB,1,0,0
con,NOUN,1,0,0
controversial,ADJ,1,0,0
read,NOUN,1,0,0
unlucky,ADJ,1,0,0
admired,ADJ,1,0,0
Reviews,PROPN,1,0,1
detection,NOUN,1,0,0
discomfiture,NOUN,1,0,0
giving,NOUN,1,0,0
us,PROPN,1,1,1
manufacture,NOUN,1,0,0
teacher,NOUN,1,0,0
victor,NOUN,1,0,0
task,VERB,1,0,0
painstaking,ADJ,1,0,0
Testament,PROPN,1,0,1
inconsistency,NOUN,1,0,0
Greek,PROPN,1,0,1
clamber,VERB,1,0,0
staircase,NOUN,1,0,0
descending,NOUN,1,0,0
ascend,NOUN,1,0,0
assortment,NOUN,1,0,0
pox,NOUN,1,0,0
bitterly,ADV,1,0,0
inoculation,NOUN,1,0,0
admittance,NOUN,1,0,0
subordinate,ADJ,1,0,0
respecting,NOUN,1,0,0
query,VERB,1,0,0
Vine,PROPN,1,0,1
Band,PROPN,1,0,1
candidate,NOUN,1,0,0
talent,NOUN,1,0,0
servile,ADJ,1,0,0
peruse,VERB,1,0,0
prudently,ADV,1,0,0
inimical,ADJ,1,0,0
Spotswood,PROPN,1,0,1
rendering,NOUN,1,0,0
inexactitude,NOUN,1,0,0
salary,NOUN,1,0,0
retaliate,VERB,1,0,0
accounting,NOUN,1,0,0
lesson,NOUN,1,0,0
phenomenon,NOUN,1,0,0
Robin,PROPN,1,0,1
List,PROPN,1,0,1
metropolitan,NOUN,1,0,0
epilogue,NOUN,1,0,0
Farinelli,PROPN,1,0,1
preach,NOUN,1,0,0
Hawkins,PROPN,1,0,1
Music,PROPN,1,0,1
eminently,ADV,1,0,0
maturity,NOUN,1,0,0
seminary,NOUN,1,0,0
correspond,VERB,1,0,0
spartan,ADJ,1,0,0
finished,ADJ,1,0,0
Eton,PROPN,1,0,1
regulation,NOUN,1,0,0
ward,NOUN,1,0,0
warn,VERB,1,0,0
substitute,NOUN,1,0,0
constableship,NOUN,1,0,0
ragamuffin,NOUN,1,0,0
tippling,NOUN,1,0,0
irregularity,NOUN,1,0,0
shill,VERB,1,0,0
thousand,NOUN,1,0,0
hiring,NOUN,1,0,0
carelessness,NOUN,1,0,0
extinguishing,NOUN,1,0,0
securing,NOUN,1,0,0
leather,NOUN,1,0,0
bucket,NOUN,1,0,0
basket,NOUN,1,0,0
packing,NOUN,1,0,0
transporting,NOUN,1,0,0
discourse,VERB,1,0,0
tho,NOUN,1,0,0
fine,NOUN,1,0,0
monthly,ADJ,1,0,0
ladder,NOUN,1,0,0
hook,NOUN,1,0,0
implement,NOUN,1,0,0
conflagration,NOUN,1,0,0
extinguish,VERB,1,0,0
multitude,NOUN,1,0,0
speculation,NOUN,1,0,0
beast,NOUN,1,0,0
inclemency,NOUN,1,0,0
Mufti,PROPN,1,0,1
Constantinople,PROPN,1,0,1
missionary,NOUN,1,0,0
Mohammedanism,PROPN,1,0,1
hardy,ADJ,1,0,0
husbandman,NOUN,1,0,0
broken,ADJ,1,0,0
keeper,NOUN,1,0,0
insolvent,ADJ,1,0,0
debtor,NOUN,1,0,0
indolent,ADJ,1,0,0
jail,NOUN,1,0,0
unqualified,ADJ,1,0,0
clearing,NOUN,1,0,0
endure,VERB,1,0,0
hardship,NOUN,1,0,0
perish,VERB,1,0,0
helpless,ADJ,1,0,0
unprovide,VERB,1,0,0
northward,ADV,1,0,0
eloquence,NOUN,1,0,0
disapprove,VERB,1,0,0
resolute,ADJ,1,0,0
silently,ADV,1,0,0
collector,NOUN,1,0,0
empty,VERB,1,0,0
firmness,NOUN,1,0,0
Friend,PROPN,1,0,1
Hopkinson,PROPN,1,0,1
sens,NOUN,1,0,0
emolument,NOUN,1,0,0
Sermons,PROPN,1,0,1
Journals,PROPN,1,0,1
decidedly,ADV,1,0,0
methink,VERB,1,0,0
pray,VERB,1,0,0
conversion,NOUN,1,0,0
host,NOUN,1,0,0
Benezet,PROPN,1,0,1
Germantown,PROPN,1,0,1
scanty,NOUN,1,0,0
jocosely,ADV,1,0,0
saint,NOUN,1,0,0
shoulder,NOUN,1,0,0
heaven,PROPN,1,0,1
articulate,VERB,1,0,0
auditorie,NOUN,1,0,0
exact,ADJ,1,0,0
Courthouse,PROPN,1,0,1
west,ADJ,1,0,0
hindmost,NOUN,1,0,0
distinct,ADJ,1,0,0
Front,PROPN,1,1,1
semicircle,NOUN,1,0,0
radius,NOUN,1,0,0
auditor,NOUN,1,0,0
square,ADJ,1,0,0
compute,VERB,1,0,0
newly,ADV,1,0,0
accent,NOUN,1,0,0
emphasis,NOUN,1,0,0
modulation,NOUN,1,0,0
interested,ADJ,1,0,0
stationary,ADJ,1,0,0
rehearsal,NOUN,1,0,0
unguarded,ADJ,1,0,0
erroneous,ADJ,1,0,0
litera,NOUN,1,0,0
scripta,NOUN,1,0,0
manet,PROPN,1,0,1
violently,ADV,1,0,0
votary,NOUN,1,0,0
proselyte,NOUN,1,0,0
feign,VERB,1,0,0
prolific,ADJ,1,0,0
explicitly,ADV,1,0,0
lawsuit,NOUN,1,0,0
Methodism,PROPN,1,0,1
palace,NOUN,1,0,0
vestibule,NOUN,1,0,0
Houses,PROPN,1,0,1
HAD,PROPN,1,1,1
abundant,ADJ,1,0,0
dormant,ADJ,1,0,0
Spain,PROPN,1,0,1
laboured,ADJ,1,0,0
abortive,ADJ,1,0,0
Truth,PROPN,1,0,1
defenceless,ADJ,1,0,0
disperse,VERB,1,0,0
colour,NOUN,1,0,0
paint,VERB,1,0,0
Association,PROPN,1,0,1
design,VERB,1,0,0
unfit,ADJ,1,0,0
expeditiously,ADV,1,0,0
merlon,NOUN,1,0,0
meanwhile,ADV,1,1,0
Abram,PROPN,1,0,1
Taylor,PROPN,1,0,1
Esqr,PROPN,1,0,1
Clinton,PROPN,1,0,1
peremptorily,ADV,1,0,0
bumper,NOUN,1,0,0
naturedly,ADV,1,0,0
concede,VERB,1,0,0
pounder,NOUN,1,0,0
transport,VERB,1,0,0
nightly,ADJ,1,0,0
reformation,NOUN,1,0,0
implore,VERB,1,0,0
Heaven,PROPN,1,0,1
precedent,NOUN,1,0,0
proclamation,NOUN,1,0,0
fast,NOUN,1,0,0
quaker,NOUN,1,0,0
consistent,ADJ,1,0,0
reprisal,NOUN,1,0,0
intimacy,NOUN,1,0,0
care,VERB,1,0,0
defensive,NOUN,1,0,0
con,PROPN,1,0,1
sorrow,NOUN,1,0,0
discord,NOUN,1,0,0
minority,NOUN,1,0,0
outvote,VERB,1,0,0
usage,NOUN,1,0,0
waiter,NOUN,1,0,0
voting,NOUN,1,0,0
embroil,VERB,1,0,0
surprize,NOUN,1,0,0
estimate,VERB,1,0,0
defensive,ADJ,1,0,0
fighting,NOUN,1,0,0
reproof,NOUN,1,0,0
thee,NUM,1,0,0
evasion,NOUN,1,0,0
ingredient,NOUN,1,0,0
purchasing,NOUN,1,0,0
gunpowder,NOUN,1,0,0
Syng,PROPN,1,0,1
equivocal,ADJ,1,0,0
Dunkers,PROPN,1,0,1
Welfare,PROPN,1,0,1
calumniate,VERB,1,0,0
zealot,NOUN,1,0,0
utter,ADJ,1,0,0
enlighten,VERB,1,0,0
progression,NOUN,1,0,0
faith,NOUN,1,0,0
foggy,ADJ,1,0,0
wrap,VERB,1,0,0
magistracy,NOUN,1,0,0
warming,NOUN,1,0,0
fuel,NOUN,1,0,0
furnace,NOUN,1,0,0
casting,NOUN,1,0,0
stove,VERB,1,0,0
An,PROPN,1,1,1
new,ADV,1,0,0
Fireplaces,PROPN,1,0,1
Construction,PROPN,1,0,1
Manner,PROPN,1,0,1
Operation,PROPN,1,0,1
Method,PROPN,1,0,1
Rooms,PROPN,1,0,1
obviate,VERB,1,0,0
construction,NOUN,1,0,0
vending,NOUN,1,0,0
generously,ADV,1,0,0
ironmonger,NOUN,1,0,0
contest,VERB,1,0,0
fireplace,NOUN,1,0,0
saving,NOUN,1,0,0
recruit,NOUN,1,0,0
Germans,PROPN,1,0,1
Germanized,PROPN,1,0,1
bequeath,VERB,1,0,0
Senton,PROPN,1,0,1
Warwick,PROPN,1,0,1
Furnace,PROPN,1,0,1
Chester,PROPN,1,0,1
County,PROPN,1,0,1
River,PROPN,1,0,1
Pottstown,PROPN,1,0,1
SERVICES,PROPN,1,0,1
EACE,PROPN,1,0,1
gratis,VERB,1,0,0
perusal,NOUN,1,0,0
opening,NOUN,1,0,0
quota,NOUN,1,0,0
yearly,ADV,1,0,0
right,INTJ,1,0,0
spirit,VERB,1,0,0
baptist,NOUN,1,0,0
Moravian,PROPN,1,0,1
negotiate,VERB,1,0,0
cede,VERB,1,0,0
academy,PROPN,1,0,1
premise,NOUN,1,0,0
lofty,ADJ,1,0,0
cheerfully,ADV,1,0,0
successfully,ADV,1,0,0
disengage,VERB,1,0,0
moderate,ADJ,1,0,0
lecture,VERB,1,0,0
alacrity,NOUN,1,0,0
alderman,NOUN,1,0,0
burgess,NOUN,1,0,0
unentertaine,VERB,1,0,0
amuse,VERB,1,0,0
magic,ADJ,1,0,0
weariness,NOUN,1,0,0
enlarge,VERB,1,0,0
pleasing,NOUN,1,0,0
spontaneous,ADJ,1,0,0
legislator,NOUN,1,0,0
elector,NOUN,1,0,0
signifying,ADJ,1,0,0
disorderly,ADJ,1,0,0
forbad,VERB,1,0,0
selling,NOUN,1,0,0
temporary,ADJ,1,0,0
gloomy,ADJ,1,0,0
firebrand,NOUN,1,0,0
horrid,NOUN,1,0,0
yelling,NOUN,1,0,0
scene,NOUN,1,0,0
hell,NOUN,1,0,0
appease,VERB,1,0,0
tumult,NOUN,1,0,0
thunder,VERB,1,0,0
counselor,NOUN,1,0,0
extirpate,VERB,1,0,0
cultivator,NOUN,1,0,0
improbable,ADJ,1,0,0
annihilate,VERB,1,0,0
tribe,NOUN,1,0,0
coast,NOUN,1,0,0
beneficent,ADJ,1,0,0
cure,NOUN,1,0,0
subscribing,NOUN,1,0,0
enquire,VERB,1,0,0
relish,NOUN,1,0,0
allegation,NOUN,1,0,0
extravagant,ADJ,1,0,0
utterly,ADV,1,0,0
enact,VERB,1,0,0
aforesaid,VERB,1,0,0
accommodating,NOUN,1,0,0
poor,NOUN,1,0,0
medicine,NOUN,1,0,0
founding,NOUN,1,0,0
finishing,NOUN,1,0,0
through,ADV,1,1,0
requisite,ADJ,1,0,0
manoeuver,NOUN,1,0,0
wherein,ADV,1,1,0
cunning,NOUN,1,0,0
unbecoming,ADJ,1,0,0
capacious,ADJ,1,0,0
Arch,PROPN,1,0,1
straight,ADJ,1,0,0
disgrace,NOUN,1,0,0
Market,PROPN,1,0,1
wad,VERB,1,0,0
instrumental,ADJ,1,0,0
next,ADP,1,1,0
shod,NOUN,1,0,0
mire,NOUN,1,0,0
twice,DET,1,0,0
neighbourhood,NOUN,1,0,0
buyer,NOUN,1,0,0
Clifton,PROPN,1,0,1
sample,NOUN,1,0,0
enlighte,VERB,1,0,0
inconvenient,NOUN,1,0,0
inside,NOUN,1,0,0
demolish,VERB,1,0,0
funnel,NOUN,1,0,0
crevice,NOUN,1,0,0
ascent,NOUN,1,0,0
Londoners,PROPN,1,0,1
lamp,VERB,1,0,0
suddenly,ADV,1,0,0
flax,NOUN,1,0,0
light,VERB,1,0,0
illuminate,VERB,1,0,0
promoter,NOUN,1,0,0
deep,ADV,1,0,0
crossing,NOUN,1,0,0
slush,NOUN,1,0,0
jolt,NOUN,1,0,0
dusty,ADJ,1,0,0
sweeping,ADJ,1,0,0
Craven,PROPN,1,0,1
birch,NOUN,1,0,0
fit,NOUN,1,0,0
folks,NOUN,1,0,0
slowness,NOUN,1,0,0
kennel,NOUN,1,0,0
footway,NOUN,1,0,0
wash,VERB,1,0,0
cleanse,NOUN,1,0,0
fluid,NOUN,1,0,0
dash,VERB,1,0,0
slippery,ADJ,1,0,0
splash,VERB,1,0,0
lane,NOUN,1,0,0
cover,VERB,1,0,0
slider,NOUN,1,0,0
lattice,NOUN,1,0,0
straw,NOUN,1,0,0
drain,VERB,1,0,0
practicability,NOUN,1,0,0
narrowness,NOUN,1,0,0
draining,NOUN,1,0,0
sled,NOUN,1,0,0
encumber,VERB,1,0,0
Strand,PROPN,1,0,1
sun,NOUN,1,0,0
sunshine,NOUN,1,0,0
absurdly,ADV,1,0,0
matter,VERB,1,0,0
populous,ADJ,1,0,0
censure,VERB,1,0,0
seemingly,ADV,1,0,0
comptroller,NOUN,1,0,0
jointly,ADV,1,0,0
Hunter,PROPN,1,0,1
freak,NOUN,1,0,0
hereafter,ADV,1,1,0
yield,VERB,1,0,0
imprudent,ADJ,1,0,0
farthe,VERB,1,0,0
post,ADJ,1,0,0
office,ADJ,1,0,0
Cambridge,PROPN,1,0,1
Arts,PROPN,1,0,1
Connecticut,PROPN,1,0,1
partake,VERB,1,0,0
Tench,PROPN,1,0,1
Philip,PROPN,1,0,1
emigrate,VERB,1,0,0
Log,PROPN,1,0,1
resort,NOUN,1,0,0
Lambeth,PROPN,1,0,1
close,VERB,1,0,0
Roger,PROPN,1,0,1
Coverley,PROPN,1,0,1
Smollett,PROPN,1,0,1
Clinker,PROPN,1,0,1
Thackeray,PROPN,1,0,1
Fair,PROPN,1,0,1
Charing,PROPN,1,0,1
Cross,PROPN,1,0,1
congress,PROPN,1,0,1
chief,NOUN,1,0,0
Secretary,PROPN,1,0,1
fortify,VERB,1,0,0
administer,VERB,1,0,0
representative,NOUN,1,0,0
transmit,VERB,1,0,0
fate,NOUN,1,0,0
singular,NOUN,1,0,0
prerogative,NOUN,1,0,0
democratic,NOUN,1,0,0
sufficiently,ADV,1,0,0
bloody,ADJ,1,0,0
habitable,ADJ,1,0,0
reprobate,VERB,1,0,0
n,NUM,1,0,0
uncomfortable,ADJ,1,0,0
acute,ADJ,1,0,0
argumentative,ADJ,1,0,0
contention,NOUN,1,0,0
tart,ADJ,1,0,0
indecently,ADV,1,0,0
throat,NOUN,1,0,0
height,NOUN,1,0,0
gay,ADJ,1,0,0
jokingly,ADV,1,0,0
Sancho,PROPN,1,0,1
Panza,PROPN,1,0,1
black,NOUN,1,0,0
black,VERB,1,0,0
labour,VERB,1,0,0
blacken,VERB,1,0,0
colouring,NOUN,1,0,0
negrofie,VERB,1,0,0
hereditary,ADJ,1,0,0
incur,VERB,1,0,0
incredible,ADJ,1,0,0
vast,ADJ,1,0,0
constrain,VERB,1,0,0
bend,VERB,1,0,0
disobey,VERB,1,0,0
War,PROPN,1,0,1
Bay,PROPN,1,0,1
Point,PROPN,1,0,1
dictate,VERB,1,0,0
effectual,NOUN,1,0,0
labor,VERB,1,0,0
obstinate,VERB,1,0,0
Loan,PROPN,1,0,1
drawing,NOUN,1,0,0
payable,ADJ,1,0,0
cent,NOUN,1,0,0
excise,NOUN,1,0,0
instant,ADJ,1,0,0
memorial,NOUN,1,0,0
embassy,NOUN,1,0,0
bore,NOUN,1,0,0
selfish,ADJ,1,0,0
squire,NOUN,1,0,0
Quixote,PROPN,1,0,1
Cervantes,PROPN,1,0,1
romance,NOUN,1,0,0
military,NOUN,1,0,0
Champlain,PROPN,1,0,1
Alexandria,PROPN,1,0,1
apprehending,NOUN,1,0,0
averse,ADV,1,0,0
guise,NOUN,1,0,0
celerity,NOUN,1,0,0
impatiently,ADV,1,0,0
ignorantly,ADV,1,0,0
Advertisement,PROPN,1,0,1
whereas,ADV,1,1,0
pack,VERB,1,0,0
rendezvous,VERB,1,0,0
Wednesday,PROPN,1,0,1
Thursday,PROPN,1,0,1
commence,NOUN,1,0,0
contracting,NOUN,1,0,0
oat,NOUN,1,0,0
corn,NOUN,1,0,0
forage,NOUN,1,0,0
subsistence,NOUN,1,0,0
county,PROPN,1,0,1
Countrymen,PROPN,1,0,1
exasperate,VERB,1,0,0
compel,VERB,1,0,0
willingly,ADV,1,0,0
dividing,NOUN,1,0,0
loyal,ADJ,1,0,0
yourself,NOUN,1,1,0
spare,ADJ,1,0,0
loyalty,NOUN,1,0,0
backwardness,NOUN,1,0,0
reasonably,ADV,1,0,0
pitied,ADJ,1,0,0
Clair,PROPN,1,0,1
hussar,PROPN,1,0,1
wisher,NOUN,1,0,0
disburse,VERB,1,0,0
advance,NOUN,1,0,0
sup,VERB,1,0,0
subaltern,NOUN,1,0,0
ill,VERB,1,0,0
wilderness,NOUN,1,0,0
commiserate,VERB,1,0,0
relief,NOUN,1,0,0
necessary,NOUN,1,0,0
sugar,NOUN,1,0,0
Muscovado,PROPN,1,0,1
kegg,NOUN,1,0,0
green,ADJ,1,0,0
doz,NOUN,1,0,0
good,PROPN,1,0,1
bohea,PROPN,1,0,1
gallon,NOUN,1,0,0
Jamaica,PROPN,1,0,1
coffee,NOUN,1,0,0
mustard,NOUN,1,0,0
chocolate,NOUN,1,0,0
ham,NOUN,1,0,0
cwt,PROPN,1,0,1
white,PROPN,1,0,1
biscuit,NOUN,1,0,0
lb,NOUN,1,0,0
pepper,PROPN,1,0,1
vinegar,NOUN,1,0,0
thankfully,ADV,1,0,0
grateful,ADJ,1,0,0
disbursement,NOUN,1,0,0
repeatedly,ADV,1,0,0
busily,ADV,1,0,0
luckily,ADV,1,0,0
european,ADJ,1,0,0
Croghan,PROPN,1,0,1
interpreter,NOUN,1,0,0
scout,NOUN,1,0,0
slight,VERB,1,0,0
Frontenac,PROPN,1,0,1
invade,VERB,1,0,0
Iroquois,PROPN,1,0,1
fortified,ADJ,1,0,0
resistance,NOUN,1,0,0
obstruction,NOUN,1,0,0
ambuscade,NOUN,1,0,0
slender,ADJ,1,0,0
thread,NOUN,1,0,0
formidable,ADJ,1,0,0
sir,PROPN,1,0,1
advanced,ADJ,1,0,0
disorder,VERB,1,0,0
hurry,VERB,1,0,0
huddle,NOUN,1,0,0
shoot,VERB,1,0,0
flee,VERB,1,0,0
precipitation,NOUN,1,0,0
waggoner,NOUN,1,0,0
flyer,NOUN,1,0,0
lost,ADJ,1,0,0
lumber,NOUN,1,0,0
exalted,ADJ,1,0,0
prowess,NOUN,1,0,0
regular,NOUN,1,0,0
plunder,VERB,1,0,0
insulting,ADJ,1,0,0
abuse,VERB,1,0,0
remonstrate,VERB,1,0,0
defender,NOUN,1,0,0
inhabited,ADJ,1,0,0
chicken,NOUN,1,0,0
Orme,PROPN,1,0,1
aids,PROPN,1,0,1
hostile,ADJ,1,0,0
Hertford,PROPN,1,0,1
minister,PROPN,1,0,1
Conway,PROPN,1,0,1
secretary,PROPN,1,0,1
state,PROPN,1,0,1
retreat,NOUN,1,0,0
disappointment,NOUN,1,0,0
terrible,ADJ,1,0,0
Doctors,PROPN,1,0,1
rejoice,VERB,1,0,0
d,PROPN,1,0,1
l,NOUN,1,0,0
uncertainty,NOUN,1,0,0
foreboding,NOUN,1,0,0
redouble,VERB,1,0,0
firm,NOUN,1,0,0
excepted,ADJ,1,0,0
material,ADJ,1,0,0
disaster,NOUN,1,0,0
forfeit,VERB,1,0,0
intimidate,VERB,1,0,0
receiver,NOUN,1,0,0
model,VERB,1,0,0
discipline,VERB,1,0,0
Pittsburg,PROPN,1,0,1
Kingston,PROPN,1,0,1
Ontario,PROPN,1,0,1
Fiske,PROPN,1,0,1
Lodge,PROPN,1,0,1
Scotch,PROPN,1,0,1
commander,NOUN,1,0,0
March,PROPN,1,0,1
hile,VERB,1,0,0
western,ADJ,1,0,0
infest,VERB,1,0,0
Spangenberg,PROPN,1,0,1
conscientiously,ADV,1,0,0
scrupulous,ADJ,1,0,0
whimsical,ADJ,1,0,0
detachment,NOUN,1,0,0
Minisink,PROPN,1,0,1
upper,ADJ,1,0,0
firearm,NOUN,1,0,0
shelter,VERB,1,0,0
barn,NOUN,1,0,0
huddle,VERB,1,0,0
desolate,VERB,1,0,0
saw,NOUN,1,0,0
near,NOUN,1,0,0
pile,NOUN,1,0,0
hutte,VERB,1,0,0
inclement,NOUN,1,0,0
tent,NOUN,1,0,0
circumference,NOUN,1,0,0
trench,NOUN,1,0,0
plant,VERB,1,0,0
bodys,NOUN,1,0,0
fore,NOUN,1,0,0
hind,NOUN,1,0,0
pin,NOUN,1,0,0
perch,NOUN,1,0,0
carpenter,NOUN,1,0,0
swivel,NOUN,1,0,0
magnificent,ADJ,1,0,0
consciousness,NOUN,1,0,0
jollily,ADV,1,0,0
mutinous,ADJ,1,0,0
pork,NOUN,1,0,0
humour,NOUN,1,0,0
mate,NOUN,1,0,0
contemptible,ADJ,1,0,0
securely,ADV,1,0,0
retreat,VERB,1,0,0
adjacent,ADJ,1,0,0
hill,NOUN,1,0,0
lain,VERB,1,0,0
watch,VERB,1,0,0
deeply,ADV,1,0,0
hatchet,NOUN,1,0,0
charcoal,NOUN,1,0,0
coal,NOUN,1,0,0
grass,VERB,1,0,0
leg,NOUN,1,0,0
spark,VERB,1,0,0
smoke,VERB,1,0,0
chaplain,NOUN,1,0,0
gill,NOUN,1,0,0
punctual,ADJ,1,0,0
dignity,NOUN,1,0,0
steward,ADV,1,0,0
punishment,NOUN,1,0,0
inflict,VERB,1,0,0
divine,ADJ,1,0,0
intended,ADJ,1,0,0
farm,NOUN,1,0,0
willingly,ADJ,1,0,0
Clapham,PROPN,1,0,1
fatigue,NOUN,1,0,0
hut,NOUN,1,0,0
Gnaden,PROPN,1,0,1
wrapt,VERB,1,0,0
blanket,NOUN,1,0,0
ceiling,NOUN,1,0,0
organ,NOUN,1,0,0
hautboy,NOUN,1,0,0
flute,NOUN,1,0,0
clarinet,NOUN,1,0,0
mixed,ADJ,1,0,0
row,NOUN,1,0,0
adapt,VERB,1,0,0
capacity,NOUN,1,0,0
coax,VERB,1,0,0
unhealthy,ADJ,1,0,0
pupil,NOUN,1,0,0
recur,VERB,1,0,0
chance,VERB,1,0,0
informer,NOUN,1,0,0
lieutenant,NOUN,1,0,0
liking,NOUN,1,0,0
brass,NOUN,1,0,0
review,VERB,1,0,0
salute,VERB,1,0,0
brittle,ADJ,1,0,0
colonelship,NOUN,1,0,0
Lower,PROPN,1,0,1
Ferry,PROPN,1,0,1
uniform,NOUN,1,0,0
averse,ADJ,1,0,0
assuming,NOUN,1,0,0
ride,VERB,1,0,0
nake,VERB,1,0,0
somebody,PRON,1,0,0
royal,NOUN,1,0,0
aught,NOUN,1,0,0
etiquette,NOUN,1,0,0
silly,ADJ,1,0,0
rancour,NOUN,1,0,0
exemption,NOUN,1,0,0
severe,ADJ,1,0,0
accuse,VERB,1,0,0
obstacle,NOUN,1,0,0
instance,VERB,1,0,0
parade,NOUN,1,0,0
proof,NOUN,1,0,0
Fawkener,PROPN,1,0,1
admonition,NOUN,1,0,0
wrangle,NOUN,1,0,0
intercourse,NOUN,1,0,0
professional,ADJ,1,0,0
advocate,NOUN,1,0,0
client,NOUN,1,0,0
concert,NOUN,1,0,0
shocking,ADJ,1,0,0
haste,NOUN,1,0,0
desertion,NOUN,1,0,0
reinforcement,NOUN,1,0,0
reduction,NOUN,1,0,0
commission,VERB,1,0,0
hoot,NOUN,1,0,0
flint,ADJ,1,0,0
spark,NOUN,1,0,0
flint,NOUN,1,0,0
steel,NOUN,1,0,0
pan,NOUN,1,0,0
pole,NOUN,1,0,0
rear,ADJ,1,0,0
wagon,NOUN,1,0,0
SCIENTIFIC,PROPN,1,0,1
efore,NOUN,1,0,0
imperfectly,ADV,1,0,0
Fellow,PROPN,1,0,1
incumbrance,NOUN,1,0,0
performer,NOUN,1,0,0
foregoing,NOUN,1,0,0
comprehend,VERB,1,0,0
roughly,ADV,1,0,0
nicely,ADV,1,0,0
moisture,NOUN,1,0,0
Mitchel,PROPN,1,0,1
connoisseur,NOUN,1,0,0
Count,PROPN,1,0,1
de,X,1,0,0
Buffon,PROPN,1,0,1
deservedly,ADV,1,0,0
Abbé,PROPN,1,0,1
preceptor,NOUN,1,0,0
experimenter,NOUN,1,0,0
fabricate,VERB,1,0,0
decry,VERB,1,0,0
verity,NOUN,1,0,0
dogmatically,ADV,1,0,0
lengthen,VERB,1,0,0
mistranslation,NOUN,1,0,0
misconception,NOUN,1,0,0
repent,VERB,1,0,0
le,X,1,0,0
Roy,PROPN,1,0,1
Sciences,PROPN,1,0,1
latin,ADJ,1,0,0
élève,NOUN,1,0,0
celebrity,NOUN,1,0,0
Marly,PROPN,1,0,1
experimental,ADJ,1,0,0
flock,VERB,1,0,0
swell,VERB,1,0,0
Wright,PROPN,1,0,1
physician,NOUN,1,0,0
notice,VERB,1,0,0
Canton,PROPN,1,0,1
slight,NOUN,1,0,0
Macclesfield,PROPN,1,0,1
honour,VERB,1,0,0
naturalist,NOUN,1,0,0
baronet,NOUN,1,0,0
donator,NOUN,1,0,0
ur,VERB,1,0,0
cultivate,VERB,1,0,0
easy,ADV,1,0,0
harmony,NOUN,1,0,0
effecting,NOUN,1,0,0
adequate,ADJ,1,0,0
drinker,NOUN,1,0,0
decanter,NOUN,1,0,0
profuse,NOUN,1,0,0
espouse,VERB,1,0,0
zealously,ADV,1,0,0
evidently,ADV,1,0,0
hamper,VERB,1,0,0
penman,NOUN,1,0,0
communication,NOUN,1,0,0
Jas,PROPN,1,0,1
pension,NOUN,1,0,0
damn,VERB,1,0,0
persist,VERB,1,0,0
manacle,VERB,1,0,0
inconsistent,ADJ,1,0,0
entreat,VERB,1,0,0
suspend,VERB,1,0,0
protest,VERB,1,0,0
drop,VERB,1,0,0
frame,VERB,1,0,0
conformable,NOUN,1,0,0
precise,ADJ,1,0,0
entre,NOUN,1,0,0
nous,ADJ,1,0,0
delay,VERB,1,0,0
hindrance,NOUN,1,0,0
afraid,ADJ,1,0,0
indecision,NOUN,1,0,0
feature,NOUN,1,0,0
longest,ADJ,1,0,0
insurance,NOUN,1,0,0
fall,NOUN,1,0,0
desk,NOUN,1,0,0
antechamber,NOUN,1,0,0
express,NOUN,1,0,0
past,ADV,1,0,0
escritoire,NOUN,1,0,0
Amherst,PROPN,1,0,1
Wolfe,PROPN,1,0,1
Sandy,PROPN,1,0,1
Hook,PROPN,1,0,1
fortress,NOUN,1,0,0
steer,VERB,1,0,0
sham,NOUN,1,0,0
sham,ADJ,1,0,0
louisburg,NOUN,1,0,0
capitulation,NOUN,1,0,0
hinder,VERB,1,0,0
clean,VERB,1,0,0
intrust,VERB,1,0,0
motif,NOUN,1,0,0
devolve,VERB,1,0,0
frivolous,ADJ,1,0,0
conception,NOUN,1,0,0
bred,ADJ,1,0,0
idly,ADV,1,0,0
exportation,NOUN,1,0,0
contractor,NOUN,1,0,0
Charlestown,PROPN,1,0,1
worm,NOUN,1,0,0
founder,VERB,1,0,0
burdensome,VERB,1,0,0
chair,NOUN,1,0,0
matter,ADV,1,0,0
afore,ADV,1,0,0
voucher,ADJ,1,0,0
certify,VERB,1,0,0
appointment,NOUN,1,0,0
observing,NOUN,1,0,0
gainer,NOUN,1,0,0
pocket,VERB,1,0,0
farthing,NOUN,1,0,0
swiftness,NOUN,1,0,0
aft,VERB,1,0,0
pace,NOUN,1,0,0
cask,NOUN,1,0,0
aft,NOUN,1,0,0
Navy,PROPN,1,0,1
rigorously,ADV,1,0,0
Lutwidge,PROPN,1,0,1
imperfection,NOUN,1,0,0
remarkably,ADV,1,0,0
rigging,NOUN,1,0,0
laden,ADJ,1,0,0
rig,VERB,1,0,0
lade,NOUN,1,0,0
sharp,ADJ,1,0,0
institute,VERB,1,0,0
dimension,NOUN,1,0,0
properest,NOUN,1,0,0
accurately,ADV,1,0,0
ere,ADV,1,0,0
privateer,NOUN,1,0,0
entrance,NOUN,1,0,0
wide,ADV,1,0,0
Scilly,PROPN,1,0,1
Isles,PROPN,1,0,1
Cloudesley,PROPN,1,0,1
Shovel,PROPN,1,0,1
squadron,NOUN,1,0,0
bow,NOUN,1,0,0
mechanically,ADV,1,0,0
stud,VERB,1,0,0
helm,NOUN,1,0,0
yaw,NOUN,1,0,0
alarm,NOUN,1,0,0
big,ADJ,1,0,0
cartwheel,NOUN,1,0,0
jump,VERB,1,0,0
standing,NOUN,1,0,0
shipwreck,NOUN,1,0,0
deliverance,NOUN,1,0,0
impress,VERB,1,0,0
curtain,NOUN,1,0,0
underneath,ADV,1,0,0
spectacle,NOUN,1,0,0
vacant,ADJ,1,0,0
ocean,NOUN,1,0,0
war,PROPN,1,0,1
Stonehenge,PROPN,1,0,1
Pembroke,PROPN,1,0,1
antiquity,NOUN,1,0,0
Wilton,PROPN,1,0,1
interposition,NOUN,1,0,0
correspondent,NOUN,1,0,0
President,PROPN,1,0,1
nobleman,PROPN,1,0,1
yourselves,PRON,1,1,0
ceremony,NOUN,1,0,0
debate,VERB,1,0,0
Legislator,PROPN,1,0,1
repeal,VERB,1,0,0
theirs,PRON,1,0,0
adore,VERB,1,0,0
sovereignty,NOUN,1,0,0
consequent,NOUN,1,0,0
inevitable,ADJ,1,0,0
attitude,NOUN,1,0,0
Spring,PROPN,1,0,1
Garden,PROPN,1,0,1
enumerate,VERB,1,0,0
solicitor,NOUN,1,0,0
Ferdinand,PROPN,1,0,1
neighbour,VERB,1,0,0
severity,NOUN,1,0,0
haughty,VERB,1,0,0
mortal,ADJ,1,0,0
unanswered,ADJ,1,0,0
recite,VERB,1,0,0
justification,NOUN,1,0,0
candour,NOUN,1,0,0
intimate,VERB,1,0,0
Absolute,PROPN,1,0,1
Proprietaries,PROPN,1,0,1
viva,X,1,0,0
voce,NOUN,1,0,0
odium,NOUN,1,0,0
mercy,NOUN,1,0,0
proportion,VERB,1,0,0
discreet,VERB,1,0,0
oath,NOUN,1,0,0
assess,VERB,1,0,0
fairly,ADV,1,0,0
equitably,ADV,1,0,0
perjure,VERB,1,0,0
mischievous,ADJ,1,0,0
selfishness,NOUN,1,0,0
catastrophe,NOUN,1,0,0
groundless,ADJ,1,0,0
beckon,VERB,1,0,0
chamber,NOUN,1,0,0
Clerk,PROPN,1,0,1
Chamber,PROPN,1,0,1
enquiry,NOUN,1,0,0
equity,NOUN,1,0,0
entering,NOUN,1,0,0
enrage,VERB,1,0,0
Majesty,PROPN,1,0,1
unfinished,X,1,0,0
Quarrel,PROPN,1,0,1
Frederick,PROPN,1,0,1
Wales,PROPN,1,0,1
contemporary,ADJ,1,0,0
Chatham,PROPN,1,0,1
win,VERB,1,0,0
corruption,NOUN,1,0,0
shape,VERB,1,0,0
weight,VERB,1,0,0
stable,ADJ,1,0,0
knot,VERB,1,0,0
speed,NOUN,1,0,0
prehistoric,ADJ,1,0,0
temple,NOUN,1,0,0
Britons,PROPN,1,0,1
inner,ADJ,1,0,0
outer,ADJ,1,0,0
slab,NOUN,1,0,0
terminate,VERB,1,0,0
premier,NOUN,1,0,0
hopelessly,ADV,1,0,0
divergent,ADJ,1,0,0
alarm,VERB,1,0,0
cedar,NOUN,1,0,0
thin,ADJ,1,0,0
extremity,NOUN,1,0,0
tail,NOUN,1,0,0
loop,NOUN,1,0,0
fitter,NOUN,1,0,0
tearing,NOUN,1,0,0
sharp,ADV,1,0,0
join,NOUN,1,0,0
touch,VERB,1,0,0
electrify,VERB,1,0,0
filament,NOUN,1,0,0
attract,VERB,1,0,0
wet,VERB,1,0,0
phial,NOUN,1,0,0
kindle,VERB,1,0,0
Study,PROPN,1,0,1
tenth,NOUN,1,0,0
idleness,ADJ,1,0,0
Employments,PROPN,1,0,1
Amusements,PROPN,1,0,1
Diseases,PROPN,1,0,1
shorten,NOUN,1,0,0
Rust,PROPN,1,0,1
consume,NOUN,1,0,0
Labor,PROPN,1,0,1
wear,NOUN,1,0,0
dost,VERB,1,0,0
squander,VERB,1,0,0
Fox,PROPN,1,0,1
Poultry,PROPN,1,0,1
Grave,PROPN,1,0,1
precious,ADJ,1,0,0
prodigality,NOUN,1,0,0
Lost,PROPN,1,0,1
Purpose,PROPN,1,0,1
perplexity,NOUN,1,0,0
riseth,NOUN,1,0,0
late,ADV,1,0,0
trot,VERB,1,0,0
Day,PROPN,1,0,1
Bed,PROPN,1,0,1
healthy,ADJ,1,0,0
Hope,PROPN,1,0,1
gain,NOUN,1,0,0
Pains,PROPN,1,0,1
hath,NOUN,1,0,0
Calling,PROPN,1,0,1
Profit,PROPN,1,0,1
Honor,PROPN,1,0,1
Estate,PROPN,1,0,1
treasure,NOUN,1,0,0
Relation,PROPN,1,0,1
Legacy,PROPN,1,0,1
Mother,PROPN,1,0,1
Stick,PROPN,1,0,1
Constant,PROPN,1,0,1
Dropping,PROPN,1,0,1
Stones,PROPN,1,0,1
Patience,PROPN,1,0,1
Mouse,PROPN,1,0,1
Cable,PROPN,1,0,1
Strokes,PROPN,1,0,1
oak,NOUN,1,0,0
methink,NOUN,1,0,0
meanest,ADJ,1,0,0
Minute,PROPN,1,0,1
Hour,PROPN,1,0,1
lazy,ADJ,1,0,0
Mischief,PROPN,1,0,1
Rider,PROPN,1,0,1
slay,VERB,1,0,0
Enemy,PROPN,1,0,1
Care,PROPN,1,0,1
Tea,PROPN,1,0,1
Punch,PROPN,1,0,1
Diet,PROPN,1,0,1
costly,ADJ,1,0,0
Clothes,PROPN,1,0,1
finer,PROPN,1,0,1
Entertainment,PROPN,1,0,1
Matter,PROPN,1,0,1
beware,VERB,1,0,0
Leak,PROPN,1,0,1
dainty,NOUN,1,0,0
fool,NOUN,1,0,0
feast,NOUN,1,0,0
ere,PROPN,1,0,1
Necessaries,PROPN,1,0,1
borrowing,NOUN,1,0,0
sorrowing,NOUN,1,0,0
Debt,PROPN,1,0,1
ride,NOUN,1,0,0
Poverty,PROPN,1,0,1
Tis,PROPN,1,0,1
Bag,PROPN,1,0,1
Fools,PROPN,1,0,1
Advice,PROPN,1,0,1
Conduct,PROPN,1,0,1
Reason,PROPN,1,0,1
rap,VERB,1,0,0
Knuckles,PROPN,1,0,1
Madame,PROPN,1,0,1
Brillon,PROPN,1,0,1
November,PROPN,1,0,1
Paradise,PROPN,1,0,1
evil,ADJ,1,0,0
toy,NOUN,1,0,0
whistle,VERB,1,0,0
sister,NOUN,1,0,0
cousin,NOUN,1,0,0
bargain,NOUN,1,0,0
chagrin,NOUN,1,0,0
levee,NOUN,1,0,0
repose,NOUN,1,0,0
bustle,NOUN,1,0,0
miser,NOUN,1,0,0
fellow,ADJ,1,0,0
laudable,ADJ,1,0,0
corporeal,ADJ,1,0,0
sensation,NOUN,1,0,0
Mistaken,PROPN,1,0,1
equipage,NOUN,1,0,0
prison,NOUN,1,0,0
Alas,PROPN,1,0,1
sweet,ADJ,1,0,0
temper,VERB,1,0,0
natured,ADJ,1,0,0
brute,NOUN,1,0,0
misery,NOUN,1,0,0
estimate,NOUN,1,0,0
tempting,ADJ,1,0,0
sale,NOUN,1,0,0
Adieu,PROPN,1,0,1
yours,PRON,1,1,0
unalterable,ADJ,1,0,0
Revd,PROPN,1,0,1
trip,NOUN,1,0,0
overhead,ADV,1,0,0
hastily,ADV,1,0,0
hit,VERB,1,0,0
thump,NOUN,1,0,0
END,PROPN,1,0,1
Albert,PROPN,1,0,1
Smyth,PROPN,1,0,1
Macmillan,PROPN,1,0,1
Writings,PROPN,1,0,1
Works,PROPN,1,0,1
Lippincott,PROPN,1,0,1
Men,PROPN,1,0,1
Letters,PROPN,1,0,1
Morse,PROPN,1,0,1
Statesmen,PROPN,1,0,1
Houghton,PROPN,1,0,1
Mifflin,PROPN,1,0,1
exhaustive,ADJ,1,0,0
Parton,PROPN,1,0,1
Times,PROPN,1,0,1
vol,NOUN,1,0,0
Sided,PROPN,1,0,1
chatty,ADJ,1,0,0
replete,ADJ,1,0,0
excellently,ADV,1,0,0
Classics,PROPN,1,0,1
magazine,NOUN,1,0,0
Hale,PROPN,1,0,1
Christian,PROPN,1,0,1
Examiner,PROPN,1,0,1
Trent,PROPN,1,0,1
McClure,PROPN,1,0,1
viii,PROPN,1,0,1
Hay,PROPN,1,0,1
Moses,PROPN,1,0,1
Coit,PROPN,1,0,1
Tyler,PROPN,1,0,1
Brander,PROPN,1,0,1
Matthews,PROPN,1,0,1
Nichol,PROPN,1,0,1
Barrett,PROPN,1,0,1
Wendell,PROPN,1,0,1
encyclopedia,NOUN,1,0,0
bibliography,NOUN,1,0,0
Books,PROPN,1,0,1
Busybody,PROPN,1,0,1
Enquiry,PROPN,1,0,1
Proposal,PROPN,1,0,1
Plantations,PROPN,1,0,1
Sparks,PROPN,1,0,1
Invented,PROPN,1,0,1
Places,PROPN,1,0,1
colonial,ADJ,1,0,0
convention,NOUN,1,0,0
appeal,NOUN,1,0,0
Way,PROPN,1,0,1
Means,PROPN,1,0,1
plea,NOUN,1,0,0
procecution,NOUN,1,0,0
Acquisitions,PROPN,1,0,1
Guadaloupe,PROPN,1,0,1
Cool,PROPN,1,0,1
Thoughts,PROPN,1,0,1
Present,PROPN,1,0,1
Situation,PROPN,1,0,1
favor,VERB,1,0,0
Government,PROPN,1,0,1
Proprietors,PROPN,1,0,1
Examination,PROPN,1,0,1
relative,ADJ,1,0,0
Repeal,PROPN,1,0,1
Stamp,PROPN,1,0,1
Empire,PROPN,1,0,1
One,PROPN,1,1,1
embody,VERB,1,0,0
Edict,PROPN,1,0,1
german,NOUN,1,0,0
Comparison,PROPN,1,0,1
Regard,PROPN,1,0,1
Basis,PROPN,1,0,1
Credit,PROPN,1,0,1
Countries,PROPN,1,0,1
Earth,PROPN,1,0,1
geology,NOUN,1,0,0
emanate,VERB,1,0,0
petty,ADJ,1,0,0
Command,PROPN,1,0,1
Causes,PROPN,1,0,1
Cure,PROPN,1,0,1
Smoky,PROPN,1,0,1
Chimneys,PROPN,1,0,1
Retort,PROPN,1,0,1
Courteous,PROPN,1,0,1
Felons,PROPN,1,0,1
Address,PROPN,1,0,1
Promoting,PROPN,1,0,1
Abolition,PROPN,1,0,1
Slavery,PROPN,1,0,1
Supremest,PROPN,1,0,1
Judicature,PROPN,1,0,1
Press,PROPN,1,0,1
Martin,PROPN,1,0,1
consulship,NOUN,1,0,0
parody,NOUN,1,0,0
slavery,ADJ,1,0,0
Against,PROPN,1,1,1
Persecution,PROPN,1,0,1
LI,PROPN,1,0,1
Genesis,PROPN,1,0,1
Brotherly,PROPN,1,0,1
Love,PROPN,1,0,1
Ephemera,PROPN,1,0,1
Emblem,PROPN,1,0,1
rendition,NOUN,1,0,0
Levee,PROPN,1,0,1
Version,PROPN,1,0,1
Part,PROPN,1,1,1
modernize,VERB,1,0,0
Chess,PROPN,1,0,1
Deformed,PROPN,1,0,1
Leg,PROPN,1,0,1
Gout,PROPN,1,0,1
Petition,PROPN,1,0,1
Left,PROPN,1,0,1
Hand,PROPN,1,0,1
Pleasant,PROPN,1,0,1
Dreams,PROPN,1,0,1
SCHOOLS,PROPN,1,0,1
FUND,PROPN,1,0,1
replace,VERB,1,0,0
rename,VERB,1,0,0
special,ADJ,1,0,0
Terms,PROPN,1,0,1
PROJECT,PROPN,1,0,1
creation,NOUN,1,0,0
modify,VERB,1,0,0
away,ADP,1,0,0
practically,ADV,1,0,0
commercial,ADJ,1,0,0
online,ADV,1,0,0
Redistributing,PROPN,1,0,1
abide,VERB,1,0,0
cease,VERB,1,0,0
PGLAF,PROPN,1,0,1
compilation,NOUN,1,0,0
unprotected,ADJ,1,0,0
of,ADV,1,1,0
course,ADV,1,0,0
copyright,ADJ,1,0,0
download,VERB,1,0,0
copying,NOUN,1,0,0
representation,NOUN,1,0,0
access,VERB,1,0,0
link,VERB,1,0,0
unlink,VERB,1,0,0
detach,NOUN,1,0,0
display,NOUN,1,0,0
perform,NOUN,1,0,0
binary,ADJ,1,0,0
compress,VERB,1,0,0
nonproprietary,ADJ,1,0,0
processing,NOUN,1,0,0
hypertext,NOUN,1,0,0
export,VERB,1,0,0
alternate,ADJ,1,0,0
legally,ADV,1,0,0
periodic,ADJ,1,0,0
s,PROPN,1,0,1
discontinue,VERB,1,0,0
contact,VERB,1,0,0
identify,VERB,1,0,0
transcribe,VERB,1,0,0
proofread,ADV,1,0,0
despite,SCONJ,1,0,0
store,VERB,1,0,0
limit,VERB,1,0,0
inaccurate,NOUN,1,0,0
corrupt,ADJ,1,0,0
datum,NOUN,1,0,0
transcription,NOUN,1,0,0
infringement,NOUN,1,0,0
disk,NOUN,1,0,0
virus,NOUN,1,0,0
code,NOUN,1,0,0
DISCLAIMER,PROPN,1,0,1
DAMAGES,PROPN,1,0,1
Replacement,PROPN,1,0,1
Refund,PROPN,1,0,1
STRICT,PROPN,1,0,1
LIABILITY,PROPN,1,0,1
CONTRACT,PROPN,1,0,1
provided,NOUN,1,0,0
PARAGRAPH,PROPN,1,0,1
FOUNDATION,PROPN,1,0,1
TRADEMARK,PROPN,1,0,1
OWNER,PROPN,1,0,1
distributor,NOUN,1,0,0
liable,NOUN,1,0,0
ACTUAL,PROPN,1,0,1
DIRECT,PROPN,1,0,1
INDIRECT,PROPN,1,0,1
CONSEQUENTIAL,PROPN,1,0,1
PUNITIVE,PROPN,1,0,1
or,NOUN,1,1,0
incidental,ADV,1,0,0
damages,ADJ,1,0,0
such,NOUN,1,1,0
DAMAGE,PROPN,1,0,1
REPLACEMENT,PROPN,1,0,1
elect,VERB,1,0,0
problem,NOUN,1,0,0
as,X,1,1,0
NO,PROPN,1,1,1
EXPRESS,PROPN,1,0,1
implied,NOUN,1,0,0
MERCHANTABILITY,PROPN,1,0,1
FITNESS,PROPN,1,0,1
PURPOSE,PROPN,1,0,1
imply,VERB,1,0,0
exclusion,NOUN,1,0,0
violate,VERB,1,0,0
interpret,VERB,1,0,0
maximum,ADJ,1,0,0
invalidity,NOUN,1,0,0
unenforceability,NOUN,1,0,0
void,VERB,1,0,0
INDEMNITY,PROPN,1,0,1
indemnify,VERB,1,0,0
harmless,ADJ,1,0,0
modification,NOUN,1,0,0
deletion,NOUN,1,0,0
c,NOUN,1,0,0
Mission,PROPN,1,0,1
synonymous,ADJ,1,0,0
obsolete,ADJ,1,0,0
aged,ADJ,1,0,0
financial,ADJ,1,0,0
critical,ADJ,1,0,0
goal,NOUN,1,0,0
ensure,VERB,1,0,0
secure,NOUN,1,0,0
Sections,PROPN,1,0,1
profit,ADJ,1,0,0
educational,ADJ,1,0,0
Mississippi,PROPN,1,0,1
Internal,PROPN,1,0,1
Revenue,PROPN,1,0,1
EIN,PROPN,1,0,1
identification,NOUN,1,0,0
deductible,ADJ,1,0,0
Watchung,PROPN,1,0,1
Plaza,PROPN,1,0,1
Montclair,PROPN,1,0,1
NJ,PROPN,1,0,1
USA,PROPN,1,0,1
Donations,PROPN,1,0,1
widespread,ADJ,1,0,0
license,VERB,1,0,0
accessible,ADJ,1,0,0
array,NOUN,1,0,0
outdated,ADJ,1,0,0
IRS,PROPN,1,0,1
committed,ADJ,1,0,0
paperwork,NOUN,1,0,0
location,NOUN,1,0,0
confirmation,NOUN,1,0,0
SEND,PROPN,1,0,1
prohibition,NOUN,1,0,0
donor,NOUN,1,0,0
international,ADJ,1,0,0
gratefully,ADV,1,0,0
treatment,NOUN,1,0,0
swamp,VERB,1,0,0
web,NOUN,1,0,0
online,ADJ,1,0,0
card,NOUN,1,0,0
Information,PROPN,1,0,1
Hart,PROPN,1,0,1
originator,NOUN,1,0,0
network,NOUN,1,0,0
main,ADJ,1,0,0
PG,PROPN,1,0,1
facility,NOUN,1,0,0
newsletter,NOUN,1,0,0
u,NOUN,1,0,0
g,NOUN,1,0,0
r,NOUN,1,0,0
a,NOUN,1,1,0
p,NOUN,1,0,0
h,NOUN,1,0,0
y,NOUN,1,0,0
n,CCONJ,1,0,0
ancestry,VERB,1,0,0
ix,NOUN,1,0,0
PLAN,PROPN,1,0,1
scientific,VERB,1,0,0
