lemma,pos,count,is_stopword,is_proper_noun
the,DET,3983,1,0
and,CCONJ,3180,1,0
be,AUX,2226,1,0
a,DET,1934,1,0
he,PRON,1689,1,0
of,ADP,1579,1,0
it,PRON,1332,1,0
i,PRON,1209,1,0
to,PART,1139,1,0
in,ADP,1001,1,0
you,PRON,957,1,0
his,PRON,820,1,0
Tom,PROPN,812,0,1
they,PRON,791,1,0
have,AUX,727,1,0
with,ADP,694,1,0
to,ADP,669,1,0
do,AUX,638,1,0
but,CCONJ,578,1,0
for,ADP,557,1,0
she,PRON,504,1,0
say,VERB,473,1,0
that,DET,463,1,0
on,ADP,376,1,0
at,ADP,374,1,0
go,VERB,371,1,0
that,SCONJ,356,1,0
so,ADV,346,1,0
this,DET,338,1,0
not,PART,325,1,0
as,ADP,314,1,0
get,VERB,309,1,0
then,ADV,306,1,0
boy,NOUN,288,0,0
would,AUX,288,1,0
up,ADP,287,1,0
now,ADV,286,1,0
by,ADP,285,1,0
come,VERB,282,0,0
all,DET,260,1,0
if,SCONJ,259,1,0
out,ADP,258,1,0
Huck,PROPN,255,0,1
what,PRON,244,1,0
we,PRON,243,1,0
or,CCONJ,222,1,0
that,PRON,221,1,0
there,PRON,218,1,0
time,NOUN,215,0,0
when,SCONJ,213,1,0
see,VERB,211,1,0
know,VERB,206,0,0
could,AUX,202,1,0
from,ADP,195,1,0
their,PRON,194,1,0
an,DET,190,1,0
her,PRON,185,1,0
take,VERB,177,1,0
make,VERB,172,1,0
Joe,PROPN,168,0,1
no,DET,162,1,0
one,NUM,158,1,0
tell,VERB,154,0,0
any,DET,154,1,0
upon,SCONJ,150,1,0
about,ADP,148,1,0
just,ADV,146,1,0
find,VERB,144,0,0
little,ADJ,142,0,0
into,ADP,139,1,0
will,AUX,136,1,0
down,ADP,134,1,0
can,AUX,133,1,0
never,ADV,131,1,0
well,INTJ,131,1,0
again,ADV,129,1,0
away,ADV,125,0,0
look,VERB,123,0,0
begin,VERB,123,0,0
there,ADV,122,1,0
two,NUM,120,1,0
other,ADJ,118,1,0
some,DET,118,1,0
way,NOUN,118,0,0
oh,INTJ,118,0,0
ai,VERB,117,0,0
thing,NOUN,116,0,0
think,VERB,115,0,0
good,ADJ,113,0,0
Becky,PROPN,112,0,1
here,ADV,111,1,0
over,ADP,110,1,0
day,NOUN,109,0,0
work,NOUN,109,0,0
give,VERB,107,1,0
himself,PRON,106,1,0
too,ADV,106,1,0
my,PRON,105,1,0
CHAPTER,PROPN,104,0,1
man,NOUN,102,0,0
only,ADV,101,1,0
ever,ADV,100,1,0
hand,NOUN,99,0,0
why,SCONJ,99,1,0
let,VERB,98,0,0
night,NOUN,98,0,0
old,ADJ,97,0,0
how,SCONJ,96,1,0
want,VERB,95,0,0
under,ADP,93,1,0
your,PRON,92,1,0
as,ADV,92,1,0
like,ADP,91,0,0
back,ADV,91,1,0
after,ADP,90,1,0
no,INTJ,90,1,0
through,ADP,89,1,0
off,ADP,88,1,0
stand,VERB,88,0,0
all,ADV,86,1,0
who,PRON,85,1,0
try,VERB,85,0,0
Gutenberg,PROPN,84,0,1
keep,VERB,84,1,0
seem,VERB,84,1,0
Project,PROPN,83,0,1
turn,VERB,83,0,0
presently,ADV,82,0,0
where,SCONJ,79,1,0
every,DET,79,1,0
face,NOUN,79,0,0
head,NOUN,79,0,0
eye,NOUN,79,0,0
its,PRON,79,1,0
heart,NOUN,76,0,0
reckon,VERB,76,0,0
place,NOUN,76,0,0
which,DET,76,1,0
Sid,PROPN,74,0,1
do,VERB,74,1,0
yes,INTJ,74,0,0
more,ADJ,73,1,0
Injun,PROPN,72,0,1
moment,NOUN,72,0,0
always,ADV,71,1,0
more,ADV,70,1,0
hear,VERB,70,0,0
great,ADJ,70,0,0
than,ADP,69,1,0
school,NOUN,68,0,0
last,ADJ,68,1,0
feel,VERB,68,0,0
still,ADV,68,1,0
dead,ADJ,67,0,0
once,ADV,66,1,0
very,ADV,66,1,0
something,PRON,66,1,0
house,NOUN,65,0,0
long,ADV,64,0,0
before,ADP,63,1,0
well,ADV,63,1,0
fall,VERB,63,0,0
might,AUX,62,1,0
put,VERB,61,1,0
another,DET,61,1,0
three,NUM,60,1,0
sit,VERB,59,0,0
Aunt,PROPN,58,0,1
talk,VERB,58,0,0
anything,PRON,58,1,0
Polly,PROPN,57,0,1
right,ADV,56,0,0
must,AUX,56,1,0
girl,NOUN,55,0,0
new,ADJ,55,0,0
till,SCONJ,55,0,0
nothing,PRON,54,1,0
because,SCONJ,54,1,0
far,ADV,54,1,0
long,ADJ,54,0,0
Potter,PROPN,53,0,1
poor,ADJ,53,0,0
without,ADP,53,1,0
even,ADV,53,1,0
word,NOUN,53,0,0
water,NOUN,52,0,0
these,DET,52,1,0
village,NOUN,51,0,0
around,ADP,50,1,0
lie,VERB,50,0,0
leave,VERB,50,0,0
door,NOUN,49,0,0
each,DET,49,1,0
follow,VERB,48,0,0
enough,ADV,47,1,0
soon,ADV,47,0,0
stop,VERB,47,0,0
Thatcher,PROPN,46,0,1
anybody,PRON,46,0,0
wish,VERB,46,0,0
foot,NOUN,46,0,0
child,NOUN,45,0,0
hour,NOUN,45,0,0
mean,VERB,45,0,0
small,ADJ,43,0,0
wait,VERB,43,0,0
move,VERB,43,1,0
maybe,ADV,43,0,0
town,NOUN,42,0,0
before,ADV,42,1,0
book,NOUN,41,0,0
break,VERB,41,0,0
world,NOUN,40,0,0
start,VERB,40,0,0
awful,ADJ,40,0,0
one,NOUN,40,1,0
cave,NOUN,40,0,0
run,VERB,39,0,0
body,NOUN,39,0,0
full,ADJ,39,1,0
trouble,NOUN,39,0,0
many,ADJ,39,1,0
grow,VERB,39,0,0
along,ADP,39,1,0
bring,VERB,39,0,0
Mary,PROPN,38,0,1
Harper,PROPN,38,0,1
much,ADJ,38,1,0
mind,NOUN,38,0,0
same,ADJ,38,1,0
around,ADV,38,1,0
Sawyer,PROPN,37,0,1
almost,ADV,37,1,0
own,ADJ,37,1,0
minute,NOUN,37,0,0
while,SCONJ,37,1,0
light,NOUN,37,0,0
such,DET,37,1,0
voice,NOUN,36,0,0
whole,ADJ,36,1,0
such,ADJ,36,1,0
use,VERB,35,1,0
hold,VERB,35,0,0
cry,VERB,35,0,0
morning,NOUN,35,0,0
money,NOUN,35,0,0
die,VERB,35,0,0
life,NOUN,34,0,0
white,ADJ,34,0,0
people,NOUN,34,0,0
lose,VERB,33,0,0
everything,PRON,33,1,0
whisper,VERB,33,0,0
thought,NOUN,32,0,0
next,ADJ,32,1,0
young,ADJ,32,0,0
reach,VERB,32,0,0
name,NOUN,32,1,0
window,NOUN,32,0,0
side,NOUN,32,1,0
set,VERB,32,0,0
silence,NOUN,32,0,0
candle,NOUN,32,0,0
themselves,PRON,31,1,0
down,ADV,31,1,0
within,ADP,31,1,0
ground,NOUN,31,0,0
together,ADV,31,1,0
call,VERB,31,1,0
drop,VERB,31,0,0
pirate,NOUN,31,0,0
show,VERB,30,1,0
Huckleberry,PROPN,30,0,1
cat,NOUN,30,0,0
air,NOUN,30,0,0
home,ADV,30,0,0
watch,VERB,30,0,0
hope,NOUN,30,0,0
end,NOUN,30,0,0
course,NOUN,29,0,0
draw,VERB,29,0,0
behind,ADP,29,1,0
aunt,NOUN,29,0,0
bad,ADJ,29,0,0
pass,VERB,29,0,0
lady,NOUN,28,0,0
bed,NOUN,28,0,0
both,DET,28,1,0
few,ADJ,28,1,0
work,VERB,28,0,0
much,ADV,28,1,0
tree,NOUN,28,0,0
fire,NOUN,28,0,0
matter,NOUN,28,0,0
sleep,VERB,28,0,0
hide,VERB,28,0,0
Muff,PROPN,27,0,1
lay,VERB,27,0,0
hang,VERB,27,0,0
wood,NOUN,27,0,0
believe,VERB,27,0,0
like,VERB,27,0,0
toward,ADP,27,1,0
treasure,NOUN,27,0,0
rise,VERB,27,0,0
ear,NOUN,27,0,0
widow,NOUN,27,0,0
electronic,ADJ,27,0,0
most,ADJ,26,1,0
Sunday,PROPN,26,0,1
Judge,PROPN,26,0,1
breath,NOUN,26,0,0
help,VERB,26,0,0
yet,ADV,26,1,0
throw,VERB,26,0,0
over,ADV,26,1,0
shake,VERB,26,0,0
while,NOUN,26,1,0
knife,NOUN,26,0,0
dream,NOUN,26,0,0
sound,NOUN,26,0,0
church,NOUN,26,0,0
should,AUX,26,1,0
master,NOUN,26,0,0
kill,VERB,26,0,0
may,AUX,25,1,0
itself,PRON,25,1,0
bet,VERB,25,0,0
spirit,NOUN,25,0,0
right,ADJ,25,0,0
mile,NOUN,25,0,0
first,ADJ,25,1,0
part,NOUN,24,1,0
remember,VERB,24,0,0
order,NOUN,24,0,0
wonder,VERB,24,0,0
high,ADJ,24,0,0
fence,NOUN,24,0,0
sure,ADJ,24,0,0
notice,VERB,24,0,0
week,NOUN,24,0,0
line,NOUN,24,0,0
arm,NOUN,24,0,0
anyway,ADV,24,1,0
against,ADP,24,1,0
listen,VERB,24,0,0
stay,VERB,24,0,0
until,ADP,24,1,0
Foundation,PROPN,24,0,1
most,ADV,23,1,0
enter,VERB,23,0,0
become,VERB,23,1,0
play,VERB,23,0,0
talk,NOUN,23,0,0
learn,VERB,23,0,0
ask,VERB,23,0,0
our,PRON,23,1,0
carry,VERB,23,0,0
sort,NOUN,23,0,0
river,NOUN,23,0,0
term,NOUN,22,0,0
law,NOUN,22,0,0
Welshman,PROPN,22,0,1
business,NOUN,22,0,0
stir,VERB,22,0,0
occur,VERB,22,0,0
rest,NOUN,22,0,0
those,DET,22,1,0
year,NOUN,22,0,0
room,NOUN,22,0,0
eat,VERB,22,0,0
interest,NOUN,22,0,0
home,NOUN,22,0,0
along,ADV,22,1,0
ten,NUM,22,1,0
agree,VERB,22,0,0
light,VERB,22,0,0
well,ADJ,22,1,0
everybody,PRON,22,0,0
use,NOUN,21,0,0
adventure,NOUN,21,0,0
big,ADJ,21,0,0
bear,VERB,21,0,0
deep,ADJ,21,0,0
dark,ADJ,21,0,0
bit,NOUN,21,0,0
glad,ADJ,21,0,0
speak,VERB,21,0,0
company,NOUN,21,0,0
chance,NOUN,21,0,0
happen,VERB,21,0,0
herself,PRON,21,1,0
five,NUM,21,1,0
shall,AUX,21,0,0
please,INTJ,21,1,0
out,ADV,20,1,0
else,ADV,20,1,0
soul,NOUN,20,0,0
forget,VERB,20,0,0
back,NOUN,20,1,0
Ben,PROPN,20,0,1
whose,DET,20,1,0
happy,ADJ,20,0,0
tear,NOUN,20,0,0
wall,NOUN,20,0,0
fine,ADJ,20,0,0
nobody,PRON,20,1,0
bury,VERB,20,0,0
United,PROPN,19,0,1
States,PROPN,19,0,1
Jim,PROPN,19,0,1
effort,NOUN,19,0,0
distance,NOUN,19,0,0
mouth,NOUN,19,0,0
low,ADJ,19,0,0
strong,ADJ,19,0,0
finally,ADV,19,0,0
afraid,ADJ,19,0,0
care,VERB,19,0,0
clothe,NOUN,19,0,0
appear,VERB,19,0,0
hardly,ADV,19,0,0
ready,ADJ,19,0,0
hill,NOUN,19,0,0
dig,VERB,19,0,0
copyright,NOUN,19,0,0
country,NOUN,18,0,0
Finn,PROPN,18,0,1
catch,VERB,18,0,0
among,ADP,18,1,0
sometimes,ADV,18,1,0
lift,VERB,18,0,0
lad,NOUN,18,0,0
dog,NOUN,18,0,0
discover,VERB,18,0,0
kind,NOUN,18,0,0
suffer,VERB,18,0,0
blue,ADJ,18,0,0
step,VERB,18,0,0
strike,VERB,18,0,0
tear,VERB,18,0,0
hard,ADJ,18,0,0
lip,NOUN,18,0,0
box,NOUN,18,0,0
rest,VERB,18,0,0
idea,NOUN,18,0,0
friend,NOUN,18,0,0
by,ADV,18,1,0
about,ADV,18,1,0
gather,VERB,18,0,0
however,ADV,18,1,0
sink,VERB,18,0,0
distribute,VERB,18,0,0
read,VERB,18,0,0
since,SCONJ,18,1,0
agreement,NOUN,18,0,0
Douglas,PROPN,17,0,1
spring,VERB,17,0,0
receive,VERB,17,0,0
woman,NOUN,17,0,0
state,NOUN,17,0,0
open,ADJ,17,0,0
fool,NOUN,17,0,0
half,ADJ,17,0,0
less,ADV,17,1,0
drive,VERB,17,0,0
dress,VERB,17,0,0
close,ADV,17,0,0
wear,VERB,17,0,0
step,NOUN,17,0,0
beyond,ADP,17,1,0
somebody,PRON,17,0,0
fly,VERB,17,0,0
remain,VERB,17,0,0
breakfast,NOUN,17,0,0
lead,VERB,17,0,0
hop,VERB,17,0,0
swear,VERB,17,0,0
sleep,NOUN,17,0,0
Widow,PROPN,16,0,1
pay,VERB,16,0,0
also,ADV,16,1,0
conscience,NOUN,16,0,0
love,VERB,16,0,0
rock,NOUN,16,0,0
live,VERB,16,0,0
mother,NOUN,16,0,0
pretty,ADV,16,0,0
spring,NOUN,16,0,0
hundred,NUM,16,1,0
fetch,VERB,16,0,0
alley,NOUN,16,0,0
mighty,ADJ,16,0,0
free,ADJ,16,0,0
half,DET,16,0,0
return,VERB,16,0,0
sir,NOUN,16,0,0
Say,PROPN,16,1,1
piece,NOUN,16,0,0
close,VERB,16,0,0
sign,NOUN,16,0,0
midnight,NOUN,16,0,0
tick,NOUN,16,0,0
group,NOUN,16,0,0
provide,VERB,16,0,0
Amy,PROPN,15,0,1
Lord,PROPN,15,0,1
steal,VERB,15,0,0
offer,VERB,15,0,0
attention,NOUN,15,0,0
star,VERB,15,0,0
finger,NOUN,15,0,0
pocket,NOUN,15,0,0
hair,NOUN,15,0,0
form,NOUN,15,0,0
fill,VERB,15,0,0
yard,NOUN,15,0,0
mind,VERB,15,0,0
enough,ADJ,15,1,0
suddenly,ADV,15,0,0
awhile,ADV,15,0,0
certain,ADJ,15,0,0
glance,VERB,15,0,0
corner,NOUN,15,0,0
none,NOUN,15,1,0
death,NOUN,15,0,0
right,NOUN,15,0,0
ticket,NOUN,15,0,0
up,ADV,15,1,0
blood,NOUN,15,0,0
walk,VERB,15,0,0
auntie,NOUN,15,0,0
quick,ADJ,15,0,0
blame,VERB,15,0,0
drift,VERB,15,0,0
next,ADV,15,1,0
promise,VERB,15,0,0
skiff,NOUN,15,0,0
copy,NOUN,15,0,0
donation,NOUN,15,0,0
include,VERB,14,0,0
ghost,NOUN,14,0,0
ago,ADV,14,0,0
finish,VERB,14,0,0
seize,VERB,14,0,0
instant,NOUN,14,0,0
afternoon,NOUN,14,0,0
miss,VERB,14,0,0
tongue,NOUN,14,0,0
age,NOUN,14,0,0
between,ADP,14,1,0
Saturday,PROPN,14,0,1
melancholy,ADJ,14,0,0
continue,VERB,14,0,0
sun,NOUN,14,0,0
four,NUM,14,1,0
twenty,NUM,14,1,0
slip,VERB,14,0,0
wander,VERB,14,0,0
spread,VERB,14,0,0
comrade,NOUN,14,0,0
news,NOUN,14,0,0
island,NOUN,14,0,0
tooth,NOUN,14,0,0
nearly,ADV,14,0,0
smoke,NOUN,14,0,0
dollar,NOUN,14,0,0
creep,VERB,14,0,0
look,NOUN,14,0,0
fear,NOUN,14,0,0
pipe,NOUN,14,0,0
Spaniard,PROPN,14,0,1
devil,NOUN,13,0,0
point,NOUN,13,0,0
expect,VERB,13,0,0
alone,ADV,13,1,0
least,ADJ,13,1,0
search,VERB,13,0,0
stick,VERB,13,0,0
no,ADV,13,1,0
climb,VERB,13,0,0
human,ADJ,13,0,0
very,ADJ,13,1,0
marble,NOUN,13,0,0
consider,VERB,13,0,0
bell,NOUN,13,0,0
answer,VERB,13,0,0
add,VERB,13,0,0
thousand,NUM,13,0,0
late,ADJ,13,0,0
on,ADV,13,1,0
couple,NOUN,13,0,0
nice,ADJ,13,0,0
asleep,ADJ,13,0,0
deliver,VERB,13,0,0
floor,NOUN,13,0,0
meet,VERB,13,0,0
direction,NOUN,13,0,0
though,SCONJ,13,1,0
near,ADP,13,0,0
cold,ADJ,13,0,0
raft,NOUN,13,0,0
prayer,NOUN,13,0,0
during,ADP,13,1,0
indeed,ADV,13,1,0
aisle,NOUN,13,0,0
doctor,NOUN,13,0,0
drag,VERB,13,0,0
kiss,VERB,13,0,0
raise,VERB,13,0,0
robber,NOUN,13,0,0
secret,NOUN,13,0,0
shore,NOUN,13,0,0
trademark,NOUN,13,0,0
paragraph,NOUN,13,0,0
Literary,PROPN,13,0,1
Archive,PROPN,13,0,1
opportunity,NOUN,12,0,0
touch,VERB,12,0,0
need,VERB,12,0,0
shout,VERB,12,0,0
hat,VERB,12,0,0
brother,NOUN,12,0,0
jacket,NOUN,12,0,0
open,VERB,12,0,0
black,ADJ,12,0,0
lick,VERB,12,0,0
bind,VERB,12,0,0
turn,NOUN,12,0,0
street,NOUN,12,0,0
tie,VERB,12,0,0
yourself,PRON,12,1,0
lie,NOUN,12,0,0
toe,NOUN,12,0,0
person,NOUN,12,0,0
burst,VERB,12,0,0
ling,NOUN,12,0,0
forth,ADV,12,0,0
effect,NOUN,12,0,0
leg,NOUN,12,0,0
six,NUM,12,1,0
flower,NOUN,12,0,0
creature,NOUN,12,0,0
in,ADV,12,1,0
joy,NOUN,12,0,0
picture,NOUN,12,0,0
wake,VERB,12,0,0
shut,VERB,12,0,0
sermon,NOUN,12,0,0
grave,NOUN,12,0,0
nor,CCONJ,12,1,0
cease,VERB,12,0,0
Thomas,PROPN,12,0,1
hole,NOUN,12,0,0
minister,NOUN,12,0,0
at,ADV,12,1,0
shortly,ADV,12,0,0
sound,VERB,12,0,0
whisper,NOUN,12,0,0
last,ADV,12,1,0
circus,NOUN,12,0,0
write,VERB,12,0,0
exclaim,VERB,12,0,0
shadow,NOUN,12,0,0
arrive,VERB,12,0,0
smoke,VERB,12,0,0
first,ADV,12,1,0
fee,NOUN,12,0,0
revenge,NOUN,11,0,0
save,VERB,11,0,0
have,VERB,11,0,0
snatch,VERB,11,0,0
board,NOUN,11,0,0
disappear,VERB,11,0,0
hard,ADV,11,0,0
wind,NOUN,11,0,0
gratitude,NOUN,11,0,0
summer,NOUN,11,0,0
Friday,PROPN,11,0,1
nose,NOUN,11,0,0
dare,VERB,11,0,0
main,ADJ,11,0,0
above,ADP,11,1,0
burn,VERB,11,0,0
sight,NOUN,11,0,0
middle,NOUN,11,0,0
slow,ADJ,11,0,0
result,NOUN,11,0,0
pin,NOUN,11,0,0
peace,NOUN,11,0,0
camp,NOUN,11,0,0
win,VERB,11,0,0
be,VERB,11,1,0
log,NOUN,11,0,0
cut,VERB,11,0,0
worth,ADJ,11,0,0
reason,NOUN,11,0,0
red,ADJ,11,0,0
several,ADJ,11,1,0
usual,ADJ,11,0,0
son,NOUN,11,0,0
wart,NOUN,11,0,0
of,ADV,11,1,0
noon,NOUN,11,0,0
join,VERB,11,0,0
blow,VERB,11,0,0
mum,NOUN,11,0,0
remark,NOUN,11,0,0
hunt,VERB,11,0,0
funeral,NOUN,11,0,0
number,NOUN,11,0,0
mark,NOUN,11,0,0
tavern,NOUN,11,0,0
anywhere,ADV,10,1,0
information,NOUN,10,0,0
surprise,NOUN,10,0,0
settle,VERB,10,0,0
no,NOUN,10,1,0
Jones,PROPN,10,0,1
bug,NOUN,10,0,0
Robin,PROPN,10,0,1
Hood,PROPN,10,0,1
seek,VERB,10,0,0
evening,NOUN,10,0,0
fellow,NOUN,10,0,0
really,ADV,10,1,0
hope,VERB,10,0,0
spectacle,NOUN,10,0,0
hit,VERB,10,0,0
hurt,VERB,10,0,0
rather,ADV,10,1,0
quiet,ADJ,10,0,0
sing,VERB,10,0,0
half,ADV,10,0,0
sorry,ADJ,10,0,0
safe,ADJ,10,0,0
large,ADJ,10,0,0
stranger,NOUN,10,0,0
pause,NOUN,10,0,0
shoulder,NOUN,10,0,0
hot,ADJ,10,0,0
roll,VERB,10,0,0
late,ADV,10,0,0
cautiously,ADV,10,0,0
off,ADV,10,1,0
Rogers,PROPN,10,0,1
near,ADV,10,0,0
circumstance,NOUN,10,0,0
boat,NOUN,10,0,0
honest,ADJ,10,0,0
kite,NOUN,10,0,0
understand,VERB,10,0,0
considerable,ADJ,10,0,0
power,NOUN,10,0,0
general,ADJ,10,0,0
public,ADJ,10,0,0
Jeff,PROPN,10,0,1
yellow,ADJ,10,0,0
hero,NOUN,10,0,0
lightning,NOUN,10,0,0
knee,NOUN,10,0,0
sick,ADJ,10,0,0
dismal,ADJ,10,0,0
a,X,10,1,0
half,NOUN,10,0,0
towel,NOUN,10,0,0
trifle,NOUN,10,0,0
satisfactory,ADJ,10,0,0
vast,ADJ,10,0,0
easy,ADJ,10,0,0
pupil,NOUN,10,0,0
often,ADV,10,1,0
leaf,NOUN,10,0,0
speech,NOUN,10,0,0
paper,NOUN,10,0,0
grass,NOUN,10,0,0
so,SCONJ,10,1,0
fair,ADJ,10,0,0
grateful,ADJ,10,0,0
page,NOUN,10,0,0
beetle,NOUN,10,0,0
close,ADJ,10,0,0
entirely,ADV,10,0,0
jump,VERB,10,0,0
tired,ADJ,10,0,0
wild,ADJ,10,0,0
distress,NOUN,10,0,0
rotten,ADJ,10,0,0
becuz,ADJ,10,0,0
escape,VERB,10,0,0
luck,NOUN,10,0,0
lot,NOUN,10,0,0
cross,NOUN,10,0,0
later,ADV,10,0,0
forest,NOUN,10,0,0
send,VERB,10,0,0
hurry,VERB,10,0,0
gradually,ADV,10,0,0
act,VERB,10,0,0
witness,NOUN,10,0,0
fact,NOUN,10,0,0
daylight,NOUN,10,0,0
bar,NOUN,10,0,0
explore,VERB,10,0,0
ferryboat,NOUN,10,0,0
gang,NOUN,10,0,0
tool,NOUN,10,0,0
clay,NOUN,10,0,0
access,NOUN,10,0,0
eBook,PROPN,9,0,1
copy,VERB,9,0,0
License,PROPN,9,0,1
reveal,VERB,9,0,0
therefore,ADV,9,1,0
forty,NUM,9,1,0
account,NOUN,9,0,0
suffering,NOUN,9,0,0
mighty,ADV,9,0,0
question,NOUN,9,0,0
hearted,ADJ,9,0,0
excitement,NOUN,9,0,0
short,ADJ,9,0,0
bright,ADJ,9,0,0
family,NOUN,9,0,0
hat,NOUN,9,0,0
struggle,VERB,9,0,0
Cardiff,PROPN,9,0,1
Hill,PROPN,9,0,1
besides,ADV,9,1,0
buy,VERB,9,0,0
sweep,VERB,9,0,0
about,ADJ,9,1,0
tackle,VERB,9,0,0
Miller,PROPN,9,0,1
glass,NOUN,9,0,0
key,NOUN,9,0,0
wash,VERB,9,0,0
prisoner,NOUN,9,0,0
proud,ADJ,9,0,0
darkness,NOUN,9,0,0
nature,NOUN,9,0,0
comfort,NOUN,9,0,0
verse,NOUN,9,0,0
choose,VERB,9,0,0
perhaps,ADV,9,1,0
bench,NOUN,9,0,0
pour,VERB,9,0,0
fish,NOUN,9,0,0
seat,NOUN,9,0,0
spot,NOUN,9,0,0
sheet,NOUN,9,0,0
forward,ADV,9,0,0
sharp,ADJ,9,0,0
court,NOUN,9,0,0
manner,NOUN,9,0,0
crowd,NOUN,9,0,0
stretch,VERB,9,0,0
heel,NOUN,9,0,0
yield,VERB,9,0,0
eye,VERB,9,0,0
quickly,ADV,9,0,0
willing,ADJ,9,0,0
tone,NOUN,9,0,0
nevertheless,ADV,9,1,0
empty,ADJ,9,1,0
charm,NOUN,9,0,0
desk,NOUN,9,0,0
tale,NOUN,9,0,0
forever,ADV,9,0,0
fail,VERB,9,0,0
twice,ADV,9,0,0
away,ADP,9,0,0
allow,VERB,9,0,0
stillness,NOUN,9,0,0
dono,X,9,0,0
dreadful,ADJ,9,0,0
citizen,NOUN,9,0,0
murder,NOUN,9,0,0
dream,VERB,9,0,0
desire,NOUN,9,0,0
below,ADP,9,1,0
hungry,ADJ,9,0,0
picnic,NOUN,9,0,0
rich,ADJ,9,0,0
widder,NOUN,9,0,0
protect,VERB,9,0,0
comply,VERB,9,0,0
locate,VERB,8,0,0
complete,ADJ,8,0,0
TOM,PROPN,8,0,1
search,NOUN,8,0,0
disturb,VERB,8,0,0
Peter,PROPN,8,0,1
drown,VERB,8,0,0
storm,NOUN,8,0,0
Lawrence,PROPN,8,0,1
drop,NOUN,8,0,0
story,NOUN,8,0,0
thirty,NUM,8,0,0
answer,NOUN,8,0,0
pride,NOUN,8,0,0
bend,VERB,8,0,0
noise,NOUN,8,0,0
truth,NOUN,8,0,0
somehow,ADV,8,1,0
supper,NOUN,8,0,0
pick,VERB,8,0,0
simple,ADJ,8,0,0
contemplate,VERB,8,0,0
marvel,NOUN,8,0,0
uncomfortable,ADJ,8,0,0
forgive,VERB,8,0,0
thread,NOUN,8,0,0
heavy,ADJ,8,0,0
like,ADJ,8,0,0
produce,VERB,8,0,0
roof,NOUN,8,0,0
simply,ADV,8,0,0
fight,VERB,8,0,0
place,VERB,8,0,0
cover,VERB,8,0,0
glory,NOUN,8,0,0
stone,NOUN,8,0,0
brush,NOUN,8,0,0
nine,NUM,8,1,0
hollow,ADJ,8,0,0
sigh,VERB,8,0,0
whitewash,VERB,8,0,0
fun,NOUN,8,0,0
sorrow,NOUN,8,0,0
apple,NOUN,8,0,0
lean,VERB,8,0,0
ahead,ADV,8,0,0
stump,NOUN,8,0,0
interested,ADJ,8,0,0
fix,VERB,8,0,0
Johnny,PROPN,8,0,1
twelve,NUM,8,1,0
perform,VERB,8,0,0
gray,ADJ,8,0,0
memory,NOUN,8,0,0
toss,VERB,8,0,0
perfectly,ADV,8,0,0
pity,NOUN,8,0,0
judge,VERB,8,0,0
rain,NOUN,8,0,0
pray,VERB,8,0,0
grief,NOUN,8,0,0
dreary,ADJ,8,0,0
vague,ADJ,8,0,0
gloom,NOUN,8,0,0
bless,VERB,8,0,0
manage,VERB,8,0,0
remove,VERB,8,0,0
clean,ADJ,8,0,0
teacher,NOUN,8,0,0
class,NOUN,8,0,0
passage,NOUN,8,0,0
Bible,PROPN,8,0,1
prize,NOUN,8,0,0
scholar,NOUN,8,0,0
Walters,PROPN,8,0,1
separate,VERB,8,0,0
lawyer,NOUN,8,0,0
gaze,VERB,8,0,0
precious,ADJ,8,0,0
beautiful,ADJ,8,0,0
scene,NOUN,8,0,0
scarcely,ADV,8,0,0
other,NOUN,8,1,0
cross,VERB,8,0,0
laughter,NOUN,8,0,0
pain,NOUN,8,0,0
elbow,NOUN,8,0,0
row,NOUN,8,0,0
fast,ADV,8,0,0
rag,NOUN,8,0,0
wide,ADJ,8,0,0
moon,NOUN,8,0,0
bother,VERB,8,0,0
pap,NOUN,8,0,0
self,NOUN,8,0,0
Hucky,PROPN,8,0,1
satisfied,ADJ,8,0,0
limb,NOUN,8,0,0
create,VERB,8,0,0
push,VERB,8,0,0
track,NOUN,8,0,0
sense,NOUN,8,0,0
afterward,ADV,8,0,0
awake,ADJ,8,0,0
approach,VERB,8,0,0
lantern,NOUN,8,0,0
path,NOUN,8,0,0
spend,VERB,8,0,0
dumb,ADJ,8,0,0
whip,VERB,8,0,0
provision,NOUN,8,0,0
bacon,NOUN,8,0,0
bush,NOUN,8,0,0
real,ADJ,8,0,0
bark,NOUN,8,0,0
misery,NOUN,8,0,0
terror,NOUN,8,0,0
Alfred,PROPN,8,0,1
pick,NOUN,8,0,0
job,NOUN,8,0,0
avenue,NOUN,8,0,0
decide,VERB,7,0,0
General,PROPN,7,0,1
betray,VERB,7,0,0
king,NOUN,7,0,0
doubt,NOUN,7,0,0
show,NOUN,7,1,0
lesson,NOUN,7,0,0
visit,VERB,7,0,0
comfortable,ADJ,7,0,0
belong,VERB,7,0,0
engage,VERB,7,0,0
pull,VERB,7,0,0
but,SCONJ,7,1,0
danger,NOUN,7,0,0
torment,VERB,7,0,0
laugh,VERB,7,0,0
swimming,NOUN,7,0,0
shot,NOUN,7,0,0
shirt,NOUN,7,0,0
thrust,VERB,7,0,0
bird,NOUN,7,0,0
shade,NOUN,7,0,0
Petersburg,PROPN,7,0,1
splendid,ADJ,7,0,0
either,ADV,7,1,0
tail,NOUN,7,0,0
labor,NOUN,7,0,0
fresh,ADJ,7,0,0
gay,ADJ,7,0,0
retire,VERB,7,0,0
Ting,PROPN,7,0,1
slowly,ADV,7,0,0
describe,VERB,7,0,0
round,ADJ,7,0,0
resume,VERB,7,0,0
particular,ADJ,7,0,0
back,ADJ,7,1,0
string,NOUN,7,0,0
through,ADV,7,1,0
wise,ADJ,7,0,0
gentleman,NOUN,7,0,0
change,NOUN,7,0,0
true,ADJ,7,0,0
splendor,NOUN,7,0,0
second,ADJ,7,0,0
count,VERB,7,0,0
angel,NOUN,7,0,0
sigh,NOUN,7,0,0
God,PROPN,7,0,1
edge,NOUN,7,0,0
breast,NOUN,7,0,0
friendly,ADJ,7,0,0
dim,ADJ,7,0,0
thin,ADJ,7,0,0
recite,VERB,7,0,0
success,NOUN,7,0,0
gently,ADV,7,0,0
below,ADV,7,1,0
top,NOUN,7,1,0
proceed,VERB,7,0,0
superintendent,NOUN,7,0,0
front,NOUN,7,1,0
whispering,NOUN,7,0,0
likely,ADJ,7,0,0
sand,NOUN,7,0,0
everywhere,ADV,7,1,0
envy,NOUN,7,0,0
dozen,NOUN,7,0,0
congregation,NOUN,7,0,0
solemn,ADJ,7,0,0
crack,NOUN,7,0,0
history,NOUN,7,0,0
relief,NOUN,7,0,0
fling,VERB,7,0,0
miserable,ADJ,7,0,0
moan,VERB,7,0,0
chair,NOUN,7,0,0
hogshead,NOUN,7,0,0
romantic,ADJ,7,0,0
nigger,NOUN,7,0,0
witch,NOUN,7,0,0
brick,NOUN,7,0,0
slate,NOUN,7,0,0
fasten,VERB,7,0,0
spelling,NOUN,7,0,0
float,VERB,7,0,0
possession,NOUN,7,0,0
hate,VERB,7,0,0
marry,VERB,7,0,0
softly,ADV,7,0,0
party,NOUN,7,0,0
exactly,ADV,7,0,0
branch,NOUN,7,0,0
abroad,ADV,7,0,0
graveyard,NOUN,7,0,0
owner,NOUN,7,0,0
shovel,NOUN,7,0,0
drink,VERB,7,0,0
horror,NOUN,7,0,0
myself,PRON,7,1,0
scared,ADJ,7,0,0
strange,ADJ,7,0,0
suppose,VERB,7,0,0
sneak,VERB,7,0,0
capture,VERB,7,0,0
procession,NOUN,7,0,0
bat,NOUN,7,0,0
pale,ADJ,7,0,0
sudden,ADJ,7,0,0
schoolhouse,NOUN,7,0,0
hermit,NOUN,7,0,0
hunger,NOUN,7,0,0
thunder,NOUN,7,0,0
part,VERB,7,1,0
twilight,NOUN,7,0,0
venture,VERB,7,0,0
except,SCONJ,7,1,0
weak,ADJ,7,0,0
land,NOUN,7,0,0
Dobbins,PROPN,7,0,1
composition,NOUN,7,0,0
forth,ADP,7,0,0
corridor,NOUN,7,0,0
grope,VERB,7,0,0
cavern,NOUN,7,0,0
eBooks,PROPN,7,0,1
associate,VERB,7,0,0
refund,NOUN,7,0,0
cost,NOUN,6,0,0
check,VERB,6,0,0
format,NOUN,6,0,0
private,ADJ,6,0,0
Church,PROPN,6,0,1
Old,PROPN,6,0,1
subject,NOUN,6,0,0
Black,PROPN,6,0,1
Cave,PROPN,6,0,1
battle,NOUN,6,0,0
enjoy,VERB,6,0,0
vacation,NOUN,6,0,0
statement,NOUN,6,0,0
although,SCONJ,6,1,0
plan,NOUN,6,0,0
build,VERB,6,0,0
service,NOUN,6,0,0
weed,NOUN,6,0,0
closet,NOUN,6,0,0
trick,NOUN,6,0,0
goodness,NOUN,6,0,0
sugar,NOUN,6,0,0
mysterious,ADJ,6,0,0
though,ADV,6,1,0
collar,NOUN,6,0,0
sew,VERB,6,0,0
vanish,VERB,6,0,0
examine,VERB,6,0,0
concern,VERB,6,0,0
curiosity,NOUN,6,0,0
ribbon,NOUN,6,0,0
neither,DET,6,1,0
fool,VERB,6,0,0
strain,NOUN,6,0,0
cent,NOUN,6,0,0
broad,ADJ,6,0,0
seat,VERB,6,0,0
chase,VERB,6,0,0
thus,ADV,6,1,0
gate,NOUN,6,0,0
enemy,NOUN,6,0,0
outside,ADV,6,0,0
tin,NOUN,6,0,0
fifty,NUM,6,1,0
generally,ADV,6,0,0
sore,ADJ,6,0,0
high,ADV,6,0,0
mean,ADJ,6,0,0
hello,INTJ,6,0,0
chap,NOUN,6,0,0
hey,INTJ,6,0,0
suit,VERB,6,0,0
careful,ADJ,6,0,0
bottle,NOUN,6,0,0
brass,NOUN,6,0,0
after,ADV,6,1,0
necessary,ADJ,6,0,0
nod,VERB,6,0,0
bosom,NOUN,6,0,0
pretend,VERB,6,0,0
present,ADJ,6,0,0
dangerous,ADJ,6,0,0
grieve,VERB,6,0,0
halt,VERB,6,0,0
comfort,VERB,6,0,0
kitchen,NOUN,6,0,0
silent,ADJ,6,0,0
notice,NOUN,6,0,0
glance,NOUN,6,0,0
alive,ADJ,6,0,0
cloud,NOUN,6,0,0
stream,NOUN,6,0,0
increase,VERB,6,0,0
neck,NOUN,6,0,0
depart,VERB,6,0,0
presence,NOUN,6,0,0
note,NOUN,6,0,0
mystery,NOUN,6,0,0
pew,NOUN,6,0,0
absorb,VERB,6,0,0
occasion,NOUN,6,0,0
tedious,ADJ,6,0,0
possible,ADJ,6,0,0
being,NOUN,6,1,0
hymn,NOUN,6,0,0
bank,NOUN,6,0,0
fashion,NOUN,6,0,0
press,VERB,6,0,0
wholly,ADV,6,0,0
familiar,ADJ,6,0,0
fight,NOUN,6,0,0
wide,ADV,6,0,0
event,NOUN,6,0,0
feeble,ADJ,6,0,0
applause,NOUN,6,0,0
honor,NOUN,6,0,0
envy,VERB,6,0,0
deal,NOUN,6,0,0
clear,ADJ,6,0,0
sell,VERB,6,0,0
angry,ADJ,6,0,0
dark,NOUN,6,0,0
crack,VERB,6,0,0
occupy,VERB,6,0,0
only,ADJ,6,1,0
clothe,VERB,6,0,0
hush,NOUN,6,0,0
sea,NOUN,6,0,0
earth,NOUN,6,0,0
groan,VERB,6,0,0
wing,NOUN,6,0,0
instantly,ADV,6,0,0
war,NOUN,6,0,0
sad,ADJ,6,0,0
weary,ADJ,6,0,0
possibility,NOUN,6,0,0
loose,ADJ,6,0,0
groan,NOUN,6,0,0
condition,NOUN,6,0,0
bean,NOUN,6,0,0
feller,NOUN,6,0,0
corpse,NOUN,6,0,0
course,ADV,6,0,0
rouse,VERB,6,0,0
dread,NOUN,6,0,0
observe,VERB,6,0,0
face,VERB,6,0,0
whack,NOUN,6,0,0
across,ADP,6,1,0
struggle,NOUN,6,0,0
fear,VERB,6,0,0
sob,NOUN,6,0,0
shudder,VERB,6,0,0
determine,VERB,6,0,0
bow,NOUN,6,0,0
thee,PRON,6,0,0
watch,NOUN,6,0,0
faint,ADJ,6,0,0
distant,ADJ,6,0,0
force,VERB,6,0,0
harm,NOUN,6,0,0
goner,NOUN,6,0,0
father,NOUN,6,0,0
murder,VERB,6,0,0
drownde,VERB,6,0,0
oath,NOUN,6,0,0
confidence,NOUN,6,0,0
resolve,VERB,6,0,0
wagon,NOUN,6,0,0
lead,NOUN,6,0,0
case,NOUN,6,0,0
ill,ADJ,6,0,0
killer,NOUN,6,0,0
end,VERB,6,0,0
narrow,ADJ,6,0,0
bluff,NOUN,6,0,0
Red,PROPN,6,0,1
y,PROPN,6,0,1
awake,VERB,6,0,0
one,PRON,6,1,0
flash,NOUN,6,0,0
bread,NOUN,6,0,0
eloquent,ADJ,6,0,0
easily,ADV,6,0,0
smile,VERB,6,0,0
intolerable,ADJ,6,0,0
display,VERB,6,0,0
different,ADJ,6,0,0
sweat,NOUN,6,0,0
haunted,ADJ,6,0,0
sumach,NOUN,6,0,0
section,NOUN,6,0,0
permission,NOUN,6,0,0
royalty,NOUN,6,0,0
license,NOUN,6,0,0
distribution,NOUN,6,0,0
tax,NOUN,6,0,0
volunteer,NOUN,6,0,0
anyone,PRON,5,1,0
language,NOUN,5,0,0
project,NOUN,5,0,0
GUTENBERG,PROPN,5,0,1
o,NOUN,5,0,0
introduce,VERB,5,0,0
Terror,PROPN,5,0,1
mental,ADJ,5,0,0
Boy,PROPN,5,0,1
House,PROPN,5,0,1
failure,NOUN,5,0,0
Barlow,PROPN,5,0,1
swim,VERB,5,0,0
wonder,NOUN,5,0,0
back,VERB,5,1,0
seldom,ADV,5,0,0
style,NOUN,5,0,0
calculate,VERB,5,0,0
round,ADV,5,0,0
alike,ADV,5,0,0
hookey,NOUN,5,0,0
holiday,NOUN,5,0,0
season,NOUN,5,0,0
suspicion,NOUN,5,0,0
reflect,VERB,5,0,0
spite,NOUN,5,0,0
evidence,NOUN,5,0,0
inspiration,NOUN,5,0,0
less,ADJ,5,1,0
consist,VERB,5,0,0
interval,NOUN,5,0,0
midst,NOUN,5,0,0
music,NOUN,5,0,0
reader,NOUN,5,0,0
advantage,NOUN,5,0,0
cap,NOUN,5,0,0
knock,VERB,5,0,0
egg,NOUN,5,0,0
imaginary,ADJ,5,0,0
tumble,VERB,5,0,0
brush,VERB,5,0,0
sob,VERB,5,0,0
resolution,NOUN,5,0,0
green,ADJ,5,0,0
survey,VERB,5,0,0
plank,NOUN,5,0,0
skip,VERB,5,0,0
bully,NOUN,5,0,0
trip,VERB,5,0,0
light,ADJ,5,0,0
speed,NOUN,5,0,0
ought,AUX,5,0,0
dangle,VERB,5,0,0
slaughter,NOUN,5,0,0
material,NOUN,5,0,0
swing,VERB,5,0,0
knob,NOUN,5,0,0
sash,NOUN,5,0,0
plenty,NOUN,5,0,0
horse,NOUN,5,0,0
entire,ADJ,5,0,0
appoint,VERB,5,0,0
march,VERB,5,0,0
month,NOUN,5,0,0
confess,VERB,5,0,0
performance,NOUN,5,0,0
aside,ADV,5,0,0
yet,CCONJ,5,1,0
post,VERB,5,0,0
pause,VERB,5,0,0
gratify,VERB,5,0,0
signal,NOUN,5,0,0
refuse,VERB,5,0,0
ah,INTJ,5,0,0
curl,NOUN,5,0,0
abuse,VERB,5,0,0
choke,VERB,5,0,0
delight,NOUN,5,0,0
sacred,ADJ,5,0,0
agony,NOUN,5,0,0
cast,VERB,5,0,0
dull,ADJ,5,0,0
shelter,NOUN,5,0,0
shoot,VERB,5,0,0
reference,NOUN,5,0,0
busy,ADJ,5,0,0
blessed,ADJ,5,0,0
foundation,NOUN,5,0,0
chin,NOUN,5,0,0
jaw,NOUN,5,0,0
difficulty,NOUN,5,0,0
plain,ADJ,5,0,0
property,NOUN,5,0,0
interfere,VERB,5,0,0
conspicuous,ADJ,5,0,0
require,VERB,5,0,0
burst,NOUN,5,0,0
visitor,NOUN,5,0,0
aged,ADJ,5,0,0
middle,ADJ,5,0,0
iron,NOUN,5,0,0
art,NOUN,5,0,0
altogether,ADV,5,0,0
roar,VERB,5,0,0
rank,NOUN,5,0,0
thick,ADJ,5,0,0
smile,NOUN,5,0,0
inquire,VERB,5,0,0
profound,ADJ,5,0,0
quake,VERB,5,0,0
partly,ADV,5,0,0
gasp,VERB,5,0,0
owe,VERB,5,0,0
file,VERB,5,0,0
plunge,VERB,5,0,0
sail,NOUN,5,0,0
doom,NOUN,5,0,0
rid,VERB,5,0,0
detail,NOUN,5,0,0
plead,VERB,5,0,0
good,NOUN,5,0,0
sentence,NOUN,5,0,0
act,NOUN,5,0,0
argument,NOUN,5,0,0
character,NOUN,5,0,0
indifferent,ADJ,5,0,0
inch,NOUN,5,0,0
grave,ADJ,5,0,0
snore,VERB,5,0,0
imagination,NOUN,5,0,0
flutter,VERB,5,0,0
ruin,NOUN,5,0,0
contain,VERB,5,0,0
fishing,NOUN,5,0,0
Lemme,PROPN,5,0,1
Shucks,PROPN,5,0,1
daytime,NOUN,5,0,0
corn,NOUN,5,0,0
thousand,NOUN,5,0,0
Williams,PROPN,5,0,1
meow,VERB,5,0,0
early,ADJ,5,0,0
temptation,NOUN,5,0,0
bottom,NOUN,5,1,0
recognize,VERB,5,0,0
sympathy,NOUN,5,0,0
study,VERB,5,0,0
beg,VERB,5,0,0
deed,NOUN,5,0,0
impulse,NOUN,5,0,0
alone,ADJ,5,1,0
uneasy,ADJ,5,0,0
reply,NOUN,5,0,0
suspect,VERB,5,0,0
beat,VERB,5,0,0
crime,NOUN,5,0,0
Avenger,PROPN,5,0,1
incantation,NOUN,5,0,0
fright,NOUN,5,0,0
elm,NOUN,5,0,0
outlaw,NOUN,5,0,0
stroke,NOUN,5,0,0
quarter,NOUN,5,0,0
strength,NOUN,5,0,0
civilization,NOUN,5,0,0
clock,NOUN,5,0,0
evidently,ADV,5,0,0
shudder,NOUN,5,0,0
solemnity,NOUN,5,0,0
wisht,VERB,5,0,0
tis,VERB,5,0,0
breed,NOUN,5,0,0
whiskey,NOUN,5,0,0
drunk,ADJ,5,0,0
writing,NOUN,5,0,0
squeeze,VERB,5,0,0
Bull,PROPN,5,0,1
Harbison,PROPN,5,0,1
snuffle,VERB,5,0,0
table,NOUN,5,0,0
villager,NOUN,5,0,0
exercise,NOUN,5,0,0
instead,ADV,5,0,0
purpose,NOUN,5,0,0
lonely,ADJ,5,0,0
ham,NOUN,5,0,0
so,CCONJ,5,1,0
land,VERB,5,0,0
ashore,ADV,5,0,0
charge,NOUN,5,0,0
noble,ADJ,5,0,0
gold,NOUN,5,0,0
proper,ADJ,5,0,0
length,NOUN,5,0,0
straight,ADV,5,0,0
longing,NOUN,5,0,0
blaze,VERB,5,0,0
droop,VERB,5,0,0
ferry,NOUN,5,0,0
wherever,SCONJ,5,1,0
mostly,ADV,5,1,0
sycamore,NOUN,5,0,0
landing,NOUN,5,0,0
Wednesday,PROPN,5,0,1
lonesome,ADJ,5,0,0
throat,NOUN,5,0,0
feebly,ADV,5,0,0
prepare,VERB,5,0,0
straggle,VERB,5,0,0
rusty,ADJ,5,0,0
food,NOUN,5,0,0
call,NOUN,5,1,0
waste,VERB,5,0,0
situation,NOUN,5,0,0
phrase,NOUN,5,0,0
audience,NOUN,5,0,0
Temperance,PROPN,5,0,1
divide,VERB,5,0,0
testify,VERB,5,0,0
weight,NOUN,5,0,0
yonder,NOUN,5,0,0
tonight,NOUN,5,0,0
Lookyhere,PROPN,5,0,1
requirement,NOUN,5,0,0
ragged,ADJ,5,0,0
bag,NOUN,5,0,0
track,VERB,5,0,0
tavern,ADJ,5,0,0
able,ADJ,5,0,0
bundle,NOUN,5,0,0
stile,NOUN,5,0,0
ben,PROPN,5,0,1
grease,NOUN,5,0,0
edition,NOUN,5,0,0
charge,VERB,5,0,0
obtain,VERB,5,0,0
compliance,NOUN,5,0,0
medium,NOUN,5,0,0
warranty,NOUN,5,0,0
date,NOUN,4,0,0
credit,NOUN,4,0,0
start,NOUN,4,0,0
SAWYER,PROPN,4,0,1
u,NOUN,4,0,0
attend,VERB,4,0,0
Examination,PROPN,4,0,1
weaken,VERB,4,0,0
Pirates,PROPN,4,0,1
Camp,PROPN,4,0,1
secret,ADJ,4,0,0
New,PROPN,4,0,1
Tail,PROPN,4,0,1
Piece,PROPN,4,0,1
Good,PROPN,4,0,1
terrible,ADJ,4,0,0
Room,PROPN,4,0,1
McDougal,PROPN,4,0,1
discovery,NOUN,4,0,0
got,VERB,4,0,0
experience,NOUN,4,0,0
schoolmate,NOUN,4,0,0
superstition,NOUN,4,0,0
intend,VERB,4,0,0
mainly,ADV,4,0,0
enterprise,NOUN,4,0,0
pair,NOUN,4,0,0
perplexed,ADJ,4,0,0
hold,NOUN,4,0,0
vine,NOUN,4,0,0
slight,ADJ,4,0,0
skin,NOUN,4,0,0
desperate,ADJ,4,0,0
flee,VERB,4,0,0
laugh,NOUN,4,0,0
lick,NOUN,4,0,0
duty,NOUN,4,0,0
sin,NOUN,4,0,0
already,ADV,4,1,0
vanity,NOUN,4,0,0
powerful,ADJ,4,0,0
touch,NOUN,4,0,0
dry,ADJ,4,0,0
pump,VERB,4,0,0
stumble,VERB,4,0,0
run,NOUN,4,0,0
bitter,ADJ,4,0,0
misfortune,NOUN,4,0,0
acquire,VERB,4,0,0
peculiar,ADJ,4,0,0
probably,ADV,4,0,0
stride,VERB,4,0,0
pleasure,NOUN,4,0,0
sex,NOUN,4,0,0
impressive,ADJ,4,0,0
shabby,ADJ,4,0,0
shoe,NOUN,4,0,0
circle,NOUN,4,0,0
smart,ADJ,4,0,0
walk,NOUN,4,0,0
might,NOUN,4,1,0
dust,NOUN,4,0,0
space,NOUN,4,0,0
tug,VERB,4,0,0
scratch,VERB,4,0,0
feather,NOUN,4,0,0
captivity,NOUN,4,0,0
cheer,NOUN,4,0,0
dip,VERB,4,0,0
repeat,VERB,4,0,0
hateful,ADJ,4,0,0
Mars,PROPN,4,0,1
git,NOUN,4,0,0
field,NOUN,4,0,0
delicious,ADJ,4,0,0
worldly,ADJ,4,0,0
wealth,NOUN,4,0,0
hopeless,ADJ,4,0,0
Missouri,PROPN,4,0,1
imagine,VERB,4,0,0
Chow,PROPN,4,0,1
represent,VERB,4,0,0
alongside,ADV,4,0,0
afeard,NOUN,4,0,0
sweat,VERB,4,0,0
rat,NOUN,4,0,0
stricken,VERB,4,0,0
tin,ADJ,4,0,0
oblige,VERB,4,0,0
pleasant,ADJ,4,0,0
Scriptural,PROPN,4,0,1
stairway,NOUN,4,0,0
handy,ADJ,4,0,0
rag,VERB,4,0,0
faculty,NOUN,4,0,0
exchange,VERB,4,0,0
frock,NOUN,4,0,0
regard,VERB,4,1,0
visit,NOUN,4,0,0
furtive,ADJ,4,0,0
heave,VERB,4,0,0
bare,ADJ,4,0,0
next,ADP,4,1,0
aware,ADJ,4,0,0
ecstasy,NOUN,4,0,0
mischief,NOUN,4,0,0
sprawl,VERB,4,0,0
picture,VERB,4,0,0
sufferer,NOUN,4,0,0
feeling,NOUN,4,0,0
swallow,VERB,4,0,0
swam,VERB,4,0,0
deserted,ADJ,4,0,0
clasp,VERB,4,0,0
drench,VERB,4,0,0
garment,NOUN,4,0,0
vexation,NOUN,4,0,0
summit,NOUN,4,0,0
traverse,VERB,4,0,0
mourn,VERB,4,0,0
grandeur,NOUN,4,0,0
basin,NOUN,4,0,0
outside,ADP,4,0,0
emerge,VERB,4,0,0
front,ADJ,4,1,0
suit,NOUN,4,0,0
custom,NOUN,4,0,0
Sabbath,PROPN,4,0,1
change,VERB,4,0,0
fifteen,NUM,4,1,0
restless,ADJ,4,0,0
express,VERB,4,0,0
platform,NOUN,4,0,0
upper,ADJ,4,0,0
curve,VERB,4,0,0
patiently,ADV,4,0,0
earnest,ADJ,4,0,0
somewhere,ADV,4,1,0
assemble,VERB,4,0,0
mar,VERB,4,0,0
accompany,VERB,4,0,0
wife,NOUN,4,0,0
happiness,NOUN,4,0,0
house,PROPN,4,0,1
reflection,NOUN,4,0,0
inspire,VERB,4,0,0
immediately,ADV,4,0,0
jing,NOUN,4,0,0
official,ADJ,4,0,0
thither,NOUN,4,0,0
insect,NOUN,4,0,0
authority,NOUN,4,0,0
lately,ADV,4,0,0
warn,VERB,4,0,0
murmur,NOUN,4,0,0
majestic,ADJ,4,0,0
star,NOUN,4,0,0
sky,NOUN,4,0,0
getting,NOUN,4,0,0
pang,NOUN,4,0,0
somewhat,ADV,4,0,0
trouble,VERB,4,0,0
parent,NOUN,4,0,0
ring,VERB,4,0,0
generous,ADJ,4,0,0
care,NOUN,4,0,0
gallery,NOUN,4,0,0
admire,VERB,4,0,0
meeting,NOUN,4,0,0
rustling,NOUN,4,0,0
endure,VERB,4,0,0
addition,NOUN,4,0,0
fly,NOUN,4,0,0
torture,VERB,4,0,0
expose,VERB,4,0,0
view,VERB,4,0,0
natural,ADJ,4,0,0
vagrant,ADJ,4,0,0
spy,VERB,4,0,0
descend,VERB,4,0,0
stretch,NOUN,4,0,0
pronounce,VERB,4,0,0
variety,NOUN,4,0,0
Monday,PROPN,4,0,1
lucky,ADJ,4,0,0
pant,VERB,4,0,0
response,NOUN,4,0,0
quite,DET,4,1,0
tremble,VERB,4,0,0
ache,VERB,4,0,0
chunk,NOUN,4,0,0
fish,VERB,4,0,0
trial,NOUN,4,0,0
fascination,NOUN,4,0,0
respectable,ADJ,4,0,0
trouser,NOUN,4,0,0
weather,NOUN,4,0,0
stick,NOUN,4,0,0
spunk,ADJ,4,0,0
spunk,NOUN,4,0,0
Bob,PROPN,4,0,1
Tanner,PROPN,4,0,1
ye,NOUN,4,0,0
witch,VERB,4,0,0
dern,ADJ,4,0,0
carefully,ADV,4,0,0
wistfully,ADV,4,0,0
drowsy,NOUN,4,0,0
study,NOUN,4,0,0
love,NOUN,4,0,0
pulse,NOUN,4,0,0
mere,ADJ,4,0,0
cause,VERB,4,0,0
perceptible,ADJ,4,0,0
dinner,NOUN,4,0,0
degree,NOUN,4,0,0
steady,ADJ,4,0,0
jubilant,ADJ,4,0,0
mountain,NOUN,4,0,0
utterly,ADV,4,0,0
flame,VERB,4,0,0
soft,ADJ,4,0,0
glow,VERB,4,0,0
deeply,ADV,4,0,0
sport,NOUN,4,0,0
anxious,ADJ,4,0,0
tremendous,ADJ,4,0,0
tiptoe,VERB,4,0,0
lane,NOUN,4,0,0
chew,VERB,4,0,0
bent,VERB,4,0,0
blunder,NOUN,4,0,0
loneliness,NOUN,4,0,0
broken,ADJ,4,0,0
valley,NOUN,4,0,0
dense,ADJ,4,0,0
oak,NOUN,4,0,0
joke,NOUN,4,0,0
pistol,NOUN,4,0,0
Main,PROPN,4,0,1
utter,VERB,4,0,0
shingle,NOUN,4,0,0
depression,NOUN,4,0,0
doodle,NOUN,4,0,0
second,NOUN,4,0,0
dart,VERB,4,0,0
blast,NOUN,4,0,0
warily,ADV,4,0,0
Sheriff,PROPN,4,0,1
beam,NOUN,4,0,0
stair,NOUN,4,0,0
creak,VERB,4,0,0
howl,NOUN,4,0,0
form,VERB,4,0,0
cry,NOUN,4,0,0
single,ADJ,4,0,0
wad,VERB,4,0,0
tall,ADJ,4,0,0
support,NOUN,4,0,0
inwardly,ADV,4,0,0
Lordy,PROPN,4,0,1
rope,NOUN,4,0,0
load,NOUN,4,0,0
coffin,NOUN,4,0,0
round,NOUN,4,0,0
speed,VERB,4,0,0
rob,VERB,4,0,0
recollect,VERB,4,0,0
like,INTJ,4,0,0
gain,VERB,4,0,0
common,ADJ,4,0,0
prick,VERB,4,0,0
ball,NOUN,4,0,0
ruin,VERB,4,0,0
thankful,ADJ,4,0,0
atmosphere,NOUN,4,0,0
depth,NOUN,4,0,0
gloomy,ADJ,4,0,0
object,NOUN,4,0,0
suspicious,ADJ,4,0,0
inquest,NOUN,4,0,0
avoid,VERB,4,0,0
jail,NOUN,4,0,0
medicine,NOUN,4,0,0
health,NOUN,4,0,0
mend,VERB,4,0,0
current,ADJ,4,0,0
upset,VERB,4,0,0
neighbor,NOUN,4,0,0
treatment,NOUN,4,0,0
anxiety,NOUN,4,0,0
unless,SCONJ,4,1,0
giddy,ADJ,4,0,0
whenever,SCONJ,4,1,0
risk,NOUN,4,0,0
cheek,NOUN,4,0,0
consequence,NOUN,4,0,0
cream,NOUN,4,0,0
further,ADJ,4,1,0
Jackson,PROPN,4,0,1
Island,PROPN,4,0,1
distinct,ADJ,4,0,0
guard,VERB,4,0,0
Handed,PROPN,4,0,1
store,NOUN,4,0,0
point,VERB,4,0,0
what,DET,4,1,0
nook,NOUN,4,0,0
tent,NOUN,4,0,0
foliage,NOUN,4,0,0
feature,NOUN,4,0,0
ash,NOUN,4,0,0
ship,NOUN,4,0,0
silver,NOUN,4,0,0
Nature,PROPN,4,0,1
musing,NOUN,4,0,0
whether,SCONJ,4,1,0
shout,NOUN,4,0,0
current,NOUN,4,0,0
astonish,VERB,4,0,0
delighted,ADJ,4,0,0
conscious,ADJ,4,0,0
neighborhood,NOUN,4,0,0
lost,ADJ,4,0,0
return,NOUN,4,0,0
scrape,NOUN,4,0,0
kind,ADV,4,0,0
opinion,NOUN,4,0,0
adorn,VERB,4,0,0
feast,NOUN,4,0,0
dawn,VERB,4,0,0
smoking,NOUN,4,0,0
hundred,NOUN,4,0,0
episode,NOUN,4,0,0
flow,VERB,4,0,0
mood,NOUN,4,0,0
villain,NOUN,4,0,0
rough,ADJ,4,0,0
flock,VERB,4,0,0
sufficient,ADJ,4,0,0
Temple,PROPN,4,0,1
shame,NOUN,4,0,0
notion,NOUN,4,0,0
today,NOUN,4,0,0
curious,ADJ,4,0,0
denial,NOUN,4,0,0
gun,NOUN,4,0,0
eight,NUM,4,1,0
etc,X,4,0,0
early,ADV,4,0,0
mark,VERB,4,0,0
trust,VERB,4,0,0
abandon,VERB,4,0,0
prove,VERB,4,0,0
disappointment,NOUN,4,0,0
sheriff,NOUN,4,0,0
opening,NOUN,4,0,0
Counsel,PROPN,4,0,1
reign,VERB,4,0,0
share,NOUN,4,0,0
wrong,ADJ,4,0,0
coin,NOUN,4,0,0
sum,NOUN,4,0,0
Tuesday,PROPN,4,0,1
Thursday,PROPN,4,0,1
admit,VERB,4,0,0
speck,NOUN,4,0,0
cake,NOUN,4,0,0
searcher,NOUN,4,0,0
damage,NOUN,4,0,0
mission,NOUN,4,0,0
orgy,NOUN,4,0,0
git,VERB,4,0,0
accept,VERB,4,0,0
collection,NOUN,4,0,0
individual,ADJ,4,0,0
freely,ADV,4,0,0
status,NOUN,4,0,0
holder,NOUN,4,0,0
website,NOUN,4,0,0
defect,NOUN,4,0,0
computer,NOUN,4,0,0
limited,ADJ,4,0,0
Adventures,PROPN,3,0,1
English,PROPN,3,0,1
content,NOUN,3,0,0
Y,PROPN,3,0,1
II,PROPN,3,0,1
III,PROPN,3,0,1
IV,PROPN,3,0,1
VI,PROPN,3,0,1
VII,PROPN,3,0,1
VIII,PROPN,3,0,1
IX,PROPN,3,0,1
explain,VERB,3,0,0
punishment,NOUN,3,0,0
XI,PROPN,3,0,1
XII,PROPN,3,0,1
XIII,PROPN,3,0,1
Young,PROPN,3,0,1
XIV,PROPN,3,0,1
Life,PROPN,3,0,1
XV,PROPN,3,0,1
XVI,PROPN,3,0,1
XVII,PROPN,3,0,1
wonderful,ADJ,3,0,0
Dream,PROPN,3,0,1
XIX,PROPN,3,0,1
XX,PROPN,3,0,1
XXI,PROPN,3,0,1
XXII,PROPN,3,0,1
XXIII,PROPN,3,0,1
XXIV,PROPN,3,0,1
Hero,PROPN,3,0,1
XXV,PROPN,3,0,1
XXVI,PROPN,3,0,1
XXVII,PROPN,3,0,1
XXVIII,PROPN,3,0,1
XXIX,PROPN,3,0,1
XXX,PROPN,3,0,1
XXXI,PROPN,3,0,1
XXXII,PROPN,3,0,1
XXXIII,PROPN,3,0,1
XXXIV,PROPN,3,0,1
XXXV,PROPN,3,0,1
Poor,PROPN,3,0,1
plan,VERB,3,0,0
Home,PROPN,3,0,1
that,ADV,3,1,0
School,PROPN,3,0,1
Prize,PROPN,3,0,1
Model,PROPN,3,0,1
Result,PROPN,3,0,1
victim,NOUN,3,0,0
River,PROPN,3,0,1
Treasures,PROPN,3,0,1
Uncle,PROPN,3,0,1
Jake,PROPN,3,0,1
inside,ADP,3,0,0
mine,NOUN,3,1,0
whom,PRON,3,1,0
entertainment,NOUN,3,0,0
remind,VERB,3,0,0
garden,NOUN,3,0,0
roundabout,NOUN,3,0,0
jam,NOUN,3,0,0
hand,VERB,3,0,0
switch,NOUN,3,0,0
surprised,ADJ,3,0,0
gentle,ADJ,3,0,0
saying,NOUN,3,0,0
spare,VERB,3,0,0
spile,VERB,3,0,0
break,NOUN,3,0,0
tomorrow,NOUN,3,0,0
warm,ADJ,3,0,0
overlook,VERB,3,0,0
conduct,NOUN,3,0,0
needle,NOUN,3,0,0
lapel,NOUN,3,0,0
practise,VERB,3,0,0
doubt,ADV,3,0,0
astounding,ADJ,3,0,0
dainty,ADJ,3,0,0
button,VERB,3,0,0
fix,NOUN,3,0,0
dare,NOUN,3,0,0
liar,NOUN,3,0,0
brace,NOUN,3,0,0
shove,VERB,3,0,0
flushed,ADJ,3,0,0
caution,NOUN,3,0,0
dirt,NOUN,3,0,0
smothered,ADJ,3,0,0
threaten,VERB,3,0,0
order,VERB,3,0,0
uncover,VERB,3,0,0
song,NOUN,3,0,0
issue,VERB,3,0,0
bloom,NOUN,3,0,0
bucket,NOUN,3,0,0
whitewash,NOUN,3,0,0
burden,NOUN,3,0,0
discourage,VERB,3,0,0
pail,NOUN,3,0,0
pump,NOUN,3,0,0
negro,ADJ,3,0,0
skylark,VERB,3,0,0
missis,NOUN,3,0,0
tend,VERB,3,0,0
thimble,ADJ,3,0,0
waver,VERB,3,0,0
bandage,NOUN,3,0,0
rear,NOUN,3,0,0
triumph,NOUN,3,0,0
last,VERB,3,1,0
expedition,NOUN,3,0,0
mean,NOUN,3,0,0
hove,VERB,3,0,0
dread,VERB,3,0,0
anticipation,NOUN,3,0,0
whoop,NOUN,3,0,0
round,VERB,3,0,0
stabboard,NOUN,3,0,0
chow,NOUN,3,0,0
left,ADJ,3,0,0
outside,ADJ,3,0,0
stage,NOUN,3,0,0
sir,PROPN,3,0,1
artist,NOUN,3,0,0
sweep,NOUN,3,0,0
consent,VERB,3,0,0
shuck,NOUN,3,0,0
barrel,NOUN,3,0,0
lack,NOUN,3,0,0
trade,VERB,3,0,0
besides,SCONJ,3,1,0
fragment,NOUN,3,0,0
soldier,NOUN,3,0,0
handle,NOUN,3,0,0
idle,ADJ,3,0,0
coat,NOUN,3,0,0
namely,ADV,3,1,0
wealthy,ADJ,3,0,0
England,PROPN,3,0,1
passenger,NOUN,3,0,0
privilege,NOUN,3,0,0
muse,VERB,3,0,0
wend,VERB,3,0,0
present,VERB,3,0,0
bedroom,NOUN,3,0,0
library,NOUN,3,0,0
drowsing,NOUN,3,0,0
murmur,ADJ,3,0,0
lap,NOUN,3,0,0
prop,VERB,3,0,0
collect,VERB,3,0,0
seven,NUM,3,0,0
block,NOUN,3,0,0
reach,NOUN,3,0,0
capture,NOUN,3,0,0
army,NOUN,3,0,0
conduct,VERB,3,0,0
victory,NOUN,3,0,0
crown,VERB,3,0,0
fire,VERB,3,0,0
admiration,NOUN,3,0,0
foolishness,NOUN,3,0,0
straw,NOUN,3,0,0
stomach,NOUN,3,0,0
possibly,ADV,3,0,0
nightfall,NOUN,3,0,0
exhibit,VERB,3,0,0
exultation,NOUN,3,0,0
discharge,VERB,3,0,0
yearn,VERB,3,0,0
wrong,NOUN,3,0,0
troubled,ADJ,3,0,0
woe,NOUN,3,0,0
pathos,NOUN,3,0,0
contact,NOUN,3,0,0
accustomed,ADJ,3,0,0
unconsciously,ADV,3,0,0
pity,VERB,3,0,0
past,NOUN,3,0,0
listening,NOUN,3,0,0
glow,NOUN,3,0,0
emotion,NOUN,3,0,0
wipe,VERB,3,0,0
brow,NOUN,3,0,0
whiz,NOUN,3,0,0
peaceful,ADJ,3,0,0
breakfast,VERB,3,0,0
solid,ADJ,3,0,0
chapter,NOUN,3,0,0
theirs,PRON,3,0,0
heaven,PROPN,3,0,1
double,ADJ,3,0,0
accomplish,VERB,3,0,0
shin,VERB,3,0,0
western,ADJ,3,0,0
impose,VERB,3,0,0
sleeve,NOUN,3,0,0
dripping,ADJ,3,0,0
downward,ADV,3,0,0
distinction,NOUN,3,0,0
clothing,NOUN,3,0,0
Sundays,PROPN,3,0,1
fully,ADV,3,0,0
hook,NOUN,3,0,0
various,ADJ,3,1,0
pattern,NOUN,3,0,0
reward,NOUN,3,0,0
plainly,ADV,3,0,0
rare,ADJ,3,0,0
ambition,NOUN,3,0,0
due,ADJ,3,1,0
pulpit,NOUN,3,0,0
customary,ADJ,3,0,0
slim,ADJ,3,0,0
sandy,ADJ,3,0,0
stiff,ADJ,3,0,0
abreast,VERB,3,0,0
lookout,NOUN,3,0,0
view,NOUN,3,0,0
absent,ADJ,3,0,0
titter,NOUN,3,0,0
latter,ADJ,3,1,0
third,NOUN,3,1,0
isolated,ADJ,3,0,0
smite,VERB,3,0,0
gaze,NOUN,3,0,0
fast,ADJ,3,0,0
county,NOUN,3,0,0
judge,NOUN,3,0,0
travel,VERB,3,0,0
awe,NOUN,3,0,0
judgment,NOUN,3,0,0
hither,NOUN,3,0,0
demand,VERB,3,0,0
sensation,NOUN,3,0,0
fraud,NOUN,3,0,0
dear,ADJ,3,0,0
mayor,NOUN,3,0,0
justice,NOUN,3,0,0
vestibule,NOUN,3,0,0
handkerchief,NOUN,3,0,0
tittering,NOUN,3,0,0
choir,NOUN,3,0,0
steadily,ADV,3,0,0
society,NOUN,3,0,0
President,PROPN,3,0,1
oppress,VERB,3,0,0
far,ADJ,3,0,0
grace,NOUN,3,0,0
regular,ADJ,3,0,0
detect,VERB,3,0,0
grab,VERB,3,0,0
destroy,VERB,3,0,0
text,NOUN,3,0,0
grand,ADJ,3,0,0
formidable,ADJ,3,0,0
pinchbug,NOUN,3,0,0
percussion,NOUN,3,0,0
poodle,NOUN,3,0,0
lazy,ADJ,3,0,0
foolish,ADJ,3,0,0
yawn,VERB,3,0,0
sail,VERB,3,0,0
frantic,ADJ,3,0,0
mirth,NOUN,3,0,0
satisfaction,NOUN,3,0,0
canvass,VERB,3,0,0
patient,NOUN,3,0,0
inspection,NOUN,3,0,0
unconscious,ADJ,3,0,0
louder,ADV,3,0,0
swell,VERB,3,0,0
stare,VERB,3,0,0
flesh,NOUN,3,0,0
reality,NOUN,3,0,0
upstairs,ADV,3,0,0
gaudy,ADJ,3,0,0
outcast,NOUN,3,0,0
cast,NOUN,3,0,0
suspender,NOUN,3,0,0
support,VERB,3,0,0
will,NOUN,3,1,0
doorstep,NOUN,3,0,0
leather,NOUN,3,0,0
harass,VERB,3,0,0
Hollis,PROPN,3,0,1
certainly,ADV,3,0,0
cure,VERB,3,0,0
blame,NOUN,3,0,0
meal,NOUN,3,0,0
eleven,NUM,3,1,0
wicked,ADJ,3,0,0
Hoss,PROPN,3,0,1
interruption,NOUN,3,0,0
refuge,NOUN,3,0,0
vacant,ADJ,3,0,0
pine,ADJ,3,0,0
scrawl,VERB,3,0,0
apparently,ADV,3,0,0
non,ADJ,3,0,0
attempt,NOUN,3,0,0
hesitatingly,ADV,3,0,0
resemble,VERB,3,0,0
treat,VERB,3,0,0
resist,VERB,3,0,0
throne,NOUN,3,0,0
chaos,NOUN,3,0,0
baby,NOUN,3,0,0
recess,NOUN,3,0,0
sleepy,ADJ,3,0,0
heat,NOUN,3,0,0
furtively,ADV,3,0,0
flat,ADJ,3,0,0
amount,VERB,3,1,0
gratefully,ADV,3,0,0
contentment,NOUN,3,0,0
clown,NOUN,3,0,0
spot,VERB,3,0,0
any,ADV,3,1,0
badly,ADV,3,0,0
andiron,NOUN,3,0,0
companion,NOUN,3,0,0
juvenile,NOUN,3,0,0
shape,NOUN,3,0,0
concern,NOUN,3,0,0
illustrious,ADJ,3,0,0
Indians,PROPN,3,0,1
future,NOUN,3,0,0
plain,ADV,3,0,0
trunk,NOUN,3,0,0
belt,NOUN,3,0,0
spanish,ADJ,3,0,0
career,NOUN,3,0,0
faith,NOUN,3,0,0
succeed,VERB,3,0,0
hiding,NOUN,3,0,0
faintly,ADV,3,0,0
arrow,NOUN,3,0,0
sword,NOUN,3,0,0
armed,ADJ,3,0,0
pass,NOUN,3,0,0
thou,NOUN,3,0,0
say,INTJ,3,1,0
treacherous,ADJ,3,0,0
bleed,VERB,3,0,0
sadly,ADV,3,0,0
claim,VERB,3,0,0
emphasize,VERB,3,0,0
ticking,NOUN,3,0,0
snore,NOUN,3,0,0
chamber,NOUN,3,0,0
neighboring,NOUN,3,0,0
crash,NOUN,3,0,0
woodshe,VERB,3,0,0
crazy,ADJ,3,0,0
nowhere,ADV,3,1,0
worm,NOUN,3,0,0
complain,VERB,3,0,0
heap,NOUN,3,0,0
protection,NOUN,3,0,0
owl,NOUN,3,0,0
sh,VERB,3,0,0
Sh,PROPN,3,0,1
shiver,NOUN,3,0,0
muffled,ADJ,3,0,0
figure,NOUN,3,0,0
afeard,ADJ,3,0,0
third,ADJ,3,1,0
spade,NOUN,3,0,0
freight,NOUN,3,0,0
blanket,NOUN,3,0,0
hilt,NOUN,3,0,0
reel,VERB,3,0,0
mutter,VERB,3,0,0
score,NOUN,3,0,0
stolid,ADJ,3,0,0
murderer,NOUN,3,0,0
chicken,NOUN,3,0,0
liquor,NOUN,3,0,0
gal,NOUN,3,0,0
painfully,ADV,3,0,0
sign,VERB,3,0,0
stealthily,ADV,3,0,0
telling,NOUN,3,0,0
difference,NOUN,3,0,0
own,VERB,3,0,0
mistake,NOUN,3,0,0
boding,NOUN,3,0,0
avert,VERB,3,0,0
retreat,NOUN,3,0,0
mop,VERB,3,0,0
flogging,NOUN,3,0,0
stony,ADJ,3,0,0
final,ADJ,3,0,0
ghastly,ADJ,3,0,0
schoolmaster,NOUN,3,0,0
washing,NOUN,3,0,0
ransack,VERB,3,0,0
public,NOUN,3,0,0
elsewhere,ADV,3,1,0
drift,NOUN,3,0,0
infernal,ADJ,3,0,0
apart,ADV,3,0,0
accuse,VERB,3,0,0
pathetic,ADJ,3,0,0
fade,VERB,3,0,0
interesting,ADJ,3,0,0
glimpse,NOUN,3,0,0
fearful,ADJ,3,0,0
blanch,VERB,3,0,0
stuff,NOUN,3,0,0
nightly,ADV,3,0,0
guard,NOUN,3,0,0
piracy,NOUN,3,0,0
method,NOUN,3,0,0
fever,NOUN,3,0,0
file,NOUN,3,0,0
indifference,NOUN,3,0,0
quit,VERB,3,0,0
misgiving,NOUN,3,0,0
taste,NOUN,3,0,0
bang,VERB,3,0,0
pot,NOUN,3,0,0
peep,VERB,3,0,0
gravity,NOUN,3,0,0
immediate,ADJ,3,0,0
vicinity,NOUN,3,0,0
hurl,VERB,3,0,0
request,NOUN,3,0,0
relieve,VERB,3,0,0
Mississippi,PROPN,3,0,1
shallow,ADJ,3,0,0
sweet,ADJ,3,0,0
hint,NOUN,3,0,0
Seas,PROPN,3,0,1
furnish,VERB,3,0,0
tobacco,NOUN,3,0,0
match,NOUN,3,0,0
above,ADV,3,1,0
command,NOUN,3,0,0
aye,ADJ,3,0,0
aye,NOUN,3,0,0
aloft,ADV,3,0,0
port,NOUN,3,0,0
glorious,ADJ,3,0,0
glare,NOUN,3,0,0
cool,ADJ,3,0,0
deny,VERB,3,0,0
campfire,NOUN,3,0,0
gay,NOUN,3,0,0
special,ADJ,3,0,0
dawn,NOUN,3,0,0
fairly,ADV,3,0,0
strip,VERB,3,0,0
sandbar,NOUN,3,0,0
cup,NOUN,3,0,0
impatient,ADJ,3,0,0
gayly,ADV,3,0,0
regalia,NOUN,3,0,0
swim,NOUN,3,0,0
row,VERB,3,0,0
lump,NOUN,3,0,0
guess,VERB,3,0,0
deepen,VERB,3,0,0
kneel,VERB,3,0,0
straightway,NOUN,3,0,0
permit,VERB,3,0,0
responsible,ADJ,3,0,0
yesterday,NOUN,3,0,0
perish,VERB,3,0,0
merely,ADV,3,0,0
linger,VERB,3,0,0
trifle,ADV,3,0,0
naked,ADJ,3,0,0
original,ADJ,3,0,0
chest,NOUN,3,0,0
poke,VERB,3,0,0
preparation,NOUN,3,0,0
scatter,VERB,3,0,0
cigar,NOUN,3,0,0
cellar,NOUN,3,0,0
furiously,ADV,3,0,0
fancy,NOUN,3,0,0
startled,ADJ,3,0,0
peal,NOUN,3,0,0
instant,ADJ,3,0,0
generation,NOUN,3,0,0
upward,ADV,3,0,0
promise,NOUN,3,0,0
Harpers,PROPN,3,0,1
possess,VERB,3,0,0
back,ADP,3,1,0
waiting,NOUN,3,0,0
fault,NOUN,3,0,0
incident,NOUN,3,0,0
smother,VERB,3,0,0
blessing,NOUN,3,0,0
sake,NOUN,3,0,0
Sereny,PROPN,3,0,1
neither,ADV,3,1,0
scar,VERB,3,0,0
Miss,PROPN,3,0,1
worthy,ADJ,3,0,0
glitter,VERB,3,0,0
either,CCONJ,3,1,0
particularly,ADV,3,0,0
fun,ADJ,3,0,0
chat,VERB,3,0,0
awkward,ADJ,3,0,0
ink,NOUN,3,0,0
Auntie,PROPN,3,0,1
pirate,VERB,3,0,0
breach,NOUN,3,0,0
lock,NOUN,3,0,0
volume,NOUN,3,0,0
help,NOUN,3,0,0
uneasiness,NOUN,3,0,0
examination,NOUN,3,0,0
muscle,NOUN,3,0,0
signpainter,NOUN,3,0,0
discomfort,NOUN,3,0,0
machine,NOUN,3,0,0
frown,VERB,3,0,0
complete,VERB,3,0,0
clear,VERB,3,0,0
illuminate,VERB,3,0,0
claw,NOUN,3,0,0
member,NOUN,3,0,0
actual,ADJ,3,0,0
courtroom,NOUN,3,0,0
wait,NOUN,3,0,0
prosecution,NOUN,3,0,0
stand,NOUN,3,0,0
flit,VERB,3,0,0
usually,ADV,3,0,0
clew,NOUN,3,0,0
comb,VERB,3,0,0
whoever,PRON,3,1,0
subdue,VERB,3,0,0
deaf,NOUN,3,0,0
deaf,ADJ,3,0,0
conclude,VERB,3,0,0
Texas,PROPN,3,0,1
swag,NOUN,3,0,0
handful,NOUN,3,0,0
overhead,ADV,3,0,0
patch,NOUN,3,0,0
rot,VERB,3,0,0
keeper,NOUN,3,0,0
nip,VERB,3,0,0
maow,PROPN,3,0,1
weigh,VERB,3,0,0
trot,VERB,3,0,0
echo,VERB,3,0,0
shouting,NOUN,3,0,0
steep,ADJ,3,0,0
crevice,NOUN,3,0,0
labyrinth,NOUN,3,0,0
portion,NOUN,3,0,0
quarry,NOUN,3,0,0
horsewhip,VERB,3,0,0
hurry,NOUN,3,0,0
exciting,ADJ,3,0,0
description,NOUN,3,0,0
Tavern,PROPN,3,0,1
burglar,NOUN,3,0,0
suggest,VERB,3,0,0
depend,VERB,3,0,0
tourist,NOUN,3,0,0
hush,ADJ,3,0,0
address,NOUN,3,0,0
future,ADJ,3,0,0
stalagmite,NOUN,3,0,0
drip,NOUN,3,0,0
echo,NOUN,3,0,0
important,ADJ,3,0,0
petition,NOUN,3,0,0
explanation,NOUN,3,0,0
derivative,ADJ,3,0,0
LICENSE,PROPN,3,0,1
entity,NOUN,3,0,0
share,VERB,3,0,0
link,NOUN,3,0,0
additional,ADJ,3,0,0
expense,NOUN,3,0,0
user,NOUN,3,0,0
applicable,ADJ,3,0,0
donate,VERB,3,0,0
payment,NOUN,3,0,0
replacement,NOUN,3,0,0
defective,ADJ,3,0,0
equipment,NOUN,3,0,0
disclaimer,NOUN,3,0,0
limitation,NOUN,3,0,0
restriction,NOUN,2,0,0
whatsoever,ADV,2,0,0
re,VERB,2,1,0
online,NOUN,2,0,0
title,NOUN,2,0,0
author,NOUN,2,0,0
July,PROPN,2,0,1
ebook,NOUN,2,0,0
update,VERB,2,0,0
May,PROPN,2,1,1
David,PROPN,2,0,1
ebook,VERB,2,0,0
ADVENTURES,PROPN,2,0,1
COMPLETE,PROPN,2,0,1
adventures,NOUN,2,0,0
Duty,PROPN,2,0,1
innocent,NOUN,2,0,0
beguile,VERB,2,0,0
Dentistry,PROPN,2,0,1
Midnight,PROPN,2,0,1
cautious,ADJ,2,0,0
Happy,PROPN,2,0,1
Solemn,PROPN,2,0,1
Situation,PROPN,2,0,1
Grave,PROPN,2,0,1
The,PROPN,2,1,1
Fire,PROPN,2,0,1
Sensation,PROPN,2,0,1
Reports,PROPN,2,0,1
Day,PROPN,2,0,1
Night,PROPN,2,0,1
Indian,PROPN,2,0,1
Memories,PROPN,2,0,1
Secret,PROPN,2,0,1
XVIII,PROPN,2,0,1
investigate,VERB,2,0,0
jealous,ADJ,2,0,0
Truth,PROPN,2,0,1
Dilemma,PROPN,2,0,1
assert,VERB,2,0,0
Court,PROPN,2,0,1
Treasure,PROPN,2,0,1
Haunted,PROPN,2,0,1
aid,NOUN,2,0,0
Story,PROPN,2,0,1
Despair,PROPN,2,0,1
Expedition,PROPN,2,0,1
Escape,PROPN,2,0,1
Fate,PROPN,2,0,1
illustration,VERB,2,0,0
Business,PROPN,2,0,1
boyhood,NOUN,2,0,0
Mother,PROPN,2,0,1
Hopkins,PROPN,2,0,1
Master,PROPN,2,0,1
Prayer,PROPN,2,0,1
Pirate,PROPN,2,0,1
A,PROPN,2,1,1
irritation,NOUN,2,0,0
justify,VERB,2,0,0
Act,PROPN,2,0,1
Conference,PROPN,2,0,1
attack,VERB,2,0,0
Man,PROPN,2,0,1
PREFACE,PROPN,2,0,1
prevalent,ADJ,2,0,0
slave,NOUN,2,0,0
West,PROPN,2,0,1
pleasantly,ADV,2,0,0
adult,NOUN,2,0,0
queer,NOUN,2,0,0
stove,NOUN,2,0,0
lid,NOUN,2,0,0
loud,ADJ,2,0,0
furniture,NOUN,2,0,0
punch,VERB,2,0,0
beat,NOUN,2,0,0
angle,NOUN,2,0,0
flight,NOUN,2,0,0
hover,VERB,2,0,0
peril,NOUN,2,0,0
whirl,VERB,2,0,0
ai,INTJ,2,0,0
pear,NOUN,2,0,0
rod,NOUN,2,0,0
a,ADP,2,1,0
lash,VERB,2,0,0
scripture,NOUN,2,0,0
punish,VERB,2,0,0
Saturdays,PROPN,2,0,1
barely,ADV,2,0,0
split,VERB,2,0,0
damaging,ADJ,2,0,0
pet,ADJ,2,0,0
device,NOUN,2,0,0
move,NOUN,2,1,0
mine,PRON,2,1,0
Siddy,PROPN,2,0,1
model,NOUN,2,0,0
value,VERB,2,0,0
novelty,NOUN,2,0,0
diligence,NOUN,2,0,0
harmony,NOUN,2,0,0
astronomer,NOUN,2,0,0
whistle,NOUN,2,0,0
either,DET,2,1,0
necktie,NOUN,2,0,0
vital,NOUN,2,0,0
smarty,NOUN,2,0,0
suck,VERB,2,0,0
pup,NOUN,2,0,0
thrash,VERB,2,0,0
promptly,ADV,2,0,0
crowd,VERB,2,0,0
derision,NOUN,2,0,0
grip,VERB,2,0,0
fog,NOUN,2,0,0
fist,NOUN,2,0,0
Holler,PROPN,2,0,1
rage,NOUN,2,0,0
respond,VERB,2,0,0
jeer,NOUN,2,0,0
position,NOUN,2,0,0
decline,VERB,2,0,0
vicious,ADJ,2,0,0
vulgar,ADJ,2,0,0
low,VERB,2,0,0
Land,PROPN,2,0,1
sidewalk,NOUN,2,0,0
gladness,NOUN,2,0,0
topmost,ADJ,2,0,0
operation,NOUN,2,0,0
compare,VERB,2,0,0
streak,NOUN,2,0,0
continent,NOUN,2,0,0
ole,NOUN,2,0,0
tole,VERB,2,0,0
de,X,2,0,0
tar,NOUN,2,0,0
deed,VERB,2,0,0
whack,VERB,2,0,0
anyways,INTJ,2,0,0
absorbing,NOUN,2,0,0
tingle,VERB,2,0,0
energy,NOUN,2,0,0
toy,NOUN,2,0,0
exchange,NOUN,2,0,0
tranquilly,ADV,2,0,0
dong,ADJ,2,0,0
personate,VERB,2,0,0
steamboat,NOUN,2,0,0
slacken,VERB,2,0,0
pomp,NOUN,2,0,0
Big,PROPN,2,0,1
captain,NOUN,2,0,0
engine,NOUN,2,0,0
combine,VERB,2,0,0
hurricane,NOUN,2,0,0
deck,NOUN,2,0,0
straighten,VERB,2,0,0
ch,NOUN,2,0,0
wheel,NOUN,2,0,0
labboard,NOUN,2,0,0
ling,PROPN,2,0,1
lively,ADJ,2,0,0
range,VERB,2,0,0
water,VERB,2,0,0
druther,NOUN,2,0,0
whitewashing,NOUN,2,0,0
nibble,VERB,2,0,0
note,VERB,2,0,0
particular,NOUN,2,0,0
injun,NOUN,2,0,0
alacrity,NOUN,2,0,0
Billy,PROPN,2,0,1
poverty,NOUN,2,0,0
mention,VERB,2,0,0
cannon,NOUN,2,0,0
unlock,VERB,2,0,0
chalk,NOUN,2,0,0
comprehend,VERB,2,0,0
whatever,DET,2,1,0
play,NOUN,2,0,0
construct,VERB,2,0,0
amusement,NOUN,2,0,0
daily,ADJ,2,0,0
cost,VERB,2,0,0
report,VERB,2,0,0
rearward,NOUN,2,0,0
bee,NOUN,2,0,0
content,ADJ,2,0,0
per,ADP,2,1,0
elaborately,ADV,2,0,0
coat,VERB,2,0,0
astonishment,NOUN,2,0,0
compliment,NOUN,2,0,0
tan,VERB,2,0,0
choice,NOUN,2,0,0
value,NOUN,2,0,0
hook,VERB,2,0,0
clod,NOUN,2,0,0
rescue,NOUN,2,0,0
crowded,ADJ,2,0,0
cow,NOUN,2,0,0
safely,ADV,2,0,0
hasten,VERB,2,0,0
accord,VERB,2,0,0
previous,ADJ,2,0,0
homeward,ADV,2,0,0
lovely,ADJ,2,0,0
eyed,ADJ,2,0,0
plait,VERB,2,0,0
behind,ADV,2,1,0
distraction,NOUN,2,0,0
passion,NOUN,2,0,0
adoration,NOUN,2,0,0
behold,VERB,2,0,0
worship,VERB,2,0,0
absurd,ADJ,2,0,0
threshold,NOUN,2,0,0
shade,VERB,2,0,0
balance,VERB,2,0,0
nearer,NOUN,2,0,0
anatomy,NOUN,2,0,0
hypercritical,ADJ,2,0,0
meantime,ADV,2,0,0
reluctantly,ADV,2,0,0
vision,NOUN,2,0,0
scolding,NOUN,2,0,0
rap,VERB,2,0,0
sid,ADV,2,0,0
bowl,NOUN,2,0,0
wreck,NOUN,2,0,0
wrath,NOUN,2,0,0
palm,NOUN,2,0,0
belt,VERB,2,0,0
heal,VERB,2,0,0
reproach,VERB,2,0,0
loving,ADJ,2,0,0
confession,NOUN,2,0,0
discipline,NOUN,2,0,0
forbid,VERB,2,0,0
affair,NOUN,2,0,0
exalt,VERB,2,0,0
consciousness,NOUN,2,0,0
recognition,NOUN,2,0,0
wet,ADJ,2,0,0
wink,VERB,2,0,0
trickle,VERB,2,0,0
dance,VERB,2,0,0
sunshine,NOUN,2,0,0
haunt,NOUN,2,0,0
invite,VERB,2,0,0
wilt,VERB,2,0,0
mightily,ADV,2,0,0
pleasurable,ADJ,2,0,0
curtain,NOUN,2,0,0
thread,VERB,2,0,0
stealthy,ADJ,2,0,0
homeless,ADJ,2,0,0
rudely,ADV,2,0,0
blight,VERB,2,0,0
servant,NOUN,2,0,0
calm,NOUN,2,0,0
deluge,NOUN,2,0,0
strangle,VERB,2,0,0
snort,NOUN,2,0,0
mingle,VERB,2,0,0
curse,NOUN,2,0,0
shiver,VERB,2,0,0
tallow,NOUN,2,0,0
tranquil,NOUN,2,0,0
beam,VERB,2,0,0
benediction,NOUN,2,0,0
quotation,NOUN,2,0,0
originality,NOUN,2,0,0
grim,ADJ,2,0,0
recreation,NOUN,2,0,0
S,PROPN,2,0,1
H,PROPN,2,0,1
head,VERB,2,0,0
tease,VERB,2,0,0
pressure,NOUN,2,0,0
system,NOUN,2,0,0
sure,ADV,2,0,0
weapon,NOUN,2,0,0
injury,NOUN,2,0,0
contrive,VERB,2,0,0
soap,NOUN,2,0,0
backward,ADJ,2,0,0
color,NOUN,2,0,0
neatly,ADV,2,0,0
smooth,VERB,2,0,0
size,NOUN,2,0,0
wardrobe,NOUN,2,0,0
neat,ADJ,2,0,0
exceedingly,ADV,2,0,0
thoroughly,ADV,2,0,0
fond,ADJ,2,0,0
accost,VERB,2,0,0
noisy,ADJ,2,0,0
quarrel,NOUN,2,0,0
elderly,ADJ,2,0,0
troublesome,ADJ,2,0,0
prompt,VERB,2,0,0
worry,VERB,2,0,0
equal,VERB,2,0,0
industry,NOUN,2,0,0
application,NOUN,2,0,0
german,ADJ,2,0,0
successful,ADJ,2,0,0
unquestionably,ADV,2,0,0
long,VERB,2,0,0
refer,VERB,2,0,0
standing,NOUN,2,0,0
straight,ADJ,2,0,0
fringe,VERB,2,0,0
boot,NOUN,2,0,0
intonation,NOUN,2,0,0
pretty,ADJ,2,0,0
vary,VERB,2,0,0
occasion,VERB,2,0,0
entrance,NOUN,2,0,0
lawyer,PROPN,2,0,1
dignified,ADJ,2,0,0
bliss,NOUN,2,0,0
cuff,VERB,2,0,0
humiliation,NOUN,2,0,0
record,NOUN,2,0,0
prodigious,ADJ,2,0,0
creation,NOUN,2,0,0
Constantinople,PROPN,2,0,1
target,NOUN,2,0,0
delight,VERB,2,0,0
display,NOUN,2,0,0
frequently,ADV,2,0,0
judicial,ADJ,2,0,0
warm,VERB,2,0,0
thunderbolt,NOUN,2,0,0
check,NOUN,2,0,0
elect,NOUN,2,0,0
stunning,ADJ,2,0,0
contribute,VERB,2,0,0
lack,VERB,2,0,0
gush,NOUN,2,0,0
teach,VERB,2,0,0
premise,NOUN,2,0,0
capacity,NOUN,2,0,0
stammer,VERB,2,0,0
encourage,VERB,2,0,0
disciple,NOUN,2,0,0
button,NOUN,2,0,0
blush,VERB,2,0,0
charity,NOUN,2,0,0
V,PROPN,2,0,1
mansion,NOUN,2,0,0
palace,NOUN,2,0,0
festivity,NOUN,2,0,0
bent,ADJ,2,0,0
lawn,NOUN,2,0,0
clerk,NOUN,2,0,0
straggler,NOUN,2,0,0
titter,VERB,2,0,0
whilst,SCONJ,2,0,0
helplessly,ADV,2,0,0
list,NOUN,2,0,0
America,PROPN,2,0,1
State,PROPN,2,0,1
officer,NOUN,2,0,0
withal,NOUN,2,0,0
favor,NOUN,2,0,0
amen,INTJ,2,0,0
dress,NOUN,2,0,0
relate,VERB,2,0,0
clergyman,NOUN,2,0,0
calmly,ADV,2,0,0
rub,VERB,2,0,0
vigorously,ADV,2,0,0
slender,ADJ,2,0,0
scrap,VERB,2,0,0
hind,NOUN,2,0,0
closing,NOUN,2,0,0
monotonously,ADV,2,0,0
many,DET,2,1,0
thin,VERB,2,0,0
discourse,NOUN,2,0,0
lion,NOUN,2,0,0
lamb,NOUN,2,0,0
moral,ADJ,2,0,0
nation,NOUN,2,0,0
lapse,VERB,2,0,0
helpless,ADJ,2,0,0
sermon,PROPN,2,0,1
wag,VERB,2,0,0
snatch,NOUN,2,0,0
paw,NOUN,2,0,0
minded,ADJ,2,0,0
yelp,NOUN,2,0,0
fan,NOUN,2,0,0
resentment,NOUN,2,0,0
fore,NOUN,2,0,0
flap,VERB,2,0,0
anguish,NOUN,2,0,0
progress,NOUN,2,0,0
impressiveness,NOUN,2,0,0
sentiment,NOUN,2,0,0
constantly,ADV,2,0,0
remote,ADJ,2,0,0
genuine,ADJ,2,0,0
going,NOUN,2,0,0
fetter,NOUN,2,0,0
thinking,NOUN,2,0,0
symptom,NOUN,2,0,0
reserve,NOUN,2,0,0
present,NOUN,2,0,0
exertion,NOUN,2,0,0
succession,NOUN,2,0,0
admirable,ADJ,2,0,0
aggravate,VERB,2,0,0
anxiously,ADV,2,0,0
Groan,PROPN,2,0,1
handsomely,ADV,2,0,0
bedside,NOUN,2,0,0
mortify,VERB,2,0,0
restore,VERB,2,0,0
silk,NOUN,2,0,0
bedpost,NOUN,2,0,0
enable,VERB,2,0,0
following,NOUN,2,0,0
centre,NOUN,2,0,0
sour,ADJ,2,0,0
grape,NOUN,2,0,0
dismantled,ADJ,2,0,0
juvenile,ADJ,2,0,0
strict,ADJ,2,0,0
rearward,ADJ,2,0,0
wet,NOUN,2,0,0
obey,VERB,2,0,0
fall,NOUN,2,0,0
wonderfully,ADV,2,0,0
hail,VERB,2,0,0
hoop,NOUN,2,0,0
cure,NOUN,2,0,0
dern,NOUN,2,0,0
leastway,NOUN,2,0,0
least,ADV,2,1,0
swaller,NOUN,2,0,0
bust,VERB,2,0,0
becuz,ADP,2,0,0
drawing,NOUN,2,0,0
dodge,VERB,2,0,0
drunk,NOUN,2,0,0
specially,ADV,2,0,0
mumble,VERB,2,0,0
likely,ADV,2,0,0
unroll,VERB,2,0,0
enclose,VERB,2,0,0
frame,NOUN,2,0,0
briskly,ADV,2,0,0
throne,VERB,2,0,0
doze,VERB,2,0,0
hum,NOUN,2,0,0
buzz,NOUN,2,0,0
ferule,NOUN,2,0,0
stock,NOUN,2,0,0
diminish,VERB,2,0,0
warning,NOUN,2,0,0
ripple,VERB,2,0,0
abash,VERB,2,0,0
unknown,ADJ,2,0,0
fortune,NOUN,2,0,0
nudge,NOUN,2,0,0
manifest,VERB,2,0,0
chimney,NOUN,2,0,0
ensue,VERB,2,0,0
earnest,NOUN,2,0,0
quiet,VERB,2,0,0
reading,NOUN,2,0,0
geography,NOUN,2,0,0
lake,NOUN,2,0,0
stirring,NOUN,2,0,0
soothe,VERB,2,0,0
veil,NOUN,2,0,0
tint,VERB,2,0,0
living,NOUN,2,0,0
visible,ADJ,2,0,0
release,VERB,2,0,0
assist,VERB,2,0,0
exercise,VERB,2,0,0
base,NOUN,2,0,0
abide,VERB,2,0,0
excited,ADJ,2,0,0
agreeable,ADJ,2,0,0
slather,NOUN,2,0,0
morrow,NOUN,2,0,0
timidly,ADV,2,0,0
kiss,NOUN,2,0,0
submit,VERB,2,0,0
advance,NOUN,2,0,0
sobbing,NOUN,2,0,0
chief,ADJ,2,0,0
intently,ADV,2,0,0
moody,ADJ,2,0,0
pursuit,NOUN,2,0,0
occasional,ADJ,2,0,0
hammering,NOUN,2,0,0
pervade,VERB,2,0,0
accord,NOUN,2,0,0
surrounding,NOUN,2,0,0
slumber,NOUN,2,0,0
compress,VERB,2,0,0
mysteriously,ADV,2,0,0
tight,NOUN,2,0,0
worn,ADJ,2,0,0
hunt,NOUN,2,0,0
chief,NOUN,2,0,0
bristle,VERB,2,0,0
hideous,ADJ,2,0,0
sear,VERB,2,0,0
eyeball,NOUN,2,0,0
unappeasable,ADJ,2,0,0
Spirit,PROPN,2,0,1
flag,NOUN,2,0,0
brown,ADJ,2,0,0
wave,VERB,2,0,0
skull,NOUN,2,0,0
disclose,VERB,2,0,0
boundless,ADJ,2,0,0
cogitate,VERB,2,0,0
fortnight,NOUN,2,0,0
matter,ADV,2,0,0
actually,ADV,2,0,0
satisfy,VERB,2,0,0
shape,VERB,2,0,0
contend,VERB,2,0,0
repetition,NOUN,2,0,0
trumpet,NOUN,2,0,0
rake,VERB,2,0,0
rude,ADJ,2,0,0
lath,ADJ,2,0,0
merry,ADJ,2,0,0
Sherwood,PROPN,2,0,1
Forest,PROPN,2,0,1
Guy,PROPN,2,0,1
Guisborne,PROPN,2,0,1
thy,PRON,2,0,0
famous,ADJ,2,0,0
dump,VERB,2,0,0
trap,NOUN,2,0,0
attitude,NOUN,2,0,0
hang,NOUN,2,0,0
staff,NOUN,2,0,0
neglect,VERB,2,0,0
wound,NOUN,2,0,0
tribe,NOUN,2,0,0
weeping,NOUN,2,0,0
loss,NOUN,2,0,0
past,ADJ,2,0,0
strike,NOUN,2,0,0
measured,ADJ,2,0,0
ghastly,ADV,2,0,0
eternity,NOUN,2,0,0
devil,VERB,2,0,0
ell,NOUN,2,0,0
fashioned,ADJ,2,0,0
graf,NOUN,2,0,0
stagger,VERB,2,0,0
bunch,NOUN,2,0,0
hooting,NOUN,2,0,0
oppressive,ADJ,2,0,0
sperrit,NOUN,2,0,0
yer,NOUN,2,0,0
clung,NOUN,2,0,0
breathe,VERB,2,0,0
human,NOUN,2,0,0
Drunk,PROPN,2,0,1
hot,ADV,2,0,0
Doctor,PROPN,2,0,1
Robinson,PROPN,2,0,1
grating,NOUN,2,0,0
woody,NOUN,2,0,0
pry,VERB,2,0,0
cuss,VERB,2,0,0
jail,VERB,2,0,0
pard,NOUN,2,0,0
headboard,NOUN,2,0,0
frightened,ADJ,2,0,0
gasp,NOUN,2,0,0
fatal,ADJ,2,0,0
sober,ADJ,2,0,0
promising,ADJ,2,0,0
weepon,NOUN,2,0,0
appeal,VERB,2,0,0
square,ADJ,2,0,0
blubber,VERB,2,0,0
fuddle,VERB,2,0,0
X,PROPN,2,0,1
goal,NOUN,2,0,0
exhausted,ADJ,2,0,0
taint,NOUN,2,0,0
keel,NOUN,2,0,0
up,NOUN,2,1,0
facility,NOUN,2,0,0
see,NOUN,2,1,0
lock,VERB,2,0,0
lugubrious,ADJ,2,0,0
peep,NOUN,2,0,0
lordy,NOUN,2,0,0
name,VERB,2,1,0
howl,VERB,2,0,0
stray,ADJ,2,0,0
consound,VERB,2,0,0
pie,NOUN,2,0,0
jingo,NOUN,2,0,0
hog,NOUN,2,0,0
grunt,VERB,2,0,0
snoring,NOUN,2,0,0
bout,NOUN,2,0,0
bleeve,VERB,2,0,0
understanding,NOUN,2,0,0
parting,NOUN,2,0,0
Gracie,PROPN,2,0,1
chill,NOUN,2,0,0
flog,VERB,2,0,0
whipping,NOUN,2,0,0
forgiveness,NOUN,2,0,0
revengeful,ADJ,2,0,0
stare,NOUN,2,0,0
need,NOUN,2,0,0
especially,ADV,2,0,0
habit,NOUN,2,0,0
verdict,NOUN,2,0,0
road,NOUN,2,0,0
confident,ADJ,2,0,0
mutual,ADJ,2,0,0
grisly,ADV,2,0,0
heel,VERB,2,0,0
Hallo,PROPN,2,0,1
haggard,ADJ,2,0,0
hopelessness,NOUN,2,0,0
ease,VERB,2,0,0
t,NOUN,2,0,0
nerveless,ADJ,2,0,0
gesture,NOUN,2,0,0
delay,VERB,2,0,0
Satan,PROPN,2,0,1
confirm,VERB,2,0,0
disappoint,VERB,2,0,0
remark,VERB,2,0,0
gravely,ADV,2,0,0
spill,VERB,2,0,0
coffee,NOUN,2,0,0
toothache,NOUN,2,0,0
disjoint,VERB,2,0,0
muttering,NOUN,2,0,0
marked,ADJ,2,0,0
den,NOUN,2,0,0
greatly,ADV,2,0,0
robbery,NOUN,2,0,0
interest,VERB,2,0,0
whistle,VERB,2,0,0
remedy,NOUN,2,0,0
new,ADV,2,0,0
fangle,VERB,2,0,0
inveterate,NOUN,2,0,0
ail,VERB,2,0,0
periodical,NOUN,2,0,0
nostril,NOUN,2,0,0
quack,ADJ,2,0,0
healing,NOUN,2,0,0
windfall,NOUN,2,0,0
shed,NOUN,2,0,0
stain,NOUN,2,0,0
notwithstanding,ADP,2,0,0
bath,NOUN,2,0,0
taste,VERB,2,0,0
sitting,ADJ,2,0,0
prance,VERB,2,0,0
frenzy,NOUN,2,0,0
enjoyment,NOUN,2,0,0
proclaim,VERB,2,0,0
destruction,NOUN,2,0,0
astonishment,PROPN,2,0,1
peer,VERB,2,0,0
expire,VERB,2,0,0
is,ADV,2,1,0
remorse,NOUN,2,0,0
cruelty,ADJ,2,0,0
schoolyard,NOUN,2,0,0
sorrowfully,ADV,2,0,0
bait,NOUN,2,0,0
dump,NOUN,2,0,0
laughing,NOUN,2,0,0
conceive,VERB,2,0,0
whoop,VERB,2,0,0
crush,VERB,2,0,0
friendless,NOUN,2,0,0
Meadow,PROPN,2,0,1
Lane,PROPN,2,0,1
roam,VERB,2,0,0
separate,ADJ,2,0,0
river,PROPN,2,0,1
favorite,ADJ,2,0,0
boil,VERB,2,0,0
handed,ADJ,2,0,0
hoarse,ADJ,2,0,0
brooding,NOUN,2,0,0
extent,NOUN,2,0,0
quantity,NOUN,2,0,0
Spanish,PROPN,2,0,1
excuse,NOUN,2,0,0
oar,NOUN,2,0,0
fold,VERB,2,0,0
Steady,PROPN,2,0,1
peacefully,ADV,2,0,0
sombre,ADJ,2,0,0
cook,VERB,2,0,0
pan,NOUN,2,0,0
pone,NOUN,2,0,0
sackcloth,NOUN,2,0,0
disgrace,NOUN,2,0,0
employ,VERB,2,0,0
fit,VERB,2,0,0
enthusiasm,NOUN,2,0,0
scan,VERB,2,0,0
drowsiness,NOUN,2,0,0
verge,NOUN,2,0,0
meat,NOUN,2,0,0
torture,NOUN,2,0,0
argue,VERB,2,0,0
sweetmeat,NOUN,2,0,0
stubborn,ADJ,2,0,0
stealing,NOUN,2,0,0
grant,VERB,2,0,0
unfold,VERB,2,0,0
dewy,NOUN,2,0,0
painful,ADJ,2,0,0
lug,VERB,2,0,0
height,NOUN,2,0,0
blade,NOUN,2,0,0
conflagration,NOUN,2,0,0
imitation,NOUN,2,0,0
flame,NOUN,2,0,0
twig,NOUN,2,0,0
inspect,VERB,2,0,0
chatter,NOUN,2,0,0
pierce,VERB,2,0,0
waste,NOUN,2,0,0
rise,NOUN,2,0,0
fry,VERB,2,0,0
channel,NOUN,2,0,0
undefined,ADJ,2,0,0
dim,NOUN,2,0,0
ashamed,ADJ,2,0,0
weakness,NOUN,2,0,0
assume,VERB,2,0,0
sullen,ADJ,2,0,0
boom,NOUN,2,0,0
awed,ADJ,2,0,0
steam,NOUN,2,0,0
expand,VERB,2,0,0
listener,NOUN,2,0,0
funny,ADJ,2,0,0
shed,VERB,2,0,0
unavaile,VERB,2,0,0
regret,NOUN,2,0,0
dazzle,VERB,2,0,0
notoriety,NOUN,2,0,0
unhappy,ADJ,2,0,0
feeler,NOUN,2,0,0
hearte,VERB,2,0,0
sickness,NOUN,2,0,0
crystal,NOUN,2,0,0
hearing,NOUN,2,0,0
keen,ADJ,2,0,0
shoal,NOUN,2,0,0
Illinois,PROPN,2,0,1
quarter,VERB,2,0,0
stern,NOUN,2,0,0
trip,NOUN,2,0,0
dusk,NOUN,2,0,0
scarum,NOUN,2,0,0
colt,NOUN,2,0,0
firecracker,NOUN,2,0,0
hug,VERB,2,0,0
odd,NOUN,2,0,0
otherwise,ADV,2,1,0
goodnight,NOUN,2,0,0
impulse,ADJ,2,0,0
measureless,ADJ,2,0,0
trembling,NOUN,2,0,0
ejaculation,NOUN,2,0,0
watchman,NOUN,2,0,0
dramatic,ADJ,2,0,0
grandly,ADV,2,0,0
vain,ADJ,2,0,0
sixty,NUM,2,1,0
stoop,VERB,2,0,0
spray,NOUN,2,0,0
under,ADV,2,1,0
tangle,NOUN,2,0,0
color,VERB,2,0,0
ring,NOUN,2,0,0
kick,VERB,2,0,0
rattle,NOUN,2,0,0
BECKY,PROPN,2,0,1
surface,NOUN,2,0,0
cheerfulness,NOUN,2,0,0
seduction,NOUN,2,0,0
crybaby,NOUN,2,0,0
e,NOUN,2,0,0
moodily,ADV,2,0,0
discomforte,VERB,2,0,0
ominous,ADJ,2,0,0
hendere,VERB,2,0,0
yell,VERB,2,0,0
warwhoop,NOUN,2,0,0
plausible,ADJ,2,0,0
puff,VERB,2,0,0
fountain,NOUN,2,0,0
bail,VERB,2,0,0
prevent,VERB,2,0,0
quivering,NOUN,2,0,0
inform,VERB,2,0,0
breathless,NOUN,2,0,0
intent,ADJ,2,0,0
blackness,NOUN,2,0,0
moan,NOUN,2,0,0
fleeting,ADJ,2,0,0
weird,ADJ,2,0,0
rustle,VERB,2,0,0
treetops,NOUN,2,0,0
blinding,NOUN,2,0,0
deafen,VERB,2,0,0
tempest,NOUN,2,0,0
higher,ADV,2,0,0
wing,VERB,2,0,0
ceaseless,NOUN,2,0,0
glimpse,VERB,2,0,0
growth,NOUN,2,0,0
catastrophe,NOUN,2,0,0
soak,VERB,2,0,0
glorify,VERB,2,0,0
scorch,VERB,2,0,0
cheer,VERB,2,0,0
attract,VERB,2,0,0
hostile,ADJ,2,0,0
hospitality,NOUN,2,0,0
mourning,NOUN,2,0,0
unusual,ADJ,2,0,0
ordinarily,ADV,2,0,0
soliloquize,VERB,2,0,0
pal,VERB,2,0,0
speaker,NOUN,2,0,0
exact,ADJ,2,0,0
importance,NOUN,2,0,0
tolerably,ADV,2,0,0
manifest,ADJ,2,0,0
loiter,VERB,2,0,0
recall,VERB,2,0,0
mourner,NOUN,2,0,0
persistently,ADV,2,0,0
preacher,NOUN,2,0,0
sheepishly,ADV,2,0,0
praise,VERB,2,0,0
Hundred,PROPN,2,1,1
troop,VERB,2,0,0
scheme,NOUN,2,0,0
amount,NOUN,2,1,0
spoil,VERB,2,0,0
rush,NOUN,2,0,0
rubbage,NOUN,2,0,0
somewhere,NOUN,2,0,0
guilty,ADJ,2,0,0
kind,ADJ,2,0,0
merciful,ADJ,2,0,0
yourself,NOUN,2,1,0
flinder,NOUN,2,0,0
Susy,PROPN,2,0,1
invitation,NOUN,2,0,0
vindictive,ADJ,2,0,0
shake,NOUN,2,0,0
grate,VERB,2,0,0
Louis,PROPN,2,0,1
footstep,NOUN,2,0,0
damage,VERB,2,0,0
aspect,NOUN,2,0,0
reasonable,ADJ,2,0,0
fortify,VERB,2,0,0
million,NUM,2,0,0
thank,VERB,2,0,0
encounter,VERB,2,0,0
injure,VERB,2,0,0
theory,NOUN,2,0,0
Professor,PROPN,2,0,1
stamp,VERB,2,0,0
explosion,NOUN,2,0,0
proceeding,NOUN,2,0,0
undecided,ADJ,2,0,0
movement,NOUN,2,0,0
paralyze,VERB,2,0,0
intense,ADJ,2,0,0
foot,VERB,2,0,0
perplexity,NOUN,2,0,0
incredible,ADJ,2,0,0
administer,VERB,2,0,0
vengeance,NOUN,2,0,0
eighteen,NUM,2,0,0
wig,NOUN,2,0,0
bald,ADJ,2,0,0
board,VERB,2,0,0
blackboard,NOUN,2,0,0
left,NOUN,2,0,0
spacious,ADJ,2,0,0
conspicuously,ADV,2,0,0
grandmother,NOUN,2,0,0
ancient,ADJ,2,0,0
cruelly,ADV,2,0,0
compassion,NOUN,2,0,0
prime,ADJ,2,0,0
manuscript,NOUN,2,0,0
expression,NOUN,2,0,0
religion,NOUN,2,0,0
crippled,ADJ,2,0,0
religious,ADJ,2,0,0
relentlessly,ADV,2,0,0
entitle,VERB,2,0,0
delightful,ADJ,2,0,0
amid,ADP,2,0,0
throng,NOUN,2,0,0
robe,NOUN,2,0,0
maze,NOUN,2,0,0
fairy,NOUN,2,0,0
gratification,NOUN,2,0,0
peculiarly,ADV,2,0,0
arise,VERB,2,0,0
poem,NOUN,2,0,0
Alabama,PROPN,2,0,1
throng,VERB,2,0,0
tearful,ADJ,2,0,0
mine,ADJ,2,1,0
terrific,ADJ,2,0,0
cloudy,ADJ,2,0,0
mystic,ADJ,2,0,0
beauty,NOUN,2,0,0
glide,VERB,2,0,0
wind,VERB,2,0,0
fondle,VERB,2,0,0
garret,NOUN,2,0,0
scuttle,NOUN,2,0,0
suspend,VERB,2,0,0
claw,VERB,2,0,0
clung,ADJ,2,0,0
alteration,NOUN,2,0,0
cadet,NOUN,2,0,0
Fourth,PROPN,2,0,1
shackle,NOUN,2,0,0
concerned,ADJ,2,0,0
relapse,NOUN,2,0,0
heavily,ADV,2,0,0
rain,VERB,2,0,0
overwhelming,ADJ,2,0,0
measle,NOUN,2,0,0
depressing,ADJ,2,0,0
basket,NOUN,2,0,0
forlorn,ADJ,2,0,0
listlessly,ADV,2,0,0
topic,NOUN,2,0,0
persuade,VERB,2,0,0
moreover,ADV,2,1,0
constant,ADJ,2,0,0
ketch,VERB,2,0,0
captive,ADJ,2,0,0
befriend,VERB,2,0,0
right,INTJ,2,0,0
west,NOUN,2,0,0
toil,NOUN,2,0,0
jury,NOUN,2,0,0
pack,VERB,2,0,0
counsel,NOUN,2,0,0
reply,VERB,2,0,0
question,VERB,2,0,0
attorney,NOUN,2,0,0
client,NOUN,2,0,0
cross,ADJ,2,0,0
defence,NOUN,2,0,0
influence,NOUN,2,0,0
hid,ADJ,2,0,0
hesitate,VERB,2,0,0
ripple,NOUN,2,0,0
lightne,VERB,2,0,0
halfbreed,NOUN,2,0,0
print,NOUN,2,0,0
wretchedness,NOUN,2,0,0
secrecy,NOUN,2,0,0
wring,VERB,2,0,0
seal,VERB,2,0,0
detective,NOUN,2,0,0
craft,NOUN,2,0,0
apprehension,NOUN,2,0,0
hidden,ADJ,2,0,0
twa,VERB,2,0,0
apiece,ADV,2,0,0
Richard,PROPN,2,0,1
panting,ADJ,2,0,0
drum,NOUN,2,0,0
toil,VERB,2,0,0
deep,ADV,2,0,0
tradition,NOUN,2,0,0
pace,NOUN,2,0,0
a,ADV,2,1,0
slide,VERB,2,0,0
flicker,VERB,2,0,0
cave,VERB,2,0,0
past,ADP,2,0,0
homeward,NOUN,2,0,0
onto,ADP,2,1,0
ai,NOUN,2,0,0
yew,NOUN,2,0,0
dime,NOUN,2,0,0
hunting,NOUN,2,0,0
fireplace,NOUN,2,0,0
familiarity,NOUN,2,0,0
modify,VERB,2,0,0
critical,ADJ,2,0,0
budge,VERB,2,0,0
unkempt,ADJ,2,0,0
wrap,VERB,2,0,0
whisker,NOUN,2,0,0
thoughtful,ADJ,2,0,0
watcher,NOUN,2,0,0
urge,VERB,2,0,0
bowie,NOUN,2,0,0
uncertainty,NOUN,2,0,0
Number,PROPN,2,0,1
forsook,VERB,2,0,0
economize,VERB,2,0,0
vastly,ADV,2,0,0
faint,VERB,2,0,0
curiously,ADV,2,0,0
mass,NOUN,2,0,0
exist,VERB,2,0,0
shaky,ADJ,2,0,0
entertain,VERB,2,0,0
foller,VERB,2,0,0
thereabout,NOUN,2,0,0
perfect,ADJ,2,0,0
surely,ADV,2,0,0
locked,ADJ,2,0,0
wheat,NOUN,2,0,0
folk,NOUN,2,0,0
eventually,ADV,2,0,0
reason,VERB,2,0,0
swarm,VERB,2,0,0
appetite,NOUN,2,0,0
limestone,NOUN,2,0,0
dimly,ADV,2,0,0
branch,VERB,2,0,0
rift,NOUN,2,0,0
chasm,NOUN,2,0,0
smear,VERB,2,0,0
wharf,NOUN,2,0,0
security,NOUN,2,0,0
shorten,VERB,2,0,0
venture,NOUN,2,0,0
husband,NOUN,2,0,0
slit,VERB,2,0,0
notch,VERB,2,0,0
George,PROPN,2,0,1
tiptoe,NOUN,2,0,0
apply,VERB,2,0,0
unlocked,ADJ,2,0,0
lad,ADJ,2,0,0
downtown,NOUN,2,0,0
follere,VERB,2,0,0
jade,VERB,2,0,0
Goodmorning,PROPN,2,0,1
encouragement,NOUN,2,0,0
delirious,ADJ,2,0,0
rocky,ADJ,2,0,0
stupor,NOUN,2,0,0
Aladdin,PROPN,2,0,1
slow,ADV,2,0,0
quest,NOUN,2,0,0
stalactite,NOUN,2,0,0
mix,VERB,2,0,0
cheerily,ADV,2,0,0
random,ADJ,2,0,0
horrid,ADJ,2,0,0
fatigue,NOUN,2,0,0
wedding,NOUN,2,0,0
famished,ADJ,2,0,0
conveniently,ADV,2,0,0
propose,VERB,2,0,0
implore,VERB,2,0,0
fret,VERB,2,0,0
hack,VERB,2,0,0
useless,ADJ,2,0,0
scoop,VERB,2,0,0
governor,NOUN,2,0,0
pardon,NOUN,2,0,0
largely,ADV,2,0,0
clump,NOUN,2,0,0
snug,ADJ,2,0,0
bother,NOUN,2,0,0
ransom,NOUN,2,0,0
polite,ADJ,2,0,0
near,ADJ,2,0,0
snake,VERB,2,0,0
sack,NOUN,2,0,0
metal,NOUN,2,0,0
thank,NOUN,2,0,0
slope,VERB,2,0,0
rip,VERB,2,0,0
worry,NOUN,2,0,0
initiation,NOUN,2,0,0
Use,PROPN,2,0,1
concept,NOUN,2,0,0
registered,ADJ,2,0,0
research,NOUN,2,0,0
print,VERB,2,0,0
redistribution,NOUN,2,0,0
promote,VERB,2,0,0
available,ADJ,2,0,0
indicate,VERB,2,0,0
intellectual,ADJ,2,0,0
domain,NOUN,2,0,0
base,VERB,2,0,0
active,ADJ,2,0,0
prominently,ADV,2,0,0
derive,VERB,2,0,0
redistribute,VERB,2,0,0
Vanilla,PROPN,2,0,1
ASCII,PROPN,2,0,1
specify,VERB,2,0,0
Section,PROPN,2,0,1
receipt,NOUN,2,0,0
physical,ADJ,2,0,0
accordance,NOUN,2,0,0
employee,NOUN,2,0,0
liability,NOUN,2,0,0
legal,ADJ,2,0,0
refund,VERB,2,0,0
lieu,NOUN,2,0,0
electronically,ADV,2,0,0
readable,ADJ,2,0,0
exempt,ADJ,2,0,0
federal,ADJ,2,0,0
contribution,NOUN,2,0,0
email,NOUN,2,0,0
solicit,VERB,2,0,0
Complete,PROPN,1,0,1
Mark,PROPN,1,0,1
Twain,PROPN,1,0,1
Release,PROPN,1,0,1
recently,ADV,1,0,0
Widger,PROPN,1,0,1
MARK,PROPN,1,0,1
TWAIN,PROPN,1,0,1
Samuel,PROPN,1,0,1
Langhorne,PROPN,1,0,1
Clemens,PROPN,1,0,1
Practices,PROPN,1,0,1
Music,PROPN,1,0,1
challenge,NOUN,1,0,0
Entrance,PROPN,1,0,1
Strong,PROPN,1,0,1
Temptations,PROPN,1,0,1
strategic,ADJ,1,0,0
Movements,PROPN,1,0,1
Triumph,PROPN,1,0,1
Reward,PROPN,1,0,1
Dismal,PROPN,1,0,1
Felicity,PROPN,1,0,1
Commission,PROPN,1,0,1
Omission,PROPN,1,0,1
Mental,PROPN,1,0,1
Acrobatics,PROPN,1,0,1
lionized,ADJ,1,0,0
useful,ADJ,1,0,0
Minister,PROPN,1,0,1
Climax,PROPN,1,0,1
Self,PROPN,1,0,1
Charm,PROPN,1,0,1
Witches,PROPN,1,0,1
approach,NOUN,1,0,0
Hours,PROPN,1,0,1
Treaty,PROPN,1,0,1
Into,PROPN,1,1,1
Early,PROPN,1,0,1
Lessons,PROPN,1,0,1
Mistake,PROPN,1,0,1
Scenes,PROPN,1,0,1
re,ADJ,1,1,0
enact,VERB,1,0,0
Oath,PROPN,1,0,1
Brings,PROPN,1,0,1
Repentance,PROPN,1,0,1
Conscience,PROPN,1,0,1
Work,PROPN,1,0,1
generosity,NOUN,1,0,0
Rendezvous,PROPN,1,0,1
Talk,PROPN,1,0,1
Steals,PROPN,1,0,1
Reconnoiters,PROPN,1,0,1
Learns,PROPN,1,0,1
Amusements,PROPN,1,0,1
Lesson,PROPN,1,0,1
War,PROPN,1,0,1
Lost,PROPN,1,0,1
Heroes,PROPN,1,0,1
Feelings,PROPN,1,0,1
Overshadowed,PROPN,1,0,1
Revenge,PROPN,1,0,1
Nobility,PROPN,1,0,1
Youthful,PROPN,1,0,1
Eloquence,PROPN,1,0,1
Compositions,PROPN,1,0,1
Ladies,PROPN,1,0,1
lengthy,ADJ,1,0,0
Vision,PROPN,1,0,1
Vengeance,PROPN,1,0,1
Satisfied,PROPN,1,0,1
Confidence,PROPN,1,0,1
Signal,PROPN,1,0,1
Punishment,PROPN,1,0,1
Friends,PROPN,1,0,1
Saved,PROPN,1,0,1
Village,PROPN,1,0,1
Splendor,PROPN,1,0,1
Nights,PROPN,1,0,1
Horror,PROPN,1,0,1
Pursuit,PROPN,1,0,1
Diamonds,PROPN,1,0,1
People,PROPN,1,0,1
Ghosts,PROPN,1,0,1
Sleepy,PROPN,1,0,1
Box,PROPN,1,0,1
Gold,PROPN,1,0,1
Bitter,PROPN,1,0,1
Luck,PROPN,1,0,1
Detectives,PROPN,1,0,1
Attempt,PROPN,1,0,1
Mounts,PROPN,1,0,1
Guard,PROPN,1,0,1
pic,NOUN,1,0,0
nic,ADJ,1,0,0
Track,PROPN,1,0,1
Job,PROPN,1,0,1
Circulated,PROPN,1,0,1
Hope,PROPN,1,0,1
Giving,PROPN,1,0,1
Way,PROPN,1,0,1
Exploring,PROPN,1,0,1
Trouble,PROPN,1,0,1
Commences,PROPN,1,0,1
Total,PROPN,1,0,1
Darkness,PROPN,1,0,1
Enemy,PROPN,1,0,1
Safe,PROPN,1,0,1
Quarters,PROPN,1,0,1
Compare,PROPN,1,0,1
Notes,PROPN,1,0,1
Protection,PROPN,1,0,1
Against,PROPN,1,1,1
Awful,PROPN,1,0,1
Snug,PROPN,1,0,1
Reception,PROPN,1,0,1
Order,PROPN,1,0,1
Afraid,PROPN,1,0,1
Late,PROPN,1,0,1
tendin,NOUN,1,0,0
Ai,PROPN,1,0,1
Cat,PROPN,1,0,1
Toys,PROPN,1,0,1
Amusement,PROPN,1,0,1
Off,PROPN,1,1,1
amiss,ADJ,1,0,0
Contemplating,PROPN,1,0,1
Dampened,PROPN,1,0,1
Ardor,PROPN,1,0,1
Youth,PROPN,1,0,1
Necessities,PROPN,1,0,1
Choir,PROPN,1,0,1
Side,PROPN,1,1,1
Pinch,PROPN,1,0,1
Truthfulness,PROPN,1,0,1
Artist,PROPN,1,0,1
Interrupted,PROPN,1,0,1
Courtship,PROPN,1,0,1
Vain,PROPN,1,0,1
Pleading,PROPN,1,0,1
Woods,PROPN,1,0,1
Meditates,PROPN,1,0,1
Foe,PROPN,1,0,1
Death,PROPN,1,0,1
Mode,PROPN,1,0,1
Egress,PROPN,1,0,1
Outwitted,PROPN,1,0,1
Graveyard,PROPN,1,0,1
Forewarnings,PROPN,1,0,1
Sleep,PROPN,1,0,1
Suspicious,PROPN,1,0,1
Incident,PROPN,1,0,1
Coils,PROPN,1,0,1
Time,PROPN,1,0,1
demoralize,VERB,1,0,0
Board,PROPN,1,0,1
First,PROPN,1,1,1
Ashore,PROPN,1,0,1
Wild,PROPN,1,0,1
Bath,PROPN,1,0,1
Pleasant,PROPN,1,0,1
Stroll,PROPN,1,0,1
Search,PROPN,1,0,1
Mysterious,PROPN,1,0,1
Writing,PROPN,1,0,1
View,PROPN,1,0,1
Taking,PROPN,1,0,1
Egg,PROPN,1,0,1
Market,PROPN,1,0,1
Knife,PROPN,1,0,1
Thunder,PROPN,1,0,1
Slaughter,PROPN,1,0,1
Mourner,PROPN,1,0,1
Proudest,PROPN,1,0,1
Moment,PROPN,1,0,1
Flirtation,PROPN,1,0,1
retaliate,VERB,1,0,0
Sudden,PROPN,1,0,1
Frost,PROPN,1,0,1
Counter,PROPN,1,0,1
Discovery,PROPN,1,0,1
Caught,PROPN,1,0,1
Astonishes,PROPN,1,0,1
Literature,PROPN,1,0,1
Declaims,PROPN,1,0,1
Exhibition,PROPN,1,0,1
Authors,PROPN,1,0,1
Cadet,PROPN,1,0,1
Stolen,PROPN,1,0,1
Melons,PROPN,1,0,1
Prisoner,PROPN,1,0,1
Swears,PROPN,1,0,1
Detective,PROPN,1,0,1
Dreams,PROPN,1,0,1
Private,PROPN,1,0,1
Greatest,PROPN,1,0,1
Best,PROPN,1,0,1
Hidden,PROPN,1,0,1
Unearthed,PROPN,1,0,1
Salvation,PROPN,1,0,1
Next,PROPN,1,1,1
Buck,PROPN,1,0,1
Rousing,PROPN,1,0,1
Sneeze,PROPN,1,0,1
corner,VERB,1,0,0
Alarming,PROPN,1,0,1
Town,PROPN,1,0,1
Marks,PROPN,1,0,1
Questions,PROPN,1,0,1
Vampires,PROPN,1,0,1
Natives,PROPN,1,0,1
Wedding,PROPN,1,0,1
Cake,PROPN,1,0,1
Daylight,PROPN,1,0,1
Ragged,PROPN,1,0,1
Trip,PROPN,1,0,1
Transformed,PROPN,1,0,1
once,SCONJ,1,1,0
High,PROPN,1,0,1
Society,PROPN,1,0,1
Contentment,PROPN,1,0,1
record,VERB,1,0,0
individual,NOUN,1,0,0
combination,NOUN,1,0,0
characteristic,NOUN,1,0,0
composite,ADJ,1,0,0
architecture,NOUN,1,0,0
odd,ADJ,1,0,0
period,NOUN,1,0,0
shun,VERB,1,0,0
AUTHOR,PROPN,1,0,1
HARTFORD,PROPN,1,0,1
tom,X,1,0,0
fiercely,ADV,1,0,0
broom,NOUN,1,0,0
punctuate,VERB,1,0,0
punch,NOUN,1,0,0
resurrect,VERB,1,0,0
tomato,NOUN,1,0,0
jimpson,NOUN,1,0,0
constitute,VERB,1,0,0
slack,NOUN,1,0,0
arrest,VERB,1,0,0
truck,NOUN,1,0,0
skirt,NOUN,1,0,0
scramble,VERB,1,0,0
dander,NOUN,1,0,0
Book,PROPN,1,0,1
Scratch,PROPN,1,0,1
sister,NOUN,1,0,0
well,NOUN,1,1,0
obleege,VERB,1,0,0
ruination,NOUN,1,0,0
Southwestern,PROPN,1,0,1
colored,ADJ,1,0,0
kindling,NOUN,1,0,0
fourth,NOUN,1,0,0
chip,NOUN,1,0,0
adventurous,ADJ,1,0,0
guile,NOUN,1,0,0
trap,VERB,1,0,0
revealment,NOUN,1,0,0
endow,VERB,1,0,0
talent,NOUN,1,0,0
diplomacy,NOUN,1,0,0
transparent,ADJ,1,0,0
cunning,NOUN,1,0,0
middling,ADJ,1,0,0
warm,NOUN,1,0,0
scare,NOUN,1,0,0
flatter,VERB,1,0,0
forestall,VERB,1,0,0
damp,ADJ,1,0,0
vex,VERB,1,0,0
circumstantial,ADJ,1,0,0
undo,VERB,1,0,0
Unbutton,PROPN,1,0,1
securely,ADV,1,0,0
Bother,PROPN,1,0,1
ye,PROPN,1,0,1
sagacity,NOUN,1,0,0
miscarry,VERB,1,0,0
obedient,ADJ,1,0,0
Sidney,PROPN,1,0,1
black,NOUN,1,0,0
confound,ADV,1,0,0
gee,NOUN,1,0,0
miny,PROPN,1,0,1
lam,NOUN,1,0,0
loathe,VERB,1,0,0
whit,NOUN,1,0,0
whistling,NOUN,1,0,0
negro,NOUN,1,0,0
undisturbed,ADJ,1,0,0
liquid,NOUN,1,0,0
warble,NOUN,1,0,0
knack,NOUN,1,0,0
planet,NOUN,1,0,0
unalloyed,ADJ,1,0,0
comer,NOUN,1,0,0
cloth,NOUN,1,0,0
natty,ADJ,1,0,0
pantaloon,NOUN,1,0,0
citify,VERB,1,0,0
finery,NOUN,1,0,0
outfit,NOUN,1,0,0
sidewise,VERB,1,0,0
lump,VERB,1,0,0
aw,INTJ,1,0,0
sass,NOUN,1,0,0
bounce,VERB,1,0,0
eying,NOUN,1,0,0
sidle,VERB,1,0,0
glower,VERB,1,0,0
hate,NOUN,1,0,0
relax,VERB,1,0,0
watchful,ADJ,1,0,0
coward,NOUN,1,0,0
sheep,NOUN,1,0,0
jingo,PROPN,1,0,1
copper,NOUN,1,0,0
confusion,NOUN,1,0,0
astride,ADP,1,0,0
pound,VERB,1,0,0
free,VERB,1,0,0
pounding,NOUN,1,0,0
Nuff,PROPN,1,0,1
snuffling,NOUN,1,0,0
occasionally,ADV,1,0,0
antelope,NOUN,1,0,0
traitor,NOUN,1,0,0
ambuscade,NOUN,1,0,0
adamantine,ADJ,1,0,0
firmness,NOUN,1,0,0
brim,VERB,1,0,0
locust,NOUN,1,0,0
fragrance,NOUN,1,0,0
blossom,NOUN,1,0,0
vegetation,NOUN,1,0,0
Delectable,PROPN,1,0,1
dreamy,NOUN,1,0,0
reposeful,NOUN,1,0,0
inviting,NOUN,1,0,0
handle,VERB,1,0,0
existence,NOUN,1,0,0
insignificant,ADJ,1,0,0
whitewashed,ADJ,1,0,0
unwhitewashed,ADJ,1,0,0
Buffalo,PROPN,1,0,1
Gals,PROPN,1,0,1
mulatto,NOUN,1,0,0
trading,NOUN,1,0,0
plaything,NOUN,1,0,0
quarrelling,NOUN,1,0,0
fighting,NOUN,1,0,0
dis,PROPN,1,0,1
foolin,NOUN,1,0,0
roun,NOUN,1,0,0
wid,VERB,1,0,0
spec,VERB,1,0,0
gwine,NOUN,1,0,0
ax,VERB,1,0,0
whitewashin,NOUN,1,0,0
Gimme,PROPN,1,0,1
taw,NOUN,1,0,0
Dat,PROPN,1,0,1
I,PROPN,1,1,1
fraid,ADJ,1,0,0
ole,ADJ,1,0,0
attraction,NOUN,1,0,0
unwound,ADJ,1,0,0
vigor,NOUN,1,0,0
slipper,NOUN,1,0,0
multiply,VERB,1,0,0
trash,NOUN,1,0,0
pure,ADJ,1,0,0
freedom,NOUN,1,0,0
straiten,VERB,1,0,0
magnificent,ADJ,1,0,0
ridicule,NOUN,1,0,0
gait,NOUN,1,0,0
hop,NOUN,1,0,0
jump,NOUN,1,0,0
proof,NOUN,1,0,0
melodious,ADJ,1,0,0
tone,VERB,1,0,0
ding,ADJ,1,0,0
dong,NOUN,1,0,0
ding,NOUN,1,0,0
dong,PROPN,1,0,1
starboard,VERB,1,0,0
ponderously,ADV,1,0,0
laborious,ADJ,1,0,0
execute,VERB,1,0,0
headway,NOUN,1,0,0
ship,VERB,1,0,0
stiffen,VERB,1,0,0
wow,ADJ,1,0,0
stately,ADJ,1,0,0
ow,PROPN,1,0,1
ow,NOUN,1,0,0
bight,NOUN,1,0,0
gauge,NOUN,1,0,0
cock,NOUN,1,0,0
Hi,PROPN,1,0,1
Yi,PROPN,1,0,1
wheel,VERB,1,0,0
carelessly,ADV,1,0,0
daintily,ADV,1,0,0
criticise,VERB,1,0,0
absorbed,ADJ,1,0,0
alter,VERB,1,0,0
lemme,NOUN,1,0,0
sid,VERB,1,0,0
lemme,PROPN,1,0,1
try,NOUN,1,0,0
core,NOUN,1,0,0
reluctance,NOUN,1,0,0
steamer,NOUN,1,0,0
munch,VERB,1,0,0
fag,VERB,1,0,0
Fisher,PROPN,1,0,1
repair,NOUN,1,0,0
literally,ADV,1,0,0
jews,PROPN,1,0,1
harp,NOUN,1,0,0
spool,NOUN,1,0,0
stopper,NOUN,1,0,0
decanter,NOUN,1,0,0
tadpole,NOUN,1,0,0
cracker,NOUN,1,0,0
kitten,NOUN,1,0,0
orange,ADJ,1,0,0
peel,NOUN,1,0,0
dilapidated,ADJ,1,0,0
bankrupt,VERB,1,0,0
action,NOUN,1,0,0
covet,VERB,1,0,0
difficult,ADJ,1,0,0
attain,VERB,1,0,0
philosopher,NOUN,1,0,0
writer,NOUN,1,0,0
artificial,ADJ,1,0,0
tread,NOUN,1,0,0
mill,NOUN,1,0,0
Mont,PROPN,1,0,1
Blanc,PROPN,1,0,1
coach,NOUN,1,0,0
wage,NOUN,1,0,0
resign,VERB,1,0,0
substantial,ADJ,1,0,0
headquarters,NOUN,1,0,0
apartment,NOUN,1,0,0
dining,NOUN,1,0,0
balmy,ADJ,1,0,0
restful,ADJ,1,0,0
odor,NOUN,1,0,0
knitting,NOUN,1,0,0
safety,NOUN,1,0,0
desert,VERB,1,0,0
intrepid,ADJ,1,0,0
aunt,VERB,1,0,0
trust,NOUN,1,0,0
recoate,VERB,1,0,0
unspeakable,ADJ,1,0,0
dilute,VERB,1,0,0
overcome,VERB,1,0,0
achievement,NOUN,1,0,0
select,VERB,1,0,0
improve,VERB,1,0,0
lecture,NOUN,1,0,0
flavor,VERB,1,0,0
treat,NOUN,1,0,0
virtuous,ADJ,1,0,0
flourish,NOUN,1,0,0
doughnut,NOUN,1,0,0
twinkling,NOUN,1,0,0
hail,NOUN,1,0,0
sally,ADJ,1,0,0
personal,ADJ,1,0,0
skirt,VERB,1,0,0
muddy,ADJ,1,0,0
stable,ADJ,1,0,0
square,NOUN,1,0,0
military,ADJ,1,0,0
conflict,NOUN,1,0,0
appointment,NOUN,1,0,0
commander,NOUN,1,0,0
condescend,VERB,1,0,0
fry,NOUN,1,0,0
eminence,NOUN,1,0,0
aide,NOUN,1,0,0
de,NOUN,1,0,0
fought,ADJ,1,0,0
dead,NOUN,1,0,0
disagreement,NOUN,1,0,0
embroider,VERB,1,0,0
pantalette,NOUN,1,0,0
evanescent,NOUN,1,0,0
partiality,NOUN,1,0,0
casual,ADJ,1,0,0
boyish,ADJ,1,0,0
grotesque,ADJ,1,0,0
gymnastic,ADJ,1,0,0
tarry,VERB,1,0,0
pansy,NOUN,1,0,0
tilt,VERB,1,0,0
side,VERB,1,1,0
edge,VERB,1,0,0
pansy,ADJ,1,0,0
pliant,ADJ,1,0,0
supper,VERB,1,0,0
clodde,VERB,1,0,0
knuckle,NOUN,1,0,0
immunity,NOUN,1,0,0
glorying,NOUN,1,0,0
wellnigh,VERB,1,0,0
unbearable,ADJ,1,0,0
control,VERB,1,0,0
brimful,ADJ,1,0,0
potent,ADJ,1,0,0
uplifted,ADJ,1,0,0
er,INTJ,1,0,0
Umf,PROPN,1,0,1
amiss,NOUN,1,0,0
audacious,ADJ,1,0,0
construe,VERB,1,0,0
sulk,VERB,1,0,0
morosely,ADV,1,0,0
film,NOUN,1,0,0
unto,ADP,1,0,0
beseech,VERB,1,0,0
forgiving,ADJ,1,0,0
unsay,VERB,1,0,0
blur,NOUN,1,0,0
overflow,VERB,1,0,0
luxury,NOUN,1,0,0
petting,NOUN,1,0,0
cheeriness,NOUN,1,0,0
grating,ADJ,1,0,0
intrude,NOUN,1,0,0
cousin,NOUN,1,0,0
desolate,ADJ,1,0,0
outer,ADJ,1,0,0
vastness,NOUN,1,0,0
undergo,VERB,1,0,0
routine,NOUN,1,0,0
devise,VERB,1,0,0
rumple,VERB,1,0,0
felicity,NOUN,1,0,0
coldly,ADV,1,0,0
varied,ADJ,1,0,0
threadbare,VERB,1,0,0
Adored,PROPN,1,0,1
Unknown,PROPN,1,0,1
plant,NOUN,1,0,0
dispose,VERB,1,0,0
damp,NOUN,1,0,0
pityingly,ADV,1,0,0
lifeless,ADJ,1,0,0
untimely,ADV,1,0,0
maid,ADJ,1,0,0
discordant,ADJ,1,0,0
profane,VERB,1,0,0
holy,ADJ,1,0,0
prone,ADJ,1,0,0
martyr,NOUN,1,0,0
relieving,NOUN,1,0,0
missile,NOUN,1,0,0
undressed,ADJ,1,0,0
dip,NOUN,1,0,0
allusion,NOUN,1,0,0
omission,NOUN,1,0,0
worship,NOUN,1,0,0
weld,VERB,1,0,0
mortar,NOUN,1,0,0
Mosaic,PROPN,1,0,1
Law,PROPN,1,0,1
Sinai,PROPN,1,0,1
gird,VERB,1,0,0
loin,NOUN,1,0,0
memorizing,NOUN,1,0,0
Sermon,PROPN,1,0,1
Mount,PROPN,1,0,1
distract,VERB,1,0,0
Blessed,PROPN,1,0,1
Theirs,PROPN,1,0,1
kingdom,NOUN,1,0,0
mourn,NOUN,1,0,0
sh,NOUN,1,0,0
a,NOUN,1,1,0
Shall,PROPN,1,0,1
thick,ADV,1,0,0
prospective,ADJ,1,0,0
gain,NOUN,1,0,0
brand,NOUN,1,0,0
convulsion,NOUN,1,0,0
inconceivable,ADJ,1,0,0
counterfeit,VERB,1,0,0
scarify,VERB,1,0,0
cupboard,NOUN,1,0,0
arrange,VERB,1,0,0
bureau,NOUN,1,0,0
diligently,ADV,1,0,0
ashame,VERB,1,0,0
Water,PROPN,1,0,1
disconcert,VERB,1,0,0
refill,VERB,1,0,0
groping,NOUN,1,0,0
honorable,ADJ,1,0,0
testimony,NOUN,1,0,0
sud,NOUN,1,0,0
territory,NOUN,1,0,0
short,ADV,1,0,0
mask,NOUN,1,0,0
expanse,NOUN,1,0,0
unirrigated,ADJ,1,0,0
soil,NOUN,1,0,0
saturate,VERB,1,0,0
dainty,NOUN,1,0,0
symmetrical,ADJ,1,0,0
privately,ADV,1,0,0
plaster,VERB,1,0,0
effeminate,VERB,1,0,0
bitterness,NOUN,1,0,0
speckle,VERB,1,0,0
improved,ADJ,1,0,0
restraint,NOUN,1,0,0
cleanliness,NOUN,1,0,0
gall,VERB,1,0,0
temper,NOUN,1,0,0
persuasively,ADV,1,0,0
snarl,VERB,1,0,0
voluntarily,ADV,1,0,0
uncushioned,ADJ,1,0,0
edifice,NOUN,1,0,0
pine,PROPN,1,0,1
board,PROPN,1,0,1
steeple,NOUN,1,0,0
yaller,NOUN,1,0,0
lickrish,NOUN,1,0,0
waylay,VERB,1,0,0
swarm,NOUN,1,0,0
ouch,ADJ,1,0,0
reprimand,NOUN,1,0,0
recitation,NOUN,1,0,0
memorize,VERB,1,0,0
Doré,PROPN,1,0,1
bible,NOUN,1,0,0
patient,ADJ,1,0,0
parentage,NOUN,1,0,0
little,ADV,1,0,0
idiot,NOUN,1,0,0
grievous,ADJ,1,0,0
delivery,NOUN,1,0,0
noteworthy,ADJ,1,0,0
hunger,VERB,1,0,0
eclat,NOUN,1,0,0
forefinger,NOUN,1,0,0
insert,VERB,1,0,0
command,VERB,1,0,0
inevitable,ADJ,1,0,0
singer,NOUN,1,0,0
solo,NOUN,1,0,0
concert,NOUN,1,0,0
neither,CCONJ,1,1,0
goatee,NOUN,1,0,0
compel,VERB,1,0,0
turning,NOUN,1,0,0
cravat,NOUN,1,0,0
sharply,ADV,1,0,0
sleigh,NOUN,1,0,0
runner,NOUN,1,0,0
laboriously,ADV,1,0,0
mien,NOUN,1,0,0
sincere,ADJ,1,0,0
reverence,NOUN,1,0,0
applausive,ADJ,1,0,0
oration,NOUN,1,0,0
resumption,NOUN,1,0,0
fidgeting,NOUN,1,0,0
extend,VERB,1,0,0
basis,NOUN,1,0,0
incorruptible,ADJ,1,0,0
subsidence,NOUN,1,0,0
conclusion,NOUN,1,0,0
portly,ADV,1,0,0
doubtless,ADJ,1,0,0
latter,NOUN,1,1,0
chafing,NOUN,1,0,0
repining,NOUN,1,0,0
brook,VERB,1,0,0
newcomer,NOUN,1,0,0
ablaze,ADJ,1,0,0
fascinate,VERB,1,0,0
exaltation,NOUN,1,0,0
alloy,NOUN,1,0,0
wave,NOUN,1,0,0
personage,NOUN,1,0,0
august,ADJ,1,0,0
attest,VERB,1,0,0
bustling,NOUN,1,0,0
activity,NOUN,1,0,0
librarian,NOUN,1,0,0
splutter,NOUN,1,0,0
fuss,NOUN,1,0,0
sweetly,ADV,1,0,0
box,VERB,1,0,0
pat,VERB,1,0,0
lovingly,ADV,1,0,0
seeming,ADJ,1,1,0
wad,NOUN,1,0,0
scuffling,NOUN,1,0,0
prodigy,NOUN,1,0,0
sound,ADJ,1,0,0
source,NOUN,1,0,0
certified,ADJ,1,0,0
elevate,VERB,1,0,0
announce,VERB,1,0,0
headquarter,NOUN,1,0,0
decade,NOUN,1,0,0
altitude,NOUN,1,0,0
perceive,VERB,1,0,0
amass,VERB,1,0,0
despise,VERB,1,0,0
dupe,NOUN,1,0,0
wily,ADJ,1,0,0
guileful,ADJ,1,0,0
snake,NOUN,1,0,0
effusion,NOUN,1,0,0
instinct,NOUN,1,0,0
preposterous,ADJ,1,0,0
warehouse,VERB,1,0,0
sheaf,NOUN,1,0,0
wisdom,NOUN,1,0,0
strain,VERB,1,0,0
grain,NOUN,1,0,0
greatness,NOUN,1,0,0
daresay,VERB,1,0,0
manly,ADJ,1,0,0
knowledge,NOUN,1,0,0
elegant,ADJ,1,0,0
bringing,NOUN,1,0,0
sheepish,ADJ,1,0,0
Goliah,PROPN,1,0,1
supervision,NOUN,1,0,0
seductive,ADJ,1,0,0
needy,ADJ,1,0,0
postmaster,NOUN,1,0,0
unnecessarie,NOUN,1,0,0
hospitable,ADJ,1,0,0
lavish,ADJ,1,0,0
boast,VERB,1,0,0
venerable,ADJ,1,0,0
Major,PROPN,1,0,1
Ward,PROPN,1,0,1
Riverson,PROPN,1,0,1
notable,ADJ,1,0,0
belle,NOUN,1,0,0
troop,NOUN,1,0,0
deck,VERB,1,0,0
breaker,NOUN,1,0,0
cane,NOUN,1,0,0
circle,VERB,1,0,0
oiled,ADJ,1,0,0
simper,VERB,1,0,0
admirer,NOUN,1,0,0
gantlet,NOUN,1,0,0
Willie,PROPN,1,0,1
Mufferson,PROPN,1,0,1
heedful,ADJ,1,0,0
matron,NOUN,1,0,0
accidentally,ADV,1,0,0
snob,NOUN,1,0,0
laggard,NOUN,1,0,0
ill,ADV,1,0,0
bred,ADJ,1,0,0
foreign,ADJ,1,0,0
relish,NOUN,1,0,0
medium,ADJ,1,0,0
emphasis,NOUN,1,0,0
car,NOUN,1,0,0
ri,NOUN,1,0,0
ed,PROPN,1,0,1
ease,NOUN,1,0,0
thro,NOUN,1,0,0
sociable,NOUN,1,0,0
poetry,NOUN,1,0,0
TOO,PROPN,1,1,1
mortal,ADJ,1,0,0
Sprague,PROPN,1,0,1
bulletin,NOUN,1,0,0
city,NOUN,1,0,0
abundant,ADJ,1,0,0
newspaper,NOUN,1,0,0
traditional,ADJ,1,0,0
Congress,PROPN,1,0,1
government,NOUN,1,0,0
sailor,NOUN,1,0,0
stormy,ADJ,1,0,0
million,NOUN,1,0,0
european,ADJ,1,0,0
monarchy,NOUN,1,0,0
oriental,ADJ,1,0,0
despotism,NOUN,1,0,0
tiding,NOUN,1,0,0
heathen,PROPN,1,0,1
supplication,NOUN,1,0,0
seed,NOUN,1,0,0
sow,VERB,1,0,0
fertile,ADJ,1,0,0
harvest,NOUN,1,0,0
restive,ADJ,1,0,0
tally,NOUN,1,0,0
route,NOUN,1,0,0
interlard,VERB,1,0,0
resent,VERB,1,0,0
unfair,ADJ,1,0,0
scoundrelly,ADV,1,0,0
embrace,VERB,1,0,0
polish,VERB,1,0,0
toilet,NOUN,1,0,0
sorely,ADV,1,0,0
itch,VERB,1,0,0
drone,VERB,1,0,0
prosy,ADJ,1,0,0
deal,VERB,1,0,0
limitless,ADJ,1,0,0
brimstone,NOUN,1,0,0
predestined,ADJ,1,0,0
saving,NOUN,1,0,0
host,NOUN,1,0,0
millennium,NOUN,1,0,0
conspicuousness,NOUN,1,0,0
principal,NOUN,1,0,0
tame,ADJ,1,0,0
bethink,VERB,1,0,0
fillip,NOUN,1,0,0
flounder,VERB,1,0,0
hurt,ADJ,1,0,0
unable,ADJ,1,0,0
uninterested,ADJ,1,0,0
idle,VERB,1,0,0
softness,NOUN,1,0,0
drooping,NOUN,1,0,0
smell,VERB,1,0,0
bold,ADJ,1,0,0
smell,NOUN,1,0,0
gingerly,ADJ,1,0,0
diversion,NOUN,1,0,0
subside,VERB,1,0,0
experiment,NOUN,1,0,0
absent,NOUN,1,0,0
flirt,NOUN,1,0,0
neighbor,VERB,1,0,0
spectator,NOUN,1,0,0
inward,ADJ,1,0,0
kerchief,NOUN,1,0,0
craving,NOUN,1,0,0
wary,ADJ,1,0,0
attack,NOUN,1,0,0
jerk,VERB,1,0,0
amuse,VERB,1,0,0
ant,ADJ,1,0,0
weary,VERB,1,0,0
yelps,PROPN,1,0,1
altar,NOUN,1,0,0
clamor,VERB,1,0,0
woolly,ADV,1,0,0
comet,NOUN,1,0,0
orbit,NOUN,1,0,0
gleam,ADJ,1,0,0
sheer,VERB,1,0,0
faced,ADJ,1,0,0
suffocate,VERB,1,0,0
suppress,VERB,1,0,0
standstill,NOUN,1,0,0
lame,ADJ,1,0,0
halting,ADJ,1,0,0
unholy,ADJ,1,0,0
cover,NOUN,1,0,0
parson,NOUN,1,0,0
rarely,ADV,1,0,0
facetious,ADJ,1,0,0
ordeal,NOUN,1,0,0
quite,ADV,1,1,0
cheerful,ADJ,1,0,0
divine,ADJ,1,0,0
upright,ADJ,1,0,0
intervene,VERB,1,0,0
odious,ADJ,1,0,0
ailment,NOUN,1,0,0
colicky,ADJ,1,0,0
starter,NOUN,1,0,0
eagerly,ADV,1,0,0
chance,VERB,1,0,0
fancy,VERB,1,0,0
sid,ADJ,1,0,0
groaning,NOUN,1,0,0
joggle,VERB,1,0,0
ouch,INTJ,1,0,0
crawl,NOUN,1,0,0
sid,INTJ,1,0,0
downstairs,ADV,1,0,0
Rubbage,PROPN,1,0,1
nonsense,NOUN,1,0,0
outrageousness,NOUN,1,0,0
dental,ADJ,1,0,0
instrument,NOUN,1,0,0
loop,NOUN,1,0,0
compensation,NOUN,1,0,0
gap,NOUN,1,0,0
expectorate,VERB,1,0,0
exhibition,NOUN,1,0,0
homage,NOUN,1,0,0
adherent,NOUN,1,0,0
shorn,VERB,1,0,0
disdain,NOUN,1,0,0
spit,VERB,1,0,0
pariah,NOUN,1,0,0
drunkard,NOUN,1,0,0
cordially,ADV,1,0,0
lawless,ADJ,1,0,0
forbidden,ADJ,1,0,0
full,ADV,1,1,0
perennial,ADJ,1,0,0
crescent,NOUN,1,0,0
lop,VERB,1,0,0
brim,NOUN,1,0,0
bag,VERB,1,0,0
low,ADV,1,0,0
please,VERB,1,0,0
barefoot,ADV,1,0,0
hamper,VERB,1,0,0
bladder,NOUN,1,0,0
Baker,PROPN,1,0,1
aha,INTJ,1,0,0
Barley,PROPN,1,0,1
barley,NOUN,1,0,0
injun,PROPN,1,0,1
short,NOUN,1,0,0
warti,ADJ,1,0,0
frog,NOUN,1,0,0
crossroad,NOUN,1,0,0
down,ADJ,1,1,0
Coonville,PROPN,1,0,1
everywhere,NOUN,1,0,0
devil,ADJ,1,0,0
shed,ADJ,1,0,0
wher,NOUN,1,0,0
layin,PROPN,1,0,1
stiddy,NOUN,1,0,0
backard,NOUN,1,0,0
slosh,ADV,1,0,0
Afeard,PROPN,1,0,1
kep,PROPN,1,0,1
Hays,PROPN,1,0,1
Sho,PROPN,1,0,1
mighty,INTJ,1,0,0
genuwyne,ADJ,1,0,0
vacancy,NOUN,1,0,0
trade,NOUN,1,0,0
prison,NOUN,1,0,0
peg,NOUN,1,0,0
splint,NOUN,1,0,0
lull,VERB,1,0,0
Sir,PROPN,1,0,1
electric,ADJ,1,0,0
foolhardy,ADJ,1,0,0
mistaking,NOUN,1,0,0
offence,NOUN,1,0,0
notably,ADV,1,0,0
worshipful,ADJ,1,0,0
idol,NOUN,1,0,0
hitch,VERB,1,0,0
toss,NOUN,1,0,0
wink,NOUN,1,0,0
peach,NOUN,1,0,0
animosity,NOUN,1,0,0
committal,ADJ,1,0,0
caricature,NOUN,1,0,0
gable,ADJ,1,0,0
corkscrew,NOUN,1,0,0
erect,VERB,1,0,0
derrick,NOUN,1,0,0
monster,NOUN,1,0,0
arm,VERB,1,0,0
portentous,ADJ,1,0,0
your,NOUN,1,1,0
scuffle,NOUN,1,0,0
rap,NOUN,1,0,0
reddened,VERB,1,0,0
pleased,ADJ,1,0,0
juncture,NOUN,1,0,0
fateful,ADJ,1,0,0
grip,NOUN,1,0,0
deposit,VERB,1,0,0
pepper,VERB,1,0,0
giggle,NOUN,1,0,0
turmoil,NOUN,1,0,0
botch,NOUN,1,0,0
pewter,NOUN,1,0,0
medal,NOUN,1,0,0
ostentation,NOUN,1,0,0
yawn,NOUN,1,0,0
spell,NOUN,1,0,0
shimmering,ADJ,1,0,0
purple,NOUN,1,0,0
premature,ADJ,1,0,0
thankfully,ADV,1,0,0
embattle,VERB,1,0,0
momently,ADV,1,0,0
benefit,NOUN,1,0,0
equator,NOUN,1,0,0
bow,VERB,1,0,0
grasp,NOUN,1,0,0
twitch,VERB,1,0,0
deftly,ADV,1,0,0
lend,VERB,1,0,0
duplicate,NOUN,1,0,0
bonnet,NOUN,1,0,0
slip,NOUN,1,0,0
pencil,NOUN,1,0,0
guide,VERB,1,0,0
surprising,ADJ,1,0,0
wane,VERB,1,0,0
bliss,PROPN,1,0,1
gum,NOUN,1,0,0
excess,NOUN,1,0,0
pa,PROPN,1,0,1
Kiss,PROPN,1,0,1
hesitating,NOUN,1,0,0
consent,NOUN,1,0,0
waist,NOUN,1,0,0
apron,PROPN,1,0,1
apron,NOUN,1,0,0
red,PROPN,1,0,1
confuse,VERB,1,0,0
repulse,VERB,1,0,0
repent,VERB,1,0,0
nerve,VERB,1,0,0
jewel,NOUN,1,0,0
upbraid,VERB,1,0,0
jog,NOUN,1,0,0
prevailing,ADJ,1,0,0
baffle,VERB,1,0,0
distinguishable,ADJ,1,0,0
pathless,ADJ,1,0,0
mossy,ADJ,1,0,0
zephyr,NOUN,1,0,0
noonday,NOUN,1,0,0
still,VERB,1,0,0
trance,NOUN,1,0,0
pecker,NOUN,1,0,0
render,VERB,1,0,0
steep,VERB,1,0,0
meditate,VERB,1,0,0
Jimmy,PROPN,1,0,1
Hodges,PROPN,1,0,1
caress,VERB,1,0,0
temporarily,ADV,1,0,0
elastic,ADJ,1,0,0
youth,NOUN,1,0,0
constrain,VERB,1,0,0
insensibly,ADV,1,0,0
recur,VERB,1,0,0
disgust,NOUN,1,0,0
frivolity,NOUN,1,0,0
spotted,ADJ,1,0,0
offense,NOUN,1,0,0
intrude,VERB,1,0,0
august,PROPN,1,0,1
realm,NOUN,1,0,0
buffalo,NOUN,1,0,0
warpath,NOUN,1,0,0
trackless,NOUN,1,0,0
plain,NOUN,1,0,0
Far,PROPN,1,0,1
paint,NOUN,1,0,0
prance,NOUN,1,0,0
curdle,VERB,1,0,0
unimaginable,ADJ,1,0,0
gloriously,ADV,1,0,0
plow,VERB,1,0,0
dancing,NOUN,1,0,0
hulled,ADJ,1,0,0
racer,NOUN,1,0,0
Storm,PROPN,1,0,1
grisly,ADJ,1,0,0
zenith,NOUN,1,0,0
fame,NOUN,1,0,0
stalk,VERB,1,0,0
velvet,NOUN,1,0,0
doublet,ADJ,1,0,0
jack,NOUN,1,0,0
crimson,ADJ,1,0,0
rust,VERB,1,0,0
cutlass,NOUN,1,0,0
slouch,ADJ,1,0,0
plume,NOUN,1,0,0
unfurl,VERB,1,0,0
crossbone,NOUN,1,0,0
resource,NOUN,1,0,0
impressively,ADV,1,0,0
shapely,ADV,1,0,0
perplex,VERB,1,0,0
pettishly,ADV,1,0,0
infallible,ADJ,1,0,0
widely,ADV,1,0,0
structure,NOUN,1,0,0
puzzle,VERB,1,0,0
funnel,NOUN,1,0,0
futility,NOUN,1,0,0
discouraged,NOUN,1,0,0
bound,VERB,1,0,0
barelegge,VERB,1,0,0
answering,NOUN,1,0,0
airily,ADV,1,0,0
caitiff,NOUN,1,0,0
carcase,NOUN,1,0,0
gladly,ADV,1,0,0
dispute,VERB,1,0,0
fencing,NOUN,1,0,0
combat,NOUN,1,0,0
lively,ADV,1,0,0
perspire,VERB,1,0,0
slay,VERB,1,0,0
Friar,PROPN,1,0,1
Tuck,PROPN,1,0,1
miller,PROPN,1,0,1
lam,VERB,1,0,0
Nottingham,PROPN,1,0,1
nun,NOUN,1,0,0
outlaws,PROPN,1,0,1
greenwood,PROPN,1,0,1
nettle,NOUN,1,0,0
gaily,ADV,1,0,0
accoutrement,NOUN,1,0,0
modern,ADJ,1,0,0
compensate,VERB,1,0,0
impatience,NOUN,1,0,0
daylight,ADJ,1,0,0
despair,NOUN,1,0,0
fidget,VERB,1,0,0
nerve,NOUN,1,0,0
dismally,ADV,1,0,0
muffle,VERB,1,0,0
tiresome,NOUN,1,0,0
chirping,NOUN,1,0,0
cricket,NOUN,1,0,0
ingenuity,NOUN,1,0,0
number,VERB,1,0,0
fainter,NOUN,1,0,0
remoter,NOUN,1,0,0
begun,ADV,1,0,0
chime,VERB,1,0,0
caterwaul,VERB,1,0,0
raising,NOUN,1,0,0
Scat,PROPN,1,0,1
four,NOUN,1,0,0
thence,VERB,1,1,0
inward,ADV,1,0,0
outward,VERB,1,0,0
upright,ADV,1,0,0
cemetery,NOUN,1,0,0
tombstone,NOUN,1,0,0
top,VERB,1,0,0
paint,VERB,1,0,0
pervading,NOUN,1,0,0
ensconce,VERB,1,0,0
solemn,NOUN,1,0,0
Mister,PROPN,1,0,1
damper,NOUN,1,0,0
conversation,NOUN,1,0,0
freckle,VERB,1,0,0
innumerable,ADJ,1,0,0
spangle,NOUN,1,0,0
budge,ADJ,1,0,0
rip,NOUN,1,0,0
cold,VERB,1,0,0
voice,VERB,1,0,0
murderin,NOUN,1,0,0
kin,PROPN,1,0,1
handbarrow,NOUN,1,0,0
growl,VERB,1,0,0
mould,NOUN,1,0,0
gravel,VERB,1,0,0
monotonous,ADJ,1,0,0
accent,NOUN,1,0,0
hoist,VERB,1,0,0
pallid,ADJ,1,0,0
barrow,NOUN,1,0,0
Sawbones,PROPN,1,0,1
pay,NOUN,1,0,0
ruffian,PROPN,1,0,1
grapple,VERB,1,0,0
trample,VERB,1,0,0
catlike,ADJ,1,0,0
stooping,ADJ,1,0,0
combatant,NOUN,1,0,0
fell,VERB,1,0,0
flood,VERB,1,0,0
blot,VERB,1,0,0
murmur,VERB,1,0,0
inarticulately,ADV,1,0,0
damn,VERB,1,0,0
confusedly,ADV,1,0,0
dirty,ADJ,1,0,0
muddle,NOUN,1,0,0
scuffle,VERB,1,0,0
staggering,ADJ,1,0,0
jam,VERB,1,0,0
clip,NOUN,1,0,0
wedge,NOUN,1,0,0
til,SCONJ,1,0,0
doing,NOUN,1,1,0
yonder,ADJ,1,0,0
Move,PROPN,1,1,1
trot,NOUN,1,0,0
stun,VERB,1,0,0
rum,NOUN,1,0,0
blanketed,ADJ,1,0,0
lidless,ADJ,1,0,0
speechless,ADJ,1,0,0
backward,ADV,1,0,0
apprehensively,ADV,1,0,0
outlying,ADJ,1,0,0
cottage,NOUN,1,0,0
barking,NOUN,1,0,0
arouse,VERB,1,0,0
tannery,NOUN,1,0,0
catch,NOUN,1,0,0
panting,NOUN,1,0,0
sheltering,ADJ,1,0,0
slow,VERB,1,0,0
come,NOUN,1,0,0
hokey,NOUN,1,0,0
phase,VERB,1,0,0
reflective,ADJ,1,0,0
squeak,VERB,1,0,0
rubbishy,ADJ,1,0,0
cuz,ADP,1,0,0
blab,VERB,1,0,0
huff,NOUN,1,0,0
orter,NOUN,1,0,0
applaud,VERB,1,0,0
awful,PROPN,1,0,1
down,NOUN,1,1,0
clamp,VERB,1,0,0
Rot,PROPN,1,0,1
sublimity,NOUN,1,0,0
verdigrease,VERB,1,0,0
verdigrease,NOUN,1,0,0
unwound,VERB,1,0,0
thumb,NOUN,1,0,0
squeeze,NOUN,1,0,0
initial,NOUN,1,0,0
pen,NOUN,1,0,0
h,NOUN,1,0,0
f,NOUN,1,0,0
ceremony,NOUN,1,0,0
building,NOUN,1,0,0
fright,PROPN,1,0,1
bet,NOUN,1,0,0
stray,NOUN,1,0,0
my,INTJ,1,1,0
audible,ADJ,1,0,0
Dad,PROPN,1,0,1
waller,NOUN,1,0,0
lordy,VERB,1,0,0
lordy,ADJ,1,0,0
howling,NOUN,1,0,0
tother,DET,1,0,0
Pap,PROPN,1,0,1
quail,VERB,1,0,0
snorer,NOUN,1,0,0
snap,NOUN,1,0,0
writhe,VERB,1,0,0
moonlight,NOUN,1,0,0
tip,NOUN,1,0,0
toed,NOUN,1,0,0
boarding,NOUN,1,0,0
pointing,NOUN,1,0,0
heavenward,NOUN,1,0,0
geeminy,NOUN,1,0,0
whippoorwill,NOUN,1,0,0
banister,NOUN,1,0,0
sung,PROPN,1,0,1
undress,VERB,1,0,0
excessive,ADJ,1,0,0
congratulate,VERB,1,0,0
escapade,NOUN,1,0,0
awoke,PROPN,1,0,1
startle,VERB,1,0,0
persecute,VERB,1,0,0
rebuke,NOUN,1,0,0
culprit,NOUN,1,0,0
brighten,VERB,1,0,0
weep,VERB,1,0,0
sorer,NOUN,1,0,0
reform,VERB,1,0,0
dismissal,NOUN,1,0,0
imperfect,ADJ,1,0,0
establish,VERB,1,0,0
prompt,ADJ,1,0,0
unnecessary,ADJ,1,0,0
betake,VERB,1,0,0
limit,NOUN,1,0,0
substance,NOUN,1,0,0
lingering,NOUN,1,0,0
colossal,NOUN,1,0,0
camel,NOUN,1,0,0
Close,PROPN,1,0,1
electrify,VERB,1,0,0
un,ADJ,1,0,0
dreamed,ADJ,1,0,0
telegraph,NOUN,1,0,0
telegraphic,ADJ,1,0,0
strangely,ADV,1,0,0
gory,NOUN,1,0,0
belate,VERB,1,0,0
sift,VERB,1,0,0
horseman,NOUN,1,0,0
heartbreak,NOUN,1,0,0
unaccountable,ADJ,1,0,0
worm,VERB,1,0,0
pinch,VERB,1,0,0
intent,NOUN,1,0,0
minister,PROPN,1,0,1
sway,VERB,1,0,0
doubtful,ADJ,1,0,0
impudence,NOUN,1,0,0
bystander,NOUN,1,0,0
ostentatiously,ADV,1,0,0
palsy,NOUN,1,0,0
pon,NOUN,1,0,0
vanquished,ADJ,1,0,0
serene,ADJ,1,0,0
miscreant,NOUN,1,0,0
meddle,VERB,1,0,0
withhold,VERB,1,0,0
belief,NOUN,1,0,0
balefully,ADV,1,0,0
fascinated,ADJ,1,0,0
removal,NOUN,1,0,0
shuddering,NOUN,1,0,0
gnawing,NOUN,1,0,0
pitch,VERB,1,0,0
tell,NOUN,1,0,0
luckily,ADV,1,0,0
sho,VERB,1,0,0
affect,VERB,1,0,0
plausibly,ADV,1,0,0
irksome,ADJ,1,0,0
discard,VERB,1,0,0
coroner,NOUN,1,0,0
inquiry,NOUN,1,0,0
aversion,NOUN,1,0,0
marvel,VERB,1,0,0
vogue,NOUN,1,0,0
grated,ADJ,1,0,0
smuggle,VERB,1,0,0
trifling,NOUN,1,0,0
marsh,NOUN,1,0,0
afford,VERB,1,0,0
offering,NOUN,1,0,0
ride,VERB,1,0,0
rail,NOUN,1,0,0
snatching,NOUN,1,0,0
inqu,ADJ,1,0,0
precede,VERB,1,0,0
deem,VERB,1,0,0
weighty,ADJ,1,0,0
dreariness,NOUN,1,0,0
infatuate,VERB,1,0,0
patent,NOUN,1,0,0
experimenter,NOUN,1,0,0
subscriber,NOUN,1,0,0
Health,PROPN,1,0,1
phrenological,ADJ,1,0,0
ignorance,NOUN,1,0,0
inflate,VERB,1,0,0
rot,NOUN,1,0,0
ventilation,NOUN,1,0,0
gospel,NOUN,1,0,0
journal,NOUN,1,0,0
customarily,ADV,1,0,0
recommend,VERB,1,0,0
quack,NOUN,1,0,0
metaphorically,ADV,1,0,0
hell,NOUN,1,0,0
balm,NOUN,1,0,0
Gilead,PROPN,1,0,1
disguise,NOUN,1,0,0
scrub,VERB,1,0,0
deject,VERB,1,0,0
sitz,PROPN,1,0,1
baths,PROPN,1,0,1
shower,NOUN,1,0,0
plunge,NOUN,1,0,0
hearse,NOUN,1,0,0
oatmeal,ADJ,1,0,0
diet,NOUN,1,0,0
blister,NOUN,1,0,0
plaster,NOUN,1,0,0
jug,NOUN,1,0,0
all,NOUN,1,0,0
persecution,NOUN,1,0,0
phase,NOUN,1,0,0
consternation,NOUN,1,0,0
liquid,ADJ,1,0,0
pin,VERB,1,0,0
teaspoonful,NOUN,1,0,0
wilder,NOUN,1,0,0
hearty,ADJ,1,0,0
blighted,ADJ,1,0,0
distracting,NOUN,1,0,0
profess,VERB,1,0,0
nuisance,NOUN,1,0,0
alloy,VERB,1,0,0
clandestinely,ADV,1,0,0
dose,VERB,1,0,0
purr,VERB,1,0,0
teaspoon,NOUN,1,0,0
avariciously,ADV,1,0,0
signify,VERB,1,0,0
Pain,PROPN,1,0,1
havoc,NOUN,1,0,0
summerset,NOUN,1,0,0
hurrah,NOUN,1,0,0
petrify,VERB,1,0,0
ail,NOUN,1,0,0
Deed,PROPN,1,0,1
apprehensive,NOUN,1,0,0
watching,PROPN,1,0,1
divine,VERB,1,0,0
telltale,ADJ,1,0,0
tea,NOUN,1,0,0
spoon,NOUN,1,0,0
valance,NOUN,1,0,0
wince,VERB,1,0,0
soundly,ADV,1,0,0
beast,NOUN,1,0,0
had,VERB,1,1,0
numskull,ADJ,1,0,0
Heaps,PROPN,1,0,1
roasted,ADJ,1,0,0
bowel,NOUN,1,0,0
thout,VERB,1,0,0
soften,VERB,1,0,0
twinkle,NOUN,1,0,0
aunty,NUM,1,0,0
latterly,ADV,1,1,0
whither,NOUN,1,1,0
hove,NOUN,1,0,0
warily,NOUN,1,0,0
frisking,ADJ,1,0,0
hopelessly,ADV,1,0,0
bound,NOUN,1,0,0
yelling,ADJ,1,0,0
handspring,NOUN,1,0,0
heroic,ADJ,1,0,0
exploit,NOUN,1,0,0
Mf,PROPN,1,0,1
crestfallen,NOUN,1,0,0
forsaken,ADJ,1,0,0
tinkle,VERB,1,0,0
usage,NOUN,1,0,0
transpire,VERB,1,0,0
succumb,VERB,1,0,0
regret,VERB,1,0,0
unfeele,VERB,1,0,0
sorrow,VERB,1,0,0
compact,NOUN,1,0,0
crust,NOUN,1,0,0
concede,VERB,1,0,0
woode,VERB,1,0,0
rendezvous,NOUN,1,0,0
inhabit,VERB,1,0,0
unpeopled,ADJ,1,0,0
bank,PROPN,1,0,1
caution,VERB,1,0,0
undergrowth,NOUN,1,0,0
starlight,ADJ,1,0,0
ocean,NOUN,1,0,0
literature,NOUN,1,0,0
countersign,NOUN,1,0,0
simultaneously,ADV,1,0,0
skillet,NOUN,1,0,0
cobs,NOUN,1,0,0
smouldering,NOUN,1,0,0
imposing,NOUN,1,0,0
Hist,PROPN,1,0,1
dagger,NOUN,1,0,0
foe,NOUN,1,0,0
raftsman,NOUN,1,0,0
spree,NOUN,1,0,0
unpiratical,ADJ,1,0,0
forward,NOUN,1,0,0
amidship,NOUN,1,0,0
browed,ADJ,1,0,0
stern,ADJ,1,0,0
Luff,PROPN,1,0,1
mid,ADJ,1,0,0
stream,ADJ,1,0,0
jib,PROPN,1,0,1
Lively,PROPN,1,0,1
heartie,NOUN,1,0,0
Hellum,PROPN,1,0,1
lee,PROPN,1,0,1
Stead,PROPN,1,0,1
glimmering,NOUN,1,0,0
gem,VERB,1,0,0
unconscious,NOUN,1,0,0
former,ADJ,1,1,0
later,ADJ,1,0,0
dauntless,ADJ,1,0,0
range,NOUN,1,0,0
shift,NOUN,1,0,0
ground,VERB,1,0,0
belonging,NOUN,1,0,0
shelter,VERB,1,0,0
frying,NOUN,1,0,0
feast,VERB,1,0,0
virgin,PROPN,1,0,1
unexplored,ADJ,1,0,0
uninhabited,ADJ,1,0,0
climbing,NOUN,1,0,0
ruddy,NOUN,1,0,0
pillare,VERB,1,0,0
temple,NOUN,1,0,0
varnish,VERB,1,0,0
festoon,VERB,1,0,0
crisp,ADJ,1,0,0
slice,NOUN,1,0,0
allowance,NOUN,1,0,0
devour,VERB,1,0,0
roasting,NOUN,1,0,0
nut,NOUN,1,0,0
bullyrag,VERB,1,0,0
wash,NOUN,1,0,0
nowadays,ADV,1,0,0
respect,VERB,1,0,0
slouch,NOUN,1,0,0
gouge,VERB,1,0,0
cob,NOUN,1,0,0
stem,NOUN,1,0,0
load,VERB,1,0,0
coal,NOUN,1,0,0
fragrant,ADJ,1,0,0
luxurious,ADJ,1,0,0
vice,NOUN,1,0,0
secretly,ADV,1,0,0
assent,VERB,1,0,0
bulliest,NOUN,1,0,0
forlornly,ADV,1,0,0
fitten,NOUN,1,0,0
regretful,ADJ,1,0,0
eyelid,NOUN,1,0,0
waif,NOUN,1,0,0
kneel,ADJ,1,0,0
aloud,ADV,1,0,0
lest,ADP,1,0,0
imminent,ADJ,1,0,0
intruder,NOUN,1,0,0
purloin,VERB,1,0,0
appease,VERB,1,0,0
plausibility,NOUN,1,0,0
hooking,NOUN,1,0,0
valuable,NOUN,1,0,0
sully,VERB,1,0,0
truce,NOUN,1,0,0
curiously,ADJ,1,0,0
inconsistent,ADJ,1,0,0
repose,NOUN,1,0,0
obtrude,VERB,1,0,0
meditation,NOUN,1,0,0
Beaded,PROPN,1,0,1
dewdrop,NOUN,1,0,0
layer,NOUN,1,0,0
woodpecker,NOUN,1,0,0
gray,NOUN,1,0,0
whiten,VERB,1,0,0
multiplied,ADJ,1,0,0
crawl,VERB,1,0,0
sniff,VERB,1,0,0
measure,VERB,1,0,0
inclined,ADJ,1,0,0
curved,ADJ,1,0,0
decisively,ADV,1,0,0
journey,NOUN,1,0,0
piratical,ADJ,1,0,0
uniform,NOUN,1,0,0
ant,NOUN,1,0,0
manfully,ADV,1,0,0
spider,NOUN,1,0,0
dizzy,ADJ,1,0,0
Lady,PROPN,1,0,1
surprise,VERB,1,0,0
credulous,ADJ,1,0,0
simplicity,NOUN,1,0,0
tumblebug,NOUN,1,0,0
sturdily,ADV,1,0,0
riot,VERB,1,0,0
catbird,ADJ,1,0,0
northern,ADJ,1,0,0
mocker,NOUN,1,0,0
trill,VERB,1,0,0
rapture,NOUN,1,0,0
shrill,NOUN,1,0,0
jay,PROPN,1,0,1
cock,VERB,1,0,0
consuming,ADJ,1,0,0
squirrel,NOUN,1,0,0
fox,PROPN,1,0,1
skurrye,VERB,1,0,0
stirring,ADJ,1,0,0
lance,NOUN,1,0,0
sunlight,NOUN,1,0,0
butterfly,NOUN,1,0,0
clatter,VERB,1,0,0
limpid,ADJ,1,0,0
bridge,NOUN,1,0,0
refresh,VERB,1,0,0
ravenous,ADJ,1,0,0
hickory,ADJ,1,0,0
sweeten,VERB,1,0,0
wildwood,NOUN,1,0,0
substitute,NOUN,1,0,0
slice,VERB,1,0,0
handsome,ADJ,1,0,0
bass,NOUN,1,0,0
perch,NOUN,1,0,0
catfish,NOUN,1,0,0
sauce,NOUN,1,0,0
sleeping,NOUN,1,0,0
bathing,NOUN,1,0,0
ingredient,NOUN,1,0,0
make,NOUN,1,1,0
tramp,VERB,1,0,0
decay,VERB,1,0,0
tangled,ADJ,1,0,0
underbrush,NOUN,1,0,0
monarch,NOUN,1,0,0
crown,NOUN,1,0,0
snug,PROPN,1,0,1
nooks,PROPN,1,0,1
carpet,VERB,1,0,0
jewel,VERB,1,0,0
fare,VERB,1,0,0
sumptuously,ADV,1,0,0
brood,VERB,1,0,0
bud,VERB,1,0,0
homesickness,NOUN,1,0,0
brave,ADJ,1,0,0
dully,ADV,1,0,0
unbroken,ADJ,1,0,0
Hark,PROPN,1,0,1
jet,NOUN,1,0,0
throb,NOUN,1,0,0
Bill,PROPN,1,0,1
Turner,PROPN,1,0,1
loaf,NOUN,1,0,0
quicksilver,NOUN,1,0,0
afloat,ADV,1,0,0
ignorant,ADJ,1,0,0
uninstructe,VERB,1,0,0
intelligently,ADV,1,0,0
errand,NOUN,1,0,0
revealing,ADJ,1,0,0
flash,VERB,1,0,0
gorgeous,ADJ,1,0,0
unkindness,ADJ,1,0,0
indulge,VERB,1,0,0
frolic,NOUN,1,0,0
unawares,ADV,1,0,0
roundabout,ADJ,1,0,0
wither,VERB,1,0,0
uncommitted,ADJ,1,0,0
waverer,NOUN,1,0,0
cling,VERB,1,0,0
Mutiny,PROPN,1,0,1
effectually,ADV,1,0,0
motionless,NOUN,1,0,0
flickering,NOUN,1,0,0
semi,NOUN,1,0,0
cylinder,NOUN,1,0,0
schoolboy,NOUN,1,0,0
inestimable,ADJ,1,0,0
India,PROPN,1,0,1
rubber,NOUN,1,0,0
fishhook,NOUN,1,0,0
nough,NOUN,1,0,0
halfway,ADV,1,0,0
wading,ADJ,1,0,0
confidently,ADV,1,0,0
upstream,NOUN,1,0,0
bark,PROPN,1,0,1
streaming,ADJ,1,0,0
opposite,ADP,1,0,0
blink,VERB,1,0,0
yawl,NOUN,1,0,0
thwart,NOUN,1,0,0
tap,VERB,1,0,0
swell,NOUN,1,0,0
voyage,NOUN,1,0,0
overboard,ADV,1,0,0
downstream,ADJ,1,0,0
unfrequented,ADJ,1,0,0
group,VERB,1,0,0
latch,NOUN,1,0,0
blow,NOUN,1,0,0
misch,PROPN,1,0,1
ee,PROPN,1,0,1
vous,ADJ,1,0,0
harum,NOUN,1,0,0
devilment,NOUN,1,0,0
unselfish,ADJ,1,0,0
giveth,NOUN,1,0,0
hath,VERB,1,0,0
cretur,NOUN,1,0,0
kindly,ADJ,1,0,0
nobler,ADJ,1,0,0
sufficiently,ADV,1,0,0
long,NOUN,1,0,0
rush,VERB,1,0,0
overwhelm,VERB,1,0,0
theatrical,ADJ,1,0,0
gorgeousness,NOUN,1,0,0
strongly,ADV,1,0,0
conjecture,VERB,1,0,0
missing,ADJ,1,0,0
lodge,VERB,1,0,0
fruitless,ADJ,1,0,0
drowning,NOUN,1,0,0
mid,NOUN,1,0,0
swimmer,NOUN,1,0,0
preach,VERB,1,0,0
bereaved,ADJ,1,0,0
console,VERB,1,0,0
tender,ADJ,1,0,0
touchingly,ADV,1,0,0
appealingly,ADV,1,0,0
welter,VERB,1,0,0
unrestfully,ADV,1,0,0
scroll,NOUN,1,0,0
solution,NOUN,1,0,0
hastily,ADV,1,0,0
faded,ADJ,1,0,0
exit,NOUN,1,0,0
latch,VERB,1,0,0
boldly,ADV,1,0,0
tenantless,NOUN,1,0,0
graven,ADJ,1,0,0
image,NOUN,1,0,0
untie,VERB,1,0,0
upstream,ADV,1,0,0
across,ADV,1,1,0
stoutly,ADV,1,0,0
legitimate,ADJ,1,0,0
prey,NOUN,1,0,0
thorough,ADJ,1,0,0
revelation,NOUN,1,0,0
meanwhile,ADV,1,1,0
gilding,VERB,1,0,0
desert,NOUN,1,0,0
ours,ADJ,1,1,0
sumptuous,ADJ,1,0,0
recount,VERB,1,0,0
boastful,ADJ,1,0,0
shady,ADJ,1,0,0
turtle,NOUN,1,0,0
poking,NOUN,1,0,0
walnut,NOUN,1,0,0
whooping,ADJ,1,0,0
frolic,PROPN,1,0,1
latter,ADV,1,1,0
splashed,ADJ,1,0,0
duck,VERB,1,0,0
sputtering,ADJ,1,0,0
post,NOUN,1,0,0
knuck,NOUN,1,0,0
ringtaw,PROPN,1,0,1
stale,ADJ,1,0,0
rattlesnake,NOUN,1,0,0
ankle,NOUN,1,0,0
cramp,NOUN,1,0,0
longingly,ADV,1,0,0
erase,VERB,1,0,0
resurrection,NOUN,1,0,0
homesick,VERB,1,0,0
downhearte,VERB,1,0,0
mutinous,ADJ,1,0,0
go,NOUN,1,1,0
shucks,NOUN,1,0,0
alarmed,ADJ,1,0,0
sullenly,ADV,1,0,0
dressing,NOUN,1,0,0
wade,VERB,1,0,0
chatter,VERB,1,0,0
stupendous,ADJ,1,0,0
genius,NOUN,1,0,0
novice,NOUN,1,0,0
grapevine,NOUN,1,0,0
bite,VERB,1,0,0
manly,ADV,1,0,0
charily,ADV,1,0,0
unpleasant,ADJ,1,0,0
gag,VERB,1,0,0
knowed,NOUN,1,0,0
twas,VERB,1,0,0
huck,NOUN,1,0,0
recollect,NOUN,1,0,0
keel,VERB,1,0,0
draw,NOUN,1,0,0
snifter,NOUN,1,0,0
say,NOUN,1,1,0
joe,VERB,1,0,0
careless,ADJ,1,0,0
tobacker,NOUN,1,0,0
pirating,NOUN,1,0,0
flag,VERB,1,0,0
widen,VERB,1,0,0
expectoration,NOUN,1,0,0
marvellously,ADV,1,0,0
pore,NOUN,1,0,0
spouting,NOUN,1,0,0
inundation,NOUN,1,0,0
overflowing,NOUN,1,0,0
retching,NOUN,1,0,0
utterance,NOUN,1,0,0
both,ADV,1,1,0
fast,VERB,1,0,0
talkative,ADJ,1,0,0
humble,ADJ,1,0,0
theirs,NOUN,1,0,0
disagree,VERB,1,0,0
oppressiveness,PROPN,1,0,1
bode,VERB,1,0,0
huddle,VERB,1,0,0
companionship,NOUN,1,0,0
stifle,VERB,1,0,0
vaguely,ADV,1,0,0
came,NOUN,1,0,0
grassblade,NOUN,1,0,0
rolling,NOUN,1,0,0
heaven,NOUN,1,0,0
rumbling,NOUN,1,0,0
chilly,ADJ,1,0,0
snow,VERB,1,0,0
flaky,ADJ,1,0,0
broadcast,VERB,1,0,0
fierce,ADJ,1,0,0
rend,VERB,1,0,0
clung,VERB,1,0,0
raindrop,NOUN,1,0,0
patter,VERB,1,0,0
root,NOUN,1,0,0
furious,ADJ,1,0,0
peal,VERB,1,0,0
boom,VERB,1,0,0
thunderblast,NOUN,1,0,0
streaming,NOUN,1,0,0
fastening,NOUN,1,0,0
tumbling,NOUN,1,0,0
bruise,NOUN,1,0,0
riverbank,NOUN,1,0,0
cleancut,VERB,1,0,0
shadowless,NOUN,1,0,0
distinctness,NOUN,1,0,0
bending,NOUN,1,0,0
billowy,PROPN,1,0,1
foam,NOUN,1,0,0
spumeflake,NOUN,1,0,0
outline,NOUN,1,0,0
cloudrack,NOUN,1,0,0
slanting,ADJ,1,0,0
giant,ADJ,1,0,0
crash,VERB,1,0,0
unflagge,VERB,1,0,0
thunderpeal,NOUN,1,0,0
splitting,ADJ,1,0,0
explosive,ADJ,1,0,0
unspeakably,ADV,1,0,0
appalling,ADJ,1,0,0
culminate,VERB,1,0,0
matchless,NOUN,1,0,0
force,NOUN,1,0,0
threatening,NOUN,1,0,0
grumbling,NOUN,1,0,0
sway,NOUN,1,0,0
awe,VERB,1,0,0
blast,VERB,1,0,0
heedless,ADJ,1,0,0
matter,ADJ,1,0,0
dismay,NOUN,1,0,0
chill,VERB,1,0,0
handbreadth,NOUN,1,0,0
wetting,NOUN,1,0,0
shred,NOUN,1,0,0
under,ADJ,1,1,0
sheltered,ADJ,1,0,0
coax,VERB,1,0,0
pile,VERB,1,0,0
bough,NOUN,1,0,0
furnace,NOUN,1,0,0
gladhearte,VERB,1,0,0
dry,VERB,1,0,0
drearily,ADV,1,0,0
stiff,NOUN,1,0,0
jointed,ADJ,1,0,0
homesick,NOUN,1,0,0
ray,NOUN,1,0,0
mud,NOUN,1,0,0
zebra,NOUN,1,0,0
settlement,NOUN,1,0,0
ambush,NOUN,1,0,0
scalp,VERB,1,0,0
gory,ADJ,1,0,0
consequently,ADV,1,0,0
extremely,ADV,1,0,0
suppertime,NOUN,1,0,0
arose,ADJ,1,0,0
impossibility,NOUN,1,0,0
process,NOUN,1,0,0
savage,NOUN,1,0,0
muster,VERB,1,0,0
whiff,NOUN,1,0,0
behold,ADV,1,0,0
savagery,NOUN,1,0,0
seriously,ADV,1,0,0
prouder,NOUN,1,0,0
acquirement,NOUN,1,0,0
scalping,NOUN,1,0,0
skinning,NOUN,1,0,0
Six,PROPN,1,1,1
brag,VERB,1,0,0
hilarity,NOUN,1,0,0
quiet,NOUN,1,0,0
playmate,NOUN,1,0,0
reverent,ADJ,1,0,0
pregnant,ADJ,1,0,0
prophecy,NOUN,1,0,0
dispute,NOUN,1,0,0
tamper,VERB,1,0,0
ultimately,ADV,1,0,0
gap,VERB,1,0,0
remembrance,NOUN,1,0,0
bid,NOUN,1,0,0
cheapen,VERB,1,0,0
toll,VERB,1,0,0
mournful,ADJ,1,0,0
converse,VERB,1,0,0
funereal,ADJ,1,0,0
expectant,ADJ,1,0,0
dumbness,NOUN,1,0,0
reverently,ADV,1,0,0
communing,NOUN,1,0,0
Resurrection,PROPN,1,0,1
blind,VERB,1,0,0
flaw,NOUN,1,0,0
touching,ADJ,1,0,0
illustrate,VERB,1,0,0
rank,ADJ,1,0,0
rascality,NOUN,1,0,0
deserving,NOUN,1,0,0
cowhide,NOUN,1,0,0
chorus,NOUN,1,0,0
anguished,ADJ,1,0,0
rustle,NOUN,1,0,0
stream,VERB,1,0,0
transfix,VERB,1,0,0
unused,ADJ,1,0,0
thanksgiving,NOUN,1,0,0
unwelcoming,ADJ,1,0,0
slink,VERB,1,0,0
motherless,ADJ,1,0,0
lavish,VERB,1,0,0
capable,ADJ,1,0,0
triumphant,ADJ,1,0,0
rafter,NOUN,1,0,0
ridiculous,ADJ,1,0,0
sung,NOUN,1,0,0
cuff,NOUN,1,0,0
earn,VERB,1,0,0
gratefulness,NOUN,1,0,0
affection,NOUN,1,0,0
paddle,VERB,1,0,0
invalided,ADJ,1,0,0
attentive,ADJ,1,0,0
want,NOUN,1,0,0
twould,AUX,1,0,0
repentant,NOUN,1,0,0
woodbox,NOUN,1,0,0
forehead,NOUN,1,0,0
mercy,NOUN,1,0,0
mischeevous,ADJ,1,0,0
harum,ADJ,1,0,0
gracious,ADJ,1,0,0
prophesy,VERB,1,0,0
embrace,NOUN,1,0,0
audibly,ADV,1,0,0
Milum,PROPN,1,0,1
Father,PROPN,1,0,1
unworthy,ADJ,1,0,0
vanquish,VERB,1,0,0
realism,NOUN,1,0,0
marvellous,ADJ,1,0,0
prancing,NOUN,1,0,0
swagger,NOUN,1,0,0
tolerate,VERB,1,0,0
drummer,NOUN,1,0,0
elephant,NOUN,1,0,0
menagerie,NOUN,1,0,0
consume,VERB,1,0,0
swarthy,ADJ,1,0,0
insufferably,ADV,1,0,0
serenely,ADV,1,0,0
independent,ADJ,1,0,0
distinguish,VERB,1,0,0
scream,VERB,1,0,0
diligent,ADJ,1,0,0
skylarking,NOUN,1,0,0
irresolutely,ADV,1,0,0
disturbed,ADJ,1,0,0
sham,ADJ,1,0,0
vivacity,NOUN,1,0,0
Austin,PROPN,1,0,1
Peters,PROPN,1,0,1
jolly,ADV,1,0,0
ma,NOUN,1,0,0
goody,NOUN,1,0,0
Grace,PROPN,1,0,1
Sally,PROPN,1,0,1
clapping,NOUN,1,0,0
joyful,ADJ,1,0,0
coolly,ADV,1,0,0
forced,ADJ,1,0,0
gayety,NOUN,1,0,0
chattering,NOUN,1,0,0
wounded,ADJ,1,0,0
flirtation,NOUN,1,0,0
lacerate,VERB,1,0,0
mercury,NOUN,1,0,0
cosily,ADV,1,0,0
Jealousy,PROPN,1,0,1
vein,NOUN,1,0,0
reconciliation,NOUN,1,0,0
happily,ADV,1,0,0
function,NOUN,1,0,0
expectantly,ADV,1,0,0
assent,NOUN,1,0,0
misplace,VERB,1,0,0
madden,VERB,1,0,0
prattle,NOUN,1,0,0
hint,VERB,1,0,0
chirp,VERB,1,0,0
artlessly,ADV,1,0,0
Saint,PROPN,1,0,1
aristocracy,ADJ,1,0,0
mister,PROPN,1,0,1
motion,NOUN,1,0,0
pummel,VERB,1,0,0
kicking,NOUN,1,0,0
gouging,NOUN,1,0,0
holler,VERB,1,0,0
nough,PROPN,1,0,1
jealousy,NOUN,1,0,0
absentmindedness,ADV,1,0,0
false,ADJ,1,0,0
jolly,ADJ,1,0,0
patience,NOUN,1,0,0
nooning,NOUN,1,0,0
humiliate,VERB,1,0,0
convenience,NOUN,1,0,0
vent,VERB,1,0,0
bargain,NOUN,1,0,0
unpromising,ADJ,1,0,0
market,NOUN,1,0,0
skin,VERB,1,0,0
softy,NOUN,1,0,0
lo,PROPN,1,0,1
smartness,NOUN,1,0,0
ingenious,ADJ,1,0,0
selfishness,NOUN,1,0,0
thankfull,ADJ,1,0,0
relaxed,ADJ,1,0,0
tenderness,NOUN,1,0,0
tremor,NOUN,1,0,0
heartedness,NOUN,1,0,0
refrain,VERB,1,0,0
commit,VERB,1,0,0
lighthearted,ADJ,1,0,0
hesitation,NOUN,1,0,0
scornfully,ADV,1,0,0
stunned,ADJ,1,0,0
Smarty,PROPN,1,0,1
trounce,VERB,1,0,0
stinging,ADJ,1,0,0
offensive,ADJ,1,0,0
fling,NOUN,1,0,0
near,VERB,1,0,0
unsatisfied,ADJ,1,0,0
darling,NOUN,1,0,0
decree,VERB,1,0,0
urchin,NOUN,1,0,0
titlepage,NOUN,1,0,0
Somebody,PROPN,1,0,1
Anatomy,PROPN,1,0,1
engrave,VERB,1,0,0
frontispiece,NOUN,1,0,0
stark,ADJ,1,0,0
fluster,VERB,1,0,0
onslaught,NOUN,1,0,0
licking,NOUN,1,0,0
skinned,NOUN,1,0,0
backbone,NOUN,1,0,0
tight,ADJ,1,0,0
con,VERB,1,0,0
mob,NOUN,1,0,0
lethargy,NOUN,1,0,0
unknowingly,ADV,1,0,0
custom,ADJ,1,0,0
principle,NOUN,1,0,0
languidly,ADV,1,0,0
finger,VERB,1,0,0
absently,ADV,1,0,0
hunted,ADJ,1,0,0
rabbit,NOUN,1,0,0
level,VERB,1,0,0
imminence,NOUN,1,0,0
emergency,NOUN,1,0,0
invention,NOUN,1,0,0
innocent,ADJ,1,0,0
guilt,NOUN,1,0,0
Benjamin,PROPN,1,0,1
Joseph,PROPN,1,0,1
Susan,PROPN,1,0,1
negative,NOUN,1,0,0
Rebecca,PROPN,1,0,1
brain,NOUN,1,0,0
folly,NOUN,1,0,0
dismembered,ADJ,1,0,0
shine,VERB,1,0,0
outcry,NOUN,1,0,0
merciless,NOUN,1,0,0
flay,VERB,1,0,0
cruelty,NOUN,1,0,0
dismiss,VERB,1,0,0
planning,NOUN,1,0,0
repentance,NOUN,1,0,0
treachery,NOUN,1,0,0
pleasanter,VERB,1,0,0
dreamily,ADV,1,0,0
Vacation,PROPN,1,0,1
severe,ADJ,1,0,0
severer,NOUN,1,0,0
exact,VERB,1,0,0
showing,NOUN,1,0,0
lashing,NOUN,1,0,0
vigorous,ADJ,1,0,0
shiny,ADJ,1,0,0
feebleness,NOUN,1,0,0
tyranny,NOUN,1,0,0
shortcoming,NOUN,1,0,0
plot,VERB,1,0,0
retribution,NOUN,1,0,0
vengeful,ADJ,1,0,0
sweeping,ADJ,1,0,0
worst,VERB,1,0,0
conspire,VERB,1,0,0
ample,ADJ,1,0,0
cause,NOUN,1,0,0
dominie,PROPN,1,0,1
Evening,PROPN,1,0,1
nap,VERB,1,0,0
awaken,VERB,1,0,0
fulness,NOUN,1,0,0
brilliantly,ADV,1,0,0
wreath,NOUN,1,0,0
festoon,NOUN,1,0,0
mellow,ADJ,1,0,0
dignitary,NOUN,1,0,0
temporary,ADJ,1,0,0
gawky,ADJ,1,0,0
snowbank,VERB,1,0,0
muslin,ADJ,1,0,0
trinket,NOUN,1,0,0
pink,ADJ,1,0,0
participating,ADJ,1,0,0
scarce,NOUN,1,0,0
spasmodic,ADJ,1,0,0
manufacture,VERB,1,0,0
shameface,VERB,1,0,0
lisp,VERB,1,0,0
curtsy,NOUN,1,0,0
meed,NOUN,1,0,0
conceited,ADJ,1,0,0
soar,VERB,1,0,0
unquenchable,ADJ,1,0,0
indestructible,ADJ,1,0,0
liberty,NOUN,1,0,0
fury,NOUN,1,0,0
gesticulation,NOUN,1,0,0
disaster,NOUN,1,0,0
defeat,VERB,1,0,0
Burning,PROPN,1,0,1
Deck,PROPN,1,0,1
Assyrian,PROPN,1,0,1
declamatory,NOUN,1,0,0
gem,NOUN,1,0,0
meagre,ADJ,1,0,0
latin,ADJ,1,0,0
labored,ADJ,1,0,0
punctuation,NOUN,1,0,0
theme,NOUN,1,0,0
similar,ADJ,1,0,0
doubtless,VERB,1,0,0
ancestor,NOUN,1,0,0
female,ADJ,1,0,0
clear,ADV,1,0,0
Crusades,PROPN,1,0,1
Friendship,PROPN,1,0,1
History,PROPN,1,0,1
Advantages,PROPN,1,0,1
Culture,PROPN,1,0,1
Political,PROPN,1,0,1
Government,PROPN,1,0,1
contrast,VERB,1,0,0
Filial,PROPN,1,0,1
Love,PROPN,1,0,1
Heart,PROPN,1,0,1
Longings,PROPN,1,0,1
nursed,ADJ,1,0,0
pet,VERB,1,0,0
wasteful,ADJ,1,0,0
opulent,ADJ,1,0,0
tendency,NOUN,1,0,0
prize,VERB,1,0,0
peculiarity,NOUN,1,0,0
brainracking,NOUN,1,0,0
squirm,VERB,1,0,0
edification,NOUN,1,0,0
glaring,ADJ,1,0,0
insincerity,NOUN,1,0,0
compass,VERB,1,0,0
banishment,NOUN,1,0,0
frivolous,ADJ,1,0,0
pious,ADJ,1,0,0
homely,ADV,1,0,0
unpalatable,ADJ,1,0,0
extract,NOUN,1,0,0
youthful,ADJ,1,0,0
anticipated,ADJ,1,0,0
sketch,VERB,1,0,0
rose,NOUN,1,0,0
fancy,ADJ,1,0,0
voluptuous,ADJ,1,0,0
votary,NOUN,1,0,0
festive,ADJ,1,0,0
observer,NOUN,1,0,0
graceful,ADJ,1,0,0
array,VERB,1,0,0
snowy,ADJ,1,0,0
joyous,ADJ,1,0,0
dance,NOUN,1,0,0
assembly,NOUN,1,0,0
glide,NOUN,1,0,0
welcome,ADJ,1,0,0
elysian,ADJ,1,0,0
enchanted,ADJ,1,0,0
charming,ADJ,1,0,0
beneath,ADP,1,0,0
goodly,ADV,1,0,0
exterior,NOUN,1,0,0
flattery,NOUN,1,0,0
charm,VERB,1,0,0
harshly,ADV,1,0,0
ballroom,NOUN,1,0,0
imbittere,VERB,1,0,0
conviction,NOUN,1,0,0
earthly,ADJ,1,0,0
afflict,VERB,1,0,0
enthusiastic,ADJ,1,0,0
paleness,NOUN,1,0,0
pill,NOUN,1,0,0
indigestion,NOUN,1,0,0
stanzas,NOUN,1,0,0
MISSOURI,PROPN,1,0,1
MAIDEN,PROPN,1,0,1
farewell,NOUN,1,0,0
ALABAMA,PROPN,1,0,1
goodbye,NOUN,1,0,0
Sad,PROPN,1,0,1
doth,PROPN,1,0,1
swell,PROPN,1,0,1
recollection,NOUN,1,0,0
flowery,NOUN,1,0,0
Tallapoosa,PROPN,1,0,1
Tallassee,PROPN,1,0,1
war,VERB,1,0,0
flood,NOUN,1,0,0
woo,VERB,1,0,0
Coosa,PROPN,1,0,1
side,ADJ,1,1,0
Aurora,PROPN,1,0,1
blush,NOUN,1,0,0
stranger,ADJ,1,0,0
welcome,INTJ,1,0,0
whose,PRON,1,1,0
vale,NOUN,1,0,0
spire,NOUN,1,0,0
tête,PROPN,1,0,1
tête,NOUN,1,0,0
meant,NOUN,1,0,0
dark,ADV,1,0,0
complexion,VERB,1,0,0
haired,ADJ,1,0,0
tragic,ADJ,1,0,0
VISION,PROPN,1,0,1
Dark,PROPN,1,0,1
tempestuous,ADJ,1,0,0
quiver,VERB,1,0,0
vibrate,VERB,1,0,0
revel,VERB,1,0,0
scorn,VERB,1,0,0
exert,VERB,1,0,0
Franklin,PROPN,1,0,1
boisterous,ADJ,1,0,0
unanimously,ADV,1,0,0
bluster,VERB,1,0,0
enhance,VERB,1,0,0
wildness,NOUN,1,0,0
thereof,ADV,1,0,0
counsellor,NOUN,1,0,0
comforter,NOUN,1,0,0
guide,NOUN,1,0,0
sunny,ADJ,1,0,0
Eden,PROPN,1,0,1
queen,NOUN,1,0,0
unadorned,ADJ,1,0,0
save,NOUN,1,0,0
transcendent,NOUN,1,0,0
loveliness,NOUN,1,0,0
magical,ADJ,1,0,0
thrill,NOUN,1,0,0
impart,VERB,1,0,0
genial,ADJ,1,0,0
unobtrusive,ADJ,1,0,0
unperceived,ADJ,1,0,0
unsought,NOUN,1,0,0
sadness,NOUN,1,0,0
icy,ADJ,1,0,0
December,PROPN,1,0,1
element,NOUN,1,0,0
bid,VERB,1,0,0
nightmare,NOUN,1,0,0
destructive,ADJ,1,0,0
non,NOUN,1,0,0
Presbyterians,PROPN,1,0,1
Daniel,PROPN,1,0,1
Webster,PROPN,1,0,1
beauteous,NOUN,1,0,0
average,NOUN,1,0,0
mellow,VERB,1,0,0
geniality,NOUN,1,0,0
map,NOUN,1,0,0
unsteady,ADJ,1,0,0
right,VERB,1,0,0
sponge,VERB,1,0,0
remade,VERB,1,0,0
distort,VERB,1,0,0
pronounced,ADJ,1,0,0
manifestly,ADV,1,0,0
haunch,NOUN,1,0,0
mewing,NOUN,1,0,0
intangible,ADJ,1,0,0
trophy,NOUN,1,0,0
pate,NOUN,1,0,0
gild,VERB,1,0,0
avenge,VERB,1,0,0
pretended,ADJ,1,0,0
quote,VERB,1,0,0
Prose,PROPN,1,0,1
Poetry,PROPN,1,0,1
precisely,ADV,1,0,0
schoolgirl,NOUN,1,0,0
hence,ADV,1,1,0
showy,ADJ,1,0,0
abstain,VERB,1,0,0
chewing,NOUN,1,0,0
profanity,NOUN,1,0,0
withdraw,VERB,1,0,0
Frazer,PROPN,1,0,1
deathbed,NOUN,1,0,0
official,NOUN,1,0,0
practise,NOUN,1,0,0
discouraging,ADJ,1,0,0
fluctuating,NOUN,1,0,0
mend,NOUN,1,0,0
convalescent,VERB,1,0,0
disgust,VERB,1,0,0
resignation,NOUN,1,0,0
parade,VERB,1,0,0
coveted,ADJ,1,0,0
attempt,VERB,1,0,0
diary,NOUN,1,0,0
minstrel,NOUN,1,0,0
band,NOUN,1,0,0
performer,NOUN,1,0,0
Glorious,PROPN,1,0,1
Benton,PROPN,1,0,1
Senator,PROPN,1,0,1
carpeting,NOUN,1,0,0
admission,NOUN,1,0,0
circuse,VERB,1,0,0
phrenologist,NOUN,1,0,0
mesmerizer,NOUN,1,0,0
duller,NOUN,1,0,0
voids,NOUN,1,0,0
ache,PROPN,1,0,1
chronic,ADJ,1,0,0
cancer,NOUN,1,0,0
permanency,NOUN,1,0,0
happening,NOUN,1,0,0
downtown,ADJ,1,0,0
revival,NOUN,1,0,0
sinful,ADJ,1,0,0
Testament,PROPN,1,0,1
tract,NOUN,1,0,0
ton,NOUN,1,0,0
desperation,NOUN,1,0,0
realize,VERB,1,0,0
clap,NOUN,1,0,0
bedclothe,NOUN,1,0,0
suspense,NOUN,1,0,0
hubbub,NOUN,1,0,0
tax,VERB,1,0,0
forbearance,NOUN,1,0,0
extremity,NOUN,1,0,0
endurance,NOUN,1,0,0
ammunition,NOUN,1,0,0
battery,NOUN,1,0,0
artillery,NOUN,1,0,0
incongruous,ADJ,1,0,0
expensive,ADJ,1,0,0
thunderstorm,NOUN,1,0,0
turf,NOUN,1,0,0
reform,NOUN,1,0,0
relapse,VERB,1,0,0
spar,VERB,1,0,0
estate,NOUN,1,0,0
companionless,ADJ,1,0,0
melon,NOUN,1,0,0
absorbing,ADJ,1,0,0
gossip,NOUN,1,0,0
unseal,VERB,1,0,0
assure,VERB,1,0,0
discreet,ADJ,1,0,0
bout,VERB,1,0,0
solitary,ADJ,1,0,0
halfbree,VERB,1,0,0
drownd,VERB,1,0,0
surer,NOUN,1,0,0
loafs,NOUN,1,0,0
lord,PROPN,1,0,1
knit,VERB,1,0,0
dicken,NOUN,1,0,0
bloodiest,NOUN,1,0,0
lynch,VERB,1,0,0
luckless,ADJ,1,0,0
cell,NOUN,1,0,0
gift,NOUN,1,0,0
smote,VERB,1,0,0
cowardly,ADV,1,0,0
fishin,ADJ,1,0,0
account,VERB,1,0,0
litter,NOUN,1,0,0
furder,ADJ,1,0,0
muck,NOUN,1,0,0
yourn,VERB,1,0,0
irresistible,ADJ,1,0,0
studiously,ADV,1,0,0
idler,NOUN,1,0,0
saunter,VERB,1,0,0
invariably,ADV,1,0,0
distressing,NOUN,1,0,0
potter,NOUN,1,0,0
firm,ADJ,1,0,0
unshaken,ADJ,1,0,0
courthouse,NOUN,1,0,0
equally,ADV,1,0,0
timid,ADJ,1,0,0
chain,NOUN,1,0,0
delay,NOUN,1,0,0
fascinating,ADJ,1,0,0
brook,NOUN,1,0,0
questioning,NOUN,1,0,0
finding,NOUN,1,0,0
annoyance,NOUN,1,0,0
depose,VERB,1,0,0
behavior,NOUN,1,0,0
questioned,ADJ,1,0,0
credible,ADJ,1,0,0
dissatisfaction,NOUN,1,0,0
provoke,VERB,1,0,0
reproof,NOUN,1,0,0
rock,VERB,1,0,0
fro,PROPN,1,0,1
foreshadow,VERB,1,0,0
blind,ADJ,1,0,0
irresponsible,ADJ,1,0,0
delirium,NOUN,1,0,0
drink,NOUN,1,0,0
plea,NOUN,1,0,0
puzzled,ADJ,1,0,0
amazement,NOUN,1,0,0
except,VERB,1,0,0
seventeenth,NOUN,1,0,0
June,PROPN,1,0,1
contemptuous,ADJ,1,0,0
Horse,PROPN,1,0,1
confused,ADJ,1,0,0
diffident,NOUN,1,0,0
skeleton,NOUN,1,0,0
skip,NOUN,1,0,0
bat,VERB,1,0,0
rapt,VERB,1,0,0
pent,ADJ,1,0,0
climax,NOUN,1,0,0
Crash,PROPN,1,0,1
opposer,NOUN,1,0,0
pet,NOUN,1,0,0
immortal,ADJ,1,0,0
magnify,VERB,1,0,0
fickle,ADJ,1,0,0
unreasone,VERB,1,0,0
lavishly,ADV,1,0,0
infest,VERB,1,0,0
leak,VERB,1,0,0
dismalest,ADJ,1,0,0
race,NOUN,1,0,0
wellnigh,PROPN,1,0,1
obliterate,VERB,1,0,0
Daily,PROPN,1,0,1
scour,VERB,1,0,0
omniscient,NOUN,1,0,0
mouse,VERB,1,0,0
achieve,VERB,1,0,0
insecure,ADJ,1,0,0
slightly,ADV,1,0,0
lightened,ADJ,1,0,0
rightly,ADV,1,0,0
sally,VERB,1,0,0
confidentially,ADV,1,0,0
capital,NOUN,1,0,0
superabundance,NOUN,1,0,0
cipher,VERB,1,0,0
Hyro,PROPN,1,0,1
bully,ADV,1,0,0
gimme,VERB,1,0,0
don,VERB,1,0,0
Europe,PROPN,1,0,1
granny,NOUN,1,0,0
hopping,NOUN,1,0,0
humpbacked,ADJ,1,0,0
tramp,NOUN,1,0,0
soda,NOUN,1,0,0
thish,ADJ,1,0,0
clean,VERB,1,0,0
yourn,NOUN,1,0,0
bull,NOUN,1,0,0
married,ADJ,1,0,0
fight,ADJ,1,0,0
gal,PROPN,1,0,1
do,NOUN,1,1,0
halfhour,NOUN,1,0,0
peg,VERB,1,0,0
swab,VERB,1,0,0
beaded,ADJ,1,0,0
maow,VERB,1,0,0
lurk,VERB,1,0,0
murky,PROPN,1,0,1
baying,NOUN,1,0,0
hound,NOUN,1,0,0
sepulchral,ADJ,1,0,0
commence,VERB,1,0,0
shadder,NOUN,1,0,0
dot,NOUN,1,0,0
shroud,NOUN,1,0,0
noticing,NOUN,1,0,0
grit,VERB,1,0,0
hender,VERB,1,0,0
moonlit,PROPN,1,0,1
isolate,VERB,1,0,0
crumble,VERB,1,0,0
befit,VERB,1,0,0
berth,NOUN,1,0,0
measurably,ADV,1,0,0
mentally,ADV,1,0,0
pop,VERB,1,0,0
Might,PROPN,1,1,1
dreampt,NOUN,1,0,0
sharp,ADV,1,0,0
Cracky,PROPN,1,0,1
bishop,NOUN,1,0,0
plug,VERB,1,0,0
nobby,ADJ,1,0,0
prospect,NOUN,1,0,0
homeward,PROPN,1,0,1
athwart,VERB,1,0,0
chat,NOUN,1,0,0
thrust,NOUN,1,0,0
shoulder,VERB,1,0,0
trifle,VERB,1,0,0
fulfil,VERB,1,0,0
bake,VERB,1,0,0
desolation,NOUN,1,0,0
weedgrown,NOUN,1,0,0
floorless,ADJ,1,0,0
unplastere,VERB,1,0,0
ruinous,ADJ,1,0,0
staircase,NOUN,1,0,0
cobwebs,NOUN,1,0,0
quickened,ADJ,1,0,0
alert,ADJ,1,0,0
tense,ADJ,1,0,0
boldness,NOUN,1,0,0
ascent,NOUN,1,0,0
decay,NOUN,1,0,0
courage,NOUN,1,0,0
knothole,NOUN,1,0,0
planking,NOUN,1,0,0
serape,NOUN,1,0,0
bushy,ADJ,1,0,0
sombrero,NOUN,1,0,0
goggle,NOUN,1,0,0
Milksop,PROPN,1,0,1
quake,NOUN,1,0,0
suspicion,VERB,1,0,0
shanty,NOUN,1,0,0
luncheon,NOUN,1,0,0
lad,X,1,0,0
leg,VERB,1,0,0
yawning,NOUN,1,0,0
curl,VERB,1,0,0
lower,ADV,1,0,0
wrung,VERB,1,0,0
creak,NOUN,1,0,0
grimly,ADV,1,0,0
south,ADV,1,0,0
matter,VERB,1,0,0
accident,NOUN,1,0,0
regularly,ADV,1,0,0
hearth,NOUN,1,0,0
jingle,VERB,1,0,0
subtract,VERB,1,0,0
gloating,NOUN,1,0,0
auspex,NOUN,1,0,0
bothersome,ADJ,1,0,0
nudge,VERB,1,0,0
gold,ADJ,1,0,0
amongst,ADP,1,1,0
shovel,ADJ,1,0,0
critically,ADV,1,0,0
unearth,VERB,1,0,0
blissful,ADJ,1,0,0
Pard,PROPN,1,0,1
Murrel,PROPN,1,0,1
Nance,PROPN,1,0,1
kid,NOUN,1,0,0
ravish,VERB,1,0,0
Sachem,PROPN,1,0,1
timber,NOUN,1,0,0
debris,NOUN,1,0,0
cursing,NOUN,1,0,0
object,VERB,1,0,0
grumble,VERB,1,0,0
deepening,NOUN,1,0,0
chink,NOUN,1,0,0
townward,ADJ,1,0,0
palpable,ADJ,1,0,0
improvement,NOUN,1,0,0
nothingness,NOUN,1,0,0
wakefulness,ADJ,1,0,0
station,NOUN,1,0,0
fanciful,ADJ,1,0,0
analyze,VERB,1,0,0
bushel,NOUN,1,0,0
vague,NOUN,1,0,0
ungraspable,ADJ,1,0,0
sensibly,ADV,1,0,0
attrition,NOUN,1,0,0
impression,NOUN,1,0,0
hurried,ADJ,1,0,0
gunwale,NOUN,1,0,0
flatboat,NOUN,1,0,0
Silence,PROPN,1,0,1
pile,NOUN,1,0,0
Goody,PROPN,1,0,1
occupied,ADJ,1,0,0
ostentatious,ADJ,1,0,0
No,PROPN,1,1,1
doorkey,NOUN,1,0,0
spy,NOUN,1,0,0
whereupon,SCONJ,1,1,0
blindfold,VERB,1,0,0
auspicious,ADJ,1,0,0
interrupt,VERB,1,0,0
closely,ADV,1,0,0
adventurer,NOUN,1,0,0
sentry,NOUN,1,0,0
frighten,VERB,1,0,0
momentarily,ADV,1,0,0
inhale,VERB,1,0,0
thimblefuls,NOUN,1,0,0
racket,NOUN,1,0,0
Great,PROPN,1,0,1
Caesar,PROPN,1,0,1
Ghost,PROPN,1,0,1
Taverns,PROPN,1,0,1
scary,ADJ,1,0,0
Hooper,PROPN,1,0,1
Street,PROPN,1,0,1
maow,NOUN,1,0,0
gravel,NOUN,1,0,0
hayloft,NOUN,1,0,0
nigger,ADJ,1,0,0
tote,VERB,1,0,0
becuz,ADV,1,0,0
sometime,ADV,1,1,0
secondary,ADJ,1,0,0
exhausting,ADJ,1,0,0
hispy,NOUN,1,0,0
gully,ADV,1,0,0
moderate,ADJ,1,0,0
sunset,NOUN,1,0,0
straightway,VERB,1,0,0
picnicker,NOUN,1,0,0
Morning,PROPN,1,0,1
rollick,VERB,1,0,0
charter,VERB,1,0,0
laden,ADJ,1,0,0
mamma,PROPN,1,0,1
behave,VERB,1,0,0
stead,ADJ,1,0,0
ice,NOUN,1,0,0
mamma,VERB,1,0,0
tempting,ADJ,1,0,0
persuasion,NOUN,1,0,0
programme,NOUN,1,0,0
outweigh,VERB,1,0,0
uncertain,ADJ,1,0,0
inclination,NOUN,1,0,0
craggy,PROPN,1,0,1
rover,NOUN,1,0,0
refreshing,ADJ,1,0,0
procure,VERB,1,0,0
scamper,NOUN,1,0,0
hillside,NOUN,1,0,0
letter,NOUN,1,0,0
massive,ADJ,1,0,0
oaken,VERB,1,0,0
unbarred,ADJ,1,0,0
chilly,ADV,1,0,0
icehouse,NOUN,1,0,0
wall,VERB,1,0,0
green,PROPN,1,0,1
romping,NOUN,1,0,0
gallant,NOUN,1,0,0
clamor,NOUN,1,0,0
chase,NOUN,1,0,0
descent,NOUN,1,0,0
lofty,ADJ,1,0,0
junction,NOUN,1,0,0
lofty,NOUN,1,0,0
crooked,ADJ,1,0,0
intricate,ADJ,1,0,0
impossible,ADJ,1,0,0
elude,VERB,1,0,0
hilarious,ADJ,1,0,0
tallow,ADJ,1,0,0
dripping,NOUN,1,0,0
daub,VERB,1,0,0
clanging,NOUN,1,0,0
sixpence,NOUN,1,0,0
glinting,NOUN,1,0,0
vehicle,NOUN,1,0,0
betook,VERB,1,0,0
Eleven,PROPN,1,1,1
wake,NOUN,1,0,0
commune,VERB,1,0,0
invisible,ADJ,1,0,0
crossstreet,NOUN,1,0,0
halfway,ADP,1,0,0
beating,NOUN,1,0,0
Heavens,PROPN,1,0,1
ague,NOUN,1,0,0
damn,ADV,1,0,0
deadly,ADJ,1,0,0
elapse,VERB,1,0,0
jug,VERB,1,0,0
millionth,ADJ,1,0,0
Kill,PROPN,1,0,1
bosh,ADV,1,0,0
sow,NOUN,1,0,0
safest,ADJ,1,0,0
flinch,VERB,1,0,0
quick,ADV,1,0,0
murderous,ADJ,1,0,0
gingerly,ADV,1,0,0
plant,VERB,1,0,0
firmly,ADV,1,0,0
legged,ADJ,1,0,0
precarious,ADJ,1,0,0
topple,VERB,1,0,0
elaboration,NOUN,1,0,0
snap,VERB,1,0,0
secure,ADJ,1,0,0
nimble,ADJ,1,0,0
stalwart,ADJ,1,0,0
in,VERB,1,1,0
lad,PROPN,1,0,1
bowlder,NOUN,1,0,0
lagging,NOUN,1,0,0
firearm,NOUN,1,0,0
inmate,NOUN,1,0,0
trigger,NOUN,1,0,0
welcome,VERB,1,0,0
vagabond,NOUN,1,0,0
pleasantest,NOUN,1,0,0
speedily,ADV,1,0,0
piping,NOUN,1,0,0
sneeze,VERB,1,0,0
sneeze,NOUN,1,0,0
scoundrel,NOUN,1,0,0
jiffy,NOUN,1,0,0
bullet,NOUN,1,0,0
whiz,VERB,1,0,0
chasing,NOUN,1,0,0
constable,NOUN,1,0,0
posse,NOUN,1,0,0
mean,ADV,1,0,0
looking,ADJ,1,0,0
slunk,VERB,1,0,0
frame,VERB,1,0,0
duly,ADV,1,0,0
agin,VERB,1,0,0
sort,ADV,1,0,0
upstreet,NOUN,1,0,0
shackly,ADJ,1,0,0
agin,NOUN,1,0,0
stole,VERB,1,0,0
follered,ADJ,1,0,0
dog,VERB,1,0,0
beg,NOUN,1,0,0
determined,ADJ,1,0,0
embellishment,NOUN,1,0,0
bulky,ADJ,1,0,0
leap,VERB,1,0,0
suddenness,NOUN,1,0,0
unutterably,ADV,1,0,0
boring,ADJ,1,0,0
senseless,ADJ,1,0,0
distressed,ADJ,1,0,0
joyously,ADV,1,0,0
bill,NOUN,1,0,0
flighty,NOUN,1,0,0
balance,NOUN,1,0,0
irritated,ADJ,1,0,0
goose,NOUN,1,0,0
parcel,NOUN,1,0,0
suggestion,NOUN,1,0,0
whole,NOUN,1,1,0
knock,NOUN,1,0,0
connect,VERB,1,0,0
remotely,ADV,1,0,0
preservation,NOUN,1,0,0
outspoken,ADJ,1,0,0
madam,PROPN,1,0,1
beholden,ADJ,1,0,0
excite,VERB,1,0,0
belittle,VERB,1,0,0
transmit,VERB,1,0,0
retell,VERB,1,0,0
countenance,NOUN,1,0,0
homeward,ADJ,1,0,0
blurt,VERB,1,0,0
swoon,VERB,1,0,0
alarm,NOUN,1,0,0
street,PROPN,1,0,1
wildly,ADV,1,0,0
clanging,ADJ,1,0,0
insignificance,NOUN,1,0,0
saddle,VERB,1,0,0
man,VERB,1,0,0
highroad,NOUN,1,0,0
craze,VERB,1,0,0
message,NOUN,1,0,0
convey,VERB,1,0,0
spatter,VERB,1,0,0
physician,NOUN,1,0,0
forenoon,NOUN,1,0,0
remoteness,NOUN,1,0,0
reverberation,NOUN,1,0,0
trace,VERB,1,0,0
soil,VERB,1,0,0
relic,NOUN,1,0,0
memorial,NOUN,1,0,0
latest,ADV,1,0,0
glimmer,VERB,1,0,0
sickening,ADJ,1,0,0
searcher,ADV,1,0,0
accidental,ADJ,1,0,0
proprietor,NOUN,1,0,0
lucid,ADJ,1,0,0
powwow,NOUN,1,0,0
weariness,NOUN,1,0,0
murky,ADJ,1,0,0
dub,VERB,1,0,0
descriptive,ADJ,1,0,0
Drawing,PROPN,1,0,1
Cathedral,PROPN,1,0,1
frolicking,NOUN,1,0,0
zeal,NOUN,1,0,0
wearisome,ADJ,1,0,0
sinuous,ADJ,1,0,0
tangle,VERB,1,0,0
webwork,NOUN,1,0,0
postoffice,NOUN,1,0,0
motto,NOUN,1,0,0
fresco,VERB,1,0,0
frescoed,ADJ,1,0,0
overhang,VERB,1,0,0
shelf,NOUN,1,0,0
ledge,NOUN,1,0,0
sediment,NOUN,1,0,0
laced,ADJ,1,0,0
ruffle,VERB,1,0,0
Niagara,PROPN,1,0,1
gleam,VERB,1,0,0
imperishable,ADJ,1,0,0
curtain,VERB,1,0,0
discoverer,NOUN,1,0,0
guidance,NOUN,1,0,0
wound,VERB,1,0,0
ceiling,NOUN,1,0,0
multitude,NOUN,1,0,0
circumference,NOUN,1,0,0
admiring,ADJ,1,0,0
numerous,ADJ,1,0,0
bewitching,NOUN,1,0,0
incrust,VERB,1,0,0
frostwork,NOUN,1,0,0
fantastic,ADJ,1,0,0
pillar,NOUN,1,0,0
joining,NOUN,1,0,0
century,NOUN,1,0,0
knot,NOUN,1,0,0
squeaking,NOUN,1,0,0
fugitive,NOUN,1,0,0
perilous,ADJ,1,0,0
subterranean,ADJ,1,0,0
border,NOUN,1,0,0
clammy,ADJ,1,0,0
north,ADV,1,0,0
south,ADJ,1,0,0
east,NOUN,1,0,0
whichever,PRON,1,0,0
apprehensive,ADJ,1,0,0
crookedness,NOUN,1,0,0
encouraging,ADJ,1,0,0
hopeful,ADJ,1,0,0
diverging,NOUN,1,0,0
sheer,ADJ,1,0,0
leaden,ADJ,1,0,0
breathing,NOUN,1,0,0
mocking,NOUN,1,0,0
chillier,ADJ,1,0,0
ghostly,ADJ,1,0,0
indecision,NOUN,1,0,0
appal,VERB,1,0,0
jeer,VERB,1,0,0
pluck,VERB,1,0,0
aimlessly,ADV,1,0,0
reviving,NOUN,1,0,0
revive,VERB,1,0,0
economy,NOUN,1,0,0
claim,NOUN,1,0,0
progress,VERB,1,0,0
fruit,NOUN,1,0,0
frail,NOUN,1,0,0
thread,ADJ,1,0,0
sarcasm,NOUN,1,0,0
bore,NOUN,1,0,0
drowse,VERB,1,0,0
smooth,ADJ,1,0,0
bygone,ADJ,1,0,0
dreamy,ADJ,1,0,0
breezy,ADJ,1,0,0
estimate,VERB,1,0,0
dissent,NOUN,1,0,0
grownup,NOUN,1,0,0
moiety,NOUN,1,0,0
abundance,NOUN,1,0,0
wailing,NOUN,1,0,0
sens,NOUN,1,0,0
her,NOUN,1,1,0
melt,VERB,1,0,0
pitilessly,ADV,1,0,0
wick,ADJ,1,0,0
column,NOUN,1,0,0
linger,ADJ,1,0,0
utter,ADJ,1,0,0
hideously,ADV,1,0,0
captive,NOUN,1,0,0
morsel,NOUN,1,0,0
whet,VERB,1,0,0
SH,PROPN,1,0,1
pitfall,NOUN,1,0,0
rate,NOUN,1,0,0
hopefully,ADV,1,0,0
idleness,NOUN,1,0,0
projection,NOUN,1,0,0
unwind,VERB,1,0,0
take,NOUN,1,1,0
disguise,VERB,1,0,0
tempt,VERB,1,0,0
superior,ADJ,1,0,0
risk,VERB,1,0,0
apathy,NOUN,1,0,0
escape,NOUN,1,0,0
distress,VERB,1,0,0
wan,VERB,1,0,0
petitioner,NOUN,1,0,0
majority,NOUN,1,0,0
avocation,NOUN,1,0,0
heartbreaking,ADJ,1,0,0
wearily,ADV,1,0,0
horn,NOUN,1,0,0
din,NOUN,1,0,0
population,NOUN,1,0,0
mass,VERB,1,0,0
carriage,NOUN,1,0,0
march,PROPN,1,0,1
magnificently,ADV,1,0,0
huzzah,NOUN,1,0,0
huzzah,PROPN,1,0,1
messenger,NOUN,1,0,0
dispatch,VERB,1,0,0
sofa,NOUN,1,0,0
eager,ADJ,1,0,0
auditory,NOUN,1,0,0
striking,ADJ,1,0,0
good,PROPN,1,0,1
news,PROPN,1,0,1
labor,VERB,1,0,0
convince,VERB,1,0,0
aboard,ADV,1,0,0
twine,NOUN,1,0,0
string,VERB,1,0,0
bedridden,ADJ,1,0,0
wasting,NOUN,1,0,0
illness,NOUN,1,0,0
daily,ADV,1,0,0
plenty,ADV,1,0,0
ironically,ADV,1,0,0
sheathe,VERB,1,0,0
boiler,NOUN,1,0,0
triple,ADV,1,0,0
boy,INTJ,1,0,0
bore,PROPN,1,0,1
sorrowful,ADJ,1,0,0
wretch,NOUN,1,0,0
abounding,ADJ,1,0,0
appreciate,VERB,1,0,0
bloody,ADJ,1,0,0
chip,VERB,1,0,0
native,ADJ,1,0,0
sill,NOUN,1,0,0
obstruction,NOUN,1,0,0
tortured,ADJ,1,0,0
unfortunate,NOUN,1,0,0
starve,VERB,1,0,0
stalactite,ADJ,1,0,0
overhead,NOUN,1,0,0
wherein,SCONJ,1,1,0
regularity,NOUN,1,0,0
dessertspoonful,ADJ,1,0,0
pyramid,NOUN,1,0,0
Troy,PROPN,1,0,1
Rome,PROPN,1,0,1
Christ,PROPN,1,0,1
crucify,VERB,1,0,0
Conqueror,PROPN,1,0,1
british,ADJ,1,0,0
empire,NOUN,1,0,0
Columbus,PROPN,1,0,1
massacre,NOUN,1,0,0
Lexington,PROPN,1,0,1
oblivion,NOUN,1,0,0
flitting,NOUN,1,0,0
hapless,ADJ,1,0,0
priceless,ADJ,1,0,0
Palace,PROPN,1,0,1
rival,VERB,1,0,0
farm,NOUN,1,0,0
hamlet,NOUN,1,0,0
hanging,NOUN,1,0,0
committee,NOUN,1,0,0
sappy,ADJ,1,0,0
wail,VERB,1,0,0
ass,NOUN,1,0,0
trample,NOUN,1,0,0
weakling,NOUN,1,0,0
scribble,VERB,1,0,0
drip,VERB,1,0,0
permanently,ADV,1,0,0
impaired,ADJ,1,0,0
leaky,PROPN,1,0,1
sadden,VERB,1,0,0
holt,NOUN,1,0,0
sour,VERB,1,0,0
anyways,ADP,1,0,0
keenly,ADV,1,0,0
tom,ADJ,1,0,0
Earnest,PROPN,1,0,1
cut,NOUN,1,0,0
lucifer,NOUN,1,0,0
borrow,VERB,1,0,0
Hollow,PROPN,1,0,1
bush,VERB,1,0,0
landslide,NOUN,1,0,0
pole,NOUN,1,0,0
proudly,ADV,1,0,0
waylay,ADJ,1,0,0
hive,VERB,1,0,0
awfully,ADV,1,0,0
farth,ADJ,1,0,0
tunnel,NOUN,1,0,0
spliced,ADJ,1,0,0
quiver,NOUN,1,0,0
wick,NOUN,1,0,0
perch,VERB,1,0,0
flame,ADJ,1,0,0
precipice,NOUN,1,0,0
ourselves,PRON,1,1,0
pallet,NOUN,1,0,0
rind,NOUN,1,0,0
gnaw,VERB,1,0,0
bone,NOUN,1,0,0
fowl,NOUN,1,0,0
moneybox,NOUN,1,0,0
research,VERB,1,0,0
vain,NOUN,1,0,0
discouraged,ADJ,1,0,0
footprint,NOUN,1,0,0
animation,NOUN,1,0,0
conceal,VERB,1,0,0
curve,NOUN,1,0,0
lookyhere,ADV,1,0,0
powder,NOUN,1,0,0
keg,NOUN,1,0,0
moccasin,NOUN,1,0,0
rubbish,NOUN,1,0,0
plough,VERB,1,0,0
tarnish,VERB,1,0,0
pound,NOUN,1,0,0
robbing,NOUN,1,0,0
snug,NOUN,1,0,0
coast,NOUN,1,0,0
lunch,VERB,1,0,0
horizon,NOUN,1,0,0
skim,VERB,1,0,0
loft,NOUN,1,0,0
Benny,PROPN,1,0,1
Taylor,PROPN,1,0,1
cargo,NOUN,1,0,0
haul,NOUN,1,0,0
Got,PROPN,1,0,1
worth,NOUN,1,0,0
foundry,NOUN,1,0,0
twice,DET,1,0,0
falsely,ADV,1,0,0
Thatchers,PROPN,1,0,1
Rogerses,PROPN,1,0,1
editor,NOUN,1,0,0
heartily,ADV,1,0,0
crimson,NOUN,1,0,0
bedchamber,NOUN,1,0,0
sock,NOUN,1,0,0
slick,VERB,1,0,0
jist,NOUN,1,0,0
blowout,NOUN,1,0,0
overheard,VERB,1,0,0
chuckle,VERB,1,0,0
contented,ADJ,1,0,0
kick,NOUN,1,0,0
guest,NOUN,1,0,0
modesty,NOUN,1,0,0
counterfeit,ADJ,1,0,0
clamorous,ADJ,1,0,0
effusive,ADJ,1,0,0
heap,VERB,1,0,0
laudation,NOUN,1,0,0
educate,VERB,1,0,0
modest,ADJ,1,0,0
complimentary,ADJ,1,0,0
inquiringly,ADV,1,0,0
making,NOUN,1,0,0
unanimous,ADJ,1,0,0
brimful,NOUN,1,0,0
flow,NOUN,1,0,0
considerably,ADV,1,0,0
stir,NOUN,1,0,0
cash,NOUN,1,0,0
gloat,VERB,1,0,0
totter,VERB,1,0,0
unhealthy,ADJ,1,0,0
dissect,VERB,1,0,0
unromantic,ADJ,1,0,0
court,VERB,1,0,0
admired,ADJ,1,0,0
treasure,VERB,1,0,0
remarkable,ADJ,1,0,0
commonplace,ADJ,1,0,0
publish,VERB,1,0,0
biographical,ADJ,1,0,0
sketch,NOUN,1,0,0
income,NOUN,1,0,0
weekday,NOUN,1,0,0
lodge,NOUN,1,0,0
commonplace,NOUN,1,0,0
daughter,NOUN,1,0,0
visibly,ADV,1,0,0
shift,VERB,1,0,0
outburst,NOUN,1,0,0
magnanimous,ADJ,1,0,0
Washington,PROPN,1,0,1
laud,VERB,1,0,0
hatchet,NOUN,1,0,0
superb,ADJ,1,0,0
National,PROPN,1,0,1
Military,PROPN,1,0,1
Academy,PROPN,1,0,1
train,VERB,1,0,0
bed,VERB,1,0,0
unsympathetic,ADJ,1,0,0
fork,VERB,1,0,0
napkin,NOUN,1,0,0
cup,PROPN,1,0,1
plate,NOUN,1,0,0
properly,ADV,1,0,0
insipid,ADJ,1,0,0
whithersoever,VERB,1,0,0
bravely,ADV,1,0,0
profoundly,ADV,1,0,0
wisely,ADV,1,0,0
refugee,NOUN,1,0,0
uncombed,ADJ,1,0,0
picturesque,ADJ,1,0,0
rout,VERB,1,0,0
tranquil,PROPN,1,0,1
thunder,VERB,1,0,0
woodshed,ADJ,1,0,0
anywher,ADV,1,0,0
ornery,ADJ,1,0,0
chaw,NOUN,1,0,0
grub,NOUN,1,0,0
vittle,NOUN,1,0,0
attic,NOUN,1,0,0
gape,VERB,1,0,0
stretch,ADJ,1,0,0
scratch,NOUN,1,0,0
spasm,NOUN,1,0,0
dad,NOUN,1,0,0
Looky,PROPN,1,0,1
sheer,NOUN,1,0,0
gimme,PROPN,1,0,1
center,NOUN,1,0,0
thout,NOUN,1,0,0
tollable,ADJ,1,0,0
smothery,ADJ,1,0,0
dead,ADV,1,0,0
quench,VERB,1,0,0
toned,ADJ,1,0,0
nobility,NOUN,1,0,0
duke,NOUN,1,0,0
ben,VERB,1,0,0
shet,VERB,1,0,0
Mph,PROPN,1,0,1
Gang,PROPN,1,0,1
cuss,ADJ,1,0,0
bust,NOUN,1,0,0
chop,VERB,1,0,0
swearing,NOUN,1,0,0
bulli,ADJ,1,0,0
ripper,NOUN,1,0,0
CONCLUSION,PROPN,1,0,1
endeth,VERB,1,0,0
chronicle,NOUN,1,0,0
strictly,ADV,1,0,0
novel,NOUN,1,0,0
grown,ADJ,1,0,0
marriage,NOUN,1,0,0
live,ADJ,1,0,0
prosperous,ADJ,1,0,0
replace,VERB,1,0,0
rename,VERB,1,0,0
rule,NOUN,1,0,0
Terms,PROPN,1,0,1
PROJECT,PROPN,1,0,1
report,NOUN,1,0,0
practically,ADV,1,0,0
subject,ADJ,1,0,0
commercial,ADJ,1,0,0
please,NOUN,1,1,0
online,ADV,1,0,0
Redistributing,PROPN,1,0,1
preserve,VERB,1,0,0
PGLAF,PROPN,1,0,1
compilation,NOUN,1,0,0
unprotected,ADJ,1,0,0
attach,VERB,1,0,0
govern,VERB,1,0,0
copyright,ADJ,1,0,0
download,VERB,1,0,0
copying,NOUN,1,0,0
representation,NOUN,1,0,0
following,ADJ,1,0,0
access,VERB,1,0,0
link,VERB,1,0,0
beginning,NOUN,1,0,0
unlink,VERB,1,0,0
detach,NOUN,1,0,0
perform,NOUN,1,0,0
convert,VERB,1,0,0
binary,ADJ,1,0,0
nonproprietary,ADJ,1,0,0
proprietary,ADJ,1,0,0
processing,NOUN,1,0,0
hypertext,NOUN,1,0,0
Plain,PROPN,1,0,1
version,NOUN,1,0,0
means,NOUN,1,0,0
export,VERB,1,0,0
alternate,ADJ,1,0,0
gross,ADJ,1,0,0
profit,NOUN,1,0,0
taxis,NOUN,1,0,0
legally,ADV,1,0,0
periodic,ADJ,1,0,0
clearly,ADV,1,0,0
notify,VERB,1,0,0
mail,NOUN,1,0,0
s,PROPN,1,0,1
discontinue,VERB,1,0,0
manager,NOUN,1,0,0
contact,VERB,1,0,0
expend,VERB,1,0,0
identify,VERB,1,0,0
transcribe,VERB,1,0,0
proofread,ADV,1,0,0
despite,SCONJ,1,0,0
store,VERB,1,0,0
limit,VERB,1,0,0
incomplete,ADJ,1,0,0
inaccurate,NOUN,1,0,0
corrupt,ADJ,1,0,0
datum,NOUN,1,0,0
transcription,NOUN,1,0,0
error,NOUN,1,0,0
infringement,NOUN,1,0,0
disk,NOUN,1,0,0
virus,NOUN,1,0,0
code,NOUN,1,0,0
DISCLAIMER,PROPN,1,0,1
DAMAGES,PROPN,1,0,1
Replacement,PROPN,1,0,1
Refund,PROPN,1,0,1
disclaim,VERB,1,0,0
negligence,NOUN,1,0,0
STRICT,PROPN,1,0,1
LIABILITY,PROPN,1,0,1
CONTRACT,PROPN,1,0,1
provided,NOUN,1,0,0
PARAGRAPH,PROPN,1,0,1
FOUNDATION,PROPN,1,0,1
TRADEMARK,PROPN,1,0,1
OWNER,PROPN,1,0,1
distributor,NOUN,1,0,0
liable,NOUN,1,0,0
ACTUAL,PROPN,1,0,1
DIRECT,PROPN,1,0,1
INDIRECT,PROPN,1,0,1
CONSEQUENTIAL,PROPN,1,0,1
PUNITIVE,PROPN,1,0,1
or,NOUN,1,1,0
incidental,ADV,1,0,0
damages,ADJ,1,0,0
such,NOUN,1,1,0
DAMAGE,PROPN,1,0,1
REPLACEMENT,PROPN,1,0,1
elect,VERB,1,0,0
problem,NOUN,1,0,0
as,X,1,1,0
NO,PROPN,1,1,1
EXPRESS,PROPN,1,0,1
implied,NOUN,1,0,0
MERCHANTABILITY,PROPN,1,0,1
FITNESS,PROPN,1,0,1
PURPOSE,PROPN,1,0,1
imply,VERB,1,0,0
exclusion,NOUN,1,0,0
type,NOUN,1,0,0
violate,VERB,1,0,0
interpret,VERB,1,0,0
maximum,ADJ,1,0,0
invalidity,NOUN,1,0,0
unenforceability,NOUN,1,0,0
void,VERB,1,0,0
INDEMNITY,PROPN,1,0,1
indemnify,VERB,1,0,0
agent,NOUN,1,0,0
production,NOUN,1,0,0
promotion,NOUN,1,0,0
harmless,ADJ,1,0,0
directly,ADV,1,0,0
indirectly,ADV,1,0,0
b,NOUN,1,0,0
modification,NOUN,1,0,0
deletion,NOUN,1,0,0
c,NOUN,1,0,0
Mission,PROPN,1,0,1
synonymous,ADJ,1,0,0
obsolete,ADJ,1,0,0
financial,ADJ,1,0,0
assistance,NOUN,1,0,0
ensure,VERB,1,0,0
secure,NOUN,1,0,0
permanent,ADJ,1,0,0
Sections,PROPN,1,0,1
profit,ADJ,1,0,0
educational,ADJ,1,0,0
corporation,NOUN,1,0,0
organize,VERB,1,0,0
Internal,PROPN,1,0,1
Revenue,PROPN,1,0,1
Service,PROPN,1,0,1
EIN,PROPN,1,0,1
identification,NOUN,1,0,0
deductible,ADJ,1,0,0
office,NOUN,1,0,0
Watchung,PROPN,1,0,1
Plaza,PROPN,1,0,1
Montclair,PROPN,1,0,1
NJ,PROPN,1,0,1
USA,PROPN,1,0,1
Donations,PROPN,1,0,1
survive,VERB,1,0,0
widespread,ADJ,1,0,0
license,VERB,1,0,0
accessible,ADJ,1,0,0
array,NOUN,1,0,0
outdated,ADJ,1,0,0
maintain,VERB,1,0,0
IRS,PROPN,1,0,1
committed,ADJ,1,0,0
regulate,VERB,1,0,0
charitable,ADJ,1,0,0
uniform,ADJ,1,0,0
paperwork,NOUN,1,0,0
location,NOUN,1,0,0
confirmation,NOUN,1,0,0
SEND,PROPN,1,0,1
solicitation,NOUN,1,0,0
prohibition,NOUN,1,0,0
unsolicited,ADJ,1,0,0
donor,NOUN,1,0,0
offer,NOUN,1,0,0
international,ADJ,1,0,0
swamp,VERB,1,0,0
web,NOUN,1,0,0
online,ADJ,1,0,0
card,NOUN,1,0,0
Information,PROPN,1,0,1
Michael,PROPN,1,0,1
Hart,PROPN,1,0,1
originator,NOUN,1,0,0
network,NOUN,1,0,0
necessarily,ADV,1,0,0
PG,PROPN,1,0,1
subscribe,VERB,1,0,0
newsletter,NOUN,1,0,0
xviii,NOUN,1,0,0
