lemma,pos,count,is_stopword,is_proper_noun
the,DET,2596,1,0
i,PRON,1718,1,0
and,CCONJ,1635,1,0
be,AUX,1478,1,0
a,DET,1467,1,0
of,ADP,1226,1,0
he,PRON,1133,1,0
in,ADP,854,1,0
to,PART,683,1,0
it,PRON,619,1,0
you,PRON,594,1,0
have,AUX,584,1,0
she,PRON,562,1,0
to,ADP,529,1,0
his,PRON,493,1,0
with,ADP,469,1,0
at,ADP,389,1,0
on,ADP,367,1,0
do,AUX,364,1,0
for,ADP,339,1,0
we,PRON,306,1,0
say,VERB,291,1,0
that,SCONJ,271,1,0
Gatsby,PROPN,267,0,1
as,ADP,264,1,0
go,VERB,262,1,0
but,CCONJ,258,1,0
they,PRON,252,1,0
from,ADP,247,1,0
her,PRON,247,1,0
my,PRON,243,1,0
that,DET,237,1,0
this,DET,211,1,0
come,VERB,208,0,0
out,ADP,203,1,0
an,DET,193,1,0
Tom,PROPN,191,0,1
Daisy,PROPN,184,0,1
get,VERB,179,1,0
or,CCONJ,178,1,0
up,ADP,178,1,0
know,VERB,173,0,0
see,VERB,171,1,0
look,VERB,169,0,0
if,SCONJ,168,1,0
into,ADP,168,1,0
all,DET,165,1,0
man,NOUN,157,0,0
by,ADP,147,1,0
when,SCONJ,147,1,0
that,PRON,146,1,0
then,ADV,144,1,0
about,ADP,139,1,0
what,PRON,139,1,0
there,PRON,134,1,0
one,NUM,127,1,0
so,ADV,120,1,0
think,VERB,120,0,0
who,PRON,117,1,0
down,ADP,108,1,0
not,PART,107,1,0
over,ADP,106,1,0
make,VERB,106,1,0
some,DET,104,1,0
just,ADV,103,1,0
house,NOUN,103,0,0
any,DET,101,1,0
take,VERB,101,1,0
hand,NOUN,101,0,0
now,ADV,100,1,0
back,ADV,98,1,0
time,NOUN,98,0,0
little,ADJ,97,0,0
want,VERB,97,0,0
like,ADP,91,0,0
eye,NOUN,91,0,0
could,AUX,90,1,0
old,ADJ,88,0,0
there,ADV,87,1,0
car,NOUN,87,0,0
work,NOUN,87,0,0
Gutenberg,PROPN,85,0,1
Project,PROPN,84,0,1
tell,VERB,84,0,0
other,ADJ,83,1,0
turn,VERB,83,0,0
after,ADP,82,1,0
room,NOUN,82,0,0
can,AUX,81,1,0
way,NOUN,78,0,0
your,PRON,78,1,0
night,NOUN,77,0,0
Wilson,PROPN,76,0,1
away,ADV,75,0,0
would,AUX,75,1,0
all,ADV,74,1,0
two,NUM,73,1,0
moment,NOUN,73,0,0
which,DET,72,1,0
here,ADV,72,1,0
Jordan,PROPN,72,0,1
door,NOUN,71,0,0
no,DET,70,1,0
voice,NOUN,69,0,0
something,PRON,68,1,0
thing,NOUN,68,0,0
day,NOUN,68,0,0
hear,VERB,68,0,0
girl,NOUN,67,0,0
people,NOUN,66,0,0
through,ADP,66,1,0
where,SCONJ,65,1,0
give,VERB,64,1,0
never,ADV,64,1,0
face,NOUN,64,0,0
too,ADV,63,1,0
leave,VERB,63,0,0
begin,VERB,63,0,0
sit,VERB,62,0,0
year,NOUN,61,0,0
find,VERB,60,0,0
ask,VERB,59,0,0
again,ADV,57,1,0
very,ADV,56,1,0
their,PRON,56,1,0
stand,VERB,54,0,0
call,VERB,54,1,0
before,ADP,53,1,0
name,NOUN,51,1,0
sport,NOUN,50,0,0
minute,NOUN,49,0,0
even,ADV,49,1,0
try,VERB,49,0,0
how,SCONJ,48,1,0
young,ADJ,47,0,0
toward,ADP,47,1,0
hour,NOUN,47,0,0
will,AUX,46,1,0
move,VERB,46,1,0
because,SCONJ,46,1,0
only,ADV,46,1,0
light,NOUN,46,0,0
white,ADJ,45,0,0
seem,VERB,44,1,0
why,SCONJ,44,1,0
afternoon,NOUN,44,0,0
New,PROPN,43,0,1
until,ADP,43,1,0
its,PRON,43,1,0
head,NOUN,43,0,0
oh,INTJ,43,0,0
must,AUX,42,1,0
well,INTJ,42,1,0
before,ADV,41,1,0
last,ADJ,40,1,0
Baker,PROPN,40,0,1
suddenly,ADV,40,0,0
more,ADV,39,1,0
feel,VERB,39,0,0
start,VERB,39,0,0
talk,VERB,39,0,0
let,VERB,39,0,0
word,NOUN,39,0,0
under,ADP,38,1,0
three,NUM,38,1,0
West,PROPN,38,0,1
window,NOUN,38,0,0
around,ADP,38,1,0
off,ADP,38,1,0
wait,VERB,38,0,0
than,ADP,37,1,0
woman,NOUN,37,0,0
walk,VERB,37,0,0
over,ADV,37,1,0
small,ADJ,37,0,0
cry,VERB,36,0,0
more,ADJ,36,1,0
well,ADV,36,1,0
break,VERB,36,0,0
another,DET,36,1,0
good,ADJ,36,0,0
nothing,PRON,35,1,0
long,ADV,35,0,0
like,VERB,35,0,0
upon,SCONJ,35,1,0
full,ADJ,35,1,0
without,ADP,35,1,0
love,VERB,35,0,0
five,NUM,35,1,0
stop,VERB,34,0,0
York,PROPN,34,0,1
while,SCONJ,34,1,0
Miss,PROPN,34,0,1
each,DET,34,1,0
use,VERB,33,1,0
once,ADV,33,1,0
always,ADV,33,1,0
against,ADP,33,1,0
first,ADJ,33,1,0
table,NOUN,33,0,0
life,NOUN,32,0,0
right,ADV,32,0,0
though,SCONJ,32,1,0
drive,VERB,32,0,0
at,ADV,32,1,0
around,ADV,32,1,0
long,ADJ,32,0,0
Wolfshiem,PROPN,32,0,1
still,ADV,31,1,0
no,INTJ,31,1,0
together,ADV,31,1,0
run,VERB,31,0,0
morning,NOUN,31,0,0
Egg,PROPN,31,0,1
one,NOUN,31,1,0
own,ADJ,31,1,0
foot,NOUN,31,0,0
party,NOUN,31,0,0
new,ADJ,30,0,0
live,VERB,30,0,0
happen,VERB,30,0,0
next,ADJ,30,1,0
meet,VERB,30,0,0
keep,VERB,30,1,0
world,NOUN,29,0,0
garden,NOUN,29,0,0
speak,VERB,29,0,0
anything,PRON,29,1,0
garage,NOUN,29,0,0
himself,PRON,29,1,0
step,NOUN,29,0,0
ever,ADV,28,1,0
remember,VERB,28,0,0
those,DET,28,1,0
every,DET,28,1,0
these,DET,28,1,0
arm,NOUN,28,0,0
our,PRON,28,1,0
great,ADJ,27,0,0
open,VERB,27,0,0
lawn,NOUN,27,0,0
along,ADP,27,1,0
fall,VERB,27,0,0
inquire,VERB,27,0,0
might,AUX,27,1,0
shake,VERB,27,0,0
wife,NOUN,27,0,0
electronic,ADJ,27,0,0
few,ADJ,26,1,0
money,NOUN,26,0,0
across,ADP,26,1,0
friend,NOUN,26,0,0
follow,VERB,26,0,0
four,NUM,26,1,0
mean,VERB,25,0,0
rather,ADV,25,1,0
later,ADV,25,0,0
air,NOUN,25,0,0
buy,VERB,25,0,0
place,NOUN,25,0,0
side,NOUN,25,1,0
hold,VERB,25,0,0
demand,VERB,25,0,0
far,ADV,25,1,0
half,DET,25,0,0
almost,ADV,24,1,0
forget,VERB,24,0,0
everything,PRON,24,1,0
end,NOUN,24,0,0
alone,ADV,24,1,0
bring,VERB,24,0,0
between,ADP,24,1,0
believe,VERB,24,0,0
dress,NOUN,24,0,0
Nick,PROPN,24,0,1
God,PROPN,24,0,1
yes,INTJ,24,0,0
dark,ADJ,24,0,0
Foundation,PROPN,24,0,1
term,NOUN,23,0,0
include,VERB,23,0,0
dog,NOUN,23,0,0
play,VERB,23,0,0
reach,VERB,23,0,0
week,NOUN,23,0,0
marry,VERB,23,0,0
hot,ADJ,23,0,0
understand,VERB,22,0,0
East,PROPN,22,0,1
send,VERB,22,0,0
town,NOUN,22,0,0
road,NOUN,22,0,0
much,ADV,22,1,0
body,NOUN,22,0,0
Buchanan,PROPN,22,0,1
lean,VERB,22,0,0
ought,AUX,22,0,0
answer,VERB,22,0,0
put,VERB,22,1,0
hair,NOUN,22,0,0
Myrtle,PROPN,22,0,1
Michaelis,PROPN,22,0,1
most,ADV,21,1,0
many,ADJ,21,1,0
book,NOUN,21,0,0
suppose,VERB,21,0,0
idea,NOUN,21,0,0
among,ADP,21,1,0
except,SCONJ,21,1,0
laugh,VERB,21,0,0
draw,VERB,21,0,0
throw,VERB,21,0,0
set,VERB,21,0,0
chair,NOUN,21,0,0
beside,ADP,21,1,0
pass,VERB,21,0,0
yellow,ADJ,21,0,0
first,ADV,21,1,0
copy,NOUN,21,0,0
star,VERB,21,0,0
may,AUX,20,1,0
sort,NOUN,20,0,0
tree,NOUN,20,0,0
do,VERB,20,1,0
lie,VERB,20,0,0
big,ADJ,20,0,0
butler,NOUN,20,0,0
fact,NOUN,20,0,0
sound,NOUN,20,0,0
agreement,NOUN,20,0,0
heart,NOUN,19,0,0
business,NOUN,19,0,0
office,NOUN,19,0,0
agree,VERB,19,0,0
summer,NOUN,19,0,0
read,VERB,19,0,0
evening,NOUN,19,0,0
Chicago,PROPN,19,0,1
open,ADJ,19,0,0
nod,VERB,19,0,0
effort,NOUN,19,0,0
ago,ADV,19,0,0
train,NOUN,19,0,0
perhaps,ADV,19,1,0
copyright,NOUN,19,0,0
law,NOUN,18,0,0
itself,PRON,18,1,0
matter,NOUN,18,0,0
arrive,VERB,18,0,0
dozen,NOUN,18,0,0
shoulder,NOUN,18,0,0
inside,ADV,18,0,0
slowly,ADV,18,0,0
rise,VERB,18,0,0
blue,ADJ,18,0,0
several,ADJ,18,1,0
person,NOUN,17,0,0
city,NOUN,17,0,0
bed,NOUN,17,0,0
much,ADJ,17,1,0
front,ADJ,17,1,0
bright,ADJ,17,0,0
coat,NOUN,17,0,0
same,ADJ,17,1,0
whole,ADJ,17,1,0
glance,VERB,17,0,0
as,ADV,17,1,0
somebody,PRON,17,0,0
boy,NOUN,17,0,0
about,ADV,17,1,0
myself,PRON,17,1,0
distribute,VERB,17,0,0
most,ADJ,16,1,0
part,NOUN,16,1,0
high,ADJ,16,0,0
such,ADJ,16,1,0
so,SCONJ,16,1,0
pull,VERB,16,0,0
Island,PROPN,16,0,1
porch,NOUN,16,0,0
change,VERB,16,0,0
expression,NOUN,16,0,0
while,NOUN,16,1,0
stay,VERB,16,0,0
insist,VERB,16,0,0
immediately,ADV,16,0,0
child,NOUN,16,0,0
of,ADV,16,1,0
home,ADV,16,0,0
already,ADV,16,1,0
green,ADJ,16,0,0
rain,NOUN,16,0,0
up,ADV,16,1,0
drive,NOUN,16,0,0
McKee,PROPN,16,0,1
hall,NOUN,16,0,0
pay,VERB,16,0,0
provide,VERB,16,0,0
anyone,PRON,15,1,0
United,PROPN,15,0,1
States,PROPN,15,0,1
least,ADJ,15,1,0
suggest,VERB,15,0,0
certain,ADJ,15,0,0
family,NOUN,15,0,0
month,NOUN,15,0,0
grow,VERB,15,0,0
become,VERB,15,1,0
really,ADV,15,1,0
husband,NOUN,15,0,0
listen,VERB,15,0,0
floor,NOUN,15,0,0
quickly,ADV,15,0,0
low,ADJ,15,0,0
tomorrow,NOUN,15,0,0
glass,NOUN,15,0,0
sun,NOUN,15,0,0
hurry,VERB,15,0,0
explain,VERB,15,0,0
touch,VERB,15,0,0
cold,ADJ,15,0,0
Cody,PROPN,15,0,1
donation,NOUN,15,0,0
realize,VERB,14,0,0
repeat,VERB,14,0,0
beat,VERB,14,0,0
telephone,NOUN,14,0,0
front,NOUN,14,1,0
mouth,NOUN,14,0,0
add,VERB,14,0,0
blow,VERB,14,0,0
picture,NOUN,14,0,0
raise,VERB,14,0,0
corner,NOUN,14,0,0
question,NOUN,14,0,0
finger,NOUN,14,0,0
cool,ADJ,14,0,0
hundred,NUM,14,1,0
bad,ADJ,14,0,0
help,VERB,14,0,0
sure,ADJ,14,0,0
right,ADJ,14,0,0
George,PROPN,14,0,1
smile,VERB,14,0,0
sister,NOUN,14,0,0
Catherine,PROPN,14,0,1
crazy,ADJ,14,0,0
policeman,NOUN,14,0,0
someone,PRON,14,1,0
Oxford,PROPN,14,0,1
heat,NOUN,14,0,0
use,NOUN,13,0,0
hard,ADJ,13,0,0
dream,NOUN,13,0,0
finally,ADV,13,0,0
Long,PROPN,13,0,1
both,DET,13,1,0
pool,NOUN,13,0,0
dinner,NOUN,13,0,0
sight,NOUN,13,0,0
forward,ADV,13,0,0
nice,ADJ,13,0,0
deep,ADJ,13,0,0
grass,NOUN,13,0,0
in,ADV,13,1,0
pale,ADJ,13,0,0
wind,NOUN,13,0,0
remark,VERB,13,0,0
sometimes,ADV,13,1,0
whisper,VERB,13,0,0
nose,NOUN,13,0,0
continue,VERB,13,0,0
show,VERB,13,1,0
anyhow,ADV,13,1,0
course,ADV,13,0,0
lot,NOUN,13,0,0
large,ADJ,13,0,0
change,NOUN,13,0,0
drink,VERB,13,0,0
lunch,NOUN,13,0,0
kill,VERB,13,0,0
trademark,NOUN,13,0,0
paragraph,NOUN,13,0,0
Literary,PROPN,13,0,1
Archive,PROPN,13,0,1
information,NOUN,12,0,0
curious,ADJ,12,0,0
forever,ADV,12,0,0
carry,VERB,12,0,0
warm,ADJ,12,0,0
single,ADJ,12,0,0
should,AUX,12,1,0
story,NOUN,12,0,0
half,ADJ,12,0,0
outside,ADV,12,0,0
shadow,NOUN,12,0,0
short,ADJ,12,0,0
wall,NOUN,12,0,0
catch,VERB,12,0,0
lip,NOUN,12,0,0
kind,NOUN,12,0,0
movement,NOUN,12,0,0
wonder,VERB,12,0,0
somewhere,ADV,12,1,0
watch,VERB,12,0,0
accept,VERB,12,0,0
push,VERB,12,0,0
return,VERB,12,0,0
home,NOUN,12,0,0
ash,NOUN,12,0,0
suit,NOUN,12,0,0
lady,NOUN,12,0,0
laughter,NOUN,12,0,0
invite,VERB,12,0,0
Jay,PROPN,12,0,1
pick,VERB,12,0,0
wire,NOUN,12,0,0
behind,ADP,12,1,0
please,INTJ,12,1,0
phone,NOUN,12,0,0
coupé,NOUN,12,0,0
crowd,NOUN,12,0,0
state,NOUN,12,0,0
fee,NOUN,12,0,0
quality,NOUN,11,0,0
appear,VERB,11,0,0
wild,ADJ,11,0,0
fifty,NUM,11,1,0
no,ADV,11,1,0
breath,NOUN,11,0,0
enormous,ADJ,11,0,0
out,ADV,11,1,0
Sound,PROPN,11,0,1
second,ADJ,11,0,0
war,NOUN,11,0,0
drift,VERB,11,0,0
couch,NOUN,11,0,0
have,VERB,11,0,0
love,NOUN,11,0,0
black,ADJ,11,0,0
asleep,ADJ,11,0,0
beyond,ADP,11,1,0
grey,ADJ,11,0,0
piece,NOUN,11,0,0
street,NOUN,11,0,0
glad,ADJ,11,0,0
flower,NOUN,11,0,0
scene,NOUN,11,0,0
course,NOUN,11,0,0
kiss,VERB,11,0,0
lose,VERB,11,0,0
past,NOUN,11,0,0
real,ADJ,11,0,0
eat,VERB,11,0,0
Gatz,PROPN,11,0,1
copy,VERB,10,0,0
country,NOUN,10,0,0
wear,VERB,10,0,0
mind,NOUN,10,0,0
wet,ADJ,10,0,0
care,VERB,10,0,0
romantic,ADJ,10,0,0
dust,NOUN,10,0,0
everybody,PRON,10,0,0
fine,ADJ,10,0,0
physical,ADJ,10,0,0
such,DET,10,1,0
rich,ADJ,10,0,0
whom,PRON,10,1,0
since,SCONJ,10,1,0
thirty,NUM,10,0,0
fill,VERB,10,0,0
die,VERB,10,0,0
surprised,ADJ,10,0,0
ear,NOUN,10,0,0
down,ADV,10,1,0
lovely,ADJ,10,0,0
wheel,NOUN,10,0,0
rest,VERB,10,0,0
occur,VERB,10,0,0
remark,NOUN,10,0,0
within,ADP,10,1,0
faintly,ADV,10,0,0
everyone,PRON,10,1,0
guest,NOUN,10,0,0
library,NOUN,10,0,0
Carraway,PROPN,10,0,1
silence,NOUN,10,0,0
alone,ADJ,10,1,0
well,ADJ,10,0,0
apartment,NOUN,10,0,0
taxi,NOUN,10,0,0
cigarette,NOUN,10,0,0
mother,NOUN,10,0,0
late,ADJ,10,0,0
chauffeur,NOUN,10,0,0
funny,ADJ,10,0,0
conversation,NOUN,10,0,0
remain,VERB,10,0,0
newspaper,NOUN,10,0,0
dead,ADJ,10,0,0
phrase,NOUN,10,0,0
tea,NOUN,10,0,0
Sloane,PROPN,10,0,1
sick,ADJ,10,0,0
access,NOUN,10,0,0
eBook,PROPN,9,0,1
License,PROPN,9,0,1
gold,NOUN,9,0,0
afraid,ADJ,9,0,0
mile,NOUN,9,0,0
close,VERB,9,0,0
line,NOUN,9,0,0
twenty,NUM,9,1,0
village,NOUN,9,0,0
leaf,NOUN,9,0,0
familiar,ADJ,9,0,0
write,VERB,9,0,0
water,NOUN,9,0,0
shape,NOUN,9,0,0
yard,NOUN,9,0,0
affair,NOUN,9,0,0
jump,VERB,9,0,0
rose,NOUN,9,0,0
only,ADJ,9,1,0
slightly,ADV,9,0,0
complete,ADJ,9,0,0
object,VERB,9,0,0
terrible,ADJ,9,0,0
interrupt,VERB,9,0,0
silver,NOUN,9,0,0
close,ADJ,9,0,0
tremble,VERB,9,0,0
sing,VERB,9,0,0
twilight,NOUN,9,0,0
true,ADJ,9,0,0
hesitate,VERB,9,0,0
pretty,ADV,9,0,0
often,ADV,9,1,0
poor,ADJ,9,0,0
pocket,NOUN,9,0,0
darkness,NOUN,9,0,0
form,NOUN,9,0,0
Doctor,PROPN,9,0,1
colour,NOUN,9,0,0
station,NOUN,9,0,0
eagerly,ADV,9,0,0
however,ADV,9,1,0
smile,NOUN,9,0,0
kitchen,NOUN,9,0,0
name,VERB,9,0,0
letter,NOUN,9,0,0
exclaim,VERB,9,0,0
sky,NOUN,9,0,0
hardly,ADV,9,0,0
upstairs,ADV,9,0,0
number,NOUN,9,0,0
aware,ADJ,9,0,0
moon,NOUN,9,0,0
trouble,NOUN,9,0,0
whose,DET,9,1,0
pause,NOUN,9,0,0
rest,NOUN,9,0,0
drop,VERB,9,0,0
faint,ADJ,9,0,0
free,ADJ,9,0,0
church,NOUN,9,0,0
look,NOUN,9,0,0
presence,NOUN,9,0,0
unfamiliar,ADJ,9,0,0
shirt,NOUN,9,0,0
comply,VERB,9,0,0
locate,VERB,8,0,0
father,NOUN,8,0,0
whenever,SCONJ,8,1,0
point,NOUN,8,0,0
human,ADJ,8,0,0
ten,NUM,8,1,0
float,VERB,8,0,0
bond,NOUN,8,0,0
strange,ADJ,8,0,0
pair,NOUN,8,0,0
particular,ADJ,8,0,0
thin,ADJ,8,0,0
dollar,NOUN,8,0,0
figure,NOUN,8,0,0
enough,ADV,8,1,0
reason,NOUN,8,0,0
expect,VERB,8,0,0
beach,NOUN,8,0,0
clothe,NOUN,8,0,0
impression,NOUN,8,0,0
belong,VERB,8,0,0
politely,ADV,8,0,0
fresh,ADJ,8,0,0
sad,ADJ,8,0,0
gay,ADJ,8,0,0
absolutely,ADV,8,0,0
evidently,ADV,8,0,0
cocktail,NOUN,8,0,0
work,VERB,8,0,0
conceal,VERB,8,0,0
glance,NOUN,8,0,0
telephone,VERB,8,0,0
subject,NOUN,8,0,0
vanish,VERB,8,0,0
light,VERB,8,0,0
yet,ADV,8,1,0
guess,VERB,8,0,0
interested,ADJ,8,0,0
emotion,NOUN,8,0,0
bear,VERB,8,0,0
paper,NOUN,8,0,0
silent,ADJ,8,0,0
star,NOUN,8,0,0
stretch,VERB,8,0,0
Street,PROPN,8,0,1
sell,VERB,8,0,0
hello,INTJ,8,0,0
soft,ADJ,8,0,0
close,ADV,8,0,0
what,DET,8,1,0
urge,VERB,8,0,0
bedroom,NOUN,8,0,0
drugstore,NOUN,8,0,0
disappear,VERB,8,0,0
order,NOUN,8,0,0
point,VERB,8,0,0
enter,VERB,8,0,0
shoe,NOUN,8,0,0
ring,VERB,8,0,0
music,NOUN,8,0,0
servant,NOUN,8,0,0
dress,VERB,8,0,0
associate,VERB,8,0,0
care,NOUN,8,0,0
during,ADP,8,1,0
wave,VERB,8,0,0
need,VERB,8,0,0
circle,NOUN,8,0,0
June,PROPN,8,0,1
driver,NOUN,8,0,0
noon,NOUN,8,0,0
certainly,ADV,8,0,0
gate,NOUN,8,0,0
thick,ADJ,8,0,0
Dan,PROPN,8,0,1
Biloxi,PROPN,8,0,1
protect,VERB,8,0,0
receive,VERB,8,0,0
hat,NOUN,7,0,0
till,SCONJ,7,0,0
also,ADV,7,1,0
college,NOUN,7,0,0
sleep,NOUN,7,0,0
miss,VERB,7,0,0
today,NOUN,7,0,0
hard,ADV,7,0,0
enjoy,VERB,7,0,0
edge,NOUN,7,0,0
mutter,VERB,7,0,0
herself,PRON,7,1,0
promise,VERB,7,0,0
limited,ADJ,7,0,0
after,ADV,7,1,0
flat,ADJ,7,0,0
wonder,NOUN,7,0,0
less,ADV,7,1,0
right,NOUN,7,0,0
neighbour,NOUN,7,0,0
cousin,NOUN,7,0,0
spend,VERB,7,0,0
scarcely,ADV,7,0,0
cheerful,ADJ,7,0,0
glow,VERB,7,0,0
abruptly,ADV,7,0,0
object,NOUN,7,0,0
quite,ADV,7,1,0
excitement,NOUN,7,0,0
else,ADV,7,1,0
host,NOUN,7,0,0
drink,NOUN,7,0,0
mine,NOUN,7,1,0
sharply,ADV,7,0,0
impatiently,ADV,7,0,0
fellow,NOUN,7,0,0
enough,ADJ,7,1,0
police,NOUN,7,0,0
mention,VERB,7,0,0
beautiful,ADJ,7,0,0
page,NOUN,7,0,0
Louisville,PROPN,7,0,1
rush,VERB,7,0,0
fantastic,ADJ,7,0,0
Eckleburg,PROPN,7,0,1
heap,NOUN,7,0,0
dim,ADJ,7,0,0
row,NOUN,7,0,0
bottle,NOUN,7,0,0
drunk,ADJ,7,0,0
nobody,PRON,7,1,0
face,VERB,7,0,0
soon,ADV,7,0,0
beg,VERB,7,0,0
champagne,NOUN,7,0,0
half,NOUN,7,0,0
orchestra,NOUN,7,0,0
group,NOUN,7,0,0
sharp,ADJ,7,0,0
automobile,NOUN,7,0,0
golf,NOUN,7,0,0
address,NOUN,7,0,0
bend,VERB,7,0,0
assure,VERB,7,0,0
increase,VERB,7,0,0
yourself,PRON,7,1,0
request,NOUN,7,0,0
goodbye,NOUN,7,0,0
suspect,VERB,7,0,0
off,ADV,7,1,0
coffee,NOUN,7,0,0
son,NOUN,7,0,0
Klipspringer,PROPN,7,0,1
wrong,ADJ,7,0,0
memory,NOUN,7,0,0
Montenegro,PROPN,7,0,1
discover,VERB,7,0,0
Meyer,PROPN,7,0,1
fix,VERB,7,0,0
dance,NOUN,7,0,0
medium,NOUN,7,0,0
create,VERB,7,0,0
eBooks,PROPN,7,0,1
refund,NOUN,7,0,0
format,NOUN,6,0,0
produce,VERB,6,0,0
project,NOUN,6,0,0
high,ADV,6,0,0
hope,NOUN,6,0,0
autumn,NOUN,6,0,0
attention,NOUN,6,0,0
series,NOUN,6,0,0
gesture,NOUN,6,0,0
promise,NOUN,6,0,0
machine,NOUN,6,0,0
thousand,NUM,6,0,0
shall,AUX,6,0,0
instead,ADV,6,0,0
spring,NOUN,6,0,0
sound,VERB,6,0,0
order,VERB,6,0,0
casually,ADV,6,0,0
movie,NOUN,6,0,0
shin,VERB,6,0,0
intention,NOUN,6,0,0
view,NOUN,6,0,0
history,NOUN,6,0,0
remove,VERB,6,0,0
red,ADJ,6,0,0
brick,NOUN,6,0,0
husky,ADJ,6,0,0
bind,VERB,6,0,0
either,DET,6,1,0
curtain,NOUN,6,0,0
sea,NOUN,6,0,0
murmur,VERB,6,0,0
murmur,NOUN,6,0,0
obviously,ADV,6,0,0
self,NOUN,6,0,0
note,NOUN,6,0,0
shore,NOUN,6,0,0
stiff,ADJ,6,0,0
polite,ADJ,6,0,0
snap,VERB,6,0,0
pleasant,ADJ,6,0,0
nervous,ADJ,6,0,0
control,NOUN,6,0,0
fade,VERB,6,0,0
light,ADJ,6,0,0
able,ADJ,6,0,0
less,ADJ,6,1,0
lift,VERB,6,0,0
apparently,ADV,6,0,0
engage,VERB,6,0,0
confused,ADJ,6,0,0
loud,ADJ,6,0,0
moonlight,NOUN,6,0,0
join,VERB,6,0,0
grotesque,ADJ,6,0,0
invisible,ADJ,6,0,0
above,ADP,6,1,0
ground,NOUN,6,0,0
contain,VERB,6,0,0
restaurant,NOUN,6,0,0
wipe,VERB,6,0,0
beauty,NOUN,6,0,0
brown,ADJ,6,0,0
back,NOUN,6,1,0
bother,VERB,6,0,0
cut,VERB,6,0,0
hundred,NOUN,6,0,0
gather,VERB,6,0,0
living,NOUN,6,0,0
swing,VERB,6,0,0
whisky,NOUN,6,0,0
spot,NOUN,6,0,0
whereupon,SCONJ,6,1,0
ice,NOUN,6,0,0
mistake,NOUN,6,0,0
Lucille,PROPN,6,0,1
supper,NOUN,6,0,0
casual,ADJ,6,0,0
press,VERB,6,0,0
nine,NUM,6,1,0
groan,VERB,6,0,0
search,VERB,6,0,0
confusion,NOUN,6,0,0
cross,VERB,6,0,0
wander,VERB,6,0,0
probably,ADV,6,0,0
nineteen,NUM,6,0,0
once,SCONJ,6,1,0
World,PROPN,6,0,1
song,NOUN,6,0,0
tear,NOUN,6,0,0
suggestion,NOUN,6,0,0
whatever,DET,6,1,0
shock,NOUN,6,0,0
step,VERB,6,0,0
sorry,ADJ,6,0,0
accident,NOUN,6,0,0
James,PROPN,6,0,1
truth,NOUN,6,0,0
six,NUM,6,1,0
outside,ADP,6,0,0
sidewalk,NOUN,6,0,0
behind,ADV,6,1,0
officer,NOUN,6,0,0
clock,NOUN,6,0,0
pink,ADJ,6,0,0
anybody,PRON,6,0,0
incessantly,ADV,6,0,0
dawn,NOUN,6,0,0
funeral,NOUN,6,0,0
permission,NOUN,6,0,0
royalty,NOUN,6,0,0
forth,ADP,6,0,0
license,NOUN,6,0,0
distribution,NOUN,6,0,0
tax,NOUN,6,0,0
volunteer,NOUN,6,0,0
Great,PROPN,5,0,1
anywhere,ADV,5,1,0
cost,NOUN,5,0,0
GUTENBERG,PROPN,5,0,1
secret,ADJ,5,0,0
sign,NOUN,5,0,0
intimate,ADJ,5,0,0
gorgeous,ADJ,5,0,0
middle,ADJ,5,0,0
generation,NOUN,5,0,0
hang,VERB,5,0,0
Haven,PROPN,5,0,1
restless,ADJ,5,0,0
decide,VERB,5,0,0
various,ADJ,5,1,0
wide,ADJ,5,0,0
burst,NOUN,5,0,0
mint,NOUN,5,0,0
solemn,ADJ,5,0,0
chance,NOUN,5,0,0
curiosity,NOUN,5,0,0
contact,NOUN,5,0,0
overhead,ADV,5,0,0
interesting,ADJ,5,0,0
very,ADJ,5,1,0
twelve,NUM,5,1,0
marble,NOUN,5,0,0
forty,NUM,5,1,0
mansion,NOUN,5,0,0
gentleman,NOUN,5,0,0
polo,NOUN,5,0,0
France,PROPN,5,0,1
game,NOUN,5,0,0
elaborate,ADJ,5,0,0
bay,NOUN,5,0,0
towards,ADP,5,1,0
flash,VERB,5,0,0
coloured,ADJ,5,0,0
gleam,VERB,5,0,0
colour,VERB,5,0,0
shut,VERB,5,0,0
stranger,NOUN,5,0,0
balance,VERB,5,0,0
tip,VERB,5,0,0
hover,VERB,5,0,0
persistent,ADJ,5,0,0
worry,VERB,5,0,0
damn,VERB,5,0,0
thank,NOUN,5,0,0
incredulously,ADV,5,0,0
drop,NOUN,5,0,0
strained,ADJ,5,0,0
frown,VERB,5,0,0
different,ADJ,5,0,0
continually,ADV,5,0,0
violently,ADV,5,0,0
tone,NOUN,5,0,0
race,NOUN,5,0,0
position,NOUN,5,0,0
remind,VERB,5,0,0
excuse,VERB,5,0,0
mount,VERB,5,0,0
innocently,ADV,5,0,0
leather,NOUN,5,0,0
gaiety,NOUN,5,0,0
avoid,VERB,5,0,0
veranda,NOUN,5,0,0
gradually,ADV,5,0,0
nurse,NOUN,5,0,0
convince,VERB,5,0,0
aloud,ADV,5,0,0
Saturday,PROPN,5,0,1
magazine,NOUN,5,0,0
boat,NOUN,5,0,0
important,ADJ,5,0,0
emerge,VERB,5,0,0
introduction,NOUN,5,0,0
sudden,ADJ,5,0,0
hastily,ADV,5,0,0
grey,NOUN,5,0,0
force,VERB,5,0,0
cover,VERB,5,0,0
blind,ADJ,5,0,0
damp,ADJ,5,0,0
maybe,ADV,5,0,0
vitality,NOUN,5,0,0
alive,ADJ,5,0,0
lavender,NOUN,5,0,0
slide,VERB,5,0,0
neck,NOUN,5,0,0
lap,NOUN,5,0,0
elevator,NOUN,5,0,0
bath,NOUN,5,0,0
photograph,NOUN,5,0,0
distance,NOUN,5,0,0
reluctant,ADJ,5,0,0
either,CCONJ,5,1,0
below,ADV,5,1,0
inform,VERB,5,0,0
seven,NUM,5,0,0
slip,VERB,5,0,0
forth,ADV,5,0,0
back,ADJ,5,1,0
study,NOUN,5,0,0
neither,DET,5,1,0
answer,NOUN,5,0,0
violent,ADJ,5,0,0
difference,NOUN,5,0,0
case,NOUN,5,0,0
constant,ADJ,5,0,0
mine,PRON,5,1,0
pour,VERB,5,0,0
afterward,ADV,5,0,0
watch,NOUN,5,0,0
cheek,NOUN,5,0,0
midnight,NOUN,5,0,0
towel,NOUN,5,0,0
spread,VERB,5,0,0
pardon,NOUN,5,0,0
gardener,NOUN,5,0,0
button,NOUN,5,0,0
canvas,NOUN,5,0,0
easy,ADJ,5,0,0
excite,VERB,5,0,0
dance,VERB,5,0,0
rule,NOUN,5,0,0
early,ADV,5,0,0
intend,VERB,5,0,0
circumstance,NOUN,5,0,0
notice,VERB,5,0,0
embarrassment,NOUN,5,0,0
address,VERB,5,0,0
on,ADV,5,1,0
golden,ADJ,5,0,0
gas,NOUN,5,0,0
army,NOUN,5,0,0
owl,ADJ,5,0,0
eyed,ADJ,5,0,0
fool,VERB,5,0,0
happy,ADJ,5,0,0
age,NOUN,5,0,0
suit,VERB,5,0,0
surprise,NOUN,5,0,0
link,NOUN,5,0,0
piano,NOUN,5,0,0
freely,ADV,5,0,0
intensity,NOUN,5,0,0
late,ADV,5,0,0
h,NOUN,5,0,0
personal,ADJ,5,0,0
Hotel,PROPN,5,0,1
imagine,VERB,5,0,0
other,NOUN,5,1,0
beginning,NOUN,5,0,0
statement,NOUN,5,0,0
careless,ADJ,5,0,0
ahead,ADV,5,0,0
definitely,ADV,5,0,0
upper,ADJ,5,0,0
vague,ADJ,5,0,0
bell,NOUN,5,0,0
Baedeker,PROPN,5,0,1
pretty,ADJ,5,0,0
sentence,NOUN,5,0,0
card,NOUN,5,0,0
sunlight,NOUN,5,0,0
waiter,NOUN,5,0,0
any,ADV,5,1,0
opportunity,NOUN,5,0,0
Plaza,PROPN,5,0,1
admire,VERB,5,0,0
downstairs,ADV,5,0,0
describe,VERB,5,0,0
death,NOUN,5,0,0
immediate,ADJ,5,0,0
receiver,NOUN,5,0,0
connection,NOUN,5,0,0
common,ADJ,5,0,0
indicate,VERB,5,0,0
own,VERB,5,0,0
quiet,ADJ,5,0,0
ale,NOUN,5,0,0
cause,VERB,5,0,0
matter,VERB,5,0,0
future,NOUN,5,0,0
mix,VERB,5,0,0
Jimmy,PROPN,5,0,1
edition,NOUN,5,0,0
charge,VERB,5,0,0
section,NOUN,5,0,0
obtain,VERB,5,0,0
display,VERB,5,0,0
compliance,NOUN,5,0,0
warranty,NOUN,5,0,0
check,VERB,4,0,0
date,NOUN,4,0,0
deal,NOUN,4,0,0
quick,ADJ,4,0,0
attach,VERB,4,0,0
usually,ADV,4,0,0
found,VERB,4,0,0
uniform,NOUN,4,0,0
glimpse,NOUN,4,0,0
dignified,ADJ,4,0,0
likely,ADJ,4,0,0
interest,NOUN,4,0,0
brother,NOUN,4,0,0
quarter,NOUN,4,0,0
Middle,PROPN,4,0,1
learn,VERB,4,0,0
aunt,NOUN,4,0,0
season,NOUN,4,0,0
weather,NOUN,4,0,0
breakfast,NOUN,4,0,0
helplessly,ADV,4,0,0
sunshine,NOUN,4,0,0
Yale,PROPN,4,0,1
land,NOUN,4,0,0
egg,NOUN,4,0,0
perfect,ADJ,4,0,0
tip,NOUN,4,0,0
huge,ADJ,4,0,0
colossal,ADJ,4,0,0
tower,NOUN,4,0,0
raw,ADJ,4,0,0
swimming,NOUN,4,0,0
palace,NOUN,4,0,0
string,NOUN,4,0,0
Lake,PROPN,4,0,1
seek,VERB,4,0,0
wide,ADV,4,0,0
leg,NOUN,4,0,0
apart,ADV,4,0,0
manner,NOUN,4,0,0
power,NOUN,4,0,0
strain,VERB,4,0,0
touch,NOUN,4,0,0
harsh,ADJ,4,0,0
broad,ADJ,4,0,0
space,NOUN,4,0,0
wedding,NOUN,4,0,0
cake,NOUN,4,0,0
completely,ADV,4,0,0
chin,NOUN,4,0,0
attempt,NOUN,4,0,0
charming,ADJ,4,0,0
laugh,NOUN,4,0,0
thrill,VERB,4,0,0
singing,NOUN,4,0,0
desolate,ADJ,4,0,0
wreath,NOUN,4,0,0
decisively,ADV,4,0,0
shortly,ADV,4,0,0
fool,NOUN,4,0,0
yawn,VERB,4,0,0
complain,VERB,4,0,0
slender,ADJ,4,0,0
backward,ADV,4,0,0
wan,NOUN,4,0,0
announce,VERB,4,0,0
compel,VERB,4,0,0
hate,VERB,4,0,0
chatter,NOUN,4,0,0
presently,ADV,4,0,0
utterly,ADV,4,0,0
stuff,NOUN,4,0,0
profound,ADJ,4,0,0
tonight,NOUN,4,0,0
affect,VERB,4,0,0
dusk,NOUN,4,0,0
impassioned,ADJ,4,0,0
murmur,ADJ,4,0,0
sink,VERB,4,0,0
excitedly,ADV,4,0,0
cease,VERB,4,0,0
horse,NOUN,4,0,0
stroll,VERB,4,0,0
possess,VERB,4,0,0
wake,VERB,4,0,0
instant,NOUN,4,0,0
uneasy,ADJ,4,0,0
knee,NOUN,4,0,0
tournament,NOUN,4,0,0
eight,NUM,4,1,0
sort,ADV,4,0,0
lock,VERB,4,0,0
motor,NOUN,4,0,0
vaguely,ADV,4,0,0
rumour,NOUN,4,0,0
nevertheless,ADV,4,1,0
wing,NOUN,4,0,0
earth,NOUN,4,0,0
regard,VERB,4,1,0
determine,VERB,4,0,0
swear,VERB,4,0,0
dock,NOUN,4,0,0
railroad,NOUN,4,0,0
track,NOUN,4,0,0
cloud,NOUN,4,0,0
eternal,ADJ,4,0,0
acquaintance,NOUN,4,0,0
popular,ADJ,4,0,0
luncheon,NOUN,4,0,0
Sunday,PROPN,4,0,1
block,NOUN,4,0,0
approach,VERB,4,0,0
visible,ADJ,4,0,0
wreck,NOUN,4,0,0
spring,VERB,4,0,0
slap,VERB,4,0,0
ghost,NOUN,4,0,0
July,PROPN,4,0,1
tap,VERB,4,0,0
basket,NOUN,4,0,0
peer,VERB,4,0,0
Avenue,PROPN,4,0,1
Park,PROPN,4,0,1
crowd,VERB,4,0,0
set,NOUN,4,0,0
entirely,ADV,4,0,0
Broadway,PROPN,4,0,1
box,NOUN,4,0,0
straw,NOUN,4,0,0
milk,NOUN,4,0,0
so,CCONJ,4,1,0
eyebrow,NOUN,4,0,0
pride,NOUN,4,0,0
costume,NOUN,4,0,0
pursue,VERB,4,0,0
Chester,PROPN,4,0,1
startle,VERB,4,0,0
invent,VERB,4,0,0
married,ADJ,4,0,0
lie,NOUN,4,0,0
Europe,PROPN,4,0,1
private,ADJ,4,0,0
demand,NOUN,4,0,0
present,ADJ,4,0,0
themselves,PRON,4,1,0
argument,NOUN,4,0,0
seat,NOUN,4,0,0
advertisement,NOUN,4,0,0
list,NOUN,4,0,0
wave,NOUN,4,0,0
last,VERB,4,1,0
shout,VERB,4,0,0
crowded,ADJ,4,0,0
half,ADV,4,0,0
wagon,NOUN,4,0,0
orange,NOUN,4,0,0
lemon,NOUN,4,0,0
Christmas,PROPN,4,0,1
liquor,NOUN,4,0,0
key,NOUN,4,0,0
swell,VERB,4,0,0
form,VERB,4,0,0
rhythm,NOUN,4,0,0
news,NOUN,4,0,0
somehow,ADV,4,1,0
end,VERB,4,0,0
introduce,VERB,4,0,0
direction,NOUN,4,0,0
linger,VERB,4,0,0
roar,VERB,4,0,0
necessary,ADJ,4,0,0
tear,VERB,4,0,0
american,ADJ,4,0,0
whisper,NOUN,4,0,0
couple,NOUN,4,0,0
assume,VERB,4,0,0
examine,VERB,4,0,0
print,VERB,4,0,0
Roosevelt,PROPN,4,0,1
act,NOUN,4,0,0
hydroplane,NOUN,4,0,0
fail,VERB,4,0,0
hop,VERB,4,0,0
elude,VERB,4,0,0
skin,NOUN,4,0,0
fall,NOUN,4,0,0
struggle,NOUN,4,0,0
simply,ADV,4,0,0
next,ADV,4,1,0
ghostly,ADJ,4,0,0
confuse,VERB,4,0,0
horn,NOUN,4,0,0
notice,NOUN,4,0,0
absorb,VERB,4,0,0
merely,ADV,4,0,0
clerk,NOUN,4,0,0
Hill,PROPN,4,0,1
haunt,VERB,4,0,0
share,VERB,4,0,0
nearly,ADV,4,0,0
admit,VERB,4,0,0
safe,ADJ,4,0,0
brake,NOUN,4,0,0
bootlegger,NOUN,4,0,0
empty,ADJ,4,1,0
winter,NOUN,4,0,0
gravel,NOUN,4,0,0
shoot,VERB,4,0,0
ride,VERB,4,0,0
youth,NOUN,4,0,0
slow,VERB,4,0,0
bridge,NOUN,4,0,0
build,VERB,4,0,0
mystery,NOUN,4,0,0
tragic,ADJ,4,0,0
sentimental,ADJ,4,0,0
beneath,ADP,4,0,0
Oggsford,PROPN,4,0,1
College,PROPN,4,0,1
England,PROPN,4,0,1
seventeen,NUM,4,0,0
snow,NOUN,4,0,0
mad,ADJ,4,0,0
tired,ADJ,4,0,0
fire,NOUN,4,0,0
correct,VERB,4,0,0
warn,VERB,4,0,0
Finn,PROPN,4,0,1
knock,VERB,4,0,0
part,VERB,4,0,0
decade,NOUN,4,0,0
owner,NOUN,4,0,0
gust,NOUN,4,0,0
panic,NOUN,4,0,0
vivid,ADJ,4,0,0
desk,NOUN,4,0,0
yacht,NOUN,4,0,0
amount,NOUN,4,1,0
parent,NOUN,4,0,0
capacity,NOUN,4,0,0
cry,NOUN,4,0,0
smoke,VERB,4,0,0
wrap,VERB,4,0,0
along,ADV,4,1,0
support,NOUN,4,0,0
unless,SCONJ,4,1,0
Walter,PROPN,4,0,1
nor,CCONJ,4,1,0
od,NOUN,4,0,0
trust,VERB,4,0,0
drawing,NOUN,4,0,0
anxiously,ADV,4,0,0
drawer,NOUN,4,0,0
explanation,NOUN,4,0,0
official,ADJ,4,0,0
General,PROPN,4,0,1
collection,NOUN,4,0,0
individual,ADJ,4,0,0
perform,VERB,4,0,0
status,NOUN,4,0,0
post,VERB,4,0,0
holder,NOUN,4,0,0
requirement,NOUN,4,0,0
website,NOUN,4,0,0
defect,NOUN,4,0,0
computer,NOUN,4,0,0
Scott,PROPN,3,0,1
Fitzgerald,PROPN,3,0,1
credit,NOUN,3,0,0
base,VERB,3,0,0
start,NOUN,3,0,0
II,PROPN,3,0,1
III,PROPN,3,0,1
iv,NOUN,3,0,0
VI,PROPN,3,0,1
VII,PROPN,3,0,1
bounce,VERB,3,0,0
hat,VERB,3,0,0
advantage,NOUN,3,0,0
habit,NOUN,3,0,0
nature,NOUN,3,0,0
grief,NOUN,3,0,0
sense,NOUN,3,0,0
decency,NOUN,3,0,0
limit,NOUN,3,0,0
rock,NOUN,3,0,0
exempt,ADJ,3,0,0
reaction,NOUN,3,0,0
represent,VERB,3,0,0
extraordinary,ADJ,3,0,0
short,ADV,3,0,0
western,ADJ,3,0,0
clan,NOUN,3,0,0
special,ADJ,3,0,0
reference,NOUN,3,0,0
counter,NOUN,3,0,0
centre,NOUN,3,0,0
ragged,ADJ,3,0,0
universe,NOUN,3,0,0
choose,VERB,3,0,0
practical,ADJ,3,0,0
finnish,ADJ,3,0,0
electric,ADJ,3,0,0
security,NOUN,3,0,0
shelf,NOUN,3,0,0
secret,NOUN,3,0,0
unusual,ADJ,3,0,0
separate,VERB,3,0,0
crush,VERB,3,0,0
source,NOUN,3,0,0
bizarre,ADJ,3,0,0
Buchanans,PROPN,3,0,1
wealthy,ADJ,3,0,0
burn,VERB,3,0,0
french,ADJ,3,0,0
rid,VERB,3,0,0
hide,VERB,3,0,0
boot,NOUN,3,0,0
muscle,NOUN,3,0,0
opinion,NOUN,3,0,0
rosy,ADJ,3,0,0
breeze,NOUN,3,0,0
twist,VERB,3,0,0
ceiling,NOUN,3,0,0
though,ADV,3,1,0
length,NOUN,3,0,0
hint,NOUN,3,0,0
absurd,ADJ,3,0,0
tribute,NOUN,3,0,0
arrangement,NOUN,3,0,0
exciting,ADJ,3,0,0
baby,NOUN,3,0,0
annoy,VERB,3,0,0
surprise,VERB,3,0,0
pantry,NOUN,3,0,0
carriage,NOUN,3,0,0
tense,ADJ,3,0,0
lightly,ADV,3,0,0
hip,NOUN,3,0,0
candle,NOUN,3,0,0
plan,VERB,3,0,0
awed,ADJ,3,0,0
absence,NOUN,3,0,0
desire,NOUN,3,0,0
away,ADP,3,0,0
phase,NOUN,3,0,0
sheer,ADJ,3,0,0
unexpected,ADJ,3,0,0
wink,VERB,3,0,0
shift,VERB,3,0,0
hesitation,NOUN,3,0,0
nod,NOUN,3,0,0
seize,VERB,3,0,0
enthusiastically,ADV,3,0,0
service,NOUN,3,0,0
breathlessly,ADV,3,0,0
glow,NOUN,3,0,0
absolute,ADJ,3,0,0
confirmation,NOUN,3,0,0
untrue,ADJ,3,0,0
stir,VERB,3,0,0
exchange,VERB,3,0,0
meaning,NOUN,3,0,0
verge,NOUN,3,0,0
blankly,ADV,3,0,0
grasp,VERB,3,0,0
outdoors,ADV,3,0,0
bird,NOUN,3,0,0
stable,NOUN,3,0,0
broken,ADJ,3,0,0
fragment,NOUN,3,0,0
scepticism,NOUN,3,0,0
shrill,ADJ,3,0,0
situation,NOUN,3,0,0
instinct,NOUN,3,0,0
vigil,NOUN,3,0,0
perfectly,ADV,3,0,0
tangible,ADJ,3,0,0
chain,NOUN,3,0,0
connect,VERB,3,0,0
absently,ADV,3,0,0
abandon,VERB,3,0,0
feeling,NOUN,3,0,0
hope,VERB,3,0,0
assert,VERB,3,0,0
bloom,VERB,3,0,0
dull,ADJ,3,0,0
toss,VERB,3,0,0
contemptuous,ADJ,3,0,0
confirm,VERB,3,0,0
arrange,VERB,3,0,0
stair,NOUN,3,0,0
surprising,ADJ,3,0,0
pump,NOUN,3,0,0
share,NOUN,3,0,0
content,ADJ,3,0,0
involuntarily,ADV,3,0,0
halfway,ADV,3,0,0
valley,NOUN,3,0,0
smoke,NOUN,3,0,0
perceive,VERB,3,0,0
halt,NOUN,3,0,0
mistress,NOUN,3,0,0
saunter,VERB,3,0,0
hold,NOUN,3,0,0
elbow,NOUN,3,0,0
violence,NOUN,3,0,0
bare,ADJ,3,0,0
proprietor,NOUN,3,0,0
handsome,ADJ,3,0,0
slow,ADJ,3,0,0
block,VERB,3,0,0
stout,ADJ,3,0,0
perceptible,ADJ,3,0,0
vicinity,NOUN,3,0,0
intently,ADV,3,0,0
dumb,ADJ,3,0,0
Town,PROPN,3,0,1
Tattle,PROPN,3,0,1
cream,NOUN,3,0,0
earnestly,ADV,3,0,0
doubtfully,ADV,3,0,0
plunge,VERB,3,0,0
exactly,ADV,3,0,0
bitch,NOUN,3,0,0
Fifth,PROPN,3,0,1
be,VERB,3,1,0
furniture,NOUN,3,0,0
blurred,ADJ,3,0,0
resolve,VERB,3,0,0
concern,VERB,3,0,0
bureau,NOUN,3,0,0
powder,VERB,3,0,0
incessant,ADJ,3,0,0
innumerable,ADJ,3,0,0
hotel,NOUN,3,0,0
photographer,NOUN,3,0,0
sweep,VERB,3,0,0
intense,ADJ,3,0,0
fella,NOUN,3,0,0
thought,NOUN,3,0,0
imply,VERB,3,0,0
bored,ADJ,3,0,0
tray,NOUN,3,0,0
either,ADV,3,1,0
little,ADV,3,0,0
surprisingly,ADV,3,0,0
awful,ADJ,3,0,0
consider,VERB,3,0,0
borrow,VERB,3,0,0
park,NOUN,3,0,0
simultaneously,ADV,3,0,0
enchant,VERB,3,0,0
meeting,NOUN,3,0,0
pretend,VERB,3,0,0
excited,ADJ,3,0,0
artificial,ADJ,3,0,0
silk,NOUN,3,0,0
grave,NOUN,3,0,0
handkerchief,NOUN,3,0,0
discuss,VERB,3,0,0
whether,SCONJ,3,1,0
bathroom,NOUN,3,0,0
scold,VERB,3,0,0
Station,PROPN,3,0,1
sand,NOUN,3,0,0
main,ADJ,3,0,0
bar,NOUN,3,0,0
drum,NOUN,3,0,0
arrival,NOUN,3,0,0
stable,ADJ,3,0,0
courage,NOUN,3,0,0
hush,NOUN,3,0,0
actually,ADV,3,0,0
ticket,NOUN,3,0,0
blue,NOUN,3,0,0
peculiar,ADJ,3,0,0
prevent,VERB,3,0,0
sign,VERB,3,0,0
flannel,NOUN,3,0,0
deny,VERB,3,0,0
purposeless,NOUN,3,0,0
gown,NOUN,3,0,0
bead,NOUN,3,0,0
sixty,NUM,3,1,0
enthusiasm,NOUN,3,0,0
shiver,VERB,3,0,0
serve,VERB,3,0,0
undergraduate,NOUN,3,0,0
top,NOUN,3,1,0
grant,VERB,3,0,0
regular,ADJ,3,0,0
replace,VERB,3,0,0
bit,NOUN,3,0,0
gravely,ADV,3,0,0
relieve,VERB,3,0,0
jazz,NOUN,3,0,0
eighteen,NUM,3,0,0
near,ADP,3,0,0
invitation,NOUN,3,0,0
concentrate,VERB,3,0,0
irresistible,ADJ,3,0,0
favour,NOUN,3,0,0
identify,VERB,3,0,0
turn,NOUN,3,0,0
effect,NOUN,3,0,0
Tostoff,PROPN,3,0,1
tight,ADJ,3,0,0
famous,ADJ,3,0,0
fight,NOUN,3,0,0
angry,ADJ,3,0,0
reluctance,NOUN,3,0,0
tighten,VERB,3,0,0
melt,VERB,3,0,0
hunt,VERB,3,0,0
significance,NOUN,3,0,0
considerable,ADJ,3,0,0
middle,NOUN,3,0,0
infinitely,ADV,3,0,0
indignantly,ADV,3,0,0
ah,INTJ,3,0,0
uncertain,ADJ,3,0,0
sway,VERB,3,0,0
calmly,ADV,3,0,0
event,NOUN,3,0,0
Jersey,PROPN,3,0,1
past,ADP,3,0,0
satisfaction,NOUN,3,0,0
wish,VERB,3,0,0
flatter,VERB,3,0,0
incident,NOUN,3,0,0
endure,VERB,3,0,0
fender,NOUN,3,0,0
careful,ADJ,3,0,0
straight,ADV,3,0,0
deliberately,ADV,3,0,0
alongshore,ADV,3,0,0
devil,NOUN,3,0,0
timetable,NOUN,3,0,0
fold,NOUN,3,0,0
hospitality,NOUN,3,0,0
Civet,PROPN,3,0,1
flip,VERB,3,0,0
doubt,NOUN,3,0,0
addition,NOUN,3,0,0
past,ADJ,3,0,0
educate,VERB,3,0,0
swallow,VERB,3,0,0
choke,VERB,3,0,0
ruby,NOUN,3,0,0
incredulous,ADJ,3,0,0
character,NOUN,3,0,0
leak,VERB,3,0,0
gun,NOUN,3,0,0
last,ADV,3,1,0
promote,VERB,3,0,0
fully,ADV,3,0,0
metal,NOUN,3,0,0
by,ADV,3,1,0
elevated,ADJ,3,0,0
wallet,NOUN,3,0,0
cap,NOUN,3,0,0
limousine,NOUN,3,0,0
negro,NOUN,3,0,0
roll,VERB,3,0,0
nostril,NOUN,3,0,0
hand,VERB,3,0,0
Metropole,PROPN,3,0,1
Rosy,PROPN,3,0,1
gonnegtion,NOUN,3,0,0
directly,ADV,3,0,0
yeah,INTJ,3,0,0
offend,VERB,3,0,0
Series,PROPN,3,0,1
October,PROPN,3,0,1
tut,ADJ,3,0,0
lay,VERB,3,0,0
armistice,NOUN,3,0,0
pearl,NOUN,3,0,0
Santa,PROPN,3,0,1
Barbara,PROPN,3,0,1
rip,VERB,3,0,0
her,NOUN,3,1,0
finish,VERB,3,0,0
v,NOUN,3,0,0
blaze,VERB,3,0,0
shrubbery,NOUN,3,0,0
reassure,VERB,3,0,0
oblige,VERB,3,0,0
cup,NOUN,3,0,0
ecstatic,ADJ,3,0,0
frightened,ADJ,3,0,0
momentarily,ADV,3,0,0
pressure,NOUN,3,0,0
embarrassed,ADJ,3,0,0
material,NOUN,3,0,0
mirror,NOUN,3,0,0
rain,VERB,3,0,0
throat,NOUN,3,0,0
automatically,ADV,3,0,0
odour,NOUN,3,0,0
plum,NOUN,3,0,0
dressing,NOUN,3,0,0
exercise,NOUN,3,0,0
possession,NOUN,3,0,0
simple,ADJ,3,0,0
muffle,VERB,3,0,0
possibly,ADV,3,0,0
save,VERB,3,0,0
fault,NOUN,3,0,0
store,VERB,3,0,0
Superior,PROPN,3,0,1
ready,ADJ,3,0,0
conception,NOUN,3,0,0
vast,ADJ,3,0,0
naturally,ADV,3,0,0
brain,NOUN,3,0,0
future,ADJ,3,0,0
despise,VERB,3,0,0
field,NOUN,3,0,0
physically,ADV,3,0,0
Ella,PROPN,3,0,1
Kaye,PROPN,3,0,1
property,NOUN,3,0,0
legal,ADJ,3,0,0
explode,VERB,3,0,0
aside,ADV,3,0,0
pervade,VERB,3,0,0
orchid,NOUN,3,0,0
player,NOUN,3,0,0
stick,VERB,3,0,0
unutterable,ADJ,3,0,0
climb,VERB,3,0,0
fast,ADV,3,0,0
struggle,VERB,3,0,0
especially,ADV,3,0,0
bend,NOUN,3,0,0
store,NOUN,3,0,0
shade,NOUN,3,0,0
keenly,ADV,3,0,0
overtake,VERB,3,0,0
investigation,NOUN,3,0,0
hell,NOUN,3,0,0
stop,NOUN,3,0,0
doorway,NOUN,3,0,0
breathe,VERB,3,0,0
owe,VERB,3,0,0
sweat,NOUN,3,0,0
race,VERB,3,0,0
faint,VERB,3,0,0
thank,VERB,3,0,0
flush,VERB,3,0,0
dry,ADJ,3,0,0
accidental,ADJ,3,0,0
thinning,NOUN,3,0,0
sleep,VERB,3,0,0
blanket,NOUN,3,0,0
ga,NOUN,3,0,0
incoherent,ADJ,3,0,0
r,NOUN,3,0,0
instantly,ADV,3,0,0
decision,NOUN,3,0,0
trace,VERB,3,0,0
difficulty,NOUN,3,0,0
leash,NOUN,3,0,0
report,NOUN,3,0,0
neither,CCONJ,3,1,0
mark,VERB,3,0,0
minister,NOUN,3,0,0
derivative,ADJ,3,0,0
LICENSE,PROPN,3,0,1
mission,NOUN,3,0,0
entity,NOUN,3,0,0
public,ADJ,3,0,0
additional,ADJ,3,0,0
expense,NOUN,3,0,0
user,NOUN,3,0,0
applicable,ADJ,3,0,0
donate,VERB,3,0,0
payment,NOUN,3,0,0
writing,NOUN,3,0,0
replacement,NOUN,3,0,0
defective,ADJ,3,0,0
damage,NOUN,3,0,0
equipment,NOUN,3,0,0
disclaimer,NOUN,3,0,0
limitation,NOUN,3,0,0
restriction,NOUN,2,0,0
whatsoever,ADV,2,0,0
re,VERB,2,1,0
online,NOUN,2,0,0
January,PROPN,2,0,1
ebook,NOUN,2,0,0
recently,ADV,2,0,0
update,VERB,2,0,0
English,PROPN,2,0,1
transcription,NOUN,2,0,0
ebook,VERB,2,0,0
GREAT,PROPN,2,0,1
GATSBY,PROPN,2,0,1
Table,PROPN,2,0,1
Contents,PROPN,2,0,1
V,PROPN,2,0,1
VIII,PROPN,2,0,1
IX,PROPN,2,0,1
Thomas,PROPN,2,0,1
Parke,PROPN,2,0,1
advice,NOUN,2,0,0
since,ADV,2,1,0
unusually,ADV,2,0,0
consequence,NOUN,2,0,0
reserve,VERB,2,0,0
judgement,NOUN,2,0,0
accuse,VERB,2,0,0
unknown,ADJ,2,0,0
hostile,ADJ,2,0,0
unmistakable,ADJ,2,0,0
revelation,NOUN,2,0,0
quiver,VERB,2,0,0
express,VERB,2,0,0
mar,VERB,2,0,0
obvious,ADJ,2,0,0
infinite,ADJ,2,0,0
snobbishly,ADV,2,0,0
admission,NOUN,2,0,0
marsh,NOUN,2,0,0
riotous,ADJ,2,0,0
scorn,NOUN,2,0,0
personality,NOUN,2,0,0
creative,ADJ,2,0,0
foul,ADJ,2,0,0
wake,NOUN,2,0,0
abortive,ADJ,2,0,0
tradition,NOUN,2,0,0
descend,VERB,2,0,0
actual,ADJ,2,0,0
War,PROPN,2,0,1
uncle,NOUN,2,0,0
delay,VERB,2,0,0
support,VERB,2,0,0
prep,ADJ,2,0,0
school,NOUN,2,0,0
grave,ADJ,2,0,0
Father,PROPN,2,0,1
commuting,NOUN,2,0,0
cardboard,NOUN,2,0,0
eighty,NUM,2,0,0
cook,VERB,2,0,0
stove,NOUN,2,0,0
lonely,ADJ,2,0,0
original,ADJ,2,0,0
freedom,NOUN,2,0,0
neighbourhood,NOUN,2,0,0
fast,ADJ,2,0,0
investment,NOUN,2,0,0
besides,ADV,2,1,0
rounded,ADJ,2,0,0
rent,VERB,2,0,0
North,PROPN,2,0,1
America,PROPN,2,0,1
island,NOUN,2,0,0
extend,VERB,2,0,0
due,ADJ,2,1,0
natural,ADJ,2,0,0
identical,ADJ,2,0,0
bay,PROPN,2,0,1
resemblance,NOUN,2,0,0
fashionable,ADJ,2,0,0
sinister,ADJ,2,0,0
squeeze,VERB,2,0,0
fifteen,NUM,2,1,0
standard,NOUN,2,0,0
beard,NOUN,2,0,0
acre,NOUN,2,0,0
eyesore,NOUN,2,0,0
overlook,VERB,2,0,0
console,VERB,2,0,0
proximity,NOUN,2,0,0
millionaire,NOUN,2,0,0
powerful,ADJ,2,0,0
football,NOUN,2,0,0
national,ADJ,2,0,0
acute,ADJ,2,0,0
reproach,NOUN,2,0,0
Forest,PROPN,2,0,1
wherever,SCONJ,2,1,0
permanent,ADJ,2,0,0
windy,ADJ,2,0,0
walk,NOUN,2,0,0
vine,NOUN,2,0,0
sturdy,ADJ,2,0,0
haired,ADJ,2,0,0
supercilious,ADJ,2,0,0
arrogant,ADJ,2,0,0
establish,VERB,2,0,0
appearance,NOUN,2,0,0
aggressively,ADV,2,0,0
glistening,NOUN,2,0,0
top,ADJ,2,1,0
capable,ADJ,2,0,0
tenor,NOUN,2,0,0
convey,VERB,2,0,0
paternal,ADJ,2,0,0
contempt,NOUN,2,0,0
final,ADJ,2,0,0
strong,ADJ,2,0,0
society,NOUN,2,0,0
approve,VERB,2,0,0
defiant,ADJ,2,0,0
restlessly,ADV,2,0,0
sunken,ADJ,2,0,0
italian,ADJ,2,0,0
nosed,ADJ,2,0,0
motorboat,NOUN,2,0,0
tide,NOUN,2,0,0
oil,NOUN,2,0,0
ripple,VERB,2,0,0
rug,NOUN,2,0,0
flutter,VERB,2,0,0
flight,NOUN,2,0,0
whip,NOUN,2,0,0
snap,NOUN,2,0,0
boom,NOUN,2,0,0
rear,ADJ,2,0,0
apology,NOUN,2,0,0
disturb,VERB,2,0,0
conscientious,ADJ,2,0,0
happiness,NOUN,2,0,0
rate,NOUN,2,0,0
arise,VERB,2,0,0
speech,NOUN,2,0,0
left,ADJ,2,0,0
paint,VERB,2,0,0
wail,NOUN,2,0,0
alert,ADJ,2,0,0
utter,VERB,2,0,0
deft,ADJ,2,0,0
sofa,NOUN,2,0,0
contemptuously,ADV,2,0,0
square,NOUN,2,0,0
precede,VERB,2,0,0
hurt,VERB,2,0,0
accusingly,ADV,2,0,0
hulk,VERB,2,0,0
crossly,PROPN,2,0,1
impersonal,ADJ,2,0,0
entertain,VERB,2,0,0
confess,VERB,2,0,0
impressive,ADJ,2,0,0
rise,NOUN,2,0,0
submerge,VERB,2,0,0
scientific,ADJ,2,0,0
sadness,NOUN,2,0,0
heavily,ADV,2,0,0
slight,ADJ,2,0,0
civilization,NOUN,2,0,0
science,NOUN,2,0,0
concentration,NOUN,2,0,0
rang,X,2,0,0
momentary,ADJ,2,0,0
affection,NOUN,2,0,0
desert,VERB,2,0,0
whereupon,NOUN,2,1,0
quicken,VERB,2,0,0
warmth,NOUN,2,0,0
flow,VERB,2,0,0
consciously,ADV,2,0,0
alertly,ADV,2,0,0
audible,ADJ,2,0,0
flutter,NOUN,2,0,0
Star,PROPN,2,0,1
miserably,ADV,2,0,0
startlingly,ADV,2,0,0
pointlessly,ADV,2,0,0
doubt,VERB,2,0,0
metallic,ADJ,2,0,0
intriguing,ADJ,2,0,0
pleasantly,ADV,2,0,0
gloom,NOUN,2,0,0
wicker,NOUN,2,0,0
settee,NOUN,2,0,0
turbulent,ADJ,2,0,0
cynical,ADJ,2,0,0
daughter,NOUN,2,0,0
weep,VERB,2,0,0
everywhere,ADV,2,1,0
scorn,ADJ,2,0,0
sophisticated,ADJ,2,0,0
trick,NOUN,2,0,0
crimson,ADJ,2,0,0
murmurous,ADJ,2,0,0
soothe,VERB,2,0,0
tune,NOUN,2,0,0
Hot,PROPN,2,0,1
critical,ADJ,2,0,0
unpleasant,ADJ,2,0,0
softly,ADV,2,0,0
marriage,NOUN,2,0,0
linen,NOUN,2,0,0
coldly,ADV,2,0,0
weekend,NOUN,2,0,0
influence,NOUN,2,0,0
creep,VERB,2,0,0
advise,VERB,2,0,0
side,ADJ,2,1,0
corroborate,VERB,2,0,0
kindly,ADV,2,0,0
refer,VERB,2,0,0
engaged,ADJ,2,0,0
remotely,ADV,2,0,0
stale,ADJ,2,0,0
roadhouse,NOUN,2,0,0
roof,NOUN,2,0,0
silhouette,NOUN,2,0,0
waver,VERB,2,0,0
silver,ADJ,2,0,0
secure,ADJ,2,0,0
local,ADJ,2,0,0
farm,NOUN,2,0,0
wheat,NOUN,2,0,0
dimly,ADV,2,0,0
crawl,VERB,2,0,0
ghastly,ADJ,2,0,0
spasm,NOUN,2,0,0
spectacle,NOUN,2,0,0
practice,NOUN,2,0,0
river,NOUN,2,0,0
literally,ADV,2,0,0
company,NOUN,2,0,0
building,NOUN,2,0,0
waste,NOUN,2,0,0
shop,NOUN,2,0,0
rent,NOUN,2,0,0
third,ADJ,2,1,0
interior,NOUN,2,0,0
crouch,VERB,2,0,0
blond,ADJ,2,0,0
gleam,NOUN,2,0,0
footstep,NOUN,2,0,0
nerve,NOUN,2,0,0
mingle,VERB,2,0,0
ashen,NOUN,2,0,0
veil,VERB,2,0,0
newsstand,NOUN,2,0,0
level,NOUN,2,0,0
discreetly,ADV,2,0,0
defer,VERB,2,0,0
tight,ADV,2,0,0
platform,NOUN,2,0,0
echo,VERB,2,0,0
taxicab,NOUN,2,0,0
disappointment,NOUN,2,0,0
cute,ADJ,2,0,0
Airedale,PROPN,2,0,1
settle,VERB,2,0,0
delicately,ADV,2,0,0
haughtily,ADV,2,0,0
McKees,PROPN,2,0,1
dining,NOUN,2,0,0
stumble,VERB,2,0,0
Versailles,PROPN,2,0,1
hen,NOUN,2,0,0
beam,VERB,2,0,0
Simon,PROPN,2,0,1
Peter,PROPN,2,0,1
scandal,NOUN,2,0,0
initiative,NOUN,2,0,0
biscuit,NOUN,2,0,0
meanwhile,ADV,2,1,0
distort,VERB,2,0,0
reappear,VERB,2,0,0
solid,ADJ,2,0,0
proprietary,ADJ,2,0,0
shave,VERB,2,0,0
lather,NOUN,2,0,0
horrible,ADJ,2,0,0
chiffon,NOUN,2,0,0
convert,VERB,2,0,0
revolve,VERB,2,0,0
dear,NOUN,2,0,0
shout,NOUN,2,0,0
compliment,NOUN,2,0,0
despair,NOUN,2,0,0
Montauk,PROPN,2,0,1
Point,PROPN,2,0,1
Sea,PROPN,2,0,1
nephew,NOUN,2,0,0
scared,ADJ,2,0,0
absorbing,ADJ,2,0,0
divorce,NOUN,2,0,0
obscene,ADJ,2,0,0
triumphantly,ADV,2,0,0
Catholic,PROPN,2,0,1
shocked,ADJ,2,0,0
Monte,PROPN,2,0,1
Carlo,PROPN,2,0,1
honey,NOUN,2,0,0
below,ADP,2,1,0
breeding,NOUN,2,0,0
eleven,NUM,2,1,0
janitor,NOUN,2,0,0
celebrate,VERB,2,0,0
sandwich,NOUN,2,0,0
rope,NOUN,2,0,0
watcher,NOUN,2,0,0
darken,VERB,2,0,0
inexhaustible,ADJ,2,0,0
variety,NOUN,2,0,0
patent,NOUN,2,0,0
subway,NOUN,2,0,0
collar,NOUN,2,0,0
bow,NOUN,2,0,0
plan,NOUN,2,0,0
awake,VERB,2,0,0
sheet,NOUN,2,0,0
clothe,VERB,2,0,0
underwear,NOUN,2,0,0
Bridge,PROPN,2,0,1
Pennsylvania,PROPN,2,0,1
moth,NOUN,2,0,0
brisk,ADJ,2,0,0
extra,ADJ,2,0,0
brush,NOUN,2,0,0
caterer,NOUN,2,0,0
garnish,VERB,2,0,0
glisten,VERB,2,0,0
design,NOUN,2,0,0
pig,NOUN,2,0,0
brass,NOUN,2,0,0
gin,NOUN,2,0,0
saxophone,NOUN,2,0,0
deep,ADV,2,0,0
salon,NOUN,2,0,0
round,NOUN,2,0,0
innuendo,NOUN,2,0,0
lurch,VERB,2,0,0
spill,VERB,2,0,0
dissolve,VERB,2,0,0
confident,ADJ,2,0,0
triumph,NOUN,2,0,0
glide,VERB,2,0,0
leader,NOUN,2,0,0
accord,VERB,2,0,0
simplicity,NOUN,2,0,0
formal,ADJ,2,0,0
ease,NOUN,2,0,0
strike,VERB,2,0,0
backward,ADJ,2,0,0
cordial,ADJ,2,0,0
advance,VERB,2,0,0
sorry,INTJ,2,0,0
sure,INTJ,2,0,0
argue,VERB,2,0,0
german,ADJ,2,0,0
bet,VERB,2,0,0
narrow,VERB,2,0,0
testimony,NOUN,2,0,0
degree,NOUN,2,0,0
preserve,VERB,2,0,0
melancholy,ADJ,2,0,0
overseas,ADV,2,0,0
aged,ADJ,2,0,0
wheel,VERB,2,0,0
ascertain,VERB,2,0,0
fide,NOUN,2,0,0
snatch,VERB,2,0,0
liable,ADJ,2,0,0
collapse,VERB,2,0,0
superior,ADJ,2,0,0
fashionably,ADV,2,0,0
burden,NOUN,2,0,0
banjo,NOUN,2,0,0
hilarity,NOUN,2,0,0
stunt,NOUN,2,0,0
bowl,NOUN,2,0,0
grey,VERB,2,0,0
tongue,NOUN,2,0,0
hedge,NOUN,2,0,0
understandingly,ADV,2,0,0
rare,ADJ,2,0,0
precisely,ADV,2,0,0
elegant,ADJ,2,0,0
formality,NOUN,2,0,0
florid,ADJ,2,0,0
swamp,NOUN,2,0,0
provincial,ADJ,2,0,0
coolly,ADV,2,0,0
nowhere,ADV,2,1,0
Vladmir,PROPN,2,0,1
attract,VERB,2,0,0
sensation,NOUN,2,0,0
tanned,ADJ,2,0,0
sinister,NOUN,2,0,0
correct,ADJ,2,0,0
swoon,VERB,2,0,0
quartet,NOUN,2,0,0
madame,NOUN,2,0,0
clean,ADJ,2,0,0
crisp,ADJ,2,0,0
issue,VERB,2,0,0
overhang,VERB,2,0,0
chorus,NOUN,2,0,0
tall,ADJ,2,0,0
gasp,VERB,2,0,0
sob,NOUN,2,0,0
indifferent,ADJ,2,0,0
sympathize,VERB,2,0,0
eagerness,NOUN,2,0,0
amazing,ADJ,2,0,0
jaunty,NOUN,2,0,0
cluster,VERB,2,0,0
brush,VERB,2,0,0
desire,VERB,2,0,0
headlight,NOUN,2,0,0
tumultuous,ADJ,2,0,0
ditch,NOUN,2,0,0
account,VERB,2,0,0
duster,NOUN,2,0,0
tyre,PROPN,2,0,1
recognize,VERB,2,0,0
patron,NOUN,2,0,0
wash,VERB,2,0,0
commit,VERB,2,0,0
dangle,VERB,2,0,0
tentatively,ADV,2,0,0
dancing,NOUN,2,0,0
blind,VERB,2,0,0
glare,NOUN,2,0,0
Wha,PROPN,2,0,1
din,VERB,2,0,0
determined,ADJ,2,0,0
harm,NOUN,2,0,0
survive,VERB,2,0,0
City,PROPN,2,0,1
generally,ADV,2,0,0
racy,NOUN,2,0,0
flicker,NOUN,2,0,0
disapprove,VERB,2,0,0
enchanted,ADJ,2,0,0
loneliness,NOUN,2,0,0
solitary,ADJ,2,0,0
lane,NOUN,2,0,0
line,VERB,2,0,0
throb,VERB,2,0,0
eventually,ADV,2,0,0
ball,NOUN,2,0,0
witness,NOUN,2,0,0
instinctively,ADV,2,0,0
code,NOUN,2,0,0
impossible,ADJ,2,0,0
deal,VERB,2,0,0
workman,NOUN,2,0,0
rotten,ADJ,2,0,0
interior,ADJ,2,0,0
act,VERB,2,0,0
Love,PROPN,2,0,1
tennis,NOUN,2,0,0
perspiration,NOUN,2,0,0
honest,ADJ,2,0,0
hilariously,ADV,2,0,0
schedule,NOUN,2,0,0
drown,VERB,2,0,0
near,ADV,2,0,0
Edgar,PROPN,2,0,1
Beluga,PROPN,2,0,1
Cecil,PROPN,2,0,1
control,VERB,2,0,0
Earl,PROPN,2,0,1
Muldoon,PROPN,2,0,1
Ferret,PROPN,2,0,1
clean,VERB,2,0,0
Henry,PROPN,2,0,1
American,PROPN,2,0,1
Legion,PROPN,2,0,1
melody,NOUN,2,0,0
peculiarly,ADV,2,0,0
closing,NOUN,2,0,0
admiration,NOUN,2,0,0
mirror,VERB,2,0,0
ride,NOUN,2,0,0
deserve,VERB,2,0,0
accusation,NOUN,2,0,0
sideways,ADV,2,0,0
jewel,NOUN,2,0,0
tiger,NOUN,2,0,0
relief,NOUN,2,0,0
lieutenant,NOUN,2,0,0
Argonne,PROPN,2,0,1
infantry,NOUN,2,0,0
pile,NOUN,2,0,0
government,NOUN,2,0,0
Little,PROPN,2,0,1
brave,ADJ,2,0,0
elicit,VERB,2,0,0
circular,ADJ,2,0,0
legend,NOUN,2,0,0
souvenir,NOUN,2,0,0
loaf,VERB,2,0,0
Port,PROPN,2,0,1
speed,VERB,2,0,0
Astoria,PROPN,2,0,1
motorcycle,NOUN,2,0,0
alongside,ADV,2,0,0
girder,NOUN,2,0,0
hearse,NOUN,2,0,0
blind,NOUN,2,0,0
splendid,ADJ,2,0,0
holiday,NOUN,2,0,0
cellar,NOUN,2,0,0
blink,VERB,2,0,0
obscurely,ADV,2,0,0
tiny,ADJ,2,0,0
Katspaugh,PROPN,2,0,1
lapse,VERB,2,0,0
highball,NOUN,2,0,0
brood,VERB,2,0,0
gloomily,ADV,2,0,0
ferocious,ADJ,2,0,0
inspect,VERB,2,0,0
pause,VERB,2,0,0
cuff,NOUN,2,0,0
oddly,ADV,2,0,0
trust,NOUN,2,0,0
jerk,NOUN,2,0,0
benediction,NOUN,2,0,0
solemnly,ADV,2,0,0
impose,VERB,2,0,0
inevitable,ADJ,2,0,0
faith,NOUN,2,0,0
mindedness,NOUN,2,0,0
jail,NOUN,2,0,0
check,NOUN,2,0,0
been,VERB,2,1,0
bite,VERB,2,0,0
plaid,NOUN,2,0,0
banner,NOUN,2,0,0
roadster,NOUN,2,0,0
rang,NOUN,2,0,0
Camp,PROPN,2,0,1
Taylor,PROPN,2,0,1
privilege,NOUN,2,0,0
engross,VERB,2,0,0
unexpectedly,ADV,2,0,0
bag,NOUN,2,0,0
soldier,NOUN,2,0,0
hire,VERB,2,0,0
flower,VERB,2,0,0
grope,VERB,2,0,0
maid,NOUN,2,0,0
forehead,NOUN,2,0,0
trip,NOUN,2,0,0
rub,VERB,2,0,0
delight,NOUN,2,0,0
hush,VERB,2,0,0
fascinated,ADJ,2,0,0
August,PROPN,2,0,1
moreover,ADV,2,1,0
Central,PROPN,2,0,1
clear,ADJ,2,0,0
tent,NOUN,2,0,0
coincidence,NOUN,2,0,0
splendour,NOUN,2,0,0
tough,ADJ,2,0,0
busy,ADJ,2,0,0
barrier,NOUN,2,0,0
unlike,ADP,2,0,0
scornful,ADJ,2,0,0
open,ADV,2,0,0
Coney,PROPN,2,0,1
fumble,VERB,2,0,0
offer,NOUN,2,0,0
unwillingly,ADV,2,0,0
soggy,ADJ,2,0,0
nervously,ADV,2,0,0
tie,NOUN,2,0,0
scrutinize,VERB,2,0,0
hollowly,ADV,2,0,0
cool,VERB,2,0,0
mist,NOUN,2,0,0
dew,NOUN,2,0,0
silly,ADJ,2,0,0
ripple,NOUN,2,0,0
Ferdie,PROPN,2,0,1
gasoline,NOUN,2,0,0
overwhelming,ADJ,2,0,0
tragically,ADV,2,0,0
horribly,ADV,2,0,0
mantelpiece,NOUN,2,0,0
graceful,ADJ,2,0,0
luckily,ADV,2,0,0
rigidly,ADV,2,0,0
smash,VERB,2,0,0
November,PROPN,2,0,1
unhappy,ADJ,2,0,0
possible,ADJ,2,0,0
wildly,ADV,2,0,0
miserable,ADJ,2,0,0
abound,VERB,2,0,0
period,NOUN,2,0,0
taxis,NOUN,2,0,0
willing,ADJ,2,0,0
eager,ADJ,2,0,0
grocer,NOUN,2,0,0
twinkle,NOUN,2,0,0
joy,NOUN,2,0,0
square,ADJ,2,0,0
inherit,VERB,2,0,0
appropriate,ADJ,2,0,0
shortcut,NOUN,2,0,0
sparkle,VERB,2,0,0
stir,NOUN,2,0,0
poolroom,NOUN,2,0,0
measure,NOUN,2,0,0
none,NOUN,2,1,0
shade,VERB,2,0,0
visibly,ADV,2,0,0
third,NOUN,2,1,0
dream,VERB,2,0,0
recover,VERB,2,0,0
sob,VERB,2,0,0
surface,NOUN,2,0,0
near,ADJ,2,0,0
indefinite,ADJ,2,0,0
yacht,VERB,2,0,0
defiantly,ADV,2,0,0
pompadour,NOUN,2,0,0
Detroit,PROPN,2,0,1
accompany,VERB,2,0,0
duck,NOUN,2,0,0
trouser,NOUN,2,0,0
prac,NOUN,2,0,0
switch,NOUN,2,0,0
lamp,NOUN,2,0,0
trembling,NOUN,2,0,0
match,NOUN,2,0,0
bench,NOUN,2,0,0
unhappily,ADV,2,0,0
command,VERB,2,0,0
fun,NOUN,2,0,0
flow,NOUN,2,0,0
surer,NOUN,2,0,0
tumble,VERB,2,0,0
freshness,NOUN,2,0,0
rush,NOUN,2,0,0
ambitious,ADJ,2,0,0
reporter,NOUN,2,0,0
shot,NOUN,2,0,0
authority,NOUN,2,0,0
invention,NOUN,2,0,0
legally,ADV,2,0,0
career,NOUN,2,0,0
anchor,NOUN,2,0,0
Tuolomee,PROPN,2,0,1
imagination,NOUN,2,0,0
vulgar,ADJ,2,0,0
south,ADJ,2,0,0
food,NOUN,2,0,0
tangle,VERB,2,0,0
reality,NOUN,2,0,0
lead,VERB,2,0,0
Lutheran,PROPN,2,0,1
Minnesota,PROPN,2,0,1
destiny,NOUN,2,0,0
through,ADV,2,1,0
transaction,NOUN,2,0,0
Madame,PROPN,2,0,1
contingency,NOUN,2,0,0
continent,NOUN,2,0,0
eastern,ADJ,2,0,0
savage,ADJ,2,0,0
indirectly,ADV,2,0,0
million,NOUN,2,0,0
clear,VERB,2,0,0
trot,VERB,2,0,0
delighted,ADJ,2,0,0
cigar,NOUN,2,0,0
profoundly,ADV,2,0,0
impulse,NOUN,2,0,0
gratitude,NOUN,2,0,0
supper,VERB,2,0,0
soul,NOUN,2,0,0
following,ADJ,2,0,0
commotion,NOUN,2,0,0
unpleasantness,NOUN,2,0,0
consciousness,NOUN,2,0,0
invariably,ADV,2,0,0
expend,VERB,2,0,0
ghostly,ADV,2,0,0
celebrity,NOUN,2,0,0
director,NOUN,2,0,0
oblivion,NOUN,2,0,0
genially,ADV,2,0,0
particularly,ADV,2,0,0
amuse,VERB,2,0,0
unsuccessfully,ADV,2,0,0
club,NOUN,2,0,0
Doc,PROPN,2,0,1
help,NOUN,2,0,0
attain,VERB,2,0,0
appal,VERB,2,0,0
herd,VERB,2,0,0
procession,NOUN,2,0,0
pebble,NOUN,2,0,0
fur,NOUN,2,0,0
magic,NOUN,2,0,0
dilatory,ADJ,2,0,0
possibility,NOUN,2,0,0
radiant,ADJ,2,0,0
extinguish,VERB,2,0,0
dismiss,VERB,2,0,0
path,NOUN,2,0,0
fruit,NOUN,2,0,0
mysterious,ADJ,2,0,0
wisp,NOUN,2,0,0
expectantly,ADV,2,0,0
suspiciously,ADV,2,0,0
sir,PROPN,2,0,1
worried,ADJ,2,0,0
grocery,NOUN,2,0,0
report,VERB,2,0,0
pigsty,NOUN,2,0,0
whistle,NOUN,2,0,0
Company,PROPN,2,0,1
shirtwaist,NOUN,2,0,0
carpet,NOUN,2,0,0
gaze,VERB,2,0,0
sweet,ADJ,2,0,0
powder,NOUN,2,0,0
se,VERB,2,0,0
pre,ADJ,2,0,0
cious,ADJ,2,0,0
Goodbye,PROPN,2,0,1
click,VERB,2,0,0
refuse,NOUN,2,0,0
morbid,ADJ,2,0,0
crack,VERB,2,0,0
shuffle,VERB,2,0,0
savagely,ADV,2,0,0
notion,NOUN,2,0,0
nowadays,ADV,2,0,0
recognizable,ADJ,2,0,0
About,PROPN,2,1,1
faded,ADJ,2,0,0
hollow,ADJ,2,0,0
suspicion,NOUN,2,0,0
guilty,ADJ,2,0,0
disquieting,ADJ,2,0,0
inexplicable,ADJ,2,0,0
purpose,NOUN,2,0,0
protest,NOUN,2,0,0
suite,NOUN,2,0,0
intermittent,ADJ,2,0,0
julep,NOUN,2,0,0
unroll,VERB,2,0,0
splash,VERB,2,0,0
offer,VERB,2,0,0
your,NOUN,2,1,0
compress,VERB,2,0,0
portentous,ADJ,2,0,0
chord,NOUN,2,0,0
ballroom,NOUN,2,0,0
Daddy,PROPN,2,0,1
ea,NOUN,2,0,0
president,NOUN,2,0,0
tremendous,ADJ,2,0,0
detail,NOUN,2,0,0
stupid,ADJ,2,0,0
desperately,ADV,2,0,0
sneer,VERB,2,0,0
spree,NOUN,2,0,0
lower,ADV,2,0,0
that,ADV,2,1,0
bunch,NOUN,2,0,0
rapidly,ADV,2,0,0
proud,ADJ,2,0,0
fight,VERB,2,0,0
alarm,VERB,2,0,0
remote,ADJ,2,0,0
overhead,NOUN,2,0,0
stroke,NOUN,2,0,0
inquest,NOUN,2,0,0
suspicious,ADJ,2,0,0
visitor,NOUN,2,0,0
gathering,NOUN,2,0,0
breast,NOUN,2,0,0
loose,ADJ,2,0,0
wail,VERB,2,0,0
tiptoe,NOUN,2,0,0
derange,VERB,2,0,0
correction,NOUN,2,0,0
glaze,VERB,2,0,0
M,PROPN,2,0,1
o,X,2,0,0
g,NOUN,2,0,0
comin,NOUN,2,0,0
firmly,ADV,2,0,0
tiptoe,VERB,2,0,0
chicken,NOUN,2,0,0
frightening,ADJ,2,0,0
musty,ADJ,2,0,0
breathless,ADJ,2,0,0
redolent,NOUN,2,0,0
penniless,ADJ,2,0,0
facility,NOUN,2,0,0
following,NOUN,2,0,0
comment,NOUN,2,0,0
force,NOUN,2,0,0
cheap,ADJ,2,0,0
vestibule,NOUN,2,0,0
worth,ADJ,2,0,0
interminable,ADJ,2,0,0
Southampton,PROPN,2,0,1
rock,VERB,2,0,0
shame,NOUN,2,0,0
quieter,NOUN,2,0,0
uncomfortably,ADV,2,0,0
Gad,PROPN,2,0,1
thus,ADV,2,1,0
mattress,NOUN,2,0,0
message,NOUN,2,0,0
madman,NOUN,2,0,0
Information,PROPN,2,0,1
hasty,ADJ,2,0,0
etc,X,2,0,0
helpless,ADJ,2,0,0
September,PROPN,2,0,1
ceaselessly,ADV,2,0,0
matter,ADV,2,0,0
drizzle,NOUN,2,0,0
resolve,NOUN,2,0,0
improve,VERB,2,0,0
per,ADP,2,1,0
cemetery,NOUN,2,0,0
jewellery,NOUN,2,0,0
clearly,ADV,2,0,0
current,ADJ,2,0,0
Use,PROPN,2,0,1
concept,NOUN,2,0,0
registered,ADJ,2,0,0
research,NOUN,2,0,0
redistribution,NOUN,2,0,0
available,ADJ,2,0,0
file,NOUN,2,0,0
intellectual,ADJ,2,0,0
destroy,VERB,2,0,0
domain,NOUN,2,0,0
charge,NOUN,2,0,0
active,ADJ,2,0,0
prominently,ADV,2,0,0
view,VERB,2,0,0
derive,VERB,2,0,0
redistribute,VERB,2,0,0
Vanilla,PROPN,2,0,1
ASCII,PROPN,2,0,1
specify,VERB,2,0,0
calculate,VERB,2,0,0
method,NOUN,2,0,0
prepare,VERB,2,0,0
require,VERB,2,0,0
Section,PROPN,2,0,1
receipt,NOUN,2,0,0
accordance,NOUN,2,0,0
employee,NOUN,2,0,0
liability,NOUN,2,0,0
breach,NOUN,2,0,0
refund,VERB,2,0,0
lieu,NOUN,2,0,0
electronically,ADV,2,0,0
permit,VERB,2,0,0
provision,NOUN,2,0,0
readable,ADJ,2,0,0
federal,ADJ,2,0,0
contribution,NOUN,2,0,0
email,NOUN,2,0,0
solicit,VERB,2,0,0
title,NOUN,1,0,0
author,NOUN,1,0,0
Release,PROPN,1,0,1
language,NOUN,1,0,0
Alex,PROPN,1,0,1
Cabal,PROPN,1,0,1
Standard,PROPN,1,0,1
Ebooks,PROPN,1,0,1
Australia,PROPN,1,0,1
Zelda,PROPN,1,0,1
bounce,NOUN,1,0,0
Lover,PROPN,1,0,1
lover,NOUN,1,0,0
vulnerable,ADJ,1,0,0
criticize,VERB,1,0,0
communicative,ADJ,1,0,0
reserved,ADJ,1,0,0
inclined,ADJ,1,0,0
victim,NOUN,1,0,0
veteran,NOUN,1,0,0
bore,NOUN,1,0,0
abnormal,ADJ,1,0,0
detect,VERB,1,0,0
normal,ADJ,1,0,0
unjustly,ADV,1,0,0
politician,NOUN,1,0,0
privy,ADJ,1,0,0
confidence,NOUN,1,0,0
unsought,ADJ,1,0,0
frequently,ADV,1,0,0
feign,VERB,1,0,0
preoccupation,NOUN,1,0,0
levity,NOUN,1,0,0
horizon,NOUN,1,0,0
plagiaristic,ADJ,1,0,0
suppression,NOUN,1,0,0
fundamental,ADJ,1,0,0
parcel,VERB,1,0,0
unequally,ADV,1,0,0
birth,NOUN,1,0,0
boast,VERB,1,0,0
tolerance,NOUN,1,0,0
Conduct,PROPN,1,0,1
moral,ADJ,1,0,0
excursion,NOUN,1,0,0
privileged,ADJ,1,0,0
unaffected,ADJ,1,0,0
unbroken,ADJ,1,0,0
successful,ADJ,1,0,0
heighten,VERB,1,0,0
sensitivity,NOUN,1,0,0
relate,VERB,1,0,0
intricate,ADJ,1,0,0
register,VERB,1,0,0
earthquake,NOUN,1,0,0
responsiveness,NOUN,1,0,0
flabby,ADJ,1,0,0
impressionability,NOUN,1,0,0
gift,NOUN,1,0,0
readiness,NOUN,1,0,0
preyed,ADJ,1,0,0
temporarily,ADV,1,0,0
sorrow,NOUN,1,0,0
wind,VERB,1,0,0
elation,NOUN,1,0,0
prominent,ADJ,1,0,0
Carraways,PROPN,1,0,1
Dukes,PROPN,1,0,1
Buccleuch,PROPN,1,0,1
founder,NOUN,1,0,0
grandfather,NOUN,1,0,0
substitute,NOUN,1,0,0
Civil,PROPN,1,0,1
wholesale,ADJ,1,0,0
hardware,NOUN,1,0,0
boil,VERB,1,0,0
painting,NOUN,1,0,0
graduate,VERB,1,0,0
century,NOUN,1,0,0
participate,VERB,1,0,0
teutonic,ADJ,1,0,0
migration,NOUN,1,0,0
raid,NOUN,1,0,0
thoroughly,ADV,1,0,0
ye,NOUN,1,0,0
es,NOUN,1,0,0
hesitant,ADJ,1,0,0
finance,VERB,1,0,0
delay,NOUN,1,0,0
permanently,ADV,1,0,0
friendly,ADJ,1,0,0
bungalow,ADJ,1,0,0
firm,NOUN,1,0,0
Washington,PROPN,1,0,1
Dodge,PROPN,1,0,1
wisdom,NOUN,1,0,0
guide,NOUN,1,0,0
pathfinder,NOUN,1,0,0
settler,NOUN,1,0,0
confer,VERB,1,0,0
conviction,NOUN,1,0,0
health,NOUN,1,0,0
volume,NOUN,1,0,0
banking,NOUN,1,0,0
red,NOUN,1,0,0
unfold,VERB,1,0,0
Midas,PROPN,1,0,1
Morgan,PROPN,1,0,1
Maecenas,PROPN,1,0,1
literary,ADJ,1,0,0
editorial,NOUN,1,0,0
News,PROPN,1,0,1
specialist,NOUN,1,0,0
epigram,NOUN,1,0,0
successfully,ADV,1,0,0
community,NOUN,1,0,0
slender,NOUN,1,0,0
east,NOUN,1,0,0
formation,NOUN,1,0,0
contour,NOUN,1,0,0
courtesy,ADJ,1,0,0
jut,PROPN,1,0,1
domesticated,ADJ,1,0,0
salt,NOUN,1,0,0
hemisphere,NOUN,1,0,0
barnyard,NOUN,1,0,0
oval,NOUN,1,0,0
Columbus,PROPN,1,0,1
perpetual,ADJ,1,0,0
gull,NOUN,1,0,0
fly,VERB,1,0,0
wingless,NOUN,1,0,0
phenomenon,NOUN,1,0,0
dissimilarity,NOUN,1,0,0
size,NOUN,1,0,0
superficial,ADJ,1,0,0
tag,NOUN,1,0,0
contrast,NOUN,1,0,0
factual,ADJ,1,0,0
imitation,NOUN,1,0,0
Hôtel,PROPN,1,0,1
de,ADP,1,0,0
Ville,PROPN,1,0,1
Normandy,PROPN,1,0,1
spank,VERB,1,0,0
ivy,NOUN,1,0,0
inhabit,VERB,1,0,0
partial,ADJ,1,0,0
courtesy,NOUN,1,0,0
glitter,VERB,1,0,0
accomplishment,NOUN,1,0,0
excellence,NOUN,1,0,0
afterward,ADP,1,0,0
savour,NOUN,1,0,0
anticlimax,NOUN,1,0,0
enormously,ADV,1,0,0
fashion,NOUN,1,0,0
instance,NOUN,1,0,0
pony,NOUN,1,0,0
unrestfully,ADV,1,0,0
move,NOUN,1,1,0
wistfully,ADV,1,0,0
dramatic,ADJ,1,0,0
turbulence,NOUN,1,0,0
irrecoverable,ADJ,1,0,0
Georgian,PROPN,1,0,1
Colonial,PROPN,1,0,1
sundial,NOUN,1,0,0
momentum,NOUN,1,0,0
run,NOUN,1,0,0
reflect,VERB,1,0,0
straw,ADJ,1,0,0
dominance,NOUN,1,0,0
effeminate,NOUN,1,0,0
swank,NOUN,1,0,0
lacing,NOUN,1,0,0
pack,NOUN,1,0,0
shifting,NOUN,1,0,0
leverage,NOUN,1,0,0
cruel,ADJ,1,0,0
gruff,ADJ,1,0,0
fractiousness,NOUN,1,0,0
gut,NOUN,1,0,0
senior,ADJ,1,0,0
wistfulness,NOUN,1,0,0
sunny,ADJ,1,0,0
vista,NOUN,1,0,0
sweep,NOUN,1,0,0
pungent,ADJ,1,0,0
snub,ADJ,1,0,0
bump,VERB,1,0,0
offshore,ADV,1,0,0
Demaine,PROPN,1,0,1
hallway,NOUN,1,0,0
fragilely,ADV,1,0,0
ajar,ADJ,1,0,0
flag,NOUN,1,0,0
frosted,ADJ,1,0,0
wine,NOUN,1,0,0
stationary,ADJ,1,0,0
buoy,VERB,1,0,0
anchored,ADJ,1,0,0
balloon,NOUN,1,0,0
groan,NOUN,1,0,0
balloon,VERB,1,0,0
divan,NOUN,1,0,0
motionless,ADJ,1,0,0
indeed,ADV,1,1,0
p,NOUN,1,0,0
paralyse,VERB,1,0,0
witty,ADJ,1,0,0
hint,VERB,1,0,0
surname,NOUN,1,0,0
irrelevant,ADJ,1,0,0
criticism,NOUN,1,0,0
imperceptibly,ADV,1,0,0
totter,VERB,1,0,0
fright,NOUN,1,0,0
exhibition,NOUN,1,0,0
sufficiency,NOUN,1,0,0
stunned,ADJ,1,0,0
passionate,ADJ,1,0,0
difficult,ADJ,1,0,0
compulsion,NOUN,1,0,0
whispered,ADJ,1,0,0
ecstatically,ADV,1,0,0
rear,PROPN,1,0,1
mourning,NOUN,1,0,0
north,PROPN,1,0,1
irrelevantly,ADV,1,0,0
suddenness,NOUN,1,0,0
rapid,ADJ,1,0,0
retort,VERB,1,0,0
training,NOUN,1,0,0
bottom,NOUN,1,1,0
breast,VERB,1,0,0
erect,ADJ,1,0,0
accentuate,VERB,1,0,0
cadet,NOUN,1,0,0
reciprocal,ADJ,1,0,0
discontent,VERB,1,0,0
reply,VERB,1,0,0
neighbour,ADJ,1,0,0
wedge,VERB,1,0,0
imperatively,ADV,1,0,0
checker,NOUN,1,0,0
Slenderly,PROPN,1,0,1
languidly,ADV,1,0,0
sunset,NOUN,1,0,0
flicker,VERB,1,0,0
diminished,ADJ,1,0,0
radiantly,ADV,1,0,0
fasten,VERB,1,0,0
knuckle,NOUN,1,0,0
brute,NOUN,1,0,0
speciman,NOUN,1,0,0
hulking,ADJ,1,0,0
kid,VERB,1,0,0
Hulking,PROPN,1,0,1
unobtrusively,ADV,1,0,0
banter,VERB,1,0,0
inconsequence,NOUN,1,0,0
close,NOUN,1,0,0
disappoint,VERB,1,0,0
anticipation,NOUN,1,0,0
dread,NOUN,1,0,0
uncivilized,ADJ,1,0,0
corky,ADJ,1,0,0
claret,NOUN,1,0,0
crop,NOUN,1,0,0
Civilization,PROPN,1,0,1
pessimist,NOUN,1,0,0
Coloured,PROPN,1,0,1
Empires,PROPN,1,0,1
Goddard,PROPN,1,0,1
prove,VERB,1,0,0
unthoughtful,ADJ,1,0,0
dominant,ADJ,1,0,0
ferociously,ADV,1,0,0
fervent,ADJ,1,0,0
California,PROPN,1,0,1
Nordics,PROPN,1,0,1
infinitesimal,NOUN,1,0,0
art,NOUN,1,0,0
pathetic,ADJ,1,0,0
complacency,NOUN,1,0,0
interruption,NOUN,1,0,0
polisher,NOUN,1,0,0
polish,VERB,1,0,0
lingering,ADJ,1,0,0
regret,NOUN,1,0,0
extemporizing,ADJ,1,0,0
breathless,NOUN,1,0,0
napkin,NOUN,1,0,0
devoid,ADJ,1,0,0
about,ADJ,1,1,0
sh,VERB,1,0,0
warning,NOUN,1,0,0
subdue,VERB,1,0,0
unashamed,ADJ,1,0,0
coherence,NOUN,1,0,0
altogether,ADV,1,0,0
honestly,ADV,1,0,0
hesitantly,ADV,1,0,0
got,VERB,1,0,0
crunch,NOUN,1,0,0
searchingly,ADV,1,0,0
nightingale,NOUN,1,0,0
Cunard,PROPN,1,0,1
White,PROPN,1,0,1
Line,PROPN,1,0,1
conscious,ADJ,1,0,0
squarely,ADV,1,0,0
master,VERB,1,0,0
hardy,ADJ,1,0,0
fifth,ADJ,1,0,0
urgency,NOUN,1,0,0
temperament,NOUN,1,0,0
needless,ADJ,1,0,0
deaf,NOUN,1,0,0
velvet,NOUN,1,0,0
sedative,ADJ,1,0,0
feebly,ADV,1,0,0
eat,NOUN,1,0,0
ether,NOUN,1,0,0
advanced,ADJ,1,0,0
belief,NOUN,1,0,0
basic,ADJ,1,0,0
insincerity,NOUN,1,0,0
exact,VERB,1,0,0
contributory,ADJ,1,0,0
sure,ADV,1,0,0
smirk,NOUN,1,0,0
membership,NOUN,1,0,0
distinguished,ADJ,1,0,0
Evening,PROPN,1,0,1
Post,PROPN,1,0,1
uninflecte,VERB,1,0,0
lamplight,NOUN,1,0,0
yellow,NOUN,1,0,0
glint,VERB,1,0,0
issue,NOUN,1,0,0
Westchester,PROPN,1,0,1
Jor,PROPN,1,0,1
dan,PROPN,1,0,1
pleasing,ADJ,1,0,0
rotogravure,NOUN,1,0,0
sporting,NOUN,1,0,0
Asheville,PROPN,1,0,1
Springs,PROPN,1,0,1
Palm,PROPN,1,0,1
Beach,PROPN,1,0,1
anon,PROPN,1,0,1
fle,VERB,1,0,0
accidentally,ADV,1,0,0
closet,NOUN,1,0,0
girlhood,NOUN,1,0,0
white,NOUN,1,0,0
talk,NOUN,1,0,0
nordic,ADJ,1,0,0
peremptorily,ADV,1,0,0
forgot,VERB,1,0,0
libel,NOUN,1,0,0
like,ADJ,1,0,0
gossip,NOUN,1,0,0
publish,VERB,1,0,0
bann,NOUN,1,0,0
account,NOUN,1,0,0
rumour,VERB,1,0,0
disgusted,ADJ,1,0,0
depress,VERB,1,0,0
nibble,ADJ,1,0,0
egotism,NOUN,1,0,0
nourish,VERB,1,0,0
peremptory,ADJ,1,0,0
wayside,ADJ,1,0,0
petrol,NOUN,1,0,0
estate,NOUN,1,0,0
shed,NOUN,1,0,0
roller,NOUN,1,0,0
organ,NOUN,1,0,0
bellow,NOUN,1,0,0
frog,NOUN,1,0,0
cat,NOUN,1,0,0
pepper,NOUN,1,0,0
leisurely,ADJ,1,0,0
heaven,NOUN,1,0,0
intimation,NOUN,1,0,0
seaward,NOUN,1,0,0
distinguish,VERB,1,0,0
unquiet,ADJ,1,0,0
shrink,VERB,1,0,0
area,NOUN,1,0,0
ridge,NOUN,1,0,0
hill,NOUN,1,0,0
chimney,NOUN,1,0,0
transcendent,ADJ,1,0,0
crumble,VERB,1,0,0
powdery,NOUN,1,0,0
occasionally,ADV,1,0,0
creak,NOUN,1,0,0
ash,ADJ,1,0,0
swarm,VERB,1,0,0
leaden,ADJ,1,0,0
spade,NOUN,1,0,0
impenetrable,ADJ,1,0,0
screen,VERB,1,0,0
obscure,ADJ,1,0,0
operation,NOUN,1,0,0
bleak,ADJ,1,0,0
endlessly,ADV,1,0,0
gigantic,ADJ,1,0,0
retina,NOUN,1,0,0
nonexistent,ADJ,1,0,0
wag,NOUN,1,0,0
oculist,NOUN,1,0,0
fatten,VERB,1,0,0
borough,NOUN,1,0,0
Queens,PROPN,1,0,1
blindness,NOUN,1,0,0
dim,VERB,1,0,0
paintless,ADJ,1,0,0
brood,NOUN,1,0,0
dumping,NOUN,1,0,0
bound,VERB,1,0,0
drawbridge,NOUN,1,0,0
barge,NOUN,1,0,0
passenger,NOUN,1,0,0
stare,VERB,1,0,0
dismal,ADJ,1,0,0
resent,VERB,1,0,0
cafés,NOUN,1,0,0
chat,VERB,1,0,0
whomsoever,NOUN,1,0,0
tank,VERB,1,0,0
determination,NOUN,1,0,0
border,VERB,1,0,0
assumption,NOUN,1,0,0
whitewash,VERB,1,0,0
fence,NOUN,1,0,0
stare,NOUN,1,0,0
compact,ADJ,1,0,0
Main,PROPN,1,0,1
minister,VERB,1,0,0
contiguous,ADJ,1,0,0
trail,NOUN,1,0,0
Repairs,PROPN,1,0,1
unprosperous,ADJ,1,0,0
Ford,PROPN,1,0,1
sumptuous,ADJ,1,0,0
spiritless,ADJ,1,0,0
anaemic,ADJ,1,0,0
jovially,ADV,1,0,0
unconvincingly,ADV,1,0,0
thickish,NOUN,1,0,0
thirty,NOUN,1,0,0
flesh,NOUN,1,0,0
sensuously,ADV,1,0,0
spot,VERB,1,0,0
crêpe,NOUN,1,0,0
de,ADJ,1,0,0
chine,ADJ,1,0,0
facet,NOUN,1,0,0
smoulder,VERB,1,0,0
flush,ADJ,1,0,0
wet,VERB,1,0,0
coarse,ADJ,1,0,0
hurriedly,ADV,1,0,0
cement,NOUN,1,0,0
Fourth,PROPN,1,0,1
scrawny,ADJ,1,0,0
torpedo,NOUN,1,0,0
frown,NOUN,1,0,0
Awful,PROPN,1,0,1
sensibility,NOUN,1,0,0
Eggers,PROPN,1,0,1
figured,ADJ,1,0,0
muslin,PROPN,1,0,1
drugstore,VERB,1,0,0
flask,NOUN,1,0,0
perfume,NOUN,1,0,0
Upstairs,PROPN,1,0,1
solemn,PROPN,1,0,1
select,VERB,1,0,0
upholstery,NOUN,1,0,0
mass,NOUN,1,0,0
back,VERB,1,0,0
John,PROPN,1,0,1
Rockefeller,PROPN,1,0,1
swung,NOUN,1,0,0
cower,VERB,1,0,0
recent,ADJ,1,0,0
puppy,NOUN,1,0,0
indeterminate,ADJ,1,0,0
breed,NOUN,1,0,0
wriggling,NOUN,1,0,0
airedale,NOUN,1,0,0
washrag,NOUN,1,0,0
admiringly,ADV,1,0,0
cost,VERB,1,0,0
undoubtedly,ADV,1,0,0
concerned,ADJ,1,0,0
fondle,VERB,1,0,0
weatherproof,PROPN,1,0,1
rapture,NOUN,1,0,0
pastoral,ADJ,1,0,0
flock,NOUN,1,0,0
sheep,NOUN,1,0,0
interpose,VERB,1,0,0
back,ADP,1,1,0
cab,NOUN,1,0,0
slice,NOUN,1,0,0
regal,ADJ,1,0,0
homecoming,NOUN,1,0,0
purchase,NOUN,1,0,0
tapestried,ADJ,1,0,0
enlarge,VERB,1,0,0
bonnet,NOUN,1,0,0
countenance,NOUN,1,0,0
tin,NOUN,1,0,0
decompose,VERB,1,0,0
apathetically,ADV,1,0,0
saucer,NOUN,1,0,0
locked,ADJ,1,0,0
twice,ADV,1,0,0
hazy,ADJ,1,0,0
cast,NOUN,1,0,0
although,SCONJ,1,1,0
both,CCONJ,1,1,0
chapter,NOUN,1,0,0
whisky,ADJ,1,0,0
commence,VERB,1,0,0
worldly,ADJ,1,0,0
sticky,PROPN,1,0,1
bob,PROPN,1,0,1
red,PROPN,1,0,1
complexion,NOUN,1,0,0
milky,ADJ,1,0,0
pluck,VERB,1,0,0
rakish,ADJ,1,0,0
angle,NOUN,1,0,0
restoration,NOUN,1,0,0
alignment,NOUN,1,0,0
clicking,NOUN,1,0,0
pottery,NOUN,1,0,0
bracelet,NOUN,1,0,0
jingle,VERB,1,0,0
haste,NOUN,1,0,0
possessively,ADV,1,0,0
immoderately,ADV,1,0,0
feminine,ADJ,1,0,0
cheekbone,NOUN,1,0,0
respectful,ADJ,1,0,0
greeting,NOUN,1,0,0
artistic,ADJ,1,0,0
enlargement,NOUN,1,0,0
ectoplasm,NOUN,1,0,0
languid,ADJ,1,0,0
photograph,VERB,1,0,0
attire,VERB,1,0,0
continual,ADJ,1,0,0
rustle,NOUN,1,0,0
undergo,VERB,1,0,0
remarkable,ADJ,1,0,0
hauteur,NOUN,1,0,0
assertion,NOUN,1,0,0
expand,VERB,1,0,0
noisy,ADJ,1,0,0
creak,VERB,1,0,0
pivot,NOUN,1,0,0
smoky,ADJ,1,0,0
mince,VERB,1,0,0
cheat,VERB,1,0,0
bill,NOUN,1,0,0
appendicitis,NOUN,1,0,0
Eberhardt,PROPN,1,0,1
adorable,ADJ,1,0,0
reject,VERB,1,0,0
disdain,NOUN,1,0,0
wonderful,ADJ,1,0,0
pose,NOUN,1,0,0
strand,NOUN,1,0,0
brilliant,ADJ,1,0,0
modelling,NOUN,1,0,0
feature,NOUN,1,0,0
Sh,PROPN,1,0,1
audibly,ADV,1,0,0
mineral,NOUN,1,0,0
shiftlessness,NOUN,1,0,0
flounce,VERB,1,0,0
ecstasy,NOUN,1,0,0
chef,NOUN,1,0,0
await,VERB,1,0,0
frame,VERB,1,0,0
downstair,NOUN,1,0,0
Gulls,PROPN,1,0,1
Kaiser,PROPN,1,0,1
Wilhelm,PROPN,1,0,1
entry,NOUN,1,0,0
silently,ADV,1,0,0
Gasoline,PROPN,1,0,1
Pump,PROPN,1,0,1
overhear,VERB,1,0,0
lower,VERB,1,0,0
elaborateness,NOUN,1,0,0
discreet,ADJ,1,0,0
Marseilles,PROPN,1,0,1
gyp,VERB,1,0,0
Mediterranean,PROPN,1,0,1
declare,VERB,1,0,0
vigorously,ADV,1,0,0
kike,NOUN,1,0,0
ambiguously,ADV,1,0,0
fit,ADJ,1,0,0
lick,VERB,1,0,0
band,NOUN,1,0,0
resume,VERB,1,0,0
sweetie,NOUN,1,0,0
except,VERB,1,0,0
eastward,ADV,1,0,0
entangle,VERB,1,0,0
strident,ADJ,1,0,0
contribute,VERB,1,0,0
secrecy,NOUN,1,0,0
repel,VERB,1,0,0
shirtfront,NOUN,1,0,0
massage,NOUN,1,0,0
ashtray,NOUN,1,0,0
fist,NOUN,1,0,0
clench,VERB,1,0,0
action,NOUN,1,0,0
dry,VERB,1,0,0
Dai,PROPN,1,0,1
bloody,ADJ,1,0,0
pain,NOUN,1,0,0
doze,NOUN,1,0,0
daze,NOUN,1,0,0
article,NOUN,1,0,0
aid,NOUN,1,0,0
despairing,ADJ,1,0,0
bleed,VERB,1,0,0
fluently,ADV,1,0,0
tapestry,NOUN,1,0,0
chandelier,NOUN,1,0,0
lever,NOUN,1,0,0
dignity,NOUN,1,0,0
portfolio,NOUN,1,0,0
Beauty,PROPN,1,0,1
Beast,PROPN,1,0,1
Loneliness,PROPN,1,0,1
Old,PROPN,1,0,1
Grocery,PROPN,1,0,1
Horse,PROPN,1,0,1
Tribune,PROPN,1,0,1
whispering,NOUN,1,0,0
dive,VERB,1,0,0
raft,NOUN,1,0,0
slit,VERB,1,0,0
aquaplane,NOUN,1,0,0
cataract,NOUN,1,0,0
foam,NOUN,1,0,0
Rolls,PROPN,1,0,1
Royce,PROPN,1,0,1
omnibus,NOUN,1,0,0
scamper,VERB,1,0,0
bug,NOUN,1,0,0
Mondays,PROPN,1,0,1
toil,VERB,1,0,0
mop,NOUN,1,0,0
scrubbing,NOUN,1,0,0
hammer,NOUN,1,0,0
shear,NOUN,1,0,0
repair,VERB,1,0,0
ravage,NOUN,1,0,0
Friday,PROPN,1,0,1
crate,NOUN,1,0,0
fruiterer,NOUN,1,0,0
Monday,PROPN,1,0,1
pyramid,NOUN,1,0,0
pulpless,ADJ,1,0,0
extract,VERB,1,0,0
juice,NOUN,1,0,0
thumb,NOUN,1,0,0
fortnight,NOUN,1,0,0
corps,NOUN,1,0,0
buffet,NOUN,1,0,0
hor,NOUN,1,0,0
spice,VERB,1,0,0
baked,ADJ,1,0,0
ham,NOUN,1,0,0
salad,NOUN,1,0,0
harlequin,NOUN,1,0,0
pastry,NOUN,1,0,0
turkey,NOUN,1,0,0
bewitch,VERB,1,0,0
rail,NOUN,1,0,0
stock,VERB,1,0,0
cordial,NOUN,1,0,0
female,ADJ,1,0,0
pitful,ADJ,1,0,0
oboe,NOUN,1,0,0
trombone,NOUN,1,0,0
viol,NOUN,1,0,0
cornet,NOUN,1,0,0
piccolo,NOUN,1,0,0
swimmer,NOUN,1,0,0
park,VERB,1,0,0
gaudy,ADJ,1,0,0
primary,ADJ,1,0,0
bob,VERB,1,0,0
shawl,NOUN,1,0,0
Castile,PROPN,1,0,1
swing,NOUN,1,0,0
permeate,VERB,1,0,0
enthusiastic,ADJ,1,0,0
opera,NOUN,1,0,0
pitch,VERB,1,0,0
Laughter,PROPN,1,0,1
prodigality,NOUN,1,0,0
swiftly,ADV,1,0,0
wanderer,NOUN,1,0,0
weave,VERB,1,0,0
stouter,NOUN,1,0,0
joyous,ADJ,1,0,0
constantly,ADV,1,0,0
gypsy,NOUN,1,0,0
opal,NOUN,1,0,0
dump,VERB,1,0,0
Frisco,PROPN,1,0,1
vary,VERB,1,0,0
obligingly,ADV,1,0,0
erroneous,ADJ,1,0,0
Gilda,PROPN,1,0,1
Gray,PROPN,1,0,1
understudy,NOUN,1,0,0
Follies,PROPN,1,0,1
conduct,VERB,1,0,0
behaviour,NOUN,1,0,0
amusement,NOUN,1,0,0
employer,NOUN,1,0,0
honour,NOUN,1,0,0
attend,VERB,1,0,0
combination,NOUN,1,0,0
majestic,ADJ,1,0,0
ill,ADJ,1,0,0
swirl,NOUN,1,0,0
eddy,NOUN,1,0,0
englishman,NOUN,1,0,0
dotted,ADJ,1,0,0
hungry,ADJ,1,0,0
earnest,ADJ,1,0,0
prosperous,ADJ,1,0,0
Americans,PROPN,1,0,1
insurance,NOUN,1,0,0
agonizingly,ADV,1,0,0
theirs,PRON,1,0,0
whereabouts,NOUN,1,0,0
amazed,ADJ,1,0,0
vehemently,ADV,1,0,0
knowledge,NOUN,1,0,0
slunk,VERB,1,0,0
welcome,INTJ,1,0,0
passersby,NOUN,1,0,0
unnaturally,ADV,1,0,0
respond,VERB,1,0,0
impersonally,ADV,1,0,0
twin,ADJ,1,0,0
win,VERB,1,0,0
final,NOUN,1,0,0
dye,VERB,1,0,0
premature,ADJ,1,0,0
doubt,ADV,1,0,0
Mumble,PROPN,1,0,1
companion,NOUN,1,0,0
inside,ADP,1,0,0
package,NOUN,1,0,0
Croirier,PROPN,1,0,1
bust,NOUN,1,0,0
alter,VERB,1,0,0
confidentially,ADV,1,0,0
thrill,NOUN,1,0,0
Mumbles,PROPN,1,0,1
sceptically,ADV,1,0,0
spy,NOUN,1,0,0
Germany,PROPN,1,0,1
positively,ADV,1,0,0
credulity,NOUN,1,0,0
switch,VERB,1,0,0
speculation,NOUN,1,0,0
inspire,VERB,1,0,0
escort,NOUN,1,0,0
yield,VERB,1,0,0
ramble,VERB,1,0,0
homogeneity,NOUN,1,0,0
function,NOUN,1,0,0
staid,ADJ,1,0,0
nobility,NOUN,1,0,0
countryside,NOUN,1,0,0
condescend,VERB,1,0,0
carefully,ADV,1,0,0
guard,NOUN,1,0,0
spectroscopic,ADJ,1,0,0
wasteful,ADJ,1,0,0
inappropriate,ADJ,1,0,0
looking,ADJ,1,0,0
Gothic,PROPN,1,0,1
panel,VERB,1,0,0
carve,VERB,1,0,0
oak,NOUN,1,0,0
transport,VERB,1,0,0
ruin,NOUN,1,0,0
somewhat,ADV,1,0,0
unsteady,ADJ,1,0,0
impetuously,ADV,1,0,0
bookshelf,NOUN,1,0,0
durable,ADJ,1,0,0
Matter,PROPN,1,0,1
Lemme,PROPN,1,0,1
bookcase,NOUN,1,0,0
Volume,PROPN,1,0,1
Stoddard,PROPN,1,0,1
Lectures,PROPN,1,0,1
bona,ADV,1,0,0
Belasco,PROPN,1,0,1
thoroughness,NOUN,1,0,0
realism,NOUN,1,0,0
cheerfully,ADV,1,0,0
Claud,PROPN,1,0,1
sober,VERB,1,0,0
graceless,ADJ,1,0,0
tortuously,ADV,1,0,0
individually,ADV,1,0,0
trap,NOUN,1,0,0
celebrated,ADJ,1,0,0
Italian,PROPN,1,0,1
notorious,ADJ,1,0,0
contralto,NOUN,1,0,0
vacuous,ADJ,1,0,0
stage,NOUN,1,0,0
twin,NOUN,1,0,0
triangle,NOUN,1,0,0
scale,NOUN,1,0,0
tinny,ADJ,1,0,0
drip,NOUN,1,0,0
rowdy,ADJ,1,0,0
provocation,NOUN,1,0,0
uncontrollable,VERB,1,0,0
significant,ADJ,1,0,0
elemental,ADJ,1,0,0
lull,NOUN,1,0,0
entertainment,NOUN,1,0,0
First,PROPN,1,1,1
Division,PROPN,1,0,1
eighth,ADJ,1,0,0
Infantry,PROPN,1,0,1
Sixteenth,PROPN,1,0,1
reassurance,NOUN,1,0,0
prejudice,NOUN,1,0,0
roughneck,NOUN,1,0,0
rejoin,VERB,1,0,0
constrain,VERB,1,0,0
corpulent,ADJ,1,0,0
background,NOUN,1,0,0
stimulate,VERB,1,0,0
Louisiana,PROPN,1,0,1
Side,PROPN,1,1,1
comprehensible,ADJ,1,0,0
inexperience,NOUN,1,0,0
drift,NOUN,1,0,0
urban,ADJ,1,0,0
distaste,NOUN,1,0,0
concrete,NOUN,1,0,0
privacy,NOUN,1,0,0
bass,NOUN,1,0,0
echolalia,NOUN,1,0,0
Carnegie,PROPN,1,0,1
Hall,PROPN,1,0,1
May,PROPN,1,1,1
jovial,ADJ,1,0,0
condescension,NOUN,1,0,0
conclude,VERB,1,0,0
lustily,ADV,1,0,0
Jazz,PROPN,1,0,1
composition,NOUN,1,0,0
attractively,ADV,1,0,0
trim,VERB,1,0,0
fraternal,ADJ,1,0,0
puppyish,ADJ,1,0,0
convivial,ADJ,1,0,0
playfully,ADV,1,0,0
arrest,VERB,1,0,0
French,PROPN,1,0,1
bob,NOUN,1,0,0
astonishment,PROPN,1,0,1
jauntiness,NOUN,1,0,0
windowe,VERB,1,0,0
terrace,NOUN,1,0,0
Eluding,PROPN,1,0,1
obstetrical,ADJ,1,0,0
implore,VERB,1,0,0
quantity,NOUN,1,0,0
ineptly,ADV,1,0,0
lyric,NOUN,1,0,0
quavering,ADJ,1,0,0
soprano,NOUN,1,0,0
course,VERB,1,0,0
bead,VERB,1,0,0
eyelash,NOUN,1,0,0
inky,ADJ,1,0,0
rivulet,NOUN,1,0,0
humorous,ADJ,1,0,0
vinous,ADJ,1,0,0
asunder,ADV,1,0,0
dissension,NOUN,1,0,0
actress,NOUN,1,0,0
attempt,VERB,1,0,0
resort,VERB,1,0,0
flank,NOUN,1,0,0
attack,NOUN,1,0,0
interval,NOUN,1,0,0
diamond,NOUN,1,0,0
hiss,VERB,1,0,0
confine,VERB,1,0,0
wayward,ADJ,1,0,0
occupy,VERB,1,0,0
deplorably,ADV,1,0,0
sober,ADJ,1,0,0
highly,ADV,1,0,0
indignant,ADJ,1,0,0
selfish,ADJ,1,0,0
sheepishly,ADV,1,0,0
spite,NOUN,1,0,0
malevolence,NOUN,1,0,0
credibility,NOUN,1,0,0
dispute,NOUN,1,0,0
kick,VERB,1,0,0
abstractedly,ADV,1,0,0
tantalize,VERB,1,0,0
gracefully,ADV,1,0,0
Sigourney,PROPN,1,0,1
Howard,PROPN,1,0,1
salute,NOUN,1,0,0
ashamed,ADJ,1,0,0
apologize,VERB,1,0,0
enjoin,VERB,1,0,0
familiarity,NOUN,1,0,0
reassuringly,ADV,1,0,0
Philadelphia,PROPN,1,0,1
sir,NOUN,1,0,0
illuminate,VERB,1,0,0
shorn,VERB,1,0,0
jut,NOUN,1,0,0
detachment,NOUN,1,0,0
discordant,ADJ,1,0,0
din,NOUN,1,0,0
rear,NOUN,1,0,0
dismount,VERB,1,0,0
observer,NOUN,1,0,0
puzzled,ADJ,1,0,0
astonishing,ADJ,1,0,0
shrug,VERB,1,0,0
mechanic,NOUN,1,0,0
Owl,PROPN,1,0,1
bystander,NOUN,1,0,0
suicide,NOUN,1,0,0
lucky,ADJ,1,0,0
ing,NOUN,1,0,0
criminal,NOUN,1,0,0
declaration,NOUN,1,0,0
sustained,ADJ,1,0,0
pale,NOUN,1,0,0
individual,NOUN,1,0,0
paw,VERB,1,0,0
groaning,NOUN,1,0,0
apparition,NOUN,1,0,0
outa,ADJ,1,0,0
amputated,ADJ,1,0,0
upward,ADV,1,0,0
straighten,VERB,1,0,0
reverse,NOUN,1,0,0
caterwaul,VERB,1,0,0
crescendo,NOUN,1,0,0
wafer,NOUN,1,0,0
emptiness,NOUN,1,0,0
endow,VERB,1,0,0
isolation,NOUN,1,0,0
farewell,NOUN,1,0,0
contrary,NOUN,1,0,0
early,ADJ,1,0,0
westward,ADV,1,0,0
chasm,NOUN,1,0,0
Probity,PROPN,1,0,1
Trust,PROPN,1,0,1
salesman,NOUN,1,0,0
lunch,VERB,1,0,0
sausage,NOUN,1,0,0
mashed,ADJ,1,0,0
potato,NOUN,1,0,0
accounting,NOUN,1,0,0
department,NOUN,1,0,0
mean,ADJ,1,0,0
vacation,NOUN,1,0,0
quietly,ADV,1,0,0
Club,PROPN,1,0,1
gloomiest,NOUN,1,0,0
study,VERB,1,0,0
rioter,NOUN,1,0,0
mellow,ADJ,1,0,0
Madison,PROPN,1,0,1
Murray,PROPN,1,0,1
adventurous,ADJ,1,0,0
metropolitan,ADJ,1,0,0
loiter,VERB,1,0,0
waste,VERB,1,0,0
poignant,ADJ,1,0,0
Forties,PROPN,1,0,1
theatre,NOUN,1,0,0
district,NOUN,1,0,0
sinking,NOUN,1,0,0
unheard,ADJ,1,0,0
joke,NOUN,1,0,0
unintelligible,ADJ,1,0,0
midsummer,NOUN,1,0,0
champion,NOUN,1,0,0
tender,ADJ,1,0,0
haughty,NOUN,1,0,0
affectation,NOUN,1,0,0
Warwick,PROPN,1,0,1
semifinal,ADJ,1,0,0
proportion,NOUN,1,0,0
caddy,NOUN,1,0,0
retract,VERB,1,0,0
mistake,VERB,1,0,0
clever,ADJ,1,0,0
shrewd,ADJ,1,0,0
plane,NOUN,1,0,0
divergence,NOUN,1,0,0
incurably,ADV,1,0,0
dishonest,ADJ,1,0,0
disadvantage,NOUN,1,0,0
unwillingness,NOUN,1,0,0
subterfuge,NOUN,1,0,0
insolent,ADJ,1,0,0
satisfy,VERB,1,0,0
Dishonesty,PROPN,1,0,1
blame,VERB,1,0,0
deeply,ADV,1,0,0
party,PROPN,1,0,1
flick,VERB,1,0,0
protest,VERB,1,0,0
relation,NOUN,1,0,0
slow,ADV,1,0,0
thinking,NOUN,1,0,0
tangle,NOUN,1,0,0
moustache,NOUN,1,0,0
understanding,NOUN,1,0,0
tactfully,ADV,1,0,0
cardinal,ADJ,1,0,0
virtue,NOUN,1,0,0
rang,VERB,1,0,0
twinkle,VERB,1,0,0
Von,PROPN,1,0,1
Hindenburg,PROPN,1,0,1
crystal,NOUN,1,0,0
disintegrate,VERB,1,0,0
head,VERB,1,0,0
generality,NOUN,1,0,0
subtle,ADJ,1,0,0
Beckers,PROPN,1,0,1
leech,NOUN,1,0,0
Bunsen,PROPN,1,0,1
Webster,PROPN,1,0,1
Maine,PROPN,1,0,1
Hornbeams,PROPN,1,0,1
Willie,PROPN,1,0,1
Voltaires,PROPN,1,0,1
Blackbuck,PROPN,1,0,1
goat,NOUN,1,0,0
whosoever,PROPN,1,0,1
Ismays,PROPN,1,0,1
Chrysties,PROPN,1,0,1
Hubert,PROPN,1,0,1
Auerbach,PROPN,1,0,1
Chrystie,PROPN,1,0,1
Beaver,PROPN,1,0,1
cotton,NOUN,1,0,0
Clarence,PROPN,1,0,1
Endive,PROPN,1,0,1
knickerbocker,NOUN,1,0,0
bum,NOUN,1,0,0
Etty,PROPN,1,0,1
Cheadles,PROPN,1,0,1
Schraeders,PROPN,1,0,1
Stonewall,PROPN,1,0,1
Jackson,PROPN,1,0,1
Abrams,PROPN,1,0,1
Georgia,PROPN,1,0,1
Fishguards,PROPN,1,0,1
Ripley,PROPN,1,0,1
Snells,PROPN,1,0,1
Snell,PROPN,1,0,1
penitentiary,ADJ,1,0,0
Ulysses,PROPN,1,0,1
Swett,PROPN,1,0,1
Dancies,PROPN,1,0,1
Whitebait,PROPN,1,0,1
Maurice,PROPN,1,0,1
Flink,PROPN,1,0,1
Hammerheads,PROPN,1,0,1
tobacco,NOUN,1,0,0
importer,NOUN,1,0,0
Poles,PROPN,1,0,1
Mulreadys,PROPN,1,0,1
Roebuck,PROPN,1,0,1
Schoen,PROPN,1,0,1
Gulick,PROPN,1,0,1
State,PROPN,1,0,1
senator,NOUN,1,0,0
Newton,PROPN,1,0,1
Orchid,PROPN,1,0,1
Films,PROPN,1,0,1
Par,PROPN,1,0,1
Excellence,PROPN,1,0,1
Eckhaust,PROPN,1,0,1
Clyde,PROPN,1,0,1
Cohen,PROPN,1,0,1
Don,PROPN,1,0,1
Schwartz,PROPN,1,0,1
Arthur,PROPN,1,0,1
McCarty,PROPN,1,0,1
Catlips,PROPN,1,0,1
Bembergs,PROPN,1,0,1
strangle,VERB,1,0,0
Da,PROPN,1,0,1
Fontano,PROPN,1,0,1
promoter,NOUN,1,0,0
Ed,PROPN,1,0,1
Legros,PROPN,1,0,1
Rot,PROPN,1,0,1
Gut,PROPN,1,0,1
De,PROPN,1,0,1
Jongs,PROPN,1,0,1
Ernest,PROPN,1,0,1
Lilly,PROPN,1,0,1
gamble,VERB,1,0,0
Associated,PROPN,1,0,1
Traction,PROPN,1,0,1
fluctuate,VERB,1,0,0
profitably,ADV,1,0,0
theatrical,ADJ,1,0,0
Gus,PROPN,1,0,1
Waize,PROPN,1,0,1
Horace,PROPN,1,0,1
Lester,PROPN,1,0,1
Myer,PROPN,1,0,1
Duckweed,PROPN,1,0,1
Francis,PROPN,1,0,1
Bull,PROPN,1,0,1
Chromes,PROPN,1,0,1
Backhyssons,PROPN,1,0,1
Dennickers,PROPN,1,0,1
Russel,PROPN,1,0,1
Betty,PROPN,1,0,1
Corrigans,PROPN,1,0,1
Kellehers,PROPN,1,0,1
Dewars,PROPN,1,0,1
Scullys,PROPN,1,0,1
Belcher,PROPN,1,0,1
Smirkes,PROPN,1,0,1
Quinns,PROPN,1,0,1
divorce,VERB,1,0,0
Palmetto,PROPN,1,0,1
Times,PROPN,1,0,1
Square,PROPN,1,0,1
Benny,PROPN,1,0,1
McClenahan,PROPN,1,0,1
inevitably,ADV,1,0,0
Jaqueline,PROPN,1,0,1
Consuela,PROPN,1,0,1
Gloria,PROPN,1,0,1
Judy,PROPN,1,0,1
melodious,ADJ,1,0,0
sterner,ADJ,1,0,0
capitalist,NOUN,1,0,0
Faustina,PROPN,1,0,1
Brewer,PROPN,1,0,1
Albrucksburger,PROPN,1,0,1
Haag,PROPN,1,0,1
fiancée,NOUN,1,0,0
Ardita,PROPN,1,0,1
Fitz,PROPN,1,0,1
Peters,PROPN,1,0,1
Jewett,PROPN,1,0,1
Claudia,PROPN,1,0,1
Hip,PROPN,1,0,1
repute,VERB,1,0,0
prince,NOUN,1,0,0
Duke,PROPN,1,0,1
rocky,ADJ,1,0,0
note,VERB,1,0,0
urgent,ADJ,1,0,0
frequent,ADJ,1,0,0
dashboard,NOUN,1,0,0
resourcefulness,NOUN,1,0,0
formless,ADJ,1,0,0
grace,NOUN,1,0,0
sporadic,ADJ,1,0,0
punctilious,ADJ,1,0,0
restlessness,NOUN,1,0,0
impatient,ADJ,1,0,0
opening,NOUN,1,0,0
nickel,NOUN,1,0,0
monstrous,ADJ,1,0,0
triumphant,ADJ,1,0,0
hatbox,NOUN,1,0,0
toolbox,NOUN,1,0,0
terrace,VERB,1,0,0
labyrinth,NOUN,1,0,0
windshield,NOUN,1,0,0
layer,NOUN,1,0,0
conservatory,NOUN,1,0,0
undefined,ADJ,1,0,0
disconcert,VERB,1,0,0
unfinishe,VERB,1,0,0
indecisively,ADV,1,0,0
caramel,NOUN,1,0,0
overwhelmed,ADJ,1,0,0
generalized,ADJ,1,0,0
evasion,NOUN,1,0,0
flavour,VERB,1,0,0
divine,ADJ,1,0,0
retribution,NOUN,1,0,0
ancestor,NOUN,1,0,0
San,PROPN,1,0,1
Francisco,PROPN,1,0,1
extinction,NOUN,1,0,0
otherwise,ADV,1,1,0
rajah,NOUN,1,0,0
capital,NOUN,1,0,0
Paris,PROPN,1,0,1
Venice,PROPN,1,0,1
Rome,PROPN,1,0,1
collect,VERB,1,0,0
chiefly,ADJ,1,0,0
manage,VERB,1,0,0
restrain,VERB,1,0,0
threadbare,ADJ,1,0,0
evoke,VERB,1,0,0
image,NOUN,1,0,0
turbane,VERB,1,0,0
sawdust,NOUN,1,0,0
pore,NOUN,1,0,0
Bois,PROPN,1,0,1
de,X,1,0,0
Boulogne,PROPN,1,0,1
commission,NOUN,1,0,0
remain,NOUN,1,0,0
battalion,NOUN,1,0,0
gap,NOUN,1,0,0
sixteen,NUM,1,0,0
Lewis,PROPN,1,0,1
insignia,NOUN,1,0,0
division,NOUN,1,0,0
dead,NOUN,1,0,0
major,ADJ,1,0,0
allied,ADJ,1,0,0
decoration,NOUN,1,0,0
Adriatic,PROPN,1,0,1
comprehend,VERB,1,0,0
troubled,ADJ,1,0,0
Montenegrin,PROPN,1,0,1
appreciate,VERB,1,0,0
incredulity,NOUN,1,0,0
fascination,NOUN,1,0,0
like,INTJ,1,0,0
skim,VERB,1,0,0
sling,VERB,1,0,0
ribbon,NOUN,1,0,0
palm,NOUN,1,0,0
astonishment,NOUN,1,0,0
authentic,ADJ,1,0,0
Orderi,PROPN,1,0,1
di,X,1,0,0
Danilo,PROPN,1,0,1
Nicolas,PROPN,1,0,1
Rex,PROPN,1,0,1
Major,PROPN,1,0,1
Valour,PROPN,1,0,1
Extraordinary,PROPN,1,0,1
Trinity,PROPN,1,0,1
Quad,PROPN,1,0,1
left,NOUN,1,0,0
Doncaster,PROPN,1,0,1
blazer,NOUN,1,0,0
archway,NOUN,1,0,0
spire,NOUN,1,0,0
cricket,ADJ,1,0,0
bat,NOUN,1,0,0
flame,VERB,1,0,0
Grand,PROPN,1,0,1
Canal,PROPN,1,0,1
chest,NOUN,1,0,0
ease,VERB,1,0,0
crimson,NOUN,1,0,0
depth,NOUN,1,0,0
gnawing,NOUN,1,0,0
pocket,VERB,1,0,0
tea,VERB,1,0,0
consent,VERB,1,0,0
annoyed,ADJ,1,0,0
overpopulated,ADJ,1,0,0
correctness,NOUN,1,0,0
near,VERB,1,0,0
belted,ADJ,1,0,0
oceangoing,ADJ,1,0,0
ship,NOUN,1,0,0
cobble,VERB,1,0,0
slum,NOUN,1,0,0
undeserted,ADJ,1,0,0
saloon,NOUN,1,0,0
gilt,NOUN,1,0,0
pant,VERB,1,0,0
scatter,VERB,1,0,0
pillar,NOUN,1,0,0
jug,NOUN,1,0,0
spat,NOUN,1,0,0
frantic,ADJ,1,0,0
right,INTJ,1,0,0
commissioner,NOUN,1,0,0
sugar,NOUN,1,0,0
lump,NOUN,1,0,0
wish,NOUN,1,0,0
nonolfactory,ADJ,1,0,0
Queensboro,PROPN,1,0,1
heap,VERB,1,0,0
bloom,NOUN,1,0,0
southeastern,ADJ,1,0,0
sombre,ADJ,1,0,0
Blackwell,PROPN,1,0,1
modish,ADJ,1,0,0
buck,NOUN,1,0,0
yolk,NOUN,1,0,0
eyeball,NOUN,1,0,0
haughty,PROPN,1,0,1
rivalry,NOUN,1,0,0
fan,VERB,1,0,0
second,NOUN,1,0,0
brightness,NOUN,1,0,0
anteroom,NOUN,1,0,0
Jew,PROPN,1,0,1
growth,NOUN,1,0,0
luxuriate,VERB,1,0,0
expressive,ADJ,1,0,0
penny,NOUN,1,0,0
somnambulatory,ADJ,1,0,0
abstraction,NOUN,1,0,0
Highballs,PROPN,1,0,1
presbyterian,ADJ,1,0,0
nymph,NOUN,1,0,0
Rosenthal,PROPN,1,0,1
drunk,VERB,1,0,0
bastard,NOUN,1,0,0
seen,ADJ,1,0,0
daylight,NOUN,1,0,0
belly,NOUN,1,0,0
electrocute,VERB,1,0,0
Five,PROPN,1,1,1
Becker,PROPN,1,0,1
juxtaposition,NOUN,1,0,0
startling,ADJ,1,0,0
no,NOUN,1,1,0
disappointed,ADJ,1,0,0
succulent,ADJ,1,0,0
hash,NOUN,1,0,0
atmosphere,NOUN,1,0,0
delicacy,NOUN,1,0,0
rove,VERB,1,0,0
complete,VERB,1,0,0
arc,NOUN,1,0,0
frankly,ADV,1,0,0
underhand,ADJ,1,0,0
sportswoman,NOUN,1,0,0
gratified,ADJ,1,0,0
pleasure,NOUN,1,0,0
compose,VERB,1,0,0
ivory,NOUN,1,0,0
finest,ADJ,1,0,0
specimen,NOUN,1,0,0
molar,NOUN,1,0,0
sleeve,NOUN,1,0,0
instinctive,ADJ,1,0,0
outstay,VERB,1,0,0
welcome,NOUN,1,0,0
supply,VERB,1,0,0
imaginary,ADJ,1,0,0
noun,NOUN,1,0,0
quite,DET,1,1,0
denizen,NOUN,1,0,0
actor,NOUN,1,0,0
dentist,NOUN,1,0,0
gambler,NOUN,1,0,0
stagger,VERB,1,0,0
million,NUM,1,0,0
burglar,NOUN,1,0,0
smart,ADJ,1,0,0
furious,ADJ,1,0,0
briefly,ADV,1,0,0
straight,ADJ,1,0,0
rubber,NOUN,1,0,0
knob,NOUN,1,0,0
sol,NOUN,1,0,0
skirt,NOUN,1,0,0
tut,NOUN,1,0,0
disapproving,ADJ,1,0,0
Fay,PROPN,1,0,1
monopolize,VERB,1,0,0
anyways,INTJ,1,0,0
opposite,ADJ,1,0,0
kerb,NOUN,1,0,0
Red,PROPN,1,0,1
Cross,PROPN,1,0,1
bandage,NOUN,1,0,0
sometime,ADV,1,1,0
beaux,PROPN,1,0,1
circulate,VERB,1,0,0
pack,VERB,1,0,0
effectually,ADV,1,0,0
footed,ADJ,1,0,0
shortsighted,ADJ,1,0,0
début,NOUN,1,0,0
February,PROPN,1,0,1
presumably,ADV,1,0,0
Orleans,PROPN,1,0,1
pomp,NOUN,1,0,0
Muhlbach,PROPN,1,0,1
value,VERB,1,0,0
bridesmaid,NOUN,1,0,0
bridal,ADJ,1,0,0
monkey,NOUN,1,0,0
Sauterne,PROPN,1,0,1
gratulate,VERB,1,0,0
deary,NOUN,1,0,0
wastebasket,NOUN,1,0,0
whoever,PRON,1,1,0
tub,NOUN,1,0,0
soap,NOUN,1,0,0
dish,NOUN,1,0,0
spirit,NOUN,1,0,0
ammonia,NOUN,1,0,0
hook,VERB,1,0,0
shiver,NOUN,1,0,0
South,PROPN,1,0,1
Seas,PROPN,1,0,1
uneasily,ADV,1,0,0
abstracted,ADJ,1,0,0
unfathomable,ADJ,1,0,0
Ventura,PROPN,1,0,1
chambermaid,NOUN,1,0,0
April,PROPN,1,0,1
Cannes,PROPN,1,0,1
Deauville,PROPN,1,0,1
reputation,NOUN,1,0,0
time,VERB,1,0,0
irregularity,NOUN,1,0,0
amour,VERB,1,0,0
victoria,NOUN,1,0,0
Fifties,PROPN,1,0,1
cricket,NOUN,1,0,0
Sheik,PROPN,1,0,1
Araby,PROPN,1,0,1
creep,ADJ,1,0,0
aspire,VERB,1,0,0
deliver,VERB,1,0,0
womb,NOUN,1,0,0
modesty,NOUN,1,0,0
dispense,VERB,1,0,0
starlight,ADJ,1,0,0
underneath,ADP,1,0,0
dip,VERB,1,0,0
universal,ADJ,1,0,0
jauntily,ADV,1,0,0
heady,ADJ,1,0,0
pursuing,NOUN,1,0,0
façade,NOUN,1,0,0
Fifty,PROPN,1,1,1
Ninth,PROPN,1,0,1
delicate,ADJ,1,0,0
disembodied,ADJ,1,0,0
cornice,NOUN,1,0,0
peninsula,NOUN,1,0,0
unreal,ADV,1,0,0
elongating,NOUN,1,0,0
glint,NOUN,1,0,0
roadside,NOUN,1,0,0
rout,NOUN,1,0,0
sardine,NOUN,1,0,0
fair,NOUN,1,0,0
plunge,NOUN,1,0,0
suppress,VERB,1,0,0
carelessly,ADV,1,0,0
cut,NOUN,1,0,0
darker,ADJ,1,0,0
expanse,NOUN,1,0,0
uncertainly,ADV,1,0,0
confidently,ADV,1,0,0
pardon,VERB,1,0,0
selling,NOUN,1,0,0
interest,VERB,1,0,0
confidential,ADJ,1,0,0
crisis,NOUN,1,0,0
tactlessly,ADV,1,0,0
render,VERB,1,0,0
choice,NOUN,1,0,0
shy,VERB,1,0,0
responsive,ADJ,1,0,0
lightheaded,ADJ,1,0,0
gaudily,ADV,1,0,0
raincoat,NOUN,1,0,0
drag,VERB,1,0,0
mower,NOUN,1,0,0
Village,PROPN,1,0,1
whitewashed,ADJ,1,0,0
alley,NOUN,1,0,0
unnecessary,ADJ,1,0,0
greenhouse,NOUN,1,0,0
receptacle,NOUN,1,0,0
sleeplessness,NOUN,1,0,0
judge,VERB,1,0,0
Journal,PROPN,1,0,1
reproachfully,ADV,1,0,0
delicatessen,VERB,1,0,0
occasional,ADJ,1,0,0
swam,VERB,1,0,0
vacant,ADJ,1,0,0
Clay,PROPN,1,0,1
Economics,PROPN,1,0,1
tread,NOUN,1,0,0
bleared,ADJ,1,0,0
alarming,ADJ,1,0,0
happening,NOUN,1,0,0
elsewhere,ADV,1,1,0
harrow,VERB,1,0,0
dripping,ADJ,1,0,0
lilac,NOUN,1,0,0
daisy,NOUN,1,0,0
cornered,ADJ,1,0,0
dearest,NOUN,1,0,0
exhilarating,ADJ,1,0,0
tonic,NOUN,1,0,0
streak,NOUN,1,0,0
dash,NOUN,1,0,0
paint,NOUN,1,0,0
Castle,PROPN,1,0,1
Rackrent,PROPN,1,0,1
weight,NOUN,1,0,0
puddle,NOUN,1,0,0
glare,VERB,1,0,0
stalk,VERB,1,0,0
Aware,PROPN,1,0,1
beating,NOUN,1,0,0
awfully,ADV,1,0,0
recline,VERB,1,0,0
counterfeit,NOUN,1,0,0
boredom,NOUN,1,0,0
defunct,ADJ,1,0,0
distraught,ADJ,1,0,0
tilt,VERB,1,0,0
dangerously,ADV,1,0,0
tropical,ADJ,1,0,0
burn,NOUN,1,0,0
muster,VERB,1,0,0
commonplace,NOUN,1,0,0
idiotically,ADV,1,0,0
matter,ADJ,1,0,0
automatic,ADJ,1,0,0
desperate,ADJ,1,0,0
demoniac,NOUN,1,0,0
amid,ADP,1,0,0
welcome,ADJ,1,0,0
conscientiously,ADV,1,0,0
calmness,NOUN,1,0,0
excuse,NOUN,1,0,0
alarm,NOUN,1,0,0
side,VERB,1,1,0
embarrass,VERB,1,0,0
rude,ADJ,1,0,0
unforgettable,ADJ,1,0,0
cautiously,ADV,1,0,0
circuit,NOUN,1,0,0
knot,VERB,1,0,0
mass,VERB,1,0,0
fabric,NOUN,1,0,0
irregular,ADJ,1,0,0
muddy,ADJ,1,0,0
prehistoric,ADJ,1,0,0
Kant,PROPN,1,0,1
steeple,NOUN,1,0,0
brewer,NOUN,1,0,0
craze,NOUN,1,0,0
neighbouring,NOUN,1,0,0
cottage,NOUN,1,0,0
thatch,VERB,1,0,0
refusal,NOUN,1,0,0
decline,NOUN,1,0,0
american,NOUN,1,0,0
serf,NOUN,1,0,0
obstinate,ADJ,1,0,0
peasantry,NOUN,1,0,0
shine,VERB,1,0,0
spoonful,ADJ,1,0,0
central,ADJ,1,0,0
spit,VERB,1,0,0
meditatively,ADV,1,0,0
noise,NOUN,1,0,0
vestige,NOUN,1,0,0
smear,VERB,1,0,0
confound,VERB,1,0,0
exultation,NOUN,1,0,0
being,NOUN,1,1,0
radiate,VERB,1,0,0
recurrent,ADJ,1,0,0
ache,VERB,1,0,0
grieve,VERB,1,0,0
humiliation,NOUN,1,0,0
arched,ADJ,1,0,0
earn,VERB,1,0,0
reply,NOUN,1,0,0
drug,NOUN,1,0,0
propose,VERB,1,0,0
postern,PROPN,1,0,1
enchanting,ADJ,1,0,0
aspect,NOUN,1,0,0
feudal,ADJ,1,0,0
gardens,PROPN,1,0,1
jonquil,NOUN,1,0,0
frothy,NOUN,1,0,0
hawthorn,NOUN,1,0,0
blossom,NOUN,1,0,0
Marie,PROPN,1,0,1
Antoinette,PROPN,1,0,1
Restoration,PROPN,1,0,1
Salons,PROPN,1,0,1
Merton,PROPN,1,0,1
Library,PROPN,1,0,1
swathe,VERB,1,0,0
lavender,VERB,1,0,0
intrude,VERB,1,0,0
chamber,NOUN,1,0,0
dishevelled,ADJ,1,0,0
pyjamas,PROPN,1,0,1
liver,NOUN,1,0,0
boarder,NOUN,1,0,0
hungrily,ADV,1,0,0
Adam,PROPN,1,0,1
drank,VERB,1,0,0
chartreuse,NOUN,1,0,0
cupboard,NOUN,1,0,0
revalue,VERB,1,0,0
response,NOUN,1,0,0
daze,VERB,1,0,0
astounding,ADJ,1,0,0
topple,VERB,1,0,0
dresser,NOUN,1,0,0
toilet,NOUN,1,0,0
pure,ADJ,1,0,0
smooth,VERB,1,0,0
funniest,NOUN,1,0,0
unreasone,VERB,1,0,0
consume,VERB,1,0,0
tooth,NOUN,1,0,0
inconceivable,ADJ,1,0,0
pitch,NOUN,1,0,0
wound,NOUN,1,0,0
cabinet,NOUN,1,0,0
massed,ADJ,1,0,0
pile,VERB,1,0,0
stack,NOUN,1,0,0
selection,NOUN,1,0,0
disarray,NOUN,1,0,0
stripe,NOUN,1,0,0
scroll,NOUN,1,0,0
coral,NOUN,1,0,0
apple,NOUN,1,0,0
monogram,NOUN,1,0,0
indian,ADJ,1,0,0
stormily,ADV,1,0,0
midsummer,ADJ,1,0,0
corrugated,ADJ,1,0,0
compare,VERB,1,0,0
count,NOUN,1,0,0
diminish,VERB,1,0,0
elderly,ADJ,1,0,0
adore,VERB,1,0,0
clipping,NOUN,1,0,0
west,NOUN,1,0,0
billow,NOUN,1,0,0
foamy,ADJ,1,0,0
satisfactorily,ADV,1,0,0
Ewing,PROPN,1,0,1
worn,ADJ,1,0,0
shell,NOUN,1,0,0
rim,VERB,1,0,0
scanty,NOUN,1,0,0
decently,ADV,1,0,0
sneaker,NOUN,1,0,0
nebulous,ADJ,1,0,0
hue,NOUN,1,0,0
is,ADV,1,1,0
ewing,ADJ,1,0,0
Nest,PROPN,1,0,1
Ai,PROPN,1,0,1
thunder,NOUN,1,0,0
carrying,NOUN,1,0,0
generate,VERB,1,0,0
get,NOUN,1,1,0
meantime,NOUN,1,0,0
bewilderment,NOUN,1,0,0
illusion,NOUN,1,0,0
passion,NOUN,1,0,0
deck,VERB,1,0,0
feather,NOUN,1,0,0
challenge,VERB,1,0,0
adjust,VERB,1,0,0
fluctuating,NOUN,1,0,0
feverish,ADJ,1,0,0
dreamed,ADJ,1,0,0
deathless,ADJ,1,0,0
transpire,VERB,1,0,0
reveal,VERB,1,0,0
laudable,ADJ,1,0,0
random,ADJ,1,0,0
notoriety,NOUN,1,0,0
contemporary,ADJ,1,0,0
underground,ADJ,1,0,0
pipeline,NOUN,1,0,0
Canada,PROPN,1,0,1
secretly,ADV,1,0,0
Dakota,PROPN,1,0,1
specific,ADJ,1,0,0
witness,VERB,1,0,0
yacht,PROPN,1,0,1
insidious,ADJ,1,0,0
flat,NOUN,1,0,0
green,PROPN,1,0,1
jersey,PROPN,1,0,1
pant,NOUN,1,0,0
rowboat,NOUN,1,0,0
shiftless,ADJ,1,0,0
unsuccessful,ADJ,1,0,0
platonic,ADJ,1,0,0
meretricious,ADJ,1,0,0
faithful,ADJ,1,0,0
clam,NOUN,1,0,0
digger,NOUN,1,0,0
salmon,NOUN,1,0,0
fisher,NOUN,1,0,0
brown,NOUN,1,0,0
harden,VERB,1,0,0
fierce,ADJ,1,0,0
lazy,ADJ,1,0,0
bracing,NOUN,1,0,0
spoil,VERB,1,0,0
virgin,NOUN,1,0,0
ignorant,ADJ,1,0,0
hysterical,ADJ,1,0,0
absorption,NOUN,1,0,0
riot,NOUN,1,0,0
conceit,NOUN,1,0,0
ineffable,ADJ,1,0,0
gaudiness,NOUN,1,0,0
spin,VERB,1,0,0
tick,VERB,1,0,0
washstand,NOUN,1,0,0
soak,VERB,1,0,0
pattern,NOUN,1,0,0
fancy,NOUN,1,0,0
drowsiness,PROPN,1,0,1
oblivious,ADJ,1,0,0
embrace,NOUN,1,0,0
revery,NOUN,1,0,0
outlet,NOUN,1,0,0
satisfactory,ADJ,1,0,0
unreality,NOUN,1,0,0
securely,ADV,1,0,0
fairy,NOUN,1,0,0
glory,NOUN,1,0,0
Olaf,PROPN,1,0,1
southern,ADJ,1,0,0
dismay,VERB,1,0,0
indifference,NOUN,1,0,0
destiny,VERB,1,0,0
shallow,NOUN,1,0,0
product,NOUN,1,0,0
Nevada,PROPN,1,0,1
Yukon,PROPN,1,0,1
seventy,NUM,1,0,0
Montana,PROPN,1,0,1
copper,NOUN,1,0,0
robust,ADJ,1,0,0
savoury,VERB,1,0,0
ramification,NOUN,1,0,0
de,PROPN,1,0,1
Maintenon,PROPN,1,0,1
weakness,NOUN,1,0,0
turgid,ADJ,1,0,0
journalism,NOUN,1,0,0
coast,VERB,1,0,0
hospitable,ADJ,1,0,0
Girl,PROPN,1,0,1
Bay,PROPN,1,0,1
oar,NOUN,1,0,0
railed,ADJ,1,0,0
deck,NOUN,1,0,0
glamour,NOUN,1,0,0
brand,NOUN,1,0,0
extravagantly,ADV,1,0,0
Duluth,PROPN,1,0,1
yachting,NOUN,1,0,0
Indies,PROPN,1,0,1
Barbary,PROPN,1,0,1
Coast,PROPN,1,0,1
employ,VERB,1,0,0
steward,ADV,1,0,0
mate,VERB,1,0,0
skipper,NOUN,1,0,0
secretary,NOUN,1,0,0
jailor,PROPN,1,0,1
sober,PROPN,1,0,1
lavish,ADJ,1,0,0
doing,NOUN,1,0,0
repose,VERB,1,0,0
indefinitely,ADV,1,0,0
board,NOUN,1,0,0
Boston,PROPN,1,0,1
inhospitably,ADV,1,0,0
portrait,NOUN,1,0,0
pioneer,PROPN,1,0,1
debauchee,PROPN,1,0,1
seaboard,NOUN,1,0,0
frontier,NOUN,1,0,0
brothel,NOUN,1,0,0
saloon,VERB,1,0,0
legacy,NOUN,1,0,0
device,NOUN,1,0,0
intact,ADJ,1,0,0
singularly,ADV,1,0,0
education,NOUN,1,0,0
contour,ADV,1,0,0
substantiality,NOUN,1,0,0
antecedent,NOUN,1,0,0
misconception,NOUN,1,0,0
association,NOUN,1,0,0
mostly,ADV,1,1,0
ingratiate,VERB,1,0,0
senile,ADJ,1,0,0
horseback,NOUN,1,0,0
riding,NOUN,1,0,0
previously,ADV,1,0,0
delight,VERB,1,0,0
lemonade,NOUN,1,0,0
gruffly,NOUN,1,0,0
Next,PROPN,1,1,1
lounge,VERB,1,0,0
ver,NOUN,1,0,0
questioningly,ADV,1,0,0
fashioned,ADJ,1,0,0
fish,NOUN,1,0,0
foliage,NOUN,1,0,0
overcoat,NOUN,1,0,0
perturb,VERB,1,0,0
oppressiveness,ADJ,1,0,0
profusion,NOUN,1,0,0
key,VERB,1,0,0
harshness,NOUN,1,0,0
sadden,VERB,1,0,0
adjustment,NOUN,1,0,0
sparkling,ADJ,1,0,0
present,VERB,1,0,0
marvellous,ADJ,1,0,0
roam,VERB,1,0,0
unreal,ADJ,1,0,0
recognition,NOUN,1,0,0
hitherto,ADJ,1,0,0
ceremoniously,ADV,1,0,0
please,VERB,1,0,0
producer,NOUN,1,0,0
conservative,ADJ,1,0,0
foxtrot,NOUN,1,0,0
watchfully,ADV,1,0,0
flood,NOUN,1,0,0
mind,VERB,1,0,0
gold,ADJ,1,0,0
pencil,NOUN,1,0,0
tipsy,NOUN,1,0,0
septic,ADJ,1,0,0
slump,VERB,1,0,0
inquiry,NOUN,1,0,0
massive,ADJ,1,0,0
lethargic,ADJ,1,0,0
defence,NOUN,1,0,0
scream,VERB,1,0,0
affirm,VERB,1,0,0
yell,VERB,1,0,0
mumble,VERB,1,0,0
counter,VERB,1,0,0
operate,VERB,1,0,0
ray,NOUN,1,0,0
stoop,VERB,1,0,0
ultimate,ADJ,1,0,0
inarguably,ADV,1,0,0
unprecedented,ADJ,1,0,0
beget,VERB,1,0,0
fishing,NOUN,1,0,0
vigour,NOUN,1,0,0
chafe,VERB,1,0,0
euphemism,NOUN,1,0,0
obtrusive,ADJ,1,0,0
fate,NOUN,1,0,0
inhabitant,NOUN,1,0,0
volley,VERB,1,0,0
above,ADV,1,1,0
rouge,VERB,1,0,0
newly,ADV,1,0,0
crunch,VERB,1,0,0
menagerie,PROPN,1,0,1
haze,NOUN,1,0,0
shower,NOUN,1,0,0
rhythmic,ADJ,1,0,0
sweetly,ADV,1,0,0
contralto,PROPN,1,0,1
lighted,ADJ,1,0,0
neat,ADJ,1,0,0
waltz,NOUN,1,0,0
casualness,NOUN,1,0,0
totally,ADV,1,0,0
absent,ADJ,1,0,0
incalculable,ADJ,1,0,0
unbelievable,ADJ,1,0,0
marvel,VERB,1,0,0
authentically,ADV,1,0,0
magical,ADJ,1,0,0
encounter,NOUN,1,0,0
blot,VERB,1,0,0
unwavere,VERB,1,0,0
devotion,NOUN,1,0,0
chill,VERB,1,0,0
exalt,VERB,1,0,0
guestroom,NOUN,1,0,0
depression,NOUN,1,0,0
unimportant,ADJ,1,0,0
obliterate,VERB,1,0,0
rind,NOUN,1,0,0
discard,VERB,1,0,0
venture,VERB,1,0,0
lurk,VERB,1,0,0
reach,NOUN,1,0,0
determinedly,ADV,1,0,0
disorder,VERB,1,0,0
starting,NOUN,1,0,0
hum,VERB,1,0,0
bustle,NOUN,1,0,0
ladder,NOUN,1,0,0
suck,VERB,1,0,0
pap,NOUN,1,0,0
gulp,VERB,1,0,0
incomparable,ADJ,1,0,0
d,VERB,1,0,0
vision,NOUN,1,0,0
perishable,ADJ,1,0,0
romp,VERB,1,0,0
tuning,NOUN,1,0,0
fork,NOUN,1,0,0
blossom,VERB,1,0,0
incarnation,NOUN,1,0,0
appalling,ADJ,1,0,0
sentimentality,NOUN,1,0,0
elusive,ADJ,1,0,0
startled,ADJ,1,0,0
uncommunicable,ADJ,1,0,0
Trimalchio,PROPN,1,0,1
sulkily,ADV,1,0,0
villainous,ADJ,1,0,0
squint,VERB,1,0,0
Nope,PROPN,1,0,1
grudging,ADJ,1,0,0
rudely,ADV,1,0,0
slam,VERB,1,0,0
bribe,VERB,1,0,0
tradesman,NOUN,1,0,0
moderate,ADJ,1,0,0
supply,NOUN,1,0,0
general,ADJ,1,0,0
fire,VERB,1,0,0
gossip,VERB,1,0,0
caravansary,NOUN,1,0,0
disapproval,NOUN,1,0,0
relieved,ADJ,1,0,0
occasion,NOUN,1,0,0
harrowing,ADJ,1,0,0
outline,VERB,1,0,0
broil,VERB,1,0,0
tunnel,NOUN,1,0,0
National,PROPN,1,0,1
Biscuit,PROPN,1,0,1
simmer,VERB,1,0,0
combustion,NOUN,1,0,0
perspire,VERB,1,0,0
dampen,VERB,1,0,0
despairingly,ADV,1,0,0
pocketbook,NOUN,1,0,0
my,INTJ,1,1,0
weary,ADJ,1,0,0
extreme,ADJ,1,0,0
conductor,NOUN,1,0,0
commutation,NOUN,1,0,0
stain,NOUN,1,0,0
flushed,ADJ,1,0,0
pyjama,NOUN,1,0,0
master,NOUN,1,0,0
mouthpiece,NOUN,1,0,0
furnish,VERB,1,0,0
needlessly,ADV,1,0,0
affront,NOUN,1,0,0
shadow,VERB,1,0,0
awning,NOUN,1,0,0
idol,NOUN,1,0,0
weigh,VERB,1,0,0
fan,NOUN,1,0,0
tan,PROPN,1,0,1
athlete,NOUN,1,0,0
gruff,NOUN,1,0,0
bosom,NOUN,1,0,0
annoyance,NOUN,1,0,0
obligation,NOUN,1,0,0
cynically,ADV,1,0,0
bona,ADJ,1,0,0
fling,VERB,1,0,0
dislike,NOUN,1,0,0
present,NOUN,1,0,0
clog,VERB,1,0,0
fireplace,NOUN,1,0,0
guiltily,ADV,1,0,0
freshly,ADV,1,0,0
launder,VERB,1,0,0
Bles,PROPN,1,0,1
croon,VERB,1,0,0
relinquish,VERB,1,0,0
root,VERB,1,0,0
shyly,ADV,1,0,0
ble,NOUN,1,0,0
yellowy,NOUN,1,0,0
de,VERB,1,0,0
existence,NOUN,1,0,0
wrinkle,NOUN,1,0,0
absolute,VERB,1,0,0
Aunt,PROPN,1,0,1
daddy,NOUN,1,0,0
Pammy,PROPN,1,0,1
sweetheart,NOUN,1,0,0
discipline,VERB,1,0,0
rickey,NOUN,1,0,0
tension,NOUN,1,0,0
greedy,ADJ,1,0,0
hotter,ADJ,1,0,0
opposite,NOUN,1,0,0
stagnant,ADJ,1,0,0
sail,NOUN,1,0,0
fresher,PROPN,1,0,1
sea,PROPN,1,0,1
weedy,ADJ,1,0,0
scallop,VERB,1,0,0
ocean,NOUN,1,0,0
blessed,ADJ,1,0,0
isle,NOUN,1,0,0
nodding,NOUN,1,0,0
ourselves,PRON,1,1,0
mould,VERB,1,0,0
senselessness,NOUN,1,0,0
insistently,ADV,1,0,0
astounded,ADJ,1,0,0
resemble,VERB,1,0,0
temper,NOUN,1,0,0
fuss,VERB,1,0,0
curve,NOUN,1,0,0
indiscreet,ADJ,1,0,0
charm,NOUN,1,0,0
jingle,NOUN,1,0,0
cymbal,NOUN,1,0,0
king,NOUN,1,0,0
quart,ADJ,1,0,0
cloth,NOUN,1,0,0
cape,NOUN,1,0,0
standard,ADJ,1,0,0
shift,NOUN,1,0,0
distasteful,ADJ,1,0,0
plenty,NOUN,1,0,0
boisterously,ADV,1,0,0
gauge,NOUN,1,0,0
pointless,ADJ,1,0,0
frowning,NOUN,1,0,0
indefinable,ADJ,1,0,0
circus,NOUN,1,0,0
gear,NOUN,1,0,0
oppressive,ADJ,1,0,0
theoretical,ADJ,1,0,0
abyss,NOUN,1,0,0
humorously,ADV,1,0,0
helpfully,ADV,1,0,0
Mexico,PROPN,1,0,1
snort,VERB,1,0,0
snob,NOUN,1,0,0
irritable,ADJ,1,0,0
fading,ADJ,1,0,0
caution,NOUN,1,0,0
stall,VERB,1,0,0
bake,VERB,1,0,0
abrupt,ADJ,1,0,0
dusty,ADJ,1,0,0
establishment,NOUN,1,0,0
roughly,ADV,1,0,0
unscrew,VERB,1,0,0
tank,NOUN,1,0,0
handle,NOUN,1,0,0
flurry,NOUN,1,0,0
flash,NOUN,1,0,0
harshly,ADV,1,0,0
wise,VERB,1,0,0
relentless,ADJ,1,0,0
alight,VERB,1,0,0
parallel,ADJ,1,0,0
discovery,NOUN,1,0,0
intelligence,NOUN,1,0,0
sick,NOUN,1,0,0
well,NOUN,1,1,0
unforgivably,ADV,1,0,0
locality,NOUN,1,0,0
giant,ADJ,1,0,0
observe,VERB,1,0,0
develop,VERB,1,0,0
curiously,ADV,1,0,0
jealous,ADJ,1,0,0
terror,NOUN,1,0,0
inviolate,VERB,1,0,0
precipitately,ADV,1,0,0
Instinct,PROPN,1,0,1
accelerator,NOUN,1,0,0
double,ADJ,1,0,0
spidery,NOUN,1,0,0
easygoing,ADJ,1,0,0
Fiftieth,PROPN,1,0,1
sensuous,ADJ,1,0,0
overripe,NOUN,1,0,0
sensuous,NOUN,1,0,0
signal,VERB,1,0,0
wit,NOUN,1,0,0
truck,NOUN,1,0,0
cursing,NOUN,1,0,0
traffic,NOUN,1,0,0
dart,VERB,1,0,0
explicable,ADJ,1,0,0
parlour,NOUN,1,0,0
prolonged,ADJ,1,0,0
snake,NOUN,1,0,0
originate,VERB,1,0,0
baffled,ADJ,1,0,0
stifling,ADJ,1,0,0
swell,ADJ,1,0,0
respectfully,ADV,1,0,0
axe,NOUN,1,0,0
crab,VERB,1,0,0
nail,NOUN,1,0,0
Excuse,PROPN,1,0,1
Hum,PROPN,1,0,1
mint,PROPN,1,0,1
julep,PROPN,1,0,1
Mendelssohn,PROPN,1,0,1
Wedding,PROPN,1,0,1
March,PROPN,1,0,1
dismally,ADV,1,0,0
Tennessee,PROPN,1,0,1
append,VERB,1,0,0
irreverent,ADJ,1,0,0
Bill,PROPN,1,0,1
Memphis,PROPN,1,0,1
aluminium,NOUN,1,0,0
putter,NOUN,1,0,0
ceremony,NOUN,1,0,0
cheer,NOUN,1,0,0
yea,ADJ,1,0,0
Asa,PROPN,1,0,1
Bird,PROPN,1,0,1
bum,VERB,1,0,0
class,NOUN,1,0,0
blankly,PROPN,1,0,1
bil,NOUN,1,0,0
oxi,NOUN,1,0,0
tattoo,ADV,1,0,0
eye,VERB,1,0,0
insulting,ADJ,1,0,0
unbroken,VERB,1,0,0
unbelief,NOUN,1,0,0
university,NOUN,1,0,0
renewal,NOUN,1,0,0
experience,VERB,1,0,0
open,NOUN,1,0,0
Nobody,PROPN,1,1,1
count,VERB,1,0,0
institution,NOUN,1,0,0
overboard,ADV,1,0,0
intermarriage,NOUN,1,0,0
gibberish,NOUN,1,0,0
modern,ADJ,1,0,0
Angry,PROPN,1,0,1
tempt,VERB,1,0,0
transition,NOUN,1,0,0
libertine,NOUN,1,0,0
prig,NOUN,1,0,0
competitive,ADJ,1,0,0
firmness,NOUN,1,0,0
partake,VERB,1,0,0
vicariously,ADV,1,0,0
clergyman,NOUN,1,0,0
foolish,ADJ,1,0,0
sagely,ADV,1,0,0
revolt,VERB,1,0,0
octave,NOUN,1,0,0
treat,VERB,1,0,0
blindly,ADV,1,0,0
appeal,NOUN,1,0,0
Kapiolani,PROPN,1,0,1
beneath,ADV,1,0,0
suffocate,VERB,1,0,0
Punch,PROPN,1,0,1
Bowl,PROPN,1,0,1
tenderness,NOUN,1,0,0
rancour,NOUN,1,0,0
pitiful,ADJ,1,0,0
afford,VERB,1,0,0
nonsense,NOUN,1,0,0
swindler,NOUN,1,0,0
steal,VERB,1,0,0
ring,NOUN,1,0,0
steadily,ADV,1,0,0
grain,NOUN,1,0,0
alcohol,NOUN,1,0,0
Chase,PROPN,1,0,1
lurch,NOUN,1,0,0
dead,ADV,1,0,0
scar,VERB,1,0,0
yet,CCONJ,1,1,0
terrify,VERB,1,0,0
babbled,ADJ,1,0,0
slander,NOUN,1,0,0
defend,VERB,1,0,0
undespairingly,ADV,1,0,0
magnanimous,ADJ,1,0,0
presumptuous,ADJ,1,0,0
flirtation,NOUN,1,0,0
isolate,VERB,1,0,0
pity,NOUN,1,0,0
unopened,ADJ,1,0,0
birthday,NOUN,1,0,0
menacing,ADJ,1,0,0
exult,VERB,1,0,0
foreign,ADJ,1,0,0
clamour,NOUN,1,0,0
tumult,NOUN,1,0,0
sympathy,NOUN,1,0,0
fade,NOUN,1,0,0
briefcase,NOUN,1,0,0
wise,ADJ,1,0,0
lazily,ADV,1,0,0
formidable,ADJ,1,0,0
reassuring,ADJ,1,0,0
Greek,PROPN,1,0,1
joint,NOUN,1,0,0
principal,ADJ,1,0,0
refuse,VERB,1,0,0
persuade,VERB,1,0,0
racket,NOUN,1,0,0
astonish,VERB,1,0,0
agreeable,ADJ,1,0,0
colourless,ADJ,1,0,0
latter,ADJ,1,1,0
scolding,NOUN,1,0,0
dirty,VERB,1,0,0
coward,NOUN,1,0,0
Mavro,PROPN,1,0,1
kneel,VERB,1,0,0
blood,NOUN,1,0,0
damp,VERB,1,0,0
flap,NOUN,1,0,0
need,NOUN,1,0,0
nearer,ADJ,1,0,0
intent,ADJ,1,0,0
gasping,ADJ,1,0,0
moan,NOUN,1,0,0
excitedly,PROPN,1,0,1
thrusting,NOUN,1,0,0
expostulation,NOUN,1,0,0
suffer,VERB,1,0,0
chill,NOUN,1,0,0
worktable,NOUN,1,0,0
motionless,NOUN,1,0,0
clamorously,ADV,1,0,0
threshold,NOUN,1,0,0
doorpost,NOUN,1,0,0
attempting,NOUN,1,0,0
laden,ADJ,1,0,0
jerk,VERB,1,0,0
call,NOUN,1,1,0
Ga,PROPN,1,0,1
mumbled,ADJ,1,0,0
o,NOUN,1,0,0
fiercely,ADV,1,0,0
fella,PROPN,1,0,1
auto,NOUN,1,0,0
hit,VERB,1,0,0
ina,PRON,1,0,0
Son,PROPN,1,0,1
stopus,NOUN,1,0,0
theme,NOUN,1,0,0
wad,NOUN,1,0,0
gruffness,NOUN,1,0,0
upright,ADJ,1,0,0
truculent,NOUN,1,0,0
firm,ADJ,1,0,0
doll,NOUN,1,0,0
authoritatively,ADV,1,0,0
glanced,ADJ,1,0,0
authoritative,ADJ,1,0,0
hurried,ADJ,1,0,0
doctor,NOUN,1,0,0
overflow,VERB,1,0,0
coward,ADV,1,0,0
whimper,VERB,1,0,0
rustling,NOUN,1,0,0
dispose,VERB,1,0,0
bush,NOUN,1,0,0
weird,ADJ,1,0,0
luminosity,NOUN,1,0,0
despicable,ADJ,1,0,0
occupation,NOUN,1,0,0
rob,VERB,1,0,0
dislike,VERB,1,0,0
steady,VERB,1,0,0
first,PROPN,1,1,1
wince,VERB,1,0,0
emergency,NOUN,1,0,0
brutality,NOUN,1,0,0
border,NOUN,1,0,0
traverse,VERB,1,0,0
veranda,ADJ,1,0,0
rectangle,NOUN,1,0,0
rift,NOUN,1,0,0
sill,NOUN,1,0,0
opposite,ADP,1,0,0
plate,NOUN,1,0,0
fry,VERB,1,0,0
earnestness,NOUN,1,0,0
intimacy,NOUN,1,0,0
conspire,VERB,1,0,0
scrutiny,NOUN,1,0,0
sacredness,NOUN,1,0,0
viii,ADV,1,0,0
foghorn,NOUN,1,0,0
heavy,ADJ,1,0,0
dejection,NOUN,1,0,0
wanly,ADV,1,0,0
aside,ADP,1,0,0
pavilion,NOUN,1,0,0
splash,NOUN,1,0,0
air,VERB,1,0,0
humidor,NOUN,1,0,0
Atlantic,PROPN,1,0,1
Montreal,PROPN,1,0,1
clutch,VERB,1,0,0
malice,NOUN,1,0,0
extravaganza,NOUN,1,0,0
acknowledge,VERB,1,0,0
reserve,NOUN,1,0,0
unrevealed,ADJ,1,0,0
indiscernible,ADJ,1,0,0
barbed,ADJ,1,0,0
excitingly,ADV,1,0,0
desirable,ADJ,1,0,0
amaze,VERB,1,0,0
camp,NOUN,1,0,0
ripe,ADJ,1,0,0
activity,NOUN,1,0,0
corridor,NOUN,1,0,0
romance,NOUN,1,0,0
breathing,NOUN,1,0,0
motorcar,NOUN,1,0,0
withered,ADJ,1,0,0
value,NOUN,1,0,0
echo,NOUN,1,0,0
vibrant,ADJ,1,0,0
glorious,ADJ,1,0,0
cloak,NOUN,1,0,0
ravenously,ADV,1,0,0
unscrupulously,ADV,1,0,0
false,ADJ,1,0,0
pretence,NOUN,1,0,0
trade,VERB,1,0,0
phantom,ADJ,1,0,0
strata,NOUN,1,0,0
comfortable,ADJ,1,0,0
whim,NOUN,1,0,0
grail,NOUN,1,0,0
betray,VERB,1,0,0
luxury,NOUN,1,0,0
shine,NOUN,1,0,0
squeak,VERB,1,0,0
overwhelmingly,ADV,1,0,0
wealth,NOUN,1,0,0
imprison,NOUN,1,0,0
preserve,NOUN,1,0,0
way,ADV,1,0,0
ambition,NOUN,1,0,0
abroad,ADV,1,0,0
tranquil,VERB,1,0,0
parting,NOUN,1,0,0
communicate,VERB,1,0,0
gently,ADV,1,0,0
extraordinarily,ADV,1,0,0
captain,NOUN,1,0,0
battle,NOUN,1,0,0
majority,NOUN,1,0,0
command,NOUN,1,0,0
divisional,ADJ,1,0,0
frantically,ADV,1,0,0
complication,NOUN,1,0,0
misunderstanding,NOUN,1,0,0
snobbery,NOUN,1,0,0
sum,VERB,1,0,0
suggestiveness,NOUN,1,0,0
hopeless,ADJ,1,0,0
Beale,PROPN,1,0,1
Blues,PROPN,1,0,1
slipper,NOUN,1,0,0
fever,NOUN,1,0,0
rose,ADJ,1,0,0
petal,NOUN,1,0,0
date,VERB,1,0,0
drowse,VERB,1,0,0
shape,VERB,1,0,0
unquestionable,ADJ,1,0,0
practicality,NOUN,1,0,0
wholesome,ADJ,1,0,0
bulkiness,NOUN,1,0,0
Doubtless,PROPN,1,0,1
challengingly,ADV,1,0,0
frighten,VERB,1,0,0
sharper,NOUN,1,0,0
result,NOUN,1,0,0
measure,VERB,1,0,0
journey,NOUN,1,0,0
pay,NOUN,1,0,0
revisit,VERB,1,0,0
coach,NOUN,1,0,0
folding,NOUN,1,0,0
trolley,NOUN,1,0,0
curve,VERB,1,0,0
flavour,NOUN,1,0,0
former,ADJ,1,1,0
drain,VERB,1,0,0
pipe,NOUN,1,0,0
apologetically,ADV,1,0,0
decent,ADJ,1,0,0
damn,ADJ,1,0,0
radiant,NOUN,1,0,0
cahoot,NOUN,1,0,0
rag,NOUN,1,0,0
ancestral,ADJ,1,0,0
corruption,NOUN,1,0,0
incorruptible,ADJ,1,0,0
list,VERB,1,0,0
quotation,NOUN,1,0,0
stock,NOUN,1,0,0
swivel,NOUN,1,0,0
uncertainty,NOUN,1,0,0
divot,NOUN,1,0,0
sail,VERB,1,0,0
Hempstead,PROPN,1,0,1
tactful,ADJ,1,0,0
rigid,ADJ,1,0,0
click,NOUN,1,0,0
exasperate,VERB,1,0,0
central,NOUN,1,0,0
garrulous,ADJ,1,0,0
achievement,NOUN,1,0,0
unable,ADJ,1,0,0
ambulance,NOUN,1,0,0
flushing,NOUN,1,0,0
intolerable,ADJ,1,0,0
kind,ADJ,1,0,0
lap,VERB,1,0,0
irresistibly,ADV,1,0,0
pot,NOUN,1,0,0
muttering,NOUN,1,0,0
blurt,VERB,1,0,0
bruise,VERB,1,0,0
flinch,VERB,1,0,0
clumsy,ADJ,1,0,0
distract,VERB,1,0,0
beetle,NOUN,1,0,0
thud,VERB,1,0,0
stain,VERB,1,0,0
priest,NOUN,1,0,0
answering,NOUN,1,0,0
rocking,NOUN,1,0,0
knowing,ADJ,1,0,0
bewildered,ADJ,1,0,0
nearest,ADP,1,0,0
expensive,ADJ,1,0,0
braid,VERB,1,0,0
This,PROPN,1,1,1
yesterday,NOUN,1,0,0
tissue,NOUN,1,0,0
odd,ADJ,1,0,0
conceivably,ADV,1,0,0
comforter,NOUN,1,0,0
strain,NOUN,1,0,0
murder,VERB,1,0,0
widen,VERB,1,0,0
Hm,PROPN,1,0,1
of,AUX,1,1,0
forlorn,ADJ,1,0,0
scurry,VERB,1,0,0
pane,NOUN,1,0,0
grateful,ADJ,1,0,0
acting,NOUN,1,0,0
motorist,NOUN,1,0,0
strength,NOUN,1,0,0
thereabout,NOUN,1,0,0
bathing,NOUN,1,0,0
phone,VERB,1,0,0
pneumatic,ADJ,1,0,0
pump,VERB,1,0,0
instruction,NOUN,1,0,0
repair,NOUN,1,0,0
shoulder,VERB,1,0,0
yellowing,NOUN,1,0,0
price,NOUN,1,0,0
fortuitously,ADV,1,0,0
amorphous,ADJ,1,0,0
protégés,PROPN,1,0,1
afterwards,ADV,1,1,0
barely,ADV,1,0,0
drain,NOUN,1,0,0
laden,PROPN,1,0,1
mattress,PROPN,1,0,1
irregularly,ADV,1,0,0
corrugate,VERB,1,0,0
cluster,NOUN,1,0,0
transit,NOUN,1,0,0
holocaust,NOUN,1,0,0
ix,NOUN,1,0,0
endless,ADJ,1,0,0
drill,NOUN,1,0,0
mouthed,ADJ,1,0,0
positive,ADJ,1,0,0
detective,NOUN,1,0,0
adventitious,ADJ,1,0,0
next,ADP,1,1,0
nightmare,ADJ,1,0,0
circumstantial,ADJ,1,0,0
tale,NOUN,1,0,0
pasquinade,NOUN,1,0,0
coroner,NOUN,1,0,0
brow,NOUN,1,0,0
mischief,NOUN,1,0,0
reduce,VERB,1,0,0
unessential,ADJ,1,0,0
catastrophe,NOUN,1,0,0
surmise,NOUN,1,0,0
responsible,ADJ,1,0,0
baggage,NOUN,1,0,0
unlocked,ADJ,1,0,0
token,NOUN,1,0,0
superfluous,ADJ,1,0,0
defiance,NOUN,1,0,0
solidarity,NOUN,1,0,0
dear,ADJ,1,0,0
tie,VERB,1,0,0
truly,ADV,1,0,0
addenda,NOUN,1,0,0
beneath,VERB,1,0,0
Distance,PROPN,1,0,1
Slagle,PROPN,1,0,1
Young,PROPN,1,0,1
hey,INTJ,1,0,0
hick,ADJ,1,0,0
exclamation,NOUN,1,0,0
squawk,NOUN,1,0,0
telegram,NOUN,1,0,0
sender,NOUN,1,0,0
postpone,VERB,1,0,0
dismayed,ADJ,1,0,0
bundle,VERB,1,0,0
ulster,NOUN,1,0,0
continuously,ADV,1,0,0
umbrella,NOUN,1,0,0
sparse,ADJ,1,0,0
collapse,NOUN,1,0,0
reluctantly,ADV,1,0,0
ajar,NOUN,1,0,0
isolated,ADJ,1,0,0
unpunctual,ADJ,1,0,0
height,NOUN,1,0,0
vest,NOUN,1,0,0
impressively,ADV,1,0,0
embroidered,ADJ,1,0,0
coverlet,NOUN,1,0,0
stiffly,NOUN,1,0,0
sightseeing,NOUN,1,0,0
Greenwich,PROPN,1,0,1
picnic,NOUN,1,0,0
ejaculate,VERB,1,0,0
unrestrained,ADJ,1,0,0
Huh,PROPN,1,0,1
bitterly,ADV,1,0,0
Swastika,PROPN,1,0,1
Holding,PROPN,1,0,1
vain,NOUN,1,0,0
partition,NOUN,1,0,0
Jewess,PROPN,1,0,1
whistle,VERB,1,0,0
Rosary,PROPN,1,0,1
tunelessly,ADV,1,0,0
unmistakably,ADV,1,0,0
Stella,PROPN,1,0,1
sickantire,VERB,1,0,0
Chi,PROPN,1,0,1
reverent,ADJ,1,0,0
major,NOUN,1,0,0
medal,NOUN,1,0,0
Winebrenner,PROPN,1,0,1
Forty,PROPN,1,1,1
job,NOUN,1,0,0
worth,NOUN,1,0,0
gutter,NOUN,1,0,0
fine,ADV,1,0,0
gentlemanly,ADV,1,0,0
client,NOUN,1,0,0
Albany,PROPN,1,0,1
bulbous,ADJ,1,0,0
partnership,NOUN,1,0,0
bitter,ADJ,1,0,0
friendship,NOUN,1,0,0
dirty,ADJ,1,0,0
lately,ADV,1,0,0
success,NOUN,1,0,0
generous,ADJ,1,0,0
lingeringly,ADV,1,0,0
Hopalong,PROPN,1,0,1
Cassidy,PROPN,1,0,1
cover,NOUN,1,0,0
flyleaf,NOUN,1,0,0
underneath,ADV,1,0,0
Dumbell,PROPN,1,0,1
scale,VERB,1,0,0
electricity,NOUN,1,0,0
Baseball,PROPN,1,0,1
practise,NOUN,1,0,0
elocution,NOUN,1,0,0
poise,NOUN,1,0,0
wasting,NOUN,1,0,0
Shafters,PROPN,1,0,1
indecipherable,ADJ,1,0,0
smokeing,ADJ,1,0,0
chew,VERB,1,0,0
Bath,PROPN,1,0,1
et,NOUN,1,0,0
hog,NOUN,1,0,0
item,NOUN,1,0,0
Flushing,PROPN,1,0,1
postman,NOUN,1,0,0
marvelling,NOUN,1,0,0
resentment,NOUN,1,0,0
Blessed,PROPN,1,0,1
amen,INTJ,1,0,0
straggle,VERB,1,0,0
dim,NOUN,1,0,0
Union,PROPN,1,0,1
December,PROPN,1,0,1
bid,VERB,1,0,0
that,NOUN,1,1,0
frozen,ADJ,1,0,0
matching,NOUN,1,0,0
Ordways,PROPN,1,0,1
Herseys,PROPN,1,0,1
schultze,NOUN,1,0,0
clasp,VERB,1,0,0
gloved,ADJ,1,0,0
murky,ADJ,1,0,0
Milwaukee,PROPN,1,0,1
Paul,PROPN,1,0,1
Wisconsin,PROPN,1,0,1
brace,NOUN,1,0,0
unutterably,ADV,1,0,0
identity,NOUN,1,0,0
indistinguishably,ADV,1,0,0
prairie,NOUN,1,0,0
swede,NOUN,1,0,0
thrilling,NOUN,1,0,0
sleigh,NOUN,1,0,0
frosty,ADJ,1,0,0
dark,NOUN,1,0,0
holly,ADJ,1,0,0
solemn,NOUN,1,0,0
feel,NOUN,1,0,0
complacent,NOUN,1,0,0
dwelling,NOUN,1,0,0
I,PROPN,1,1,1
Westerners,PROPN,1,0,1
deficiency,NOUN,1,0,0
subtly,ADV,1,0,0
unadaptable,ADJ,1,0,0
superiority,NOUN,1,0,0
sprawling,NOUN,1,0,0
swollen,ADJ,1,0,0
Ohio,PROPN,1,0,1
inquisition,NOUN,1,0,0
spar,VERB,1,0,0
distortion,NOUN,1,0,0
El,PROPN,1,0,1
Greco,PROPN,1,0,1
conventional,ADJ,1,0,0
sullen,ADJ,1,0,0
lustreless,NOUN,1,0,0
foreground,NOUN,1,0,0
stretcher,NOUN,1,0,0
drunken,ADJ,1,0,0
brittle,ADJ,1,0,0
laundry,NOUN,1,0,0
awkward,ADJ,1,0,0
illustration,NOUN,1,0,0
jauntily,NOUN,1,0,0
tint,NOUN,1,0,0
fingerless,ADJ,1,0,0
glove,NOUN,1,0,0
damn,NOUN,1,0,0
experience,NOUN,1,0,0
dizzy,ADJ,1,0,0
guess,NOUN,1,0,0
straightforward,ADJ,1,0,0
honour,VERB,1,0,0
tremendously,ADV,1,0,0
alert,NOUN,1,0,0
aggressive,ADJ,1,0,0
little,NOUN,1,0,0
interference,NOUN,1,0,0
adapt,VERB,1,0,0
missing,ADJ,1,0,0
grab,VERB,1,0,0
revolver,NOUN,1,0,0
suffering,NOUN,1,0,0
damn,PROPN,1,0,1
box,PROPN,1,0,1
sideboard,NOUN,1,0,0
forgive,VERB,1,0,0
justified,ADJ,1,0,0
creature,NOUN,1,0,0
retreat,VERB,1,0,0
carelessness,NOUN,1,0,0
mess,NOUN,1,0,0
pearl,ADJ,1,0,0
necklace,NOUN,1,0,0
squeamishness,NOUN,1,0,0
fare,NOUN,1,0,0
entrance,NOUN,1,0,0
dazzle,VERB,1,0,0
vividly,ADV,1,0,0
investigate,VERB,1,0,0
trunk,NOUN,1,0,0
packed,ADJ,1,0,0
failure,NOUN,1,0,0
scrawl,VERB,1,0,0
erase,VERB,1,0,0
raspingly,ADV,1,0,0
stone,NOUN,1,0,0
sprawl,VERB,1,0,0
shadowy,ADJ,1,0,0
ferryboat,NOUN,1,0,0
higher,ADV,1,0,0
inessential,ADJ,1,0,0
dutch,ADJ,1,0,0
sailor,NOUN,1,0,0
pander,VERB,1,0,0
transitory,ADJ,1,0,0
aesthetic,ADJ,1,0,0
contemplation,NOUN,1,0,0
commensurate,ADJ,1,0,0
obscurity,NOUN,1,0,0
republic,NOUN,1,0,0
orgiastic,ADJ,1,0,0
recede,VERB,1,0,0
previous,ADJ,1,0,0
rename,VERB,1,0,0
print,NOUN,1,0,0
Terms,PROPN,1,0,1
apply,VERB,1,0,0
PROJECT,PROPN,1,0,1
creation,NOUN,1,0,0
performance,NOUN,1,0,0
modify,VERB,1,0,0
practically,ADV,1,0,0
subject,ADJ,1,0,0
commercial,ADJ,1,0,0
please,NOUN,1,1,0
online,ADV,1,0,0
Redistributing,PROPN,1,0,1
abide,VERB,1,0,0
PGLAF,PROPN,1,0,1
compilation,NOUN,1,0,0
unprotected,ADJ,1,0,0
claim,VERB,1,0,0
easily,ADV,1,0,0
govern,VERB,1,0,0
copyright,ADJ,1,0,0
download,VERB,1,0,0
copying,NOUN,1,0,0
representation,NOUN,1,0,0
access,VERB,1,0,0
text,NOUN,1,0,0
link,VERB,1,0,0
unlink,VERB,1,0,0
detach,NOUN,1,0,0
display,NOUN,1,0,0
perform,NOUN,1,0,0
binary,ADJ,1,0,0
nonproprietary,ADJ,1,0,0
processing,NOUN,1,0,0
hypertext,NOUN,1,0,0
Plain,PROPN,1,0,1
version,NOUN,1,0,0
means,NOUN,1,0,0
export,VERB,1,0,0
mean,NOUN,1,0,0
plain,ADJ,1,0,0
alternate,ADJ,1,0,0
reasonable,ADJ,1,0,0
gross,ADJ,1,0,0
profit,NOUN,1,0,0
periodic,ADJ,1,0,0
return,NOUN,1,0,0
notify,VERB,1,0,0
e,NOUN,1,0,0
mail,NOUN,1,0,0
s,PROPN,1,0,1
discontinue,VERB,1,0,0
manager,NOUN,1,0,0
contact,VERB,1,0,0
transcribe,VERB,1,0,0
proofread,ADV,1,0,0
despite,SCONJ,1,0,0
limit,VERB,1,0,0
incomplete,ADJ,1,0,0
inaccurate,NOUN,1,0,0
corrupt,ADJ,1,0,0
datum,NOUN,1,0,0
error,NOUN,1,0,0
infringement,NOUN,1,0,0
damage,VERB,1,0,0
disk,NOUN,1,0,0
virus,NOUN,1,0,0
DISCLAIMER,PROPN,1,0,1
DAMAGES,PROPN,1,0,1
Replacement,PROPN,1,0,1
Refund,PROPN,1,0,1
disclaim,VERB,1,0,0
remedy,NOUN,1,0,0
negligence,NOUN,1,0,0
STRICT,PROPN,1,0,1
LIABILITY,PROPN,1,0,1
CONTRACT,PROPN,1,0,1
provided,NOUN,1,0,0
PARAGRAPH,PROPN,1,0,1
FOUNDATION,PROPN,1,0,1
TRADEMARK,PROPN,1,0,1
OWNER,PROPN,1,0,1
distributor,NOUN,1,0,0
liable,NOUN,1,0,0
ACTUAL,PROPN,1,0,1
DIRECT,PROPN,1,0,1
INDIRECT,PROPN,1,0,1
CONSEQUENTIAL,PROPN,1,0,1
PUNITIVE,PROPN,1,0,1
or,NOUN,1,1,0
incidental,ADV,1,0,0
damages,ADJ,1,0,0
such,NOUN,1,1,0
DAMAGE,PROPN,1,0,1
REPLACEMENT,PROPN,1,0,1
elect,VERB,1,0,0
further,ADJ,1,1,0
problem,NOUN,1,0,0
as,X,1,1,0
NO,PROPN,1,1,1
EXPRESS,PROPN,1,0,1
implied,NOUN,1,0,0
MERCHANTABILITY,PROPN,1,0,1
FITNESS,PROPN,1,0,1
PURPOSE,PROPN,1,0,1
allow,VERB,1,0,0
exclusion,NOUN,1,0,0
type,NOUN,1,0,0
violate,VERB,1,0,0
interpret,VERB,1,0,0
maximum,ADJ,1,0,0
invalidity,NOUN,1,0,0
unenforceability,NOUN,1,0,0
void,VERB,1,0,0
INDEMNITY,PROPN,1,0,1
indemnify,VERB,1,0,0
agent,NOUN,1,0,0
production,NOUN,1,0,0
promotion,NOUN,1,0,0
harmless,ADJ,1,0,0
b,NOUN,1,0,0
alteration,NOUN,1,0,0
modification,NOUN,1,0,0
deletion,NOUN,1,0,0
c,NOUN,1,0,0
Mission,PROPN,1,0,1
synonymous,ADJ,1,0,0
obsolete,ADJ,1,0,0
exist,VERB,1,0,0
financial,ADJ,1,0,0
assistance,NOUN,1,0,0
goal,NOUN,1,0,0
ensure,VERB,1,0,0
secure,NOUN,1,0,0
Sections,PROPN,1,0,1
non,ADJ,1,0,0
profit,ADJ,1,0,0
educational,ADJ,1,0,0
corporation,NOUN,1,0,0
organize,VERB,1,0,0
Mississippi,PROPN,1,0,1
Internal,PROPN,1,0,1
Revenue,PROPN,1,0,1
Service,PROPN,1,0,1
EIN,PROPN,1,0,1
identification,NOUN,1,0,0
deductible,ADJ,1,0,0
extent,NOUN,1,0,0
Watchung,PROPN,1,0,1
Montclair,PROPN,1,0,1
NJ,PROPN,1,0,1
USA,PROPN,1,0,1
Donations,PROPN,1,0,1
depend,VERB,1,0,0
widespread,ADJ,1,0,0
license,VERB,1,0,0
accessible,ADJ,1,0,0
array,NOUN,1,0,0
outdated,ADJ,1,0,0
maintain,VERB,1,0,0
IRS,PROPN,1,0,1
committed,ADJ,1,0,0
regulate,VERB,1,0,0
charity,NOUN,1,0,0
charitable,ADJ,1,0,0
uniform,ADJ,1,0,0
paperwork,NOUN,1,0,0
location,NOUN,1,0,0
SEND,PROPN,1,0,1
visit,NOUN,1,0,0
solicitation,NOUN,1,0,0
prohibition,NOUN,1,0,0
unsolicited,ADJ,1,0,0
donor,NOUN,1,0,0
international,ADJ,1,0,0
gratefully,ADV,1,0,0
treatment,NOUN,1,0,0
swamp,VERB,1,0,0
staff,NOUN,1,0,0
web,NOUN,1,0,0
online,ADJ,1,0,0
visit,VERB,1,0,0
Professor,PROPN,1,0,1
Michael,PROPN,1,0,1
Hart,PROPN,1,0,1
originator,NOUN,1,0,0
network,NOUN,1,0,0
necessarily,ADV,1,0,0
PG,PROPN,1,0,1
search,NOUN,1,0,0
subscribe,VERB,1,0,0
newsletter,NOUN,1,0,0
