lemma,pos,count,is_stopword,is_proper_noun
the,DET,7533,1,0
and,CCONJ,4643,1,0
be,AUX,4431,1,0
of,ADP,3612,1,0
a,DET,3094,1,0
i,PRON,2338,1,0
in,ADP,2113,1,0
to,PART,1908,1,0
it,PRON,1717,1,0
have,AUX,1469,1,0
to,ADP,1295,1,0
not,PART,1164,1,0
they,PRON,1051,1,0
he,PRON,1034,1,0
as,ADP,1016,1,0
for,ADP,995,1,0
or,CCONJ,955,1,0
with,ADP,921,1,0
which,DET,872,1,0
that,SCONJ,831,1,0
but,CCONJ,801,1,0
my,PRON,780,1,0
on,ADP,727,1,0
his,PRON,724,1,0
by,ADP,713,1,0
at,ADP,634,1,0
man,NOUN,606,0,0
this,DET,603,1,0
we,PRON,583,1,0
if,SCONJ,571,1,0
from,ADP,522,1,0
their,PRON,503,1,0
do,AUX,492,1,0
one,NUM,456,1,0
all,DET,436,1,0
when,SCONJ,424,1,0
so,ADV,410,1,0
an,DET,397,1,0
its,PRON,396,1,0
you,PRON,394,1,0
who,PRON,386,1,0
some,DET,363,1,0
would,AUX,338,1,0
than,ADP,320,1,0
make,VERB,319,1,0
our,PRON,312,1,0
that,DET,291,1,0
any,DET,289,1,0
will,AUX,286,1,0
see,VERB,281,1,0
day,NOUN,276,0,0
can,AUX,269,1,0
like,ADP,268,0,0
what,PRON,258,1,0
there,PRON,258,1,0
go,VERB,256,1,0
no,DET,247,1,0
come,VERB,244,0,0
life,NOUN,239,0,0
out,ADP,237,1,0
may,AUX,233,1,0
only,ADV,232,1,0
house,NOUN,224,0,0
wood,NOUN,223,0,0
where,SCONJ,222,1,0
up,ADP,219,1,0
say,VERB,213,1,0
as,ADV,208,1,0
more,ADV,205,1,0
know,VERB,204,0,0
that,PRON,202,1,0
time,NOUN,202,0,0
into,ADP,197,1,0
other,ADJ,192,1,0
never,ADV,189,1,0
water,NOUN,189,0,0
pond,NOUN,186,0,0
should,AUX,183,1,0
could,AUX,183,1,0
think,VERB,182,0,0
even,ADV,181,1,0
live,VERB,180,0,0
get,VERB,179,1,0
many,ADJ,176,1,0
though,SCONJ,173,1,0
over,ADP,173,1,0
still,ADV,173,1,0
hear,VERB,168,0,0
without,ADP,165,1,0
how,SCONJ,163,1,0
work,NOUN,162,0,0
these,DET,161,1,0
good,ADJ,156,0,0
find,VERB,153,0,0
great,ADJ,153,0,0
more,ADJ,150,1,0
through,ADP,147,1,0
about,ADP,146,1,0
there,ADV,145,1,0
such,ADJ,142,1,0
every,DET,141,1,0
well,ADV,140,1,0
take,VERB,139,1,0
those,DET,137,1,0
then,ADV,134,1,0
part,NOUN,129,1,0
year,NOUN,129,0,0
your,PRON,129,1,0
thing,NOUN,126,0,0
look,VERB,125,0,0
old,ADJ,125,0,0
ice,NOUN,125,0,0
far,ADV,124,1,0
side,NOUN,123,1,0
most,ADV,122,1,0
now,ADV,122,1,0
two,NUM,120,1,0
foot,NOUN,120,0,0
way,NOUN,118,0,0
sometimes,ADV,116,1,0
own,ADJ,115,1,0
nor,CCONJ,111,1,0
stand,VERB,110,0,0
before,ADP,109,1,0
long,ADV,109,0,0
little,ADJ,106,0,0
very,ADV,104,1,0
world,NOUN,102,0,0
keep,VERB,101,1,0
under,ADP,100,1,0
again,ADV,99,1,0
leave,VERB,99,0,0
shore,NOUN,98,0,0
night,NOUN,98,0,0
winter,NOUN,98,0,0
might,AUX,97,1,0
morning,NOUN,95,0,0
after,ADP,95,1,0
ever,ADV,95,1,0
much,ADV,94,1,0
must,AUX,94,1,0
while,SCONJ,94,1,0
off,ADP,94,1,0
down,ADP,93,1,0
new,ADJ,93,0,0
most,ADJ,92,1,0
put,VERB,92,1,0
once,ADV,92,1,0
yet,ADV,91,1,0
same,ADJ,91,1,0
last,ADJ,89,1,0
tree,NOUN,88,0,0
himself,PRON,88,1,0
hand,NOUN,87,0,0
let,VERB,87,0,0
call,VERB,86,1,0
few,ADJ,85,1,0
Gutenberg,PROPN,84,0,1
Walden,PROPN,84,0,1
Project,PROPN,83,0,1
give,VERB,83,1,0
another,DET,83,1,0
thus,ADV,83,1,0
tell,VERB,83,0,0
sun,NOUN,82,0,0
here,ADV,81,1,0
earth,NOUN,81,0,0
too,ADV,80,1,0
perhaps,ADV,79,1,0
spring,NOUN,79,0,0
myself,PRON,78,1,0
sit,VERB,77,0,0
use,VERB,76,1,0
surface,NOUN,76,0,0
read,VERB,75,0,0
long,ADJ,75,0,0
such,DET,75,1,0
also,ADV,74,1,0
place,NOUN,74,0,0
village,NOUN,74,0,0
whose,DET,73,1,0
fire,NOUN,72,0,0
become,VERB,72,1,0
true,ADJ,72,0,0
high,ADJ,72,0,0
summer,NOUN,72,0,0
small,ADJ,72,0,0
town,NOUN,70,0,0
deep,ADJ,70,0,0
appear,VERB,69,0,0
large,ADJ,69,0,0
poor,ADJ,69,0,0
shall,AUX,69,0,0
her,PRON,68,1,0
grow,VERB,68,0,0
field,NOUN,67,0,0
leaf,NOUN,67,0,0
hill,NOUN,67,0,0
upon,SCONJ,66,1,0
snow,NOUN,66,0,0
pine,NOUN,66,0,0
first,ADJ,65,1,0
do,VERB,65,1,0
begin,VERB,65,0,0
state,NOUN,65,0,0
ground,NOUN,65,0,0
door,NOUN,65,0,0
till,SCONJ,64,0,0
run,VERB,64,0,0
air,NOUN,64,0,0
first,ADV,63,1,0
head,NOUN,63,0,0
eye,NOUN,63,0,0
three,NUM,63,1,0
hour,NOUN,62,0,0
within,ADP,62,1,0
because,SCONJ,62,1,0
thought,NOUN,62,0,0
all,ADV,61,1,0
nothing,PRON,61,1,0
end,NOUN,61,0,0
seem,VERB,61,1,0
country,NOUN,60,0,0
speak,VERB,60,0,0
why,SCONJ,60,1,0
pay,VERB,60,0,0
each,DET,60,1,0
themselves,PRON,60,1,0
she,PRON,60,1,0
much,ADJ,59,1,0
kind,NOUN,59,0,0
one,NOUN,59,1,0
neighbor,NOUN,58,0,0
yet,CCONJ,58,1,0
bird,NOUN,57,0,0
government,NOUN,57,0,0
almost,ADV,56,1,0
law,NOUN,56,0,0
learn,VERB,56,0,0
itself,PRON,56,1,0
feel,VERB,55,0,0
have,VERB,55,0,0
bottom,NOUN,55,1,0
build,VERB,54,0,0
commonly,ADV,54,0,0
always,ADV,54,1,0
soon,ADV,54,0,0
wild,ADJ,54,0,0
mile,NOUN,53,0,0
whether,SCONJ,53,1,0
nature,NOUN,53,0,0
lie,VERB,53,0,0
farmer,NOUN,53,0,0
least,ADJ,53,1,0
enough,ADV,52,1,0
well,ADJ,52,1,0
rise,VERB,52,0,0
wise,ADJ,52,0,0
whole,ADJ,52,1,0
evening,NOUN,52,0,0
pass,VERB,51,0,0
body,NOUN,51,0,0
often,ADV,51,1,0
between,ADP,51,1,0
respect,NOUN,50,0,0
merely,ADV,50,0,0
away,ADV,49,0,0
stone,NOUN,49,0,0
wear,VERB,49,0,0
Nature,PROPN,49,0,1
fall,VERB,48,0,0
lose,VERB,48,0,0
only,ADJ,48,1,0
wind,NOUN,48,0,0
fish,NOUN,48,0,0
free,ADJ,46,0,0
no,ADV,46,1,0
word,NOUN,46,0,0
bean,NOUN,46,0,0
length,NOUN,46,0,0
carry,VERB,46,0,0
low,ADJ,46,0,0
rather,ADV,45,1,0
labor,NOUN,45,0,0
young,ADJ,45,0,0
turn,VERB,45,0,0
inch,NOUN,45,0,0
so,SCONJ,45,1,0
land,NOUN,44,0,0
spend,VERB,44,0,0
cut,VERB,44,0,0
light,NOUN,44,0,0
sand,NOUN,44,0,0
set,VERB,44,0,0
cover,VERB,44,0,0
eat,VERB,43,0,0
book,NOUN,43,0,0
against,ADP,43,1,0
animal,NOUN,43,0,0
Concord,PROPN,42,0,1
just,ADV,42,1,0
society,NOUN,42,0,0
need,VERB,42,0,0
State,PROPN,42,0,1
experience,NOUN,41,0,0
form,NOUN,41,0,0
meet,VERB,41,0,0
however,ADV,41,1,0
mind,NOUN,41,0,0
line,NOUN,41,0,0
case,NOUN,41,0,0
work,VERB,41,0,0
sound,NOUN,41,0,0
rod,NOUN,41,0,0
five,NUM,40,1,0
love,VERB,40,0,0
half,DET,40,0,0
require,VERB,39,0,0
farm,NOUN,39,0,0
green,ADJ,39,0,0
grass,NOUN,39,0,0
race,NOUN,39,0,0
season,NOUN,39,0,0
white,ADJ,39,0,0
full,ADJ,39,1,0
behind,ADP,38,1,0
already,ADV,38,1,0
rain,NOUN,38,0,0
forest,NOUN,38,0,0
warm,ADJ,38,0,0
Pond,PROPN,37,0,1
write,VERB,37,0,0
family,NOUN,37,0,0
whom,PRON,37,1,0
necessary,ADJ,37,0,0
bear,VERB,37,0,0
hundred,NUM,37,1,0
try,VERB,37,0,0
human,ADJ,37,0,0
catch,VERB,37,0,0
hole,NOUN,37,0,0
window,NOUN,37,0,0
remember,VERB,36,0,0
walk,VERB,36,0,0
sense,NOUN,36,0,0
thick,ADJ,36,0,0
ask,VERB,35,0,0
child,NOUN,35,0,0
New,PROPN,35,0,1
thousand,NUM,35,0,0
break,VERB,35,0,0
mean,VERB,35,0,0
food,NOUN,35,0,0
buy,VERB,35,0,0
rich,ADJ,35,0,0
while,NOUN,35,1,0
boy,NOUN,35,0,0
dark,ADJ,35,0,0
sweet,ADJ,35,0,0
other,NOUN,34,1,0
England,PROPN,34,0,1
road,NOUN,34,0,0
lay,VERB,34,0,0
several,ADJ,34,1,0
ten,NUM,34,1,0
want,VERB,34,0,0
wish,VERB,34,0,0
instead,ADV,34,0,0
God,PROPN,34,0,1
quite,ADV,34,1,0
wall,NOUN,34,0,0
toward,ADP,34,1,0
consider,VERB,33,0,0
account,NOUN,33,0,0
distant,ADJ,33,0,0
rest,NOUN,33,0,0
fruit,NOUN,33,0,0
art,NOUN,33,0,0
next,ADJ,33,1,0
railroad,NOUN,33,0,0
color,NOUN,33,0,0
above,ADP,33,1,0
certain,ADJ,33,0,0
truth,NOUN,33,0,0
since,SCONJ,33,1,0
alone,ADV,32,1,0
something,PRON,32,1,0
people,NOUN,32,0,0
probably,ADV,32,0,0
course,NOUN,32,0,0
nation,NOUN,32,0,0
sky,NOUN,32,0,0
room,NOUN,32,0,0
near,ADP,32,0,0
raise,VERB,32,0,0
right,NOUN,32,0,0
money,NOUN,32,0,0
hunter,NOUN,32,0,0
follow,VERB,31,0,0
particular,ADJ,31,0,0
natural,ADJ,31,0,0
like,ADJ,31,0,0
bad,ADJ,31,0,0
four,NUM,31,1,0
fine,ADJ,31,0,0
business,NOUN,31,0,0
horse,NOUN,31,0,0
bring,VERB,31,0,0
distance,NOUN,31,0,0
cold,ADJ,31,0,0
seed,NOUN,31,0,0
traveller,NOUN,31,0,0
dollar,NOUN,31,0,0
present,ADJ,30,0,0
dinner,NOUN,30,0,0
common,ADJ,30,0,0
dry,ADJ,30,0,0
age,NOUN,30,0,0
clothe,NOUN,30,0,0
observe,VERB,30,0,0
weather,NOUN,30,0,0
worth,ADJ,30,0,0
at,ADV,30,1,0
hold,VERB,30,0,0
both,DET,30,1,0
virtue,NOUN,30,0,0
question,NOUN,29,0,0
burn,VERB,29,0,0
root,NOUN,29,0,0
believe,VERB,29,0,0
reflect,VERB,29,0,0
along,ADP,29,1,0
obtain,VERB,29,0,0
character,NOUN,29,0,0
ear,NOUN,29,0,0
week,NOUN,29,0,0
near,ADV,29,0,0
among,ADP,29,1,0
none,NOUN,28,1,0
before,ADV,28,1,0
sort,NOUN,28,0,0
return,VERB,28,0,0
discover,VERB,28,0,0
suppose,VERB,28,0,0
suddenly,ADV,28,0,0
lake,NOUN,28,0,0
answer,VERB,27,0,0
afford,VERB,27,0,0
hard,ADJ,27,0,0
indian,ADJ,27,0,0
cloud,NOUN,27,0,0
fresh,ADJ,27,0,0
heat,NOUN,27,0,0
indeed,ADV,27,1,0
less,ADJ,27,1,0
receive,VERB,27,0,0
board,NOUN,27,0,0
help,VERB,27,0,0
surround,VERB,27,0,0
name,NOUN,27,1,0
bread,NOUN,27,0,0
dead,ADJ,27,0,0
meadow,NOUN,27,0,0
electronic,ADJ,27,0,0
travel,VERB,26,0,0
inhabitant,NOUN,26,0,0
face,NOUN,26,0,0
hardly,ADV,26,0,0
nearly,ADV,26,0,0
order,NOUN,26,0,0
path,NOUN,26,0,0
fellow,NOUN,26,0,0
fill,VERB,26,0,0
suggest,VERB,26,0,0
point,NOUN,26,0,0
provide,VERB,26,0,0
pure,ADJ,26,0,0
river,NOUN,26,0,0
boat,NOUN,26,0,0
term,NOUN,25,0,0
living,NOUN,25,0,0
what,DET,25,1,0
simple,ADJ,25,0,0
until,ADP,25,1,0
open,ADJ,25,0,0
seek,VERB,25,0,0
thin,ADJ,25,0,0
somewhat,ADV,25,0,0
mean,NOUN,25,0,0
perchance,ADV,25,0,0
very,ADJ,25,1,0
moment,NOUN,25,0,0
fact,NOUN,25,0,0
advantage,NOUN,25,0,0
serve,VERB,25,0,0
possible,ADJ,25,0,0
reach,VERB,25,0,0
home,NOUN,25,0,0
sing,VERB,25,0,0
slight,ADJ,25,0,0
tax,NOUN,25,0,0
middle,NOUN,25,0,0
early,ADV,25,0,0
together,ADV,25,1,0
concern,VERB,24,0,0
purpose,NOUN,24,0,0
soil,NOUN,24,0,0
reason,NOUN,24,0,0
whatever,DET,24,1,0
history,NOUN,24,0,0
dog,NOUN,24,0,0
philosopher,NOUN,24,0,0
track,NOUN,24,0,0
black,ADJ,24,0,0
show,VERB,24,1,0
produce,VERB,24,0,0
furniture,NOUN,24,0,0
corn,NOUN,24,0,0
contain,VERB,24,0,0
afternoon,NOUN,24,0,0
shallow,ADJ,24,0,0
blue,ADJ,24,0,0
depth,NOUN,24,0,0
Foundation,PROPN,24,0,1
use,NOUN,23,0,0
person,NOUN,23,0,0
send,VERB,23,0,0
soul,NOUN,23,0,0
die,VERB,23,0,0
material,NOUN,23,0,0
about,ADV,23,1,0
bed,NOUN,23,0,0
neighborhood,NOUN,23,0,0
quarter,NOUN,23,0,0
play,VERB,23,0,0
poet,NOUN,23,0,0
broad,ADJ,23,0,0
cellar,NOUN,23,0,0
enjoy,VERB,23,0,0
music,NOUN,23,0,0
near,ADJ,23,0,0
remain,VERB,23,0,0
interval,NOUN,23,0,0
potato,NOUN,23,0,0
view,NOUN,23,0,0
fox,NOUN,23,0,0
bright,ADJ,23,0,0
mankind,NOUN,22,0,0
drink,VERB,22,0,0
off,ADV,22,1,0
shelter,NOUN,22,0,0
twenty,NUM,22,1,0
father,NOUN,22,0,0
proportion,NOUN,22,0,0
across,ADP,22,1,0
war,NOUN,22,0,0
bark,NOUN,22,0,0
car,NOUN,22,0,0
glass,NOUN,22,0,0
down,ADV,22,1,0
squirrel,NOUN,22,0,0
flow,VERB,22,0,0
smooth,ADJ,22,0,0
form,VERB,22,0,0
States,PROPN,21,0,1
civilized,ADJ,21,0,0
else,ADV,21,1,0
especially,ADV,21,0,0
improve,VERB,21,0,0
friend,NOUN,21,0,0
easily,ADV,21,0,0
cultivate,VERB,21,0,0
ancient,ADJ,21,0,0
slave,NOUN,21,0,0
drive,VERB,21,0,0
less,ADV,21,1,0
extent,NOUN,21,0,0
thy,PRON,21,0,0
various,ADJ,21,1,0
offer,VERB,21,0,0
cat,NOUN,21,0,0
simply,ADV,21,0,0
hound,NOUN,21,0,0
short,ADJ,21,0,0
sell,VERB,21,0,0
fail,VERB,21,0,0
around,ADP,21,1,0
effect,NOUN,21,0,0
beautiful,ADJ,21,0,0
crop,NOUN,21,0,0
wing,NOUN,21,0,0
oak,NOUN,21,0,0
note,NOUN,21,0,0
fall,NOUN,21,0,0
stream,NOUN,21,0,0
townsman,NOUN,20,0,0
mode,NOUN,20,0,0
talk,VERB,20,0,0
condition,NOUN,20,0,0
hang,VERB,20,0,0
top,NOUN,20,1,0
acre,NOUN,20,0,0
hard,ADV,20,0,0
enough,ADJ,20,1,0
thirty,NUM,20,0,0
really,ADV,20,1,0
direction,NOUN,20,0,0
distribute,VERB,20,0,0
savage,NOUN,20,0,0
regard,VERB,20,1,0
heaven,PROPN,20,0,1
number,NOUN,20,0,0
wide,ADJ,20,0,0
endeavor,VERB,20,0,0
forget,VERB,20,0,0
roof,NOUN,20,0,0
property,NOUN,20,0,0
woodchuck,NOUN,20,0,0
melt,VERB,20,0,0
single,ADJ,20,0,0
float,VERB,20,0,0
earn,VERB,19,0,0
student,NOUN,19,0,0
acquire,VERB,19,0,0
preserve,VERB,19,0,0
treat,VERB,19,0,0
sight,NOUN,19,0,0
mass,NOUN,19,0,0
value,NOUN,19,0,0
important,ADJ,19,0,0
sure,ADJ,19,0,0
enterprise,NOUN,19,0,0
influence,NOUN,19,0,0
directly,ADV,19,0,0
wholly,ADV,19,0,0
trade,NOUN,19,0,0
ago,ADV,19,0,0
storm,NOUN,19,0,0
red,ADJ,19,0,0
settle,VERB,19,0,0
study,VERB,19,0,0
usual,ADJ,19,0,0
woman,NOUN,19,0,0
skin,NOUN,19,0,0
haste,NOUN,19,0,0
six,NUM,19,1,0
back,ADV,19,1,0
pitch,NOUN,19,0,0
forever,ADV,19,0,0
support,VERB,19,0,0
bell,NOUN,19,0,0
sea,NOUN,19,0,0
perch,NOUN,19,0,0
copyright,NOUN,19,0,0
language,NOUN,18,0,0
duty,NOUN,18,0,0
visitor,NOUN,18,0,0
former,ADJ,18,1,0
month,NOUN,18,0,0
remarkable,ADJ,18,0,0
dwelling,NOUN,18,0,0
throw,VERB,18,0,0
feed,VERB,18,0,0
ourselves,PRON,18,1,0
bank,NOUN,18,0,0
public,ADJ,18,0,0
imagination,NOUN,18,0,0
midst,NOUN,18,0,0
that,ADV,18,1,0
half,NOUN,18,0,0
school,NOUN,18,0,0
stick,NOUN,18,0,0
expense,NOUN,18,0,0
add,VERB,18,0,0
frequently,ADV,18,0,0
ready,ADJ,18,0,0
cost,VERB,18,0,0
moral,ADJ,18,0,0
prove,VERB,18,0,0
street,NOUN,18,0,0
beauty,NOUN,18,0,0
wit,NOUN,18,0,0
spirit,NOUN,18,0,0
remind,VERB,18,0,0
plant,VERB,18,0,0
expect,VERB,18,0,0
one,PRON,18,1,0
noble,ADJ,18,0,0
strike,VERB,18,0,0
flower,NOUN,18,0,0
faint,ADJ,18,0,0
round,ADV,18,0,0
visit,VERB,18,0,0
wave,NOUN,18,0,0
purity,NOUN,18,0,0
agreement,NOUN,18,0,0
United,PROPN,17,0,1
reader,NOUN,17,0,0
circumstance,NOUN,17,0,0
coat,NOUN,17,0,0
clear,ADJ,17,0,0
dig,VERB,17,0,0
shoe,NOUN,17,0,0
yourself,PRON,17,1,0
lead,VERB,17,0,0
city,NOUN,17,0,0
globe,NOUN,17,0,0
youth,NOUN,17,0,0
luxury,NOUN,17,0,0
accord,VERB,17,0,0
hoe,VERB,17,0,0
voice,NOUN,17,0,0
change,NOUN,17,0,0
primitive,ADJ,17,0,0
mountain,NOUN,17,0,0
except,SCONJ,17,1,0
axe,NOUN,17,0,0
express,VERB,17,0,0
early,ADJ,17,0,0
table,NOUN,17,0,0
object,NOUN,17,0,0
clean,ADJ,17,0,0
interesting,ADJ,17,0,0
change,VERB,17,0,0
cast,VERB,17,0,0
degree,NOUN,17,0,0
taste,NOUN,17,0,0
pleasant,ADJ,17,0,0
subject,NOUN,17,0,0
hire,VERB,17,0,0
paper,NOUN,17,0,0
rare,ADJ,17,0,0
either,CCONJ,17,1,0
gradually,ADV,17,0,0
dust,NOUN,17,0,0
log,NOUN,17,0,0
blow,VERB,17,0,0
amid,ADP,17,0,0
oblige,VERB,17,0,0
meal,NOUN,17,0,0
pick,VERB,17,0,0
over,ADV,17,1,0
fishing,NOUN,17,0,0
r,NOUN,17,0,0
cost,NOUN,16,0,0
include,VERB,16,0,0
trust,VERB,16,0,0
vast,ADJ,16,0,0
pasture,NOUN,16,0,0
forty,NUM,16,1,0
mere,ADJ,16,0,0
finger,NOUN,16,0,0
actually,ADV,16,0,0
sustain,VERB,16,0,0
opinion,NOUN,16,0,0
wisdom,NOUN,16,0,0
experiment,NOUN,16,0,0
star,NOUN,16,0,0
be,VERB,16,1,0
unless,SCONJ,16,1,0
result,NOUN,16,0,0
increase,VERB,16,0,0
modern,ADJ,16,0,0
warm,VERB,16,0,0
strong,ADJ,16,0,0
well,NOUN,16,1,0
horizon,NOUN,16,0,0
foundation,NOUN,16,0,0
approach,VERB,16,0,0
cheap,ADJ,16,0,0
affect,VERB,16,0,0
behold,VERB,16,0,0
chiefly,ADV,16,0,0
freeze,VERB,16,0,0
eight,NUM,16,1,0
institution,NOUN,16,0,0
edge,NOUN,16,0,0
place,VERB,16,0,0
fair,ADJ,16,0,0
floor,NOUN,16,0,0
level,NOUN,16,0,0
beyond,ADP,16,1,0
noon,NOUN,16,0,0
chip,NOUN,16,0,0
mother,NOUN,16,0,0
pursue,VERB,16,0,0
detect,VERB,16,0,0
genius,NOUN,16,0,0
fear,NOUN,16,0,0
rarely,ADV,16,0,0
latter,ADJ,16,1,0
right,ADJ,16,0,0
withdraw,VERB,16,0,0
yard,NOUN,16,0,0
bubble,NOUN,16,0,0
portion,NOUN,15,0,0
particularly,ADV,15,0,0
leg,NOUN,15,0,0
load,NOUN,15,0,0
necessity,NOUN,15,0,0
create,VERB,15,0,0
occupy,VERB,15,0,0
market,NOUN,15,0,0
breath,NOUN,15,0,0
atmosphere,NOUN,15,0,0
brick,NOUN,15,0,0
compare,VERB,15,0,0
faith,NOUN,15,0,0
draw,VERB,15,0,0
is,ADV,15,1,0
improvement,NOUN,15,0,0
shadow,NOUN,15,0,0
expression,NOUN,15,0,0
surely,ADV,15,0,0
start,VERB,15,0,0
sink,VERB,15,0,0
wait,VERB,15,0,0
yellow,ADJ,15,0,0
native,ADJ,15,0,0
love,NOUN,15,0,0
acquaintance,NOUN,15,0,0
authority,NOUN,15,0,0
yield,VERB,15,0,0
element,NOUN,15,0,0
loon,NOUN,15,0,0
price,NOUN,15,0,0
cent,NOUN,15,0,0
finally,ADV,15,0,0
fashion,NOUN,15,0,0
stay,VERB,15,0,0
surprised,ADJ,15,0,0
worthy,ADJ,15,0,0
completely,ADV,15,0,0
perceive,VERB,15,0,0
apple,NOUN,15,0,0
hen,NOUN,15,0,0
opposite,ADJ,15,0,0
news,NOUN,15,0,0
cow,NOUN,15,0,0
power,NOUN,15,0,0
memorable,ADJ,15,0,0
health,NOUN,15,0,0
landscape,NOUN,15,0,0
frost,NOUN,15,0,0
effort,NOUN,15,0,0
cause,VERB,15,0,0
sound,VERB,15,0,0
rest,VERB,15,0,0
swamp,NOUN,15,0,0
worm,NOUN,15,0,0
gun,NOUN,15,0,0
copy,NOUN,15,0,0
donation,NOUN,15,0,0
Massachusetts,PROPN,14,0,1
devote,VERB,14,0,0
retain,VERB,14,0,0
stretch,VERB,14,0,0
expose,VERB,14,0,0
heaven,NOUN,14,0,0
iron,NOUN,14,0,0
comparatively,ADV,14,0,0
quality,NOUN,14,0,0
bury,VERB,14,0,0
wonder,VERB,14,0,0
master,NOUN,14,0,0
highway,NOUN,14,0,0
deed,NOUN,14,0,0
fuel,NOUN,14,0,0
height,NOUN,14,0,0
valley,NOUN,14,0,0
belong,VERB,14,0,0
instance,NOUN,14,0,0
different,ADJ,14,0,0
universe,NOUN,14,0,0
likely,ADJ,14,0,0
generation,NOUN,14,0,0
refer,VERB,14,0,0
distinguish,VERB,14,0,0
poverty,NOUN,14,0,0
philosophy,NOUN,14,0,0
creature,NOUN,14,0,0
last,ADV,14,1,0
owner,NOUN,14,0,0
sweep,VERB,14,0,0
pile,NOUN,14,0,0
easy,ADJ,14,0,0
round,VERB,14,0,0
honest,ADJ,14,0,0
soldier,NOUN,14,0,0
pursuit,NOUN,14,0,0
string,NOUN,14,0,0
own,VERB,14,1,0
evil,NOUN,14,0,0
individual,NOUN,14,0,0
dozen,NOUN,14,0,0
walk,NOUN,14,0,0
cart,NOUN,14,0,0
solid,ADJ,14,0,0
light,ADJ,14,0,0
apparently,ADV,14,0,0
stump,NOUN,14,0,0
usually,ADV,14,0,0
half,ADJ,14,0,0
humanity,NOUN,14,0,0
study,NOUN,14,0,0
round,ADJ,14,0,0
beside,ADP,14,1,0
occasionally,ADV,14,0,0
hoe,NOUN,14,0,0
nut,NOUN,14,0,0
meat,NOUN,14,0,0
diameter,NOUN,14,0,0
agree,VERB,14,0,0
mouth,NOUN,14,0,0
blood,NOUN,14,0,0
bar,NOUN,14,0,0
open,VERB,14,0,0
step,NOUN,14,0,0
resist,VERB,14,0,0
duck,NOUN,14,0,0
insect,NOUN,14,0,0
information,NOUN,13,0,0
wake,VERB,13,0,0
confine,VERB,13,0,0
office,NOUN,13,0,0
position,NOUN,13,0,0
breadth,NOUN,13,0,0
cattle,NOUN,13,0,0
employ,VERB,13,0,0
machine,NOUN,13,0,0
fast,ADV,13,0,0
attend,VERB,13,0,0
north,NOUN,13,0,0
fear,VERB,13,0,0
conceal,VERB,13,0,0
choose,VERB,13,0,0
doubt,VERB,13,0,0
system,NOUN,13,0,0
gather,VERB,13,0,0
nail,NOUN,13,0,0
store,NOUN,13,0,0
clothing,NOUN,13,0,0
prepare,VERB,13,0,0
describe,VERB,13,0,0
plant,NOUN,13,0,0
rule,NOUN,13,0,0
golden,ADJ,13,0,0
certainly,ADV,13,0,0
disappear,VERB,13,0,0
fit,ADJ,13,0,0
rock,NOUN,13,0,0
universal,ADJ,13,0,0
accident,NOUN,13,0,0
company,NOUN,13,0,0
period,NOUN,13,0,0
solitary,ADJ,13,0,0
equal,ADJ,13,0,0
America,PROPN,13,0,1
bough,NOUN,13,0,0
Indians,PROPN,13,0,1
move,VERB,13,1,0
real,ADJ,13,0,0
amount,NOUN,13,1,0
majority,NOUN,13,0,0
seven,NUM,13,0,0
equally,ADV,13,0,0
understand,VERB,13,0,0
teach,VERB,13,0,0
piece,NOUN,13,0,0
train,NOUN,13,0,0
succeed,VERB,13,0,0
during,ADP,13,1,0
home,ADV,13,0,0
heap,NOUN,13,0,0
attract,VERB,13,0,0
refuse,VERB,13,0,0
freely,ADV,13,0,0
partly,ADV,13,0,0
alive,ADJ,13,0,0
appetite,NOUN,13,0,0
owe,VERB,13,0,0
flock,NOUN,13,0,0
companion,NOUN,13,0,0
pull,VERB,13,0,0
behind,ADV,13,1,0
nine,NUM,13,1,0
mist,NOUN,13,0,0
fly,VERB,13,0,0
partridge,NOUN,13,0,0
regular,ADJ,13,0,0
John,PROPN,13,0,1
weed,NOUN,13,0,0
cove,NOUN,13,0,0
fisherman,NOUN,13,0,0
perfect,ADJ,13,0,0
forth,ADV,13,0,0
trademark,NOUN,13,0,0
paragraph,NOUN,13,0,0
Literary,PROPN,13,0,1
Archive,PROPN,13,0,1
interest,NOUN,12,0,0
difference,NOUN,12,0,0
daily,ADJ,12,0,0
fate,NOUN,12,0,0
pain,NOUN,12,0,0
gross,ADJ,12,0,0
self,NOUN,12,0,0
betray,VERB,12,0,0
game,NOUN,12,0,0
practically,ADV,12,0,0
circle,NOUN,12,0,0
civilization,NOUN,12,0,0
entertain,VERB,12,0,0
proper,ADJ,12,0,0
death,NOUN,12,0,0
vital,ADJ,12,0,0
nest,NOUN,12,0,0
access,NOUN,12,0,0
herself,PRON,12,1,0
doubt,ADV,12,0,0
Boston,PROPN,12,0,1
watch,VERB,12,0,0
leap,VERB,12,0,0
fence,NOUN,12,0,0
heart,NOUN,12,0,0
timber,NOUN,12,0,0
passage,NOUN,12,0,0
garment,NOUN,12,0,0
sound,ADJ,12,0,0
rent,NOUN,12,0,0
wine,NOUN,12,0,0
glad,ADJ,12,0,0
up,ADV,12,1,0
mean,ADJ,12,0,0
apartment,NOUN,12,0,0
suffer,VERB,12,0,0
name,VERB,12,1,0
save,VERB,12,0,0
perchance,NOUN,12,0,0
guest,NOUN,12,0,0
stop,VERB,12,0,0
sleep,NOUN,12,0,0
satisfied,ADJ,12,0,0
April,PROPN,12,0,1
narrow,ADJ,12,0,0
chimney,NOUN,12,0,0
tint,NOUN,12,0,0
leisure,NOUN,12,0,0
independent,ADJ,12,0,0
salt,NOUN,12,0,0
opportunity,NOUN,12,0,0
reality,NOUN,12,0,0
fifty,NUM,12,1,0
sympathy,NOUN,12,0,0
gray,ADJ,12,0,0
jail,NOUN,12,0,0
awake,ADJ,12,0,0
poetry,NOUN,12,0,0
ring,NOUN,12,0,0
half,ADV,12,0,0
owl,NOUN,12,0,0
suspect,VERB,12,0,0
expand,VERB,12,0,0
beneath,ADP,12,0,0
fish,VERB,12,0,0
listen,VERB,12,0,0
will,NOUN,12,1,0
Fair,PROPN,12,0,1
Haven,PROPN,12,0,1
Flint,PROPN,12,0,1
battle,NOUN,12,0,0
fee,NOUN,12,0,0
copy,VERB,11,0,0
Winter,PROPN,11,0,1
page,NOUN,11,0,0
curious,ADJ,11,0,0
maintain,VERB,11,0,0
after,ADV,11,1,0
moreover,ADV,11,1,0
barn,NOUN,11,0,0
sixty,NUM,11,1,0
care,NOUN,11,0,0
judge,VERB,11,0,0
weave,VERB,11,0,0
kill,VERB,11,0,0
prefer,VERB,11,0,0
oxen,NOUN,11,0,0
prevent,VERB,11,0,0
being,NOUN,11,1,0
contemplate,VERB,11,0,0
elsewhere,ADV,11,1,0
existence,NOUN,11,0,0
cook,VERB,11,0,0
possibly,ADV,11,0,0
second,ADJ,11,0,0
physical,ADJ,11,0,0
generally,ADV,11,0,0
literature,NOUN,11,0,0
destroy,VERB,11,0,0
dawn,NOUN,11,0,0
print,VERB,11,0,0
admit,VERB,11,0,0
citizen,NOUN,11,0,0
accomplish,VERB,11,0,0
habit,NOUN,11,0,0
faculty,NOUN,11,0,0
king,NOUN,11,0,0
close,ADJ,11,0,0
rank,NOUN,11,0,0
savage,ADJ,11,0,0
associate,VERB,11,0,0
formerly,ADV,11,1,0
row,NOUN,11,0,0
bare,ADJ,11,0,0
instinct,NOUN,11,0,0
rate,NOUN,11,0,0
fifteen,NUM,11,1,0
occasion,NOUN,11,0,0
allow,VERB,11,0,0
support,NOUN,11,0,0
tempt,VERB,11,0,0
principle,NOUN,11,0,0
coffee,NOUN,11,0,0
god,NOUN,11,0,0
cheer,VERB,11,0,0
idea,NOUN,11,0,0
humble,ADJ,11,0,0
hollow,ADJ,11,0,0
except,VERB,11,0,0
arrive,VERB,11,0,0
manner,NOUN,11,0,0
like,VERB,11,0,0
grain,NOUN,11,0,0
continue,VERB,11,0,0
darkness,NOUN,11,0,0
brave,ADJ,11,0,0
protect,VERB,11,0,0
rabbit,NOUN,11,0,0
birch,NOUN,11,0,0
garden,NOUN,11,0,0
cool,ADJ,11,0,0
roll,VERB,11,0,0
Lincoln,PROPN,11,0,1
reveal,VERB,11,0,0
sacred,ADJ,11,0,0
intellectual,ADJ,11,0,0
gossip,NOUN,11,0,0
familiar,ADJ,11,0,0
cease,VERB,11,0,0
circle,VERB,11,0,0
thither,NOUN,11,0,0
drop,VERB,11,0,0
dream,NOUN,11,0,0
loud,ADJ,11,0,0
big,ADJ,11,0,0
brown,ADJ,11,0,0
pickerel,NOUN,11,0,0
slavery,NOUN,11,0,0
Brister,PROPN,11,0,1
obey,VERB,11,0,0
eBook,PROPN,10,0,1
English,PROPN,10,0,1
economy,NOUN,10,0,0
reading,NOUN,10,0,0
outward,ADJ,10,0,0
downward,ADV,10,0,0
shoulder,NOUN,10,0,0
twelve,NUM,10,1,0
finish,VERB,10,0,0
push,VERB,10,0,0
relation,NOUN,10,0,0
doubt,NOUN,10,0,0
foreign,ADJ,10,0,0
divine,ADJ,10,0,0
deliberately,ADV,10,0,0
valuable,ADJ,10,0,0
furnish,VERB,10,0,0
bone,NOUN,10,0,0
vegetable,NOUN,10,0,0
joy,NOUN,10,0,0
prospect,NOUN,10,0,0
strain,NOUN,10,0,0
avoid,VERB,10,0,0
compel,VERB,10,0,0
creation,NOUN,10,0,0
invent,VERB,10,0,0
warmth,NOUN,10,0,0
want,NOUN,10,0,0
comfort,NOUN,10,0,0
class,NOUN,10,0,0
simplicity,NOUN,10,0,0
scholar,NOUN,10,0,0
woodchopper,NOUN,10,0,0
Indian,PROPN,10,0,1
split,VERB,10,0,0
gentleman,NOUN,10,0,0
truly,ADV,10,0,0
recognize,VERB,10,0,0
introduce,VERB,10,0,0
garret,NOUN,10,0,0
hero,NOUN,10,0,0
sail,VERB,10,0,0
enemy,NOUN,10,0,0
egg,NOUN,10,0,0
nevertheless,ADV,10,1,0
satisfaction,NOUN,10,0,0
serene,ADJ,10,0,0
hearth,NOUN,10,0,0
lock,VERB,10,0,0
late,ADV,10,0,0
english,ADJ,10,0,0
sufficient,ADJ,10,0,0
prevail,VERB,10,0,0
palace,NOUN,10,0,0
century,NOUN,10,0,0
herd,NOUN,10,0,0
exist,VERB,10,0,0
visible,ADJ,10,0,0
spot,NOUN,10,0,0
forth,ADP,10,0,0
square,ADJ,10,0,0
ornament,NOUN,10,0,0
alas,INTJ,10,0,0
carefully,ADV,10,0,0
newspaper,NOUN,10,0,0
conclude,VERB,10,0,0
afterward,ADV,10,0,0
represent,VERB,10,0,0
appearance,NOUN,10,0,0
post,NOUN,10,0,0
exactly,ADV,10,0,0
back,NOUN,10,1,0
separate,VERB,10,0,0
devil,NOUN,10,0,0
practise,VERB,10,0,0
drop,NOUN,10,0,0
turn,NOUN,10,0,0
somewhere,ADV,10,1,0
select,VERB,10,0,0
memory,NOUN,10,0,0
cake,NOUN,10,0,0
force,NOUN,10,0,0
Heaven,PROPN,10,0,1
tail,NOUN,10,0,0
collect,VERB,10,0,0
general,ADJ,10,0,0
sport,NOUN,10,0,0
strange,ADJ,10,0,0
appreciate,VERB,10,0,0
danger,NOUN,10,0,0
dew,NOUN,10,0,0
action,NOUN,10,0,0
fault,NOUN,10,0,0
engine,NOUN,10,0,0
mud,NOUN,10,0,0
intellect,NOUN,10,0,0
o,INTJ,10,0,0
original,ADJ,10,0,0
hawk,NOUN,10,0,0
innocent,ADJ,10,0,0
twig,NOUN,10,0,0
dwell,VERB,10,0,0
Hill,PROPN,10,0,1
motion,NOUN,10,0,0
phenomenon,NOUN,10,0,0
beast,NOUN,10,0,0
License,PROPN,9,0,1
date,NOUN,9,0,0
propose,VERB,9,0,0
affair,NOUN,9,0,0
therefore,ADV,9,1,0
accept,VERB,9,0,0
fain,VERB,9,0,0
deal,NOUN,9,0,0
measure,VERB,9,0,0
conscious,ADJ,9,0,0
dirt,NOUN,9,0,0
anything,PRON,9,1,0
knowledge,NOUN,9,0,0
delicate,ADJ,9,0,0
custom,NOUN,9,0,0
prison,NOUN,9,0,0
away,ADP,9,0,0
private,ADJ,9,0,0
determine,VERB,9,0,0
desperate,ADJ,9,0,0
muskrat,NOUN,9,0,0
amusement,NOUN,9,0,0
earnest,ADJ,9,0,0
variety,NOUN,9,0,0
method,NOUN,9,0,0
secure,VERB,9,0,0
problem,NOUN,9,0,0
freedom,NOUN,9,0,0
breast,NOUN,9,0,0
ray,NOUN,9,0,0
admirable,ADJ,9,0,0
upward,ADV,9,0,0
dream,VERB,9,0,0
seemingly,ADV,9,0,0
accumulate,VERB,9,0,0
huckleberry,NOUN,9,0,0
since,ADV,9,1,0
regard,NOUN,9,0,0
pine,ADJ,9,0,0
letter,NOUN,9,0,0
pace,NOUN,9,0,0
port,NOUN,9,0,0
hesitate,VERB,9,0,0
conscience,NOUN,9,0,0
happen,VERB,9,0,0
similar,ADJ,9,0,0
respectable,ADJ,9,0,0
in,ADV,9,1,0
remove,VERB,9,0,0
space,NOUN,9,0,0
immediately,ADV,9,0,0
sleep,VERB,9,0,0
convenience,NOUN,9,0,0
imagine,VERB,9,0,0
sens,NOUN,9,0,0
construct,VERB,9,0,0
son,NOUN,9,0,0
trap,NOUN,9,0,0
able,ADJ,9,0,0
sake,NOUN,9,0,0
content,NOUN,9,0,0
daily,ADV,9,0,0
shade,NOUN,9,0,0
plain,NOUN,9,0,0
admire,VERB,9,0,0
beginning,NOUN,9,0,0
waste,VERB,9,0,0
flat,ADJ,9,0,0
March,PROPN,9,0,1
permit,VERB,9,0,0
spring,VERB,9,0,0
goose,NOUN,9,0,0
foe,NOUN,9,0,0
around,ADV,9,1,0
mill,NOUN,9,0,0
event,NOUN,9,0,0
hoeing,NOUN,9,0,0
shell,NOUN,9,0,0
church,NOUN,9,0,0
notwithstanding,ADP,9,0,0
story,NOUN,9,0,0
measure,NOUN,9,0,0
bill,NOUN,9,0,0
survey,VERB,9,0,0
consequence,NOUN,9,0,0
sandy,ADJ,9,0,0
team,NOUN,9,0,0
bushel,NOUN,9,0,0
present,NOUN,9,0,0
share,VERB,9,0,0
trivial,ADJ,9,0,0
staff,NOUN,9,0,0
safe,ADJ,9,0,0
escape,VERB,9,0,0
wash,VERB,9,0,0
inspire,VERB,9,0,0
good,NOUN,9,0,0
confess,VERB,9,0,0
justice,NOUN,9,0,0
tea,NOUN,9,0,0
act,NOUN,9,0,0
hope,NOUN,9,0,0
heroic,ADJ,9,0,0
wife,NOUN,9,0,0
alone,ADJ,9,1,0
scale,NOUN,9,0,0
reflection,NOUN,9,0,0
crust,NOUN,9,0,0
cheerful,ADJ,9,0,0
glorious,ADJ,9,0,0
distinctly,ADV,9,0,0
fight,VERB,9,0,0
waste,NOUN,9,0,0
vision,NOUN,9,0,0
gently,ADV,9,0,0
tongue,NOUN,9,0,0
disturb,VERB,9,0,0
solitude,NOUN,9,0,0
forward,ADV,9,0,0
calm,ADJ,9,0,0
blow,NOUN,9,0,0
weigh,VERB,9,0,0
heavy,ADJ,9,0,0
wing,VERB,9,0,0
frozen,ADJ,9,0,0
angle,NOUN,9,0,0
mark,NOUN,9,0,0
ripple,VERB,9,0,0
hook,NOUN,9,0,0
apart,ADV,9,0,0
lonely,ADJ,9,0,0
bush,NOUN,9,0,0
White,PROPN,9,0,1
dive,VERB,9,0,0
hunt,VERB,9,0,0
vote,NOUN,9,0,0
comply,VERB,9,0,0
Field,PROPN,8,0,1
Baker,PROPN,8,0,1
Farm,PROPN,8,0,1
main,ADJ,8,0,0
shop,NOUN,8,0,0
scene,NOUN,8,0,0
comparison,NOUN,8,0,0
lot,NOUN,8,0,0
mistake,NOUN,8,0,0
well,INTJ,8,1,0
both,CCONJ,8,1,0
fame,NOUN,8,0,0
indicate,VERB,8,0,0
lady,NOUN,8,0,0
healthy,ADJ,8,0,0
late,ADJ,8,0,0
pot,NOUN,8,0,0
failure,NOUN,8,0,0
wonderful,ADJ,8,0,0
ay,INTJ,8,0,0
possess,VERB,8,0,0
vessel,NOUN,8,0,0
bestow,VERB,8,0,0
strength,NOUN,8,0,0
thoroughly,ADV,8,0,0
establish,VERB,8,0,0
trouble,VERB,8,0,0
essential,ADJ,8,0,0
success,NOUN,8,0,0
close,ADV,8,0,0
stove,NOUN,8,0,0
slow,ADJ,8,0,0
burrow,NOUN,8,0,0
knife,NOUN,8,0,0
spade,NOUN,8,0,0
indispensable,ADJ,8,0,0
reformer,NOUN,8,0,0
numerous,ADJ,8,0,0
mainly,ADV,8,0,0
desire,VERB,8,0,0
paint,VERB,8,0,0
recover,VERB,8,0,0
depend,VERB,8,0,0
stock,NOUN,8,0,0
basket,NOUN,8,0,0
starve,VERB,8,0,0
coast,NOUN,8,0,0
bind,VERB,8,0,0
science,NOUN,8,0,0
demand,VERB,8,0,0
enter,VERB,8,0,0
practical,ADJ,8,0,0
vice,NOUN,8,0,0
possession,NOUN,8,0,0
resolve,VERB,8,0,0
charity,NOUN,8,0,0
empty,ADJ,8,1,0
pair,NOUN,8,0,0
nobody,PRON,8,1,0
amuse,VERB,8,0,0
serious,ADJ,8,1,0
shake,VERB,8,0,0
asleep,ADJ,8,0,0
domestic,ADJ,8,0,0
fable,NOUN,8,0,0
approach,NOUN,8,0,0
shingle,NOUN,8,0,0
innocence,NOUN,8,0,0
absolutely,ADV,8,0,0
laborer,NOUN,8,0,0
please,VERB,8,1,0
rude,ADJ,8,0,0
writing,NOUN,8,0,0
Lord,PROPN,8,0,1
silent,ADJ,8,0,0
west,NOUN,8,0,0
cross,VERB,8,0,0
culture,NOUN,8,0,0
spiritual,ADJ,8,0,0
suitable,ADJ,8,0,0
clay,NOUN,8,0,0
hickory,NOUN,8,0,0
impart,VERB,8,0,0
cottage,NOUN,8,0,0
perennial,ADJ,8,0,0
view,VERB,8,0,0
temperature,NOUN,8,0,0
arm,NOUN,8,0,0
agreeable,ADJ,8,0,0
entertainment,NOUN,8,0,0
style,NOUN,8,0,0
September,PROPN,8,0,1
excuse,NOUN,8,0,0
education,NOUN,8,0,0
college,NOUN,8,0,0
manure,NOUN,8,0,0
cause,NOUN,8,0,0
ruin,NOUN,8,0,0
pray,VERB,8,0,0
moon,NOUN,8,0,0
wander,VERB,8,0,0
diet,NOUN,8,0,0
tend,VERB,8,0,0
precious,ADJ,8,0,0
neither,DET,8,1,0
third,ADJ,8,1,0
wonder,NOUN,8,0,0
kitchen,NOUN,8,0,0
shut,VERB,8,0,0
sign,NOUN,8,0,0
berry,NOUN,8,0,0
herb,NOUN,8,0,0
employment,NOUN,8,0,0
peculiar,ADJ,8,0,0
superior,ADJ,8,0,0
branch,NOUN,8,0,0
sunny,ADJ,8,0,0
nibble,VERB,8,0,0
dull,ADJ,8,0,0
grove,NOUN,8,0,0
gentle,ADJ,8,0,0
shrub,NOUN,8,0,0
noise,NOUN,8,0,0
meanness,NOUN,8,0,0
ant,NOUN,8,0,0
wrong,ADJ,8,0,0
house,PROPN,8,0,1
regret,VERB,8,0,0
repeat,VERB,8,0,0
occur,VERB,8,0,0
out,ADV,8,1,0
touch,VERB,8,0,0
shoot,VERB,8,0,0
past,ADP,8,0,0
ocean,NOUN,8,0,0
direct,VERB,8,0,0
hoo,PROPN,8,0,1
alder,NOUN,8,0,0
kernel,NOUN,8,0,0
continually,ADV,8,0,0
mouse,NOUN,8,0,0
hospitality,NOUN,8,0,0
hay,NOUN,8,0,0
hunting,NOUN,8,0,0
govern,VERB,8,0,0
shiner,NOUN,8,0,0
inlet,NOUN,8,0,0
transparent,ADJ,8,0,0
derive,VERB,8,0,0
rapidly,ADV,8,0,0
brain,NOUN,8,0,0
channel,NOUN,8,0,0
witness,VERB,8,0,0
permission,NOUN,8,0,0
await,VERB,8,0,0
license,NOUN,8,0,0
legislator,NOUN,8,0,0
locate,VERB,7,0,0
CIVIL,PROPN,7,0,1
DISOBEDIENCE,PROPN,7,0,1
omit,VERB,7,0,0
writer,NOUN,7,0,0
impossible,ADJ,7,0,0
neck,NOUN,7,0,0
inherit,VERB,7,0,0
tool,NOUN,7,0,0
rid,VERB,7,0,0
creep,VERB,7,0,0
unnecessary,ADJ,7,0,0
steal,VERB,7,0,0
pluck,VERB,7,0,0
clothe,VERB,7,0,0
borrow,VERB,7,0,0
today,NOUN,7,0,0
grocery,NOUN,7,0,0
safely,ADV,7,0,0
southern,ADJ,7,0,0
water,VERB,7,0,0
prisoner,NOUN,7,0,0
chief,ADJ,7,0,0
necessary,NOUN,7,0,0
honestly,ADV,7,0,0
morrow,NOUN,7,0,0
vegetable,ADJ,7,0,0
care,VERB,7,0,0
Adam,PROPN,7,0,1
honor,NOUN,7,0,0
anxiety,NOUN,7,0,0
disease,NOUN,7,0,0
alert,NOUN,7,0,0
reduce,VERB,7,0,0
merchant,NOUN,7,0,0
Food,PROPN,7,0,1
climate,NOUN,7,0,0
party,NOUN,7,0,0
of,ADV,7,1,0
social,ADJ,7,0,0
imply,VERB,7,0,0
contemporary,NOUN,7,0,0
commence,VERB,7,0,0
cherish,VERB,7,0,0
bay,NOUN,7,0,0
turtle,NOUN,7,0,0
twilight,NOUN,7,0,0
capital,NOUN,7,0,0
dissolve,VERB,7,0,0
route,NOUN,7,0,0
corner,NOUN,7,0,0
ash,NOUN,7,0,0
no,INTJ,7,1,0
wealth,NOUN,7,0,0
detail,NOUN,7,0,0
steady,ADJ,7,0,0
error,NOUN,7,0,0
dress,VERB,7,0,0
beside,ADV,7,1,0
hall,NOUN,7,0,0
fowl,NOUN,7,0,0
industry,NOUN,7,0,0
mortal,ADJ,7,0,0
strip,VERB,7,0,0
difficult,ADJ,7,0,0
meaning,NOUN,7,0,0
inclined,ADJ,7,0,0
laugh,VERB,7,0,0
thread,NOUN,7,0,0
lapse,NOUN,7,0,0
third,NOUN,7,1,0
wigwam,NOUN,7,0,0
symbol,NOUN,7,0,0
hollow,NOUN,7,0,0
cave,NOUN,7,0,0
advance,VERB,7,0,0
celestial,ADJ,7,0,0
luxurious,ADJ,7,0,0
dispose,VERB,7,0,0
regulate,VERB,7,0,0
superfluous,ADJ,7,0,0
distinction,NOUN,7,0,0
point,VERB,7,0,0
matter,NOUN,7,0,0
objection,NOUN,7,0,0
shanty,NOUN,7,0,0
limb,NOUN,7,0,0
though,ADV,7,1,0
messenger,NOUN,7,0,0
breathe,VERB,7,0,0
hungry,ADJ,7,0,0
picture,NOUN,7,0,0
adorn,VERB,7,0,0
settler,NOUN,7,0,0
cellar,ADJ,7,0,0
size,NOUN,7,0,0
quantity,NOUN,7,0,0
rail,NOUN,7,0,0
shine,VERB,7,0,0
thaw,VERB,7,0,0
rafter,NOUN,7,0,0
lamp,NOUN,7,0,0
step,VERB,7,0,0
infant,NOUN,7,0,0
score,NOUN,7,0,0
assure,VERB,7,0,0
spread,VERB,7,0,0
lofty,ADJ,7,0,0
perfectly,ADV,7,0,0
holder,NOUN,7,0,0
architecture,NOUN,7,0,0
engage,VERB,7,0,0
wholesome,ADJ,7,0,0
shed,NOUN,7,0,0
american,ADJ,7,0,0
minute,NOUN,7,0,0
liberty,NOUN,7,0,0
mine,NOUN,7,1,0
tie,VERB,7,0,0
interested,ADJ,7,0,0
aid,NOUN,7,0,0
speech,NOUN,7,0,0
monument,NOUN,7,0,0
religion,NOUN,7,0,0
drown,VERB,7,0,0
rye,NOUN,7,0,0
dry,VERB,7,0,0
drink,NOUN,7,0,0
constant,ADJ,7,0,0
dish,NOUN,7,0,0
boil,VERB,7,0,0
demand,NOUN,7,0,0
venture,VERB,7,0,0
regularly,ADV,7,0,0
Cato,PROPN,7,0,1
visit,NOUN,7,0,0
accustomed,ADJ,7,0,0
chair,NOUN,7,0,0
gnaw,VERB,7,0,0
bold,ADJ,7,0,0
inquire,VERB,7,0,0
trunk,NOUN,7,0,0
pity,VERB,7,0,0
priest,NOUN,7,0,0
neighboring,NOUN,7,0,0
convince,VERB,7,0,0
harmony,NOUN,7,0,0
sacrifice,VERB,7,0,0
forsake,VERB,7,0,0
steadily,ADV,7,0,0
chance,VERB,7,0,0
perform,VERB,7,0,0
seat,NOUN,7,0,0
cheek,NOUN,7,0,0
record,VERB,7,0,0
future,ADJ,7,0,0
suffice,VERB,7,0,0
invisible,ADJ,7,0,0
sparrow,NOUN,7,0,0
soft,ADJ,7,0,0
Homer,PROPN,7,0,1
awake,VERB,7,0,0
reform,NOUN,7,0,0
endeavor,NOUN,7,0,0
medium,NOUN,7,0,0
chop,VERB,7,0,0
hue,NOUN,7,0,0
level,VERB,7,0,0
classic,NOUN,7,0,0
distinct,ADJ,7,0,0
naturally,ADV,7,0,0
trader,NOUN,7,0,0
utter,VERB,7,0,0
dash,VERB,7,0,0
vine,NOUN,7,0,0
weight,NOUN,7,0,0
seize,VERB,7,0,0
frog,NOUN,7,0,0
feeling,NOUN,7,0,0
furrow,NOUN,7,0,0
cool,VERB,7,0,0
wave,VERB,7,0,0
echo,NOUN,7,0,0
singing,NOUN,7,0,0
pole,NOUN,7,0,0
trace,NOUN,7,0,0
aware,ADJ,7,0,0
pail,NOUN,7,0,0
shower,NOUN,7,0,0
source,NOUN,7,0,0
drift,NOUN,7,0,0
fasten,VERB,7,0,0
considerable,ADJ,7,0,0
expediency,NOUN,7,0,0
chicken,NOUN,7,0,0
calculate,VERB,7,0,0
burst,VERB,7,0,0
parlor,NOUN,7,0,0
next,ADP,7,1,0
firm,ADJ,7,0,0
mid,NOUN,7,0,0
October,PROPN,7,0,1
nearer,NOUN,7,0,0
bog,NOUN,7,0,0
member,NOUN,7,0,0
bait,NOUN,7,0,0
limited,ADJ,7,0,0
clean,VERB,7,0,0
shame,NOUN,7,0,0
display,VERB,7,0,0
song,NOUN,7,0,0
section,NOUN,7,0,0
lobe,NOUN,7,0,0
allegiance,NOUN,7,0,0
eBooks,PROPN,7,0,1
refund,NOUN,7,0,0
anyone,PRON,6,1,0
check,VERB,6,0,0
title,NOUN,6,0,0
recently,ADV,6,0,0
format,NOUN,6,0,0
House,PROPN,6,0,1
Spring,PROPN,6,0,1
notice,NOUN,6,0,0
undertake,VERB,6,0,0
sincerely,ADV,6,0,0
apply,VERB,6,0,0
fit,VERB,6,0,0
encumbrance,NOUN,6,0,0
flesh,NOUN,6,0,0
labor,VERB,6,0,0
treasure,NOUN,6,0,0
coarse,ADJ,6,0,0
hat,NOUN,6,0,0
sick,ADJ,6,0,0
stir,VERB,6,0,0
eternity,NOUN,6,0,0
quiet,ADJ,6,0,0
despair,NOUN,6,0,0
echo,VERB,6,0,0
silence,NOUN,6,0,0
phrase,NOUN,6,0,0
advice,NOUN,6,0,0
solely,ADV,6,0,0
supply,VERB,6,0,0
plough,NOUN,6,0,0
neither,CCONJ,6,1,0
miracle,NOUN,6,0,0
instant,NOUN,6,0,0
deny,VERB,6,0,0
trouble,NOUN,6,0,0
Shelter,PROPN,6,0,1
brute,ADJ,6,0,0
Man,PROPN,6,0,1
arise,VERB,6,0,0
internal,ADJ,6,0,0
naturalist,NOUN,6,0,0
surprise,NOUN,6,0,0
accordingly,ADV,6,0,0
next,ADV,6,1,0
region,NOUN,6,0,0
Hindoo,PROPN,6,0,1
commerce,NOUN,6,0,0
independence,NOUN,6,0,0
nobler,NOUN,6,0,0
firmly,ADV,6,0,0
mind,VERB,6,0,0
meeting,NOUN,6,0,0
future,NOUN,6,0,0
anticipate,VERB,6,0,0
bargain,NOUN,6,0,0
either,DET,6,1,0
intelligence,NOUN,6,0,0
arrival,NOUN,6,0,0
lawyer,NOUN,6,0,0
harbor,NOUN,6,0,0
explore,VERB,6,0,0
beat,VERB,6,0,0
bark,VERB,6,0,0
premise,NOUN,6,0,0
conduct,VERB,6,0,0
otherwise,ADV,6,1,0
shirt,NOUN,6,0,0
sentence,NOUN,6,0,0
relate,VERB,6,0,0
mystery,NOUN,6,0,0
hatch,VERB,6,0,0
deposit,VERB,6,0,0
mood,NOUN,6,0,0
ball,NOUN,6,0,0
shelf,NOUN,6,0,0
corporation,NOUN,6,0,0
cold,NOUN,6,0,0
survive,VERB,6,0,0
deep,ADV,6,0,0
box,NOUN,6,0,0
tight,ADJ,6,0,0
slip,VERB,6,0,0
mat,NOUN,6,0,0
annual,ADJ,6,0,0
abode,NOUN,6,0,0
assert,VERB,6,0,0
exchange,VERB,6,0,0
pecuniary,ADJ,6,0,0
design,NOUN,6,0,0
ninety,NUM,6,0,0
genuine,ADJ,6,0,0
annually,ADV,6,0,0
hair,NOUN,6,0,0
outskirt,NOUN,6,0,0
inhabit,VERB,6,0,0
fare,NOUN,6,0,0
myriad,NOUN,6,0,0
hut,NOUN,6,0,0
mark,VERB,6,0,0
consist,VERB,6,0,0
attain,VERB,6,0,0
native,NOUN,6,0,0
pumpkin,NOUN,6,0,0
lo,PROPN,6,0,1
housekeeper,NOUN,6,0,0
proprietor,NOUN,6,0,0
force,VERB,6,0,0
handsome,ADJ,6,0,0
thousand,NOUN,6,0,0
fairly,ADV,6,0,0
fragrance,NOUN,6,0,0
acquaint,VERB,6,0,0
Irishman,PROPN,6,0,1
sill,NOUN,6,0,0
inside,NOUN,6,0,0
extend,VERB,6,0,0
meanwhile,ADV,6,1,0
pocket,NOUN,6,0,0
sumach,NOUN,6,0,0
vegetation,NOUN,6,0,0
pleasure,NOUN,6,0,0
posterity,NOUN,6,0,0
board,VERB,6,0,0
bake,VERB,6,0,0
develop,VERB,6,0,0
lean,VERB,6,0,0
occupant,NOUN,6,0,0
forsooth,NOUN,6,0,0
depart,VERB,6,0,0
count,VERB,6,0,0
compose,VERB,6,0,0
Cambridge,PROPN,6,0,1
successive,ADJ,6,0,0
York,PROPN,6,0,1
distinguished,ADJ,6,0,0
honey,NOUN,6,0,0
least,ADV,6,1,0
transient,ADJ,6,0,0
husbandry,NOUN,6,0,0
greatly,ADV,6,0,0
temple,NOUN,6,0,0
high,ADV,6,0,0
kettle,NOUN,6,0,0
West,PROPN,6,0,1
proceed,VERB,6,0,0
molasse,NOUN,6,0,0
once,SCONJ,6,1,0
amount,VERB,6,0,0
necessarily,ADV,6,0,0
maple,NOUN,6,0,0
thank,VERB,6,0,0
set,NOUN,6,0,0
butterfly,NOUN,6,0,0
spider,NOUN,6,0,0
courage,NOUN,6,0,0
paw,NOUN,6,0,0
retreat,VERB,6,0,0
spare,VERB,6,0,0
tax,VERB,6,0,0
profession,NOUN,6,0,0
villager,NOUN,6,0,0
brow,NOUN,6,0,0
adventure,NOUN,6,0,0
genial,ADJ,6,0,0
goodness,NOUN,6,0,0
mingle,VERB,6,0,0
vain,ADJ,6,0,0
worthy,NOUN,6,0,0
sin,NOUN,6,0,0
ripe,ADJ,6,0,0
flourish,VERB,6,0,0
site,NOUN,6,0,0
through,ADV,6,1,0
cabin,NOUN,6,0,0
progress,NOUN,6,0,0
outline,NOUN,6,0,0
frequent,VERB,6,0,0
ripple,NOUN,6,0,0
serenity,NOUN,6,0,0
remote,ADJ,6,0,0
bath,VERB,6,0,0
exercise,NOUN,6,0,0
vigor,NOUN,6,0,0
slumber,VERB,6,0,0
awaken,VERB,6,0,0
undulation,NOUN,6,0,0
clock,NOUN,6,0,0
overcome,VERB,6,0,0
million,NOUN,6,0,0
infinite,ADJ,6,0,0
contemplation,NOUN,6,0,0
rush,NOUN,6,0,0
revolution,NOUN,6,0,0
esteem,VERB,6,0,0
fabulous,ADJ,6,0,0
resound,VERB,6,0,0
discern,VERB,6,0,0
answer,NOUN,6,0,0
tradition,NOUN,6,0,0
current,NOUN,6,0,0
vein,NOUN,6,0,0
essentially,ADV,6,0,0
favorable,ADJ,6,0,0
circulate,VERB,6,0,0
cheat,VERB,6,0,0
erect,ADJ,6,0,0
edition,NOUN,6,0,0
considerably,ADV,6,0,0
conversation,NOUN,6,0,0
wagon,NOUN,6,0,0
realize,VERB,6,0,0
strew,VERB,6,0,0
front,ADJ,6,1,0
johnswort,NOUN,6,0,0
graceful,ADJ,6,0,0
tender,ADJ,6,0,0
bend,VERB,6,0,0
clearing,NOUN,6,0,0
pigeon,NOUN,6,0,0
sailing,NOUN,6,0,0
mythology,NOUN,6,0,0
regularity,NOUN,6,0,0
recommend,VERB,6,0,0
head,VERB,6,0,0
interrupt,VERB,6,0,0
vale,NOUN,6,0,0
singular,ADJ,6,0,0
above,ADV,6,1,0
front,NOUN,6,1,0
unusually,ADV,6,0,0
pipe,NOUN,6,0,0
presence,NOUN,6,0,0
forenoon,NOUN,6,0,0
report,VERB,6,0,0
effectually,ADV,6,0,0
proud,ADJ,6,0,0
mould,NOUN,6,0,0
exhibit,VERB,6,0,0
laugh,NOUN,6,0,0
remarkably,ADV,6,0,0
muddy,ADJ,6,0,0
blade,NOUN,6,0,0
concern,NOUN,6,0,0
file,NOUN,6,0,0
fisher,NOUN,6,0,0
pleased,ADJ,6,0,0
wreck,NOUN,6,0,0
below,ADV,6,1,0
paddle,VERB,6,0,0
rise,NOUN,6,0,0
November,PROPN,6,0,1
deserve,VERB,6,0,0
privilege,NOUN,6,0,0
collection,NOUN,6,0,0
rainbow,NOUN,6,0,0
brook,NOUN,6,0,0
sportsman,NOUN,6,0,0
cry,NOUN,6,0,0
sensuality,NOUN,6,0,0
god,PROPN,6,0,1
parent,NOUN,6,0,0
charge,VERB,6,0,0
previous,ADJ,6,0,0
sharp,ADJ,6,0,0
crack,NOUN,6,0,0
army,NOUN,6,0,0
injustice,NOUN,6,0,0
royalty,NOUN,6,0,0
distribution,NOUN,6,0,0
volunteer,NOUN,6,0,0
anywhere,ADV,5,1,0
civil,ADJ,5,0,0
author,NOUN,5,0,0
Henry,PROPN,5,0,1
project,NOUN,5,0,0
GUTENBERG,PROPN,5,0,1
Ponds,PROPN,5,0,1
afraid,ADJ,5,0,0
income,NOUN,5,0,0
theme,NOUN,5,0,0
sincere,ADJ,5,0,0
service,NOUN,5,0,0
flame,NOUN,5,0,0
but,SCONJ,5,1,0
graf,NOUN,5,0,0
immortal,ADJ,5,0,0
cleanse,VERB,5,0,0
struggle,VERB,5,0,0
thief,NOUN,5,0,0
ignorance,NOUN,5,0,0
rob,VERB,5,0,0
limit,NOUN,5,0,0
plastering,NOUN,5,0,0
smoke,NOUN,5,0,0
absolute,ADJ,5,0,0
partial,ADJ,5,0,0
entirely,ADV,5,0,0
decide,VERB,5,0,0
share,NOUN,5,0,0
abandon,VERB,5,0,0
adapt,VERB,5,0,0
weakness,NOUN,5,0,0
incessant,ADJ,5,0,0
importance,NOUN,5,0,0
commit,VERB,5,0,0
centre,NOUN,5,0,0
store,VERB,5,0,0
ancestor,NOUN,5,0,0
prairie,NOUN,5,0,0
Fuel,PROPN,5,0,1
discovery,NOUN,5,0,0
Clothing,PROPN,5,0,1
lung,NOUN,5,0,0
defect,NOUN,5,0,0
draught,NOUN,5,0,0
addition,NOUN,5,0,0
absorb,VERB,5,0,0
complain,VERB,5,0,0
implement,NOUN,5,0,0
barbarous,ADJ,5,0,0
elevation,NOUN,5,0,0
benefactor,NOUN,5,0,0
agriculture,NOUN,5,0,0
professor,NOUN,5,0,0
magnanimity,NOUN,5,0,0
conformity,NOUN,5,0,0
splendid,ADJ,5,0,0
value,VERB,5,0,0
precisely,ADV,5,0,0
acquainted,ADJ,5,0,0
actual,ADJ,5,0,0
anxious,ADJ,5,0,0
past,NOUN,5,0,0
secret,NOUN,5,0,0
mine,PRON,5,1,0
assist,VERB,5,0,0
political,ADJ,5,0,0
faithfully,ADV,5,0,0
heel,NOUN,5,0,0
officer,NOUN,5,0,0
court,NOUN,5,0,0
sad,ADJ,5,0,0
peace,NOUN,5,0,0
profit,NOUN,5,0,0
suit,NOUN,5,0,0
tailor,NOUN,5,0,0
extra,ADJ,5,0,0
knee,NOUN,5,0,0
respect,VERB,5,0,0
ragged,ADJ,5,0,0
dirty,ADJ,5,0,0
bottle,NOUN,5,0,0
crisis,NOUN,5,0,0
false,ADJ,5,0,0
constantly,ADV,5,0,0
desirable,ADJ,5,0,0
dark,NOUN,5,0,0
last,VERB,5,1,0
cap,NOUN,5,0,0
Paris,PROPN,5,0,1
whole,NOUN,5,1,0
laughter,NOUN,5,0,0
bag,NOUN,5,0,0
originally,ADV,5,0,0
rainy,ADJ,5,0,0
bud,NOUN,5,0,0
infancy,NOUN,5,0,0
linen,NOUN,5,0,0
cloth,NOUN,5,0,0
rain,VERB,5,0,0
abroad,ADV,5,0,0
line,VERB,5,0,0
lodge,NOUN,5,0,0
benefit,NOUN,5,0,0
sacrifice,NOUN,5,0,0
tooth,NOUN,5,0,0
plank,NOUN,5,0,0
skill,NOUN,5,0,0
nobleman,NOUN,5,0,0
minority,NOUN,5,0,0
degrade,VERB,5,0,0
below,ADP,5,1,0
contact,NOUN,5,0,0
ruler,NOUN,5,0,0
convenient,ADJ,5,0,0
blush,NOUN,5,0,0
Aurora,PROPN,5,0,1
resign,VERB,5,0,0
tender,NOUN,5,0,0
threaten,VERB,5,0,0
ashamed,ADJ,5,0,0
ride,VERB,5,0,0
journey,NOUN,5,0,0
adopt,VERB,5,0,0
manage,VERB,5,0,0
attention,NOUN,5,0,0
clear,VERB,5,0,0
useful,ADJ,5,0,0
overhead,ADV,5,0,0
sod,NOUN,5,0,0
building,NOUN,5,0,0
satisfy,VERB,5,0,0
deter,VERB,5,0,0
architectural,ADJ,5,0,0
intend,VERB,5,0,0
inconvenience,NOUN,5,0,0
fog,NOUN,5,0,0
light,VERB,5,0,0
warn,VERB,5,0,0
square,NOUN,5,0,0
lately,ADV,5,0,0
inform,VERB,5,0,0
July,PROPN,5,0,1
cooking,NOUN,5,0,0
poetic,ADJ,5,0,0
hence,ADV,5,1,0
tortoise,NOUN,5,0,0
precede,VERB,5,0,0
plaster,VERB,5,0,0
statement,NOUN,5,0,0
item,NOUN,5,0,0
found,VERB,5,0,0
call,NOUN,5,1,0
expensive,ADJ,5,0,0
earnestly,ADV,5,0,0
mote,NOUN,5,0,0
present,VERB,5,0,0
available,ADJ,5,0,0
crowd,NOUN,5,0,0
shout,VERB,5,0,0
melancholy,ADJ,5,0,0
desire,NOUN,5,0,0
India,PROPN,5,0,1
fortune,NOUN,5,0,0
million,NUM,5,0,0
yes,INTJ,5,0,0
pea,NOUN,5,0,0
produce,NOUN,5,0,0
prince,NOUN,5,0,0
Genius,PROPN,5,0,1
marble,NOUN,5,0,0
smooth,VERB,5,0,0
vulgar,ADJ,5,0,0
sensible,ADJ,5,0,0
rattle,NOUN,5,0,0
print,NOUN,5,0,0
flavor,NOUN,5,0,0
practice,NOUN,5,0,0
household,NOUN,5,0,0
rice,NOUN,5,0,0
peaceful,ADJ,5,0,0
substitute,NOUN,5,0,0
plate,NOUN,5,0,0
cup,NOUN,5,0,0
pretend,VERB,5,0,0
advise,VERB,5,0,0
decline,VERB,5,0,0
celebrate,VERB,5,0,0
conform,VERB,5,0,0
twice,ADV,5,0,0
sail,NOUN,5,0,0
mast,NOUN,5,0,0
indulge,VERB,5,0,0
little,ADV,5,0,0
birth,NOUN,5,0,0
odor,NOUN,5,0,0
philanthropy,NOUN,5,0,0
ere,PROPN,5,0,1
Sunday,PROPN,5,0,1
praise,NOUN,5,0,0
due,ADJ,5,1,0
bowel,NOUN,5,0,0
melodious,ADJ,5,0,0
nowhere,ADV,5,1,0
liberal,ADJ,5,0,0
tear,VERB,5,0,0
active,ADJ,5,0,0
antiquity,NOUN,5,0,0
sphere,NOUN,5,0,0
taste,VERB,5,0,0
orchard,NOUN,5,0,0
right,ADV,5,0,0
skim,VERB,5,0,0
complete,ADJ,5,0,0
ridge,NOUN,5,0,0
whippoorwill,NOUN,5,0,0
profane,VERB,5,0,0
descend,VERB,5,0,0
organ,NOUN,5,0,0
elastic,ADJ,5,0,0
pygmy,NOUN,5,0,0
petty,ADJ,5,0,0
sleeper,NOUN,5,0,0
cry,VERB,5,0,0
parish,PROPN,5,0,1
significant,ADJ,5,0,0
tale,NOUN,5,0,0
permanent,ADJ,5,0,0
mistake,VERB,5,0,0
description,NOUN,5,0,0
farth,ADJ,5,0,0
enable,VERB,5,0,0
whistle,NOUN,5,0,0
freshet,NOUN,5,0,0
divide,VERB,5,0,0
throat,NOUN,5,0,0
busy,ADJ,5,0,0
deal,VERB,5,0,0
trembling,NOUN,5,0,0
range,NOUN,5,0,0
middle,ADJ,5,0,0
orator,NOUN,5,0,0
translate,VERB,5,0,0
higher,ADV,5,0,0
educate,VERB,5,0,0
converse,VERB,5,0,0
low,ADV,5,0,0
flight,NOUN,5,0,0
act,VERB,5,0,0
yesterday,NOUN,5,0,0
meditation,NOUN,5,0,0
blackberry,NOUN,5,0,0
soothe,VERB,5,0,0
link,NOUN,5,0,0
restless,ADJ,5,0,0
many,DET,5,1,0
thunder,NOUN,5,0,0
cheerfully,ADV,5,0,0
fly,NOUN,5,0,0
midnight,NOUN,5,0,0
stage,NOUN,5,0,0
Great,PROPN,5,0,1
east,NOUN,5,0,0
unexpectedly,ADV,5,0,0
scent,NOUN,5,0,0
type,NOUN,5,0,0
round,NOUN,5,0,0
rattle,VERB,5,0,0
by,ADV,5,1,0
swallow,NOUN,5,0,0
needle,NOUN,5,0,0
scenery,NOUN,5,0,0
mirth,NOUN,5,0,0
ceremony,NOUN,5,0,0
disperse,VERB,5,0,0
pause,VERB,5,0,0
famous,ADJ,5,0,0
bait,VERB,5,0,0
stony,NOUN,5,0,0
willow,NOUN,5,0,0
plainly,ADV,5,0,0
burden,NOUN,5,0,0
entry,NOUN,5,0,0
protection,NOUN,5,0,0
conspicuous,ADJ,5,0,0
indifferent,ADJ,5,0,0
spectator,NOUN,5,0,0
south,ADJ,5,0,0
shed,VERB,5,0,0
doctor,NOUN,5,0,0
surprising,ADJ,5,0,0
hasty,ADJ,5,0,0
continent,NOUN,5,0,0
supper,NOUN,5,0,0
color,VERB,5,0,0
couple,NOUN,5,0,0
slide,VERB,5,0,0
performance,NOUN,5,0,0
bug,NOUN,5,0,0
notice,VERB,5,0,0
obvious,ADJ,5,0,0
attach,VERB,5,0,0
slowly,ADV,5,0,0
recent,ADJ,5,0,0
alternately,ADV,5,0,0
rotten,ADJ,5,0,0
breeze,NOUN,5,0,0
overhang,VERB,5,0,0
specie,NOUN,5,0,0
June,PROPN,5,0,1
partially,ADV,5,0,0
incline,VERB,5,0,0
crack,VERB,5,0,0
plain,ADJ,5,0,0
severe,ADJ,5,0,0
rear,NOUN,5,0,0
feature,NOUN,5,0,0
cape,NOUN,5,0,0
moonlight,NOUN,5,0,0
outlet,NOUN,5,0,0
mention,VERB,5,0,0
pile,VERB,5,0,0
pound,NOUN,5,0,0
beautifully,ADV,5,0,0
oar,NOUN,5,0,0
mirror,NOUN,5,0,0
bosom,NOUN,5,0,0
potter,NOUN,5,0,0
haul,VERB,5,0,0
declare,VERB,5,0,0
castle,NOUN,5,0,0
wad,VERB,5,0,0
trace,VERB,5,0,0
ah,INTJ,5,0,0
sensitive,ADJ,5,0,0
Hermit,PROPN,5,0,1
red,NOUN,5,0,0
excite,VERB,5,0,0
agent,NOUN,5,0,0
swallow,VERB,5,0,0
island,NOUN,5,0,0
individual,ADJ,5,0,0
applicable,ADJ,5,0,0
politician,NOUN,5,0,0
petition,VERB,5,0,0
Constitution,PROPN,5,0,1
compliance,NOUN,5,0,0
warranty,NOUN,5,0,0
re,VERB,4,1,0
David,PROPN,4,0,1
Thoreau,PROPN,4,0,1
January,PROPN,4,0,1
credit,NOUN,4,0,0
walden,NOUN,4,0,0
Solitude,PROPN,4,0,1
Visitors,PROPN,4,0,1
lonesome,ADJ,4,0,0
pardon,VERB,4,0,0
unfortunately,ADV,4,0,0
seam,NOUN,4,0,0
chinese,ADJ,4,0,0
everywhere,ADV,4,1,0
suspend,VERB,4,0,0
resume,VERB,4,0,0
hot,ADJ,4,0,0
crush,VERB,4,0,0
farming,NOUN,4,0,0
wolf,NOUN,4,0,0
peck,NOUN,4,0,0
nigh,NOUN,4,0,0
seventy,NUM,4,0,0
endure,VERB,4,0,0
obedience,NOUN,4,0,0
toil,NOUN,4,0,0
manly,ADJ,4,0,0
growth,NOUN,4,0,0
bloom,NOUN,4,0,0
evident,ADJ,4,0,0
slough,NOUN,4,0,0
brass,NOUN,4,0,0
coin,NOUN,4,0,0
promise,VERB,4,0,0
generosity,NOUN,4,0,0
overseer,NOUN,4,0,0
northern,ADJ,4,0,0
divinity,NOUN,4,0,0
destiny,NOUN,4,0,0
weak,ADJ,4,0,0
confirm,VERB,4,0,0
mink,NOUN,4,0,0
unconscious,ADJ,4,0,0
thinking,NOUN,4,0,0
proof,NOUN,4,0,0
whirl,VERB,4,0,0
avail,VERB,4,0,0
obstacle,NOUN,4,0,0
roman,ADJ,4,0,0
ennui,NOUN,4,0,0
presume,VERB,4,0,0
exhaust,VERB,4,0,0
capacity,NOUN,4,0,0
thee,PRON,4,0,0
ripen,VERB,4,0,0
behavior,NOUN,4,0,0
behave,VERB,4,0,0
irresistible,ADJ,4,0,0
prayer,NOUN,4,0,0
reverence,VERB,4,0,0
possibility,NOUN,4,0,0
basis,NOUN,4,0,0
careful,ADJ,4,0,0
exertion,NOUN,4,0,0
attempt,VERB,4,0,0
accidental,ADJ,4,0,0
properly,ADV,4,0,0
naked,ADJ,4,0,0
rapid,ADJ,4,0,0
course,ADV,4,0,0
list,NOUN,4,0,0
grand,ADJ,4,0,0
sufficiently,ADV,4,0,0
wheelbarrow,NOUN,4,0,0
comfortably,ADV,4,0,0
Greek,PROPN,4,0,1
observer,NOUN,4,0,0
profess,VERB,4,0,0
trust,NOUN,4,0,0
abundant,ADJ,4,0,0
silver,NOUN,4,0,0
past,ADJ,4,0,0
gladly,ADV,4,0,0
gate,NOUN,4,0,0
dove,NOUN,4,0,0
trail,NOUN,4,0,0
sunrise,NOUN,4,0,0
unfrequented,ADJ,4,0,0
cherry,NOUN,4,0,0
wither,VERB,4,0,0
stroll,VERB,4,0,0
standing,NOUN,4,0,0
known,ADJ,4,0,0
Empire,PROPN,4,0,1
purely,ADV,4,0,0
venture,NOUN,4,0,0
marsh,NOUN,4,0,0
tide,NOUN,4,0,0
wooden,ADJ,4,0,0
aside,ADV,4,0,0
delay,NOUN,4,0,0
patch,NOUN,4,0,0
fashionable,ADJ,4,0,0
broken,ADJ,4,0,0
pantaloon,NOUN,4,0,0
salute,VERB,4,0,0
cornfield,NOUN,4,0,0
stake,NOUN,4,0,0
stranger,NOUN,4,0,0
adventurous,ADJ,4,0,0
dress,NOUN,4,0,0
worship,VERB,4,0,0
retire,VERB,4,0,0
snake,NOUN,4,0,0
outside,NOUN,4,0,0
customer,NOUN,4,0,0
emphasis,NOUN,4,0,0
wheat,NOUN,4,0,0
sailor,NOUN,4,0,0
rag,NOUN,4,0,0
pattern,NOUN,4,0,0
lie,NOUN,4,0,0
factory,NOUN,4,0,0
principal,ADJ,4,0,0
run,NOUN,4,0,0
occasional,ADJ,4,0,0
affection,NOUN,4,0,0
obstruction,NOUN,4,0,0
saint,NOUN,4,0,0
exercise,VERB,4,0,0
Yankee,PROPN,4,0,1
lest,ADP,4,0,0
cotton,NOUN,4,0,0
wide,ADV,4,0,0
lid,NOUN,4,0,0
whenever,SCONJ,4,1,0
comfortable,ADJ,4,0,0
mostly,ADV,4,1,0
flake,NOUN,4,0,0
utensil,NOUN,4,0,0
outside,ADJ,4,0,0
entitle,VERB,4,0,0
sum,NOUN,4,0,0
ye,PRON,4,0,0
infinitely,ADV,4,0,0
tomb,NOUN,4,0,0
cornice,NOUN,4,0,0
return,NOUN,4,0,0
evidence,NOUN,4,0,0
border,NOUN,4,0,0
South,PROPN,4,0,1
Sea,PROPN,4,0,1
chamber,NOUN,4,0,0
desk,NOUN,4,0,0
fancy,ADJ,4,0,0
refresh,VERB,4,0,0
dwelt,ADV,4,0,0
thread,VERB,4,0,0
jump,VERB,4,0,0
housekeeping,NOUN,4,0,0
hillside,NOUN,4,0,0
blessing,NOUN,4,0,0
state,VERB,4,0,0
partition,NOUN,4,0,0
invention,NOUN,4,0,0
offer,NOUN,4,0,0
lime,NOUN,4,0,0
swell,VERB,4,0,0
stud,NOUN,4,0,0
straight,ADJ,4,0,0
butter,NOUN,4,0,0
Fitchburg,PROPN,4,0,1
unjust,ADJ,4,0,0
bundle,NOUN,4,0,0
thrush,NOUN,4,0,0
freshly,ADV,4,0,0
remark,VERB,4,0,0
dent,NOUN,4,0,0
entrance,NOUN,4,0,0
May,PROPN,4,1,1
destine,VERB,4,0,0
fix,VERB,4,0,0
loaf,NOUN,4,0,0
Iliad,PROPN,4,0,1
universally,ADV,4,0,0
community,NOUN,4,0,0
preacher,NOUN,4,0,0
architect,NOUN,4,0,0
core,NOUN,4,0,0
within,ADV,4,1,0
idle,ADJ,4,0,0
standard,NOUN,4,0,0
whisper,VERB,4,0,0
additional,ADJ,4,0,0
strain,VERB,4,0,0
literally,ADV,4,0,0
maker,NOUN,4,0,0
imperfect,ADJ,4,0,0
separate,ADJ,4,0,0
claim,VERB,4,0,0
surpass,VERB,4,0,0
grandeur,NOUN,4,0,0
boast,VERB,4,0,0
humility,NOUN,4,0,0
fourth,ADJ,4,0,0
somebody,PRON,4,0,0
charge,NOUN,4,0,0
speculation,NOUN,4,0,0
Irishmen,PROPN,4,0,1
methink,NOUN,4,0,0
devour,VERB,4,0,0
Maine,PROPN,4,0,1
trumpet,NOUN,4,0,0
locust,NOUN,4,0,0
eighteen,NUM,4,0,0
consume,VERB,4,0,0
left,ADJ,4,0,0
arrangement,NOUN,4,0,0
exchange,NOUN,4,0,0
bull,NOUN,4,0,0
gold,NOUN,4,0,0
hammer,VERB,4,0,0
bound,VERB,4,0,0
hammer,NOUN,4,0,0
builder,NOUN,4,0,0
concerned,ADJ,4,0,0
publish,VERB,4,0,0
infer,VERB,4,0,0
render,VERB,4,0,0
saw,VERB,4,0,0
wildness,NOUN,4,0,0
thereafter,ADV,4,1,0
Christ,PROPN,4,0,1
liquor,NOUN,4,0,0
lip,NOUN,4,0,0
walnut,NOUN,4,0,0
squat,VERB,4,0,0
fortnight,NOUN,4,0,0
mortar,NOUN,4,0,0
tribe,NOUN,4,0,0
bowl,NOUN,4,0,0
jug,NOUN,4,0,0
need,AUX,4,0,0
belt,NOUN,4,0,0
drag,VERB,4,0,0
web,NOUN,4,0,0
willing,ADJ,4,0,0
milk,NOUN,4,0,0
purify,VERB,4,0,0
estate,NOUN,4,0,0
whence,ADV,4,1,0
scarcely,ADV,4,0,0
keeping,NOUN,4,0,0
seriously,ADV,4,0,0
range,VERB,4,0,0
wisely,ADV,4,0,0
join,VERB,4,0,0
obligation,NOUN,4,0,0
humane,ADJ,4,0,0
defence,NOUN,4,0,0
pronounce,VERB,4,0,0
orbit,NOUN,4,0,0
desert,NOUN,4,0,0
fellow,ADJ,4,0,0
Nay,PROPN,4,0,1
learning,NOUN,4,0,0
elevate,VERB,4,0,0
stem,NOUN,4,0,0
waft,VERB,4,0,0
intercourse,NOUN,4,0,0
hide,VERB,4,0,0
multitude,NOUN,4,0,0
redeem,VERB,4,0,0
function,NOUN,4,0,0
embrace,VERB,4,0,0
cure,VERB,4,0,0
lecture,VERB,4,0,0
communication,NOUN,4,0,0
restore,VERB,4,0,0
religious,ADJ,4,0,0
tub,NOUN,4,0,0
brood,NOUN,4,0,0
wherever,SCONJ,4,1,0
damage,NOUN,4,0,0
milk,VERB,4,0,0
attraction,NOUN,4,0,0
airy,NOUN,4,0,0
fancy,VERB,4,0,0
throughout,ADP,4,1,0
trail,VERB,4,0,0
wilder,NOUN,4,0,0
seat,VERB,4,0,0
south,ADV,4,0,0
impress,VERB,4,0,0
later,ADV,4,0,0
pleasing,ADJ,4,0,0
ting,VERB,4,0,0
sheet,NOUN,4,0,0
dwelt,VERB,4,0,0
happy,ADJ,4,0,0
remoteness,NOUN,4,0,0
shepherd,NOUN,4,0,0
hum,NOUN,4,0,0
fertility,NOUN,4,0,0
accompany,VERB,4,0,0
Vedas,PROPN,4,0,1
perpetual,ADJ,4,0,0
matter,VERB,4,0,0
attitude,NOUN,4,0,0
ability,NOUN,4,0,0
sublime,ADJ,4,0,0
toe,NOUN,4,0,0
boundary,NOUN,4,0,0
exception,NOUN,4,0,0
River,PROPN,4,0,1
penny,NOUN,4,0,0
Spain,PROPN,4,0,1
report,NOUN,4,0,0
french,ADJ,4,0,0
thunder,VERB,4,0,0
clearly,ADV,4,0,0
penetrate,VERB,4,0,0
artist,NOUN,4,0,0
terrible,ADJ,4,0,0
nerve,NOUN,4,0,0
extremity,NOUN,4,0,0
alike,ADV,4,0,0
elapse,VERB,4,0,0
library,NOUN,4,0,0
experience,VERB,4,0,0
dialect,NOUN,4,0,0
brute,NOUN,4,0,0
greek,ADJ,4,0,0
Rome,PROPN,4,0,1
revive,VERB,4,0,0
eloquence,NOUN,4,0,0
intimate,ADJ,4,0,0
classic,ADJ,4,0,0
trophy,NOUN,4,0,0
unwearied,ADJ,4,0,0
feeble,ADJ,4,0,0
Plato,PROPN,4,0,1
soar,VERB,4,0,0
flatter,VERB,4,0,0
bodily,ADJ,4,0,0
instrument,NOUN,4,0,0
flit,VERB,4,0,0
smile,VERB,4,0,0
pack,NOUN,4,0,0
chestnut,NOUN,4,0,0
wreath,NOUN,4,0,0
assume,VERB,4,0,0
dimple,VERB,4,0,0
folk,NOUN,4,0,0
countryman,NOUN,4,0,0
nay,INTJ,4,0,0
weary,ADJ,4,0,0
sunset,NOUN,4,0,0
servant,NOUN,4,0,0
beneficent,ADJ,4,0,0
errand,NOUN,4,0,0
steed,NOUN,4,0,0
slumber,NOUN,4,0,0
energy,NOUN,4,0,0
scar,VERB,4,0,0
bolt,NOUN,4,0,0
compass,NOUN,4,0,0
interfere,VERB,4,0,0
smell,VERB,4,0,0
effectual,ADJ,4,0,0
Green,PROPN,4,0,1
Mountains,PROPN,4,0,1
far,ADJ,4,0,0
western,ADJ,4,0,0
slope,NOUN,4,0,0
wilderness,NOUN,4,0,0
intervene,VERB,4,0,0
nymph,NOUN,4,0,0
mutual,ADJ,4,0,0
sigh,VERB,4,0,0
o,NOUN,4,0,0
sincerity,NOUN,4,0,0
faintly,ADV,4,0,0
howl,VERB,4,0,0
lichen,NOUN,4,0,0
beneath,ADV,4,0,0
tr,VERB,4,0,0
oonk,ADJ,4,0,0
cock,NOUN,4,0,0
blue,NOUN,4,0,0
jay,NOUN,4,0,0
hare,NOUN,4,0,0
special,ADJ,4,0,0
flutter,VERB,4,0,0
connect,VERB,4,0,0
card,NOUN,4,0,0
rot,VERB,4,0,0
guide,VERB,4,0,0
snowy,ADJ,4,0,0
overtake,VERB,4,0,0
entity,NOUN,4,0,0
frequent,ADJ,4,0,0
azure,NOUN,4,0,0
midsummer,NOUN,4,0,0
just,ADJ,4,1,0
fountain,NOUN,4,0,0
westward,ADV,4,0,0
moisture,NOUN,4,0,0
chance,NOUN,4,0,0
contentment,NOUN,4,0,0
tired,ADJ,4,0,0
unexplored,ADJ,4,0,0
verse,NOUN,4,0,0
sluggish,ADJ,4,0,0
sled,NOUN,4,0,0
slender,ADJ,4,0,0
greet,VERB,4,0,0
inexpressible,ADJ,4,0,0
fire,VERB,4,0,0
reverence,NOUN,4,0,0
ignorant,ADJ,4,0,0
bottomless,ADJ,4,0,0
lend,VERB,4,0,0
appeal,NOUN,4,0,0
impatient,ADJ,4,0,0
flute,NOUN,4,0,0
husbandman,NOUN,4,0,0
plaster,NOUN,4,0,0
tinkle,VERB,4,0,0
bent,ADJ,4,0,0
exhausted,ADJ,4,0,0
harvest,NOUN,4,0,0
swim,VERB,4,0,0
ramble,VERB,4,0,0
glance,VERB,4,0,0
vital,NOUN,4,0,0
merry,ADJ,4,0,0
opening,NOUN,4,0,0
steer,VERB,4,0,0
camp,NOUN,4,0,0
pout,NOUN,4,0,0
drift,VERB,4,0,0
liquid,ADJ,4,0,0
yellowish,ADJ,4,0,0
melt,NOUN,4,0,0
greenish,ADJ,4,0,0
steep,ADJ,4,0,0
flag,NOUN,4,0,0
clarify,VERB,4,0,0
gem,NOUN,4,0,0
correspond,VERB,4,0,0
convert,VERB,4,0,0
silvery,ADJ,4,0,0
geese,ADJ,4,0,0
wind,VERB,4,0,0
stratum,NOUN,4,0,0
scatter,VERB,4,0,0
congeal,VERB,4,0,0
sport,VERB,4,0,0
instantly,ADV,4,0,0
December,PROPN,4,0,1
Maker,PROPN,4,0,1
indirectly,ADV,4,0,0
chain,NOUN,4,0,0
model,NOUN,4,0,0
unclean,ADJ,4,0,0
attempt,NOUN,4,0,0
misty,ADJ,4,0,0
crystal,NOUN,4,0,0
disregard,VERB,4,0,0
loose,ADJ,4,0,0
retreat,NOUN,4,0,0
rope,NOUN,4,0,0
bucket,NOUN,4,0,0
current,ADJ,4,0,0
derivative,ADJ,4,0,0
substitute,VERB,4,0,0
bless,VERB,4,0,0
savor,NOUN,4,0,0
horn,NOUN,4,0,0
crevice,NOUN,4,0,0
lunch,NOUN,4,0,0
resemble,VERB,4,0,0
shade,VERB,4,0,0
course,VERB,4,0,0
operation,NOUN,4,0,0
patriot,NOUN,4,0,0
startle,VERB,4,0,0
trowel,NOUN,4,0,0
Mexico,PROPN,4,0,1
leader,NOUN,4,0,0
blast,NOUN,4,0,0
Stratton,PROPN,4,0,1
complaint,NOUN,4,0,0
immortality,NOUN,4,0,0
hoo,NOUN,4,0,0
search,NOUN,4,0,0
puddle,NOUN,4,0,0
resolution,NOUN,4,0,0
Brahma,PROPN,4,0,1
grating,NOUN,4,0,0
rill,NOUN,4,0,0
foliage,NOUN,4,0,0
organize,VERB,4,0,0
jailer,NOUN,4,0,0
friction,NOUN,4,0,0
Paley,PROPN,4,0,1
wrong,NOUN,4,0,0
Union,PROPN,4,0,1
remedy,NOUN,4,0,0
gatherer,NOUN,4,0,0
mission,NOUN,4,0,0
Cæsar,PROPN,4,0,1
status,NOUN,4,0,0
post,VERB,4,0,0
requirement,NOUN,4,0,0
website,NOUN,4,0,0
computer,NOUN,4,0,0
Duty,PROPN,3,0,1
Civil,PROPN,3,0,1
whatsoever,ADV,3,0,0
start,NOUN,3,0,0
ebook,NOUN,3,0,0
walden,VERB,3,0,0
Bean,PROPN,3,0,1
Village,PROPN,3,0,1
Laws,PROPN,3,0,1
Brute,PROPN,3,0,1
Neighbors,PROPN,3,0,1
Warming,PROPN,3,0,1
Inhabitants,PROPN,3,0,1
Animals,PROPN,3,0,1
Conclusion,PROPN,3,0,1
brag,VERB,3,0,0
lustily,ADV,3,0,0
bulk,NOUN,3,0,0
impertinent,NOUN,3,0,0
kindre,VERB,3,0,0
address,VERB,3,0,0
liquid,NOUN,3,0,0
empire,NOUN,3,0,0
monster,NOUN,3,0,0
misfortune,NOUN,3,0,0
stable,NOUN,3,0,0
compost,NOUN,3,0,0
corrupt,ADJ,3,0,0
oracle,NOUN,3,0,0
factitious,ADJ,3,0,0
clumsy,ADJ,3,0,0
tremble,VERB,3,0,0
unable,ADJ,3,0,0
offence,NOUN,3,0,0
voting,NOUN,3,0,0
contract,VERB,3,0,0
persuade,VERB,3,0,0
carriage,NOUN,3,0,0
import,VERB,3,0,0
tuck,VERB,3,0,0
chest,NOUN,3,0,0
matter,ADV,3,0,0
Negro,PROPN,3,0,1
south,NOUN,3,0,0
talk,NOUN,3,0,0
fodder,VERB,3,0,0
Squire,PROPN,3,0,1
stir,NOUN,3,0,0
tyrant,NOUN,3,0,0
fancy,NOUN,3,0,0
play,NOUN,3,0,0
choice,NOUN,3,0,0
prejudice,NOUN,3,0,0
sprinkle,VERB,3,0,0
speed,NOUN,3,0,0
planet,NOUN,3,0,0
syllable,NOUN,3,0,0
religiously,ADV,3,0,0
raw,ADJ,3,0,0
lumber,VERB,3,0,0
spite,NOUN,3,0,0
unknown,ADJ,3,0,0
prescribe,VERB,3,0,0
undoubtedly,ADV,3,0,0
afflict,VERB,3,0,0
assign,VERB,3,0,0
thou,NOUN,3,0,0
test,NOUN,3,0,0
constitution,NOUN,3,0,0
exaggerate,VERB,3,0,0
uncertainty,NOUN,3,0,0
foresee,VERB,3,0,0
bison,NOUN,3,0,0
excess,NOUN,3,0,0
external,ADJ,3,0,0
cookery,NOUN,3,0,0
perspiration,NOUN,3,0,0
synonymous,ADJ,3,0,0
trifling,NOUN,3,0,0
trade,VERB,3,0,0
positive,ADJ,3,0,0
Persian,PROPN,3,0,1
rich,NOUN,3,0,0
nowadays,ADV,3,0,0
solve,VERB,3,0,0
thinker,NOUN,3,0,0
shift,NOUN,3,0,0
degenerate,VERB,3,0,0
advance,NOUN,3,0,0
alternative,NOUN,3,0,0
superfluity,NOUN,3,0,0
reckon,VERB,3,0,0
wealthy,ADJ,3,0,0
astonish,VERB,3,0,0
obscurity,NOUN,3,0,0
outside,ADP,3,0,0
circulation,NOUN,3,0,0
contribution,NOUN,3,0,0
grape,NOUN,3,0,0
exclaim,VERB,3,0,0
argument,NOUN,3,0,0
magic,NOUN,3,0,0
praise,VERB,3,0,0
successful,ADJ,3,0,0
exclusively,ADV,3,0,0
slender,NOUN,3,0,0
dearly,ADV,3,0,0
hinder,VERB,3,0,0
talent,NOUN,3,0,0
article,NOUN,3,0,0
afford,NOUN,3,0,0
product,NOUN,3,0,0
captain,NOUN,3,0,0
freight,NOUN,3,0,0
discharge,VERB,3,0,0
telegraph,NOUN,3,0,0
commodity,NOUN,3,0,0
supply,NOUN,3,0,0
calculator,NOUN,3,0,0
friendly,ADJ,3,0,0
loss,NOUN,3,0,0
policy,NOUN,3,0,0
flood,NOUN,3,0,0
conjecture,VERB,3,0,0
oftener,NOUN,3,0,0
procure,VERB,3,0,0
secondly,ADV,3,0,0
queen,NOUN,3,0,0
mend,VERB,3,0,0
help,NOUN,3,0,0
divest,VERB,3,0,0
travel,NOUN,3,0,0
dusty,ADJ,3,0,0
expansion,NOUN,3,0,0
don,VERB,3,0,0
fatal,ADJ,3,0,0
cellular,ADJ,3,0,0
boot,NOUN,3,0,0
spin,VERB,3,0,0
monkey,NOUN,3,0,0
despair,VERB,3,0,0
powerful,ADJ,3,0,0
press,NOUN,3,0,0
notion,NOUN,3,0,0
maggot,NOUN,3,0,0
egyptian,ADJ,3,0,0
dignity,NOUN,3,0,0
beach,NOUN,3,0,0
costume,NOUN,3,0,0
grotesque,ADJ,3,0,0
fit,NOUN,3,0,0
whimsical,ADJ,3,0,0
differ,VERB,3,0,0
latter,NOUN,3,1,0
operative,NOUN,3,0,0
aim,VERB,3,0,0
extinguish,VERB,3,0,0
hardy,ADJ,3,0,0
signify,VERB,3,0,0
march,NOUN,3,0,0
robust,ADJ,3,0,0
daylight,NOUN,3,0,0
palm,NOUN,3,0,0
dwell,NOUN,3,0,0
design,VERB,3,0,0
dwelling,ADJ,3,0,0
almshouse,NOUN,3,0,0
tent,NOUN,3,0,0
vex,VERB,3,0,0
hook,VERB,3,0,0
subject,ADJ,3,0,0
pressure,NOUN,3,0,0
lodge,VERB,3,0,0
bound,NOUN,3,0,0
fireplace,NOUN,3,0,0
lock,NOUN,3,0,0
average,ADJ,3,0,0
guess,VERB,3,0,0
funeral,NOUN,3,0,0
homestead,NOUN,3,0,0
mortgage,VERB,3,0,0
engagement,NOUN,3,0,0
inconvenient,ADJ,3,0,0
Middlesex,PROPN,3,0,1
joint,NOUN,3,0,0
complicated,ADJ,3,0,0
speculate,VERB,3,0,0
imprison,VERB,3,0,0
house,VERB,3,0,0
grant,VERB,3,0,0
degraded,ADJ,3,0,0
permanently,ADV,3,0,0
misery,NOUN,3,0,0
development,NOUN,3,0,0
enlightened,ADJ,3,0,0
map,NOUN,3,0,0
Irish,PROPN,3,0,1
North,PROPN,3,0,1
American,PROPN,3,0,1
production,NOUN,3,0,0
precept,NOUN,3,0,0
dust,VERB,3,0,0
mercy,NOUN,3,0,0
safety,NOUN,3,0,0
excursion,NOUN,3,0,0
climb,VERB,3,0,0
Christianity,PROPN,3,0,1
struggle,NOUN,3,0,0
enjoyment,NOUN,3,0,0
leap,NOUN,3,0,0
Old,PROPN,3,0,1
burrow,VERB,3,0,0
wish,NOUN,3,0,0
colony,NOUN,3,0,0
show,NOUN,3,1,0
prudence,NOUN,3,0,0
neglect,VERB,3,0,0
inside,ADP,3,0,0
tall,ADJ,3,0,0
generous,ADJ,3,0,0
release,VERB,3,0,0
hold,NOUN,3,0,0
colored,ADJ,3,0,0
saturate,VERB,3,0,0
gleam,VERB,3,0,0
hazy,ADJ,3,0,0
lark,NOUN,3,0,0
soak,VERB,3,0,0
arouse,VERB,3,0,0
frame,VERB,3,0,0
James,PROPN,3,0,1
Railroad,PROPN,3,0,1
silk,NOUN,3,0,0
patent,NOUN,3,0,0
indistinct,ADJ,3,0,0
transfer,VERB,3,0,0
insignificant,ADJ,3,0,0
stone,VERB,3,0,0
breaking,NOUN,3,0,0
frame,NOUN,3,0,0
feather,NOUN,3,0,0
scrap,NOUN,3,0,0
occupation,NOUN,3,0,0
division,NOUN,3,0,0
revelation,NOUN,3,0,0
reasonable,ADJ,3,0,0
trial,NOUN,3,0,0
nobleness,NOUN,3,0,0
gale,NOUN,3,0,0
plume,NOUN,3,0,0
bible,NOUN,3,0,0
slant,VERB,3,0,0
abundance,NOUN,3,0,0
stuff,NOUN,3,0,0
subscription,NOUN,3,0,0
blindly,ADV,3,0,0
extreme,NOUN,3,0,0
lecture,NOUN,3,0,0
illusion,NOUN,3,0,0
pretty,ADV,3,0,0
Texas,PROPN,3,0,1
deaf,ADJ,3,0,0
sensibly,ADV,3,0,0
Atlantic,PROPN,3,0,1
leak,VERB,3,0,0
swift,ADJ,3,0,0
wage,NOUN,3,0,0
lucky,ADJ,3,0,0
job,NOUN,3,0,0
altogether,ADV,3,0,0
depot,NOUN,3,0,0
vapor,NOUN,3,0,0
brother,NOUN,3,0,0
cord,NOUN,3,0,0
ploughing,NOUN,3,0,0
mould,PROPN,3,0,1
outgoes,ADV,3,0,0
estimate,NOUN,3,0,0
balance,VERB,3,0,0
celebrated,ADJ,3,0,0
plough,VERB,3,0,0
ox,NOUN,3,0,0
pig,NOUN,3,0,0
keeper,NOUN,3,0,0
gain,NOUN,3,0,0
stable,ADJ,3,0,0
glory,NOUN,3,0,0
assistance,NOUN,3,0,0
substantial,ADJ,3,0,0
county,NOUN,3,0,0
East,PROPN,3,0,1
emperor,NOUN,3,0,0
insane,ADJ,3,0,0
Nile,PROPN,3,0,1
promising,ADJ,3,0,0
China,PROPN,3,0,1
statistic,NOUN,3,0,0
namely,ADV,3,1,0
mess,NOUN,3,0,0
butcher,NOUN,3,0,0
subtract,VERB,3,0,0
yeast,NOUN,3,0,0
din,VERB,3,0,0
latitude,NOUN,3,0,0
Latin,PROPN,3,0,1
ordinary,ADJ,3,0,0
flour,NOUN,3,0,0
succession,NOUN,3,0,0
making,NOUN,3,0,0
process,NOUN,3,0,0
prophesy,VERB,3,0,0
decay,NOUN,3,0,0
knead,VERB,3,0,0
Englander,PROPN,3,0,1
squat,NOUN,3,0,0
enhance,VERB,3,0,0
alarm,VERB,3,0,0
spoon,NOUN,3,0,0
plenty,NOUN,3,0,0
rough,ADJ,3,0,0
trumpery,NOUN,3,0,0
knot,NOUN,3,0,0
compassion,NOUN,3,0,0
compact,ADJ,3,0,0
carpet,NOUN,3,0,0
auction,NOUN,3,0,0
imitate,VERB,3,0,0
feast,NOUN,3,0,0
provision,NOUN,3,0,0
medicine,NOUN,3,0,0
passion,NOUN,3,0,0
rub,VERB,3,0,0
following,ADJ,3,0,0
rejoice,VERB,3,0,0
evergreen,NOUN,3,0,0
relinquish,VERB,3,0,0
pastime,NOUN,3,0,0
proportionally,ADV,3,0,0
repair,NOUN,3,0,0
operate,VERB,3,0,0
philanthropic,ADJ,3,0,0
kindness,NOUN,3,0,0
sixth,ADJ,3,0,0
beneficence,NOUN,3,0,0
brightness,NOUN,3,0,0
Jupiter,PROPN,3,0,1
grief,NOUN,3,0,0
parch,VERB,3,0,0
nose,NOUN,3,0,0
evil,ADJ,3,0,0
consolation,NOUN,3,0,0
irish,ADJ,3,0,0
relieve,VERB,3,0,0
pious,ADJ,3,0,0
tenth,ADJ,3,0,0
uncle,NOUN,3,0,0
literary,ADJ,3,0,0
christian,ADJ,3,0,0
philanthropist,NOUN,3,0,0
transitory,ADJ,3,0,0
holy,ADJ,3,0,0
chew,VERB,3,0,0
penalty,NOUN,3,0,0
cypress,NOUN,3,0,0
reply,VERB,3,0,0
extinct,ADJ,3,0,0
sunshine,NOUN,3,0,0
shady,ADJ,3,0,0
stupidity,NOUN,3,0,0
Achilles,PROPN,3,0,1
cell,NOUN,3,0,0
whence,ADP,3,1,0
chink,NOUN,3,0,0
slightly,ADV,3,0,0
ghost,NOUN,3,0,0
overcast,ADJ,3,0,0
darken,VERB,3,0,0
vista,NOUN,3,0,0
woode,VERB,3,0,0
glimpse,NOUN,3,0,0
peak,NOUN,3,0,0
Sudbury,PROPN,3,0,1
basin,NOUN,3,0,0
ample,ADJ,3,0,0
disturbance,NOUN,3,0,0
Little,PROPN,3,0,1
vigorous,ADJ,3,0,0
expectation,NOUN,3,0,0
carve,VERB,3,0,0
elevated,ADJ,3,0,0
front,VERB,3,1,0
rout,VERB,3,0,0
quicksand,NOUN,3,0,0
simplify,VERB,3,0,0
uncertain,ADJ,3,0,0
underlie,VERB,3,0,0
determined,ADJ,3,0,0
stitch,NOUN,3,0,0
jest,PROPN,3,0,1
tseu,NOUN,3,0,0
conclusion,NOUN,3,0,0
close,VERB,3,0,0
routine,NOUN,3,0,0
minister,NOUN,3,0,0
conceive,VERB,3,0,0
ring,VERB,3,0,0
shallow,NOUN,3,0,0
weather,VERB,3,0,0
London,PROPN,3,0,1
face,VERB,3,0,0
Time,PROPN,3,0,1
slide,NOUN,3,0,0
fore,NOUN,3,0,0
gaze,VERB,3,0,0
university,NOUN,3,0,0
intoxicate,VERB,3,0,0
dissipation,NOUN,3,0,0
fertile,ADJ,3,0,0
youthful,ADJ,3,0,0
vain,NOUN,3,0,0
latin,ADJ,3,0,0
select,ADJ,3,0,0
burst,NOUN,3,0,0
relic,NOUN,3,0,0
illiterate,ADJ,3,0,0
imperfection,NOUN,3,0,0
scripture,NOUN,3,0,0
lull,VERB,3,0,0
b,NOUN,3,0,0
volume,NOUN,3,0,0
Reading,PROPN,3,0,1
aspire,VERB,3,0,0
prank,NOUN,3,0,0
difficulty,NOUN,3,0,0
silver,ADJ,3,0,0
column,NOUN,3,0,0
nineteenth,ADJ,3,0,0
puny,ADJ,3,0,0
mental,ADJ,3,0,0
uncommon,ADJ,3,0,0
seventeen,NUM,3,0,0
provincial,ADJ,3,0,0
skip,VERB,3,0,0
painting,NOUN,3,0,0
selectman,NOUN,3,0,0
confident,ADJ,3,0,0
arch,NOUN,3,0,0
shutter,NOUN,3,0,0
amidst,ADP,3,0,0
chuckle,NOUN,3,0,0
closely,ADV,3,0,0
fast,NOUN,3,0,0
everlaste,VERB,3,0,0
cone,NOUN,3,0,0
strawberry,NOUN,3,0,0
blueberry,NOUN,3,0,0
arrange,VERB,3,0,0
bee,NOUN,3,0,0
sedge,NOUN,3,0,0
convey,VERB,3,0,0
east,ADJ,3,0,0
butt,NOUN,3,0,0
causeway,NOUN,3,0,0
employee,NOUN,3,0,0
scream,NOUN,3,0,0
huge,ADJ,3,0,0
rake,VERB,3,0,0
beholder,NOUN,3,0,0
unfold,VERB,3,0,0
demigod,NOUN,3,0,0
liver,NOUN,3,0,0
dart,VERB,3,0,0
brilliant,ADJ,3,0,0
precision,NOUN,3,0,0
heroism,NOUN,3,0,0
tone,NOUN,3,0,0
withal,NOUN,3,0,0
Lake,PROPN,3,0,1
clime,NOUN,3,0,0
spruce,NOUN,3,0,0
so,CCONJ,3,1,0
pave,VERB,3,0,0
excellent,ADJ,3,0,0
obstinacy,NOUN,3,0,0
press,VERB,3,0,0
township,NOUN,3,0,0
along,ADV,3,1,0
calf,NOUN,3,0,0
vocation,NOUN,3,0,0
useless,ADJ,3,0,0
fidelity,NOUN,3,0,0
disgrace,NOUN,3,0,0
harp,NOUN,3,0,0
serenade,VERB,3,0,0
prolong,VERB,3,0,0
dismal,ADJ,3,0,0
solemn,ADJ,3,0,0
lover,NOUN,3,0,0
delight,NOUN,3,0,0
infernal,ADJ,3,0,0
shape,NOUN,3,0,0
oh,INTJ,3,0,0
bor,NOUN,3,0,0
n,NOUN,3,0,0
hooting,NOUN,3,0,0
sturdy,ADJ,3,0,0
chin,NOUN,3,0,0
cockerel,NOUN,3,0,0
clangor,NOUN,3,0,0
indigenous,ADJ,3,0,0
Pacific,PROPN,3,0,1
wheel,NOUN,3,0,0
delight,VERB,3,0,0
sleeve,NOUN,3,0,0
repose,NOUN,3,0,0
prey,NOUN,3,0,0
skunk,NOUN,3,0,0
bunch,NOUN,3,0,0
peel,VERB,3,0,0
linger,VERB,3,0,0
elbow,NOUN,3,0,0
fence,VERB,3,0,0
encourage,VERB,3,0,0
friendship,NOUN,3,0,0
upland,NOUN,3,0,0
favor,VERB,3,0,0
daughter,NOUN,3,0,0
harmless,ADJ,3,0,0
vary,VERB,3,0,0
workman,NOUN,3,0,0
left,NOUN,3,0,0
sane,ADJ,3,0,0
aloof,ADJ,3,0,0
hive,NOUN,3,0,0
recreation,NOUN,3,0,0
Society,PROPN,3,0,1
girl,NOUN,3,0,0
outlive,VERB,3,0,0
indescribable,ADJ,3,0,0
tear,NOUN,3,0,0
content,VERB,3,0,0
dip,VERB,3,0,0
unexpected,ADJ,3,0,0
hearing,NOUN,3,0,0
pudding,NOUN,3,0,0
parade,NOUN,3,0,0
hint,NOUN,3,0,0
need,NOUN,3,0,0
sediment,NOUN,3,0,0
reproof,NOUN,3,0,0
grieve,VERB,3,0,0
Canada,PROPN,3,0,1
stout,ADJ,3,0,0
wool,NOUN,3,0,0
sprout,NOUN,3,0,0
overflow,VERB,3,0,0
fell,VERB,3,0,0
George,PROPN,3,0,1
cousin,NOUN,3,0,0
look,NOUN,3,0,0
consciousness,NOUN,3,0,0
reliance,NOUN,3,0,0
whistle,VERB,3,0,0
origin,NOUN,3,0,0
defend,VERB,3,0,0
belly,NOUN,3,0,0
honesty,NOUN,3,0,0
luck,NOUN,3,0,0
specimen,NOUN,3,0,0
witte,VERB,3,0,0
minded,ADJ,3,0,0
crawl,VERB,3,0,0
timid,ADJ,3,0,0
stamp,VERB,3,0,0
anciently,ADV,3,0,0
deepen,VERB,3,0,0
Wayland,PROPN,3,0,1
planting,NOUN,3,0,0
pottery,NOUN,3,0,0
cultivator,NOUN,3,0,0
pinion,NOUN,3,0,0
elm,NOUN,3,0,0
organization,NOUN,3,0,0
arm,VERB,3,0,0
comrade,NOUN,3,0,0
trope,NOUN,3,0,0
parable,ADJ,3,0,0
harvest,VERB,3,0,0
further,ADJ,3,1,0
Ceres,PROPN,3,0,1
corresponding,ADJ,3,0,0
incessantly,ADV,3,0,0
Company,PROPN,3,0,1
empty,VERB,3,0,0
machinery,NOUN,3,0,0
station,VERB,3,0,0
invariably,ADV,3,0,0
absent,ADJ,3,0,0
saying,NOUN,3,0,0
molest,VERB,3,0,0
robbery,NOUN,3,0,0
request,NOUN,3,0,0
erect,VERB,3,0,0
hum,VERB,3,0,0
burning,NOUN,3,0,0
grope,VERB,3,0,0
mysterious,ADJ,3,0,0
prowl,VERB,3,0,0
upper,ADJ,3,0,0
link,VERB,3,0,0
evaporation,NOUN,3,0,0
eighty,NUM,3,0,0
agitated,ADJ,3,0,0
green,NOUN,3,0,0
mixed,ADJ,3,0,0
transmit,VERB,3,0,0
rounded,ADJ,3,0,0
fathom,VERB,3,0,0
Golden,PROPN,3,0,1
Age,PROPN,3,0,1
recede,VERB,3,0,0
fluctuation,NOUN,3,0,0
unlike,ADP,3,0,0
divine,VERB,3,0,0
sward,NOUN,3,0,0
thermometer,NOUN,3,0,0
resort,VERB,3,0,0
steel,NOUN,3,0,0
trout,NOUN,3,0,0
purer,NOUN,3,0,0
skim,NOUN,3,0,0
tolerate,VERB,3,0,0
shore,PROPN,3,0,1
circular,ADJ,3,0,0
overlap,VERB,3,0,0
skater,ADJ,3,0,0
flash,NOUN,3,0,0
manifestly,ADV,3,0,0
skater,NOUN,3,0,0
glide,VERB,3,0,0
impulse,NOUN,3,0,0
dimple,NOUN,3,0,0
thrill,NOUN,3,0,0
impurity,NOUN,3,0,0
refuge,NOUN,3,0,0
canoe,NOUN,3,0,0
strip,NOUN,3,0,0
zephyr,NOUN,3,0,0
attractive,ADJ,3,0,0
aisle,NOUN,3,0,0
Muse,PROPN,3,0,1
bathe,VERB,3,0,0
Ganges,PROPN,3,0,1
thrust,VERB,3,0,0
avenge,VERB,3,0,0
engineer,NOUN,3,0,0
impure,NOUN,3,0,0
impression,NOUN,3,0,0
legislature,NOUN,3,0,0
waterlogge,VERB,3,0,0
pool,NOUN,3,0,0
hoary,ADJ,3,0,0
toad,NOUN,3,0,0
moist,NOUN,3,0,0
complete,VERB,3,0,0
ship,NOUN,3,0,0
recess,NOUN,3,0,0
bogge,VERB,3,0,0
beef,NOUN,3,0,0
result,VERB,3,0,0
heave,VERB,3,0,0
departure,NOUN,3,0,0
thirsty,ADJ,3,0,0
exclude,VERB,3,0,0
tinkling,NOUN,3,0,0
venison,NOUN,3,0,0
detain,VERB,3,0,0
fowling,NOUN,3,0,0
oftener,VERB,3,0,0
commence,NOUN,3,0,0
ill,ADJ,3,0,0
fat,ADJ,3,0,0
scented,ADJ,3,0,0
perception,NOUN,3,0,0
mistress,NOUN,3,0,0
Insurance,PROPN,3,0,1
ally,VERB,3,0,0
shin,VERB,3,0,0
apace,NOUN,3,0,0
Poet,PROPN,3,0,1
shaving,NOUN,3,0,0
crumb,NOUN,3,0,0
robin,NOUN,3,0,0
spy,VERB,3,0,0
combatant,NOUN,3,0,0
combat,NOUN,3,0,0
feeler,NOUN,3,0,0
patriotism,NOUN,3,0,0
Webster,PROPN,3,0,1
union,NOUN,3,0,0
rustle,VERB,3,0,0
droop,VERB,3,0,0
burr,NOUN,3,0,0
artificial,ADJ,3,0,0
et,PROPN,3,0,1
dynasty,NOUN,3,0,0
barrel,NOUN,3,0,0
manifest,ADJ,3,0,0
eighth,NOUN,3,0,0
liable,ADJ,3,0,0
examine,VERB,3,0,0
under,ADJ,3,1,0
hunt,NOUN,3,0,0
skate,VERB,3,0,0
punish,VERB,3,0,0
ad,NOUN,3,0,0
dim,ADJ,3,0,0
hush,VERB,3,0,0
dot,VERB,3,0,0
Gondibert,PROPN,3,0,1
anon,PROPN,3,0,1
reject,VERB,3,0,0
powder,NOUN,3,0,0
Nutting,PROPN,3,0,1
Wyman,PROPN,3,0,1
Quoil,PROPN,3,0,1
germ,NOUN,3,0,0
fatally,ADV,3,0,0
icicle,NOUN,3,0,0
boo,NOUN,3,0,0
singularly,ADV,3,0,0
clerk,NOUN,3,0,0
ether,NOUN,3,0,0
kingdom,NOUN,3,0,0
watery,ADJ,3,0,0
underneath,ADV,3,0,0
area,NOUN,3,0,0
Loch,PROPN,3,0,1
Fyne,PROPN,3,0,1
chasm,NOUN,3,0,0
geologist,NOUN,3,0,0
dangerous,ADJ,3,0,0
inclination,NOUN,3,0,0
cutter,NOUN,3,0,0
double,ADJ,3,0,0
firma,NOUN,3,0,0
layer,NOUN,3,0,0
ribbon,NOUN,3,0,0
olit,ADJ,3,0,0
wiss,VERB,3,0,0
influx,NOUN,3,0,0
greener,NOUN,3,0,0
liability,NOUN,3,0,0
Mississippi,PROPN,3,0,1
Franklin,PROPN,3,0,1
opposition,NOUN,3,0,0
any,ADV,3,1,0
ought,AUX,3,0,0
expedient,NOUN,3,0,0
impose,VERB,3,0,0
base,VERB,3,0,0
submit,VERB,3,0,0
unjustly,ADV,3,0,0
quietly,ADV,3,0,0
abolition,NOUN,3,0,0
shilling,NOUN,3,0,0
schoolmaster,NOUN,3,0,0
General,PROPN,3,0,1
LICENSE,PROPN,3,0,1
official,ADJ,3,0,0
user,NOUN,3,0,0
donate,VERB,3,0,0
payment,NOUN,3,0,0
replacement,NOUN,3,0,0
defective,ADJ,3,0,0
equipment,NOUN,3,0,0
disclaimer,NOUN,3,0,0
limitation,NOUN,3,0,0
Disobedience,PROPN,2,0,1
restriction,NOUN,2,0,0
online,NOUN,2,0,0
update,VERB,2,0,0
February,PROPN,2,0,1
Sounds,PROPN,2,0,1
Higher,PROPN,2,0,1
ode,NOUN,2,0,0
dejection,NOUN,2,0,0
chanticleer,NOUN,2,0,0
roost,NOUN,2,0,0
sojourner,NOUN,2,0,0
inquiry,NOUN,2,0,0
pertinent,ADJ,2,0,0
charitable,ADJ,2,0,0
penance,NOUN,2,0,0
twist,NOUN,2,0,0
stomach,NOUN,2,0,0
caterpillar,NOUN,2,0,0
incredible,ADJ,2,0,0
witness,NOUN,2,0,0
Hercules,PROPN,2,0,1
condemn,VERB,2,0,0
barn,ADJ,2,0,0
plow,VERB,2,0,0
sonorous,ADJ,2,0,0
blind,ADJ,2,0,0
integrity,NOUN,2,0,0
sneak,VERB,2,0,0
debt,NOUN,2,0,0
dying,NOUN,2,0,0
tomorrow,NOUN,2,0,0
favor,NOUN,2,0,0
nutshell,NOUN,2,0,0
civility,NOUN,2,0,0
dilate,VERB,2,0,0
stocking,NOUN,2,0,0
frivolous,ADJ,2,0,0
keen,ADJ,2,0,0
subtle,ADJ,2,0,0
driver,NOUN,2,0,0
teamster,NOUN,2,0,0
west,ADJ,2,0,0
cushion,NOUN,2,0,0
injure,VERB,2,0,0
desperation,NOUN,2,0,0
resignation,NOUN,2,0,0
console,VERB,2,0,0
bravery,NOUN,2,0,0
fetch,VERB,2,0,0
miserable,ADJ,2,0,0
Evelyn,PROPN,2,0,1
Solomon,PROPN,2,0,1
undo,VERB,2,0,0
ours,PRON,2,1,0
apex,NOUN,2,0,0
mansion,NOUN,2,0,0
startling,ADJ,2,0,0
demon,NOUN,2,0,0
invite,VERB,2,0,0
waive,VERB,2,0,0
incurable,ADJ,2,0,0
Confucius,PROPN,2,0,1
understanding,NOUN,2,0,0
obtain,NOUN,2,0,0
palatable,ADJ,2,0,0
accurately,ADV,2,0,0
prepared,ADJ,2,0,0
Tierra,PROPN,2,0,1
del,PROPN,2,0,1
Fuego,PROPN,2,0,1
stream,VERB,2,0,0
Hollander,PROPN,2,0,1
combine,VERB,2,0,0
combustion,NOUN,2,0,0
confound,VERB,2,0,0
above,ADJ,2,1,0
mole,NOUN,2,0,0
ail,NOUN,2,0,0
unhealthy,ADJ,2,0,0
luxuriously,ADV,2,0,0
hindrance,NOUN,2,0,0
inward,ADV,2,0,0
voluntary,ADJ,2,0,0
theoretically,ADV,2,0,0
shelter,VERB,2,0,0
humbler,NOUN,2,0,0
suit,VERB,2,0,0
shoot,NOUN,2,0,0
confidence,NOUN,2,0,0
root,VERB,2,0,0
perfect,VERB,2,0,0
flower,VERB,2,0,0
lavishly,ADV,2,0,0
encouragement,NOUN,2,0,0
inspiration,NOUN,2,0,0
discontent,VERB,2,0,0
fetter,NOUN,2,0,0
notch,VERB,2,0,0
voluntarily,ADV,2,0,0
tramp,NOUN,2,0,0
materially,ADV,2,0,0
autumn,NOUN,2,0,0
cliff,NOUN,2,0,0
reporter,NOUN,2,0,0
editor,NOUN,2,0,0
reward,NOUN,2,0,0
appoint,VERB,2,0,0
utility,NOUN,2,0,0
faithful,ADJ,2,0,0
nook,NOUN,2,0,0
moderate,ADJ,2,0,0
allowance,NOUN,2,0,0
reply,NOUN,2,0,0
industrious,ADJ,2,0,0
Celestial,PROPN,2,0,1
counting,NOUN,2,0,0
export,VERB,2,0,0
pilot,NOUN,2,0,0
discharge,NOUN,2,0,0
exorbitant,ADJ,2,0,0
expedition,NOUN,2,0,0
reef,NOUN,2,0,0
ascertain,VERB,2,0,0
correct,VERB,2,0,0
navigator,NOUN,2,0,0
Hanno,PROPN,2,0,1
Neva,PROPN,2,0,1
novelty,NOUN,2,0,0
nakedness,NOUN,2,0,0
wearer,NOUN,2,0,0
appliance,NOUN,2,0,0
ruin,VERB,2,0,0
scarecrow,NOUN,2,0,0
shiftless,NOUN,2,0,0
respected,ADJ,2,0,0
east,PROPN,2,0,1
possessor,NOUN,2,0,0
heathen,ADV,2,0,0
missionary,NOUN,2,0,0
coil,NOUN,2,0,0
inevitably,ADV,2,0,0
fanciful,ADJ,2,0,0
partake,VERB,2,0,0
injury,NOUN,2,0,0
girdle,VERB,2,0,0
equivalent,ADJ,2,0,0
gravely,ADV,2,0,0
emphasize,VERB,2,0,0
quote,VERB,2,0,0
rash,ADJ,2,0,0
peg,NOUN,2,0,0
hand,VERB,2,0,0
dressing,NOUN,2,0,0
shipwreck,VERB,2,0,0
Queen,PROPN,2,0,1
King,PROPN,2,0,1
peer,VERB,2,0,0
restrain,VERB,2,0,0
consecrate,VERB,2,0,0
hit,VERB,2,0,0
figure,NOUN,2,0,0
readily,ADV,2,0,0
unquestionably,ADV,2,0,0
woollen,ADJ,2,0,0
covering,NOUN,2,0,0
camp,VERB,2,0,0
nip,VERB,2,0,0
Eve,PROPN,2,0,1
bower,NOUN,2,0,0
wet,ADJ,2,0,0
shelve,VERB,2,0,0
straw,NOUN,2,0,0
workhouse,NOUN,2,0,0
bore,VERB,2,0,0
despicable,ADJ,2,0,0
landlord,NOUN,2,0,0
lord,PROPN,2,0,1
harass,VERB,2,0,0
Colony,PROPN,2,0,1
neatly,ADV,2,0,0
weighty,ADJ,2,0,0
bulrush,NOUN,2,0,0
indifferently,ADV,2,0,0
coarser,NOUN,2,0,0
disadvantage,NOUN,2,0,0
spacious,ADJ,2,0,0
plastering,ADJ,2,0,0
blind,NOUN,2,0,0
copper,NOUN,2,0,0
pump,NOUN,2,0,0
costly,ADJ,2,0,0
fund,NOUN,2,0,0
ye,NOUN,2,0,0
sour,ADJ,2,0,0
toil,VERB,2,0,0
fulfil,VERB,2,0,0
somerset,NOUN,2,0,0
famine,NOUN,2,0,0
agricultural,ADJ,2,0,0
livelihood,NOUN,2,0,0
formula,NOUN,2,0,0
earthly,ADJ,2,0,0
comfort,VERB,2,0,0
urge,VERB,2,0,0
Minerva,PROPN,2,0,1
unwieldy,ADJ,2,0,0
counterbalance,VERB,2,0,0
pyramid,NOUN,2,0,0
decently,ADV,2,0,0
mason,NOUN,2,0,0
sty,NOUN,2,0,0
imaginable,ADJ,2,0,0
Southern,PROPN,2,0,1
staple,ADJ,2,0,0
export,NOUN,2,0,0
needlessly,ADV,2,0,0
example,NOUN,2,0,0
Arab,PROPN,2,0,1
gift,NOUN,2,0,0
singular,NOUN,2,0,0
complex,ADJ,2,0,0
morally,ADV,2,0,0
defile,VERB,2,0,0
housewife,NOUN,2,0,0
Morning,PROPN,2,0,1
Memnon,PROPN,2,0,1
limestone,NOUN,2,0,0
dissipate,VERB,2,0,0
drawing,NOUN,2,0,0
Jonathan,PROPN,2,0,1
record,NOUN,2,0,0
contemporary,ADJ,2,0,0
aloft,ADV,2,0,0
smoky,ADJ,2,0,0
Netherland,PROPN,2,0,1
pit,NOUN,2,0,0
inside,ADV,2,0,0
ceiling,NOUN,2,0,0
spar,NOUN,2,0,0
entire,ADJ,2,0,0
pressing,ADJ,2,0,0
forefather,NOUN,2,0,0
overlay,VERB,2,0,0
temper,VERB,2,0,0
pewee,NOUN,2,0,0
wedge,NOUN,2,0,0
torpid,ADJ,2,0,0
ethereal,ADJ,2,0,0
previously,ADV,2,0,0
numb,VERB,2,0,0
foggy,ADJ,2,0,0
stray,ADJ,2,0,0
groping,NOUN,2,0,0
cackling,NOUN,2,0,0
wrap,VERB,2,0,0
rambler,NOUN,2,0,0
raising,NOUN,2,0,0
Collins,PROPN,2,0,1
warp,VERB,2,0,0
removal,NOUN,2,0,0
gilt,NOUN,2,0,0
claim,NOUN,2,0,0
cartload,NOUN,2,0,0
woodland,NOUN,2,0,0
tolerable,ADJ,2,0,0
staple,NOUN,2,0,0
slop,VERB,2,0,0
blackberry,VERB,2,0,0
equable,ADJ,2,0,0
superstructure,NOUN,2,0,0
structure,NOUN,2,0,0
lap,VERB,2,0,0
impervious,ADJ,2,0,0
like,INTJ,2,0,0
construction,NOUN,2,0,0
carpenter,NOUN,2,0,0
ninth,ADJ,2,0,0
exclusion,NOUN,2,0,0
sentimental,ADJ,2,0,0
sugar,NOUN,2,0,0
inhabitant,ADJ,2,0,0
indweller,NOUN,2,0,0
spot,VERB,2,0,0
Broadway,PROPN,2,0,1
pale,ADJ,2,0,0
painter,NOUN,2,0,0
peculiarity,NOUN,2,0,0
ado,NOUN,2,0,0
daub,VERB,2,0,0
tenant,NOUN,2,0,0
grave,NOUN,2,0,0
indifference,NOUN,2,0,0
handful,NOUN,2,0,0
toss,VERB,2,0,0
shingle,VERB,2,0,0
sappy,ADJ,2,0,0
straighten,VERB,2,0,0
closet,NOUN,2,0,0
exact,ADJ,2,0,0
lath,NOUN,2,0,0
cask,NOUN,2,0,0
squatter,NOUN,2,0,0
inconsistency,NOUN,2,0,0
sorry,ADJ,2,0,0
College,PROPN,2,0,1
noisy,ADJ,2,0,0
residence,NOUN,2,0,0
coveted,ADJ,2,0,0
retirement,NOUN,2,0,0
systematically,ADV,2,0,0
microscope,NOUN,2,0,0
mechanic,NOUN,2,0,0
satellite,NOUN,2,0,0
astonishment,NOUN,2,0,0
Smith,PROPN,2,0,1
investment,NOUN,2,0,0
distract,VERB,2,0,0
unimproved,ADJ,2,0,0
magnetic,ADJ,2,0,0
communicate,VERB,2,0,0
flap,VERB,2,0,0
trot,VERB,2,0,0
message,NOUN,2,0,0
activity,NOUN,2,0,0
rush,VERB,2,0,0
elasticity,NOUN,2,0,0
unusual,ADJ,2,0,0
turnip,NOUN,2,0,0
eleven,NUM,2,1,0
distinguishable,ADJ,2,0,0
luxuriance,NOUN,2,0,0
remainder,NOUN,2,0,0
outgoe,NOUN,2,0,0
spade,VERB,2,0,0
manure,VERB,2,0,0
odd,ADJ,2,0,0
crooked,ADJ,2,0,0
blunder,NOUN,2,0,0
inevitable,ADJ,2,0,0
overshadow,VERB,2,0,0
worship,NOUN,2,0,0
Bhagvat,PROPN,2,0,1
Geeta,PROPN,2,0,1
tower,NOUN,2,0,0
bidding,NOUN,2,0,0
ambition,NOUN,2,0,0
polish,VERB,2,0,0
Thebes,PROPN,2,0,1
ambitious,ADJ,2,0,0
vanity,NOUN,2,0,0
pencil,NOUN,2,0,0
guilty,ADJ,2,0,0
slaughter,VERB,2,0,0
Oil,PROPN,2,0,1
washing,NOUN,2,0,0
pork,NOUN,2,0,0
detriment,NOUN,2,0,0
comparative,ADJ,2,0,0
satisfactory,ADJ,2,0,0
pass,NOUN,2,0,0
stock,VERB,2,0,0
Bread,PROPN,2,0,1
smoke,VERB,2,0,0
mixture,NOUN,2,0,0
Egyptian,PROPN,2,0,1
consult,VERB,2,0,0
refinement,NOUN,2,0,0
leaven,ADV,2,0,0
deem,VERB,2,0,0
tissue,NOUN,2,0,0
elderly,ADJ,2,0,0
ingredient,NOUN,2,0,0
trivialness,NOUN,2,0,0
discomfiture,NOUN,2,0,0
bene,NOUN,2,0,0
trough,NOUN,2,0,0
mould,AUX,2,0,0
rye,PROPN,2,0,1
fluctuate,VERB,2,0,0
grind,VERB,2,0,0
incapacitate,VERB,2,0,0
dipper,NOUN,2,0,0
oil,NOUN,2,0,0
exuviæ,NOUN,2,0,0
newly,ADV,2,0,0
Sir,PROPN,2,0,1
seer,NOUN,2,0,0
harness,VERB,2,0,0
enormous,ADJ,2,0,0
curtain,NOUN,2,0,0
ineffectual,ADJ,2,0,0
dried,ADJ,2,0,0
destruction,NOUN,2,0,0
transport,VERB,2,0,0
kick,VERB,2,0,0
semblance,NOUN,2,0,0
busk,NOUN,2,0,0
pan,NOUN,2,0,0
filth,NOUN,2,0,0
fast,VERB,2,0,0
abstain,VERB,2,0,0
proclaim,VERB,2,0,0
truer,NOUN,2,0,0
inward,ADJ,2,0,0
distraction,NOUN,2,0,0
foolishly,ADV,2,0,0
unhesitatingly,ADV,2,0,0
theirs,PRON,2,0,0
carelessly,ADV,2,0,0
curse,VERB,2,0,0
everything,PRON,2,1,0
handle,VERB,2,0,0
curse,NOUN,2,0,0
fare,VERB,2,0,0
interruption,NOUN,2,0,0
end,VERB,2,0,0
employer,NOUN,2,0,0
fugitive,ADJ,2,0,0
guidance,NOUN,2,0,0
coöperation,NOUN,2,0,0
exceedingly,ADV,2,0,0
coöperate,VERB,2,0,0
plow,NOUN,2,0,0
part,VERB,2,1,0
selfish,ADJ,2,0,0
spar,VERB,2,0,0
doing,NOUN,2,1,0
consciously,ADV,2,0,0
calling,NOUN,2,0,0
preach,VERB,2,0,0
kindle,VERB,2,0,0
magnitude,NOUN,2,0,0
peep,VERB,2,0,0
mortal,NOUN,2,0,0
heavenly,ADJ,2,0,0
block,NOUN,2,0,0
carrion,NOUN,2,0,0
virus,NOUN,2,0,0
Howard,PROPN,2,0,1
balk,VERB,2,0,0
suffering,NOUN,2,0,0
forgive,VERB,2,0,0
tidy,ADJ,2,0,0
needy,ADJ,2,0,0
strive,VERB,2,0,0
kind,ADJ,2,0,0
overrate,VERB,2,0,0
selfishness,NOUN,2,0,0
esteemed,ADJ,2,0,0
Shakespeare,PROPN,2,0,1
quack,NOUN,2,0,0
remembrance,NOUN,2,0,0
ease,NOUN,2,0,0
wail,VERB,2,0,0
reside,VERB,2,0,0
ail,VERB,2,0,0
forthwith,ADV,2,0,0
reform,VERB,2,0,0
awful,ADJ,2,0,0
straightway,VERB,2,0,0
Esquimaux,PROPN,2,0,1
populous,ADJ,2,0,0
distress,NOUN,2,0,0
apology,NOUN,2,0,0
tobacco,NOUN,2,0,0
rescue,VERB,2,0,0
hymn,NOUN,2,0,0
resound,NOUN,2,0,0
botanic,ADJ,2,0,0
pore,NOUN,2,0,0
azad,VERB,2,0,0
absence,NOUN,2,0,0
Thou,PROPN,2,0,1
station,NOUN,2,0,0
firmament,NOUN,2,0,0
temperance,NOUN,2,0,0
unnatural,ADJ,2,0,0
sorrow,NOUN,2,0,0
falsely,ADV,2,0,0
exalt,VERB,2,0,0
abject,ADJ,2,0,0
regal,ADJ,2,0,0
hath,VERB,2,0,0
thou,ADJ,2,0,0
enlighten,VERB,2,0,0
discourse,VERB,2,0,0
fallow,ADJ,2,0,0
refusal,NOUN,2,0,0
Hollowell,PROPN,2,0,1
arithmetic,NOUN,2,0,0
dispute,VERB,2,0,0
recollection,NOUN,2,0,0
voyage,NOUN,2,0,0
dense,ADJ,2,0,0
compensation,NOUN,2,0,0
motive,NOUN,2,0,0
disappoint,VERB,2,0,0
Cultivator,PROPN,2,0,1
translation,NOUN,2,0,0
sheer,ADJ,2,0,0
greedily,ADV,2,0,0
purpose,VERB,2,0,0
Fourth,PROPN,2,0,1
plan,VERB,2,0,0
auroral,ADJ,2,0,0
terrestrial,ADJ,2,0,0
react,VERB,2,0,0
suggestive,ADJ,2,0,0
thrilling,ADJ,2,0,0
songster,NOUN,2,0,0
veery,NOUN,2,0,0
scarlet,ADJ,2,0,0
nocturnal,ADJ,2,0,0
August,PROPN,2,0,1
crowded,ADJ,2,0,0
era,NOUN,2,0,0
astronomer,NOUN,2,0,0
constellation,NOUN,2,0,0
dwindle,VERB,2,0,0
hourly,ADV,2,0,0
invitation,NOUN,2,0,0
worshipper,NOUN,2,0,0
Greeks,PROPN,2,0,1
engraven,ADJ,2,0,0
thyself,PRON,2,0,0
mosquito,NOUN,2,0,0
wrath,NOUN,2,0,0
everlasting,ADJ,2,0,0
awakening,NOUN,2,0,0
mechanical,ADJ,2,0,0
emit,VERB,2,0,0
statue,NOUN,2,0,0
task,VERB,2,0,0
critical,ADJ,2,0,0
paltry,NOUN,2,0,0
dear,ADJ,2,0,0
suck,VERB,2,0,0
marrow,NOUN,2,0,0
crane,NOUN,2,0,0
clout,NOUN,2,0,0
extreme,ADJ,2,0,0
thumb,NOUN,2,0,0
eat,NOUN,2,0,0
german,ADJ,2,0,0
establishment,NOUN,2,0,0
calculation,NOUN,2,0,0
aim,NOUN,2,0,0
cure,NOUN,2,0,0
smoothly,ADV,2,0,0
gang,NOUN,2,0,0
hurry,NOUN,2,0,0
handsomely,ADV,2,0,0
doubtless,ADJ,2,0,0
breakfast,NOUN,2,0,0
critically,ADV,2,0,0
murder,VERB,2,0,0
mad,ADJ,2,0,0
read,NOUN,2,0,0
beforehand,ADV,2,1,0
accuracy,NOUN,2,0,0
Don,PROPN,2,0,1
fight,NOUN,2,0,0
Khoung,PROPN,2,0,1
diminish,VERB,2,0,0
ill,ADV,2,0,0
sermon,NOUN,2,0,0
delusion,NOUN,2,0,0
consent,VERB,2,0,0
expel,VERB,2,0,0
maturity,NOUN,2,0,0
teacher,NOUN,2,0,0
dam,NOUN,2,0,0
apprehend,VERB,2,0,0
conception,NOUN,2,0,0
knock,VERB,2,0,0
situate,VERB,2,0,0
hoarse,ADJ,2,0,0
glimmer,NOUN,2,0,0
deeply,ADV,2,0,0
concentrate,VERB,2,0,0
deliberation,NOUN,2,0,0
robe,NOUN,2,0,0
review,VERB,2,0,0
doctrine,NOUN,2,0,0
Æschylus,PROPN,2,0,1
valor,NOUN,2,0,0
suggestion,NOUN,2,0,0
remember,NOUN,2,0,0
decay,VERB,2,0,0
intention,NOUN,2,0,0
reservedly,ADV,2,0,0
brutish,ADJ,2,0,0
unconsciously,ADV,2,0,0
reserved,ADJ,2,0,0
Greece,PROPN,2,0,1
Europe,PROPN,2,0,1
grecian,ADJ,2,0,0
fleeting,ADJ,2,0,0
forum,NOUN,2,0,0
mob,NOUN,2,0,0
Alexander,PROPN,2,0,1
rightfully,ADV,2,0,0
plead,VERB,2,0,0
exert,VERB,2,0,0
transcript,NOUN,2,0,0
Virgil,PROPN,2,0,1
refine,VERB,2,0,0
later,ADJ,2,0,0
equal,VERB,2,0,0
finish,NOUN,2,0,0
ancient,NOUN,2,0,0
Homers,PROPN,2,0,1
hope,VERB,2,0,0
alert,ADJ,2,0,0
fifth,ADJ,2,0,0
Bible,PROPN,2,0,1
digest,VERB,2,0,0
provender,NOUN,2,0,0
stumble,VERB,2,0,0
unfortunate,ADJ,2,0,0
weathercock,NOUN,2,0,0
rusty,ADJ,2,0,0
Middle,PROPN,2,0,1
Ages,PROPN,2,0,1
saucer,NOUN,2,0,0
curiosity,NOUN,2,0,0
extract,VERB,2,0,0
dulness,ADJ,2,0,0
sedulously,ADV,2,0,0
spell,VERB,2,0,0
breed,VERB,2,0,0
accessible,ADJ,2,0,0
Canadian,PROPN,2,0,1
aspire,NOUN,2,0,0
master,VERB,2,0,0
underbred,ADJ,2,0,0
illiterateness,NOUN,2,0,0
aspect,NOUN,2,0,0
date,VERB,2,0,0
puzzle,VERB,2,0,0
Zoroaster,PROPN,2,0,1
commune,VERB,2,0,0
Lyceum,PROPN,2,0,1
aliment,NOUN,2,0,0
sadly,ADV,2,0,0
patron,NOUN,2,0,0
intelligent,ADJ,2,0,0
subscribe,VERB,2,0,0
neutral,ADJ,2,0,0
browse,VERB,2,0,0
Redding,PROPN,2,0,1
philosophical,ADJ,2,0,0
parson,NOUN,2,0,0
bridge,NOUN,2,0,0
metaphor,NOUN,2,0,0
discipline,NOUN,2,0,0
doorway,NOUN,2,0,0
stillness,NOUN,2,0,0
oriental,NOUN,2,0,0
suppress,VERB,2,0,0
heathen,ADJ,2,0,0
idleness,ADJ,2,0,0
novel,ADJ,2,0,0
drama,NOUN,2,0,0
housework,NOUN,2,0,0
broom,NOUN,2,0,0
legged,ADJ,2,0,0
unwilling,ADJ,2,0,0
sized,ADJ,2,0,0
compliment,NOUN,2,0,0
Rhus,PROPN,2,0,1
glabra,NOUN,2,0,0
luxuriantly,ADV,2,0,0
tropical,ADJ,2,0,0
heedlessly,ADV,2,0,0
stirring,NOUN,2,0,0
velvety,NOUN,2,0,0
tantivy,NOUN,2,0,0
perch,VERB,2,0,0
fishhawk,NOUN,2,0,0
glassy,NOUN,2,0,0
beat,NOUN,2,0,0
ere,ADV,2,0,0
fleet,NOUN,2,0,0
locomotive,ADJ,2,0,0
penetrate,NOUN,2,0,0
warning,NOUN,2,0,0
scream,VERB,2,0,0
ram,NOUN,2,0,0
velocity,NOUN,2,0,0
revisit,VERB,2,0,0
steam,NOUN,2,0,0
ere,VERB,2,0,0
snort,NOUN,2,0,0
spear,NOUN,2,0,0
Fire,PROPN,2,0,1
giant,ADJ,2,0,0
drill,NOUN,2,0,0
barrow,NOUN,2,0,0
conveyance,NOUN,2,0,0
advertise,VERB,2,0,0
Snow,PROPN,2,0,1
rag,VERB,2,0,0
chill,VERB,2,0,0
rime,NOUN,2,0,0
dispense,VERB,2,0,0
flaxen,NOUN,2,0,0
bear,NOUN,2,0,0
prime,ADJ,2,0,0
French,PROPN,2,0,1
commercial,ADJ,2,0,0
spoil,VERB,2,0,0
kindling,NOUN,2,0,0
disposition,NOUN,2,0,0
cur,NOUN,2,0,0
Cuttingsville,PROPN,2,0,1
Vermont,PROPN,2,0,1
Times,PROPN,2,0,1
Connecticut,PROPN,2,0,1
drover,NOUN,2,0,0
pastoral,ADJ,2,0,0
lamb,NOUN,2,0,0
cling,VERB,2,0,0
slink,VERB,2,0,0
league,NOUN,2,0,0
blowing,NOUN,2,0,0
hiss,VERB,2,0,0
rumble,VERB,2,0,0
melody,NOUN,2,0,0
vibration,NOUN,2,0,0
lyre,NOUN,2,0,0
azure,ADJ,2,0,0
therein,ADV,2,1,0
lowing,NOUN,2,0,0
stray,VERB,2,0,0
disappointed,ADJ,2,0,0
setting,NOUN,2,0,0
musical,ADJ,2,0,0
screech,NOUN,2,0,0
mourning,NOUN,2,0,0
lu,NOUN,2,0,0
regret,NOUN,2,0,0
tremulous,ADJ,2,0,0
hoot,VERB,2,0,0
stereotype,VERB,2,0,0
gurgling,NOUN,2,0,0
Hoo,PROPN,2,0,1
hoorer,NOUN,2,0,0
association,NOUN,2,0,0
illustrate,VERB,2,0,0
fitting,ADJ,2,0,0
baying,NOUN,2,0,0
bullfrog,NOUN,2,0,0
distend,VERB,2,0,0
chap,NOUN,2,0,0
girth,NOUN,2,0,0
observance,NOUN,2,0,0
circuit,NOUN,2,0,0
naturalize,VERB,2,0,0
pause,NOUN,2,0,0
tame,NOUN,2,0,0
crow,VERB,2,0,0
shrill,ADJ,2,0,0
deficiency,NOUN,2,0,0
urn,NOUN,2,0,0
rat,NOUN,2,0,0
mild,ADJ,2,0,0
plantation,NOUN,2,0,0
creak,VERB,2,0,0
snap,VERB,2,0,0
cloudy,ADJ,2,0,0
windy,ADJ,2,0,0
congenial,ADJ,2,0,0
repose,VERB,2,0,0
roam,VERB,2,0,0
animate,VERB,2,0,0
intentionally,ADV,2,0,0
accidentally,ADV,2,0,0
sex,NOUN,2,0,0
notify,VERB,2,0,0
Africa,PROPN,2,0,1
insanity,NOUN,2,0,0
roar,NOUN,2,0,0
mop,NOUN,2,0,0
lightning,NOUN,2,0,0
groove,NOUN,2,0,0
disk,NOUN,2,0,0
execute,VERB,2,0,0
Earth,PROPN,2,0,1
identify,VERB,2,0,0
substance,NOUN,2,0,0
holiday,NOUN,2,0,0
orphan,NOUN,2,0,0
Indra,PROPN,2,0,1
doubleness,NOUN,2,0,0
tragedy,NOUN,2,0,0
working,NOUN,2,0,0
musty,ADJ,2,0,0
cheese,NOUN,2,0,0
hearty,ADJ,2,0,0
angel,NOUN,2,0,0
legion,NOUN,2,0,0
mullein,NOUN,2,0,0
Mill,PROPN,2,0,1
fringe,VERB,2,0,0
dame,NOUN,2,0,0
incident,NOUN,2,0,0
ruddy,NOUN,2,0,0
lusty,ADJ,2,0,0
thy,ADJ,2,0,0
grandmother,NOUN,2,0,0
decaying,NOUN,2,0,0
ticket,NOUN,2,0,0
serpent,NOUN,2,0,0
hermit,NOUN,2,0,0
frequenter,NOUN,2,0,0
innumerable,ADJ,2,0,0
extravagantly,ADV,2,0,0
herald,NOUN,2,0,0
ridiculous,ADJ,2,0,0
bullet,NOUN,2,0,0
thoughtfully,ADV,2,0,0
Thither,PROPN,2,0,1
mature,VERB,2,0,0
sympathize,VERB,2,0,0
reputation,NOUN,2,0,0
inscribe,VERB,2,0,0
Winslow,PROPN,2,0,1
governor,NOUN,2,0,0
Massasoit,PROPN,2,0,1
bream,NOUN,2,0,0
Patroclus,PROPN,2,0,1
Myrmidons,PROPN,2,0,1
bushy,ADJ,2,0,0
hurt,VERB,2,0,0
cord,VERB,2,0,0
interest,VERB,2,0,0
alloy,NOUN,2,0,0
canadian,ADJ,2,0,0
tumble,VERB,2,0,0
salute,NOUN,2,0,0
chickadee,NOUN,2,0,0
instruct,VERB,2,0,0
aborigine,NOUN,2,0,0
prop,VERB,2,0,0
introduction,NOUN,2,0,0
responsibility,NOUN,2,0,0
accent,NOUN,2,0,0
saunter,VERB,2,0,0
almanac,NOUN,2,0,0
expert,NOUN,2,0,0
beverage,NOUN,2,0,0
hemlock,NOUN,2,0,0
definition,NOUN,2,0,0
Good,PROPN,2,0,1
pauper,NOUN,2,0,0
utmost,ADJ,2,0,0
inferior,ADJ,2,0,0
childhood,NOUN,2,0,0
puzzle,NOUN,2,0,0
sage,NOUN,2,0,0
terminate,VERB,2,0,0
migrating,NOUN,2,0,0
runaway,ADJ,2,0,0
committed,ADJ,2,0,0
uneasy,ADJ,2,0,0
cupboard,NOUN,2,0,0
sudden,ADJ,2,0,0
prudent,ADJ,2,0,0
huckleberrying,NOUN,2,0,0
risk,NOUN,2,0,0
style,VERB,2,0,0
worry,VERB,2,0,0
harrier,NOUN,2,0,0
berry,VERB,2,0,0
Englishmen,PROPN,2,0,1
pulse,NOUN,2,0,0
lean,ADJ,2,0,0
tough,ADJ,2,0,0
copse,NOUN,2,0,0
stem,VERB,2,0,0
sow,VERB,2,0,0
blossom,NOUN,2,0,0
wormwood,NOUN,2,0,0
piper,NOUN,2,0,0
gig,NOUN,2,0,0
rein,VERB,2,0,0
festoon,NOUN,2,0,0
fodder,NOUN,2,0,0
Coleman,PROPN,2,0,1
estimate,VERB,2,0,0
dell,NOUN,2,0,0
spray,NOUN,2,0,0
thrasher,NOUN,2,0,0
yours,PRON,2,1,0
top,ADJ,2,1,0
hither,ADV,2,0,0
accompaniment,NOUN,2,0,0
instant,ADJ,2,0,0
immeasurable,ADJ,2,0,0
pity,NOUN,2,0,0
pride,NOUN,2,0,0
overhead,NOUN,2,0,0
swoop,NOUN,2,0,0
heavens,PROPN,2,0,1
imp,NOUN,2,0,0
survey,NOUN,2,0,0
outlandish,ADJ,2,0,0
inexhaustible,ADJ,2,0,0
martial,ADJ,2,0,0
military,ADJ,2,0,0
vague,ADJ,2,0,0
swarm,VERB,2,0,0
tintinnabulum,NOUN,2,0,0
band,NOUN,2,0,0
din,NOUN,2,0,0
spit,VERB,2,0,0
Mexican,PROPN,2,0,1
eating,NOUN,2,0,0
iteration,NOUN,2,0,0
ruthlessly,ADV,2,0,0
invidious,ADJ,2,0,0
fibre,NOUN,2,0,0
side,VERB,2,1,0
rescue,NOUN,2,0,0
furrowing,NOUN,2,0,0
crow,NOUN,2,0,0
Horse,PROPN,2,0,1
non,ADJ,2,0,0
quart,NOUN,2,0,0
unmixed,ADJ,2,0,0
anew,ADV,2,0,0
vitality,NOUN,2,0,0
ambassador,NOUN,2,0,0
Congress,PROPN,2,0,1
banish,VERB,2,0,0
alight,VERB,2,0,0
nourish,VERB,2,0,0
procession,NOUN,2,0,0
Romans,PROPN,2,0,1
Saturn,PROPN,2,0,1
bearing,NOUN,2,0,0
granary,NOUN,2,0,0
manifest,VERB,2,0,0
wrinkle,NOUN,2,0,0
rustle,NOUN,2,0,0
prairie,ADJ,2,0,0
avenue,NOUN,2,0,0
ladder,NOUN,2,0,0
gantlet,NOUN,2,0,0
gap,NOUN,2,0,0
tavern,NOUN,2,0,0
victual,VERB,2,0,0
skirt,NOUN,2,0,0
shoemaker,NOUN,2,0,0
besides,ADV,2,1,0
goal,NOUN,2,0,0
Orpheus,PROPN,2,0,1
launch,VERB,2,0,0
tempestuous,ADJ,2,0,0
crew,NOUN,2,0,0
helm,NOUN,2,0,0
encounter,VERB,2,0,0
lift,VERB,2,0,0
latch,NOUN,2,0,0
amok,NOUN,2,0,0
mended,ADJ,2,0,0
punishment,NOUN,2,0,0
virtuous,ADJ,2,0,0
reign,VERB,2,0,0
motionless,NOUN,2,0,0
psalm,NOUN,2,0,0
harmonize,VERB,2,0,0
unbroken,ADJ,2,0,0
paddle,NOUN,2,0,0
adventurously,ADV,2,0,0
haunt,NOUN,2,0,0
queer,ADJ,2,0,0
cosmogonal,ADJ,2,0,0
jerk,NOUN,2,0,0
uniform,ADJ,2,0,0
verdure,NOUN,2,0,0
canal,NOUN,2,0,0
colorless,ADJ,2,0,0
tinge,NOUN,2,0,0
bather,NOUN,2,0,0
Michael,PROPN,2,0,1
Angelo,PROPN,2,0,1
helve,NOUN,2,0,0
sway,VERB,2,0,0
handle,NOUN,2,0,0
slip,NOUN,2,0,0
knob,NOUN,2,0,0
scrutiny,NOUN,2,0,0
anchor,NOUN,2,0,0
Corner,PROPN,2,0,1
westerly,ADV,2,0,0
geese,PROPN,2,0,1
tread,VERB,2,0,0
undulate,VERB,2,0,0
close,NOUN,2,0,0
villa,NOUN,2,0,0
wet,NOUN,2,0,0
accustom,VERB,2,0,0
secluded,ADJ,2,0,0
overflow,NOUN,2,0,0
eastward,ADV,2,0,0
occasion,VERB,2,0,0
intermediate,ADJ,2,0,0
aspen,NOUN,2,0,0
stop,NOUN,2,0,0
encroachment,NOUN,2,0,0
Boiling,PROPN,2,0,1
stagnant,ADJ,2,0,0
pailful,ADJ,2,0,0
reel,NOUN,2,0,0
eel,NOUN,2,0,0
shape,VERB,2,0,0
promise,NOUN,2,0,0
abut,VERB,2,0,0
haze,NOUN,2,0,0
sparkle,NOUN,2,0,0
arc,NOUN,2,0,0
emerge,VERB,2,0,0
molten,ADJ,2,0,0
cobweb,NOUN,2,0,0
equilibrium,NOUN,2,0,0
murder,NOUN,2,0,0
circling,NOUN,2,0,0
diverge,VERB,2,0,0
overlook,VERB,2,0,0
reflected,ADJ,2,0,0
expanse,NOUN,2,0,0
assuage,VERB,2,0,0
heaving,NOUN,2,0,0
undistinguishable,ADJ,2,0,0
sparkle,VERB,2,0,0
repair,VERB,2,0,0
streak,NOUN,2,0,0
duration,NOUN,2,0,0
well,VERB,2,0,0
bronze,NOUN,2,0,0
fin,NOUN,2,0,0
icy,ADJ,2,0,0
splash,NOUN,2,0,0
soaking,NOUN,2,0,0
pin,VERB,2,0,0
hickory,ADJ,2,0,0
Revolution,PROPN,2,0,1
cutting,NOUN,2,0,0
spectacle,NOUN,2,0,0
workshop,NOUN,2,0,0
excuse,VERB,2,0,0
henceforth,ADV,2,0,0
champion,NOUN,2,0,0
Moore,PROPN,2,0,1
yore,NOUN,2,0,0
stony,PROPN,2,0,1
passenger,NOUN,2,0,0
soot,NOUN,2,0,0
forbid,VERB,2,0,0
impressive,ADJ,2,0,0
ripple,ADJ,2,0,0
spherical,ADJ,2,0,0
consistency,NOUN,2,0,0
stupid,ADJ,2,0,0
trespasser,NOUN,2,0,0
talon,NOUN,2,0,0
quadruped,NOUN,2,0,0
cranberry,NOUN,2,0,0
drain,VERB,2,0,0
meadow,VERB,2,0,0
tree,VERB,2,0,0
fungus,NOUN,2,0,0
muck,NOUN,2,0,0
swine,NOUN,2,0,0
Icarian,PROPN,2,0,1
Goose,PROPN,2,0,1
bluish,ADJ,2,0,0
glaucous,ADJ,2,0,0
project,VERB,2,0,0
fourteen,NUM,2,0,0
saw,NOUN,2,0,0
woodpecker,NOUN,2,0,0
clutch,VERB,2,0,0
diamond,NOUN,2,0,0
plumage,NOUN,2,0,0
luxuriant,ADJ,2,0,0
Valhalla,PROPN,2,0,1
stool,NOUN,2,0,0
glow,VERB,2,0,0
dazzle,VERB,2,0,0
beech,NOUN,2,0,0
neat,ADJ,2,0,0
halo,NOUN,2,0,0
Cellini,PROPN,2,0,1
confinement,NOUN,2,0,0
France,PROPN,2,0,1
superstition,NOUN,2,0,0
Meadow,PROPN,2,0,1
Thy,PROPN,2,0,1
musquash,NOUN,2,0,0
indefinitely,ADV,2,0,0
broad,ADV,2,0,0
faced,ADJ,2,0,0
hunger,NOUN,2,0,0
cynosure,NOUN,2,0,0
methought,NOUN,2,0,0
roast,VERB,2,0,0
peck,VERB,2,0,0
host,NOUN,2,0,0
trifle,NOUN,2,0,0
soil,VERB,2,0,0
star,VERB,2,0,0
arithmetic,ADJ,2,0,0
overwhelming,ADJ,2,0,0
hop,VERB,2,0,0
skilfully,ADV,2,0,0
squeamish,ADJ,2,0,0
forlorn,ADJ,2,0,0
misgive,VERB,2,0,0
russet,NOUN,2,0,0
haunt,VERB,2,0,0
web,VERB,2,0,0
strongly,ADV,2,0,0
instinctively,ADV,2,0,0
preserve,NOUN,2,0,0
boundless,ADJ,2,0,0
conjure,VERB,2,0,0
differently,ADV,2,0,0
ornithology,NOUN,2,0,0
anxiously,ADV,2,0,0
text,NOUN,2,0,0
uncleanness,NOUN,2,0,0
Kirby,PROPN,2,0,1
Spence,PROPN,2,0,1
feeding,NOUN,2,0,0
abdomen,NOUN,2,0,0
tid,NOUN,2,0,0
bit,NOUN,2,0,0
poison,VERB,2,0,0
reproach,NOUN,2,0,0
astounding,ADJ,2,0,0
drunk,ADJ,2,0,0
sober,ADJ,2,0,0
Ved,PROPN,2,0,1
limit,VERB,2,0,0
thrill,VERB,2,0,0
devotion,NOUN,2,0,0
sensual,ADJ,2,0,0
slimy,ADJ,2,0,0
truce,NOUN,2,0,0
jaw,NOUN,2,0,0
inconsiderable,ADJ,2,0,0
command,NOUN,2,0,0
control,NOUN,2,0,0
chastity,NOUN,2,0,0
cohabit,NOUN,2,0,0
sensualist,NOUN,2,0,0
chaste,ADJ,2,0,0
rumor,NOUN,2,0,0
prostrate,NOUN,2,0,0
reverently,ADV,2,0,0
excrement,NOUN,2,0,0
Farmer,PROPN,2,0,1
migrate,VERB,2,0,0
Bose,PROPN,2,0,1
scour,VERB,2,0,0
rustling,NOUN,2,0,0
chase,NOUN,2,0,0
warrant,VERB,2,0,0
unwise,ADJ,2,0,0
bud,VERB,2,0,0
phœbe,NOUN,2,0,0
signal,NOUN,2,0,0
alarm,NOUN,2,0,0
troop,NOUN,2,0,0
wiry,ADJ,2,0,0
peep,NOUN,2,0,0
squirrel,PROPN,2,0,1
inquisitive,ADJ,2,0,0
fiercely,ADV,2,0,0
black,NOUN,2,0,0
trod,VERB,2,0,0
adversary,NOUN,2,0,0
tumbling,NOUN,2,0,0
unequal,ADJ,2,0,0
guard,NOUN,2,0,0
warrior,NOUN,2,0,0
cement,NOUN,2,0,0
eminent,ADJ,2,0,0
excited,ADJ,2,0,0
carnage,NOUN,2,0,0
Luther,PROPN,2,0,1
wound,VERB,2,0,0
tumbler,NOUN,2,0,0
sever,VERB,2,0,0
pierce,VERB,2,0,0
ferocity,NOUN,2,0,0
bow,NOUN,2,0,0
remnant,NOUN,2,0,0
wound,NOUN,2,0,0
victorious,ADJ,2,0,0
Presidency,PROPN,2,0,1
Slave,PROPN,2,0,1
ineffectually,ADV,2,0,0
guide,NOUN,2,0,0
stealthy,ADJ,2,0,0
spy,NOUN,2,0,0
stately,ADJ,2,0,0
manœuvre,VERB,2,0,0
widen,VERB,2,0,0
cunningly,ADV,2,0,0
resolve,NOUN,2,0,0
speed,VERB,2,0,0
swam,VERB,2,0,0
unearthly,ADJ,2,0,0
serenely,ADV,2,0,0
demoniac,NOUN,2,0,0
successfully,ADV,2,0,0
howl,NOUN,2,0,0
muzzle,NOUN,2,0,0
tumultuous,ADJ,2,0,0
load,VERB,2,0,0
likewise,ADV,2,0,0
chestnut,ADJ,2,0,0
scent,VERB,2,0,0
exterminate,VERB,2,0,0
reign,NOUN,2,0,0
manager,NOUN,2,0,0
wasp,NOUN,2,0,0
adhere,VERB,2,0,0
violent,ADJ,2,0,0
stiff,ADJ,2,0,0
et,NOUN,2,0,0
homage,NOUN,2,0,0
cavernous,ADJ,2,0,0
wherein,SCONJ,2,1,0
converse,NOUN,2,0,0
legally,ADV,2,0,0
order,VERB,2,0,0
back,VERB,2,1,0
dumb,ADJ,2,0,0
whiter,NOUN,2,0,0
plasterer,NOUN,2,0,0
freezing,NOUN,2,0,0
double,VERB,2,0,0
minute,ADJ,2,0,0
oblong,ADJ,2,0,0
perpendicular,ADJ,2,0,0
opaque,ADJ,2,0,0
pour,VERB,2,0,0
eighth,ADJ,2,0,0
contribute,VERB,2,0,0
whoop,NOUN,2,0,0
alight,NOUN,2,0,0
honk,NOUN,2,0,0
hurry,VERB,2,0,0
Gilpin,PROPN,2,0,1
exceed,VERB,2,0,0
hamlet,NOUN,2,0,0
incense,NOUN,2,0,0
spark,NOUN,2,0,0
snug,NOUN,2,0,0
sle,VERB,2,0,0
abet,VERB,2,0,0
chaise,NOUN,2,0,0
Ingraham,PROPN,2,0,1
obliterate,VERB,2,0,0
Woods,PROPN,2,0,1
parole,NOUN,2,0,0
mutter,VERB,2,0,0
indirect,ADJ,2,0,0
hospitable,ADJ,2,0,0
dusky,ADJ,2,0,0
Breed,PROPN,2,0,1
location,NOUN,2,0,0
mischievous,ADJ,2,0,0
sentiment,NOUN,2,0,0
survivor,NOUN,2,0,0
beneath,NOUN,2,0,0
mount,VERB,2,0,0
lilac,PROPN,2,0,1
ware,NOUN,2,0,0
taxis,NOUN,2,0,0
Waterloo,PROPN,2,0,1
capable,ADJ,2,0,0
stick,VERB,2,0,0
mitten,NOUN,2,0,0
gnarl,VERB,2,0,0
new,ADV,2,0,0
lone,ADJ,2,0,0
wanderer,NOUN,2,0,0
thrive,VERB,2,0,0
reminiscence,NOUN,2,0,0
seldom,ADV,2,0,0
flounder,VERB,2,0,0
swamp,VERB,2,0,0
tempest,NOUN,2,0,0
coming,NOUN,2,0,0
going,NOUN,2,0,0
boisterous,ADJ,2,0,0
desert,VERB,2,0,0
peddle,VERB,2,0,0
afterwards,ADV,2,1,0
disgrace,VERB,2,0,0
image,NOUN,2,0,0
whichever,DET,2,0,0
atmospheric,ADJ,2,0,0
Vishnu,PROPN,2,0,1
Bay,PROPN,2,0,1
loom,VERB,2,0,0
sleigh,NOUN,2,0,0
moose,NOUN,2,0,0
Wood,PROPN,2,0,1
honking,NOUN,2,0,0
harsh,ADJ,2,0,0
cracking,NOUN,2,0,0
ludicrous,ADJ,2,0,0
cobs,NOUN,2,0,0
buffalo,NOUN,2,0,0
south,PROPN,2,0,1
beam,NOUN,2,0,0
yelp,NOUN,2,0,0
brush,NOUN,2,0,0
inn,PROPN,2,0,1
pursuer,NOUN,2,0,0
Ere,PROPN,2,0,1
quick,ADJ,2,0,0
pup,NOUN,2,0,0
hounding,NOUN,2,0,0
Weston,PROPN,2,0,1
deer,NOUN,2,0,0
Lepus,PROPN,2,0,1
thump,NOUN,2,0,0
bony,NOUN,2,0,0
venerable,ADJ,2,0,0
dawn,VERB,2,0,0
perchance,VERB,2,0,0
soften,VERB,2,0,0
luncheon,NOUN,2,0,0
naught,NOUN,2,0,0
lore,NOUN,2,0,0
moss,ADJ,2,0,0
grub,NOUN,2,0,0
ruder,NOUN,2,0,0
cod,NOUN,2,0,0
capacious,ADJ,2,0,0
emerald,NOUN,2,0,0
desirous,ADJ,2,0,0
thankful,ADJ,2,0,0
vertical,ADJ,2,0,0
horrid,NOUN,2,0,0
promontory,NOUN,2,0,0
sounding,NOUN,2,0,0
coincidence,NOUN,2,0,0
intersect,VERB,2,0,0
comprehend,VERB,2,0,0
adjacent,ADJ,2,0,0
overshadow,NOUN,2,0,0
harbor,VERB,2,0,0
stack,VERB,2,0,0
leach,NOUN,2,0,0
cavity,NOUN,2,0,0
sixteen,NUM,2,0,0
internally,ADV,2,0,0
lain,VERB,2,0,0
ton,NOUN,2,0,0
yield,NOUN,2,0,0
rut,NOUN,2,0,0
terra,X,2,0,0
fort,NOUN,2,0,0
per,NOUN,2,1,0
composition,NOUN,2,0,0
tract,NOUN,2,0,0
comb,NOUN,2,0,0
booming,NOUN,2,0,0
drum,NOUN,2,0,0
boom,VERB,2,0,0
thundering,NOUN,2,0,0
combed,ADJ,2,0,0
cut,NOUN,2,0,0
pulpy,NOUN,2,0,0
lob,VERB,2,0,0
foliaceous,ADJ,2,0,0
inert,ADJ,2,0,0
dripping,ADJ,2,0,0
loiter,VERB,2,0,0
metal,NOUN,2,0,0
chirrup,VERB,2,0,0
chickaree,NOUN,2,0,0
silvery,NOUN,2,0,0
glee,NOUN,2,0,0
che,PROPN,2,0,1
judge,NOUN,2,0,0
avenger,NOUN,2,0,0
rectitude,VERB,2,0,0
lurk,NOUN,2,0,0
hummock,NOUN,2,0,0
snipe,NOUN,2,0,0
transgress,VERB,2,0,0
hasten,VERB,2,0,0
giraffe,NOUN,2,0,0
plus,CCONJ,2,0,0
Coast,PROPN,2,0,1
direct,ADJ,2,0,0
formal,ADJ,2,0,0
interpret,VERB,2,0,0
piety,NOUN,2,0,0
definite,ADJ,2,0,0
class,VERB,2,0,0
rot,NOUN,2,0,0
Kouroo,PROPN,2,0,1
stick,PROPN,2,0,1
alm,NOUN,2,0,0
subject,VERB,2,0,0
vintage,NOUN,2,0,0
British,PROPN,2,0,1
abuse,VERB,2,0,0
command,VERB,2,0,0
conscientious,ADJ,2,0,0
undue,ADJ,2,0,0
lump,NOUN,2,0,0
population,NOUN,2,0,0
overrun,NOUN,2,0,0
Government,PROPN,2,0,1
quarrel,VERB,2,0,0
Washington,PROPN,2,0,1
remedy,VERB,2,0,0
convention,NOUN,2,0,0
candidate,NOUN,2,0,0
applaud,VERB,2,0,0
sin,VERB,2,0,0
incur,VERB,2,0,0
requisition,NOUN,2,0,0
alter,VERB,2,0,0
Legislature,PROPN,2,0,1
consideration,NOUN,2,0,0
constitute,VERB,2,0,0
abide,VERB,2,0,0
disobedience,NOUN,2,0,0
sign,VERB,2,0,0
clever,ADJ,2,0,0
huckleberry,PROPN,2,0,1
countenance,VERB,2,0,0
sanction,NOUN,2,0,0
following,NOUN,2,0,0
code,NOUN,2,0,0
legislation,NOUN,2,0,0
monarchy,NOUN,2,0,0
democracy,NOUN,2,0,0
Use,PROPN,2,0,1
concept,NOUN,2,0,0
registered,ADJ,2,0,0
research,NOUN,2,0,0
redistribution,NOUN,2,0,0
promote,VERB,2,0,0
domain,NOUN,2,0,0
reference,NOUN,2,0,0
immediate,ADJ,2,0,0
prominently,ADV,2,0,0
redistribute,VERB,2,0,0
Vanilla,PROPN,2,0,1
ASCII,PROPN,2,0,1
specify,VERB,2,0,0
address,NOUN,2,0,0
Section,PROPN,2,0,1
receipt,NOUN,2,0,0
accordance,NOUN,2,0,0
legal,ADJ,2,0,0
breach,NOUN,2,0,0
refund,VERB,2,0,0
explanation,NOUN,2,0,0
lieu,NOUN,2,0,0
electronically,ADV,2,0,0
readable,ADJ,2,0,0
exempt,ADJ,2,0,0
federal,ADJ,2,0,0
email,NOUN,2,0,0
solicit,VERB,2,0,0
please,INTJ,2,1,0
Release,PROPN,1,0,1
Judith,PROPN,1,0,1
Boss,PROPN,1,0,1
Widger,PROPN,1,0,1
Contents,PROPN,1,0,1
obtrude,VERB,1,0,0
egotism,NOUN,1,0,0
anybody,PRON,1,0,0
narrowness,NOUN,1,0,0
Sandwich,PROPN,1,0,1
Islanders,PROPN,1,0,1
Brahmins,PROPN,1,0,1
chain,VERB,1,0,0
astonishing,ADJ,1,0,0
twelve,ADJ,1,1,0
trifle,VERB,1,0,0
slay,VERB,1,0,0
capture,VERB,1,0,0
Iolas,PROPN,1,0,1
hydra,PROPN,1,0,1
suckle,VERB,1,0,0
serf,NOUN,1,0,0
smother,VERB,1,0,0
augean,ADJ,1,0,0
tillage,NOUN,1,0,0
mow,VERB,1,0,0
portionless,NOUN,1,0,0
subdue,VERB,1,0,0
cubic,ADJ,1,0,0
moth,NOUN,1,0,0
rust,NOUN,1,0,0
fool,NOUN,1,0,0
Deucalion,PROPN,1,0,1
Pyrrha,PROPN,1,0,1
inde,ADJ,1,0,0
genus,NOUN,1,0,0
durum,NOUN,1,0,0
sumus,NOUN,1,0,0
experiensque,NOUN,1,0,0
laborum,NOUN,1,0,0
Et,PROPN,1,0,1
documenta,NOUN,1,0,0
damus,PROPN,1,0,1
quâ,PROPN,1,0,1
simus,PROPN,1,0,1
origine,NOUN,1,0,0
nati,PROPN,1,0,1
Raleigh,PROPN,1,0,1
rhyme,VERB,1,0,0
thence,NOUN,1,1,0
hearted,ADJ,1,0,0
approve,VERB,1,0,0
stony,ADJ,1,0,0
blunder,VERB,1,0,0
superfluously,ADV,1,0,0
excessive,ADJ,1,0,0
leisure,VERB,1,0,0
depreciate,VERB,1,0,0
gratuitously,ADV,1,0,0
recruit,VERB,1,0,0
cordial,NOUN,1,0,0
handling,NOUN,1,0,0
tenderly,ADV,1,0,0
gasp,VERB,1,0,0
creditor,NOUN,1,0,0
whet,VERB,1,0,0
Latins,PROPN,1,0,1
æs,X,1,0,0
alienum,PROPN,1,0,1
insolvent,ADJ,1,0,0
curry,VERB,1,0,0
flattering,ADJ,1,0,0
yourself,NOUN,1,1,0
vaporous,ADJ,1,0,0
yourselves,PRON,1,1,0
servitude,NOUN,1,0,0
Slavery,PROPN,1,0,1
enslave,VERB,1,0,0
wend,VERB,1,0,0
shipping,NOUN,1,0,0
godlike,ADJ,1,0,0
cower,NOUN,1,0,0
sneak,NOUN,1,0,0
vaguely,ADV,1,0,0
win,VERB,1,0,0
emancipation,NOUN,1,0,0
province,NOUN,1,0,0
Wilberforce,PROPN,1,0,1
toilet,NOUN,1,0,0
stereotyped,ADJ,1,0,0
characteristic,NOUN,1,0,0
catechism,NOUN,1,0,0
alert,VERB,1,0,0
clear,ADV,1,0,0
everybody,PRON,1,0,0
falsehood,ADJ,1,0,0
fertilize,VERB,1,0,0
round,ADP,1,0,0
qualified,ADJ,1,0,0
instructor,NOUN,1,0,0
profit,VERB,1,0,0
belie,VERB,1,0,0
senior,NOUN,1,0,0
untried,ADJ,1,0,0
Mentors,PROPN,1,0,1
jerk,VERB,1,0,0
helpless,ADJ,1,0,0
disease,VERB,1,0,0
predecessor,NOUN,1,0,0
ordinance,NOUN,1,0,0
prætor,NOUN,1,0,0
acorn,NOUN,1,0,0
trespass,NOUN,1,0,0
Hippocrates,PROPN,1,0,1
shorter,ADV,1,0,0
tedium,NOUN,1,0,0
precedent,NOUN,1,0,0
hitherto,VERB,1,0,0
hast,PROPN,1,0,1
illumine,NOUN,1,0,0
triangle,NOUN,1,0,0
human,NOUN,1,0,0
Poetry,PROPN,1,0,1
informing,NOUN,1,0,0
repent,VERB,1,0,0
strand,VERB,1,0,0
vigilant,ADJ,1,0,0
unwillingly,ADV,1,0,0
radius,NOUN,1,0,0
frontier,NOUN,1,0,0
skeleton,NOUN,1,0,0
savageness,NOUN,1,0,0
consequent,ADJ,1,0,0
legitimately,ADV,1,0,0
Darwin,PROPN,1,0,1
clothed,ADJ,1,0,0
undergo,VERB,1,0,0
roasting,NOUN,1,0,0
impunity,NOUN,1,0,0
european,ADJ,1,0,0
shiver,NOUN,1,0,0
hardiness,NOUN,1,0,0
intellectualness,NOUN,1,0,0
Liebig,PROPN,1,0,1
food,VERB,1,0,0
analogy,NOUN,1,0,0
generate,VERB,1,0,0
pain,VERB,1,0,0
cold,PROPN,1,0,1
man,VERB,1,0,0
elysian,ADJ,1,0,0
studious,ADJ,1,0,0
lamplight,NOUN,1,0,0
stationery,NOUN,1,0,0
rank,VERB,1,0,0
unnaturally,ADV,1,0,0
à,PROPN,1,0,1
la,X,1,0,0
meagre,ADJ,1,0,0
Chinese,PROPN,1,0,1
impartial,ADJ,1,0,0
vantage,NOUN,1,0,0
dictate,NOUN,1,0,0
courtier,ADV,1,0,0
kingly,ADV,1,0,0
progenitor,NOUN,1,0,0
enervate,VERB,1,0,0
hotter,ADJ,1,0,0
adventure,VERB,1,0,0
vacation,NOUN,1,0,0
radicle,NOUN,1,0,0
esculent,NOUN,1,0,0
biennial,NOUN,1,0,0
valiant,ADJ,1,0,0
hell,NOUN,1,0,0
magnificently,ADV,1,0,0
impoverish,VERB,1,0,0
fondness,NOUN,1,0,0
enthusiasm,NOUN,1,0,0
idly,ADV,1,0,0
hardness,NOUN,1,0,0
energetically,ADV,1,0,0
inconsolably,ADV,1,0,0
terribly,ADV,1,0,0
impoverished,ADJ,1,0,0
dross,ADV,1,0,0
forge,VERB,1,0,0
surprise,VERB,1,0,0
hint,VERB,1,0,0
nick,NOUN,1,0,0
toe,VERB,1,0,0
inseparable,ADJ,1,0,0
admittance,NOUN,1,0,0
Gazette,PROPN,1,0,1
observatory,NOUN,1,0,0
telegraph,VERB,1,0,0
manna,NOUN,1,0,0
wise,ADV,1,0,0
journal,NOUN,1,0,0
inspector,NOUN,1,0,0
surveyor,PROPN,1,0,1
ravine,NOUN,1,0,0
bridge,VERB,1,0,0
passable,ADJ,1,0,0
testify,VERB,1,0,0
herdsman,NOUN,1,0,0
Jonas,PROPN,1,0,1
nettle,ADJ,1,0,0
violet,NOUN,1,0,0
boasting,NOUN,1,0,0
sinecure,NOUN,1,0,0
swear,VERB,1,0,0
audit,VERB,1,0,0
texture,NOUN,1,0,0
curacy,NOUN,1,0,0
shift,VERB,1,0,0
cheaply,ADV,1,0,0
transact,VERB,1,0,0
foolish,ADJ,1,0,0
strict,ADJ,1,0,0
Salem,PROPN,1,0,1
fixture,NOUN,1,0,0
granite,NOUN,1,0,0
oversee,VERB,1,0,0
underwriter,NOUN,1,0,0
superintend,VERB,1,0,0
import,NOUN,1,0,0
Jersey,PROPN,1,0,1
unweariedly,ADV,1,0,0
coastwise,NOUN,1,0,0
despatch,NOUN,1,0,0
informed,ADJ,1,0,0
tendency,NOUN,1,0,0
buoy,VERB,1,0,0
logarithmic,ADJ,1,0,0
untold,ADJ,1,0,0
La,PROPN,1,0,1
discoverer,NOUN,1,0,0
adventurer,NOUN,1,0,0
Phœnicians,PROPN,1,0,1
task,NOUN,1,0,0
tare,NOUN,1,0,0
tret,ADJ,1,0,0
gauging,NOUN,1,0,0
divulge,NOUN,1,0,0
driving,NOUN,1,0,0
westerly,ADJ,1,0,0
Petersburg,PROPN,1,0,1
undertaking,NOUN,1,0,0
recollect,VERB,1,0,0
wardrobe,NOUN,1,0,0
dressmaker,VERB,1,0,0
majesty,NOUN,1,0,0
assimilate,VERB,1,0,0
impress,NOUN,1,0,0
medical,ADJ,1,0,0
solemnity,NOUN,1,0,0
estimation,NOUN,1,0,0
unpatched,ADJ,1,0,0
improvidence,NOUN,1,0,0
hobble,ADJ,1,0,0
breech,NOUN,1,0,0
quiet,VERB,1,0,0
relative,ADJ,1,0,0
Madam,PROPN,1,0,1
Pfeiffer,PROPN,1,0,1
west,PROPN,1,0,1
Asiatic,PROPN,1,0,1
Russia,PROPN,1,0,1
democratic,ADJ,1,0,0
manifestation,NOUN,1,0,0
equipage,NOUN,1,0,0
sewing,NOUN,1,0,0
endless,ADJ,1,0,0
indeterminate,ADJ,1,0,0
soirées,VERB,1,0,0
legislative,ADJ,1,0,0
jacket,NOUN,1,0,0
trouser,NOUN,1,0,0
beware,VERB,1,0,0
enterprised,ADJ,1,0,0
moulting,NOUN,1,0,0
caterpillar,PROPN,1,0,1
wormy,NOUN,1,0,0
outmost,ADJ,1,0,0
cuticle,NOUN,1,0,0
cashier,VERB,1,0,0
exogenous,ADJ,1,0,0
epidermis,NOUN,1,0,0
integument,NOUN,1,0,0
cortex,NOUN,1,0,0
liber,NOUN,1,0,0
compactly,ADV,1,0,0
preparedly,ADV,1,0,0
handed,ADJ,1,0,0
cowhide,VERB,1,0,0
nominal,ADJ,1,0,0
earning,NOUN,1,0,0
tailoress,NOUN,1,0,0
impersonal,ADJ,1,0,0
Fates,PROPN,1,0,1
oracular,ADJ,1,0,0
separately,ADV,1,0,0
consanguinity,NOUN,1,0,0
measuring,NOUN,1,0,0
Graces,PROPN,1,0,1
Parcæ,PROPN,1,0,1
weave,NOUN,1,0,0
squeeze,VERB,1,0,0
mummy,NOUN,1,0,0
masquerade,NOUN,1,0,0
VIII,PROPN,1,0,1
Elizabeth,PROPN,1,0,1
Cannibal,PROPN,1,0,1
Islands,PROPN,1,0,1
costume,VERB,1,0,0
pitiful,ADJ,1,0,0
Harlequin,PROPN,1,0,1
colic,NOUN,1,0,0
trapping,NOUN,1,0,0
cannon,NOUN,1,0,0
purple,ADJ,1,0,0
childish,ADJ,1,0,0
squint,VERB,1,0,0
kaleidoscope,NOUN,1,0,0
manufacturer,NOUN,1,0,0
tattooing,NOUN,1,0,0
hideous,ADJ,1,0,0
printing,NOUN,1,0,0
unalterable,ADJ,1,0,0
clad,VERB,1,0,0
enrich,VERB,1,0,0
Samuel,PROPN,1,0,1
Laing,PROPN,1,0,1
Laplander,PROPN,1,0,1
extremely,ADV,1,0,0
parasol,NOUN,1,0,0
gazette,NOUN,1,0,0
limbed,ADJ,1,0,0
narrow,VERB,1,0,0
torrid,PROPN,1,0,1
enterprise,VERB,1,0,0
yearning,NOUN,1,0,0
tile,NOUN,1,0,0
dovecot,NOUN,1,0,0
behoove,VERB,1,0,0
shrewdness,NOUN,1,0,0
labyrinth,NOUN,1,0,0
clue,NOUN,1,0,0
museum,NOUN,1,0,0
mausoleum,NOUN,1,0,0
Penobscot,PROPN,1,0,1
callous,ADJ,1,0,0
auger,NOUN,1,0,0
dog,VERB,1,0,0
jest,VERB,1,0,0
levity,NOUN,1,0,0
Gookin,PROPN,1,0,1
superintendent,NOUN,1,0,0
sap,NOUN,1,0,0
carpet,VERB,1,0,0
embroidered,ADJ,1,0,0
fox,VERB,1,0,0
fraction,NOUN,1,0,0
insist,VERB,1,0,0
owning,NOUN,1,0,0
paint,NOUN,1,0,0
Rumford,PROPN,1,0,1
venetian,ADJ,1,0,0
commodious,ADJ,1,0,0
encumber,VERB,1,0,0
doubtful,ADJ,1,0,0
defraying,NOUN,1,0,0
ye,PROPN,1,0,1
saith,ADP,1,0,0
proverb,NOUN,1,0,0
Israel,PROPN,1,0,1
Behold,PROPN,1,0,1
mine,ADJ,1,1,0
sinneth,PROPN,1,0,1
outweigh,VERB,1,0,0
assessor,NOUN,1,0,0
inquire,NOUN,1,0,0
pertinently,ADV,1,0,0
failure,VERB,1,0,0
succeed,NOUN,1,0,0
bankrupt,ADJ,1,0,0
Bankruptcy,PROPN,1,0,1
repudiation,NOUN,1,0,0
springboard,NOUN,1,0,0
vault,NOUN,1,0,0
unelastic,ADJ,1,0,0
Cattle,PROPN,1,0,1
Show,PROPN,1,1,1
éclat,NOUN,1,0,0
suent,NOUN,1,0,0
shoestring,NOUN,1,0,0
consummate,NOUN,1,0,0
Chapman,PROPN,1,0,1
sing,NOUN,1,0,0
greatness,NOUN,1,0,0
heavenly,ADV,1,0,0
rarefie,NOUN,1,0,0
valid,ADJ,1,0,0
Momus,PROPN,1,0,1
movable,ADJ,1,0,0
scurvy,NOUN,1,0,0
indigence,NOUN,1,0,0
Pharaohs,PROPN,1,0,1
garlic,PROPN,1,0,1
shrink,VERB,1,0,0
denomination,NOUN,1,0,0
Ireland,PROPN,1,0,1
contrast,VERB,1,0,0
Islander,PROPN,1,0,1
average,NOUN,1,0,0
squalidness,NOUN,1,0,0
refer,NOUN,1,0,0
palmleaf,NOUN,1,0,0
crown,NOUN,1,0,0
glow,NOUN,1,0,0
umbrella,NOUN,1,0,0
apotheosize,VERB,1,0,0
bearer,NOUN,1,0,0
retinue,NOUN,1,0,0
intellectually,ADV,1,0,0
superior,NOUN,1,0,0
cluttered,ADJ,1,0,0
terrified,ADJ,1,0,0
undusted,ADJ,1,0,0
disgust,NOUN,1,0,0
furnished,ADJ,1,0,0
diligently,ADV,1,0,0
publican,NOUN,1,0,0
Sardanapalus,PROPN,1,0,1
emasculate,VERB,1,0,0
divan,NOUN,1,0,0
othman,NOUN,1,0,0
oriental,ADJ,1,0,0
harem,NOUN,1,0,0
effeminate,VERB,1,0,0
crowd,VERB,1,0,0
velvet,NOUN,1,0,0
ox,ADJ,1,0,0
malaria,NOUN,1,0,0
independently,ADV,1,0,0
agri,VERB,1,0,0
free,VERB,1,0,0
pedestal,NOUN,1,0,0
bust,NOUN,1,0,0
gewgaw,NOUN,1,0,0
mantel,NOUN,1,0,0
earthy,ADJ,1,0,0
refined,ADJ,1,0,0
jump,NOUN,1,0,0
due,ADP,1,1,0
muscle,NOUN,1,0,0
wandering,ADJ,1,0,0
Arabs,PROPN,1,0,1
impropriety,NOUN,1,0,0
bolster,VERB,1,0,0
seven,NOUN,1,0,0
bawble,NOUN,1,0,0
ornamental,ADJ,1,0,0
Johnson,PROPN,1,0,1
Wonder,PROPN,1,0,1
Working,PROPN,1,0,1
Providence,PROPN,1,0,1
secretary,NOUN,1,0,0
Province,PROPN,1,0,1
Dutch,PROPN,1,0,1
farmhouse,NOUN,1,0,0
caving,NOUN,1,0,0
wainscot,PROPN,1,0,1
firstly,ADV,1,0,0
discourage,VERB,1,0,0
Fatherland,PROPN,1,0,1
wheaten,ADJ,1,0,0
tenement,NOUN,1,0,0
shellfish,NOUN,1,0,0
degenerate,ADJ,1,0,0
wigwam,ADJ,1,0,0
understandingly,ADV,1,0,0
experienced,ADJ,1,0,0
arrowy,ADJ,1,0,0
sharper,ADV,1,0,0
flurry,NOUN,1,0,0
discontent,NOUN,1,0,0
torpid,NOUN,1,0,0
striped,ADJ,1,0,0
frosty,ADJ,1,0,0
inflexible,ADJ,1,0,0
hewing,NOUN,1,0,0
communicable,ADJ,1,0,0
hew,VERB,1,0,0
sawed,ADJ,1,0,0
mortise,VERB,1,0,0
tenone,VERB,1,0,0
chat,VERB,1,0,0
pleasantly,ADV,1,0,0
uncommonly,ADV,1,0,0
unobserved,ADJ,1,0,0
dimension,NOUN,1,0,0
peaked,ADJ,1,0,0
brittle,ADJ,1,0,0
dank,NOUN,1,0,0
clammy,NOUN,1,0,0
aguish,VERB,1,0,0
parasol,PROPN,1,0,1
nail,VERB,1,0,0
sapling,NOUN,1,0,0
meanwhile,NOUN,1,1,0
vacate,VERB,1,0,0
trod,PROPN,1,0,1
bleach,VERB,1,0,0
treacherously,ADV,1,0,0
Patrick,PROPN,1,0,1
neighbor,PROPN,1,0,1
Seeley,PROPN,1,0,1
carting,NOUN,1,0,0
drivable,VERB,1,0,0
spike,NOUN,1,0,0
unconcerned,ADJ,1,0,0
devastation,NOUN,1,0,0
dearth,NOUN,1,0,0
spectatordom,NOUN,1,0,0
Troy,PROPN,1,0,1
stain,NOUN,1,0,0
latitude,VERB,1,0,0
porch,NOUN,1,0,0
neighborliness,ADJ,1,0,0
honored,ADJ,1,0,0
raiser,NOUN,1,0,0
roof,VERB,1,0,0
edge,VERB,1,0,0
boarding,NOUN,1,0,0
storm,VERB,1,0,0
tablecloth,NOUN,1,0,0
temporal,ADJ,1,0,0
fitness,NOUN,1,0,0
engaged,ADJ,1,0,0
cowbird,NOUN,1,0,0
cuckoo,NOUN,1,0,0
chatter,VERB,1,0,0
unmusical,ADJ,1,0,0
dilettantism,NOUN,1,0,0
plum,NOUN,1,0,0
almond,ADJ,1,0,0
caraway,NOUN,1,0,0
almond,NOUN,1,0,0
without,ADV,1,1,0
shellfish,VERB,1,0,0
contract,NOUN,1,0,0
Trinity,PROPN,1,0,1
Church,PROPN,1,0,1
precise,ADJ,1,0,0
timidly,ADV,1,0,0
truthfulness,NOUN,1,0,0
unpretending,ADJ,1,0,0
picturesque,ADJ,1,0,0
suburban,ADJ,1,0,0
substantial,NOUN,1,0,0
olive,NOUN,1,0,0
belle,NOUN,1,0,0
lettre,NOUN,1,0,0
beaux,PROPN,1,0,1
arts,PROPN,1,0,1
coffin,NOUN,1,0,0
complexion,NOUN,1,0,0
slice,NOUN,1,0,0
plane,NOUN,1,0,0
tight,ADV,1,0,0
shingled,ADJ,1,0,0
Boards,PROPN,1,0,1
shanty,ADJ,1,0,0
Hair,PROPN,1,0,1
Mantle,PROPN,1,0,1
Nails,PROPN,1,0,1
Hinges,PROPN,1,0,1
screw,NOUN,1,0,0
Latch,PROPN,1,0,1
Chalk,PROPN,1,0,1
Transportation,PROPN,1,0,1
adjoining,NOUN,1,0,0
lifetime,NOUN,1,0,0
shortcoming,NOUN,1,0,0
relief,NOUN,1,0,0
attorney,NOUN,1,0,0
vanish,VERB,1,0,0
elsewhere,ADJ,1,1,0
management,NOUN,1,0,0
tuition,NOUN,1,0,0
cultivated,ADJ,1,0,0
contractor,NOUN,1,0,0
oversight,NOUN,1,0,0
benefit,VERB,1,0,0
shirk,VERB,1,0,0
ignoble,ADJ,1,0,0
unprofitable,ADJ,1,0,0
defraud,VERB,1,0,0
fruitful,ADJ,1,0,0
mathematic,NOUN,1,0,0
telescope,NOUN,1,0,0
chemistry,NOUN,1,0,0
Neptune,PROPN,1,0,1
vagabond,NOUN,1,0,0
swarm,NOUN,1,0,0
vinegar,NOUN,1,0,0
jackknife,NOUN,1,0,0
ore,NOUN,1,0,0
smelt,VERB,1,0,0
metallurgy,NOUN,1,0,0
Institute,PROPN,1,0,1
Rodgers,PROPN,1,0,1
penknife,NOUN,1,0,0
Ricardo,PROPN,1,0,1
irretrievably,ADV,1,0,0
exact,VERB,1,0,0
compound,NOUN,1,0,0
toy,NOUN,1,0,0
improved,ADJ,1,0,0
predicament,NOUN,1,0,0
eager,ADJ,1,0,0
tunnel,VERB,1,0,0
Princess,PROPN,1,0,1
Adelaide,PROPN,1,0,1
whooping,ADJ,1,0,0
cough,NOUN,1,0,0
evangelist,NOUN,1,0,0
Flying,PROPN,1,0,1
childer,NOUN,1,0,0
afoot,ADJ,1,0,0
ahead,ADV,1,0,0
outwit,VERB,1,0,0
grade,VERB,1,0,0
joint,ADJ,1,0,0
ride,NOUN,1,0,0
conductor,NOUN,1,0,0
aboard,ADV,1,0,0
condense,VERB,1,0,0
spending,NOUN,1,0,0
questionable,ADJ,1,0,0
Englishman,PROPN,1,0,1
cheep,VERB,1,0,0
virgin,PROPN,1,0,1
unmerchantable,ADJ,1,0,0
driftwood,NOUN,1,0,0
deduct,VERB,1,0,0
nay,NOUN,1,0,0
awe,VERB,1,0,0
Arthur,PROPN,1,0,1
Young,PROPN,1,0,1
insufficient,ADJ,1,0,0
impartially,ADV,1,0,0
economical,ADJ,1,0,0
anchor,VERB,1,0,0
bent,NOUN,1,0,0
freer,NOUN,1,0,0
haying,NOUN,1,0,0
gainer,NOUN,1,0,0
artistic,ADJ,1,0,0
prosperity,NOUN,1,0,0
hereabouts,ADV,1,0,0
behindhand,ADJ,1,0,0
abstract,ADJ,1,0,0
commemorate,VERB,1,0,0
retainer,NOUN,1,0,0
material,ADJ,1,0,0
Arcadia,PROPN,1,0,1
hammering,NOUN,1,0,0
perpetuate,VERB,1,0,0
gate,VERB,1,0,0
barbaric,ADJ,1,0,0
heathenish,ADJ,1,0,0
booby,NOUN,1,0,0
Bank,PROPN,1,0,1
mainspring,NOUN,1,0,0
garlic,NOUN,1,0,0
Balcom,PROPN,1,0,1
Vitruvius,PROPN,1,0,1
Dobson,PROPN,1,0,1
Sons,PROPN,1,0,1
stonecutter,NOUN,1,0,0
crazy,ADJ,1,0,0
know,NOUN,1,0,0
surveying,NOUN,1,0,0
carpentry,NOUN,1,0,0
Rice,PROPN,1,0,1
Cheapest,PROPN,1,0,1
saccharine,NOUN,1,0,0
Rye,PROPN,1,0,1
Pork,PROPN,1,0,1
Flour,PROPN,1,0,1
Sugar,PROPN,1,0,1
Lard,PROPN,1,0,1
Apples,PROPN,1,0,1
watermelon,NOUN,1,0,0
Salt,PROPN,1,0,1
unblushingly,ADV,1,0,0
guilt,NOUN,1,0,0
ravage,VERB,1,0,0
transmigration,NOUN,1,0,0
Tartar,PROPN,1,0,1
momentary,ADJ,1,0,0
musky,ADJ,1,0,0
incidental,ADJ,1,0,0
utensil,VERB,1,0,0
mending,NOUN,1,0,0
etc,X,1,0,0
balance,NOUN,1,0,0
uninstructive,ADJ,1,0,0
completeness,NOUN,1,0,0
inveterate,ADJ,1,0,0
caviller,NOUN,1,0,0
dining,NOUN,1,0,0
incredibly,ADV,1,0,0
purslane,NOUN,1,0,0
Portulaca,PROPN,1,0,1
oleracea,NOUN,1,0,0
salt,VERB,1,0,0
savoriness,NOUN,1,0,0
yielding,NOUN,1,0,0
drinking,NOUN,1,0,0
economic,ADJ,1,0,0
dietetic,ADJ,1,0,0
abstemiousness,NOUN,1,0,0
larder,NOUN,1,0,0
piny,NOUN,1,0,0
cereal,NOUN,1,0,0
unleavened,ADJ,1,0,0
mildness,NOUN,1,0,0
souring,NOUN,1,0,0
dough,NOUN,1,0,0
leavening,NOUN,1,0,0
fermentation,NOUN,1,0,0
spiritus,NOUN,1,0,0
vestal,ADJ,1,0,0
Mayflower,PROPN,1,0,1
cerealian,PROPN,1,0,1
billow,VERB,1,0,0
scald,VERB,1,0,0
synthetic,ADJ,1,0,0
analytic,ADJ,1,0,0
speedy,ADJ,1,0,0
pop,VERB,1,0,0
sal,ADJ,1,0,0
soda,NOUN,1,0,0
acid,NOUN,1,0,0
alkali,ADJ,1,0,0
recipe,NOUN,1,0,0
Marcus,PROPN,1,0,1
Porcius,PROPN,1,0,1
Panem,PROPN,1,0,1
depsticium,NOUN,1,0,0
sic,NOUN,1,0,0
facito,NOUN,1,0,0
manus,ADJ,1,0,0
mortariumque,ADJ,1,0,0
lavato,NOUN,1,0,0
Farinam,PROPN,1,0,1
mortarium,NOUN,1,0,0
indito,NOUN,1,0,0
aquæ,NOUN,1,0,0
paulatim,PROPN,1,0,1
addito,PROPN,1,0,1
subigitoque,X,1,0,0
pulchre,NOUN,1,0,0
Ubi,PROPN,1,0,1
subegeris,PROPN,1,0,1
defingito,NOUN,1,0,0
coquitoque,ADJ,1,0,0
sub,NOUN,1,0,0
testu,PROPN,1,0,1
cover,NOUN,1,0,0
baking,NOUN,1,0,0
emptiness,NOUN,1,0,0
purse,NOUN,1,0,0
breadstuff,NOUN,1,0,0
hominy,PROPN,1,0,1
hog,VERB,1,0,0
concentrated,ADJ,1,0,0
beet,NOUN,1,0,0
Forefathers,PROPN,1,0,1
sweeten,VERB,1,0,0
parsnip,NOUN,1,0,0
seashore,NOUN,1,0,0
barter,NOUN,1,0,0
operative,ADJ,1,0,0
habitat,NOUN,1,0,0
purchase,VERB,1,0,0
unbeliever,NOUN,1,0,0
tong,NOUN,1,0,0
andiron,NOUN,1,0,0
skillet,NOUN,1,0,0
frying,NOUN,1,0,0
pan,PROPN,1,0,1
wash,NOUN,1,0,0
fork,NOUN,1,0,0
japanned,ADJ,1,0,0
shiftlessness,NOUN,1,0,0
warehouse,NOUN,1,0,0
pack,VERB,1,0,0
beggarly,ADJ,1,0,0
spaulde,VERB,1,0,0
inspect,VERB,1,0,0
stricken,VERB,1,0,0
buckle,VERB,1,0,0
disown,NOUN,1,0,0
headway,NOUN,1,0,0
gateway,NOUN,1,0,0
sledge,ADJ,1,0,0
trig,ADJ,1,0,0
gird,VERB,1,0,0
insure,VERB,1,0,0
gay,ADJ,1,0,0
entangle,VERB,1,0,0
narrowly,ADV,1,0,0
baggage,NOUN,1,0,0
bandbox,NOUN,1,0,0
immigrant,NOUN,1,0,0
tottering,NOUN,1,0,0
wen,NOUN,1,0,0
nape,NOUN,1,0,0
gazer,NOUN,1,0,0
taint,NOUN,1,0,0
fade,VERB,1,0,0
wipe,VERB,1,0,0
deacon,NOUN,1,0,0
tapeworm,NOUN,1,0,0
bonfire,NOUN,1,0,0
eagerly,ADV,1,0,0
profitably,ADV,1,0,0
Bartram,PROPN,1,0,1
Mucclasse,PROPN,1,0,1
gratification,NOUN,1,0,0
amnesty,NOUN,1,0,0
malefactor,NOUN,1,0,0
habitation,NOUN,1,0,0
feast,VERB,1,0,0
dance,VERB,1,0,0
Mexicans,PROPN,1,0,1
purification,NOUN,1,0,0
belief,NOUN,1,0,0
sacrament,NOUN,1,0,0
dictionary,ADJ,1,0,0
define,NOUN,1,0,0
grace,NOUN,1,0,0
biblical,ADJ,1,0,0
train,VERB,1,0,0
ingenuity,NOUN,1,0,0
wonte,VERB,1,0,0
Admetus,PROPN,1,0,1
hay,PROPN,1,0,1
cart,ADJ,1,0,0
attache,NOUN,1,0,0
Grecian,PROPN,1,0,1
gothic,ADJ,1,0,0
mischief,NOUN,1,0,0
respite,NOUN,1,0,0
hardship,NOUN,1,0,0
artificial,NOUN,1,0,0
sweat,NOUN,1,0,0
sweat,VERB,1,0,0
mathematical,ADJ,1,0,0
polestar,NOUN,1,0,0
calculable,ADJ,1,0,0
truer,ADV,1,0,0
underlie,NOUN,1,0,0
superficial,ADJ,1,0,0
inaudible,ADJ,1,0,0
coöperate,NOUN,1,0,0
hitherto,NOUN,1,0,0
annihilation,NOUN,1,0,0
steadfastness,NOUN,1,0,0
Persevere,PROPN,1,0,1
unintended,ADJ,1,0,0
aforethought,NOUN,1,0,0
splendor,NOUN,1,0,0
Robin,PROPN,1,0,1
Goodfellow,PROPN,1,0,1
lunatic,NOUN,1,0,0
tainting,NOUN,1,0,0
Phaeton,PROPN,1,0,1
chariot,NOUN,1,0,0
scorch,VERB,1,0,0
Sahara,PROPN,1,0,1
hurl,VERB,1,0,0
headlong,ADV,1,0,0
thunderbolt,NOUN,1,0,0
taint,VERB,1,0,0
certainty,NOUN,1,0,0
african,ADJ,1,0,0
simoom,NOUN,1,0,0
suffocate,VERB,1,0,0
ditch,NOUN,1,0,0
Newfoundland,PROPN,1,0,1
howard,NOUN,1,0,0
like,NOUN,1,0,0
Jesuits,PROPN,1,0,1
torture,NOUN,1,0,0
tormentor,NOUN,1,0,0
persuasiveness,NOUN,1,0,0
shiver,VERB,1,0,0
bitter,ADJ,1,0,0
pant,NOUN,1,0,0
intra,ADJ,1,0,0
ducking,NOUN,1,0,0
flannel,NOUN,1,0,0
slop,NOUN,1,0,0
hacking,NOUN,1,0,0
breeder,NOUN,1,0,0
proceed,NOUN,1,0,0
maybe,ADV,1,0,0
tenth,NOUN,1,0,0
remissness,NOUN,1,0,0
Philanthropy,PROPN,1,0,1
aunt,NOUN,1,0,0
reverend,ADJ,1,0,0
lecturer,NOUN,1,0,0
enumerate,VERB,1,0,0
scientific,ADJ,1,0,0
Bacon,PROPN,1,0,1
Cromwell,PROPN,1,0,1
Milton,PROPN,1,0,1
Newton,PROPN,1,0,1
Penn,PROPN,1,0,1
Fry,PROPN,1,0,1
falsehood,NOUN,1,0,0
uprightness,ADJ,1,0,0
benevolence,NOUN,1,0,0
greenness,NOUN,1,0,0
ripeness,NOUN,1,0,0
flavor,VERB,1,0,0
cast,NOUN,1,0,0
contagion,NOUN,1,0,0
heathen,PROPN,1,0,1
intemperate,NOUN,1,0,0
brutal,ADJ,1,0,0
microcosm,NOUN,1,0,0
drastic,ADJ,1,0,0
Patagonian,PROPN,1,0,1
dyspepsia,NOUN,1,0,0
crudity,NOUN,1,0,0
enormity,NOUN,1,0,0
sadden,VERB,1,0,0
right,VERB,1,0,0
couch,NOUN,1,0,0
chewer,NOUN,1,0,0
drowning,NOUN,1,0,0
corrupt,VERB,1,0,0
cursing,NOUN,1,0,0
prophet,NOUN,1,0,0
redeemer,NOUN,1,0,0
irrepressible,ADJ,1,0,0
dispel,VERB,1,0,0
Gulistan,PROPN,1,0,1
Flower,PROPN,1,0,1
Garden,PROPN,1,0,1
Sheik,PROPN,1,0,1
Sadi,PROPN,1,0,1
Shiraz,PROPN,1,0,1
umbrageous,ADJ,1,0,0
appropriate,ADJ,1,0,0
continuance,NOUN,1,0,0
blooming,ADJ,1,0,0
azad,NOUN,1,0,0
Dijlah,PROPN,1,0,1
Tigris,PROPN,1,0,1
Bagdad,PROPN,1,0,1
caliph,NOUN,1,0,0
complemental,VERB,1,0,0
verses,ADP,1,0,0
Pretensions,PROPN,1,0,1
Poverty,PROPN,1,0,1
dost,NOUN,1,0,0
wretch,NOUN,1,0,0
nurse,NOUN,1,0,0
lazy,ADJ,1,0,0
pedantic,ADJ,1,0,0
blooming,NOUN,1,0,0
Degradeth,PROPN,1,0,1
benumbeth,PROPN,1,0,1
Gorgon,PROPN,1,0,1
necessitate,VERB,1,0,0
passive,ADJ,1,0,0
fortitude,NOUN,1,0,0
mediocrity,NOUN,1,0,0
servile,ADJ,1,0,0
bounteous,ADJ,1,0,0
magnificence,NOUN,1,0,0
bound,ADJ,1,0,0
Theseus,PROPN,1,0,1
seest,ADV,1,0,0
CAREW,PROPN,1,0,1
broker,NOUN,1,0,0
radiate,VERB,1,0,0
sede,NOUN,1,0,0
buffet,VERB,1,0,0
woodlot,NOUN,1,0,0
blast,VERB,1,0,0
sort,VERB,1,0,0
monarch,NOUN,1,0,0
crusty,NOUN,1,0,0
rhyme,NOUN,1,0,0
impound,VERB,1,0,0
cream,NOUN,1,0,0
bounding,NOUN,1,0,0
ruinous,ADJ,1,0,0
dilapidated,ADJ,1,0,0
lichen,ADV,1,0,0
grub,VERB,1,0,0
Atlas,PROPN,1,0,1
unmoleste,VERB,1,0,0
discriminate,VERB,1,0,0
uncommitted,ADJ,1,0,0
De,PROPN,1,0,1
Re,PROPN,1,1,1
Rusticâ,PROPN,1,0,1
nonsense,NOUN,1,0,0
Independence,PROPN,1,0,1
Day,PROPN,1,0,1
stain,VERB,1,0,0
upright,ADJ,1,0,0
hewn,PROPN,1,0,1
casing,NOUN,1,0,0
gum,NOUN,1,0,0
exude,VERB,1,0,0
unplastered,ADJ,1,0,0
goddess,NOUN,1,0,0
poem,NOUN,1,0,0
uninterrupte,VERB,1,0,0
Olympus,PROPN,1,0,1
clad,NOUN,1,0,0
crystallization,NOUN,1,0,0
outdoors,ADV,1,0,0
freshness,NOUN,1,0,0
rainiest,ADJ,1,0,0
Harivansa,PROPN,1,0,1
seasoning,NOUN,1,0,0
cage,VERB,1,0,0
serenade,NOUN,1,0,0
tanager,NOUN,1,0,0
extensive,ADJ,1,0,0
Battle,PROPN,1,0,1
Ground,PROPN,1,0,1
tarn,NOUN,1,0,0
bottom,ADJ,1,1,0
nightly,ADJ,1,0,0
stealthily,ADV,1,0,0
conventicle,NOUN,1,0,0
mid,ADJ,1,0,0
southward,ADV,1,0,0
indentation,NOUN,1,0,0
green,PROPN,1,0,1
tiptoe,NOUN,1,0,0
bluer,ADJ,1,0,0
mint,NOUN,1,0,0
buoyancy,NOUN,1,0,0
continent,ADJ,1,0,0
insular,ADJ,1,0,0
mirage,NOUN,1,0,0
seething,ADJ,1,0,0
insulate,VERB,1,0,0
interverte,VERB,1,0,0
pasture,ADJ,1,0,0
plateau,NOUN,1,0,0
steppe,NOUN,1,0,0
Tartary,PROPN,1,0,1
rove,VERB,1,0,0
Damodara,PROPN,1,0,1
nightly,ADV,1,0,0
delectable,ADJ,1,0,0
Cassiopeia,PROPN,1,0,1
Chair,PROPN,1,0,1
unprofaned,ADJ,1,0,0
Pleiades,PROPN,1,0,1
hyade,NOUN,1,0,0
Aldebaran,PROPN,1,0,1
Altair,PROPN,1,0,1
twinkle,VERB,1,0,0
moonless,ADJ,1,0,0
mount,NOUN,1,0,0
whereon,VERB,1,0,0
bathing,NOUN,1,0,0
Tching,PROPN,1,0,1
thang,PROPN,1,0,1
renew,VERB,1,0,0
unimaginable,ADJ,1,0,0
tour,NOUN,1,0,0
requiem,NOUN,1,0,0
Odyssey,PROPN,1,0,1
wandering,NOUN,1,0,0
cosmical,ADJ,1,0,0
advertisement,NOUN,1,0,0
forbidden,PROPN,1,0,1
somnolence,NOUN,1,0,0
nudging,NOUN,1,0,0
servitor,NOUN,1,0,0
aspiration,NOUN,1,0,0
cessation,NOUN,1,0,0
sensuous,ADJ,1,0,0
reinvigorate,VERB,1,0,0
transpire,NOUN,1,0,0
intelligence,VERB,1,0,0
fairest,ADJ,1,0,0
drowsiness,NOUN,1,0,0
effective,ADJ,1,0,0
reawaken,VERB,1,0,0
encouraging,ADJ,1,0,0
unquestionable,ADJ,1,0,0
sturdily,ADV,1,0,0
Spartan,PROPN,1,0,1
swath,NOUN,1,0,0
shave,VERB,1,0,0
hastily,ADV,1,0,0
glorify,VERB,1,0,0
meanly,ADV,1,0,0
evitable,ADJ,1,0,0
wretchedness,NOUN,1,0,0
fritter,VERB,1,0,0
lump,VERB,1,0,0
count,NOUN,1,0,0
founder,VERB,1,0,0
reckoning,NOUN,1,0,0
Confederacy,PROPN,1,0,1
superficial,NOUN,1,0,0
overgrown,ADJ,1,0,0
clutter,VERB,1,0,0
trip,VERB,1,0,0
heedless,ADJ,1,0,0
rigid,ADJ,1,0,0
stern,NOUN,1,0,0
spartan,ADJ,1,0,0
Nation,PROPN,1,0,1
baboon,NOUN,1,0,0
forge,NOUN,1,0,0
tinker,VERB,1,0,0
supernumerary,NOUN,1,0,0
sometime,ADV,1,1,0
Saint,PROPN,1,0,1
Vitus,PROPN,1,0,1
dance,NOUN,1,0,0
pull,NOUN,1,0,0
bell,PROPN,1,0,1
rope,PROPN,1,0,1
burn,NOUN,1,0,0
church,PROPN,1,0,1
nap,NOUN,1,0,0
sentinel,NOUN,1,0,0
pray,INTJ,1,0,0
roll,NOUN,1,0,0
gouge,VERB,1,0,0
Wachito,PROPN,1,0,1
unfathomed,ADJ,1,0,0
mammoth,ADJ,1,0,0
rudiment,NOUN,1,0,0
postage,NOUN,1,0,0
wreck,VERB,1,0,0
steamboat,NOUN,1,0,0
Western,PROPN,1,0,1
grasshopper,NOUN,1,0,0
myriad,ADJ,1,0,0
application,NOUN,1,0,0
edit,VERB,1,0,0
greedy,ADJ,1,0,0
Carlos,PROPN,1,0,1
Infanta,PROPN,1,0,1
Pedro,PROPN,1,0,1
Seville,PROPN,1,0,1
Granada,PROPN,1,0,1
succinct,ADJ,1,0,0
lucid,ADJ,1,0,0
Kieou,PROPN,1,0,1
yu,PROPN,1,0,1
dignitary,NOUN,1,0,0
Wei,PROPN,1,0,1
question,VERB,1,0,0
drowsy,NOUN,1,0,0
draggle,NOUN,1,0,0
pause,INTJ,1,0,0
Avast,PROPN,1,0,1
deadly,ADV,1,0,0
Shams,PROPN,1,0,1
delude,VERB,1,0,0
fairy,NOUN,1,0,0
Arabian,PROPN,1,0,1
Nights,PROPN,1,0,1
unhurried,ADJ,1,0,0
exhilarate,VERB,1,0,0
slumbering,NOUN,1,0,0
deceive,VERB,1,0,0
illusory,ADJ,1,0,0
worthily,ADV,1,0,0
forester,NOUN,1,0,0
misconception,NOUN,1,0,0
Brahme,PROPN,1,0,1
gaze,NOUN,1,0,0
remote,PROPN,1,0,1
culminate,VERB,1,0,0
instilling,NOUN,1,0,0
drenching,NOUN,1,0,0
obediently,ADV,1,0,0
fast,ADJ,1,0,0
perturbation,NOUN,1,0,0
under,ADV,1,1,0
upset,VERB,1,0,0
overwhelm,VERB,1,0,0
whirlpool,NOUN,1,0,0
meridian,PROPN,1,0,1
unrelaxed,ADJ,1,0,0
Ulysses,PROPN,1,0,1
whistle,ADJ,1,0,0
wedge,VERB,1,0,0
slush,NOUN,1,0,0
alluvion,NOUN,1,0,0
gauge,NOUN,1,0,0
Nilometer,PROPN,1,0,1
Realometer,PROPN,1,0,1
sham,NOUN,1,0,0
fronting,NOUN,1,0,0
cimeter,NOUN,1,0,0
happily,ADV,1,0,0
career,NOUN,1,0,0
crave,VERB,1,0,0
pebbly,ADV,1,0,0
alphabet,NOUN,1,0,0
cleaver,NOUN,1,0,0
rift,VERB,1,0,0
burrowing,NOUN,1,0,0
snout,NOUN,1,0,0
mine,VERB,1,1,0
hereabouts,ADJ,1,0,0
divining,NOUN,1,0,0
veil,NOUN,1,0,0
improvable,ADJ,1,0,0
Mîr,PROPN,1,0,1
Camar,PROPN,1,0,1
Uddîn,PROPN,1,0,1
Mast,PROPN,1,0,1
esoteric,ADJ,1,0,0
luxuriousness,ADJ,1,0,0
emulate,VERB,1,0,0
consecrate,ADJ,1,0,0
laboriously,ADV,1,0,0
provocation,NOUN,1,0,0
however,SCONJ,1,1,0
Delphi,PROPN,1,0,1
Dodona,PROPN,1,0,1
esteem,NOUN,1,0,0
training,NOUN,1,0,0
athlete,NOUN,1,0,0
underwent,NOUN,1,0,0
spoken,NOUN,1,0,0
prize,VERB,1,0,0
comment,VERB,1,0,0
exhalation,NOUN,1,0,0
colloquy,NOUN,1,0,0
vaporous,NOUN,1,0,0
rhetoric,NOUN,1,0,0
casket,NOUN,1,0,0
choicest,NOUN,1,0,0
human,PROPN,1,0,1
canvas,PROPN,1,0,1
mature,ADJ,1,0,0
autumnal,ADJ,1,0,0
corrosion,NOUN,1,0,0
treasured,ADJ,1,0,0
inheritance,NOUN,1,0,0
aristocracy,NOUN,1,0,0
scornful,ADJ,1,0,0
industry,VERB,1,0,0
inaccessible,ADJ,1,0,0
insufficiency,NOUN,1,0,0
keenly,ADV,1,0,0
founder,NOUN,1,0,0
solidly,ADV,1,0,0
elaborate,ADJ,1,0,0
lifelong,ADJ,1,0,0
Vaticans,PROPN,1,0,1
Zendavestas,PROPN,1,0,1
Bibles,PROPN,1,0,1
Dantes,PROPN,1,0,1
Shakespeares,PROPN,1,0,1
successively,ADV,1,0,0
scale,VERB,1,0,0
astrologically,ADV,1,0,0
astronomically,ADV,1,0,0
cipher,PROPN,1,0,1
tip,NOUN,1,0,0
wakeful,ADJ,1,0,0
ab,NOUN,1,0,0
foremost,ADV,1,0,0
convict,VERB,1,0,0
vegetate,VERB,1,0,0
Circulating,PROPN,1,0,1
Library,PROPN,1,0,1
cormorant,NOUN,1,0,0
ostrich,NOUN,1,0,0
thousandth,ADJ,1,0,0
Zebulon,PROPN,1,0,1
Sephronia,PROPN,1,0,1
neither,ADV,1,1,0
steeple,NOUN,1,0,0
belfry,NOUN,1,0,0
novelist,NOUN,1,0,0
dear,NOUN,1,0,0
metamorphose,VERB,1,0,0
noveldom,NOUN,1,0,0
swing,VERB,1,0,0
bother,VERB,1,0,0
novelist,PROPN,1,0,1
Skip,PROPN,1,0,1
Tip,PROPN,1,0,1
Toe,PROPN,1,0,1
Hop,PROPN,1,0,1
Romance,PROPN,1,0,1
Tittle,PROPN,1,0,1
Tol,PROPN,1,0,1
Tan,PROPN,1,0,1
monthly,ADJ,1,0,0
gizzard,NOUN,1,0,0
corrugation,NOUN,1,0,0
sharpening,NOUN,1,0,0
bencher,NOUN,1,0,0
pronunciation,NOUN,1,0,0
accent,ADJ,1,0,0
insert,VERB,1,0,0
stagnation,NOUN,1,0,0
deliquium,NOUN,1,0,0
sloughing,NOUN,1,0,0
gingerbread,NOUN,1,0,0
oven,ADJ,1,0,0
surer,NOUN,1,0,0
liberally,ADV,1,0,0
illiterate,NOUN,1,0,0
Hebrews,PROPN,1,0,1
wise,NOUN,1,0,0
Easy,PROPN,1,0,1
primer,NOUN,1,0,0
beginner,NOUN,1,0,0
manikin,NOUN,1,0,0
dialogue,NOUN,1,0,0
lived,ADJ,1,0,0
tit,NOUN,1,0,0
salutary,ADJ,1,0,0
explain,VERB,1,0,0
unutterable,ADJ,1,0,0
liberality,NOUN,1,0,0
gravity,NOUN,1,0,0
exclusiveness,NOUN,1,0,0
humbly,ADV,1,0,0
liberalize,VERB,1,0,0
Jesus,PROPN,1,0,1
stride,NOUN,1,0,0
trot,NOUN,1,0,0
decent,ADJ,1,0,0
latterly,VERB,1,1,0
ailment,ADJ,1,0,0
eld,ADJ,1,0,0
Oxford,PROPN,1,0,1
Abelard,PROPN,1,0,1
utopian,ADJ,1,0,0
politic,NOUN,1,0,0
pap,NOUN,1,0,0
Olive,PROPN,1,0,1
Harper,PROPN,1,0,1
Brothers,PROPN,1,0,1
conduce,VERB,1,0,0
statuary,ADJ,1,0,0
pedagogue,NOUN,1,0,0
sexton,NOUN,1,0,0
pilgrim,ADJ,1,0,0
bleak,ADJ,1,0,0
collectively,ADV,1,0,0
flourishing,ADJ,1,0,0
nobleman,PROPN,1,0,1
gulf,PROPN,1,0,1
copious,ADJ,1,0,0
supersede,VERB,1,0,0
futurity,NOUN,1,0,0
margin,NOUN,1,0,0
bath,NOUN,1,0,0
rapt,VERB,1,0,0
revery,NOUN,1,0,0
sumachs,NOUN,1,0,0
undisturbed,ADJ,1,0,0
noiseless,NOUN,1,0,0
forsaking,NOUN,1,0,0
silently,ADV,1,0,0
trill,NOUN,1,0,0
warble,ADJ,1,0,0
stamp,NOUN,1,0,0
deity,NOUN,1,0,0
mince,VERB,1,0,0
fret,VERB,1,0,0
ticking,NOUN,1,0,0
Puri,PROPN,1,0,1
backward,ADV,1,0,0
wanting,NOUN,1,0,0
reprove,VERB,1,0,0
indolence,NOUN,1,0,0
theatre,NOUN,1,0,0
bedstead,NOUN,1,0,0
budget,NOUN,1,0,0
scrub,VERB,1,0,0
uninterupted,ADJ,1,0,0
gypsy,NOUN,1,0,0
pen,NOUN,1,0,0
ink,NOUN,1,0,0
awning,NOUN,1,0,0
bur,NOUN,1,0,0
footpath,NOUN,1,0,0
goldenrod,NOUN,1,0,0
groundnut,NOUN,1,0,0
Cerasus,PROPN,1,0,1
pumila,NOUN,1,0,0
umbel,NOUN,1,0,0
cylindrically,ADV,1,0,0
embankment,NOUN,1,0,0
pinnate,NOUN,1,0,0
fan,NOUN,1,0,0
crimson,ADJ,1,0,0
two,NOUN,1,0,0
three,NOUN,1,0,0
athwart,VERB,1,0,0
restless,NOUN,1,0,0
reed,NOUN,1,0,0
hither,NOUN,1,0,0
homesick,NOUN,1,0,0
shaft,NOUN,1,0,0
bow,VERB,1,0,0
repairer,NOUN,1,0,0
ration,NOUN,1,0,0
pay,NOUN,1,0,0
batter,VERB,1,0,0
chair,VERB,1,0,0
laden,NOUN,1,0,0
cranberry,ADJ,1,0,0
planetary,ADJ,1,0,0
comet,NOUN,1,0,0
banner,NOUN,1,0,0
streaming,NOUN,1,0,0
downy,NOUN,1,0,0
compeller,NOUN,1,0,0
livery,NOUN,1,0,0
breathing,NOUN,1,0,0
nostril,NOUN,1,0,0
fiery,ADJ,1,0,0
dragon,NOUN,1,0,0
escort,NOUN,1,0,0
hug,VERB,1,0,0
barb,NOUN,1,0,0
stabler,NOUN,1,0,0
strap,VERB,1,0,0
seaboard,NOUN,1,0,0
merchandise,NOUN,1,0,0
defiant,ADJ,1,0,0
glen,NOUN,1,0,0
incase,VERB,1,0,0
stall,NOUN,1,0,0
calm,VERB,1,0,0
brain,VERB,1,0,0
commanding,NOUN,1,0,0
protract,VERB,1,0,0
confine,NOUN,1,0,0
saloon,NOUN,1,0,0
Dismal,PROPN,1,0,1
Swamp,PROPN,1,0,1
starting,NOUN,1,0,0
epoch,NOUN,1,0,0
punctuality,NOUN,1,0,0
electrify,VERB,1,0,0
prompt,ADJ,1,0,0
stopping,NOUN,1,0,0
riot,NOUN,1,0,0
firing,NOUN,1,0,0
Atropos,PROPN,1,0,1
minute,VERB,1,0,0
Tell,PROPN,1,0,1
clasp,VERB,1,0,0
devise,VERB,1,0,0
Buena,PROPN,1,0,1
Vista,PROPN,1,0,1
Bonaparte,PROPN,1,0,1
sinew,NOUN,1,0,0
muffle,VERB,1,0,0
fog,PROPN,1,0,1
bank,PROPN,1,0,1
announce,VERB,1,0,0
veto,NOUN,1,0,0
plowman,NOUN,1,0,0
daisy,NOUN,1,0,0
mice,ADJ,1,0,0
bowlder,NOUN,1,0,0
Sierra,PROPN,1,0,1
Nevada,PROPN,1,0,1
Commerce,PROPN,1,0,1
fantastic,ADJ,1,0,0
Long,PROPN,1,0,1
wharf,NOUN,1,0,0
Champlain,PROPN,1,0,1
coral,ADJ,1,0,0
Manilla,PROPN,1,0,1
hemp,NOUN,1,0,0
cocoa,NOUN,1,0,0
husk,NOUN,1,0,0
junk,NOUN,1,0,0
gunny,NOUN,1,0,0
legible,ADJ,1,0,0
graphically,ADV,1,0,0
correction,NOUN,1,0,0
lumber,NOUN,1,0,0
moose,VERB,1,0,0
caribou,PROPN,1,0,1
Thomaston,PROPN,1,0,1
slack,VERB,1,0,0
bale,NOUN,1,0,0
descend,NOUN,1,0,0
final,ADJ,1,0,0
Milwaukie,PROPN,1,0,1
gingham,NOUN,1,0,0
muslin,NOUN,1,0,0
closed,ADJ,1,0,0
smell,NOUN,1,0,0
Grand,PROPN,1,0,1
Banks,PROPN,1,0,1
fishery,NOUN,1,0,0
perseverance,NOUN,1,0,0
lading,NOUN,1,0,0
mineral,NOUN,1,0,0
snowflake,NOUN,1,0,0
dun,NOUN,1,0,0
Saturday,PROPN,1,0,1
Spanish,PROPN,1,0,1
career,VERB,1,0,0
pampas,NOUN,1,0,0
spanish,ADJ,1,0,0
evince,VERB,1,0,0
hopeless,ADJ,1,0,0
constitutional,ADJ,1,0,0
ligature,NOUN,1,0,0
inveteracie,NOUN,1,0,0
exhibit,NOUN,1,0,0
glue,NOUN,1,0,0
put,ADJ,1,1,0
hogshead,NOUN,1,0,0
brandy,NOUN,1,0,0
whiz,VERB,1,0,0
hewn,ADJ,1,0,0
shot,NOUN,1,0,0
arrow,NOUN,1,0,0
scarce,ADJ,1,0,0
ammiral,NOUN,1,0,0
hark,PROPN,1,0,1
sheepcot,NOUN,1,0,0
shepherd,ADJ,1,0,0
bleating,NOUN,1,0,0
sheep,NOUN,1,0,0
hustling,NOUN,1,0,0
wether,NOUN,1,0,0
drove,NOUN,1,0,0
badge,NOUN,1,0,0
stampede,NOUN,1,0,0
Peterboro,PROPN,1,0,1
pant,VERB,1,0,0
sagacity,NOUN,1,0,0
par,NOUN,1,0,0
kennel,NOUN,1,0,0
past,ADV,1,0,0
Sundays,PROPN,1,0,1
Acton,PROPN,1,0,1
Bedford,PROPN,1,0,1
vibratory,ADJ,1,0,0
modulate,VERB,1,0,0
charm,NOUN,1,0,0
repetition,NOUN,1,0,0
minstrel,NOUN,1,0,0
dale,NOUN,1,0,0
unpleasantly,ADV,1,0,0
satirical,ADJ,1,0,0
appreciation,NOUN,1,0,0
akin,ADJ,1,0,0
articulation,NOUN,1,0,0
chant,VERB,1,0,0
vesper,NOUN,1,0,0
cluck,NOUN,1,0,0
buzzing,NOUN,1,0,0
louder,ADV,1,0,0
tether,VERB,1,0,0
u,NOUN,1,0,0
Ben,PROPN,1,0,1
Jonsonian,PROPN,1,0,1
hag,NOUN,1,0,0
blunt,ADJ,1,0,0
tu,NOUN,1,0,0
whit,PROPN,1,0,1
tu,PROPN,1,0,1
jesting,NOUN,1,0,0
graveyard,NOUN,1,0,0
ditty,PROPN,1,0,1
suicide,NOUN,1,0,0
pang,NOUN,1,0,0
supernal,ADJ,1,0,0
wailing,NOUN,1,0,0
doleful,ADJ,1,0,0
response,NOUN,1,0,0
trill,VERB,1,0,0
tearful,ADJ,1,0,0
foreboding,NOUN,1,0,0
expiate,VERB,1,0,0
threnodie,VERB,1,0,0
transgression,NOUN,1,0,0
restlessness,NOUN,1,0,0
farther,ADJ,1,0,0
choir,NOUN,1,0,0
moan,NOUN,1,0,0
mortality,NOUN,1,0,0
sob,NOUN,1,0,0
gl,INTJ,1,0,0
gelatinous,ADJ,1,0,0
mildewy,ADJ,1,0,0
mortification,NOUN,1,0,0
courageous,ADJ,1,0,0
ghoul,NOUN,1,0,0
idiot,NOUN,1,0,0
howling,NOUN,1,0,0
idiotic,ADJ,1,0,0
maniacal,ADJ,1,0,0
admirably,ADV,1,0,0
suited,ADJ,1,0,0
twilight,VERB,1,0,0
undeveloped,ADJ,1,0,0
stark,ADJ,1,0,0
unsatisfie,VERB,1,0,0
usnea,PROPN,1,0,1
chickadee,ADJ,1,0,0
lisps,NOUN,1,0,0
skulk,NOUN,1,0,0
rumbling,NOUN,1,0,0
disconsolate,ADJ,1,0,0
trump,NOUN,1,0,0
bibber,NOUN,1,0,0
wassailer,NOUN,1,0,0
unrepentant,ADJ,1,0,0
catch,NOUN,1,0,0
stygian,ADJ,1,0,0
hilarious,ADJ,1,0,0
festal,ADJ,1,0,0
wax,VERB,1,0,0
solemnly,ADV,1,0,0
grave,ADJ,1,0,0
mock,VERB,1,0,0
paunch,NOUN,1,0,0
intoxication,NOUN,1,0,0
saturation,NOUN,1,0,0
waterloggedness,NOUN,1,0,0
distention,NOUN,1,0,0
aldermanic,ADJ,1,0,0
napkin,NOUN,1,0,0
drool,VERB,1,0,0
quaff,VERB,1,0,0
scorn,VERB,1,0,0
ejaculation,NOUN,1,0,0
straightway,NOUN,1,0,0
password,NOUN,1,0,0
seniority,NOUN,1,0,0
gulp,VERB,1,0,0
ejaculate,VERB,1,0,0
leakiest,X,1,0,0
flabby,ADJ,1,0,0
paunche,VERB,1,0,0
patriarch,NOUN,1,0,0
vainly,ADV,1,0,0
bellowing,NOUN,1,0,0
troonk,NOUN,1,0,0
crowing,NOUN,1,0,0
pheasant,NOUN,1,0,0
domesticate,VERB,1,0,0
lord,NOUN,1,0,0
clarion,NOUN,1,0,0
drumstick,NOUN,1,0,0
abound,VERB,1,0,0
resounding,ADJ,1,0,0
feebler,NOUN,1,0,0
unspeakably,ADV,1,0,0
foreign,PROPN,1,0,1
Chanticleer,PROPN,1,0,1
flag,VERB,1,0,0
rouse,VERB,1,0,0
cow,PROPN,1,0,1
churn,NOUN,1,0,0
spinning,ADJ,1,0,0
fashioned,ADJ,1,0,0
oriole,NOUN,1,0,0
hen,VERB,1,0,0
cackle,VERB,1,0,0
unfence,VERB,1,0,0
scuttle,NOUN,1,0,0
delicious,ADJ,1,0,0
imbibe,NOUN,1,0,0
trump,VERB,1,0,0
usher,ADJ,1,0,0
poplar,ADJ,1,0,0
ruffle,VERB,1,0,0
roar,VERB,1,0,0
wand,NOUN,1,0,0
bended,ADJ,1,0,0
cigar,NOUN,1,0,0
appropriate,VERB,1,0,0
reclaim,VERB,1,0,0
privacy,NOUN,1,0,0
skirt,VERB,1,0,0
Asia,PROPN,1,0,1
witch,NOUN,1,0,0
hung,ADJ,1,0,0
candle,NOUN,1,0,0
misanthrope,NOUN,1,0,0
melancholy,NOUN,1,0,0
æolian,ADJ,1,0,0
rightly,ADV,1,0,0
sadness,NOUN,1,0,0
drear,ADJ,1,0,0
warrant,NOUN,1,0,0
surety,NOUN,1,0,0
guard,VERB,1,0,0
oppress,VERB,1,0,0
unpleasant,ADJ,1,0,0
recovery,NOUN,1,0,0
pattering,ADJ,1,0,0
unaccountable,ADJ,1,0,0
friendliness,NOUN,1,0,0
fancied,ADJ,1,0,0
insignificant,NOUN,1,0,0
befriend,VERB,1,0,0
dreary,ADJ,1,0,0
humanest,ADV,1,0,0
mourn,VERB,1,0,0
untimely,ADV,1,0,0
Toscar,PROPN,1,0,1
pleasantest,NOUN,1,0,0
ceaseless,NOUN,1,0,0
pelting,NOUN,1,0,0
usher,VERB,1,0,0
unfold,NOUN,1,0,0
maid,NOUN,1,0,0
deluge,NOUN,1,0,0
spiral,ADJ,1,0,0
groove,VERB,1,0,0
walking,NOUN,1,0,0
awe,NOUN,1,0,0
terrific,ADJ,1,0,0
resistless,NOUN,1,0,0
yonder,PROPN,1,0,1
star,PROPN,1,0,1
Milky,PROPN,1,0,1
Way,PROPN,1,0,1
Beacon,PROPN,1,0,1
Five,PROPN,1,1,1
Points,PROPN,1,0,1
congregate,VERB,1,0,0
issue,VERB,1,0,0
passably,ADV,1,0,0
joke,VERB,1,0,0
indescribably,ADV,1,0,0
outlying,ADJ,1,0,0
fashion,VERB,1,0,0
profound,ADJ,1,0,0
subtile,ADJ,1,0,0
universe,ADJ,1,0,0
sanctify,VERB,1,0,0
oblation,NOUN,1,0,0
subtile,PROPN,1,0,1
every,ADV,1,1,0
environ,VERB,1,0,0
Virtue,PROPN,1,0,1
torrent,NOUN,1,0,0
involve,VERB,1,0,0
theatrical,ADJ,1,0,0
exhibition,NOUN,1,0,0
intense,ADJ,1,0,0
criticism,NOUN,1,0,0
fiction,NOUN,1,0,0
wearisome,ADJ,1,0,0
dissipating,NOUN,1,0,0
companionable,ADJ,1,0,0
diligent,ADJ,1,0,0
dervish,NOUN,1,0,0
recreate,NOUN,1,0,0
remunerate,VERB,1,0,0
condensed,ADJ,1,0,0
etiquette,NOUN,1,0,0
politeness,NOUN,1,0,0
sociable,ADJ,1,0,0
fireside,NOUN,1,0,0
frequency,NOUN,1,0,0
exhaustion,NOUN,1,0,0
loneliness,NOUN,1,0,0
diseased,ADJ,1,0,0
normal,ADJ,1,0,0
situation,NOUN,1,0,0
mock,ADJ,1,0,0
dandelion,NOUN,1,0,0
sorrel,NOUN,1,0,0
bumble,ADJ,1,0,0
Brook,PROPN,1,0,1
north,PROPN,1,0,1
thaw,NOUN,1,0,0
humorous,ADJ,1,0,0
secret,ADJ,1,0,0
Goffe,PROPN,1,0,1
Whalley,PROPN,1,0,1
odorous,ADJ,1,0,0
simple,NOUN,1,0,0
unequalled,ADJ,1,0,0
original,NOUN,1,0,0
cheer,NOUN,1,0,0
fade,NOUN,1,0,0
humanely,ADV,1,0,0
grieve,NOUN,1,0,0
vegetable,VERB,1,0,0
pill,NOUN,1,0,0
grandfather,NOUN,1,0,0
Parrs,PROPN,1,0,1
fatness,NOUN,1,0,0
panacea,NOUN,1,0,0
quack,ADJ,1,0,0
vial,NOUN,1,0,0
Acheron,PROPN,1,0,1
Dead,PROPN,1,0,1
schooner,NOUN,1,0,0
undiluted,ADJ,1,0,0
bottle,VERB,1,0,0
stopple,NOUN,1,0,0
Hygeia,PROPN,1,0,1
Æsculapius,PROPN,1,0,1
Hebe,PROPN,1,0,1
cupbearer,NOUN,1,0,0
Juno,PROPN,1,0,1
lettuce,NOUN,1,0,0
condition,VERB,1,0,0
bloodsucker,NOUN,1,0,0
blooded,ADJ,1,0,0
economize,VERB,1,0,0
storage,NOUN,1,0,0
munition,NOUN,1,0,0
magnificent,ADJ,1,0,0
vermin,NOUN,1,0,0
infest,VERB,1,0,0
summon,NOUN,1,0,0
Tremont,PROPN,1,0,1
Astor,PROPN,1,0,1
piazza,NOUN,1,0,0
pavement,NOUN,1,0,0
trim,NOUN,1,0,0
lateral,ADJ,1,0,0
ricochet,NOUN,1,0,0
hearer,NOUN,1,0,0
loquacious,ADJ,1,0,0
talker,NOUN,1,0,0
jowl,NOUN,1,0,0
evaporate,VERB,1,0,0
bodily,ADV,1,0,0
grander,NOUN,1,0,0
shove,VERB,1,0,0
priceless,ADJ,1,0,0
partook,VERB,1,0,0
frugal,ADJ,1,0,0
forsaken,ADJ,1,0,0
abstinence,NOUN,1,0,0
considerate,ADJ,1,0,0
miraculously,ADV,1,0,0
retarded,ADJ,1,0,0
Cerberus,PROPN,1,0,1
polite,ADJ,1,0,0
roundabout,ADJ,1,0,0
motto,NOUN,1,0,0
Spenser,PROPN,1,0,1
Arrivéd,PROPN,1,0,1
Ne,PROPN,1,0,1
looke,NOUN,1,0,0
Rest,PROPN,1,0,1
afterward,ADP,1,0,0
Plymouth,PROPN,1,0,1
lodging,NOUN,1,0,0
thrice,NOUN,1,0,0
poorly,ADV,1,0,0
tighter,ADV,1,0,0
winnow,VERB,1,0,0
uncultivated,ADJ,1,0,0
Homeric,PROPN,1,0,1
Paphlagonian,PROPN,1,0,1
hole,VERB,1,0,0
testament,NOUN,1,0,0
Phthia,PROPN,1,0,1
Menœtius,PROPN,1,0,1
Actor,PROPN,1,0,1
Peleus,PROPN,1,0,1
Æacus,PROPN,1,0,1
harm,NOUN,1,0,0
Vice,PROPN,1,0,1
sombre,ADJ,1,0,0
gracefully,ADV,1,0,0
sunburnt,ADJ,1,0,0
sleepy,ADJ,1,0,0
cap,PROPN,1,0,1
dingy,ADJ,1,0,0
greatcoat,NOUN,1,0,0
cowhide,NOUN,1,0,0
consumer,NOUN,1,0,0
tin,ADJ,1,0,0
dangle,VERB,1,0,0
Yankees,PROPN,1,0,1
a,X,1,1,0
deliberate,VERB,1,0,0
gosh,INTJ,1,0,0
skilful,ADJ,1,0,0
chopper,NOUN,1,0,0
flourish,NOUN,1,0,0
pare,VERB,1,0,0
splinter,VERB,1,0,0
humor,NOUN,1,0,0
felling,NOUN,1,0,0
salutation,NOUN,1,0,0
inner,ADJ,1,0,0
exuberance,NOUN,1,0,0
tickle,VERB,1,0,0
pistol,NOUN,1,0,0
alight,ADV,1,0,0
feller,NOUN,1,0,0
endurance,NOUN,1,0,0
Gorrappit,PROPN,1,0,1
intellectual,NOUN,1,0,0
catholic,ADJ,1,0,0
pupil,NOUN,1,0,0
threescore,NOUN,1,0,0
ten,DET,1,1,0
unsophisticated,ADJ,1,0,0
clothe,DET,1,0,0
handwriting,NOUN,1,0,0
spelling,NOUN,1,0,0
dealing,NOUN,1,0,0
disguise,PROPN,1,0,1
cyclopædia,NOUN,1,0,0
abstract,NOUN,1,0,0
coincide,VERB,1,0,0
derivation,NOUN,1,0,0
pecunia,NOUN,1,0,0
prevalence,NOUN,1,0,0
bipe,VERB,1,0,0
bent,VERB,1,0,0
gorry,NOUN,1,0,0
manœuvring,NOUN,1,0,0
originality,NOUN,1,0,0
re,NOUN,1,1,0
origination,NOUN,1,0,0
presentable,NOUN,1,0,0
immerse,VERB,1,0,0
grade,NOUN,1,0,0
drank,VERB,1,0,0
exempt,VERB,1,0,0
visitation,NOUN,1,0,0
move,NOUN,1,1,0
confession,NOUN,1,0,0
compensate,VERB,1,0,0
inoffensive,ADJ,1,0,0
deficient,ADJ,1,0,0
metaphysical,ADJ,1,0,0
humble,VERB,1,0,0
frankness,NOUN,1,0,0
weak,ADV,1,0,0
appeal,VERB,1,0,0
hospitalality,NOUN,1,0,0
preface,VERB,1,0,0
beseechingly,ADV,1,0,0
Christian,PROPN,1,0,1
northstar,NOUN,1,0,0
duckling,NOUN,1,0,0
unkempt,VERB,1,0,0
frizzled,ADJ,1,0,0
mangy,ADJ,1,0,0
centipede,NOUN,1,0,0
ramble,ADJ,1,0,0
Restless,PROPN,1,0,1
monopoly,NOUN,1,0,0
pry,VERB,1,0,0
rub,NOUN,1,0,0
infirm,NOUN,1,0,0
sickness,NOUN,1,0,0
com,NOUN,1,0,0
munity,NOUN,1,0,0
bore,NOUN,1,0,0
pilgrim,NOUN,1,0,0
welcome,INTJ,1,0,0
Herculean,PROPN,1,0,1
Antæus,PROPN,1,0,1
cinquefoil,NOUN,1,0,0
auxiliary,NOUN,1,0,0
effete,ADJ,1,0,0
oust,VERB,1,0,0
manure,ADV,1,0,0
arrowhead,NOUN,1,0,0
haughty,ADJ,1,0,0
barefoote,VERB,1,0,0
dabble,VERB,1,0,0
plastic,NOUN,1,0,0
dewy,NOUN,1,0,0
crumbling,ADJ,1,0,0
blister,VERB,1,0,0
pace,VERB,1,0,0
backward,ADJ,1,0,0
gravelly,ADV,1,0,0
upland,ADJ,1,0,0
bout,NOUN,1,0,0
millet,ADJ,1,0,0
verge,NOUN,1,0,0
drudgery,NOUN,1,0,0
idleness,NOUN,1,0,0
imperishable,ADJ,1,0,0
moral,NOUN,1,0,0
agricola,PROPN,1,0,1
laboriosus,PROPN,1,0,1
loosely,ADV,1,0,0
laborious,ADJ,1,0,0
comment,NOUN,1,0,0
ministerial,ADJ,1,0,0
Corn,PROPN,1,0,1
bonnet,NOUN,1,0,0
feature,VERB,1,0,0
grateful,ADJ,1,0,0
dobbin,NOUN,1,0,0
aversion,NOUN,1,0,0
aloud,ADV,1,0,0
unimprove,VERB,1,0,0
silicate,NOUN,1,0,0
potash,NOUN,1,0,0
unreape,VERB,1,0,0
Ranz,PROPN,1,0,1
des,NOUN,1,0,0
Vaches,PROPN,1,0,1
topmost,ADJ,1,0,0
mavi,NOUN,1,0,0
rigmarole,NOUN,1,0,0
amateur,ADJ,1,0,0
Paganini,PROPN,1,0,1
leached,VERB,1,0,0
fresher,ADJ,1,0,0
unchronicled,ADJ,1,0,0
primeval,ADJ,1,0,0
bit,VERB,1,0,0
oratorio,NOUN,1,0,0
tatter,NOUN,1,0,0
seamless,ADJ,1,0,0
cope,NOUN,1,0,0
kindredship,NOUN,1,0,0
aerial,ADJ,1,0,0
inflate,VERB,1,0,0
elemental,ADJ,1,0,0
unfledged,ADJ,1,0,0
hen,ADJ,1,0,0
descending,ADJ,1,0,0
embodiment,ADJ,1,0,0
quivering,NOUN,1,0,0
winnowing,NOUN,1,0,0
carrier,NOUN,1,0,0
portentous,ADJ,1,0,0
salamander,ADV,1,0,0
Egypt,PROPN,1,0,1
gala,NOUN,1,0,0
popgun,NOUN,1,0,0
waif,NOUN,1,0,0
puffball,NOUN,1,0,0
turnout,NOUN,1,0,0
itching,NOUN,1,0,0
eruption,NOUN,1,0,0
scarlatina,PROPN,1,0,1
canker,NOUN,1,0,0
puff,NOUN,1,0,0
trainer,NOUN,1,0,0
drone,NOUN,1,0,0
smear,VERB,1,0,0
fatherland,NOUN,1,0,0
musician,NOUN,1,0,0
bellow,NOUN,1,0,0
collapse,VERB,1,0,0
inspiring,ADJ,1,0,0
chivalry,NOUN,1,0,0
Palestine,PROPN,1,0,1
crusader,NOUN,1,0,0
everlastingly,ADV,1,0,0
harvesting,NOUN,1,0,0
threshing,ADJ,1,0,0
leek,NOUN,1,0,0
Trojans,PROPN,1,0,1
trench,NOUN,1,0,0
weedy,ADJ,1,0,0
crest,NOUN,1,0,0
Hector,PROPN,1,0,1
tower,VERB,1,0,0
crowding,NOUN,1,0,0
weapon,NOUN,1,0,0
Pythagorean,PROPN,1,0,1
porridge,NOUN,1,0,0
lætation,NOUN,1,0,0
comparable,ADJ,1,0,0
continual,ADJ,1,0,0
repastination,NOUN,1,0,0
magnetism,NOUN,1,0,0
either,ADV,1,1,0
logic,NOUN,1,0,0
dunging,NOUN,1,0,0
sordid,VERB,1,0,0
tempering,NOUN,1,0,0
vicar,NOUN,1,0,0
succedaneous,ADJ,1,0,0
lay,ADJ,1,0,0
sabbath,NOUN,1,0,0
Kenelm,PROPN,1,0,1
Digby,PROPN,1,0,1
Ploughing,PROPN,1,0,1
harrowing,NOUN,1,0,0
Peas,PROPN,1,0,1
Turnip,PROPN,1,0,1
patrem,PROPN,1,0,1
familias,PROPN,1,0,1
vendacem,NOUN,1,0,0
emacem,NOUN,1,0,0
esse,NOUN,1,0,0
oportet,NOUN,1,0,0
Grass,PROPN,1,0,1
stalk,NOUN,1,0,0
bush,PROPN,1,0,1
vacancy,NOUN,1,0,0
tendril,VERB,1,0,0
shear,VERB,1,0,0
pod,NOUN,1,0,0
salable,ADJ,1,0,0
gain,VERB,1,0,0
manurance,NOUN,1,0,0
Reader,PROPN,1,0,1
wormeaten,ADJ,1,0,0
seventieth,PROPN,1,0,1
stress,NOUN,1,0,0
prize,NOUN,1,0,0
broadcast,NOUN,1,0,0
subtile,NOUN,1,0,0
ineffable,ADJ,1,0,0
insult,VERB,1,0,0
worth,NOUN,1,0,0
friendliness,VERB,1,0,0
plod,VERB,1,0,0
mushroom,NOUN,1,0,0
spake,VERB,1,0,0
Spread,PROPN,1,0,1
stiffness,NOUN,1,0,0
supple,ADJ,1,0,0
buoyant,ADJ,1,0,0
irreverent,ADJ,1,0,0
heedlessness,NOUN,1,0,0
festival,NOUN,1,0,0
thanksgiving,NOUN,1,0,0
sacredness,NOUN,1,0,0
premium,NOUN,1,0,0
Jove,PROPN,1,0,1
Plutus,PROPN,1,0,1
avarice,NOUN,1,0,0
grovel,VERB,1,0,0
deform,VERB,1,0,0
robber,NOUN,1,0,0
maximeque,NOUN,1,0,0
pius,NOUN,1,0,0
quæstus,NOUN,1,0,0
Varro,PROPN,1,0,1
Mother,PROPN,1,0,1
make,NOUN,1,1,0
spica,PROPN,1,0,1
obsoletely,ADV,1,0,0
speca,NOUN,1,0,0
spe,VERB,1,0,0
hope,PROPN,1,0,1
granum,NOUN,1,0,0
gerendo,NOUN,1,0,0
stint,NOUN,1,0,0
homœopathic,ADJ,1,0,0
dos,NOUN,1,0,0
refreshing,ADJ,1,0,0
peeping,NOUN,1,0,0
buttonwood,NOUN,1,0,0
Street,PROPN,1,0,1
raisin,NOUN,1,0,0
digestive,ADJ,1,0,0
simmer,VERB,1,0,0
etesian,ADJ,1,0,0
inhale,VERB,1,0,0
ether,ADV,1,0,0
numbness,NOUN,1,0,0
insensibility,NOUN,1,0,0
painful,ADJ,1,0,0
sun,VERB,1,0,0
voluptuous,ADJ,1,0,0
caryatide,NOUN,1,0,0
rudely,ADV,1,0,0
hopper,NOUN,1,0,0
lane,NOUN,1,0,0
lick,NOUN,1,0,0
straggle,VERB,1,0,0
allure,VERB,1,0,0
jeweller,NOUN,1,0,0
barber,NOUN,1,0,0
wonderfully,ADV,1,0,0
boldly,ADV,1,0,0
loudly,ADV,1,0,0
Sirens,PROPN,1,0,1
bolt,VERB,1,0,0
whereabouts,NOUN,1,0,0
gracefulness,NOUN,1,0,0
irruption,NOUN,1,0,0
sieve,NOUN,1,0,0
ful,NOUN,1,0,0
subside,VERB,1,0,0
rear,ADJ,1,0,0
snug,ADJ,1,0,0
hatch,NOUN,1,0,0
outer,ADJ,1,0,0
distressed,ADJ,1,0,0
darkest,ADJ,1,0,0
muggy,NOUN,1,0,0
recall,VERB,1,0,0
used,ADJ,1,1,0
drench,VERB,1,0,0
astray,ADV,1,0,0
town,VERB,1,0,0
shopping,NOUN,1,0,0
sidewalk,NOUN,1,0,0
Siberia,PROPN,1,0,1
perplexity,NOUN,1,0,0
beacon,NOUN,1,0,0
headland,NOUN,1,0,0
vastness,ADJ,1,0,0
strangeness,NOUN,1,0,0
abstraction,NOUN,1,0,0
cobbler,NOUN,1,0,0
senate,PROPN,1,0,1
paw,VERB,1,0,0
constrain,VERB,1,0,0
forcibly,ADV,1,0,0
miss,VERB,1,0,0
improperly,ADV,1,0,0
gild,VERB,1,0,0
thieve,VERB,1,0,0
Pope,PROPN,1,0,1
Nec,PROPN,1,0,1
bella,NOUN,1,0,0
fuerunt,NOUN,1,0,0
faginu,NOUN,1,0,0
astabat,VERB,1,0,0
dum,PROPN,1,0,1
scyphus,PROPN,1,0,1
ante,NOUN,1,0,0
dape,NOUN,1,0,0
beechen,PROPN,1,0,1
bend,NOUN,1,0,0
surfeit,NOUN,1,0,0
habitually,ADV,1,0,0
purchaser,NOUN,1,0,0
ambrosial,ADJ,1,0,0
Eternal,PROPN,1,0,1
Justice,PROPN,1,0,1
sect,NOUN,1,0,0
Cœnobites,PROPN,1,0,1
skilled,ADJ,1,0,0
woodcraft,NOUN,1,0,0
menagerie,PROPN,1,0,1
elicit,VERB,1,0,0
growl,NOUN,1,0,0
charm,VERB,1,0,0
hover,VERB,1,0,0
rib,VERB,1,0,0
string,VERB,1,0,0
brand,NOUN,1,0,0
skyrocket,NOUN,1,0,0
quench,VERB,1,0,0
hissing,NOUN,1,0,0
total,ADJ,1,0,0
tune,NOUN,1,0,0
communicating,NOUN,1,0,0
indicative,ADJ,1,0,0
blundering,NOUN,1,0,0
raise,NOUN,1,0,0
horn,VERB,1,0,0
squeak,VERB,1,0,0
squirm,VERB,1,0,0
merit,VERB,1,0,0
circumference,NOUN,1,0,0
abruptly,ADV,1,0,0
respectively,ADV,1,0,0
woodland,ADJ,1,0,0
stormy,ADJ,1,0,0
slate,NOUN,1,0,0
green,VERB,1,0,0
perceptible,ADJ,1,0,0
vivid,ADJ,1,0,0
yellow,NOUN,1,0,0
iris,NOUN,1,0,0
darker,ADV,1,0,0
divided,ADJ,1,0,0
matchless,NOUN,1,0,0
changeable,ADJ,1,0,0
sword,NOUN,1,0,0
cerulean,ADJ,1,0,0
alternate,VERB,1,0,0
vitreous,ADJ,1,0,0
sundown,VERB,1,0,0
owing,ADJ,1,0,0
crystalline,NOUN,1,0,0
alabaster,NOUN,1,0,0
whiteness,NOUN,1,0,0
magnify,VERB,1,0,0
distort,VERB,1,0,0
monstrous,ADJ,1,0,0
transverse,NOUN,1,0,0
ascetic,ADJ,1,0,0
subsistence,NOUN,1,0,0
ashore,ADV,1,0,0
erect,NOUN,1,0,0
fro,VERB,1,0,0
chisel,NOUN,1,0,0
noose,NOUN,1,0,0
transparency,NOUN,1,0,0
casual,ADJ,1,0,0
noticeable,ADJ,1,0,0
lily,ADJ,1,0,0
potamogeton,NOUN,1,0,0
target,NOUN,1,0,0
midwinter,PROPN,1,0,1
Nine,PROPN,1,1,1
Acre,PROPN,1,0,1
pellucid,NOUN,1,0,0
intermit,VERB,1,0,0
Eden,PROPN,1,0,1
southerly,ADJ,1,0,0
distiller,NOUN,1,0,0
unremembered,ADJ,1,0,0
Castalian,PROPN,1,0,1
Fountain,PROPN,1,0,1
preside,VERB,1,0,0
coronet,NOUN,1,0,0
footstep,NOUN,1,0,0
encircle,VERB,1,0,0
steep,PROPN,1,0,1
aboriginal,ADJ,1,0,0
unwittingly,ADV,1,0,0
unobscure,VERB,1,0,0
reprint,VERB,1,0,0
alto,PROPN,1,0,1
relievo,NOUN,1,0,0
ornament,VERB,1,0,0
dryness,NOUN,1,0,0
chowder,NOUN,1,0,0
incredulity,NOUN,1,0,0
periodical,ADJ,1,0,0
accomplishment,NOUN,1,0,0
observation,NOUN,1,0,0
unobstructed,ADJ,1,0,0
tip,VERB,1,0,0
lever,NOUN,1,0,0
shorn,VERB,1,0,0
beard,NOUN,1,0,0
lick,VERB,1,0,0
fibrous,ADJ,1,0,0
pow,NOUN,1,0,0
wow,INTJ,1,0,0
profanity,NOUN,1,0,0
squaw,NOUN,1,0,0
conflict,NOUN,1,0,0
hazel,PROPN,1,0,1
account,VERB,1,0,0
nearest,ADP,1,0,0
abrupt,ADJ,1,0,0
paver,NOUN,1,0,0
Walled,PROPN,1,0,1
dug,NOUN,1,0,0
beside,NOUN,1,1,0
whoever,PRON,1,1,0
pickerel,PROPN,1,0,1
chivin,NOUN,1,0,0
roach,NOUN,1,0,0
Leuciscus,PROPN,1,0,1
pulchellus,NOUN,1,0,0
fame,PROPN,1,0,1
greenish,NOUN,1,0,0
dace,NOUN,1,0,0
fable,ADJ,1,0,0
boast,NOUN,1,0,0
pepper,VERB,1,0,0
intermix,VERB,1,0,0
specific,ADJ,1,0,0
reticulatus,NOUN,1,0,0
guttatus,NOUN,1,0,0
handsomer,NOUN,1,0,0
fleshed,ADJ,1,0,0
ichthyologist,NOUN,1,0,0
muscel,NOUN,1,0,0
secrete,VERB,1,0,0
belly,VERB,1,0,0
Hirundo,PROPN,1,0,1
bicolor,NOUN,1,0,0
peetweet,NOUN,1,0,0
Totanus,PROPN,1,0,1
macularius,PROPN,1,0,1
teter,NOUN,1,0,0
gull,NOUN,1,0,0
eastern,PROPN,1,0,1
sucker,NOUN,1,0,0
lamprey,NOUN,1,0,0
chivin,PROPN,1,0,1
irregular,ADJ,1,0,0
monotonous,ADJ,1,0,0
indent,VERB,1,0,0
scallop,VERB,1,0,0
foreground,NOUN,1,0,0
rawness,ADJ,1,0,0
selvage,NOUN,1,0,0
gradation,NOUN,1,0,0
lave,VERB,1,0,0
expressive,ADJ,1,0,0
fluviatile,NOUN,1,0,0
eyelash,NOUN,1,0,0
shore,ADJ,1,0,0
indistinct,NOUN,1,0,0
invert,VERB,1,0,0
gossamer,NOUN,1,0,0
undeceived,ADJ,1,0,0
thistle,ADV,1,0,0
dimple,ADJ,1,0,0
darker,ADJ,1,0,0
boom,NOUN,1,0,0
elaborateness,NOUN,1,0,0
piscine,NOUN,1,0,0
Gyrinus,PROPN,1,0,1
ceaselessly,ADV,1,0,0
progress,VERB,1,0,0
furrow,VERB,1,0,0
perceptibly,ADV,1,0,0
haven,NOUN,1,0,0
fully,ADV,1,0,0
vase,NOUN,1,0,0
jarred,ADJ,1,0,0
welling,NOUN,1,0,0
pulsing,NOUN,1,0,0
rarer,NOUN,1,0,0
quicksilver,NOUN,1,0,0
gilding,ADJ,1,0,0
dim,VERB,1,0,0
sink,NOUN,1,0,0
subtler,NOUN,1,0,0
spirit,PROPN,1,0,1
calm,NOUN,1,0,0
sombre,NOUN,1,0,0
ribbed,ADJ,1,0,0
balloon,NOUN,1,0,0
swimming,NOUN,1,0,0
hovering,NOUN,1,0,0
skylight,NOUN,1,0,0
brushy,ADJ,1,0,0
homeward,NOUN,1,0,0
thorough,ADJ,1,0,0
sear,VERB,1,0,0
dimly,ADV,1,0,0
eagle,NOUN,1,0,0
square,ADV,1,0,0
log,VERB,1,0,0
cable,NOUN,1,0,0
indistinctly,ADV,1,0,0
amphitheatre,NOUN,1,0,0
sylvan,PROPN,1,0,1
willed,NOUN,1,0,0
impel,VERB,1,0,0
productive,ADJ,1,0,0
turning,NOUN,1,0,0
plug,NOUN,1,0,0
devilish,ADJ,1,0,0
Iron,PROPN,1,0,1
rending,NOUN,1,0,0
neigh,NOUN,1,0,0
muddy,VERB,1,0,0
Trojan,PROPN,1,0,1
mercenary,ADJ,1,0,0
Deep,PROPN,1,0,1
Cut,PROPN,1,0,1
lance,NOUN,1,0,0
rib,NOUN,1,0,0
bloated,ADJ,1,0,0
pest,NOUN,1,0,0
liken,VERB,1,0,0
infringe,VERB,1,0,0
unchanged,ADJ,1,0,0
perennially,ADV,1,0,0
swallow,ADJ,1,0,0
dip,NOUN,1,0,0
tonight,NOUN,1,0,0
woodland,PROPN,1,0,1
happiness,NOUN,1,0,0
ay,PROPN,1,0,1
guile,NOUN,1,0,0
bequeath,VERB,1,0,0
ornament,ADJ,1,0,0
resort,NOUN,1,0,0
fireman,NOUN,1,0,0
brakeman,NOUN,1,0,0
distantly,ADV,1,0,0
geological,ADJ,1,0,0
digging,NOUN,1,0,0
austere,ADJ,1,0,0
comparatively,ADJ,1,0,0
sweetness,NOUN,1,0,0
Sandy,PROPN,1,0,1
inland,ADJ,1,0,0
east,ADV,1,0,0
mariner,NOUN,1,0,0
chestnutting,NOUN,1,0,0
sedgy,NOUN,1,0,0
mouldering,NOUN,1,0,0
sharply,ADV,1,0,0
define,VERB,1,0,0
decayed,ADJ,1,0,0
pad,NOUN,1,0,0
wader,NOUN,1,0,0
pipewort,NOUN,1,0,0
pebble,ADJ,1,0,0
indefinite,ADJ,1,0,0
nomenclature,NOUN,1,0,0
bare,NOUN,1,0,0
flint,NOUN,1,0,0
brazen,NOUN,1,0,0
horny,ADJ,1,0,0
grasp,VERB,1,0,0
harpy,PROPN,1,0,1
child,VERB,1,0,0
interweave,VERB,1,0,0
uncleansed,ADJ,1,0,0
contiguous,ADJ,1,0,0
grease,NOUN,1,0,0
redolent,NOUN,1,0,0
buttermilk,NOUN,1,0,0
cultivation,NOUN,1,0,0
grist,NOUN,1,0,0
woodcutter,NOUN,1,0,0
commonness,NOUN,1,0,0
twin,NOUN,1,0,0
sultry,NOUN,1,0,0
Virid,PROPN,1,0,1
Yellow,PROPN,1,0,1
Pine,PROPN,1,0,1
hereabouts,NOUN,1,0,0
Topographical,PROPN,1,0,1
Town,PROPN,1,0,1
Historical,PROPN,1,0,1
although,SCONJ,1,1,0
lily,NOUN,1,0,0
Iris,PROPN,1,0,1
versicolor,NOUN,1,0,0
thinly,ADV,1,0,0
Light,PROPN,1,0,1
successor,NOUN,1,0,0
Kohinoor,PROPN,1,0,1
maiden,NOUN,1,0,0
conspire,NOUN,1,0,0
ye,X,1,0,0
disgrace,PROPN,1,0,1
pine,VERB,1,0,0
full,ADV,1,1,0
rig,VERB,1,0,0
wavy,ADJ,1,0,0
Druids,PROPN,1,0,1
cedar,NOUN,1,0,0
spire,VERB,1,0,0
juniper,NOUN,1,0,0
usnea,ADJ,1,0,0
lichen,PROPN,1,0,1
winkle,NOUN,1,0,0
pink,ADJ,1,0,0
dogwood,NOUN,1,0,0
grow,NOUN,1,0,0
waxwork,NOUN,1,0,0
fold,NOUN,1,0,0
holly,ADV,1,0,0
nameless,NOUN,1,0,0
vest,NOUN,1,0,0
perfume,VERB,1,0,0
bole,NOUN,1,0,0
sizable,ADJ,1,0,0
beech,PROPN,1,0,1
nuts,ADJ,1,0,0
bass,NOUN,1,0,0
hornbeam,NOUN,1,0,0
Celtis,PROPN,1,0,1
occidentalis,NOUN,1,0,0
pagoda,NOUN,1,0,0
shrine,NOUN,1,0,0
abutment,NOUN,1,0,0
dolphin,NOUN,1,0,0
elect,NOUN,1,0,0
Benvenuto,PROPN,1,0,1
memoir,NOUN,1,0,0
resplendent,ADJ,1,0,0
Italy,PROPN,1,0,1
excitable,ADJ,1,0,0
eke,VERB,1,0,0
scanty,NOUN,1,0,0
Pleasant,PROPN,1,0,1
adjunct,NOUN,1,0,0
sung,PROPN,1,0,1
mossy,ADJ,1,0,0
undertook,NOUN,1,0,0
mercurial,ADJ,1,0,0
handkerchief,NOUN,1,0,0
fork,VERB,1,0,0
unarmed,ADJ,1,0,0
uninhabited,ADJ,1,0,0
behold,NOUN,1,0,0
steer,NOUN,1,0,0
fable,VERB,1,0,0
wrinkle,VERB,1,0,0
sibyl,NOUN,1,0,0
noble,NOUN,1,0,0
inquisitively,ADV,1,0,0
starveling,ADJ,1,0,0
brat,NOUN,1,0,0
shower,VERB,1,0,0
greasy,NOUN,1,0,0
absent,NOUN,1,0,0
stalk,VERB,1,0,0
humanize,VERB,1,0,0
significantly,ADV,1,0,0
bog,VERB,1,0,0
loafer,NOUN,1,0,0
butter,VERB,1,0,0
rat,VERB,1,0,0
meat,VERB,1,0,0
purposely,ADV,1,0,0
sigh,NOUN,1,0,0
kimbo,NOUN,1,0,0
bravely,ADV,1,0,0
massive,ADJ,1,0,0
roughly,ADV,1,0,0
thistle,NOUN,1,0,0
glistening,NOUN,1,0,0
hopeful,ADJ,1,0,0
demur,VERB,1,0,0
eastern,ADJ,1,0,0
withal,PROPN,1,0,1
irrecoverable,ADJ,1,0,0
culinary,ADJ,1,0,0
distil,VERB,1,0,0
consultation,NOUN,1,0,0
gruel,NOUN,1,0,0
under,NOUN,1,1,0
heartiest,NOUN,1,0,0
trivial,NOUN,1,0,0
redden,VERB,1,0,0
thee,NOUN,1,0,0
Creator,PROPN,1,0,1
wild,NOUN,1,0,0
brake,NOUN,1,0,0
rumble,NOUN,1,0,0
flee,VERB,1,0,0
selling,NOUN,1,0,0
serfs,PROPN,1,0,1
Landscape,PROPN,1,0,1
revel,VERB,1,0,0
lea,NOUN,1,0,0
debate,VERB,1,0,0
hast,NOUN,1,0,0
perplex,VERB,1,0,0
gabardine,NOUN,1,0,0
hate,VERB,1,0,0
Holy,PROPN,1,0,1
Dove,PROPN,1,0,1
Guy,PROPN,1,0,1
Faux,PROPN,1,0,1
hang,NOUN,1,0,0
conspiracy,NOUN,1,0,0
tamely,ADV,1,0,0
peril,NOUN,1,0,0
altered,ADJ,1,0,0
Poor,PROPN,1,0,1
boggy,VERB,1,0,0
talaria,NOUN,1,0,0
abandonment,NOUN,1,0,0
morsel,NOUN,1,0,0
unaccountably,ADV,1,0,0
Missouri,PROPN,1,0,1
Columbia,PROPN,1,0,1
trapper,NOUN,1,0,0
Falls,PROPN,1,0,1
Mary,PROPN,1,0,1
shoulder,VERB,1,0,0
common,NOUN,1,0,0
scarcity,NOUN,1,0,0
Humane,PROPN,1,0,1
affected,ADJ,1,0,0
mighty,ADJ,1,0,0
Chaucer,PROPN,1,0,1
nun,NOUN,1,0,0
yave,X,1,0,0
saith,NOUN,1,0,0
ben,PROPN,1,0,1
algonquin,NOUN,1,0,0
outgrow,VERB,1,0,0
humane,NOUN,1,0,0
thoughtless,ADJ,1,0,0
boyhood,NOUN,1,0,0
wantonly,ADV,1,0,0
tenure,NOUN,1,0,0
anthropic,NOUN,1,0,0
often,ADJ,1,0,0
council,NOUN,1,0,0
dignified,ADJ,1,0,0
angle,VERB,1,0,0
impale,VERB,1,0,0
embryo,NOUN,1,0,0
repeatedly,ADV,1,0,0
intimation,NOUN,1,0,0
scullion,NOUN,1,0,0
cook,PROPN,1,0,1
repugnance,NOUN,1,0,0
entomologist,NOUN,1,0,0
larvæ,PROPN,1,0,1
voracious,ADJ,1,0,0
transform,VERB,1,0,0
gluttonous,ADJ,1,0,0
larva,NOUN,1,0,0
insectivorous,ADJ,1,0,0
feeder,NOUN,1,0,0
larva,PROPN,1,0,1
offend,VERB,1,0,0
temperately,ADV,1,0,0
condiment,NOUN,1,0,0
reconcile,VERB,1,0,0
carnivorous,ADJ,1,0,0
preying,NOUN,1,0,0
snare,VERB,1,0,0
gradual,ADJ,1,0,0
resolute,ADJ,1,0,0
faintest,ADV,1,0,0
mislead,VERB,1,0,0
starry,ADJ,1,0,0
congratulation,NOUN,1,0,0
momentarily,ADV,1,0,0
intangible,ADJ,1,0,0
segment,NOUN,1,0,0
fry,VERB,1,0,0
relish,NOUN,1,0,0
opium,NOUN,1,0,0
eater,NOUN,1,0,0
drunkenness,NOUN,1,0,0
ebriosity,NOUN,1,0,0
coarse,VERB,1,0,0
coarsely,ADV,1,0,0
privileged,ADJ,1,0,0
Omnipresent,PROPN,1,0,1
Supreme,PROPN,1,0,1
commentator,NOUN,1,0,0
Vedant,PROPN,1,0,1
palate,NOUN,1,0,0
Thseng,PROPN,1,0,1
listen,NOUN,1,0,0
glutton,NOUN,1,0,0
puritan,NOUN,1,0,0
alderman,NOUN,1,0,0
entereth,VERB,1,0,0
defileth,NOUN,1,0,0
viand,NOUN,1,0,0
jelly,NOUN,1,0,0
sardine,NOUN,1,0,0
beastly,ADV,1,0,0
startlingly,ADV,1,0,0
Goodness,PROPN,1,0,1
insisting,NOUN,1,0,0
patterer,NOUN,1,0,0
Universe,PROPN,1,0,1
assessment,NOUN,1,0,0
charming,ADJ,1,0,0
transfixe,NOUN,1,0,0
irksome,ADJ,1,0,0
satire,NOUN,1,0,0
reptile,ADJ,1,0,0
hog,NOUN,1,0,0
tusk,NOUN,1,0,0
vigor,VERB,1,0,0
distinct,NOUN,1,0,0
spiritual,NOUN,1,0,0
Mencius,PROPN,1,0,1
forthwith,PROPN,1,0,1
approximation,NOUN,1,0,0
pervade,NOUN,1,0,0
transmute,VERB,1,0,0
generative,ADJ,1,0,0
dissipate,NOUN,1,0,0
invigorate,NOUN,1,0,0
flowering,NOUN,1,0,0
Heroism,PROPN,1,0,1
Holiness,PROPN,1,0,1
faun,NOUN,1,0,0
satyr,NOUN,1,0,0
disafforest,VERB,1,0,0
goat,PROPN,1,0,1
ass,VERB,1,0,0
else,ADJ,1,1,0
headlong,ADJ,1,0,0
rage,NOUN,1,0,0
sensually,ADV,1,0,0
reptile,NOUN,1,0,0
attack,VERB,1,0,0
temperate,VERB,1,0,0
conformably,ADV,1,0,0
sloth,ADJ,1,0,0
slothful,ADJ,1,0,0
fatigue,VERB,1,0,0
heathenish,NOUN,1,0,0
provoke,VERB,1,0,0
rite,NOUN,1,0,0
obscene,ADJ,1,0,0
lawgiver,ADV,1,0,0
offensive,ADJ,1,0,0
void,ADJ,1,0,0
urine,NOUN,1,0,0
sculptor,NOUN,1,0,0
imbrute,VERB,1,0,0
contrive,VERB,1,0,0
scurf,NOUN,1,0,0
shuffle,VERB,1,0,0
moil,VERB,1,0,0
twinkle,NOUN,1,0,0
austerity,NOUN,1,0,0
catching,NOUN,1,0,0
fern,NOUN,1,0,0
flutter,NOUN,1,0,0
cider,NOUN,1,0,0
reap,VERB,1,0,0
barking,NOUN,1,0,0
Say,PROPN,1,1,1
tap,VERB,1,0,0
brier,NOUN,1,0,0
Mediterranean,PROPN,1,0,1
delay,VERB,1,0,0
Angle,PROPN,1,0,1
fatten,VERB,1,0,0
yonder,NOUN,1,0,0
weed,VERB,1,0,0
increase,NOUN,1,0,0
essence,NOUN,1,0,0
Con,PROPN,1,0,1
fut,PROPN,1,0,1
see,NOUN,1,1,0
dump,NOUN,1,0,0
ecstasy,NOUN,1,0,0
Mem,PROPN,1,0,1
thirteen,NUM,1,0,0
undersized,ADJ,1,0,0
fry,NOUN,1,0,0
skewer,NOUN,1,0,0
Pilpay,PROPN,1,0,1
underneath,ADP,1,0,0
ascend,VERB,1,0,0
bench,NOUN,1,0,0
dodged,ADJ,1,0,0
bopeep,NOUN,1,0,0
Tetrao,PROPN,1,0,1
umbellus,NOUN,1,0,0
shy,VERB,1,0,0
cluck,VERB,1,0,0
whirlwind,NOUN,1,0,0
traveler,NOUN,1,0,0
whir,NOUN,1,0,0
mewing,NOUN,1,0,0
dishabille,NOUN,1,0,0
obedient,ADJ,1,0,0
callow,ADJ,1,0,0
developed,ADJ,1,0,0
precocious,ADJ,1,0,0
adult,VERB,1,0,0
coeval,NOUN,1,0,0
limpid,ADJ,1,0,0
reckless,ADJ,1,0,0
innocent,NOUN,1,0,0
otter,NOUN,1,0,0
raccoon,NOUN,1,0,0
whinnering,NOUN,1,0,0
ooze,VERB,1,0,0
grassy,NOUN,1,0,0
roil,VERB,1,0,0
probe,VERB,1,0,0
bough,PROPN,1,0,1
contend,VERB,1,0,0
wrestle,VERB,1,0,0
duellum,ADJ,1,0,0
bellum,NOUN,1,0,0
pit,VERB,1,0,0
internecine,ADJ,1,0,0
red,PROPN,1,0,1
republicans,PROPN,1,0,1
imperialist,NOUN,1,0,0
deadly,ADJ,1,0,0
resolutely,ADV,1,0,0
embrace,NOUN,1,0,0
pertinacity,NOUN,1,0,0
Conquer,PROPN,1,0,1
evidently,ADV,1,0,0
excitement,NOUN,1,0,0
despatch,VERB,1,0,0
shield,NOUN,1,0,0
patroclus,NOUN,1,0,0
twice,DET,1,0,0
unite,VERB,1,0,0
respective,ADJ,1,0,0
national,ADJ,1,0,0
Austerlitz,PROPN,1,0,1
Dresden,PROPN,1,0,1
Fight,PROPN,1,0,1
Blanchard,PROPN,1,0,1
Davis,PROPN,1,0,1
Hosmer,PROPN,1,0,1
hireling,NOUN,1,0,0
Bunker,PROPN,1,0,1
issue,NOUN,1,0,0
assiduously,ADV,1,0,0
breastplate,NOUN,1,0,0
carbuncle,NOUN,1,0,0
sufferer,NOUN,1,0,0
ghastly,ADV,1,0,0
saddle,NOUN,1,0,0
crippled,ADJ,1,0,0
Hotel,PROPN,1,0,1
des,X,1,0,0
Invalides,PROPN,1,0,1
harrow,VERB,1,0,0
Huber,PROPN,1,0,1
Æneas,PROPN,1,0,1
Sylvius,PROPN,1,0,1
circumstantial,ADJ,1,0,0
contest,VERB,1,0,0
pear,NOUN,1,0,0
pontificate,NOUN,1,0,0
Eugenius,PROPN,1,0,1
Nicholas,PROPN,1,0,1
Pistoriensis,PROPN,1,0,1
Olaus,PROPN,1,0,1
Magnus,PROPN,1,0,1
expulsion,NOUN,1,0,0
Christiern,PROPN,1,0,1
Second,PROPN,1,0,1
Sweden,PROPN,1,0,1
Polk,PROPN,1,0,1
Fugitive,PROPN,1,0,1
Bill,PROPN,1,0,1
nimbly,ADV,1,0,0
terror,NOUN,1,0,0
canine,NOUN,1,0,0
canter,VERB,1,0,0
jerbilla,PROPN,1,0,1
rug,NOUN,1,0,0
sly,ADJ,1,0,0
kitten,NOUN,1,0,0
Gilian,PROPN,1,0,1
male,ADJ,1,0,0
female,ADJ,1,0,0
pronoun,NOUN,1,0,0
brownish,ADJ,1,0,0
fur,NOUN,1,0,0
flat,VERB,1,0,0
stripe,NOUN,1,0,0
muff,NOUN,1,0,0
matted,ADJ,1,0,0
appendage,NOUN,1,0,0
membrane,NOUN,1,0,0
prolific,NOUN,1,0,0
hybrid,NOUN,1,0,0
marten,NOUN,1,0,0
Colymbus,PROPN,1,0,1
glacialis,PROPN,1,0,1
moult,VERB,1,0,0
bathe,NOUN,1,0,0
rifle,NOUN,1,0,0
conical,ADJ,1,0,0
omnipresent,ADJ,1,0,0
generously,ADV,1,0,0
angrily,ADV,1,0,0
unfinished,ADJ,1,0,0
match,NOUN,1,0,0
milkweed,NOUN,1,0,0
miscalculate,VERB,1,0,0
cooly,ADV,1,0,0
quickly,ADV,1,0,0
execution,NOUN,1,0,0
pretty,ADJ,1,0,0
checker,NOUN,1,0,0
unweariable,ADJ,1,0,0
swum,ADJ,1,0,0
plunge,VERB,1,0,0
lake,VERB,1,0,0
ungainly,ADJ,1,0,0
reconnoitre,VERB,1,0,0
reappearing,NOUN,1,0,0
cunning,NOUN,1,0,0
betray,NOUN,1,0,0
silly,ADJ,1,0,0
willingly,ADV,1,0,0
unruffled,ADJ,1,0,0
derision,NOUN,1,0,0
resource,NOUN,1,0,0
smoothness,ADJ,1,0,0
aid,VERB,1,0,0
impressed,ADJ,1,0,0
angry,ADJ,1,0,0
tack,VERB,1,0,0
veer,VERB,1,0,0
trick,NOUN,1,0,0
Louisiana,PROPN,1,0,1
bayous,ADJ,1,0,0
slanting,ADJ,1,0,0
graping,NOUN,1,0,0
cluster,NOUN,1,0,0
waxen,NOUN,1,0,0
pendant,NOUN,1,0,0
pearly,ADV,1,0,0
ugly,ADJ,1,0,0
rake,NOUN,1,0,0
snarl,NOUN,1,0,0
spoil,NOUN,1,0,0
mead,NOUN,1,0,0
jammed,ADJ,1,0,0
regardless,ADV,1,0,0
torn,ADJ,1,0,0
barberry,NOUN,1,0,0
coddling,NOUN,1,0,0
exciting,ADJ,1,0,0
bouquet,NOUN,1,0,0
Apios,PROPN,1,0,1
tuberosa,NOUN,1,0,0
crimple,VERB,1,0,0
Cultivation,PROPN,1,0,1
sweetish,ADJ,1,0,0
frostbitten,NOUN,1,0,0
roasted,ADJ,1,0,0
tuber,NOUN,1,0,0
rear,VERB,1,0,0
fatted,ADJ,1,0,0
totem,NOUN,1,0,0
inventor,NOUN,1,0,0
bestower,NOUN,1,0,0
promontory,ADJ,1,0,0
gallery,NOUN,1,0,0
harmonious,ADJ,1,0,0
coloring,NOUN,1,0,0
compliment,VERB,1,0,0
bed,VERB,1,0,0
unspeakable,ADJ,1,0,0
pleasanter,NOUN,1,0,0
wholesomer,NOUN,1,0,0
ember,NOUN,1,0,0
masonry,NOUN,1,0,0
wiseacre,NOUN,1,0,0
Mesopotamia,PROPN,1,0,1
Babylon,PROPN,1,0,1
toughness,NOUN,1,0,0
Nebuchadnezzar,PROPN,1,0,1
pillow,NOUN,1,0,0
apparent,ADJ,1,0,0
flickering,NOUN,1,0,0
fresco,ADJ,1,0,0
poke,VERB,1,0,0
chamber,PROPN,1,0,1
patremfamilias,PROPN,1,0,1
rustic,ADJ,1,0,0
cellam,PROPN,1,0,1
oleariam,PROPN,1,0,1
vinariam,PROPN,1,0,1
dolia,PROPN,1,0,1
multa,PROPN,1,0,1
uti,PROPN,1,0,1
lubeat,VERB,1,0,0
caritatem,NOUN,1,0,0
expectare,NOUN,1,0,0
rei,PROPN,1,0,1
virtuti,PROPN,1,0,1
gloriæ,PROPN,1,0,1
erit,PROPN,1,0,1
firkin,NOUN,1,0,0
weevil,NOUN,1,0,0
ginger,NOUN,1,0,0
purlin,NOUN,1,0,0
torch,NOUN,1,0,0
settle,NOUN,1,0,0
essential,NOUN,1,0,0
pantry,NOUN,1,0,0
boil,NOUN,1,0,0
oven,PROPN,1,0,1
request,VERB,1,0,0
cook,NOUN,1,0,0
solitary,NOUN,1,0,0
alley,NOUN,1,0,0
secrecy,NOUN,1,0,0
palaver,NOUN,1,0,0
fetched,ADJ,1,0,0
waiter,NOUN,1,0,0
dwelt,NOUN,1,0,0
Territory,PROPN,1,0,1
Isle,PROPN,1,0,1
parliamentary,ADJ,1,0,0
hasty,NOUN,1,0,0
lathe,VERB,1,0,0
conceited,ADJ,1,0,0
lounge,VERB,1,0,0
cuff,NOUN,1,0,0
mishap,PROPN,1,0,1
complacent,ADJ,1,0,0
lathing,NOUN,1,0,0
gesture,NOUN,1,0,0
thitherward,ADV,1,0,0
ruffled,ADJ,1,0,0
casualty,NOUN,1,0,0
pailful,NOUN,1,0,0
christen,VERB,1,0,0
Unio,PROPN,1,0,1
fluviatilis,NOUN,1,0,0
cadis,ADJ,1,0,0
quartz,NOUN,1,0,0
crease,VERB,1,0,0
eightieth,NOUN,1,0,0
bead,NOUN,1,0,0
beneath,ADJ,1,0,0
whitish,ADJ,1,0,0
cleavage,NOUN,1,0,0
middling,ADJ,1,0,0
flattish,NOUN,1,0,0
lenticular,ADJ,1,0,0
reverse,VERB,1,0,0
earnest,NOUN,1,0,0
whistling,NOUN,1,0,0
tread,NOUN,1,0,0
feed,NOUN,1,0,0
shallower,NOUN,1,0,0
haul,NOUN,1,0,0
Vulcan,PROPN,1,0,1
Terminus,PROPN,1,0,1
steal,ADJ,1,0,0
fagot,NOUN,1,0,0
raft,NOUN,1,0,0
drying,NOUN,1,0,0
piecemeal,ADV,1,0,0
withe,NOUN,1,0,0
lead,NOUN,1,0,0
borderer,NOUN,1,0,0
nuisance,NOUN,1,0,0
severely,ADV,1,0,0
purpresture,NOUN,1,0,0
terrorem,NOUN,1,0,0
ferarum,NOUN,1,0,0
nocumentum,NOUN,1,0,0
forestæ,NOUN,1,0,0
frightening,ADJ,1,0,0
preservation,NOUN,1,0,0
vert,ADJ,1,0,0
Warden,PROPN,1,0,1
inconsolable,ADJ,1,0,0
awe,PROPN,1,0,1
consecrated,ADJ,1,0,0
lucum,ADJ,1,0,0
conlucare,NOUN,1,0,0
Roman,PROPN,1,0,1
expiatory,NOUN,1,0,0
offering,NOUN,1,0,0
goddess,VERB,1,0,0
propitious,ADJ,1,0,0
Saxon,PROPN,1,0,1
Norman,PROPN,1,0,1
ancestors,PROPN,1,0,1
Michaux,PROPN,1,0,1
Philadelphia,PROPN,1,0,1
immense,ADJ,1,0,0
tradesman,NOUN,1,0,0
gleaning,NOUN,1,0,0
parisian,ADJ,1,0,0
Celt,PROPN,1,0,1
Robinhood,PROPN,1,0,1
Goody,PROPN,1,0,1
Blake,PROPN,1,0,1
Harry,PROPN,1,0,1
Gill,PROPN,1,0,1
peasant,NOUN,1,0,0
pleasing,NOUN,1,0,0
spell,NOUN,1,0,0
blacksmith,PROPN,1,0,1
prospect,VERB,1,0,0
indestructible,ADJ,1,0,0
sapwood,NOUN,1,0,0
shovel,VERB,1,0,0
marrowy,ADJ,1,0,0
tallow,NOUN,1,0,0
hickory,ADV,1,0,0
finely,ADV,1,0,0
streamer,NOUN,1,0,0
Smoke,PROPN,1,0,1
upward,ADJ,1,0,0
Lark,PROPN,1,0,1
shadowy,ADJ,1,0,0
veiling,NOUN,1,0,0
blot,VERB,1,0,0
thou,VERB,1,0,0
glowing,ADJ,1,0,0
trustworthy,ADJ,1,0,0
nest,VERB,1,0,0
sheltered,ADJ,1,0,0
box,VERB,1,0,0
divested,ADJ,1,0,0
cumbrous,ADJ,1,0,0
lengthen,VERB,1,0,0
instinct,ADJ,1,0,0
Cold,PROPN,1,0,1
Fridays,PROPN,1,0,1
Snows,PROPN,1,0,1
colder,NOUN,1,0,0
Friday,PROPN,1,0,1
poetic,NOUN,1,0,0
chemic,ADJ,1,0,0
dross,NOUN,1,0,0
earthiness,NOUN,1,0,0
recur,VERB,1,0,0
imaging,NOUN,1,0,0
welcome,VERB,1,0,0
belove,VERB,1,0,0
gleam,ADJ,1,0,0
sadden,NOUN,1,0,0
Warms,PROPN,1,0,1
utilitarian,ADJ,1,0,0
Former,PROPN,1,1,1
wildly,ADV,1,0,0
scrape,VERB,1,0,0
woodman,NOUN,1,0,0
Alms,PROPN,1,0,1
Duncan,PROPN,1,0,1
Esquire,PROPN,1,0,1
Uticensis,PROPN,1,0,1
Concordiensis,PROPN,1,0,1
Guinea,PROPN,1,0,1
speculator,NOUN,1,0,0
fringe,NOUN,1,0,0
Solidago,PROPN,1,0,1
stricta,NOUN,1,0,0
Zilpha,PROPN,1,0,1
townsfolk,NOUN,1,0,0
shrill,NOUN,1,0,0
notable,ADJ,1,0,0
inhumane,ADJ,1,0,0
gurgle,VERB,1,0,0
Freeman,PROPN,1,0,1
handy,ADJ,1,0,0
Cummings,PROPN,1,0,1
ciderish,ADJ,1,0,0
epitaph,NOUN,1,0,0
burying,NOUN,1,0,0
unmarked,ADJ,1,0,0
british,ADJ,1,0,0
grenadier,NOUN,1,0,0
Sippio,PROPN,1,0,1
Africanus,PROPN,1,0,1
discolor,VERB,1,0,0
dwelt,PROPN,1,0,1
Fenda,PROPN,1,0,1
blacker,NOUN,1,0,0
orb,NOUN,1,0,0
thrifty,ADJ,1,0,0
Nearer,PROPN,1,0,1
ground,VERB,1,0,0
prominent,ADJ,1,0,0
mythological,ADJ,1,0,0
biography,NOUN,1,0,0
guise,NOUN,1,0,0
rob,NOUN,1,0,0
Rum,PROPN,1,0,1
enact,VERB,1,0,0
dubious,ADJ,1,0,0
unoccupied,ADJ,1,0,0
Election,PROPN,1,0,1
Davenant,PROPN,1,0,1
sprout,VERB,1,0,0
sunday,NOUN,1,0,0
Sabbath,PROPN,1,0,1
chalmer,NOUN,1,0,0
Nervii,PROPN,1,0,1
rung,VERB,1,0,0
straggling,ADJ,1,0,0
foremost,ADJ,1,0,0
Codman,PROPN,1,0,1
affirm,VERB,1,0,0
furious,ADJ,1,0,0
rearmost,NOUN,1,0,0
idealist,NOUN,1,0,0
crackling,NOUN,1,0,0
nearness,NOUN,1,0,0
ardor,NOUN,1,0,0
worthless,ADJ,1,0,0
jostle,VERB,1,0,0
speaking,NOUN,1,0,0
conflagration,NOUN,1,0,0
Bascom,PROPN,1,0,1
preface,NOUN,1,0,0
moaning,NOUN,1,0,0
heir,NOUN,1,0,0
smoulder,VERB,1,0,0
cinder,NOUN,1,0,0
sweep,NOUN,1,0,0
convince,NOUN,1,0,0
rider,NOUN,1,0,0
Le,PROPN,1,0,1
Grosse,PROPN,1,0,1
earthen,ADJ,1,0,0
descendant,NOUN,1,0,0
worldly,ADJ,1,0,0
sufferance,NOUN,1,0,0
sheriff,NOUN,1,0,0
Scripture,PROPN,1,0,1
gourd,NOUN,1,0,0
fictile,INTJ,1,0,0
practice,VERB,1,0,0
Hugh,PROPN,1,0,1
Rumor,PROPN,1,0,1
ditcher,NOUN,1,0,0
Napoleon,PROPN,1,0,1
Helena,PROPN,1,0,1
tragic,ADJ,1,0,0
delirium,NOUN,1,0,0
carmine,NOUN,1,0,0
shortly,ADV,1,0,0
unlucky,ADJ,1,0,0
curl,VERB,1,0,0
administrator,NOUN,1,0,0
croak,VERB,1,0,0
Reynard,PROPN,1,0,1
roost,VERB,1,0,0
shaking,NOUN,1,0,0
beggar,ADJ,1,0,0
tick,NOUN,1,0,0
raspberry,NOUN,1,0,0
thimble,ADJ,1,0,0
hazel,ADJ,1,0,0
occupie,NOUN,1,0,0
oozed,NOUN,1,0,0
tearless,ADJ,1,0,0
sorrowful,ADJ,1,0,0
coincident,NOUN,1,0,0
deserted,ADJ,1,0,0
bustle,NOUN,1,0,0
fate,ADJ,1,0,0
foreknowledge,PROPN,1,0,1
absolute,VERB,1,0,0
discuss,VERB,1,0,0
edify,VERB,1,0,0
vivacious,ADJ,1,0,0
lilac,NOUN,1,0,0
lintel,NOUN,1,0,0
muse,VERB,1,0,0
retired,ADJ,1,0,0
stirp,NOUN,1,0,0
sole,ADJ,1,0,0
daily,PROPN,1,0,1
dilute,VERB,1,0,0
spinning,NOUN,1,0,0
blossom,VERB,1,0,0
rose,NOUN,1,0,0
sterile,ADJ,1,0,0
degeneracy,NOUN,1,0,0
deliver,VERB,1,0,0
cemeterie,VERB,1,0,0
blanch,VERB,1,0,0
accurse,VERB,1,0,0
repeople,VERB,1,0,0
poultry,NOUN,1,0,0
Sutton,PROPN,1,0,1
meandering,NOUN,1,0,0
dot,NOUN,1,0,0
even,ADJ,1,1,0
divider,NOUN,1,0,0
tramp,VERB,1,0,0
appointment,NOUN,1,0,0
sharpen,VERB,1,0,0
fir,NOUN,1,0,0
barred,ADJ,1,0,0
Strix,PROPN,1,0,1
nebulosa,PROPN,1,0,1
cronche,VERB,1,0,0
nod,VERB,1,0,0
slumberous,ADJ,1,0,0
slit,NOUN,1,0,0
peninsular,ADJ,1,0,0
mote,VERB,1,0,0
sluggishly,ADV,1,0,0
dawning,NOUN,1,0,0
blustering,NOUN,1,0,0
nipping,ADJ,1,0,0
smite,VERB,1,0,0
powdery,NOUN,1,0,0
springly,ADV,1,0,0
cabbage,NOUN,1,0,0
whittling,NOUN,1,0,0
cronching,NOUN,1,0,0
frock,NOUN,1,0,0
gown,NOUN,1,0,0
bracing,NOUN,1,0,0
dessert,NOUN,1,0,0
daunt,VERB,1,0,0
actuate,VERB,1,0,0
predict,VERB,1,0,0
murmur,ADJ,1,0,0
amend,NOUN,1,0,0
jest,NOUN,1,0,0
bran,ADJ,1,0,0
theory,NOUN,1,0,0
gruel,PROPN,1,0,1
conviviality,NOUN,1,0,0
headedness,NOUN,1,0,0
welcome,NOUN,1,0,0
prompt,VERB,1,0,0
revolve,VERB,1,0,0
unsuspecte,VERB,1,0,0
Mortality,PROPN,1,0,1
patience,NOUN,1,0,0
plain,VERB,1,0,0
deface,VERB,1,0,0
beggar,NOUN,1,0,0
elegance,NOUN,1,0,0
caravansary,NOUN,1,0,0
crotchet,NOUN,1,0,0
yore,ADV,1,0,0
pledge,VERB,1,0,0
freeborn,ADJ,1,0,0
ingenuus,NOUN,1,0,0
overarching,NOUN,1,0,0
whittle,VERB,1,0,0
scared,ADJ,1,0,0
angler,NOUN,1,0,0
grandly,ADV,1,0,0
revise,VERB,1,0,0
Looker,PROPN,1,0,1
Expecter,PROPN,1,0,1
Night,PROPN,1,0,1
Entertainment,PROPN,1,0,1
discourse,NOUN,1,0,0
hermit,VERB,1,0,0
philosopher,ADJ,1,0,0
rack,VERB,1,0,0
dare,VERB,1,0,0
calk,VERB,1,0,0
consequent,NOUN,1,0,0
oakum,NOUN,1,0,0
Visitor,PROPN,1,0,1
Purana,PROPN,1,0,1
eventide,NOUN,1,0,0
Baffin,PROPN,1,0,1
indeterminable,ADJ,1,0,0
wolfish,ADJ,1,0,0
sealer,NOUN,1,0,0
giant,NOUN,1,0,0
interrupted,ADJ,1,0,0
jingle,NOUN,1,0,0
trodden,NOUN,1,0,0
bristling,NOUN,1,0,0
plectrum,NOUN,1,0,0
lingua,ADJ,1,0,0
vernacula,NOUN,1,0,0
sonorously,ADV,1,0,0
accent,VERB,1,0,0
der,NOUN,1,0,0
commodore,NOUN,1,0,0
honk,VERB,1,0,0
unmistakable,ADJ,1,0,0
tremendous,ADJ,1,0,0
respond,VERB,1,0,0
intruder,NOUN,1,0,0
Hudson,PROPN,1,0,1
citadel,NOUN,1,0,0
napping,NOUN,1,0,0
larynx,NOUN,1,0,0
Boo,PROPN,1,0,1
discord,NOUN,1,0,0
discriminating,ADJ,1,0,0
concord,NOUN,1,0,0
whooping,NOUN,1,0,0
flatulency,NOUN,1,0,0
raggedly,ADV,1,0,0
demoniacally,ADV,1,0,0
outright,ADV,1,0,0
rudimental,ADJ,1,0,0
transformation,NOUN,1,0,0
vulpine,NOUN,1,0,0
Sciurus,PROPN,1,0,1
Hudsonius,PROPN,1,0,1
manœuvre,NOUN,1,0,0
warily,NOUN,1,0,0
inconceivable,ADJ,1,0,0
trotter,NOUN,1,0,0
wager,NOUN,1,0,0
gratuitous,ADJ,1,0,0
dancing,NOUN,1,0,0
circumspection,NOUN,1,0,0
Jack,PROPN,1,0,1
Robinson,PROPN,1,0,1
chide,VERB,1,0,0
imaginary,ADJ,1,0,0
soliloquize,VERB,1,0,0
frisk,NOUN,1,0,0
trigonometrical,NOUN,1,0,0
top,ADV,1,1,0
voraciously,ADV,1,0,0
dainty,ADV,1,0,0
balanced,ADJ,1,0,0
careless,ADJ,1,0,0
grasp,NOUN,1,0,0
impudent,ADJ,1,0,0
plumper,VERB,1,0,0
tiger,NOUN,1,0,0
zig,NOUN,1,0,0
zag,NOUN,1,0,0
scratch,VERB,1,0,0
diagonal,NOUN,1,0,0
horizontal,ADJ,1,0,0
discordant,ADJ,1,0,0
warily,ADV,1,0,0
choke,VERB,1,0,0
disgorge,VERB,1,0,0
shy,ADJ,1,0,0
claw,NOUN,1,0,0
tit,ADJ,1,0,0
mice,NOUN,1,0,0
flitting,NOUN,1,0,0
lisping,NOUN,1,0,0
sprightly,ADJ,1,0,0
summery,NOUN,1,0,0
phe,NOUN,1,0,0
armful,NOUN,1,0,0
epaulet,NOUN,1,0,0
whir,VERB,1,0,0
jar,VERB,1,0,0
sift,VERB,1,0,0
plunge,NOUN,1,0,0
cunning,ADJ,1,0,0
wait,NOUN,1,0,0
hound,VERB,1,0,0
Actæon,PROPN,1,0,1
across,ADV,1,1,0
species,NOUN,1,0,0
madness,NOUN,1,0,0
divert,VERB,1,0,0
Lexington,PROPN,1,0,1
wiser,NOUN,1,0,0
cruise,NOUN,1,0,0
Well,PROPN,1,1,1
sympathetic,ADJ,1,0,0
short,ADV,1,0,0
whang,PROPN,1,0,1
on,ADV,1,1,0
amazement,NOUN,1,0,0
sober,VERB,1,0,0
skin,VERB,1,0,0
Sam,PROPN,1,0,1
Ledges,PROPN,1,0,1
rum,NOUN,1,0,0
informant,NOUN,1,0,0
Wast,PROPN,1,0,1
Book,PROPN,1,0,1
representative,ADJ,1,0,0
Melven,PROPN,1,0,1
Cr,PROPN,1,0,1
Grey,PROPN,1,0,1
Fox,PROPN,1,0,1
ledger,NOUN,1,0,0
Hezekiah,PROPN,1,0,1
Catt,PROPN,1,0,1
sergeant,NOUN,1,0,0
Credit,PROPN,1,0,1
vicinity,NOUN,1,0,0
particular,NOUN,1,0,0
gaunt,NOUN,1,0,0
Nimrod,PROPN,1,0,1
skulk,VERB,1,0,0
norwegian,ADJ,1,0,0
mix,VERB,1,0,0
gnawing,NOUN,1,0,0
up,NOUN,1,1,0
thin,VERB,1,0,0
densely,ADV,1,0,0
Americanus,PROPN,1,0,1
flooring,NOUN,1,0,0
dusk,NOUN,1,0,0
paring,NOUN,1,0,0
squeak,NOUN,1,0,0
bounce,NOUN,1,0,0
wee,ADJ,1,0,0
scant,ADJ,1,0,0
breed,NOUN,1,0,0
dropsical,ADJ,1,0,0
lo,INTJ,1,0,0
scud,VERB,1,0,0
slenderness,NOUN,1,0,0
levipe,NOUN,1,0,0
antiquity,VERB,1,0,0
nearest,X,1,0,0
concealment,NOUN,1,0,0
teem,NOUN,1,0,0
beset,VERB,1,0,0
twiggy,ADJ,1,0,0
snare,NOUN,1,0,0
answered,ADJ,1,0,0
Forward,PROPN,1,0,1
mortal,VERB,1,0,0
Prince,PROPN,1,0,1
admiration,NOUN,1,0,0
varied,ADJ,1,0,0
veil,VERB,1,0,0
marmot,NOUN,1,0,0
dormant,ADJ,1,0,0
kneel,VERB,1,0,0
pervade,VERB,1,0,0
sand,VERB,1,0,0
waveless,NOUN,1,0,0
amber,PROPN,1,0,1
sky,PROPN,1,0,1
temperament,NOUN,1,0,0
crisp,ADJ,1,0,0
stitch,VERB,1,0,0
rip,VERB,1,0,0
froze,VERB,1,0,0
moss,NOUN,1,0,0
fisher,PROPN,1,0,1
slack,NOUN,1,0,0
bite,NOUN,1,0,0
Arabia,PROPN,1,0,1
dazzling,ADJ,1,0,0
transcendent,ADJ,1,0,0
cadaverous,ADJ,1,0,0
haddock,NOUN,1,0,0
trumpet,VERB,1,0,0
pearl,NOUN,1,0,0
animalize,VERB,1,0,0
nucleus,NOUN,1,0,0
Waldens,PROPN,1,0,1
Waldenses,PROPN,1,0,1
sleigh,VERB,1,0,0
convulsive,NOUN,1,0,0
quirk,NOUN,1,0,0
lost,ADJ,1,0,0
bottomlessness,NOUN,1,0,0
Bottomless,PROPN,1,0,1
illusive,ADJ,1,0,0
undoubted,ADJ,1,0,0
Styx,PROPN,1,0,1
Infernal,PROPN,1,0,1
Regions,PROPN,1,0,1
marvellousness,NOUN,1,0,0
reasonably,ADV,1,0,0
unreasonable,ADJ,1,0,0
infinite,NOUN,1,0,0
dams,PROPN,1,0,1
William,PROPN,1,0,1
correct,ADJ,1,0,0
Scotland,PROPN,1,0,1
water,PROPN,1,0,1
fathom,NOUN,1,0,0
diluvian,ADJ,1,0,0
crash,NOUN,1,0,0
convulsion,NOUN,1,0,0
gush,VERB,1,0,0
tumid,PROPN,1,0,1
horror,NOUN,1,0,0
stretching,NOUN,1,0,0
insight,NOUN,1,0,0
unsuspecting,ADJ,1,0,0
subsequent,ADJ,1,0,0
soar,NOUN,1,0,0
arbitrarily,ADV,1,0,0
variation,NOUN,1,0,0
sandy,NOUN,1,0,0
inequality,NOUN,1,0,0
shoal,NOUN,1,0,0
gorge,VERB,1,0,0
map,VERB,1,0,0
lengthwise,NOUN,1,0,0
breadthwise,VERB,1,0,0
level,ADJ,1,0,0
opposite,NOUN,1,0,0
horizontally,ADV,1,0,0
vertically,ADV,1,0,0
plan,NOUN,1,0,0
vitiate,VERB,1,0,0
confusion,NOUN,1,0,0
irregularity,NOUN,1,0,0
conflicting,ADJ,1,0,0
concur,VERB,1,0,0
profile,NOUN,1,0,0
cleft,NOUN,1,0,0
entireness,NOUN,1,0,0
ethic,NOUN,1,0,0
aggregate,NOUN,1,0,0
trend,NOUN,1,0,0
mountainous,ADJ,1,0,0
Achillean,PROPN,1,0,1
locked,ADJ,1,0,0
axis,NOUN,1,0,0
subsidence,NOUN,1,0,0
advent,NOUN,1,0,0
harborless,PROPN,1,0,1
conversant,ADJ,1,0,0
bight,NOUN,1,0,0
poesy,NOUN,1,0,0
dock,NOUN,1,0,0
refit,VERB,1,0,0
concur,NOUN,1,0,0
individualize,VERB,1,0,0
soldering,NOUN,1,0,0
leak,NOUN,1,0,0
connection,NOUN,1,0,0
sawdust,VERB,1,0,0
strainer,NOUN,1,0,0
particle,NOUN,1,0,0
graduated,ADJ,1,0,0
infinitesimal,ADJ,1,0,0
mottle,VERB,1,0,0
rosette,NOUN,1,0,0
impressively,ADV,1,0,0
pathetically,ADV,1,0,0
thirst,NOUN,1,0,0
unroof,VERB,1,0,0
wintry,NOUN,1,0,0
solidify,VERB,1,0,0
hyperborean,ADJ,1,0,0
extraction,NOUN,1,0,0
ungainly,ADV,1,0,0
turf,NOUN,1,0,0
pointed,ADJ,1,0,0
pike,NOUN,1,0,0
Iceland,PROPN,1,0,1
harrowing,ADJ,1,0,0
rolling,NOUN,1,0,0
virgin,NOUN,1,0,0
springy,ADJ,1,0,0
terra,NOUN,1,0,0
peat,NOUN,1,0,0
shriek,NOUN,1,0,0
polar,ADJ,1,0,0
arctic,ADJ,1,0,0
Squaw,PROPN,1,0,1
revenge,NOUN,1,0,0
Tartarus,PROPN,1,0,1
acknowledge,VERB,1,0,0
ploughshare,NOUN,1,0,0
sledde,VERB,1,0,0
platform,NOUN,1,0,0
grapple,VERB,1,0,0
tackle,NOUN,1,0,0
stack,NOUN,1,0,0
evenly,ADV,1,0,0
row,VERB,1,0,0
base,NOUN,1,0,0
obelisk,NOUN,1,0,0
cradle,NOUN,1,0,0
oats,NOUN,1,0,0
hollow,VERB,1,0,0
pile,ADJ,1,0,0
topple,VERB,1,0,0
grown,ADJ,1,0,0
tint,VERB,1,0,0
estivate,VERB,1,0,0
destination,NOUN,1,0,0
unroofed,ADJ,1,0,0
passer,NOUN,1,0,0
bluest,NOUN,1,0,0
Fresh,PROPN,1,0,1
putrid,ADJ,1,0,0
reaper,NOUN,1,0,0
sower,NOUN,1,0,0
securely,ADV,1,0,0
labored,ADJ,1,0,0
swelter,VERB,1,0,0
Charleston,PROPN,1,0,1
Orleans,PROPN,1,0,1
Madras,PROPN,1,0,1
Bombay,PROPN,1,0,1
Calcutta,PROPN,1,0,1
stupendous,ADJ,1,0,0
remote,NOUN,1,0,0
sublimity,NOUN,1,0,0
Bramin,PROPN,1,0,1
grate,ADJ,1,0,0
Atlantis,PROPN,1,0,1
Hesperides,PROPN,1,0,1
periplus,NOUN,1,0,0
Ternate,PROPN,1,0,1
Tidore,PROPN,1,0,1
Gulf,PROPN,1,0,1
tropic,ADJ,1,0,0
land,VERB,1,0,0
agitate,VERB,1,0,0
hereabout,VERB,1,0,0
retard,VERB,1,0,0
uninterruptedly,ADV,1,0,0
shallowest,ADJ,1,0,0
uneven,ADJ,1,0,0
honeycomb,VERB,1,0,0
disappear,NOUN,1,0,0
bubble,VERB,1,0,0
operate,NOUN,1,0,0
epitome,NOUN,1,0,0
gong,NOUN,1,0,0
yawn,VERB,1,0,0
tumult,NOUN,1,0,0
siesta,NOUN,1,0,0
resonance,NOUN,1,0,0
stun,VERB,1,0,0
biting,NOUN,1,0,0
thick,ADV,1,0,0
skinned,ADJ,1,0,0
papillæ,NOUN,1,0,0
globule,NOUN,1,0,0
mercury,NOUN,1,0,0
tube,NOUN,1,0,0
chirp,NOUN,1,0,0
bluebird,ADJ,1,0,0
width,NOUN,1,0,0
spirit,VERB,1,0,0
settling,NOUN,1,0,0
artillery,NOUN,1,0,0
alligator,NOUN,1,0,0
quaking,NOUN,1,0,0
back,ADJ,1,1,0
likely,ADV,1,0,0
ending,NOUN,1,0,0
sullen,ADJ,1,0,0
crumble,VERB,1,0,0
stand,NOUN,1,0,0
checker,VERB,1,0,0
smoking,NOUN,1,0,0
islet,NOUN,1,0,0
islet,VERB,1,0,0
rivulet,NOUN,1,0,0
assume,NOUN,1,0,0
multiply,VERB,1,0,0
fineness,ADJ,1,0,0
lava,NOUN,1,0,0
interlace,VERB,1,0,0
hybrid,ADJ,1,0,0
spray,VERB,1,0,0
laciniated,ADJ,1,0,0
imbricate,VERB,1,0,0
thallus,NOUN,1,0,0
coral,PROPN,1,0,1
leopard,NOUN,1,0,0
typical,ADJ,1,0,0
acanthu,NOUN,1,0,0
chiccory,NOUN,1,0,0
ivy,PROPN,1,0,1
stalactite,NOUN,1,0,0
open,ADV,1,0,0
reddish,ADJ,1,0,0
drain,NOUN,1,0,0
strand,NOUN,1,0,0
semi,ADJ,1,0,0
cylindrical,ADJ,1,0,0
variously,ADV,1,0,0
rupture,NOUN,1,0,0
springing,NOUN,1,0,0
inert,NOUN,1,0,0
laboratory,NOUN,1,0,0
Artist,PROPN,1,0,1
anticipation,NOUN,1,0,0
outwardly,ADV,1,0,0
inwardly,ADV,1,0,0
atom,NOUN,1,0,0
pregnant,ADJ,1,0,0
prototype,NOUN,1,0,0
moist,ADJ,1,0,0
fat,NOUN,1,0,0
λείβω,VERB,1,0,0
lapsus,PROPN,1,0,1
lapsing,NOUN,1,0,0
λοβος,ADJ,1,0,0
globus,PROPN,1,0,1
lobe,PROPN,1,0,1
flap,NOUN,1,0,0
externally,ADV,1,0,0
f,PROPN,1,0,1
v,NOUN,1,0,0
pressed,ADJ,1,0,0
b,X,1,0,0
radical,NOUN,1,0,0
lb,ADJ,1,0,0
b,PROPN,1,0,1
lobed,ADJ,1,0,0
liquid,PROPN,1,0,1
l,NOUN,1,0,0
glb,PROPN,1,0,1
guttural,ADJ,1,0,0
g,NOUN,1,0,0
lumpish,ADJ,1,0,0
transcend,VERB,1,0,0
frond,NOUN,1,0,0
vaster,NOUN,1,0,0
pulp,NOUN,1,0,0
ova,NOUN,1,0,0
axil,NOUN,1,0,0
fluid,ADJ,1,0,0
meandering,ADJ,1,0,0
artery,NOUN,1,0,0
silicious,ADJ,1,0,0
deposit,NOUN,1,0,0
organic,ADJ,1,0,0
fleshy,ADJ,1,0,0
fancifully,ADV,1,0,0
umbilicaria,PROPN,1,0,1
labium,NOUN,1,0,0
lap,NOUN,1,0,0
stalactite,ADJ,1,0,0
confluent,NOUN,1,0,0
opposed,ADJ,1,0,0
diffuse,VERB,1,0,0
patent,VERB,1,0,0
champollion,NOUN,1,0,0
decipher,VERB,1,0,0
hieroglyphic,ADJ,1,0,0
exhilarating,ADJ,1,0,0
vineyard,NOUN,1,0,0
excrementitious,ADJ,1,0,0
outward,ADV,1,0,0
flowery,NOUN,1,0,0
purgative,ADJ,1,0,0
fume,NOUN,1,0,0
indigestion,NOUN,1,0,0
swaddling,NOUN,1,0,0
baby,NOUN,1,0,0
curl,NOUN,1,0,0
bald,ADJ,1,0,0
inorganic,ADJ,1,0,0
slag,NOUN,1,0,0
furnace,NOUN,1,0,0
fragment,NOUN,1,0,0
antiquary,NOUN,1,0,0
fossil,NOUN,1,0,0
central,ADJ,1,0,0
parasitic,ADJ,1,0,0
throe,NOUN,1,0,0
plastic,ADJ,1,0,0
dormant,NOUN,1,0,0
quadrupe,VERB,1,0,0
Thaw,PROPN,1,0,1
persuasion,NOUN,1,0,0
Thor,PROPN,1,0,1
withstand,VERB,1,0,0
pinweed,NOUN,1,0,0
hack,NOUN,1,0,0
stemmed,ADJ,1,0,0
unexhausted,ADJ,1,0,0
widow,VERB,1,0,0
wear,NOUN,1,0,0
arching,NOUN,1,0,0
sheaf,NOUN,1,0,0
astronomy,NOUN,1,0,0
antique,ADJ,1,0,0
tenderness,NOUN,1,0,0
fragile,ADJ,1,0,0
delicacy,NOUN,1,0,0
gentleness,NOUN,1,0,0
tress,NOUN,1,0,0
Summer,PROPN,1,0,1
chuckle,VERB,1,0,0
vocal,NOUN,1,0,0
pirouetting,NOUN,1,0,0
defy,VERB,1,0,0
invective,NOUN,1,0,0
warbling,NOUN,1,0,0
chronology,NOUN,1,0,0
carol,NOUN,1,0,0
marsh,ADJ,1,0,0
melting,NOUN,1,0,0
flame,VERB,1,0,0
primitus,PROPN,1,0,1
oritur,PROPN,1,0,1
herba,PROPN,1,0,1
imbribus,PROPN,1,0,1
primoribus,PROPN,1,0,1
ooze,NOUN,1,0,0
identical,ADJ,1,0,0
mower,NOUN,1,0,0
betime,VERB,1,0,0
northerly,ADJ,1,0,0
wider,ADV,1,0,0
char,PROPN,1,0,1
sweeping,ADJ,1,0,0
curve,NOUN,1,0,0
beyond,ADV,1,1,0
sheen,NOUN,1,0,0
leuciscus,NOUN,1,0,0
contrast,NOUN,1,0,0
instantaneous,ADJ,1,0,0
eave,NOUN,1,0,0
sleety,NOUN,1,0,0
Turdus,PROPN,1,0,1
migratorius,NOUN,1,0,0
unrestrained,ADJ,1,0,0
clamor,NOUN,1,0,0
wheel,VERB,1,0,0
flapping,NOUN,1,0,0
commander,NOUN,1,0,0
straight,ADV,1,0,0
plump,NOUN,1,0,0
wake,NOUN,1,0,0
people,VERB,1,0,0
express,NOUN,1,0,0
martin,NOUN,1,0,0
twitter,VERB,1,0,0
peculiarly,ADV,1,0,0
clime,VERB,1,0,0
precursor,NOUN,1,0,0
oscillation,NOUN,1,0,0
Cosmos,PROPN,1,0,1
Chaos,PROPN,1,0,1
realization,NOUN,1,0,0
eurus,NOUN,1,0,0
Auroram,PROPN,1,0,1
Nabathæaque,PROPN,1,0,1
regna,NOUN,1,0,0
recessit,NOUN,1,0,0
Persidaque,PROPN,1,0,1
radiis,PROPN,1,0,1
juga,PROPN,1,0,1
subdita,PROPN,1,0,1
matutini,NOUN,1,0,0
Wind,PROPN,1,0,1
Nabathæan,PROPN,1,0,1
Artificer,PROPN,1,0,1
sunder,VERB,1,0,0
Ether,PROPN,1,0,1
cognate,ADJ,1,0,0
brighten,VERB,1,0,0
befell,VERB,1,0,0
atone,VERB,1,0,0
neglect,NOUN,1,0,0
spre,VERB,1,0,0
vile,ADJ,1,0,0
sinner,NOUN,1,0,0
drunkard,NOUN,1,0,0
despise,VERB,1,0,0
debauch,VERB,1,0,0
holiness,NOUN,1,0,0
rind,NOUN,1,0,0
dismis,VERB,1,0,0
dismiss,VERB,1,0,0
congregation,NOUN,1,0,0
pardon,NOUN,1,0,0
tranquil,NOUN,1,0,0
hatred,NOUN,1,0,0
innate,ADJ,1,0,0
spontaneously,ADV,1,0,0
suppliant,NOUN,1,0,0
eternal,ADJ,1,0,0
placid,ADJ,1,0,0
quake,VERB,1,0,0
underside,NOUN,1,0,0
satin,NOUN,1,0,0
pearly,ADJ,1,0,0
falconry,NOUN,1,0,0
Merlin,PROPN,1,0,1
kite,NOUN,1,0,0
kindred,PROPN,1,0,1
related,ADJ,1,0,0
trimming,NOUN,1,0,0
eyry,NOUN,1,0,0
cliffy,ADJ,1,0,0
cupreous,ADJ,1,0,0
jewel,NOUN,1,0,0
hummock,VERB,1,0,0
willow,VERB,1,0,0
wild,PROPN,1,0,1
river,PROPN,1,0,1
valley,PROPN,1,0,1
sting,NOUN,1,0,0
Grave,PROPN,1,0,1
victory,NOUN,1,0,0
stagnate,VERB,1,0,0
tonic,NOUN,1,0,0
wade,PROPN,1,0,1
bittern,ADJ,1,0,0
unexplorable,ADJ,1,0,0
unsurveyed,ADJ,1,0,0
unfathome,VERB,1,0,0
unfathomable,ADJ,1,0,0
titanic,ADJ,1,0,0
pasture,VERB,1,0,0
vulture,NOUN,1,0,0
disgust,VERB,1,0,0
dishearten,VERB,1,0,0
repast,NOUN,1,0,0
assurance,NOUN,1,0,0
inviolable,ADJ,1,0,0
rife,ADJ,1,0,0
prey,VERB,1,0,0
squash,VERB,1,0,0
heron,VERB,1,0,0
gobble,VERB,1,0,0
Poison,PROPN,1,0,1
poisonous,ADJ,1,0,0
untenable,ADJ,1,0,0
expeditious,ADJ,1,0,0
pleading,NOUN,1,0,0
fourth,NOUN,1,0,0
chewink,NOUN,1,0,0
cavern,NOUN,1,0,0
clinched,ADJ,1,0,0
sulphur,NOUN,1,0,0
pollen,NOUN,1,0,0
ful,ADJ,1,0,0
sulphur,PROPN,1,0,1
Calidas,PROPN,1,0,1
Sacontala,PROPN,1,0,1
dye,VERB,1,0,0
lotus,NOUN,1,0,0
ramble,NOUN,1,0,0
sick,NOUN,1,0,0
thank,NOUN,1,0,0
buck,NOUN,1,0,0
mocking,NOUN,1,0,0
cosmopolite,NOUN,1,0,0
Ohio,PROPN,1,0,1
plume,VERB,1,0,0
bayou,NOUN,1,0,0
crop,VERB,1,0,0
Colorado,PROPN,1,0,1
Yellowstone,PROPN,1,0,1
tafferel,NOUN,1,0,0
craft,NOUN,1,0,0
oakum,ADJ,1,0,0
correspondent,NOUN,1,0,0
voyaging,NOUN,1,0,0
chase,VERB,1,0,0
woodcock,NOUN,1,0,0
undiscovered,ADJ,1,0,0
cosmography,NOUN,1,0,0
interior,ADJ,1,0,0
white,NOUN,1,0,0
chart,NOUN,1,0,0
Niger,PROPN,1,0,1
Grinnell,PROPN,1,0,1
Mungo,PROPN,1,0,1
Park,PROPN,1,0,1
Lewis,PROPN,1,0,1
Clarke,PROPN,1,0,1
Frobisher,PROPN,1,0,1
shipload,NOUN,1,0,0
preserved,ADJ,1,0,0
can,NOUN,1,0,0
Columbus,PROPN,1,0,1
realm,NOUN,1,0,0
Czar,PROPN,1,0,1
patriotic,ADJ,1,0,0
Exploring,PROPN,1,0,1
Expedition,PROPN,1,0,1
recognition,NOUN,1,0,0
isthmus,NOUN,1,0,0
cannibal,NOUN,1,0,0
Ocean,PROPN,1,0,1
Erret,PROPN,1,0,1
extremos,PROPN,1,0,1
alter,PROPN,1,0,1
scrutetur,PROPN,1,0,1
Iberos,PROPN,1,0,1
habet,VERB,1,0,0
hic,ADJ,1,0,0
vitæ,NOUN,1,0,0
habet,PROPN,1,0,1
ille,PROPN,1,0,1
viæ,PROPN,1,0,1
scrutinize,VERB,1,0,0
Australians,PROPN,1,0,1
Zanzibar,PROPN,1,0,1
symme,NOUN,1,0,0
Hole,PROPN,1,0,1
Portugal,PROPN,1,0,1
Gold,PROPN,1,0,1
Sphinx,PROPN,1,0,1
Herein,PROPN,1,1,1
defeated,ADJ,1,0,0
deserter,NOUN,1,0,0
coward,NOUN,1,0,0
enlist,VERB,1,0,0
Japan,PROPN,1,0,1
tangent,NOUN,1,0,0
sun,PROPN,1,0,1
Mirabeau,PROPN,1,0,1
saner,NOUN,1,0,0
test,VERB,1,0,0
insensibly,ADV,1,0,0
impressible,ADJ,1,0,0
worn,ADJ,1,0,0
deck,NOUN,1,0,0
confidently,ADV,1,0,0
solitude,ADJ,1,0,0
Bright,PROPN,1,0,1
vagant,ADJ,1,0,0
adequate,ADJ,1,0,0
vagance,NOUN,1,0,0
yarde,VERB,1,0,0
extravagant,ADJ,1,0,0
convinced,ADJ,1,0,0
laxly,ADJ,1,0,0
undefined,ADJ,1,0,0
dim,NOUN,1,0,0
misty,NOUN,1,0,0
insensible,ADJ,1,0,0
volatile,ADJ,1,0,0
inadequacy,NOUN,1,0,0
residual,ADJ,1,0,0
literal,ADJ,1,0,0
fragrant,ADJ,1,0,0
frankincense,NOUN,1,0,0
commonest,NOUN,1,0,0
snore,VERB,1,0,0
witted,ADJ,1,0,0
Kabir,PROPN,1,0,1
exoteric,ADJ,1,0,0
interpretation,NOUN,1,0,0
widely,ADV,1,0,0
object,VERB,1,0,0
envelop,VERB,1,0,0
Americans,PROPN,1,0,1
modern,NOUN,1,0,0
dwarf,NOUN,1,0,0
Elizabethan,PROPN,1,0,1
lion,NOUN,1,0,0
drummer,NOUN,1,0,0
ethereal,NOUN,1,0,0
disposed,ADJ,1,0,0
perfection,NOUN,1,0,0
unsuitable,ADJ,1,0,0
search,VERB,1,0,0
singleness,NOUN,1,0,0
endow,VERB,1,0,0
compromise,NOUN,1,0,0
mound,NOUN,1,0,0
Candahars,PROPN,1,0,1
Kalpa,PROPN,1,0,1
ferrule,NOUN,1,0,0
stroke,NOUN,1,0,0
fairest,NOUN,1,0,0
scintillation,NOUN,1,0,0
inflame,VERB,1,0,0
tinder,NOUN,1,0,0
stead,VERB,1,0,0
infirmity,NOUN,1,0,0
doubly,ADV,1,0,0
Tom,PROPN,1,0,1
Hyde,PROPN,1,0,1
tinker,NOUN,1,0,0
gallow,NOUN,1,0,0
shun,VERB,1,0,0
finder,NOUN,1,0,0
paradise,NOUN,1,0,0
thrilling,NOUN,1,0,0
brightly,ADV,1,0,0
contentedly,ADV,1,0,0
dishonest,ADJ,1,0,0
disreputable,ADJ,1,0,0
general,NOUN,1,0,0
disorder,NOUN,1,0,0
Crœsus,PROPN,1,0,1
restrict,VERB,1,0,0
starch,NOUN,1,0,0
sweetest,ADJ,1,0,0
trifl,ADJ,1,0,0
leaden,ADJ,1,0,0
confused,ADJ,1,0,0
notability,NOUN,1,0,0
Daily,PROPN,1,0,1
California,PROPN,1,0,1
Indies,PROPN,1,0,1
Hon,PROPN,1,0,1
Georgia,PROPN,1,0,1
Mameluke,PROPN,1,0,1
bey,NOUN,1,0,0
pomp,NOUN,1,0,0
nervous,ADJ,1,0,0
bustling,ADJ,1,0,0
Nineteenth,PROPN,1,0,1
Century,PROPN,1,0,1
committee,NOUN,1,0,0
president,NOUN,1,0,0
gravitate,VERB,1,0,0
kittly,ADV,1,0,0
bender,NOUN,1,0,0
presently,ADV,1,0,0
furring,NOUN,1,0,0
putty,NOUN,1,0,0
clinch,VERB,1,0,0
invoke,VERB,1,0,0
rivet,NOUN,1,0,0
obsequious,ADJ,1,0,0
attendance,NOUN,1,0,0
inhospitable,ADJ,1,0,0
portico,NOUN,1,0,0
meekness,NOUN,1,0,0
aforethought,PROPN,1,0,1
complacency,NOUN,1,0,0
congratulate,VERB,1,0,0
illustrious,ADJ,1,0,0
descent,NOUN,1,0,0
Records,PROPN,1,0,1
Philosophical,PROPN,1,0,1
Societies,PROPN,1,0,1
Eulogies,PROPN,1,0,1
Men,PROPN,1,0,1
experimentalist,NOUN,1,0,0
itch,NOUN,1,0,0
pellicle,NOUN,1,0,0
delve,VERB,1,0,0
Benefactor,PROPN,1,0,1
Intelligence,PROPN,1,0,1
dulness,NOUN,1,0,0
nasal,ADJ,1,0,0
twang,NOUN,1,0,0
Britain,PROPN,1,0,1
flood,VERB,1,0,0
eventful,ADJ,1,0,0
inland,VERB,1,0,0
resurrection,NOUN,1,0,0
strengthen,VERB,1,0,0
concentric,ADJ,1,0,0
woodenness,NOUN,1,0,0
dead,ADV,1,0,0
alburnum,NOUN,1,0,0
season,VERB,1,0,0
astonished,ADJ,1,0,0
festive,ADJ,1,0,0
handselled,ADJ,1,0,0
END,PROPN,1,0,1
heartily,ADV,1,0,0
inexpedient,ADJ,1,0,0
pervert,VERB,1,0,0
outset,NOUN,1,0,0
unimpaire,VERB,1,0,0
further,VERB,1,0,0
alacrity,NOUN,1,0,0
inherent,ADJ,1,0,0
rubber,NOUN,1,0,0
bounce,VERB,1,0,0
rule,VERB,1,0,0
fairest,ADV,1,0,0
physically,ADV,1,0,0
virtually,ADV,1,0,0
Law,PROPN,1,0,1
whit,NOUN,1,0,0
colonel,NOUN,1,0,0
corporal,ADJ,1,0,0
private,NOUN,1,0,0
march,VERB,1,0,0
dale,ADJ,1,0,0
aye,ADJ,1,0,0
marching,NOUN,1,0,0
palpitation,NOUN,1,0,0
damnable,ADJ,1,0,0
peaceably,ADV,1,0,0
movable,NOUN,1,0,0
magazine,NOUN,1,0,0
unscrupulous,ADJ,1,0,0
Navy,PROPN,1,0,1
Yard,PROPN,1,0,1
marine,NOUN,1,0,0
corpse,NOUN,1,0,0
rampart,NOUN,1,0,0
farewell,NOUN,1,0,0
militia,NOUN,1,0,0
constable,NOUN,1,0,0
posse,NOUN,1,0,0
comitatus,NOUN,1,0,0
judgment,NOUN,1,0,0
manufacture,VERB,1,0,0
martyr,NOUN,1,0,0
propertie,VERB,1,0,0
secondary,ADJ,1,0,0
sovereign,ADJ,1,0,0
recognize,NOUN,1,0,0
tyranny,NOUN,1,0,0
inefficiency,NOUN,1,0,0
unendurable,ADJ,1,0,0
probable,ADJ,1,0,0
counter,NOUN,1,0,0
oppression,NOUN,1,0,0
conquer,VERB,1,0,0
rebel,VERB,1,0,0
revolutionize,VERB,1,0,0
urgent,ADJ,1,0,0
invade,VERB,1,0,0
chapter,NOUN,1,0,0
Submission,PROPN,1,0,1
inconveniency,NOUN,1,0,0
established,ADJ,1,0,0
resistance,NOUN,1,0,0
computation,NOUN,1,0,0
grievance,NOUN,1,0,0
probability,NOUN,1,0,0
redress,VERB,1,0,0
wrest,VERB,1,0,0
drab,NOUN,1,0,0
slut,NOUN,1,0,0
opponent,NOUN,1,0,0
co,VERB,1,0,0
unprepared,ADJ,1,0,0
leaven,VERB,1,0,0
oppose,VERB,1,0,0
postpone,VERB,1,0,0
countenance,NOUN,1,0,0
Godspeed,PROPN,1,0,1
temporary,ADJ,1,0,0
guardian,NOUN,1,0,0
gaming,NOUN,1,0,0
chequer,NOUN,1,0,0
backgammon,NOUN,1,0,0
playing,NOUN,1,0,0
bet,VERB,1,0,0
voter,NOUN,1,0,0
stake,VERB,1,0,0
vitally,ADV,1,0,0
vote,VERB,1,0,0
feebly,ADV,1,0,0
slavery,VERB,1,0,0
abolish,VERB,1,0,0
Baltimore,PROPN,1,0,1
selection,NOUN,1,0,0
decision,NOUN,1,0,0
demagogue,NOUN,1,0,0
unprincipled,ADJ,1,0,0
foreigner,NOUN,1,0,0
hireling,PROPN,1,0,1
inducement,NOUN,1,0,0
Odd,PROPN,1,0,1
gregariousness,NOUN,1,0,0
lack,NOUN,1,0,0
lawfully,ADV,1,0,0
virile,ADJ,1,0,0
garb,NOUN,1,0,0
widow,NOUN,1,0,0
Mutual,PROPN,1,0,1
eradication,NOUN,1,0,0
insurrection,NOUN,1,0,0
march,PROPN,1,0,1
penitent,ADJ,1,0,0
scourge,VERB,1,0,0
Order,PROPN,1,0,1
immoral,ADJ,1,0,0
un,PROPN,1,0,1
moral,PROPN,1,0,1
prevalent,ADJ,1,0,0
disinterested,ADJ,1,0,0
disapprove,VERB,1,0,0
supporter,NOUN,1,0,0
President,PROPN,1,0,1
quota,NOUN,1,0,0
treasury,NOUN,1,0,0
aggrieve,VERB,1,0,0
revolutionary,ADJ,1,0,0
aye,NOUN,1,0,0
diabolical,ADJ,1,0,0
divine,NOUN,1,0,0
content,ADJ,1,0,0
amend,VERB,1,0,0
apt,ADJ,1,0,0
crucify,VERB,1,0,0
excommunicate,VERB,1,0,0
Copernicus,PROPN,1,0,1
pronounce,NOUN,1,0,0
rebel,NOUN,1,0,0
deliberate,ADJ,1,0,0
denial,NOUN,1,0,0
proportionate,ADJ,1,0,0
unlimited,ADJ,1,0,0
discretion,NOUN,1,0,0
pulley,NOUN,1,0,0
crank,NOUN,1,0,0
counter,ADJ,1,0,0
Governor,PROPN,1,0,1
petition,NOUN,1,0,0
stubborn,ADJ,1,0,0
unconcilliatory,ADJ,1,0,0
convulse,VERB,1,0,0
abolitionist,NOUN,1,0,0
representative,NOUN,1,0,0
posture,NOUN,1,0,0
parchment,NOUN,1,0,0
maniac,NOUN,1,0,0
disturber,NOUN,1,0,0
neighborliness,NOUN,1,0,0
impetuous,ADJ,1,0,0
copartnership,NOUN,1,0,0
therefor,NOUN,1,0,0
settlement,NOUN,1,0,0
Council,PROPN,1,0,1
Chamber,PROPN,1,0,1
Carolina,PROPN,1,0,1
foist,VERB,1,0,0
inhospitality,NOUN,1,0,0
quarrel,NOUN,1,0,0
desponding,ADJ,1,0,0
mexican,ADJ,1,0,0
honorable,ADJ,1,0,0
eloquently,ADV,1,0,0
effectively,ADV,1,0,0
combat,VERB,1,0,0
powerless,ADJ,1,0,0
clog,VERB,1,0,0
bloody,ADJ,1,0,0
violence,NOUN,1,0,0
peaceable,ADJ,1,0,0
manhood,NOUN,1,0,0
flow,NOUN,1,0,0
bleed,VERB,1,0,0
imprisonment,NOUN,1,0,0
offender,NOUN,1,0,0
seizure,NOUN,1,0,0
consequently,ADV,1,0,0
scheme,NOUN,1,0,0
Herodians,PROPN,1,0,1
tribute,NOUN,1,0,0
seriousness,NOUN,1,0,0
tranquillity,NOUN,1,0,0
dread,VERB,1,0,0
rely,VERB,1,0,0
Turkey,PROPN,1,0,1
turkish,ADJ,1,0,0
confucius,NOUN,1,0,0
endanger,VERB,1,0,0
behalf,NOUN,1,0,0
clergyman,NOUN,1,0,0
lyceum,NOUN,1,0,0
condescend,VERB,1,0,0
incorporated,ADJ,1,0,0
presumption,NOUN,1,0,0
poll,NOUN,1,0,0
foolishness,NOUN,1,0,0
threat,NOUN,1,0,0
industriously,ADV,1,0,0
let,NOUN,1,0,0
confront,VERB,1,0,0
strait,NOUN,1,0,0
snivel,VERB,1,0,0
responsible,ADJ,1,0,0
acorn,ADJ,1,0,0
chat,NOUN,1,0,0
mate,NOUN,1,0,0
whitewash,VERB,1,0,0
accuse,VERB,1,0,0
domesticated,ADJ,1,0,0
grate,NOUN,1,0,0
quite,DET,1,1,0
pump,VERB,1,0,0
strike,NOUN,1,0,0
Rhine,PROPN,1,0,1
knight,NOUN,1,0,0
burgher,NOUN,1,0,0
involuntary,ADJ,1,0,0
auditor,NOUN,1,0,0
shire,NOUN,1,0,0
tin,NOUN,1,0,0
pint,NOUN,1,0,0
chocolate,NOUN,1,0,0
hay,VERB,1,0,0
whither,NOUN,1,1,0
bid,VERB,1,0,0
effect,VERB,1,0,0
Chinamen,PROPN,1,0,1
Malays,PROPN,1,0,1
harshly,ADV,1,0,0
debtor,NOUN,1,0,0
conduct,NOUN,1,0,0
Prisons,PROPN,1,0,1
musket,NOUN,1,0,0
mistaken,ADJ,1,0,0
bias,VERB,1,0,0
personal,ADJ,1,0,0
retract,VERB,1,0,0
obstinately,ADV,1,0,0
inanimate,VERB,1,0,0
instantaneously,ADV,1,0,0
blame,VERB,1,0,0
Mussulman,PROPN,1,0,1
fatalist,NOUN,1,0,0
pretext,NOUN,1,0,0
alienate,VERB,1,0,0
Matter,PROPN,1,0,1
statesman,NOUN,1,0,0
nakedly,ADV,1,0,0
resting,NOUN,1,0,0
discrimination,NOUN,1,0,0
ingenious,ADJ,1,0,0
usefulness,NOUN,1,0,0
legislate,VERB,1,0,0
consistent,ADJ,1,0,0
Defender,PROPN,1,0,1
defensive,ADJ,1,0,0
follower,NOUN,1,0,0
acuteness,NOUN,1,0,0
behove,VERB,1,0,0
constituent,NOUN,1,0,0
propriety,NOUN,1,0,0
trickle,VERB,1,0,0
gird,ADJ,1,0,0
loin,NOUN,1,0,0
pilgrimage,NOUN,1,0,0
eloquent,ADJ,1,0,0
speaker,NOUN,1,0,0
taxation,NOUN,1,0,0
finance,NOUN,1,0,0
manufacture,NOUN,1,0,0
wordy,ADJ,1,0,0
uncorrecte,VERB,1,0,0
seasonable,ADJ,1,0,0
Testament,PROPN,1,0,1
strictly,ADV,1,0,0
consent,NOUN,1,0,0
governed,ADJ,1,0,0
concede,VERB,1,0,0
towards,ADP,1,1,0
inconsistent,ADJ,1,0,0
meddle,VERB,1,0,0
replace,VERB,1,0,0
rename,VERB,1,0,0
Terms,PROPN,1,0,1
PROJECT,PROPN,1,0,1
modify,VERB,1,0,0
please,NOUN,1,1,0
online,ADV,1,0,0
Redistributing,PROPN,1,0,1
PGLAF,PROPN,1,0,1
compilation,NOUN,1,0,0
unprotected,ADJ,1,0,0
copyright,ADJ,1,0,0
download,VERB,1,0,0
copying,NOUN,1,0,0
representation,NOUN,1,0,0
access,VERB,1,0,0
unlink,VERB,1,0,0
detach,NOUN,1,0,0
display,NOUN,1,0,0
perform,NOUN,1,0,0
binary,ADJ,1,0,0
compress,VERB,1,0,0
nonproprietary,ADJ,1,0,0
proprietary,ADJ,1,0,0
processing,NOUN,1,0,0
hypertext,NOUN,1,0,0
Plain,PROPN,1,0,1
version,NOUN,1,0,0
means,NOUN,1,0,0
alternate,ADJ,1,0,0
periodic,ADJ,1,0,0
e,NOUN,1,0,0
mail,NOUN,1,0,0
s,PROPN,1,0,1
discontinue,VERB,1,0,0
group,NOUN,1,0,0
contact,VERB,1,0,0
expend,VERB,1,0,0
transcribe,VERB,1,0,0
proofread,ADV,1,0,0
despite,SCONJ,1,0,0
incomplete,ADJ,1,0,0
inaccurate,NOUN,1,0,0
datum,NOUN,1,0,0
transcription,NOUN,1,0,0
infringement,NOUN,1,0,0
damage,VERB,1,0,0
DISCLAIMER,PROPN,1,0,1
DAMAGES,PROPN,1,0,1
Replacement,PROPN,1,0,1
Refund,PROPN,1,0,1
disclaim,VERB,1,0,0
negligence,NOUN,1,0,0
STRICT,PROPN,1,0,1
LIABILITY,PROPN,1,0,1
CONTRACT,PROPN,1,0,1
provided,NOUN,1,0,0
PARAGRAPH,PROPN,1,0,1
FOUNDATION,PROPN,1,0,1
TRADEMARK,PROPN,1,0,1
OWNER,PROPN,1,0,1
distributor,NOUN,1,0,0
liable,NOUN,1,0,0
ACTUAL,PROPN,1,0,1
DIRECT,PROPN,1,0,1
INDIRECT,PROPN,1,0,1
CONSEQUENTIAL,PROPN,1,0,1
PUNITIVE,PROPN,1,0,1
or,NOUN,1,1,0
incidental,ADV,1,0,0
damages,ADJ,1,0,0
such,NOUN,1,1,0
DAMAGE,PROPN,1,0,1
REPLACEMENT,PROPN,1,0,1
elect,VERB,1,0,0
as,X,1,1,0
NO,PROPN,1,1,1
EXPRESS,PROPN,1,0,1
implied,NOUN,1,0,0
MERCHANTABILITY,PROPN,1,0,1
FITNESS,PROPN,1,0,1
PURPOSE,PROPN,1,0,1
violate,VERB,1,0,0
maximum,ADJ,1,0,0
invalidity,NOUN,1,0,0
unenforceability,NOUN,1,0,0
void,VERB,1,0,0
INDEMNITY,PROPN,1,0,1
indemnify,VERB,1,0,0
promotion,NOUN,1,0,0
alteration,NOUN,1,0,0
modification,NOUN,1,0,0
deletion,NOUN,1,0,0
c,NOUN,1,0,0
Mission,PROPN,1,0,1
obsolete,ADJ,1,0,0
aged,ADJ,1,0,0
hundred,NOUN,1,0,0
financial,ADJ,1,0,0
ensure,VERB,1,0,0
secure,NOUN,1,0,0
Sections,PROPN,1,0,1
profit,ADJ,1,0,0
educational,ADJ,1,0,0
Internal,PROPN,1,0,1
Revenue,PROPN,1,0,1
Service,PROPN,1,0,1
EIN,PROPN,1,0,1
identification,NOUN,1,0,0
deductible,ADJ,1,0,0
Watchung,PROPN,1,0,1
Plaza,PROPN,1,0,1
Montclair,PROPN,1,0,1
NJ,PROPN,1,0,1
USA,PROPN,1,0,1
Donations,PROPN,1,0,1
widespread,ADJ,1,0,0
license,VERB,1,0,0
array,NOUN,1,0,0
outdated,ADJ,1,0,0
IRS,PROPN,1,0,1
paperwork,NOUN,1,0,0
confirmation,NOUN,1,0,0
SEND,PROPN,1,0,1
solicitation,NOUN,1,0,0
prohibition,NOUN,1,0,0
unsolicited,ADJ,1,0,0
donor,NOUN,1,0,0
international,ADJ,1,0,0
gratefully,ADV,1,0,0
treatment,NOUN,1,0,0
check,NOUN,1,0,0
online,ADJ,1,0,0
Information,PROPN,1,0,1
Professor,PROPN,1,0,1
Hart,PROPN,1,0,1
originator,NOUN,1,0,0
network,NOUN,1,0,0
PG,PROPN,1,0,1
facility,NOUN,1,0,0
newsletter,NOUN,1,0,0
Economy,PROPN,1,0,1
